Date,Year,Quarter,Quarter_Year,Month_Number,Month_Name,Month_Short,Year_Month,Year_Month_Sort,Day_of_Month,Day_of_Week,Day_of_Week_Short,Day_of_Week_Number,Is_Weekend,Is_Trading_Day
2010-01-01,2010,Q1,Q1 2010,1,January,Jan,2010-01,201001,1,Friday,Fri,5,0,0
2010-01-02,2010,Q1,Q1 2010,1,January,Jan,2010-01,201001,2,Saturday,Sat,6,1,0
2010-01-03,2010,Q1,Q1 2010,1,January,Jan,2010-01,201001,3,Sunday,Sun,7,1,0
2010-01-04,2010,Q1,Q1 2010,1,January,Jan,2010-01,201001,4,Monday,Mon,1,0,1
2010-01-05,2010,Q1,Q1 2010,1,January,Jan,2010-01,201001,5,Tuesday,Tue,2,0,1
2010-01-06,2010,Q1,Q1 2010,1,January,Jan,2010-01,201001,6,Wednesday,Wed,3,0,1
2010-01-07,2010,Q1,Q1 2010,1,January,Jan,2010-01,201001,7,Thursday,Thu,4,0,1
2010-01-08,2010,Q1,Q1 2010,1,January,Jan,2010-01,201001,8,Friday,Fri,5,0,1
2010-01-09,2010,Q1,Q1 2010,1,January,Jan,2010-01,201001,9,Saturday,Sat,6,1,0
2010-01-10,2010,Q1,Q1 2010,1,January,Jan,2010-01,201001,10,Sunday,Sun,7,1,0
2010-01-11,2010,Q1,Q1 2010,1,January,Jan,2010-01,201001,11,Monday,Mon,1,0,1
2010-01-12,2010,Q1,Q1 2010,1,January,Jan,2010-01,201001,12,Tuesday,Tue,2,0,1
2010-01-13,2010,Q1,Q1 2010,1,January,Jan,2010-01,201001,13,Wednesday,Wed,3,0,1
2010-01-14,2010,Q1,Q1 2010,1,January,Jan,2010-01,201001,14,Thursday,Thu,4,0,1
2010-01-15,2010,Q1,Q1 2010,1,January,Jan,2010-01,201001,15,Friday,Fri,5,0,1
2010-01-16,2010,Q1,Q1 2010,1,January,Jan,2010-01,201001,16,Saturday,Sat,6,1,0
2010-01-17,2010,Q1,Q1 2010,1,January,Jan,2010-01,201001,17,Sunday,Sun,7,1,0
2010-01-18,2010,Q1,Q1 2010,1,January,Jan,2010-01,201001,18,Monday,Mon,1,0,1
2010-01-19,2010,Q1,Q1 2010,1,January,Jan,2010-01,201001,19,Tuesday,Tue,2,0,1
2010-01-20,2010,Q1,Q1 2010,1,January,Jan,2010-01,201001,20,Wednesday,Wed,3,0,1
2010-01-21,2010,Q1,Q1 2010,1,January,Jan,2010-01,201001,21,Thursday,Thu,4,0,1
2010-01-22,2010,Q1,Q1 2010,1,January,Jan,2010-01,201001,22,Friday,Fri,5,0,1
2010-01-23,2010,Q1,Q1 2010,1,January,Jan,2010-01,201001,23,Saturday,Sat,6,1,0
2010-01-24,2010,Q1,Q1 2010,1,January,Jan,2010-01,201001,24,Sunday,Sun,7,1,0
2010-01-25,2010,Q1,Q1 2010,1,January,Jan,2010-01,201001,25,Monday,Mon,1,0,1
2010-01-26,2010,Q1,Q1 2010,1,January,Jan,2010-01,201001,26,Tuesday,Tue,2,0,0
2010-01-27,2010,Q1,Q1 2010,1,January,Jan,2010-01,201001,27,Wednesday,Wed,3,0,1
2010-01-28,2010,Q1,Q1 2010,1,January,Jan,2010-01,201001,28,Thursday,Thu,4,0,1
2010-01-29,2010,Q1,Q1 2010,1,January,Jan,2010-01,201001,29,Friday,Fri,5,0,1
2010-01-30,2010,Q1,Q1 2010,1,January,Jan,2010-01,201001,30,Saturday,Sat,6,1,0
2010-01-31,2010,Q1,Q1 2010,1,January,Jan,2010-01,201001,31,Sunday,Sun,7,1,0
2010-02-01,2010,Q1,Q1 2010,2,February,Feb,2010-02,201002,1,Monday,Mon,1,0,1
2010-02-02,2010,Q1,Q1 2010,2,February,Feb,2010-02,201002,2,Tuesday,Tue,2,0,1
2010-02-03,2010,Q1,Q1 2010,2,February,Feb,2010-02,201002,3,Wednesday,Wed,3,0,1
2010-02-04,2010,Q1,Q1 2010,2,February,Feb,2010-02,201002,4,Thursday,Thu,4,0,1
2010-02-05,2010,Q1,Q1 2010,2,February,Feb,2010-02,201002,5,Friday,Fri,5,0,1
2010-02-06,2010,Q1,Q1 2010,2,February,Feb,2010-02,201002,6,Saturday,Sat,6,1,0
2010-02-07,2010,Q1,Q1 2010,2,February,Feb,2010-02,201002,7,Sunday,Sun,7,1,0
2010-02-08,2010,Q1,Q1 2010,2,February,Feb,2010-02,201002,8,Monday,Mon,1,0,1
2010-02-09,2010,Q1,Q1 2010,2,February,Feb,2010-02,201002,9,Tuesday,Tue,2,0,1
2010-02-10,2010,Q1,Q1 2010,2,February,Feb,2010-02,201002,10,Wednesday,Wed,3,0,1
2010-02-11,2010,Q1,Q1 2010,2,February,Feb,2010-02,201002,11,Thursday,Thu,4,0,1
2010-02-12,2010,Q1,Q1 2010,2,February,Feb,2010-02,201002,12,Friday,Fri,5,0,0
2010-02-13,2010,Q1,Q1 2010,2,February,Feb,2010-02,201002,13,Saturday,Sat,6,1,0
2010-02-14,2010,Q1,Q1 2010,2,February,Feb,2010-02,201002,14,Sunday,Sun,7,1,0
2010-02-15,2010,Q1,Q1 2010,2,February,Feb,2010-02,201002,15,Monday,Mon,1,0,1
2010-02-16,2010,Q1,Q1 2010,2,February,Feb,2010-02,201002,16,Tuesday,Tue,2,0,1
2010-02-17,2010,Q1,Q1 2010,2,February,Feb,2010-02,201002,17,Wednesday,Wed,3,0,1
2010-02-18,2010,Q1,Q1 2010,2,February,Feb,2010-02,201002,18,Thursday,Thu,4,0,1
2010-02-19,2010,Q1,Q1 2010,2,February,Feb,2010-02,201002,19,Friday,Fri,5,0,1
2010-02-20,2010,Q1,Q1 2010,2,February,Feb,2010-02,201002,20,Saturday,Sat,6,1,0
2010-02-21,2010,Q1,Q1 2010,2,February,Feb,2010-02,201002,21,Sunday,Sun,7,1,0
2010-02-22,2010,Q1,Q1 2010,2,February,Feb,2010-02,201002,22,Monday,Mon,1,0,1
2010-02-23,2010,Q1,Q1 2010,2,February,Feb,2010-02,201002,23,Tuesday,Tue,2,0,1
2010-02-24,2010,Q1,Q1 2010,2,February,Feb,2010-02,201002,24,Wednesday,Wed,3,0,1
2010-02-25,2010,Q1,Q1 2010,2,February,Feb,2010-02,201002,25,Thursday,Thu,4,0,1
2010-02-26,2010,Q1,Q1 2010,2,February,Feb,2010-02,201002,26,Friday,Fri,5,0,1
2010-02-27,2010,Q1,Q1 2010,2,February,Feb,2010-02,201002,27,Saturday,Sat,6,1,0
2010-02-28,2010,Q1,Q1 2010,2,February,Feb,2010-02,201002,28,Sunday,Sun,7,1,0
2010-03-01,2010,Q1,Q1 2010,3,March,Mar,2010-03,201003,1,Monday,Mon,1,0,0
2010-03-02,2010,Q1,Q1 2010,3,March,Mar,2010-03,201003,2,Tuesday,Tue,2,0,1
2010-03-03,2010,Q1,Q1 2010,3,March,Mar,2010-03,201003,3,Wednesday,Wed,3,0,1
2010-03-04,2010,Q1,Q1 2010,3,March,Mar,2010-03,201003,4,Thursday,Thu,4,0,1
2010-03-05,2010,Q1,Q1 2010,3,March,Mar,2010-03,201003,5,Friday,Fri,5,0,1
2010-03-06,2010,Q1,Q1 2010,3,March,Mar,2010-03,201003,6,Saturday,Sat,6,1,0
2010-03-07,2010,Q1,Q1 2010,3,March,Mar,2010-03,201003,7,Sunday,Sun,7,1,0
2010-03-08,2010,Q1,Q1 2010,3,March,Mar,2010-03,201003,8,Monday,Mon,1,0,1
2010-03-09,2010,Q1,Q1 2010,3,March,Mar,2010-03,201003,9,Tuesday,Tue,2,0,1
2010-03-10,2010,Q1,Q1 2010,3,March,Mar,2010-03,201003,10,Wednesday,Wed,3,0,1
2010-03-11,2010,Q1,Q1 2010,3,March,Mar,2010-03,201003,11,Thursday,Thu,4,0,1
2010-03-12,2010,Q1,Q1 2010,3,March,Mar,2010-03,201003,12,Friday,Fri,5,0,1
2010-03-13,2010,Q1,Q1 2010,3,March,Mar,2010-03,201003,13,Saturday,Sat,6,1,0
2010-03-14,2010,Q1,Q1 2010,3,March,Mar,2010-03,201003,14,Sunday,Sun,7,1,0
2010-03-15,2010,Q1,Q1 2010,3,March,Mar,2010-03,201003,15,Monday,Mon,1,0,1
2010-03-16,2010,Q1,Q1 2010,3,March,Mar,2010-03,201003,16,Tuesday,Tue,2,0,1
2010-03-17,2010,Q1,Q1 2010,3,March,Mar,2010-03,201003,17,Wednesday,Wed,3,0,1
2010-03-18,2010,Q1,Q1 2010,3,March,Mar,2010-03,201003,18,Thursday,Thu,4,0,1
2010-03-19,2010,Q1,Q1 2010,3,March,Mar,2010-03,201003,19,Friday,Fri,5,0,1
2010-03-20,2010,Q1,Q1 2010,3,March,Mar,2010-03,201003,20,Saturday,Sat,6,1,0
2010-03-21,2010,Q1,Q1 2010,3,March,Mar,2010-03,201003,21,Sunday,Sun,7,1,0
2010-03-22,2010,Q1,Q1 2010,3,March,Mar,2010-03,201003,22,Monday,Mon,1,0,1
2010-03-23,2010,Q1,Q1 2010,3,March,Mar,2010-03,201003,23,Tuesday,Tue,2,0,1
2010-03-24,2010,Q1,Q1 2010,3,March,Mar,2010-03,201003,24,Wednesday,Wed,3,0,0
2010-03-25,2010,Q1,Q1 2010,3,March,Mar,2010-03,201003,25,Thursday,Thu,4,0,1
2010-03-26,2010,Q1,Q1 2010,3,March,Mar,2010-03,201003,26,Friday,Fri,5,0,1
2010-03-27,2010,Q1,Q1 2010,3,March,Mar,2010-03,201003,27,Saturday,Sat,6,1,0
2010-03-28,2010,Q1,Q1 2010,3,March,Mar,2010-03,201003,28,Sunday,Sun,7,1,0
2010-03-29,2010,Q1,Q1 2010,3,March,Mar,2010-03,201003,29,Monday,Mon,1,0,1
2010-03-30,2010,Q1,Q1 2010,3,March,Mar,2010-03,201003,30,Tuesday,Tue,2,0,1
2010-03-31,2010,Q1,Q1 2010,3,March,Mar,2010-03,201003,31,Wednesday,Wed,3,0,1
2010-04-01,2010,Q2,Q2 2010,4,April,Apr,2010-04,201004,1,Thursday,Thu,4,0,1
2010-04-02,2010,Q2,Q2 2010,4,April,Apr,2010-04,201004,2,Friday,Fri,5,0,0
2010-04-03,2010,Q2,Q2 2010,4,April,Apr,2010-04,201004,3,Saturday,Sat,6,1,0
2010-04-04,2010,Q2,Q2 2010,4,April,Apr,2010-04,201004,4,Sunday,Sun,7,1,0
2010-04-05,2010,Q2,Q2 2010,4,April,Apr,2010-04,201004,5,Monday,Mon,1,0,1
2010-04-06,2010,Q2,Q2 2010,4,April,Apr,2010-04,201004,6,Tuesday,Tue,2,0,1
2010-04-07,2010,Q2,Q2 2010,4,April,Apr,2010-04,201004,7,Wednesday,Wed,3,0,1
2010-04-08,2010,Q2,Q2 2010,4,April,Apr,2010-04,201004,8,Thursday,Thu,4,0,1
2010-04-09,2010,Q2,Q2 2010,4,April,Apr,2010-04,201004,9,Friday,Fri,5,0,1
2010-04-10,2010,Q2,Q2 2010,4,April,Apr,2010-04,201004,10,Saturday,Sat,6,1,0
2010-04-11,2010,Q2,Q2 2010,4,April,Apr,2010-04,201004,11,Sunday,Sun,7,1,0
2010-04-12,2010,Q2,Q2 2010,4,April,Apr,2010-04,201004,12,Monday,Mon,1,0,1
2010-04-13,2010,Q2,Q2 2010,4,April,Apr,2010-04,201004,13,Tuesday,Tue,2,0,1
2010-04-14,2010,Q2,Q2 2010,4,April,Apr,2010-04,201004,14,Wednesday,Wed,3,0,0
2010-04-15,2010,Q2,Q2 2010,4,April,Apr,2010-04,201004,15,Thursday,Thu,4,0,1
2010-04-16,2010,Q2,Q2 2010,4,April,Apr,2010-04,201004,16,Friday,Fri,5,0,1
2010-04-17,2010,Q2,Q2 2010,4,April,Apr,2010-04,201004,17,Saturday,Sat,6,1,0
2010-04-18,2010,Q2,Q2 2010,4,April,Apr,2010-04,201004,18,Sunday,Sun,7,1,0
2010-04-19,2010,Q2,Q2 2010,4,April,Apr,2010-04,201004,19,Monday,Mon,1,0,1
2010-04-20,2010,Q2,Q2 2010,4,April,Apr,2010-04,201004,20,Tuesday,Tue,2,0,1
2010-04-21,2010,Q2,Q2 2010,4,April,Apr,2010-04,201004,21,Wednesday,Wed,3,0,1
2010-04-22,2010,Q2,Q2 2010,4,April,Apr,2010-04,201004,22,Thursday,Thu,4,0,1
2010-04-23,2010,Q2,Q2 2010,4,April,Apr,2010-04,201004,23,Friday,Fri,5,0,1
2010-04-24,2010,Q2,Q2 2010,4,April,Apr,2010-04,201004,24,Saturday,Sat,6,1,0
2010-04-25,2010,Q2,Q2 2010,4,April,Apr,2010-04,201004,25,Sunday,Sun,7,1,0
2010-04-26,2010,Q2,Q2 2010,4,April,Apr,2010-04,201004,26,Monday,Mon,1,0,1
2010-04-27,2010,Q2,Q2 2010,4,April,Apr,2010-04,201004,27,Tuesday,Tue,2,0,1
2010-04-28,2010,Q2,Q2 2010,4,April,Apr,2010-04,201004,28,Wednesday,Wed,3,0,1
2010-04-29,2010,Q2,Q2 2010,4,April,Apr,2010-04,201004,29,Thursday,Thu,4,0,1
2010-04-30,2010,Q2,Q2 2010,4,April,Apr,2010-04,201004,30,Friday,Fri,5,0,1
2010-05-01,2010,Q2,Q2 2010,5,May,May,2010-05,201005,1,Saturday,Sat,6,1,0
2010-05-02,2010,Q2,Q2 2010,5,May,May,2010-05,201005,2,Sunday,Sun,7,1,0
2010-05-03,2010,Q2,Q2 2010,5,May,May,2010-05,201005,3,Monday,Mon,1,0,1
2010-05-04,2010,Q2,Q2 2010,5,May,May,2010-05,201005,4,Tuesday,Tue,2,0,1
2010-05-05,2010,Q2,Q2 2010,5,May,May,2010-05,201005,5,Wednesday,Wed,3,0,1
2010-05-06,2010,Q2,Q2 2010,5,May,May,2010-05,201005,6,Thursday,Thu,4,0,1
2010-05-07,2010,Q2,Q2 2010,5,May,May,2010-05,201005,7,Friday,Fri,5,0,1
2010-05-08,2010,Q2,Q2 2010,5,May,May,2010-05,201005,8,Saturday,Sat,6,1,0
2010-05-09,2010,Q2,Q2 2010,5,May,May,2010-05,201005,9,Sunday,Sun,7,1,0
2010-05-10,2010,Q2,Q2 2010,5,May,May,2010-05,201005,10,Monday,Mon,1,0,1
2010-05-11,2010,Q2,Q2 2010,5,May,May,2010-05,201005,11,Tuesday,Tue,2,0,1
2010-05-12,2010,Q2,Q2 2010,5,May,May,2010-05,201005,12,Wednesday,Wed,3,0,1
2010-05-13,2010,Q2,Q2 2010,5,May,May,2010-05,201005,13,Thursday,Thu,4,0,1
2010-05-14,2010,Q2,Q2 2010,5,May,May,2010-05,201005,14,Friday,Fri,5,0,1
2010-05-15,2010,Q2,Q2 2010,5,May,May,2010-05,201005,15,Saturday,Sat,6,1,0
2010-05-16,2010,Q2,Q2 2010,5,May,May,2010-05,201005,16,Sunday,Sun,7,1,0
2010-05-17,2010,Q2,Q2 2010,5,May,May,2010-05,201005,17,Monday,Mon,1,0,1
2010-05-18,2010,Q2,Q2 2010,5,May,May,2010-05,201005,18,Tuesday,Tue,2,0,1
2010-05-19,2010,Q2,Q2 2010,5,May,May,2010-05,201005,19,Wednesday,Wed,3,0,1
2010-05-20,2010,Q2,Q2 2010,5,May,May,2010-05,201005,20,Thursday,Thu,4,0,1
2010-05-21,2010,Q2,Q2 2010,5,May,May,2010-05,201005,21,Friday,Fri,5,0,1
2010-05-22,2010,Q2,Q2 2010,5,May,May,2010-05,201005,22,Saturday,Sat,6,1,0
2010-05-23,2010,Q2,Q2 2010,5,May,May,2010-05,201005,23,Sunday,Sun,7,1,0
2010-05-24,2010,Q2,Q2 2010,5,May,May,2010-05,201005,24,Monday,Mon,1,0,1
2010-05-25,2010,Q2,Q2 2010,5,May,May,2010-05,201005,25,Tuesday,Tue,2,0,1
2010-05-26,2010,Q2,Q2 2010,5,May,May,2010-05,201005,26,Wednesday,Wed,3,0,1
2010-05-27,2010,Q2,Q2 2010,5,May,May,2010-05,201005,27,Thursday,Thu,4,0,1
2010-05-28,2010,Q2,Q2 2010,5,May,May,2010-05,201005,28,Friday,Fri,5,0,1
2010-05-29,2010,Q2,Q2 2010,5,May,May,2010-05,201005,29,Saturday,Sat,6,1,0
2010-05-30,2010,Q2,Q2 2010,5,May,May,2010-05,201005,30,Sunday,Sun,7,1,0
2010-05-31,2010,Q2,Q2 2010,5,May,May,2010-05,201005,31,Monday,Mon,1,0,1
2010-06-01,2010,Q2,Q2 2010,6,June,Jun,2010-06,201006,1,Tuesday,Tue,2,0,1
2010-06-02,2010,Q2,Q2 2010,6,June,Jun,2010-06,201006,2,Wednesday,Wed,3,0,1
2010-06-03,2010,Q2,Q2 2010,6,June,Jun,2010-06,201006,3,Thursday,Thu,4,0,1
2010-06-04,2010,Q2,Q2 2010,6,June,Jun,2010-06,201006,4,Friday,Fri,5,0,1
2010-06-05,2010,Q2,Q2 2010,6,June,Jun,2010-06,201006,5,Saturday,Sat,6,1,0
2010-06-06,2010,Q2,Q2 2010,6,June,Jun,2010-06,201006,6,Sunday,Sun,7,1,0
2010-06-07,2010,Q2,Q2 2010,6,June,Jun,2010-06,201006,7,Monday,Mon,1,0,1
2010-06-08,2010,Q2,Q2 2010,6,June,Jun,2010-06,201006,8,Tuesday,Tue,2,0,1
2010-06-09,2010,Q2,Q2 2010,6,June,Jun,2010-06,201006,9,Wednesday,Wed,3,0,1
2010-06-10,2010,Q2,Q2 2010,6,June,Jun,2010-06,201006,10,Thursday,Thu,4,0,1
2010-06-11,2010,Q2,Q2 2010,6,June,Jun,2010-06,201006,11,Friday,Fri,5,0,1
2010-06-12,2010,Q2,Q2 2010,6,June,Jun,2010-06,201006,12,Saturday,Sat,6,1,0
2010-06-13,2010,Q2,Q2 2010,6,June,Jun,2010-06,201006,13,Sunday,Sun,7,1,0
2010-06-14,2010,Q2,Q2 2010,6,June,Jun,2010-06,201006,14,Monday,Mon,1,0,1
2010-06-15,2010,Q2,Q2 2010,6,June,Jun,2010-06,201006,15,Tuesday,Tue,2,0,1
2010-06-16,2010,Q2,Q2 2010,6,June,Jun,2010-06,201006,16,Wednesday,Wed,3,0,1
2010-06-17,2010,Q2,Q2 2010,6,June,Jun,2010-06,201006,17,Thursday,Thu,4,0,1
2010-06-18,2010,Q2,Q2 2010,6,June,Jun,2010-06,201006,18,Friday,Fri,5,0,1
2010-06-19,2010,Q2,Q2 2010,6,June,Jun,2010-06,201006,19,Saturday,Sat,6,1,0
2010-06-20,2010,Q2,Q2 2010,6,June,Jun,2010-06,201006,20,Sunday,Sun,7,1,0
2010-06-21,2010,Q2,Q2 2010,6,June,Jun,2010-06,201006,21,Monday,Mon,1,0,1
2010-06-22,2010,Q2,Q2 2010,6,June,Jun,2010-06,201006,22,Tuesday,Tue,2,0,1
2010-06-23,2010,Q2,Q2 2010,6,June,Jun,2010-06,201006,23,Wednesday,Wed,3,0,1
2010-06-24,2010,Q2,Q2 2010,6,June,Jun,2010-06,201006,24,Thursday,Thu,4,0,1
2010-06-25,2010,Q2,Q2 2010,6,June,Jun,2010-06,201006,25,Friday,Fri,5,0,1
2010-06-26,2010,Q2,Q2 2010,6,June,Jun,2010-06,201006,26,Saturday,Sat,6,1,0
2010-06-27,2010,Q2,Q2 2010,6,June,Jun,2010-06,201006,27,Sunday,Sun,7,1,0
2010-06-28,2010,Q2,Q2 2010,6,June,Jun,2010-06,201006,28,Monday,Mon,1,0,1
2010-06-29,2010,Q2,Q2 2010,6,June,Jun,2010-06,201006,29,Tuesday,Tue,2,0,1
2010-06-30,2010,Q2,Q2 2010,6,June,Jun,2010-06,201006,30,Wednesday,Wed,3,0,1
2010-07-01,2010,Q3,Q3 2010,7,July,Jul,2010-07,201007,1,Thursday,Thu,4,0,1
2010-07-02,2010,Q3,Q3 2010,7,July,Jul,2010-07,201007,2,Friday,Fri,5,0,1
2010-07-03,2010,Q3,Q3 2010,7,July,Jul,2010-07,201007,3,Saturday,Sat,6,1,0
2010-07-04,2010,Q3,Q3 2010,7,July,Jul,2010-07,201007,4,Sunday,Sun,7,1,0
2010-07-05,2010,Q3,Q3 2010,7,July,Jul,2010-07,201007,5,Monday,Mon,1,0,1
2010-07-06,2010,Q3,Q3 2010,7,July,Jul,2010-07,201007,6,Tuesday,Tue,2,0,1
2010-07-07,2010,Q3,Q3 2010,7,July,Jul,2010-07,201007,7,Wednesday,Wed,3,0,1
2010-07-08,2010,Q3,Q3 2010,7,July,Jul,2010-07,201007,8,Thursday,Thu,4,0,1
2010-07-09,2010,Q3,Q3 2010,7,July,Jul,2010-07,201007,9,Friday,Fri,5,0,1
2010-07-10,2010,Q3,Q3 2010,7,July,Jul,2010-07,201007,10,Saturday,Sat,6,1,0
2010-07-11,2010,Q3,Q3 2010,7,July,Jul,2010-07,201007,11,Sunday,Sun,7,1,0
2010-07-12,2010,Q3,Q3 2010,7,July,Jul,2010-07,201007,12,Monday,Mon,1,0,1
2010-07-13,2010,Q3,Q3 2010,7,July,Jul,2010-07,201007,13,Tuesday,Tue,2,0,1
2010-07-14,2010,Q3,Q3 2010,7,July,Jul,2010-07,201007,14,Wednesday,Wed,3,0,1
2010-07-15,2010,Q3,Q3 2010,7,July,Jul,2010-07,201007,15,Thursday,Thu,4,0,1
2010-07-16,2010,Q3,Q3 2010,7,July,Jul,2010-07,201007,16,Friday,Fri,5,0,1
2010-07-17,2010,Q3,Q3 2010,7,July,Jul,2010-07,201007,17,Saturday,Sat,6,1,0
2010-07-18,2010,Q3,Q3 2010,7,July,Jul,2010-07,201007,18,Sunday,Sun,7,1,0
2010-07-19,2010,Q3,Q3 2010,7,July,Jul,2010-07,201007,19,Monday,Mon,1,0,1
2010-07-20,2010,Q3,Q3 2010,7,July,Jul,2010-07,201007,20,Tuesday,Tue,2,0,1
2010-07-21,2010,Q3,Q3 2010,7,July,Jul,2010-07,201007,21,Wednesday,Wed,3,0,1
2010-07-22,2010,Q3,Q3 2010,7,July,Jul,2010-07,201007,22,Thursday,Thu,4,0,1
2010-07-23,2010,Q3,Q3 2010,7,July,Jul,2010-07,201007,23,Friday,Fri,5,0,1
2010-07-24,2010,Q3,Q3 2010,7,July,Jul,2010-07,201007,24,Saturday,Sat,6,1,0
2010-07-25,2010,Q3,Q3 2010,7,July,Jul,2010-07,201007,25,Sunday,Sun,7,1,0
2010-07-26,2010,Q3,Q3 2010,7,July,Jul,2010-07,201007,26,Monday,Mon,1,0,1
2010-07-27,2010,Q3,Q3 2010,7,July,Jul,2010-07,201007,27,Tuesday,Tue,2,0,1
2010-07-28,2010,Q3,Q3 2010,7,July,Jul,2010-07,201007,28,Wednesday,Wed,3,0,1
2010-07-29,2010,Q3,Q3 2010,7,July,Jul,2010-07,201007,29,Thursday,Thu,4,0,1
2010-07-30,2010,Q3,Q3 2010,7,July,Jul,2010-07,201007,30,Friday,Fri,5,0,1
2010-07-31,2010,Q3,Q3 2010,7,July,Jul,2010-07,201007,31,Saturday,Sat,6,1,0
2010-08-01,2010,Q3,Q3 2010,8,August,Aug,2010-08,201008,1,Sunday,Sun,7,1,0
2010-08-02,2010,Q3,Q3 2010,8,August,Aug,2010-08,201008,2,Monday,Mon,1,0,1
2010-08-03,2010,Q3,Q3 2010,8,August,Aug,2010-08,201008,3,Tuesday,Tue,2,0,1
2010-08-04,2010,Q3,Q3 2010,8,August,Aug,2010-08,201008,4,Wednesday,Wed,3,0,1
2010-08-05,2010,Q3,Q3 2010,8,August,Aug,2010-08,201008,5,Thursday,Thu,4,0,1
2010-08-06,2010,Q3,Q3 2010,8,August,Aug,2010-08,201008,6,Friday,Fri,5,0,1
2010-08-07,2010,Q3,Q3 2010,8,August,Aug,2010-08,201008,7,Saturday,Sat,6,1,0
2010-08-08,2010,Q3,Q3 2010,8,August,Aug,2010-08,201008,8,Sunday,Sun,7,1,0
2010-08-09,2010,Q3,Q3 2010,8,August,Aug,2010-08,201008,9,Monday,Mon,1,0,1
2010-08-10,2010,Q3,Q3 2010,8,August,Aug,2010-08,201008,10,Tuesday,Tue,2,0,1
2010-08-11,2010,Q3,Q3 2010,8,August,Aug,2010-08,201008,11,Wednesday,Wed,3,0,1
2010-08-12,2010,Q3,Q3 2010,8,August,Aug,2010-08,201008,12,Thursday,Thu,4,0,1
2010-08-13,2010,Q3,Q3 2010,8,August,Aug,2010-08,201008,13,Friday,Fri,5,0,1
2010-08-14,2010,Q3,Q3 2010,8,August,Aug,2010-08,201008,14,Saturday,Sat,6,1,0
2010-08-15,2010,Q3,Q3 2010,8,August,Aug,2010-08,201008,15,Sunday,Sun,7,1,0
2010-08-16,2010,Q3,Q3 2010,8,August,Aug,2010-08,201008,16,Monday,Mon,1,0,1
2010-08-17,2010,Q3,Q3 2010,8,August,Aug,2010-08,201008,17,Tuesday,Tue,2,0,1
2010-08-18,2010,Q3,Q3 2010,8,August,Aug,2010-08,201008,18,Wednesday,Wed,3,0,1
2010-08-19,2010,Q3,Q3 2010,8,August,Aug,2010-08,201008,19,Thursday,Thu,4,0,1
2010-08-20,2010,Q3,Q3 2010,8,August,Aug,2010-08,201008,20,Friday,Fri,5,0,1
2010-08-21,2010,Q3,Q3 2010,8,August,Aug,2010-08,201008,21,Saturday,Sat,6,1,0
2010-08-22,2010,Q3,Q3 2010,8,August,Aug,2010-08,201008,22,Sunday,Sun,7,1,0
2010-08-23,2010,Q3,Q3 2010,8,August,Aug,2010-08,201008,23,Monday,Mon,1,0,1
2010-08-24,2010,Q3,Q3 2010,8,August,Aug,2010-08,201008,24,Tuesday,Tue,2,0,1
2010-08-25,2010,Q3,Q3 2010,8,August,Aug,2010-08,201008,25,Wednesday,Wed,3,0,1
2010-08-26,2010,Q3,Q3 2010,8,August,Aug,2010-08,201008,26,Thursday,Thu,4,0,1
2010-08-27,2010,Q3,Q3 2010,8,August,Aug,2010-08,201008,27,Friday,Fri,5,0,1
2010-08-28,2010,Q3,Q3 2010,8,August,Aug,2010-08,201008,28,Saturday,Sat,6,1,0
2010-08-29,2010,Q3,Q3 2010,8,August,Aug,2010-08,201008,29,Sunday,Sun,7,1,0
2010-08-30,2010,Q3,Q3 2010,8,August,Aug,2010-08,201008,30,Monday,Mon,1,0,1
2010-08-31,2010,Q3,Q3 2010,8,August,Aug,2010-08,201008,31,Tuesday,Tue,2,0,1
2010-09-01,2010,Q3,Q3 2010,9,September,Sep,2010-09,201009,1,Wednesday,Wed,3,0,1
2010-09-02,2010,Q3,Q3 2010,9,September,Sep,2010-09,201009,2,Thursday,Thu,4,0,1
2010-09-03,2010,Q3,Q3 2010,9,September,Sep,2010-09,201009,3,Friday,Fri,5,0,1
2010-09-04,2010,Q3,Q3 2010,9,September,Sep,2010-09,201009,4,Saturday,Sat,6,1,0
2010-09-05,2010,Q3,Q3 2010,9,September,Sep,2010-09,201009,5,Sunday,Sun,7,1,0
2010-09-06,2010,Q3,Q3 2010,9,September,Sep,2010-09,201009,6,Monday,Mon,1,0,1
2010-09-07,2010,Q3,Q3 2010,9,September,Sep,2010-09,201009,7,Tuesday,Tue,2,0,1
2010-09-08,2010,Q3,Q3 2010,9,September,Sep,2010-09,201009,8,Wednesday,Wed,3,0,1
2010-09-09,2010,Q3,Q3 2010,9,September,Sep,2010-09,201009,9,Thursday,Thu,4,0,1
2010-09-10,2010,Q3,Q3 2010,9,September,Sep,2010-09,201009,10,Friday,Fri,5,0,0
2010-09-11,2010,Q3,Q3 2010,9,September,Sep,2010-09,201009,11,Saturday,Sat,6,1,0
2010-09-12,2010,Q3,Q3 2010,9,September,Sep,2010-09,201009,12,Sunday,Sun,7,1,0
2010-09-13,2010,Q3,Q3 2010,9,September,Sep,2010-09,201009,13,Monday,Mon,1,0,1
2010-09-14,2010,Q3,Q3 2010,9,September,Sep,2010-09,201009,14,Tuesday,Tue,2,0,1
2010-09-15,2010,Q3,Q3 2010,9,September,Sep,2010-09,201009,15,Wednesday,Wed,3,0,1
2010-09-16,2010,Q3,Q3 2010,9,September,Sep,2010-09,201009,16,Thursday,Thu,4,0,1
2010-09-17,2010,Q3,Q3 2010,9,September,Sep,2010-09,201009,17,Friday,Fri,5,0,1
2010-09-18,2010,Q3,Q3 2010,9,September,Sep,2010-09,201009,18,Saturday,Sat,6,1,0
2010-09-19,2010,Q3,Q3 2010,9,September,Sep,2010-09,201009,19,Sunday,Sun,7,1,0
2010-09-20,2010,Q3,Q3 2010,9,September,Sep,2010-09,201009,20,Monday,Mon,1,0,1
2010-09-21,2010,Q3,Q3 2010,9,September,Sep,2010-09,201009,21,Tuesday,Tue,2,0,1
2010-09-22,2010,Q3,Q3 2010,9,September,Sep,2010-09,201009,22,Wednesday,Wed,3,0,1
2010-09-23,2010,Q3,Q3 2010,9,September,Sep,2010-09,201009,23,Thursday,Thu,4,0,1
2010-09-24,2010,Q3,Q3 2010,9,September,Sep,2010-09,201009,24,Friday,Fri,5,0,1
2010-09-25,2010,Q3,Q3 2010,9,September,Sep,2010-09,201009,25,Saturday,Sat,6,1,0
2010-09-26,2010,Q3,Q3 2010,9,September,Sep,2010-09,201009,26,Sunday,Sun,7,1,0
2010-09-27,2010,Q3,Q3 2010,9,September,Sep,2010-09,201009,27,Monday,Mon,1,0,1
2010-09-28,2010,Q3,Q3 2010,9,September,Sep,2010-09,201009,28,Tuesday,Tue,2,0,1
2010-09-29,2010,Q3,Q3 2010,9,September,Sep,2010-09,201009,29,Wednesday,Wed,3,0,1
2010-09-30,2010,Q3,Q3 2010,9,September,Sep,2010-09,201009,30,Thursday,Thu,4,0,1
2010-10-01,2010,Q4,Q4 2010,10,October,Oct,2010-10,201010,1,Friday,Fri,5,0,1
2010-10-02,2010,Q4,Q4 2010,10,October,Oct,2010-10,201010,2,Saturday,Sat,6,1,0
2010-10-03,2010,Q4,Q4 2010,10,October,Oct,2010-10,201010,3,Sunday,Sun,7,1,0
2010-10-04,2010,Q4,Q4 2010,10,October,Oct,2010-10,201010,4,Monday,Mon,1,0,1
2010-10-05,2010,Q4,Q4 2010,10,October,Oct,2010-10,201010,5,Tuesday,Tue,2,0,1
2010-10-06,2010,Q4,Q4 2010,10,October,Oct,2010-10,201010,6,Wednesday,Wed,3,0,1
2010-10-07,2010,Q4,Q4 2010,10,October,Oct,2010-10,201010,7,Thursday,Thu,4,0,1
2010-10-08,2010,Q4,Q4 2010,10,October,Oct,2010-10,201010,8,Friday,Fri,5,0,1
2010-10-09,2010,Q4,Q4 2010,10,October,Oct,2010-10,201010,9,Saturday,Sat,6,1,0
2010-10-10,2010,Q4,Q4 2010,10,October,Oct,2010-10,201010,10,Sunday,Sun,7,1,0
2010-10-11,2010,Q4,Q4 2010,10,October,Oct,2010-10,201010,11,Monday,Mon,1,0,1
2010-10-12,2010,Q4,Q4 2010,10,October,Oct,2010-10,201010,12,Tuesday,Tue,2,0,1
2010-10-13,2010,Q4,Q4 2010,10,October,Oct,2010-10,201010,13,Wednesday,Wed,3,0,1
2010-10-14,2010,Q4,Q4 2010,10,October,Oct,2010-10,201010,14,Thursday,Thu,4,0,1
2010-10-15,2010,Q4,Q4 2010,10,October,Oct,2010-10,201010,15,Friday,Fri,5,0,1
2010-10-16,2010,Q4,Q4 2010,10,October,Oct,2010-10,201010,16,Saturday,Sat,6,1,0
2010-10-17,2010,Q4,Q4 2010,10,October,Oct,2010-10,201010,17,Sunday,Sun,7,1,0
2010-10-18,2010,Q4,Q4 2010,10,October,Oct,2010-10,201010,18,Monday,Mon,1,0,1
2010-10-19,2010,Q4,Q4 2010,10,October,Oct,2010-10,201010,19,Tuesday,Tue,2,0,1
2010-10-20,2010,Q4,Q4 2010,10,October,Oct,2010-10,201010,20,Wednesday,Wed,3,0,1
2010-10-21,2010,Q4,Q4 2010,10,October,Oct,2010-10,201010,21,Thursday,Thu,4,0,1
2010-10-22,2010,Q4,Q4 2010,10,October,Oct,2010-10,201010,22,Friday,Fri,5,0,1
2010-10-23,2010,Q4,Q4 2010,10,October,Oct,2010-10,201010,23,Saturday,Sat,6,1,0
2010-10-24,2010,Q4,Q4 2010,10,October,Oct,2010-10,201010,24,Sunday,Sun,7,1,0
2010-10-25,2010,Q4,Q4 2010,10,October,Oct,2010-10,201010,25,Monday,Mon,1,0,1
2010-10-26,2010,Q4,Q4 2010,10,October,Oct,2010-10,201010,26,Tuesday,Tue,2,0,1
2010-10-27,2010,Q4,Q4 2010,10,October,Oct,2010-10,201010,27,Wednesday,Wed,3,0,1
2010-10-28,2010,Q4,Q4 2010,10,October,Oct,2010-10,201010,28,Thursday,Thu,4,0,1
2010-10-29,2010,Q4,Q4 2010,10,October,Oct,2010-10,201010,29,Friday,Fri,5,0,1
2010-10-30,2010,Q4,Q4 2010,10,October,Oct,2010-10,201010,30,Saturday,Sat,6,1,0
2010-10-31,2010,Q4,Q4 2010,10,October,Oct,2010-10,201010,31,Sunday,Sun,7,1,0
2010-11-01,2010,Q4,Q4 2010,11,November,Nov,2010-11,201011,1,Monday,Mon,1,0,1
2010-11-02,2010,Q4,Q4 2010,11,November,Nov,2010-11,201011,2,Tuesday,Tue,2,0,1
2010-11-03,2010,Q4,Q4 2010,11,November,Nov,2010-11,201011,3,Wednesday,Wed,3,0,1
2010-11-04,2010,Q4,Q4 2010,11,November,Nov,2010-11,201011,4,Thursday,Thu,4,0,1
2010-11-05,2010,Q4,Q4 2010,11,November,Nov,2010-11,201011,5,Friday,Fri,5,0,0
2010-11-06,2010,Q4,Q4 2010,11,November,Nov,2010-11,201011,6,Saturday,Sat,6,1,0
2010-11-07,2010,Q4,Q4 2010,11,November,Nov,2010-11,201011,7,Sunday,Sun,7,1,0
2010-11-08,2010,Q4,Q4 2010,11,November,Nov,2010-11,201011,8,Monday,Mon,1,0,1
2010-11-09,2010,Q4,Q4 2010,11,November,Nov,2010-11,201011,9,Tuesday,Tue,2,0,1
2010-11-10,2010,Q4,Q4 2010,11,November,Nov,2010-11,201011,10,Wednesday,Wed,3,0,1
2010-11-11,2010,Q4,Q4 2010,11,November,Nov,2010-11,201011,11,Thursday,Thu,4,0,1
2010-11-12,2010,Q4,Q4 2010,11,November,Nov,2010-11,201011,12,Friday,Fri,5,0,1
2010-11-13,2010,Q4,Q4 2010,11,November,Nov,2010-11,201011,13,Saturday,Sat,6,1,0
2010-11-14,2010,Q4,Q4 2010,11,November,Nov,2010-11,201011,14,Sunday,Sun,7,1,0
2010-11-15,2010,Q4,Q4 2010,11,November,Nov,2010-11,201011,15,Monday,Mon,1,0,1
2010-11-16,2010,Q4,Q4 2010,11,November,Nov,2010-11,201011,16,Tuesday,Tue,2,0,1
2010-11-17,2010,Q4,Q4 2010,11,November,Nov,2010-11,201011,17,Wednesday,Wed,3,0,0
2010-11-18,2010,Q4,Q4 2010,11,November,Nov,2010-11,201011,18,Thursday,Thu,4,0,1
2010-11-19,2010,Q4,Q4 2010,11,November,Nov,2010-11,201011,19,Friday,Fri,5,0,1
2010-11-20,2010,Q4,Q4 2010,11,November,Nov,2010-11,201011,20,Saturday,Sat,6,1,0
2010-11-21,2010,Q4,Q4 2010,11,November,Nov,2010-11,201011,21,Sunday,Sun,7,1,0
2010-11-22,2010,Q4,Q4 2010,11,November,Nov,2010-11,201011,22,Monday,Mon,1,0,1
2010-11-23,2010,Q4,Q4 2010,11,November,Nov,2010-11,201011,23,Tuesday,Tue,2,0,1
2010-11-24,2010,Q4,Q4 2010,11,November,Nov,2010-11,201011,24,Wednesday,Wed,3,0,1
2010-11-25,2010,Q4,Q4 2010,11,November,Nov,2010-11,201011,25,Thursday,Thu,4,0,1
2010-11-26,2010,Q4,Q4 2010,11,November,Nov,2010-11,201011,26,Friday,Fri,5,0,1
2010-11-27,2010,Q4,Q4 2010,11,November,Nov,2010-11,201011,27,Saturday,Sat,6,1,0
2010-11-28,2010,Q4,Q4 2010,11,November,Nov,2010-11,201011,28,Sunday,Sun,7,1,0
2010-11-29,2010,Q4,Q4 2010,11,November,Nov,2010-11,201011,29,Monday,Mon,1,0,1
2010-11-30,2010,Q4,Q4 2010,11,November,Nov,2010-11,201011,30,Tuesday,Tue,2,0,1
2010-12-01,2010,Q4,Q4 2010,12,December,Dec,2010-12,201012,1,Wednesday,Wed,3,0,1
2010-12-02,2010,Q4,Q4 2010,12,December,Dec,2010-12,201012,2,Thursday,Thu,4,0,1
2010-12-03,2010,Q4,Q4 2010,12,December,Dec,2010-12,201012,3,Friday,Fri,5,0,1
2010-12-04,2010,Q4,Q4 2010,12,December,Dec,2010-12,201012,4,Saturday,Sat,6,1,0
2010-12-05,2010,Q4,Q4 2010,12,December,Dec,2010-12,201012,5,Sunday,Sun,7,1,0
2010-12-06,2010,Q4,Q4 2010,12,December,Dec,2010-12,201012,6,Monday,Mon,1,0,1
2010-12-07,2010,Q4,Q4 2010,12,December,Dec,2010-12,201012,7,Tuesday,Tue,2,0,1
2010-12-08,2010,Q4,Q4 2010,12,December,Dec,2010-12,201012,8,Wednesday,Wed,3,0,1
2010-12-09,2010,Q4,Q4 2010,12,December,Dec,2010-12,201012,9,Thursday,Thu,4,0,1
2010-12-10,2010,Q4,Q4 2010,12,December,Dec,2010-12,201012,10,Friday,Fri,5,0,1
2010-12-11,2010,Q4,Q4 2010,12,December,Dec,2010-12,201012,11,Saturday,Sat,6,1,0
2010-12-12,2010,Q4,Q4 2010,12,December,Dec,2010-12,201012,12,Sunday,Sun,7,1,0
2010-12-13,2010,Q4,Q4 2010,12,December,Dec,2010-12,201012,13,Monday,Mon,1,0,1
2010-12-14,2010,Q4,Q4 2010,12,December,Dec,2010-12,201012,14,Tuesday,Tue,2,0,1
2010-12-15,2010,Q4,Q4 2010,12,December,Dec,2010-12,201012,15,Wednesday,Wed,3,0,1
2010-12-16,2010,Q4,Q4 2010,12,December,Dec,2010-12,201012,16,Thursday,Thu,4,0,1
2010-12-17,2010,Q4,Q4 2010,12,December,Dec,2010-12,201012,17,Friday,Fri,5,0,0
2010-12-18,2010,Q4,Q4 2010,12,December,Dec,2010-12,201012,18,Saturday,Sat,6,1,0
2010-12-19,2010,Q4,Q4 2010,12,December,Dec,2010-12,201012,19,Sunday,Sun,7,1,0
2010-12-20,2010,Q4,Q4 2010,12,December,Dec,2010-12,201012,20,Monday,Mon,1,0,1
2010-12-21,2010,Q4,Q4 2010,12,December,Dec,2010-12,201012,21,Tuesday,Tue,2,0,1
2010-12-22,2010,Q4,Q4 2010,12,December,Dec,2010-12,201012,22,Wednesday,Wed,3,0,1
2010-12-23,2010,Q4,Q4 2010,12,December,Dec,2010-12,201012,23,Thursday,Thu,4,0,1
2010-12-24,2010,Q4,Q4 2010,12,December,Dec,2010-12,201012,24,Friday,Fri,5,0,1
2010-12-25,2010,Q4,Q4 2010,12,December,Dec,2010-12,201012,25,Saturday,Sat,6,1,0
2010-12-26,2010,Q4,Q4 2010,12,December,Dec,2010-12,201012,26,Sunday,Sun,7,1,0
2010-12-27,2010,Q4,Q4 2010,12,December,Dec,2010-12,201012,27,Monday,Mon,1,0,1
2010-12-28,2010,Q4,Q4 2010,12,December,Dec,2010-12,201012,28,Tuesday,Tue,2,0,1
2010-12-29,2010,Q4,Q4 2010,12,December,Dec,2010-12,201012,29,Wednesday,Wed,3,0,1
2010-12-30,2010,Q4,Q4 2010,12,December,Dec,2010-12,201012,30,Thursday,Thu,4,0,1
2010-12-31,2010,Q4,Q4 2010,12,December,Dec,2010-12,201012,31,Friday,Fri,5,0,1
2011-01-01,2011,Q1,Q1 2011,1,January,Jan,2011-01,201101,1,Saturday,Sat,6,1,0
2011-01-02,2011,Q1,Q1 2011,1,January,Jan,2011-01,201101,2,Sunday,Sun,7,1,0
2011-01-03,2011,Q1,Q1 2011,1,January,Jan,2011-01,201101,3,Monday,Mon,1,0,1
2011-01-04,2011,Q1,Q1 2011,1,January,Jan,2011-01,201101,4,Tuesday,Tue,2,0,1
2011-01-05,2011,Q1,Q1 2011,1,January,Jan,2011-01,201101,5,Wednesday,Wed,3,0,1
2011-01-06,2011,Q1,Q1 2011,1,January,Jan,2011-01,201101,6,Thursday,Thu,4,0,1
2011-01-07,2011,Q1,Q1 2011,1,January,Jan,2011-01,201101,7,Friday,Fri,5,0,1
2011-01-08,2011,Q1,Q1 2011,1,January,Jan,2011-01,201101,8,Saturday,Sat,6,1,0
2011-01-09,2011,Q1,Q1 2011,1,January,Jan,2011-01,201101,9,Sunday,Sun,7,1,0
2011-01-10,2011,Q1,Q1 2011,1,January,Jan,2011-01,201101,10,Monday,Mon,1,0,1
2011-01-11,2011,Q1,Q1 2011,1,January,Jan,2011-01,201101,11,Tuesday,Tue,2,0,1
2011-01-12,2011,Q1,Q1 2011,1,January,Jan,2011-01,201101,12,Wednesday,Wed,3,0,1
2011-01-13,2011,Q1,Q1 2011,1,January,Jan,2011-01,201101,13,Thursday,Thu,4,0,1
2011-01-14,2011,Q1,Q1 2011,1,January,Jan,2011-01,201101,14,Friday,Fri,5,0,1
2011-01-15,2011,Q1,Q1 2011,1,January,Jan,2011-01,201101,15,Saturday,Sat,6,1,0
2011-01-16,2011,Q1,Q1 2011,1,January,Jan,2011-01,201101,16,Sunday,Sun,7,1,0
2011-01-17,2011,Q1,Q1 2011,1,January,Jan,2011-01,201101,17,Monday,Mon,1,0,1
2011-01-18,2011,Q1,Q1 2011,1,January,Jan,2011-01,201101,18,Tuesday,Tue,2,0,1
2011-01-19,2011,Q1,Q1 2011,1,January,Jan,2011-01,201101,19,Wednesday,Wed,3,0,1
2011-01-20,2011,Q1,Q1 2011,1,January,Jan,2011-01,201101,20,Thursday,Thu,4,0,1
2011-01-21,2011,Q1,Q1 2011,1,January,Jan,2011-01,201101,21,Friday,Fri,5,0,1
2011-01-22,2011,Q1,Q1 2011,1,January,Jan,2011-01,201101,22,Saturday,Sat,6,1,0
2011-01-23,2011,Q1,Q1 2011,1,January,Jan,2011-01,201101,23,Sunday,Sun,7,1,0
2011-01-24,2011,Q1,Q1 2011,1,January,Jan,2011-01,201101,24,Monday,Mon,1,0,1
2011-01-25,2011,Q1,Q1 2011,1,January,Jan,2011-01,201101,25,Tuesday,Tue,2,0,1
2011-01-26,2011,Q1,Q1 2011,1,January,Jan,2011-01,201101,26,Wednesday,Wed,3,0,0
2011-01-27,2011,Q1,Q1 2011,1,January,Jan,2011-01,201101,27,Thursday,Thu,4,0,1
2011-01-28,2011,Q1,Q1 2011,1,January,Jan,2011-01,201101,28,Friday,Fri,5,0,1
2011-01-29,2011,Q1,Q1 2011,1,January,Jan,2011-01,201101,29,Saturday,Sat,6,1,0
2011-01-30,2011,Q1,Q1 2011,1,January,Jan,2011-01,201101,30,Sunday,Sun,7,1,0
2011-01-31,2011,Q1,Q1 2011,1,January,Jan,2011-01,201101,31,Monday,Mon,1,0,1
2011-02-01,2011,Q1,Q1 2011,2,February,Feb,2011-02,201102,1,Tuesday,Tue,2,0,1
2011-02-02,2011,Q1,Q1 2011,2,February,Feb,2011-02,201102,2,Wednesday,Wed,3,0,1
2011-02-03,2011,Q1,Q1 2011,2,February,Feb,2011-02,201102,3,Thursday,Thu,4,0,1
2011-02-04,2011,Q1,Q1 2011,2,February,Feb,2011-02,201102,4,Friday,Fri,5,0,1
2011-02-05,2011,Q1,Q1 2011,2,February,Feb,2011-02,201102,5,Saturday,Sat,6,1,0
2011-02-06,2011,Q1,Q1 2011,2,February,Feb,2011-02,201102,6,Sunday,Sun,7,1,0
2011-02-07,2011,Q1,Q1 2011,2,February,Feb,2011-02,201102,7,Monday,Mon,1,0,1
2011-02-08,2011,Q1,Q1 2011,2,February,Feb,2011-02,201102,8,Tuesday,Tue,2,0,1
2011-02-09,2011,Q1,Q1 2011,2,February,Feb,2011-02,201102,9,Wednesday,Wed,3,0,1
2011-02-10,2011,Q1,Q1 2011,2,February,Feb,2011-02,201102,10,Thursday,Thu,4,0,1
2011-02-11,2011,Q1,Q1 2011,2,February,Feb,2011-02,201102,11,Friday,Fri,5,0,1
2011-02-12,2011,Q1,Q1 2011,2,February,Feb,2011-02,201102,12,Saturday,Sat,6,1,0
2011-02-13,2011,Q1,Q1 2011,2,February,Feb,2011-02,201102,13,Sunday,Sun,7,1,0
2011-02-14,2011,Q1,Q1 2011,2,February,Feb,2011-02,201102,14,Monday,Mon,1,0,1
2011-02-15,2011,Q1,Q1 2011,2,February,Feb,2011-02,201102,15,Tuesday,Tue,2,0,1
2011-02-16,2011,Q1,Q1 2011,2,February,Feb,2011-02,201102,16,Wednesday,Wed,3,0,1
2011-02-17,2011,Q1,Q1 2011,2,February,Feb,2011-02,201102,17,Thursday,Thu,4,0,1
2011-02-18,2011,Q1,Q1 2011,2,February,Feb,2011-02,201102,18,Friday,Fri,5,0,1
2011-02-19,2011,Q1,Q1 2011,2,February,Feb,2011-02,201102,19,Saturday,Sat,6,1,0
2011-02-20,2011,Q1,Q1 2011,2,February,Feb,2011-02,201102,20,Sunday,Sun,7,1,0
2011-02-21,2011,Q1,Q1 2011,2,February,Feb,2011-02,201102,21,Monday,Mon,1,0,1
2011-02-22,2011,Q1,Q1 2011,2,February,Feb,2011-02,201102,22,Tuesday,Tue,2,0,1
2011-02-23,2011,Q1,Q1 2011,2,February,Feb,2011-02,201102,23,Wednesday,Wed,3,0,1
2011-02-24,2011,Q1,Q1 2011,2,February,Feb,2011-02,201102,24,Thursday,Thu,4,0,1
2011-02-25,2011,Q1,Q1 2011,2,February,Feb,2011-02,201102,25,Friday,Fri,5,0,1
2011-02-26,2011,Q1,Q1 2011,2,February,Feb,2011-02,201102,26,Saturday,Sat,6,1,0
2011-02-27,2011,Q1,Q1 2011,2,February,Feb,2011-02,201102,27,Sunday,Sun,7,1,0
2011-02-28,2011,Q1,Q1 2011,2,February,Feb,2011-02,201102,28,Monday,Mon,1,0,1
2011-03-01,2011,Q1,Q1 2011,3,March,Mar,2011-03,201103,1,Tuesday,Tue,2,0,1
2011-03-02,2011,Q1,Q1 2011,3,March,Mar,2011-03,201103,2,Wednesday,Wed,3,0,0
2011-03-03,2011,Q1,Q1 2011,3,March,Mar,2011-03,201103,3,Thursday,Thu,4,0,1
2011-03-04,2011,Q1,Q1 2011,3,March,Mar,2011-03,201103,4,Friday,Fri,5,0,1
2011-03-05,2011,Q1,Q1 2011,3,March,Mar,2011-03,201103,5,Saturday,Sat,6,1,0
2011-03-06,2011,Q1,Q1 2011,3,March,Mar,2011-03,201103,6,Sunday,Sun,7,1,0
2011-03-07,2011,Q1,Q1 2011,3,March,Mar,2011-03,201103,7,Monday,Mon,1,0,1
2011-03-08,2011,Q1,Q1 2011,3,March,Mar,2011-03,201103,8,Tuesday,Tue,2,0,1
2011-03-09,2011,Q1,Q1 2011,3,March,Mar,2011-03,201103,9,Wednesday,Wed,3,0,1
2011-03-10,2011,Q1,Q1 2011,3,March,Mar,2011-03,201103,10,Thursday,Thu,4,0,1
2011-03-11,2011,Q1,Q1 2011,3,March,Mar,2011-03,201103,11,Friday,Fri,5,0,1
2011-03-12,2011,Q1,Q1 2011,3,March,Mar,2011-03,201103,12,Saturday,Sat,6,1,0
2011-03-13,2011,Q1,Q1 2011,3,March,Mar,2011-03,201103,13,Sunday,Sun,7,1,0
2011-03-14,2011,Q1,Q1 2011,3,March,Mar,2011-03,201103,14,Monday,Mon,1,0,1
2011-03-15,2011,Q1,Q1 2011,3,March,Mar,2011-03,201103,15,Tuesday,Tue,2,0,1
2011-03-16,2011,Q1,Q1 2011,3,March,Mar,2011-03,201103,16,Wednesday,Wed,3,0,1
2011-03-17,2011,Q1,Q1 2011,3,March,Mar,2011-03,201103,17,Thursday,Thu,4,0,1
2011-03-18,2011,Q1,Q1 2011,3,March,Mar,2011-03,201103,18,Friday,Fri,5,0,1
2011-03-19,2011,Q1,Q1 2011,3,March,Mar,2011-03,201103,19,Saturday,Sat,6,1,0
2011-03-20,2011,Q1,Q1 2011,3,March,Mar,2011-03,201103,20,Sunday,Sun,7,1,0
2011-03-21,2011,Q1,Q1 2011,3,March,Mar,2011-03,201103,21,Monday,Mon,1,0,1
2011-03-22,2011,Q1,Q1 2011,3,March,Mar,2011-03,201103,22,Tuesday,Tue,2,0,1
2011-03-23,2011,Q1,Q1 2011,3,March,Mar,2011-03,201103,23,Wednesday,Wed,3,0,1
2011-03-24,2011,Q1,Q1 2011,3,March,Mar,2011-03,201103,24,Thursday,Thu,4,0,1
2011-03-25,2011,Q1,Q1 2011,3,March,Mar,2011-03,201103,25,Friday,Fri,5,0,1
2011-03-26,2011,Q1,Q1 2011,3,March,Mar,2011-03,201103,26,Saturday,Sat,6,1,0
2011-03-27,2011,Q1,Q1 2011,3,March,Mar,2011-03,201103,27,Sunday,Sun,7,1,0
2011-03-28,2011,Q1,Q1 2011,3,March,Mar,2011-03,201103,28,Monday,Mon,1,0,1
2011-03-29,2011,Q1,Q1 2011,3,March,Mar,2011-03,201103,29,Tuesday,Tue,2,0,1
2011-03-30,2011,Q1,Q1 2011,3,March,Mar,2011-03,201103,30,Wednesday,Wed,3,0,1
2011-03-31,2011,Q1,Q1 2011,3,March,Mar,2011-03,201103,31,Thursday,Thu,4,0,1
2011-04-01,2011,Q2,Q2 2011,4,April,Apr,2011-04,201104,1,Friday,Fri,5,0,1
2011-04-02,2011,Q2,Q2 2011,4,April,Apr,2011-04,201104,2,Saturday,Sat,6,1,0
2011-04-03,2011,Q2,Q2 2011,4,April,Apr,2011-04,201104,3,Sunday,Sun,7,1,0
2011-04-04,2011,Q2,Q2 2011,4,April,Apr,2011-04,201104,4,Monday,Mon,1,0,1
2011-04-05,2011,Q2,Q2 2011,4,April,Apr,2011-04,201104,5,Tuesday,Tue,2,0,1
2011-04-06,2011,Q2,Q2 2011,4,April,Apr,2011-04,201104,6,Wednesday,Wed,3,0,1
2011-04-07,2011,Q2,Q2 2011,4,April,Apr,2011-04,201104,7,Thursday,Thu,4,0,1
2011-04-08,2011,Q2,Q2 2011,4,April,Apr,2011-04,201104,8,Friday,Fri,5,0,1
2011-04-09,2011,Q2,Q2 2011,4,April,Apr,2011-04,201104,9,Saturday,Sat,6,1,0
2011-04-10,2011,Q2,Q2 2011,4,April,Apr,2011-04,201104,10,Sunday,Sun,7,1,0
2011-04-11,2011,Q2,Q2 2011,4,April,Apr,2011-04,201104,11,Monday,Mon,1,0,1
2011-04-12,2011,Q2,Q2 2011,4,April,Apr,2011-04,201104,12,Tuesday,Tue,2,0,0
2011-04-13,2011,Q2,Q2 2011,4,April,Apr,2011-04,201104,13,Wednesday,Wed,3,0,1
2011-04-14,2011,Q2,Q2 2011,4,April,Apr,2011-04,201104,14,Thursday,Thu,4,0,0
2011-04-15,2011,Q2,Q2 2011,4,April,Apr,2011-04,201104,15,Friday,Fri,5,0,1
2011-04-16,2011,Q2,Q2 2011,4,April,Apr,2011-04,201104,16,Saturday,Sat,6,1,0
2011-04-17,2011,Q2,Q2 2011,4,April,Apr,2011-04,201104,17,Sunday,Sun,7,1,0
2011-04-18,2011,Q2,Q2 2011,4,April,Apr,2011-04,201104,18,Monday,Mon,1,0,1
2011-04-19,2011,Q2,Q2 2011,4,April,Apr,2011-04,201104,19,Tuesday,Tue,2,0,1
2011-04-20,2011,Q2,Q2 2011,4,April,Apr,2011-04,201104,20,Wednesday,Wed,3,0,1
2011-04-21,2011,Q2,Q2 2011,4,April,Apr,2011-04,201104,21,Thursday,Thu,4,0,1
2011-04-22,2011,Q2,Q2 2011,4,April,Apr,2011-04,201104,22,Friday,Fri,5,0,0
2011-04-23,2011,Q2,Q2 2011,4,April,Apr,2011-04,201104,23,Saturday,Sat,6,1,0
2011-04-24,2011,Q2,Q2 2011,4,April,Apr,2011-04,201104,24,Sunday,Sun,7,1,0
2011-04-25,2011,Q2,Q2 2011,4,April,Apr,2011-04,201104,25,Monday,Mon,1,0,1
2011-04-26,2011,Q2,Q2 2011,4,April,Apr,2011-04,201104,26,Tuesday,Tue,2,0,1
2011-04-27,2011,Q2,Q2 2011,4,April,Apr,2011-04,201104,27,Wednesday,Wed,3,0,1
2011-04-28,2011,Q2,Q2 2011,4,April,Apr,2011-04,201104,28,Thursday,Thu,4,0,1
2011-04-29,2011,Q2,Q2 2011,4,April,Apr,2011-04,201104,29,Friday,Fri,5,0,1
2011-04-30,2011,Q2,Q2 2011,4,April,Apr,2011-04,201104,30,Saturday,Sat,6,1,0
2011-05-01,2011,Q2,Q2 2011,5,May,May,2011-05,201105,1,Sunday,Sun,7,1,0
2011-05-02,2011,Q2,Q2 2011,5,May,May,2011-05,201105,2,Monday,Mon,1,0,1
2011-05-03,2011,Q2,Q2 2011,5,May,May,2011-05,201105,3,Tuesday,Tue,2,0,1
2011-05-04,2011,Q2,Q2 2011,5,May,May,2011-05,201105,4,Wednesday,Wed,3,0,1
2011-05-05,2011,Q2,Q2 2011,5,May,May,2011-05,201105,5,Thursday,Thu,4,0,1
2011-05-06,2011,Q2,Q2 2011,5,May,May,2011-05,201105,6,Friday,Fri,5,0,1
2011-05-07,2011,Q2,Q2 2011,5,May,May,2011-05,201105,7,Saturday,Sat,6,1,0
2011-05-08,2011,Q2,Q2 2011,5,May,May,2011-05,201105,8,Sunday,Sun,7,1,0
2011-05-09,2011,Q2,Q2 2011,5,May,May,2011-05,201105,9,Monday,Mon,1,0,1
2011-05-10,2011,Q2,Q2 2011,5,May,May,2011-05,201105,10,Tuesday,Tue,2,0,1
2011-05-11,2011,Q2,Q2 2011,5,May,May,2011-05,201105,11,Wednesday,Wed,3,0,1
2011-05-12,2011,Q2,Q2 2011,5,May,May,2011-05,201105,12,Thursday,Thu,4,0,1
2011-05-13,2011,Q2,Q2 2011,5,May,May,2011-05,201105,13,Friday,Fri,5,0,1
2011-05-14,2011,Q2,Q2 2011,5,May,May,2011-05,201105,14,Saturday,Sat,6,1,0
2011-05-15,2011,Q2,Q2 2011,5,May,May,2011-05,201105,15,Sunday,Sun,7,1,0
2011-05-16,2011,Q2,Q2 2011,5,May,May,2011-05,201105,16,Monday,Mon,1,0,1
2011-05-17,2011,Q2,Q2 2011,5,May,May,2011-05,201105,17,Tuesday,Tue,2,0,1
2011-05-18,2011,Q2,Q2 2011,5,May,May,2011-05,201105,18,Wednesday,Wed,3,0,1
2011-05-19,2011,Q2,Q2 2011,5,May,May,2011-05,201105,19,Thursday,Thu,4,0,1
2011-05-20,2011,Q2,Q2 2011,5,May,May,2011-05,201105,20,Friday,Fri,5,0,1
2011-05-21,2011,Q2,Q2 2011,5,May,May,2011-05,201105,21,Saturday,Sat,6,1,0
2011-05-22,2011,Q2,Q2 2011,5,May,May,2011-05,201105,22,Sunday,Sun,7,1,0
2011-05-23,2011,Q2,Q2 2011,5,May,May,2011-05,201105,23,Monday,Mon,1,0,1
2011-05-24,2011,Q2,Q2 2011,5,May,May,2011-05,201105,24,Tuesday,Tue,2,0,1
2011-05-25,2011,Q2,Q2 2011,5,May,May,2011-05,201105,25,Wednesday,Wed,3,0,1
2011-05-26,2011,Q2,Q2 2011,5,May,May,2011-05,201105,26,Thursday,Thu,4,0,1
2011-05-27,2011,Q2,Q2 2011,5,May,May,2011-05,201105,27,Friday,Fri,5,0,1
2011-05-28,2011,Q2,Q2 2011,5,May,May,2011-05,201105,28,Saturday,Sat,6,1,0
2011-05-29,2011,Q2,Q2 2011,5,May,May,2011-05,201105,29,Sunday,Sun,7,1,0
2011-05-30,2011,Q2,Q2 2011,5,May,May,2011-05,201105,30,Monday,Mon,1,0,1
2011-05-31,2011,Q2,Q2 2011,5,May,May,2011-05,201105,31,Tuesday,Tue,2,0,1
2011-06-01,2011,Q2,Q2 2011,6,June,Jun,2011-06,201106,1,Wednesday,Wed,3,0,1
2011-06-02,2011,Q2,Q2 2011,6,June,Jun,2011-06,201106,2,Thursday,Thu,4,0,1
2011-06-03,2011,Q2,Q2 2011,6,June,Jun,2011-06,201106,3,Friday,Fri,5,0,1
2011-06-04,2011,Q2,Q2 2011,6,June,Jun,2011-06,201106,4,Saturday,Sat,6,1,0
2011-06-05,2011,Q2,Q2 2011,6,June,Jun,2011-06,201106,5,Sunday,Sun,7,1,0
2011-06-06,2011,Q2,Q2 2011,6,June,Jun,2011-06,201106,6,Monday,Mon,1,0,1
2011-06-07,2011,Q2,Q2 2011,6,June,Jun,2011-06,201106,7,Tuesday,Tue,2,0,1
2011-06-08,2011,Q2,Q2 2011,6,June,Jun,2011-06,201106,8,Wednesday,Wed,3,0,1
2011-06-09,2011,Q2,Q2 2011,6,June,Jun,2011-06,201106,9,Thursday,Thu,4,0,1
2011-06-10,2011,Q2,Q2 2011,6,June,Jun,2011-06,201106,10,Friday,Fri,5,0,1
2011-06-11,2011,Q2,Q2 2011,6,June,Jun,2011-06,201106,11,Saturday,Sat,6,1,0
2011-06-12,2011,Q2,Q2 2011,6,June,Jun,2011-06,201106,12,Sunday,Sun,7,1,0
2011-06-13,2011,Q2,Q2 2011,6,June,Jun,2011-06,201106,13,Monday,Mon,1,0,1
2011-06-14,2011,Q2,Q2 2011,6,June,Jun,2011-06,201106,14,Tuesday,Tue,2,0,1
2011-06-15,2011,Q2,Q2 2011,6,June,Jun,2011-06,201106,15,Wednesday,Wed,3,0,1
2011-06-16,2011,Q2,Q2 2011,6,June,Jun,2011-06,201106,16,Thursday,Thu,4,0,1
2011-06-17,2011,Q2,Q2 2011,6,June,Jun,2011-06,201106,17,Friday,Fri,5,0,1
2011-06-18,2011,Q2,Q2 2011,6,June,Jun,2011-06,201106,18,Saturday,Sat,6,1,0
2011-06-19,2011,Q2,Q2 2011,6,June,Jun,2011-06,201106,19,Sunday,Sun,7,1,0
2011-06-20,2011,Q2,Q2 2011,6,June,Jun,2011-06,201106,20,Monday,Mon,1,0,1
2011-06-21,2011,Q2,Q2 2011,6,June,Jun,2011-06,201106,21,Tuesday,Tue,2,0,1
2011-06-22,2011,Q2,Q2 2011,6,June,Jun,2011-06,201106,22,Wednesday,Wed,3,0,1
2011-06-23,2011,Q2,Q2 2011,6,June,Jun,2011-06,201106,23,Thursday,Thu,4,0,1
2011-06-24,2011,Q2,Q2 2011,6,June,Jun,2011-06,201106,24,Friday,Fri,5,0,1
2011-06-25,2011,Q2,Q2 2011,6,June,Jun,2011-06,201106,25,Saturday,Sat,6,1,0
2011-06-26,2011,Q2,Q2 2011,6,June,Jun,2011-06,201106,26,Sunday,Sun,7,1,0
2011-06-27,2011,Q2,Q2 2011,6,June,Jun,2011-06,201106,27,Monday,Mon,1,0,1
2011-06-28,2011,Q2,Q2 2011,6,June,Jun,2011-06,201106,28,Tuesday,Tue,2,0,1
2011-06-29,2011,Q2,Q2 2011,6,June,Jun,2011-06,201106,29,Wednesday,Wed,3,0,1
2011-06-30,2011,Q2,Q2 2011,6,June,Jun,2011-06,201106,30,Thursday,Thu,4,0,1
2011-07-01,2011,Q3,Q3 2011,7,July,Jul,2011-07,201107,1,Friday,Fri,5,0,1
2011-07-02,2011,Q3,Q3 2011,7,July,Jul,2011-07,201107,2,Saturday,Sat,6,1,0
2011-07-03,2011,Q3,Q3 2011,7,July,Jul,2011-07,201107,3,Sunday,Sun,7,1,0
2011-07-04,2011,Q3,Q3 2011,7,July,Jul,2011-07,201107,4,Monday,Mon,1,0,1
2011-07-05,2011,Q3,Q3 2011,7,July,Jul,2011-07,201107,5,Tuesday,Tue,2,0,1
2011-07-06,2011,Q3,Q3 2011,7,July,Jul,2011-07,201107,6,Wednesday,Wed,3,0,1
2011-07-07,2011,Q3,Q3 2011,7,July,Jul,2011-07,201107,7,Thursday,Thu,4,0,1
2011-07-08,2011,Q3,Q3 2011,7,July,Jul,2011-07,201107,8,Friday,Fri,5,0,1
2011-07-09,2011,Q3,Q3 2011,7,July,Jul,2011-07,201107,9,Saturday,Sat,6,1,0
2011-07-10,2011,Q3,Q3 2011,7,July,Jul,2011-07,201107,10,Sunday,Sun,7,1,0
2011-07-11,2011,Q3,Q3 2011,7,July,Jul,2011-07,201107,11,Monday,Mon,1,0,1
2011-07-12,2011,Q3,Q3 2011,7,July,Jul,2011-07,201107,12,Tuesday,Tue,2,0,1
2011-07-13,2011,Q3,Q3 2011,7,July,Jul,2011-07,201107,13,Wednesday,Wed,3,0,1
2011-07-14,2011,Q3,Q3 2011,7,July,Jul,2011-07,201107,14,Thursday,Thu,4,0,1
2011-07-15,2011,Q3,Q3 2011,7,July,Jul,2011-07,201107,15,Friday,Fri,5,0,1
2011-07-16,2011,Q3,Q3 2011,7,July,Jul,2011-07,201107,16,Saturday,Sat,6,1,0
2011-07-17,2011,Q3,Q3 2011,7,July,Jul,2011-07,201107,17,Sunday,Sun,7,1,0
2011-07-18,2011,Q3,Q3 2011,7,July,Jul,2011-07,201107,18,Monday,Mon,1,0,1
2011-07-19,2011,Q3,Q3 2011,7,July,Jul,2011-07,201107,19,Tuesday,Tue,2,0,1
2011-07-20,2011,Q3,Q3 2011,7,July,Jul,2011-07,201107,20,Wednesday,Wed,3,0,1
2011-07-21,2011,Q3,Q3 2011,7,July,Jul,2011-07,201107,21,Thursday,Thu,4,0,1
2011-07-22,2011,Q3,Q3 2011,7,July,Jul,2011-07,201107,22,Friday,Fri,5,0,1
2011-07-23,2011,Q3,Q3 2011,7,July,Jul,2011-07,201107,23,Saturday,Sat,6,1,0
2011-07-24,2011,Q3,Q3 2011,7,July,Jul,2011-07,201107,24,Sunday,Sun,7,1,0
2011-07-25,2011,Q3,Q3 2011,7,July,Jul,2011-07,201107,25,Monday,Mon,1,0,1
2011-07-26,2011,Q3,Q3 2011,7,July,Jul,2011-07,201107,26,Tuesday,Tue,2,0,1
2011-07-27,2011,Q3,Q3 2011,7,July,Jul,2011-07,201107,27,Wednesday,Wed,3,0,1
2011-07-28,2011,Q3,Q3 2011,7,July,Jul,2011-07,201107,28,Thursday,Thu,4,0,1
2011-07-29,2011,Q3,Q3 2011,7,July,Jul,2011-07,201107,29,Friday,Fri,5,0,1
2011-07-30,2011,Q3,Q3 2011,7,July,Jul,2011-07,201107,30,Saturday,Sat,6,1,0
2011-07-31,2011,Q3,Q3 2011,7,July,Jul,2011-07,201107,31,Sunday,Sun,7,1,0
2011-08-01,2011,Q3,Q3 2011,8,August,Aug,2011-08,201108,1,Monday,Mon,1,0,1
2011-08-02,2011,Q3,Q3 2011,8,August,Aug,2011-08,201108,2,Tuesday,Tue,2,0,1
2011-08-03,2011,Q3,Q3 2011,8,August,Aug,2011-08,201108,3,Wednesday,Wed,3,0,1
2011-08-04,2011,Q3,Q3 2011,8,August,Aug,2011-08,201108,4,Thursday,Thu,4,0,1
2011-08-05,2011,Q3,Q3 2011,8,August,Aug,2011-08,201108,5,Friday,Fri,5,0,1
2011-08-06,2011,Q3,Q3 2011,8,August,Aug,2011-08,201108,6,Saturday,Sat,6,1,0
2011-08-07,2011,Q3,Q3 2011,8,August,Aug,2011-08,201108,7,Sunday,Sun,7,1,0
2011-08-08,2011,Q3,Q3 2011,8,August,Aug,2011-08,201108,8,Monday,Mon,1,0,1
2011-08-09,2011,Q3,Q3 2011,8,August,Aug,2011-08,201108,9,Tuesday,Tue,2,0,1
2011-08-10,2011,Q3,Q3 2011,8,August,Aug,2011-08,201108,10,Wednesday,Wed,3,0,1
2011-08-11,2011,Q3,Q3 2011,8,August,Aug,2011-08,201108,11,Thursday,Thu,4,0,1
2011-08-12,2011,Q3,Q3 2011,8,August,Aug,2011-08,201108,12,Friday,Fri,5,0,1
2011-08-13,2011,Q3,Q3 2011,8,August,Aug,2011-08,201108,13,Saturday,Sat,6,1,0
2011-08-14,2011,Q3,Q3 2011,8,August,Aug,2011-08,201108,14,Sunday,Sun,7,1,0
2011-08-15,2011,Q3,Q3 2011,8,August,Aug,2011-08,201108,15,Monday,Mon,1,0,0
2011-08-16,2011,Q3,Q3 2011,8,August,Aug,2011-08,201108,16,Tuesday,Tue,2,0,1
2011-08-17,2011,Q3,Q3 2011,8,August,Aug,2011-08,201108,17,Wednesday,Wed,3,0,1
2011-08-18,2011,Q3,Q3 2011,8,August,Aug,2011-08,201108,18,Thursday,Thu,4,0,1
2011-08-19,2011,Q3,Q3 2011,8,August,Aug,2011-08,201108,19,Friday,Fri,5,0,1
2011-08-20,2011,Q3,Q3 2011,8,August,Aug,2011-08,201108,20,Saturday,Sat,6,1,0
2011-08-21,2011,Q3,Q3 2011,8,August,Aug,2011-08,201108,21,Sunday,Sun,7,1,0
2011-08-22,2011,Q3,Q3 2011,8,August,Aug,2011-08,201108,22,Monday,Mon,1,0,1
2011-08-23,2011,Q3,Q3 2011,8,August,Aug,2011-08,201108,23,Tuesday,Tue,2,0,1
2011-08-24,2011,Q3,Q3 2011,8,August,Aug,2011-08,201108,24,Wednesday,Wed,3,0,1
2011-08-25,2011,Q3,Q3 2011,8,August,Aug,2011-08,201108,25,Thursday,Thu,4,0,1
2011-08-26,2011,Q3,Q3 2011,8,August,Aug,2011-08,201108,26,Friday,Fri,5,0,1
2011-08-27,2011,Q3,Q3 2011,8,August,Aug,2011-08,201108,27,Saturday,Sat,6,1,0
2011-08-28,2011,Q3,Q3 2011,8,August,Aug,2011-08,201108,28,Sunday,Sun,7,1,0
2011-08-29,2011,Q3,Q3 2011,8,August,Aug,2011-08,201108,29,Monday,Mon,1,0,1
2011-08-30,2011,Q3,Q3 2011,8,August,Aug,2011-08,201108,30,Tuesday,Tue,2,0,1
2011-08-31,2011,Q3,Q3 2011,8,August,Aug,2011-08,201108,31,Wednesday,Wed,3,0,0
2011-09-01,2011,Q3,Q3 2011,9,September,Sep,2011-09,201109,1,Thursday,Thu,4,0,0
2011-09-02,2011,Q3,Q3 2011,9,September,Sep,2011-09,201109,2,Friday,Fri,5,0,1
2011-09-03,2011,Q3,Q3 2011,9,September,Sep,2011-09,201109,3,Saturday,Sat,6,1,0
2011-09-04,2011,Q3,Q3 2011,9,September,Sep,2011-09,201109,4,Sunday,Sun,7,1,0
2011-09-05,2011,Q3,Q3 2011,9,September,Sep,2011-09,201109,5,Monday,Mon,1,0,1
2011-09-06,2011,Q3,Q3 2011,9,September,Sep,2011-09,201109,6,Tuesday,Tue,2,0,1
2011-09-07,2011,Q3,Q3 2011,9,September,Sep,2011-09,201109,7,Wednesday,Wed,3,0,1
2011-09-08,2011,Q3,Q3 2011,9,September,Sep,2011-09,201109,8,Thursday,Thu,4,0,1
2011-09-09,2011,Q3,Q3 2011,9,September,Sep,2011-09,201109,9,Friday,Fri,5,0,1
2011-09-10,2011,Q3,Q3 2011,9,September,Sep,2011-09,201109,10,Saturday,Sat,6,1,0
2011-09-11,2011,Q3,Q3 2011,9,September,Sep,2011-09,201109,11,Sunday,Sun,7,1,0
2011-09-12,2011,Q3,Q3 2011,9,September,Sep,2011-09,201109,12,Monday,Mon,1,0,1
2011-09-13,2011,Q3,Q3 2011,9,September,Sep,2011-09,201109,13,Tuesday,Tue,2,0,1
2011-09-14,2011,Q3,Q3 2011,9,September,Sep,2011-09,201109,14,Wednesday,Wed,3,0,1
2011-09-15,2011,Q3,Q3 2011,9,September,Sep,2011-09,201109,15,Thursday,Thu,4,0,1
2011-09-16,2011,Q3,Q3 2011,9,September,Sep,2011-09,201109,16,Friday,Fri,5,0,1
2011-09-17,2011,Q3,Q3 2011,9,September,Sep,2011-09,201109,17,Saturday,Sat,6,1,0
2011-09-18,2011,Q3,Q3 2011,9,September,Sep,2011-09,201109,18,Sunday,Sun,7,1,0
2011-09-19,2011,Q3,Q3 2011,9,September,Sep,2011-09,201109,19,Monday,Mon,1,0,1
2011-09-20,2011,Q3,Q3 2011,9,September,Sep,2011-09,201109,20,Tuesday,Tue,2,0,1
2011-09-21,2011,Q3,Q3 2011,9,September,Sep,2011-09,201109,21,Wednesday,Wed,3,0,1
2011-09-22,2011,Q3,Q3 2011,9,September,Sep,2011-09,201109,22,Thursday,Thu,4,0,1
2011-09-23,2011,Q3,Q3 2011,9,September,Sep,2011-09,201109,23,Friday,Fri,5,0,1
2011-09-24,2011,Q3,Q3 2011,9,September,Sep,2011-09,201109,24,Saturday,Sat,6,1,0
2011-09-25,2011,Q3,Q3 2011,9,September,Sep,2011-09,201109,25,Sunday,Sun,7,1,0
2011-09-26,2011,Q3,Q3 2011,9,September,Sep,2011-09,201109,26,Monday,Mon,1,0,1
2011-09-27,2011,Q3,Q3 2011,9,September,Sep,2011-09,201109,27,Tuesday,Tue,2,0,1
2011-09-28,2011,Q3,Q3 2011,9,September,Sep,2011-09,201109,28,Wednesday,Wed,3,0,1
2011-09-29,2011,Q3,Q3 2011,9,September,Sep,2011-09,201109,29,Thursday,Thu,4,0,1
2011-09-30,2011,Q3,Q3 2011,9,September,Sep,2011-09,201109,30,Friday,Fri,5,0,1
2011-10-01,2011,Q4,Q4 2011,10,October,Oct,2011-10,201110,1,Saturday,Sat,6,1,0
2011-10-02,2011,Q4,Q4 2011,10,October,Oct,2011-10,201110,2,Sunday,Sun,7,1,0
2011-10-03,2011,Q4,Q4 2011,10,October,Oct,2011-10,201110,3,Monday,Mon,1,0,1
2011-10-04,2011,Q4,Q4 2011,10,October,Oct,2011-10,201110,4,Tuesday,Tue,2,0,1
2011-10-05,2011,Q4,Q4 2011,10,October,Oct,2011-10,201110,5,Wednesday,Wed,3,0,1
2011-10-06,2011,Q4,Q4 2011,10,October,Oct,2011-10,201110,6,Thursday,Thu,4,0,0
2011-10-07,2011,Q4,Q4 2011,10,October,Oct,2011-10,201110,7,Friday,Fri,5,0,1
2011-10-08,2011,Q4,Q4 2011,10,October,Oct,2011-10,201110,8,Saturday,Sat,6,1,0
2011-10-09,2011,Q4,Q4 2011,10,October,Oct,2011-10,201110,9,Sunday,Sun,7,1,0
2011-10-10,2011,Q4,Q4 2011,10,October,Oct,2011-10,201110,10,Monday,Mon,1,0,1
2011-10-11,2011,Q4,Q4 2011,10,October,Oct,2011-10,201110,11,Tuesday,Tue,2,0,1
2011-10-12,2011,Q4,Q4 2011,10,October,Oct,2011-10,201110,12,Wednesday,Wed,3,0,1
2011-10-13,2011,Q4,Q4 2011,10,October,Oct,2011-10,201110,13,Thursday,Thu,4,0,1
2011-10-14,2011,Q4,Q4 2011,10,October,Oct,2011-10,201110,14,Friday,Fri,5,0,1
2011-10-15,2011,Q4,Q4 2011,10,October,Oct,2011-10,201110,15,Saturday,Sat,6,1,0
2011-10-16,2011,Q4,Q4 2011,10,October,Oct,2011-10,201110,16,Sunday,Sun,7,1,0
2011-10-17,2011,Q4,Q4 2011,10,October,Oct,2011-10,201110,17,Monday,Mon,1,0,1
2011-10-18,2011,Q4,Q4 2011,10,October,Oct,2011-10,201110,18,Tuesday,Tue,2,0,1
2011-10-19,2011,Q4,Q4 2011,10,October,Oct,2011-10,201110,19,Wednesday,Wed,3,0,1
2011-10-20,2011,Q4,Q4 2011,10,October,Oct,2011-10,201110,20,Thursday,Thu,4,0,1
2011-10-21,2011,Q4,Q4 2011,10,October,Oct,2011-10,201110,21,Friday,Fri,5,0,1
2011-10-22,2011,Q4,Q4 2011,10,October,Oct,2011-10,201110,22,Saturday,Sat,6,1,0
2011-10-23,2011,Q4,Q4 2011,10,October,Oct,2011-10,201110,23,Sunday,Sun,7,1,0
2011-10-24,2011,Q4,Q4 2011,10,October,Oct,2011-10,201110,24,Monday,Mon,1,0,1
2011-10-25,2011,Q4,Q4 2011,10,October,Oct,2011-10,201110,25,Tuesday,Tue,2,0,1
2011-10-26,2011,Q4,Q4 2011,10,October,Oct,2011-10,201110,26,Wednesday,Wed,3,0,0
2011-10-27,2011,Q4,Q4 2011,10,October,Oct,2011-10,201110,27,Thursday,Thu,4,0,0
2011-10-28,2011,Q4,Q4 2011,10,October,Oct,2011-10,201110,28,Friday,Fri,5,0,1
2011-10-29,2011,Q4,Q4 2011,10,October,Oct,2011-10,201110,29,Saturday,Sat,6,1,0
2011-10-30,2011,Q4,Q4 2011,10,October,Oct,2011-10,201110,30,Sunday,Sun,7,1,0
2011-10-31,2011,Q4,Q4 2011,10,October,Oct,2011-10,201110,31,Monday,Mon,1,0,1
2011-11-01,2011,Q4,Q4 2011,11,November,Nov,2011-11,201111,1,Tuesday,Tue,2,0,1
2011-11-02,2011,Q4,Q4 2011,11,November,Nov,2011-11,201111,2,Wednesday,Wed,3,0,1
2011-11-03,2011,Q4,Q4 2011,11,November,Nov,2011-11,201111,3,Thursday,Thu,4,0,1
2011-11-04,2011,Q4,Q4 2011,11,November,Nov,2011-11,201111,4,Friday,Fri,5,0,1
2011-11-05,2011,Q4,Q4 2011,11,November,Nov,2011-11,201111,5,Saturday,Sat,6,1,0
2011-11-06,2011,Q4,Q4 2011,11,November,Nov,2011-11,201111,6,Sunday,Sun,7,1,0
2011-11-07,2011,Q4,Q4 2011,11,November,Nov,2011-11,201111,7,Monday,Mon,1,0,0
2011-11-08,2011,Q4,Q4 2011,11,November,Nov,2011-11,201111,8,Tuesday,Tue,2,0,1
2011-11-09,2011,Q4,Q4 2011,11,November,Nov,2011-11,201111,9,Wednesday,Wed,3,0,1
2011-11-10,2011,Q4,Q4 2011,11,November,Nov,2011-11,201111,10,Thursday,Thu,4,0,0
2011-11-11,2011,Q4,Q4 2011,11,November,Nov,2011-11,201111,11,Friday,Fri,5,0,1
2011-11-12,2011,Q4,Q4 2011,11,November,Nov,2011-11,201111,12,Saturday,Sat,6,1,0
2011-11-13,2011,Q4,Q4 2011,11,November,Nov,2011-11,201111,13,Sunday,Sun,7,1,0
2011-11-14,2011,Q4,Q4 2011,11,November,Nov,2011-11,201111,14,Monday,Mon,1,0,1
2011-11-15,2011,Q4,Q4 2011,11,November,Nov,2011-11,201111,15,Tuesday,Tue,2,0,1
2011-11-16,2011,Q4,Q4 2011,11,November,Nov,2011-11,201111,16,Wednesday,Wed,3,0,1
2011-11-17,2011,Q4,Q4 2011,11,November,Nov,2011-11,201111,17,Thursday,Thu,4,0,1
2011-11-18,2011,Q4,Q4 2011,11,November,Nov,2011-11,201111,18,Friday,Fri,5,0,1
2011-11-19,2011,Q4,Q4 2011,11,November,Nov,2011-11,201111,19,Saturday,Sat,6,1,0
2011-11-20,2011,Q4,Q4 2011,11,November,Nov,2011-11,201111,20,Sunday,Sun,7,1,0
2011-11-21,2011,Q4,Q4 2011,11,November,Nov,2011-11,201111,21,Monday,Mon,1,0,1
2011-11-22,2011,Q4,Q4 2011,11,November,Nov,2011-11,201111,22,Tuesday,Tue,2,0,1
2011-11-23,2011,Q4,Q4 2011,11,November,Nov,2011-11,201111,23,Wednesday,Wed,3,0,1
2011-11-24,2011,Q4,Q4 2011,11,November,Nov,2011-11,201111,24,Thursday,Thu,4,0,1
2011-11-25,2011,Q4,Q4 2011,11,November,Nov,2011-11,201111,25,Friday,Fri,5,0,1
2011-11-26,2011,Q4,Q4 2011,11,November,Nov,2011-11,201111,26,Saturday,Sat,6,1,0
2011-11-27,2011,Q4,Q4 2011,11,November,Nov,2011-11,201111,27,Sunday,Sun,7,1,0
2011-11-28,2011,Q4,Q4 2011,11,November,Nov,2011-11,201111,28,Monday,Mon,1,0,1
2011-11-29,2011,Q4,Q4 2011,11,November,Nov,2011-11,201111,29,Tuesday,Tue,2,0,1
2011-11-30,2011,Q4,Q4 2011,11,November,Nov,2011-11,201111,30,Wednesday,Wed,3,0,1
2011-12-01,2011,Q4,Q4 2011,12,December,Dec,2011-12,201112,1,Thursday,Thu,4,0,1
2011-12-02,2011,Q4,Q4 2011,12,December,Dec,2011-12,201112,2,Friday,Fri,5,0,1
2011-12-03,2011,Q4,Q4 2011,12,December,Dec,2011-12,201112,3,Saturday,Sat,6,1,0
2011-12-04,2011,Q4,Q4 2011,12,December,Dec,2011-12,201112,4,Sunday,Sun,7,1,0
2011-12-05,2011,Q4,Q4 2011,12,December,Dec,2011-12,201112,5,Monday,Mon,1,0,1
2011-12-06,2011,Q4,Q4 2011,12,December,Dec,2011-12,201112,6,Tuesday,Tue,2,0,0
2011-12-07,2011,Q4,Q4 2011,12,December,Dec,2011-12,201112,7,Wednesday,Wed,3,0,1
2011-12-08,2011,Q4,Q4 2011,12,December,Dec,2011-12,201112,8,Thursday,Thu,4,0,1
2011-12-09,2011,Q4,Q4 2011,12,December,Dec,2011-12,201112,9,Friday,Fri,5,0,1
2011-12-10,2011,Q4,Q4 2011,12,December,Dec,2011-12,201112,10,Saturday,Sat,6,1,0
2011-12-11,2011,Q4,Q4 2011,12,December,Dec,2011-12,201112,11,Sunday,Sun,7,1,0
2011-12-12,2011,Q4,Q4 2011,12,December,Dec,2011-12,201112,12,Monday,Mon,1,0,1
2011-12-13,2011,Q4,Q4 2011,12,December,Dec,2011-12,201112,13,Tuesday,Tue,2,0,1
2011-12-14,2011,Q4,Q4 2011,12,December,Dec,2011-12,201112,14,Wednesday,Wed,3,0,1
2011-12-15,2011,Q4,Q4 2011,12,December,Dec,2011-12,201112,15,Thursday,Thu,4,0,1
2011-12-16,2011,Q4,Q4 2011,12,December,Dec,2011-12,201112,16,Friday,Fri,5,0,1
2011-12-17,2011,Q4,Q4 2011,12,December,Dec,2011-12,201112,17,Saturday,Sat,6,1,0
2011-12-18,2011,Q4,Q4 2011,12,December,Dec,2011-12,201112,18,Sunday,Sun,7,1,0
2011-12-19,2011,Q4,Q4 2011,12,December,Dec,2011-12,201112,19,Monday,Mon,1,0,1
2011-12-20,2011,Q4,Q4 2011,12,December,Dec,2011-12,201112,20,Tuesday,Tue,2,0,1
2011-12-21,2011,Q4,Q4 2011,12,December,Dec,2011-12,201112,21,Wednesday,Wed,3,0,1
2011-12-22,2011,Q4,Q4 2011,12,December,Dec,2011-12,201112,22,Thursday,Thu,4,0,1
2011-12-23,2011,Q4,Q4 2011,12,December,Dec,2011-12,201112,23,Friday,Fri,5,0,1
2011-12-24,2011,Q4,Q4 2011,12,December,Dec,2011-12,201112,24,Saturday,Sat,6,1,0
2011-12-25,2011,Q4,Q4 2011,12,December,Dec,2011-12,201112,25,Sunday,Sun,7,1,0
2011-12-26,2011,Q4,Q4 2011,12,December,Dec,2011-12,201112,26,Monday,Mon,1,0,1
2011-12-27,2011,Q4,Q4 2011,12,December,Dec,2011-12,201112,27,Tuesday,Tue,2,0,1
2011-12-28,2011,Q4,Q4 2011,12,December,Dec,2011-12,201112,28,Wednesday,Wed,3,0,1
2011-12-29,2011,Q4,Q4 2011,12,December,Dec,2011-12,201112,29,Thursday,Thu,4,0,1
2011-12-30,2011,Q4,Q4 2011,12,December,Dec,2011-12,201112,30,Friday,Fri,5,0,1
2011-12-31,2011,Q4,Q4 2011,12,December,Dec,2011-12,201112,31,Saturday,Sat,6,1,0
2012-01-01,2012,Q1,Q1 2012,1,January,Jan,2012-01,201201,1,Sunday,Sun,7,1,0
2012-01-02,2012,Q1,Q1 2012,1,January,Jan,2012-01,201201,2,Monday,Mon,1,0,1
2012-01-03,2012,Q1,Q1 2012,1,January,Jan,2012-01,201201,3,Tuesday,Tue,2,0,1
2012-01-04,2012,Q1,Q1 2012,1,January,Jan,2012-01,201201,4,Wednesday,Wed,3,0,1
2012-01-05,2012,Q1,Q1 2012,1,January,Jan,2012-01,201201,5,Thursday,Thu,4,0,1
2012-01-06,2012,Q1,Q1 2012,1,January,Jan,2012-01,201201,6,Friday,Fri,5,0,1
2012-01-07,2012,Q1,Q1 2012,1,January,Jan,2012-01,201201,7,Saturday,Sat,6,1,0
2012-01-08,2012,Q1,Q1 2012,1,January,Jan,2012-01,201201,8,Sunday,Sun,7,1,0
2012-01-09,2012,Q1,Q1 2012,1,January,Jan,2012-01,201201,9,Monday,Mon,1,0,1
2012-01-10,2012,Q1,Q1 2012,1,January,Jan,2012-01,201201,10,Tuesday,Tue,2,0,1
2012-01-11,2012,Q1,Q1 2012,1,January,Jan,2012-01,201201,11,Wednesday,Wed,3,0,1
2012-01-12,2012,Q1,Q1 2012,1,January,Jan,2012-01,201201,12,Thursday,Thu,4,0,1
2012-01-13,2012,Q1,Q1 2012,1,January,Jan,2012-01,201201,13,Friday,Fri,5,0,1
2012-01-14,2012,Q1,Q1 2012,1,January,Jan,2012-01,201201,14,Saturday,Sat,6,1,0
2012-01-15,2012,Q1,Q1 2012,1,January,Jan,2012-01,201201,15,Sunday,Sun,7,1,0
2012-01-16,2012,Q1,Q1 2012,1,January,Jan,2012-01,201201,16,Monday,Mon,1,0,1
2012-01-17,2012,Q1,Q1 2012,1,January,Jan,2012-01,201201,17,Tuesday,Tue,2,0,1
2012-01-18,2012,Q1,Q1 2012,1,January,Jan,2012-01,201201,18,Wednesday,Wed,3,0,1
2012-01-19,2012,Q1,Q1 2012,1,January,Jan,2012-01,201201,19,Thursday,Thu,4,0,1
2012-01-20,2012,Q1,Q1 2012,1,January,Jan,2012-01,201201,20,Friday,Fri,5,0,1
2012-01-21,2012,Q1,Q1 2012,1,January,Jan,2012-01,201201,21,Saturday,Sat,6,1,0
2012-01-22,2012,Q1,Q1 2012,1,January,Jan,2012-01,201201,22,Sunday,Sun,7,1,0
2012-01-23,2012,Q1,Q1 2012,1,January,Jan,2012-01,201201,23,Monday,Mon,1,0,1
2012-01-24,2012,Q1,Q1 2012,1,January,Jan,2012-01,201201,24,Tuesday,Tue,2,0,1
2012-01-25,2012,Q1,Q1 2012,1,January,Jan,2012-01,201201,25,Wednesday,Wed,3,0,1
2012-01-26,2012,Q1,Q1 2012,1,January,Jan,2012-01,201201,26,Thursday,Thu,4,0,0
2012-01-27,2012,Q1,Q1 2012,1,January,Jan,2012-01,201201,27,Friday,Fri,5,0,1
2012-01-28,2012,Q1,Q1 2012,1,January,Jan,2012-01,201201,28,Saturday,Sat,6,1,0
2012-01-29,2012,Q1,Q1 2012,1,January,Jan,2012-01,201201,29,Sunday,Sun,7,1,0
2012-01-30,2012,Q1,Q1 2012,1,January,Jan,2012-01,201201,30,Monday,Mon,1,0,1
2012-01-31,2012,Q1,Q1 2012,1,January,Jan,2012-01,201201,31,Tuesday,Tue,2,0,1
2012-02-01,2012,Q1,Q1 2012,2,February,Feb,2012-02,201202,1,Wednesday,Wed,3,0,1
2012-02-02,2012,Q1,Q1 2012,2,February,Feb,2012-02,201202,2,Thursday,Thu,4,0,1
2012-02-03,2012,Q1,Q1 2012,2,February,Feb,2012-02,201202,3,Friday,Fri,5,0,1
2012-02-04,2012,Q1,Q1 2012,2,February,Feb,2012-02,201202,4,Saturday,Sat,6,1,0
2012-02-05,2012,Q1,Q1 2012,2,February,Feb,2012-02,201202,5,Sunday,Sun,7,1,0
2012-02-06,2012,Q1,Q1 2012,2,February,Feb,2012-02,201202,6,Monday,Mon,1,0,1
2012-02-07,2012,Q1,Q1 2012,2,February,Feb,2012-02,201202,7,Tuesday,Tue,2,0,1
2012-02-08,2012,Q1,Q1 2012,2,February,Feb,2012-02,201202,8,Wednesday,Wed,3,0,1
2012-02-09,2012,Q1,Q1 2012,2,February,Feb,2012-02,201202,9,Thursday,Thu,4,0,1
2012-02-10,2012,Q1,Q1 2012,2,February,Feb,2012-02,201202,10,Friday,Fri,5,0,1
2012-02-11,2012,Q1,Q1 2012,2,February,Feb,2012-02,201202,11,Saturday,Sat,6,1,0
2012-02-12,2012,Q1,Q1 2012,2,February,Feb,2012-02,201202,12,Sunday,Sun,7,1,0
2012-02-13,2012,Q1,Q1 2012,2,February,Feb,2012-02,201202,13,Monday,Mon,1,0,1
2012-02-14,2012,Q1,Q1 2012,2,February,Feb,2012-02,201202,14,Tuesday,Tue,2,0,1
2012-02-15,2012,Q1,Q1 2012,2,February,Feb,2012-02,201202,15,Wednesday,Wed,3,0,1
2012-02-16,2012,Q1,Q1 2012,2,February,Feb,2012-02,201202,16,Thursday,Thu,4,0,1
2012-02-17,2012,Q1,Q1 2012,2,February,Feb,2012-02,201202,17,Friday,Fri,5,0,1
2012-02-18,2012,Q1,Q1 2012,2,February,Feb,2012-02,201202,18,Saturday,Sat,6,1,0
2012-02-19,2012,Q1,Q1 2012,2,February,Feb,2012-02,201202,19,Sunday,Sun,7,1,0
2012-02-20,2012,Q1,Q1 2012,2,February,Feb,2012-02,201202,20,Monday,Mon,1,0,0
2012-02-21,2012,Q1,Q1 2012,2,February,Feb,2012-02,201202,21,Tuesday,Tue,2,0,1
2012-02-22,2012,Q1,Q1 2012,2,February,Feb,2012-02,201202,22,Wednesday,Wed,3,0,1
2012-02-23,2012,Q1,Q1 2012,2,February,Feb,2012-02,201202,23,Thursday,Thu,4,0,1
2012-02-24,2012,Q1,Q1 2012,2,February,Feb,2012-02,201202,24,Friday,Fri,5,0,1
2012-02-25,2012,Q1,Q1 2012,2,February,Feb,2012-02,201202,25,Saturday,Sat,6,1,0
2012-02-26,2012,Q1,Q1 2012,2,February,Feb,2012-02,201202,26,Sunday,Sun,7,1,0
2012-02-27,2012,Q1,Q1 2012,2,February,Feb,2012-02,201202,27,Monday,Mon,1,0,1
2012-02-28,2012,Q1,Q1 2012,2,February,Feb,2012-02,201202,28,Tuesday,Tue,2,0,1
2012-02-29,2012,Q1,Q1 2012,2,February,Feb,2012-02,201202,29,Wednesday,Wed,3,0,1
2012-03-01,2012,Q1,Q1 2012,3,March,Mar,2012-03,201203,1,Thursday,Thu,4,0,1
2012-03-02,2012,Q1,Q1 2012,3,March,Mar,2012-03,201203,2,Friday,Fri,5,0,1
2012-03-03,2012,Q1,Q1 2012,3,March,Mar,2012-03,201203,3,Saturday,Sat,6,1,0
2012-03-04,2012,Q1,Q1 2012,3,March,Mar,2012-03,201203,4,Sunday,Sun,7,1,0
2012-03-05,2012,Q1,Q1 2012,3,March,Mar,2012-03,201203,5,Monday,Mon,1,0,1
2012-03-06,2012,Q1,Q1 2012,3,March,Mar,2012-03,201203,6,Tuesday,Tue,2,0,1
2012-03-07,2012,Q1,Q1 2012,3,March,Mar,2012-03,201203,7,Wednesday,Wed,3,0,1
2012-03-08,2012,Q1,Q1 2012,3,March,Mar,2012-03,201203,8,Thursday,Thu,4,0,0
2012-03-09,2012,Q1,Q1 2012,3,March,Mar,2012-03,201203,9,Friday,Fri,5,0,1
2012-03-10,2012,Q1,Q1 2012,3,March,Mar,2012-03,201203,10,Saturday,Sat,6,1,0
2012-03-11,2012,Q1,Q1 2012,3,March,Mar,2012-03,201203,11,Sunday,Sun,7,1,0
2012-03-12,2012,Q1,Q1 2012,3,March,Mar,2012-03,201203,12,Monday,Mon,1,0,1
2012-03-13,2012,Q1,Q1 2012,3,March,Mar,2012-03,201203,13,Tuesday,Tue,2,0,1
2012-03-14,2012,Q1,Q1 2012,3,March,Mar,2012-03,201203,14,Wednesday,Wed,3,0,1
2012-03-15,2012,Q1,Q1 2012,3,March,Mar,2012-03,201203,15,Thursday,Thu,4,0,1
2012-03-16,2012,Q1,Q1 2012,3,March,Mar,2012-03,201203,16,Friday,Fri,5,0,1
2012-03-17,2012,Q1,Q1 2012,3,March,Mar,2012-03,201203,17,Saturday,Sat,6,1,0
2012-03-18,2012,Q1,Q1 2012,3,March,Mar,2012-03,201203,18,Sunday,Sun,7,1,0
2012-03-19,2012,Q1,Q1 2012,3,March,Mar,2012-03,201203,19,Monday,Mon,1,0,1
2012-03-20,2012,Q1,Q1 2012,3,March,Mar,2012-03,201203,20,Tuesday,Tue,2,0,1
2012-03-21,2012,Q1,Q1 2012,3,March,Mar,2012-03,201203,21,Wednesday,Wed,3,0,1
2012-03-22,2012,Q1,Q1 2012,3,March,Mar,2012-03,201203,22,Thursday,Thu,4,0,1
2012-03-23,2012,Q1,Q1 2012,3,March,Mar,2012-03,201203,23,Friday,Fri,5,0,1
2012-03-24,2012,Q1,Q1 2012,3,March,Mar,2012-03,201203,24,Saturday,Sat,6,1,0
2012-03-25,2012,Q1,Q1 2012,3,March,Mar,2012-03,201203,25,Sunday,Sun,7,1,0
2012-03-26,2012,Q1,Q1 2012,3,March,Mar,2012-03,201203,26,Monday,Mon,1,0,1
2012-03-27,2012,Q1,Q1 2012,3,March,Mar,2012-03,201203,27,Tuesday,Tue,2,0,1
2012-03-28,2012,Q1,Q1 2012,3,March,Mar,2012-03,201203,28,Wednesday,Wed,3,0,1
2012-03-29,2012,Q1,Q1 2012,3,March,Mar,2012-03,201203,29,Thursday,Thu,4,0,1
2012-03-30,2012,Q1,Q1 2012,3,March,Mar,2012-03,201203,30,Friday,Fri,5,0,1
2012-03-31,2012,Q1,Q1 2012,3,March,Mar,2012-03,201203,31,Saturday,Sat,6,1,0
2012-04-01,2012,Q2,Q2 2012,4,April,Apr,2012-04,201204,1,Sunday,Sun,7,1,0
2012-04-02,2012,Q2,Q2 2012,4,April,Apr,2012-04,201204,2,Monday,Mon,1,0,1
2012-04-03,2012,Q2,Q2 2012,4,April,Apr,2012-04,201204,3,Tuesday,Tue,2,0,1
2012-04-04,2012,Q2,Q2 2012,4,April,Apr,2012-04,201204,4,Wednesday,Wed,3,0,1
2012-04-05,2012,Q2,Q2 2012,4,April,Apr,2012-04,201204,5,Thursday,Thu,4,0,0
2012-04-06,2012,Q2,Q2 2012,4,April,Apr,2012-04,201204,6,Friday,Fri,5,0,0
2012-04-07,2012,Q2,Q2 2012,4,April,Apr,2012-04,201204,7,Saturday,Sat,6,1,0
2012-04-08,2012,Q2,Q2 2012,4,April,Apr,2012-04,201204,8,Sunday,Sun,7,1,0
2012-04-09,2012,Q2,Q2 2012,4,April,Apr,2012-04,201204,9,Monday,Mon,1,0,1
2012-04-10,2012,Q2,Q2 2012,4,April,Apr,2012-04,201204,10,Tuesday,Tue,2,0,1
2012-04-11,2012,Q2,Q2 2012,4,April,Apr,2012-04,201204,11,Wednesday,Wed,3,0,1
2012-04-12,2012,Q2,Q2 2012,4,April,Apr,2012-04,201204,12,Thursday,Thu,4,0,1
2012-04-13,2012,Q2,Q2 2012,4,April,Apr,2012-04,201204,13,Friday,Fri,5,0,1
2012-04-14,2012,Q2,Q2 2012,4,April,Apr,2012-04,201204,14,Saturday,Sat,6,1,0
2012-04-15,2012,Q2,Q2 2012,4,April,Apr,2012-04,201204,15,Sunday,Sun,7,1,0
2012-04-16,2012,Q2,Q2 2012,4,April,Apr,2012-04,201204,16,Monday,Mon,1,0,1
2012-04-17,2012,Q2,Q2 2012,4,April,Apr,2012-04,201204,17,Tuesday,Tue,2,0,1
2012-04-18,2012,Q2,Q2 2012,4,April,Apr,2012-04,201204,18,Wednesday,Wed,3,0,1
2012-04-19,2012,Q2,Q2 2012,4,April,Apr,2012-04,201204,19,Thursday,Thu,4,0,1
2012-04-20,2012,Q2,Q2 2012,4,April,Apr,2012-04,201204,20,Friday,Fri,5,0,1
2012-04-21,2012,Q2,Q2 2012,4,April,Apr,2012-04,201204,21,Saturday,Sat,6,1,0
2012-04-22,2012,Q2,Q2 2012,4,April,Apr,2012-04,201204,22,Sunday,Sun,7,1,0
2012-04-23,2012,Q2,Q2 2012,4,April,Apr,2012-04,201204,23,Monday,Mon,1,0,1
2012-04-24,2012,Q2,Q2 2012,4,April,Apr,2012-04,201204,24,Tuesday,Tue,2,0,1
2012-04-25,2012,Q2,Q2 2012,4,April,Apr,2012-04,201204,25,Wednesday,Wed,3,0,1
2012-04-26,2012,Q2,Q2 2012,4,April,Apr,2012-04,201204,26,Thursday,Thu,4,0,1
2012-04-27,2012,Q2,Q2 2012,4,April,Apr,2012-04,201204,27,Friday,Fri,5,0,1
2012-04-28,2012,Q2,Q2 2012,4,April,Apr,2012-04,201204,28,Saturday,Sat,6,1,0
2012-04-29,2012,Q2,Q2 2012,4,April,Apr,2012-04,201204,29,Sunday,Sun,7,1,0
2012-04-30,2012,Q2,Q2 2012,4,April,Apr,2012-04,201204,30,Monday,Mon,1,0,1
2012-05-01,2012,Q2,Q2 2012,5,May,May,2012-05,201205,1,Tuesday,Tue,2,0,0
2012-05-02,2012,Q2,Q2 2012,5,May,May,2012-05,201205,2,Wednesday,Wed,3,0,1
2012-05-03,2012,Q2,Q2 2012,5,May,May,2012-05,201205,3,Thursday,Thu,4,0,1
2012-05-04,2012,Q2,Q2 2012,5,May,May,2012-05,201205,4,Friday,Fri,5,0,1
2012-05-05,2012,Q2,Q2 2012,5,May,May,2012-05,201205,5,Saturday,Sat,6,1,0
2012-05-06,2012,Q2,Q2 2012,5,May,May,2012-05,201205,6,Sunday,Sun,7,1,0
2012-05-07,2012,Q2,Q2 2012,5,May,May,2012-05,201205,7,Monday,Mon,1,0,1
2012-05-08,2012,Q2,Q2 2012,5,May,May,2012-05,201205,8,Tuesday,Tue,2,0,1
2012-05-09,2012,Q2,Q2 2012,5,May,May,2012-05,201205,9,Wednesday,Wed,3,0,1
2012-05-10,2012,Q2,Q2 2012,5,May,May,2012-05,201205,10,Thursday,Thu,4,0,1
2012-05-11,2012,Q2,Q2 2012,5,May,May,2012-05,201205,11,Friday,Fri,5,0,1
2012-05-12,2012,Q2,Q2 2012,5,May,May,2012-05,201205,12,Saturday,Sat,6,1,0
2012-05-13,2012,Q2,Q2 2012,5,May,May,2012-05,201205,13,Sunday,Sun,7,1,0
2012-05-14,2012,Q2,Q2 2012,5,May,May,2012-05,201205,14,Monday,Mon,1,0,1
2012-05-15,2012,Q2,Q2 2012,5,May,May,2012-05,201205,15,Tuesday,Tue,2,0,1
2012-05-16,2012,Q2,Q2 2012,5,May,May,2012-05,201205,16,Wednesday,Wed,3,0,1
2012-05-17,2012,Q2,Q2 2012,5,May,May,2012-05,201205,17,Thursday,Thu,4,0,1
2012-05-18,2012,Q2,Q2 2012,5,May,May,2012-05,201205,18,Friday,Fri,5,0,1
2012-05-19,2012,Q2,Q2 2012,5,May,May,2012-05,201205,19,Saturday,Sat,6,1,0
2012-05-20,2012,Q2,Q2 2012,5,May,May,2012-05,201205,20,Sunday,Sun,7,1,0
2012-05-21,2012,Q2,Q2 2012,5,May,May,2012-05,201205,21,Monday,Mon,1,0,1
2012-05-22,2012,Q2,Q2 2012,5,May,May,2012-05,201205,22,Tuesday,Tue,2,0,1
2012-05-23,2012,Q2,Q2 2012,5,May,May,2012-05,201205,23,Wednesday,Wed,3,0,1
2012-05-24,2012,Q2,Q2 2012,5,May,May,2012-05,201205,24,Thursday,Thu,4,0,1
2012-05-25,2012,Q2,Q2 2012,5,May,May,2012-05,201205,25,Friday,Fri,5,0,1
2012-05-26,2012,Q2,Q2 2012,5,May,May,2012-05,201205,26,Saturday,Sat,6,1,0
2012-05-27,2012,Q2,Q2 2012,5,May,May,2012-05,201205,27,Sunday,Sun,7,1,0
2012-05-28,2012,Q2,Q2 2012,5,May,May,2012-05,201205,28,Monday,Mon,1,0,1
2012-05-29,2012,Q2,Q2 2012,5,May,May,2012-05,201205,29,Tuesday,Tue,2,0,1
2012-05-30,2012,Q2,Q2 2012,5,May,May,2012-05,201205,30,Wednesday,Wed,3,0,1
2012-05-31,2012,Q2,Q2 2012,5,May,May,2012-05,201205,31,Thursday,Thu,4,0,1
2012-06-01,2012,Q2,Q2 2012,6,June,Jun,2012-06,201206,1,Friday,Fri,5,0,1
2012-06-02,2012,Q2,Q2 2012,6,June,Jun,2012-06,201206,2,Saturday,Sat,6,1,0
2012-06-03,2012,Q2,Q2 2012,6,June,Jun,2012-06,201206,3,Sunday,Sun,7,1,0
2012-06-04,2012,Q2,Q2 2012,6,June,Jun,2012-06,201206,4,Monday,Mon,1,0,1
2012-06-05,2012,Q2,Q2 2012,6,June,Jun,2012-06,201206,5,Tuesday,Tue,2,0,1
2012-06-06,2012,Q2,Q2 2012,6,June,Jun,2012-06,201206,6,Wednesday,Wed,3,0,1
2012-06-07,2012,Q2,Q2 2012,6,June,Jun,2012-06,201206,7,Thursday,Thu,4,0,1
2012-06-08,2012,Q2,Q2 2012,6,June,Jun,2012-06,201206,8,Friday,Fri,5,0,1
2012-06-09,2012,Q2,Q2 2012,6,June,Jun,2012-06,201206,9,Saturday,Sat,6,1,0
2012-06-10,2012,Q2,Q2 2012,6,June,Jun,2012-06,201206,10,Sunday,Sun,7,1,0
2012-06-11,2012,Q2,Q2 2012,6,June,Jun,2012-06,201206,11,Monday,Mon,1,0,1
2012-06-12,2012,Q2,Q2 2012,6,June,Jun,2012-06,201206,12,Tuesday,Tue,2,0,1
2012-06-13,2012,Q2,Q2 2012,6,June,Jun,2012-06,201206,13,Wednesday,Wed,3,0,1
2012-06-14,2012,Q2,Q2 2012,6,June,Jun,2012-06,201206,14,Thursday,Thu,4,0,1
2012-06-15,2012,Q2,Q2 2012,6,June,Jun,2012-06,201206,15,Friday,Fri,5,0,1
2012-06-16,2012,Q2,Q2 2012,6,June,Jun,2012-06,201206,16,Saturday,Sat,6,1,0
2012-06-17,2012,Q2,Q2 2012,6,June,Jun,2012-06,201206,17,Sunday,Sun,7,1,0
2012-06-18,2012,Q2,Q2 2012,6,June,Jun,2012-06,201206,18,Monday,Mon,1,0,1
2012-06-19,2012,Q2,Q2 2012,6,June,Jun,2012-06,201206,19,Tuesday,Tue,2,0,1
2012-06-20,2012,Q2,Q2 2012,6,June,Jun,2012-06,201206,20,Wednesday,Wed,3,0,1
2012-06-21,2012,Q2,Q2 2012,6,June,Jun,2012-06,201206,21,Thursday,Thu,4,0,1
2012-06-22,2012,Q2,Q2 2012,6,June,Jun,2012-06,201206,22,Friday,Fri,5,0,1
2012-06-23,2012,Q2,Q2 2012,6,June,Jun,2012-06,201206,23,Saturday,Sat,6,1,0
2012-06-24,2012,Q2,Q2 2012,6,June,Jun,2012-06,201206,24,Sunday,Sun,7,1,0
2012-06-25,2012,Q2,Q2 2012,6,June,Jun,2012-06,201206,25,Monday,Mon,1,0,1
2012-06-26,2012,Q2,Q2 2012,6,June,Jun,2012-06,201206,26,Tuesday,Tue,2,0,1
2012-06-27,2012,Q2,Q2 2012,6,June,Jun,2012-06,201206,27,Wednesday,Wed,3,0,1
2012-06-28,2012,Q2,Q2 2012,6,June,Jun,2012-06,201206,28,Thursday,Thu,4,0,1
2012-06-29,2012,Q2,Q2 2012,6,June,Jun,2012-06,201206,29,Friday,Fri,5,0,1
2012-06-30,2012,Q2,Q2 2012,6,June,Jun,2012-06,201206,30,Saturday,Sat,6,1,0
2012-07-01,2012,Q3,Q3 2012,7,July,Jul,2012-07,201207,1,Sunday,Sun,7,1,0
2012-07-02,2012,Q3,Q3 2012,7,July,Jul,2012-07,201207,2,Monday,Mon,1,0,1
2012-07-03,2012,Q3,Q3 2012,7,July,Jul,2012-07,201207,3,Tuesday,Tue,2,0,1
2012-07-04,2012,Q3,Q3 2012,7,July,Jul,2012-07,201207,4,Wednesday,Wed,3,0,1
2012-07-05,2012,Q3,Q3 2012,7,July,Jul,2012-07,201207,5,Thursday,Thu,4,0,1
2012-07-06,2012,Q3,Q3 2012,7,July,Jul,2012-07,201207,6,Friday,Fri,5,0,1
2012-07-07,2012,Q3,Q3 2012,7,July,Jul,2012-07,201207,7,Saturday,Sat,6,1,0
2012-07-08,2012,Q3,Q3 2012,7,July,Jul,2012-07,201207,8,Sunday,Sun,7,1,0
2012-07-09,2012,Q3,Q3 2012,7,July,Jul,2012-07,201207,9,Monday,Mon,1,0,1
2012-07-10,2012,Q3,Q3 2012,7,July,Jul,2012-07,201207,10,Tuesday,Tue,2,0,1
2012-07-11,2012,Q3,Q3 2012,7,July,Jul,2012-07,201207,11,Wednesday,Wed,3,0,1
2012-07-12,2012,Q3,Q3 2012,7,July,Jul,2012-07,201207,12,Thursday,Thu,4,0,1
2012-07-13,2012,Q3,Q3 2012,7,July,Jul,2012-07,201207,13,Friday,Fri,5,0,1
2012-07-14,2012,Q3,Q3 2012,7,July,Jul,2012-07,201207,14,Saturday,Sat,6,1,0
2012-07-15,2012,Q3,Q3 2012,7,July,Jul,2012-07,201207,15,Sunday,Sun,7,1,0
2012-07-16,2012,Q3,Q3 2012,7,July,Jul,2012-07,201207,16,Monday,Mon,1,0,1
2012-07-17,2012,Q3,Q3 2012,7,July,Jul,2012-07,201207,17,Tuesday,Tue,2,0,1
2012-07-18,2012,Q3,Q3 2012,7,July,Jul,2012-07,201207,18,Wednesday,Wed,3,0,1
2012-07-19,2012,Q3,Q3 2012,7,July,Jul,2012-07,201207,19,Thursday,Thu,4,0,1
2012-07-20,2012,Q3,Q3 2012,7,July,Jul,2012-07,201207,20,Friday,Fri,5,0,1
2012-07-21,2012,Q3,Q3 2012,7,July,Jul,2012-07,201207,21,Saturday,Sat,6,1,0
2012-07-22,2012,Q3,Q3 2012,7,July,Jul,2012-07,201207,22,Sunday,Sun,7,1,0
2012-07-23,2012,Q3,Q3 2012,7,July,Jul,2012-07,201207,23,Monday,Mon,1,0,1
2012-07-24,2012,Q3,Q3 2012,7,July,Jul,2012-07,201207,24,Tuesday,Tue,2,0,1
2012-07-25,2012,Q3,Q3 2012,7,July,Jul,2012-07,201207,25,Wednesday,Wed,3,0,1
2012-07-26,2012,Q3,Q3 2012,7,July,Jul,2012-07,201207,26,Thursday,Thu,4,0,1
2012-07-27,2012,Q3,Q3 2012,7,July,Jul,2012-07,201207,27,Friday,Fri,5,0,1
2012-07-28,2012,Q3,Q3 2012,7,July,Jul,2012-07,201207,28,Saturday,Sat,6,1,0
2012-07-29,2012,Q3,Q3 2012,7,July,Jul,2012-07,201207,29,Sunday,Sun,7,1,0
2012-07-30,2012,Q3,Q3 2012,7,July,Jul,2012-07,201207,30,Monday,Mon,1,0,1
2012-07-31,2012,Q3,Q3 2012,7,July,Jul,2012-07,201207,31,Tuesday,Tue,2,0,1
2012-08-01,2012,Q3,Q3 2012,8,August,Aug,2012-08,201208,1,Wednesday,Wed,3,0,1
2012-08-02,2012,Q3,Q3 2012,8,August,Aug,2012-08,201208,2,Thursday,Thu,4,0,1
2012-08-03,2012,Q3,Q3 2012,8,August,Aug,2012-08,201208,3,Friday,Fri,5,0,1
2012-08-04,2012,Q3,Q3 2012,8,August,Aug,2012-08,201208,4,Saturday,Sat,6,1,0
2012-08-05,2012,Q3,Q3 2012,8,August,Aug,2012-08,201208,5,Sunday,Sun,7,1,0
2012-08-06,2012,Q3,Q3 2012,8,August,Aug,2012-08,201208,6,Monday,Mon,1,0,1
2012-08-07,2012,Q3,Q3 2012,8,August,Aug,2012-08,201208,7,Tuesday,Tue,2,0,1
2012-08-08,2012,Q3,Q3 2012,8,August,Aug,2012-08,201208,8,Wednesday,Wed,3,0,1
2012-08-09,2012,Q3,Q3 2012,8,August,Aug,2012-08,201208,9,Thursday,Thu,4,0,1
2012-08-10,2012,Q3,Q3 2012,8,August,Aug,2012-08,201208,10,Friday,Fri,5,0,1
2012-08-11,2012,Q3,Q3 2012,8,August,Aug,2012-08,201208,11,Saturday,Sat,6,1,0
2012-08-12,2012,Q3,Q3 2012,8,August,Aug,2012-08,201208,12,Sunday,Sun,7,1,0
2012-08-13,2012,Q3,Q3 2012,8,August,Aug,2012-08,201208,13,Monday,Mon,1,0,1
2012-08-14,2012,Q3,Q3 2012,8,August,Aug,2012-08,201208,14,Tuesday,Tue,2,0,1
2012-08-15,2012,Q3,Q3 2012,8,August,Aug,2012-08,201208,15,Wednesday,Wed,3,0,0
2012-08-16,2012,Q3,Q3 2012,8,August,Aug,2012-08,201208,16,Thursday,Thu,4,0,1
2012-08-17,2012,Q3,Q3 2012,8,August,Aug,2012-08,201208,17,Friday,Fri,5,0,1
2012-08-18,2012,Q3,Q3 2012,8,August,Aug,2012-08,201208,18,Saturday,Sat,6,1,0
2012-08-19,2012,Q3,Q3 2012,8,August,Aug,2012-08,201208,19,Sunday,Sun,7,1,0
2012-08-20,2012,Q3,Q3 2012,8,August,Aug,2012-08,201208,20,Monday,Mon,1,0,0
2012-08-21,2012,Q3,Q3 2012,8,August,Aug,2012-08,201208,21,Tuesday,Tue,2,0,1
2012-08-22,2012,Q3,Q3 2012,8,August,Aug,2012-08,201208,22,Wednesday,Wed,3,0,1
2012-08-23,2012,Q3,Q3 2012,8,August,Aug,2012-08,201208,23,Thursday,Thu,4,0,1
2012-08-24,2012,Q3,Q3 2012,8,August,Aug,2012-08,201208,24,Friday,Fri,5,0,1
2012-08-25,2012,Q3,Q3 2012,8,August,Aug,2012-08,201208,25,Saturday,Sat,6,1,0
2012-08-26,2012,Q3,Q3 2012,8,August,Aug,2012-08,201208,26,Sunday,Sun,7,1,0
2012-08-27,2012,Q3,Q3 2012,8,August,Aug,2012-08,201208,27,Monday,Mon,1,0,1
2012-08-28,2012,Q3,Q3 2012,8,August,Aug,2012-08,201208,28,Tuesday,Tue,2,0,1
2012-08-29,2012,Q3,Q3 2012,8,August,Aug,2012-08,201208,29,Wednesday,Wed,3,0,1
2012-08-30,2012,Q3,Q3 2012,8,August,Aug,2012-08,201208,30,Thursday,Thu,4,0,1
2012-08-31,2012,Q3,Q3 2012,8,August,Aug,2012-08,201208,31,Friday,Fri,5,0,1
2012-09-01,2012,Q3,Q3 2012,9,September,Sep,2012-09,201209,1,Saturday,Sat,6,1,0
2012-09-02,2012,Q3,Q3 2012,9,September,Sep,2012-09,201209,2,Sunday,Sun,7,1,0
2012-09-03,2012,Q3,Q3 2012,9,September,Sep,2012-09,201209,3,Monday,Mon,1,0,1
2012-09-04,2012,Q3,Q3 2012,9,September,Sep,2012-09,201209,4,Tuesday,Tue,2,0,1
2012-09-05,2012,Q3,Q3 2012,9,September,Sep,2012-09,201209,5,Wednesday,Wed,3,0,1
2012-09-06,2012,Q3,Q3 2012,9,September,Sep,2012-09,201209,6,Thursday,Thu,4,0,1
2012-09-07,2012,Q3,Q3 2012,9,September,Sep,2012-09,201209,7,Friday,Fri,5,0,1
2012-09-08,2012,Q3,Q3 2012,9,September,Sep,2012-09,201209,8,Saturday,Sat,6,1,0
2012-09-09,2012,Q3,Q3 2012,9,September,Sep,2012-09,201209,9,Sunday,Sun,7,1,0
2012-09-10,2012,Q3,Q3 2012,9,September,Sep,2012-09,201209,10,Monday,Mon,1,0,1
2012-09-11,2012,Q3,Q3 2012,9,September,Sep,2012-09,201209,11,Tuesday,Tue,2,0,1
2012-09-12,2012,Q3,Q3 2012,9,September,Sep,2012-09,201209,12,Wednesday,Wed,3,0,1
2012-09-13,2012,Q3,Q3 2012,9,September,Sep,2012-09,201209,13,Thursday,Thu,4,0,1
2012-09-14,2012,Q3,Q3 2012,9,September,Sep,2012-09,201209,14,Friday,Fri,5,0,1
2012-09-15,2012,Q3,Q3 2012,9,September,Sep,2012-09,201209,15,Saturday,Sat,6,1,0
2012-09-16,2012,Q3,Q3 2012,9,September,Sep,2012-09,201209,16,Sunday,Sun,7,1,0
2012-09-17,2012,Q3,Q3 2012,9,September,Sep,2012-09,201209,17,Monday,Mon,1,0,1
2012-09-18,2012,Q3,Q3 2012,9,September,Sep,2012-09,201209,18,Tuesday,Tue,2,0,1
2012-09-19,2012,Q3,Q3 2012,9,September,Sep,2012-09,201209,19,Wednesday,Wed,3,0,0
2012-09-20,2012,Q3,Q3 2012,9,September,Sep,2012-09,201209,20,Thursday,Thu,4,0,1
2012-09-21,2012,Q3,Q3 2012,9,September,Sep,2012-09,201209,21,Friday,Fri,5,0,1
2012-09-22,2012,Q3,Q3 2012,9,September,Sep,2012-09,201209,22,Saturday,Sat,6,1,0
2012-09-23,2012,Q3,Q3 2012,9,September,Sep,2012-09,201209,23,Sunday,Sun,7,1,0
2012-09-24,2012,Q3,Q3 2012,9,September,Sep,2012-09,201209,24,Monday,Mon,1,0,1
2012-09-25,2012,Q3,Q3 2012,9,September,Sep,2012-09,201209,25,Tuesday,Tue,2,0,1
2012-09-26,2012,Q3,Q3 2012,9,September,Sep,2012-09,201209,26,Wednesday,Wed,3,0,1
2012-09-27,2012,Q3,Q3 2012,9,September,Sep,2012-09,201209,27,Thursday,Thu,4,0,1
2012-09-28,2012,Q3,Q3 2012,9,September,Sep,2012-09,201209,28,Friday,Fri,5,0,1
2012-09-29,2012,Q3,Q3 2012,9,September,Sep,2012-09,201209,29,Saturday,Sat,6,1,0
2012-09-30,2012,Q3,Q3 2012,9,September,Sep,2012-09,201209,30,Sunday,Sun,7,1,0
2012-10-01,2012,Q4,Q4 2012,10,October,Oct,2012-10,201210,1,Monday,Mon,1,0,1
2012-10-02,2012,Q4,Q4 2012,10,October,Oct,2012-10,201210,2,Tuesday,Tue,2,0,0
2012-10-03,2012,Q4,Q4 2012,10,October,Oct,2012-10,201210,3,Wednesday,Wed,3,0,1
2012-10-04,2012,Q4,Q4 2012,10,October,Oct,2012-10,201210,4,Thursday,Thu,4,0,1
2012-10-05,2012,Q4,Q4 2012,10,October,Oct,2012-10,201210,5,Friday,Fri,5,0,1
2012-10-06,2012,Q4,Q4 2012,10,October,Oct,2012-10,201210,6,Saturday,Sat,6,1,0
2012-10-07,2012,Q4,Q4 2012,10,October,Oct,2012-10,201210,7,Sunday,Sun,7,1,0
2012-10-08,2012,Q4,Q4 2012,10,October,Oct,2012-10,201210,8,Monday,Mon,1,0,1
2012-10-09,2012,Q4,Q4 2012,10,October,Oct,2012-10,201210,9,Tuesday,Tue,2,0,1
2012-10-10,2012,Q4,Q4 2012,10,October,Oct,2012-10,201210,10,Wednesday,Wed,3,0,1
2012-10-11,2012,Q4,Q4 2012,10,October,Oct,2012-10,201210,11,Thursday,Thu,4,0,1
2012-10-12,2012,Q4,Q4 2012,10,October,Oct,2012-10,201210,12,Friday,Fri,5,0,1
2012-10-13,2012,Q4,Q4 2012,10,October,Oct,2012-10,201210,13,Saturday,Sat,6,1,0
2012-10-14,2012,Q4,Q4 2012,10,October,Oct,2012-10,201210,14,Sunday,Sun,7,1,0
2012-10-15,2012,Q4,Q4 2012,10,October,Oct,2012-10,201210,15,Monday,Mon,1,0,1
2012-10-16,2012,Q4,Q4 2012,10,October,Oct,2012-10,201210,16,Tuesday,Tue,2,0,1
2012-10-17,2012,Q4,Q4 2012,10,October,Oct,2012-10,201210,17,Wednesday,Wed,3,0,1
2012-10-18,2012,Q4,Q4 2012,10,October,Oct,2012-10,201210,18,Thursday,Thu,4,0,1
2012-10-19,2012,Q4,Q4 2012,10,October,Oct,2012-10,201210,19,Friday,Fri,5,0,1
2012-10-20,2012,Q4,Q4 2012,10,October,Oct,2012-10,201210,20,Saturday,Sat,6,1,0
2012-10-21,2012,Q4,Q4 2012,10,October,Oct,2012-10,201210,21,Sunday,Sun,7,1,0
2012-10-22,2012,Q4,Q4 2012,10,October,Oct,2012-10,201210,22,Monday,Mon,1,0,1
2012-10-23,2012,Q4,Q4 2012,10,October,Oct,2012-10,201210,23,Tuesday,Tue,2,0,1
2012-10-24,2012,Q4,Q4 2012,10,October,Oct,2012-10,201210,24,Wednesday,Wed,3,0,0
2012-10-25,2012,Q4,Q4 2012,10,October,Oct,2012-10,201210,25,Thursday,Thu,4,0,1
2012-10-26,2012,Q4,Q4 2012,10,October,Oct,2012-10,201210,26,Friday,Fri,5,0,0
2012-10-27,2012,Q4,Q4 2012,10,October,Oct,2012-10,201210,27,Saturday,Sat,6,1,0
2012-10-28,2012,Q4,Q4 2012,10,October,Oct,2012-10,201210,28,Sunday,Sun,7,1,0
2012-10-29,2012,Q4,Q4 2012,10,October,Oct,2012-10,201210,29,Monday,Mon,1,0,1
2012-10-30,2012,Q4,Q4 2012,10,October,Oct,2012-10,201210,30,Tuesday,Tue,2,0,1
2012-10-31,2012,Q4,Q4 2012,10,October,Oct,2012-10,201210,31,Wednesday,Wed,3,0,1
2012-11-01,2012,Q4,Q4 2012,11,November,Nov,2012-11,201211,1,Thursday,Thu,4,0,1
2012-11-02,2012,Q4,Q4 2012,11,November,Nov,2012-11,201211,2,Friday,Fri,5,0,1
2012-11-03,2012,Q4,Q4 2012,11,November,Nov,2012-11,201211,3,Saturday,Sat,6,1,0
2012-11-04,2012,Q4,Q4 2012,11,November,Nov,2012-11,201211,4,Sunday,Sun,7,1,0
2012-11-05,2012,Q4,Q4 2012,11,November,Nov,2012-11,201211,5,Monday,Mon,1,0,1
2012-11-06,2012,Q4,Q4 2012,11,November,Nov,2012-11,201211,6,Tuesday,Tue,2,0,1
2012-11-07,2012,Q4,Q4 2012,11,November,Nov,2012-11,201211,7,Wednesday,Wed,3,0,1
2012-11-08,2012,Q4,Q4 2012,11,November,Nov,2012-11,201211,8,Thursday,Thu,4,0,1
2012-11-09,2012,Q4,Q4 2012,11,November,Nov,2012-11,201211,9,Friday,Fri,5,0,1
2012-11-10,2012,Q4,Q4 2012,11,November,Nov,2012-11,201211,10,Saturday,Sat,6,1,0
2012-11-11,2012,Q4,Q4 2012,11,November,Nov,2012-11,201211,11,Sunday,Sun,7,1,0
2012-11-12,2012,Q4,Q4 2012,11,November,Nov,2012-11,201211,12,Monday,Mon,1,0,1
2012-11-13,2012,Q4,Q4 2012,11,November,Nov,2012-11,201211,13,Tuesday,Tue,2,0,0
2012-11-14,2012,Q4,Q4 2012,11,November,Nov,2012-11,201211,14,Wednesday,Wed,3,0,0
2012-11-15,2012,Q4,Q4 2012,11,November,Nov,2012-11,201211,15,Thursday,Thu,4,0,1
2012-11-16,2012,Q4,Q4 2012,11,November,Nov,2012-11,201211,16,Friday,Fri,5,0,1
2012-11-17,2012,Q4,Q4 2012,11,November,Nov,2012-11,201211,17,Saturday,Sat,6,1,0
2012-11-18,2012,Q4,Q4 2012,11,November,Nov,2012-11,201211,18,Sunday,Sun,7,1,0
2012-11-19,2012,Q4,Q4 2012,11,November,Nov,2012-11,201211,19,Monday,Mon,1,0,1
2012-11-20,2012,Q4,Q4 2012,11,November,Nov,2012-11,201211,20,Tuesday,Tue,2,0,1
2012-11-21,2012,Q4,Q4 2012,11,November,Nov,2012-11,201211,21,Wednesday,Wed,3,0,1
2012-11-22,2012,Q4,Q4 2012,11,November,Nov,2012-11,201211,22,Thursday,Thu,4,0,1
2012-11-23,2012,Q4,Q4 2012,11,November,Nov,2012-11,201211,23,Friday,Fri,5,0,1
2012-11-24,2012,Q4,Q4 2012,11,November,Nov,2012-11,201211,24,Saturday,Sat,6,1,0
2012-11-25,2012,Q4,Q4 2012,11,November,Nov,2012-11,201211,25,Sunday,Sun,7,1,0
2012-11-26,2012,Q4,Q4 2012,11,November,Nov,2012-11,201211,26,Monday,Mon,1,0,1
2012-11-27,2012,Q4,Q4 2012,11,November,Nov,2012-11,201211,27,Tuesday,Tue,2,0,1
2012-11-28,2012,Q4,Q4 2012,11,November,Nov,2012-11,201211,28,Wednesday,Wed,3,0,0
2012-11-29,2012,Q4,Q4 2012,11,November,Nov,2012-11,201211,29,Thursday,Thu,4,0,1
2012-11-30,2012,Q4,Q4 2012,11,November,Nov,2012-11,201211,30,Friday,Fri,5,0,1
2012-12-01,2012,Q4,Q4 2012,12,December,Dec,2012-12,201212,1,Saturday,Sat,6,1,0
2012-12-02,2012,Q4,Q4 2012,12,December,Dec,2012-12,201212,2,Sunday,Sun,7,1,0
2012-12-03,2012,Q4,Q4 2012,12,December,Dec,2012-12,201212,3,Monday,Mon,1,0,1
2012-12-04,2012,Q4,Q4 2012,12,December,Dec,2012-12,201212,4,Tuesday,Tue,2,0,1
2012-12-05,2012,Q4,Q4 2012,12,December,Dec,2012-12,201212,5,Wednesday,Wed,3,0,1
2012-12-06,2012,Q4,Q4 2012,12,December,Dec,2012-12,201212,6,Thursday,Thu,4,0,1
2012-12-07,2012,Q4,Q4 2012,12,December,Dec,2012-12,201212,7,Friday,Fri,5,0,1
2012-12-08,2012,Q4,Q4 2012,12,December,Dec,2012-12,201212,8,Saturday,Sat,6,1,0
2012-12-09,2012,Q4,Q4 2012,12,December,Dec,2012-12,201212,9,Sunday,Sun,7,1,0
2012-12-10,2012,Q4,Q4 2012,12,December,Dec,2012-12,201212,10,Monday,Mon,1,0,1
2012-12-11,2012,Q4,Q4 2012,12,December,Dec,2012-12,201212,11,Tuesday,Tue,2,0,1
2012-12-12,2012,Q4,Q4 2012,12,December,Dec,2012-12,201212,12,Wednesday,Wed,3,0,1
2012-12-13,2012,Q4,Q4 2012,12,December,Dec,2012-12,201212,13,Thursday,Thu,4,0,1
2012-12-14,2012,Q4,Q4 2012,12,December,Dec,2012-12,201212,14,Friday,Fri,5,0,1
2012-12-15,2012,Q4,Q4 2012,12,December,Dec,2012-12,201212,15,Saturday,Sat,6,1,0
2012-12-16,2012,Q4,Q4 2012,12,December,Dec,2012-12,201212,16,Sunday,Sun,7,1,0
2012-12-17,2012,Q4,Q4 2012,12,December,Dec,2012-12,201212,17,Monday,Mon,1,0,1
2012-12-18,2012,Q4,Q4 2012,12,December,Dec,2012-12,201212,18,Tuesday,Tue,2,0,1
2012-12-19,2012,Q4,Q4 2012,12,December,Dec,2012-12,201212,19,Wednesday,Wed,3,0,1
2012-12-20,2012,Q4,Q4 2012,12,December,Dec,2012-12,201212,20,Thursday,Thu,4,0,1
2012-12-21,2012,Q4,Q4 2012,12,December,Dec,2012-12,201212,21,Friday,Fri,5,0,1
2012-12-22,2012,Q4,Q4 2012,12,December,Dec,2012-12,201212,22,Saturday,Sat,6,1,0
2012-12-23,2012,Q4,Q4 2012,12,December,Dec,2012-12,201212,23,Sunday,Sun,7,1,0
2012-12-24,2012,Q4,Q4 2012,12,December,Dec,2012-12,201212,24,Monday,Mon,1,0,1
2012-12-25,2012,Q4,Q4 2012,12,December,Dec,2012-12,201212,25,Tuesday,Tue,2,0,0
2012-12-26,2012,Q4,Q4 2012,12,December,Dec,2012-12,201212,26,Wednesday,Wed,3,0,1
2012-12-27,2012,Q4,Q4 2012,12,December,Dec,2012-12,201212,27,Thursday,Thu,4,0,1
2012-12-28,2012,Q4,Q4 2012,12,December,Dec,2012-12,201212,28,Friday,Fri,5,0,1
2012-12-29,2012,Q4,Q4 2012,12,December,Dec,2012-12,201212,29,Saturday,Sat,6,1,0
2012-12-30,2012,Q4,Q4 2012,12,December,Dec,2012-12,201212,30,Sunday,Sun,7,1,0
2012-12-31,2012,Q4,Q4 2012,12,December,Dec,2012-12,201212,31,Monday,Mon,1,0,1
2013-01-01,2013,Q1,Q1 2013,1,January,Jan,2013-01,201301,1,Tuesday,Tue,2,0,1
2013-01-02,2013,Q1,Q1 2013,1,January,Jan,2013-01,201301,2,Wednesday,Wed,3,0,1
2013-01-03,2013,Q1,Q1 2013,1,January,Jan,2013-01,201301,3,Thursday,Thu,4,0,1
2013-01-04,2013,Q1,Q1 2013,1,January,Jan,2013-01,201301,4,Friday,Fri,5,0,1
2013-01-05,2013,Q1,Q1 2013,1,January,Jan,2013-01,201301,5,Saturday,Sat,6,1,0
2013-01-06,2013,Q1,Q1 2013,1,January,Jan,2013-01,201301,6,Sunday,Sun,7,1,0
2013-01-07,2013,Q1,Q1 2013,1,January,Jan,2013-01,201301,7,Monday,Mon,1,0,1
2013-01-08,2013,Q1,Q1 2013,1,January,Jan,2013-01,201301,8,Tuesday,Tue,2,0,1
2013-01-09,2013,Q1,Q1 2013,1,January,Jan,2013-01,201301,9,Wednesday,Wed,3,0,1
2013-01-10,2013,Q1,Q1 2013,1,January,Jan,2013-01,201301,10,Thursday,Thu,4,0,1
2013-01-11,2013,Q1,Q1 2013,1,January,Jan,2013-01,201301,11,Friday,Fri,5,0,1
2013-01-12,2013,Q1,Q1 2013,1,January,Jan,2013-01,201301,12,Saturday,Sat,6,1,0
2013-01-13,2013,Q1,Q1 2013,1,January,Jan,2013-01,201301,13,Sunday,Sun,7,1,0
2013-01-14,2013,Q1,Q1 2013,1,January,Jan,2013-01,201301,14,Monday,Mon,1,0,1
2013-01-15,2013,Q1,Q1 2013,1,January,Jan,2013-01,201301,15,Tuesday,Tue,2,0,1
2013-01-16,2013,Q1,Q1 2013,1,January,Jan,2013-01,201301,16,Wednesday,Wed,3,0,1
2013-01-17,2013,Q1,Q1 2013,1,January,Jan,2013-01,201301,17,Thursday,Thu,4,0,1
2013-01-18,2013,Q1,Q1 2013,1,January,Jan,2013-01,201301,18,Friday,Fri,5,0,1
2013-01-19,2013,Q1,Q1 2013,1,January,Jan,2013-01,201301,19,Saturday,Sat,6,1,0
2013-01-20,2013,Q1,Q1 2013,1,January,Jan,2013-01,201301,20,Sunday,Sun,7,1,0
2013-01-21,2013,Q1,Q1 2013,1,January,Jan,2013-01,201301,21,Monday,Mon,1,0,1
2013-01-22,2013,Q1,Q1 2013,1,January,Jan,2013-01,201301,22,Tuesday,Tue,2,0,1
2013-01-23,2013,Q1,Q1 2013,1,January,Jan,2013-01,201301,23,Wednesday,Wed,3,0,1
2013-01-24,2013,Q1,Q1 2013,1,January,Jan,2013-01,201301,24,Thursday,Thu,4,0,1
2013-01-25,2013,Q1,Q1 2013,1,January,Jan,2013-01,201301,25,Friday,Fri,5,0,1
2013-01-26,2013,Q1,Q1 2013,1,January,Jan,2013-01,201301,26,Saturday,Sat,6,1,0
2013-01-27,2013,Q1,Q1 2013,1,January,Jan,2013-01,201301,27,Sunday,Sun,7,1,0
2013-01-28,2013,Q1,Q1 2013,1,January,Jan,2013-01,201301,28,Monday,Mon,1,0,1
2013-01-29,2013,Q1,Q1 2013,1,January,Jan,2013-01,201301,29,Tuesday,Tue,2,0,1
2013-01-30,2013,Q1,Q1 2013,1,January,Jan,2013-01,201301,30,Wednesday,Wed,3,0,1
2013-01-31,2013,Q1,Q1 2013,1,January,Jan,2013-01,201301,31,Thursday,Thu,4,0,1
2013-02-01,2013,Q1,Q1 2013,2,February,Feb,2013-02,201302,1,Friday,Fri,5,0,1
2013-02-02,2013,Q1,Q1 2013,2,February,Feb,2013-02,201302,2,Saturday,Sat,6,1,0
2013-02-03,2013,Q1,Q1 2013,2,February,Feb,2013-02,201302,3,Sunday,Sun,7,1,0
2013-02-04,2013,Q1,Q1 2013,2,February,Feb,2013-02,201302,4,Monday,Mon,1,0,1
2013-02-05,2013,Q1,Q1 2013,2,February,Feb,2013-02,201302,5,Tuesday,Tue,2,0,1
2013-02-06,2013,Q1,Q1 2013,2,February,Feb,2013-02,201302,6,Wednesday,Wed,3,0,1
2013-02-07,2013,Q1,Q1 2013,2,February,Feb,2013-02,201302,7,Thursday,Thu,4,0,1
2013-02-08,2013,Q1,Q1 2013,2,February,Feb,2013-02,201302,8,Friday,Fri,5,0,1
2013-02-09,2013,Q1,Q1 2013,2,February,Feb,2013-02,201302,9,Saturday,Sat,6,1,0
2013-02-10,2013,Q1,Q1 2013,2,February,Feb,2013-02,201302,10,Sunday,Sun,7,1,0
2013-02-11,2013,Q1,Q1 2013,2,February,Feb,2013-02,201302,11,Monday,Mon,1,0,1
2013-02-12,2013,Q1,Q1 2013,2,February,Feb,2013-02,201302,12,Tuesday,Tue,2,0,1
2013-02-13,2013,Q1,Q1 2013,2,February,Feb,2013-02,201302,13,Wednesday,Wed,3,0,1
2013-02-14,2013,Q1,Q1 2013,2,February,Feb,2013-02,201302,14,Thursday,Thu,4,0,1
2013-02-15,2013,Q1,Q1 2013,2,February,Feb,2013-02,201302,15,Friday,Fri,5,0,1
2013-02-16,2013,Q1,Q1 2013,2,February,Feb,2013-02,201302,16,Saturday,Sat,6,1,0
2013-02-17,2013,Q1,Q1 2013,2,February,Feb,2013-02,201302,17,Sunday,Sun,7,1,0
2013-02-18,2013,Q1,Q1 2013,2,February,Feb,2013-02,201302,18,Monday,Mon,1,0,1
2013-02-19,2013,Q1,Q1 2013,2,February,Feb,2013-02,201302,19,Tuesday,Tue,2,0,1
2013-02-20,2013,Q1,Q1 2013,2,February,Feb,2013-02,201302,20,Wednesday,Wed,3,0,1
2013-02-21,2013,Q1,Q1 2013,2,February,Feb,2013-02,201302,21,Thursday,Thu,4,0,1
2013-02-22,2013,Q1,Q1 2013,2,February,Feb,2013-02,201302,22,Friday,Fri,5,0,1
2013-02-23,2013,Q1,Q1 2013,2,February,Feb,2013-02,201302,23,Saturday,Sat,6,1,0
2013-02-24,2013,Q1,Q1 2013,2,February,Feb,2013-02,201302,24,Sunday,Sun,7,1,0
2013-02-25,2013,Q1,Q1 2013,2,February,Feb,2013-02,201302,25,Monday,Mon,1,0,1
2013-02-26,2013,Q1,Q1 2013,2,February,Feb,2013-02,201302,26,Tuesday,Tue,2,0,1
2013-02-27,2013,Q1,Q1 2013,2,February,Feb,2013-02,201302,27,Wednesday,Wed,3,0,1
2013-02-28,2013,Q1,Q1 2013,2,February,Feb,2013-02,201302,28,Thursday,Thu,4,0,1
2013-03-01,2013,Q1,Q1 2013,3,March,Mar,2013-03,201303,1,Friday,Fri,5,0,1
2013-03-02,2013,Q1,Q1 2013,3,March,Mar,2013-03,201303,2,Saturday,Sat,6,1,0
2013-03-03,2013,Q1,Q1 2013,3,March,Mar,2013-03,201303,3,Sunday,Sun,7,1,0
2013-03-04,2013,Q1,Q1 2013,3,March,Mar,2013-03,201303,4,Monday,Mon,1,0,1
2013-03-05,2013,Q1,Q1 2013,3,March,Mar,2013-03,201303,5,Tuesday,Tue,2,0,1
2013-03-06,2013,Q1,Q1 2013,3,March,Mar,2013-03,201303,6,Wednesday,Wed,3,0,1
2013-03-07,2013,Q1,Q1 2013,3,March,Mar,2013-03,201303,7,Thursday,Thu,4,0,1
2013-03-08,2013,Q1,Q1 2013,3,March,Mar,2013-03,201303,8,Friday,Fri,5,0,1
2013-03-09,2013,Q1,Q1 2013,3,March,Mar,2013-03,201303,9,Saturday,Sat,6,1,0
2013-03-10,2013,Q1,Q1 2013,3,March,Mar,2013-03,201303,10,Sunday,Sun,7,1,0
2013-03-11,2013,Q1,Q1 2013,3,March,Mar,2013-03,201303,11,Monday,Mon,1,0,1
2013-03-12,2013,Q1,Q1 2013,3,March,Mar,2013-03,201303,12,Tuesday,Tue,2,0,1
2013-03-13,2013,Q1,Q1 2013,3,March,Mar,2013-03,201303,13,Wednesday,Wed,3,0,1
2013-03-14,2013,Q1,Q1 2013,3,March,Mar,2013-03,201303,14,Thursday,Thu,4,0,1
2013-03-15,2013,Q1,Q1 2013,3,March,Mar,2013-03,201303,15,Friday,Fri,5,0,1
2013-03-16,2013,Q1,Q1 2013,3,March,Mar,2013-03,201303,16,Saturday,Sat,6,1,0
2013-03-17,2013,Q1,Q1 2013,3,March,Mar,2013-03,201303,17,Sunday,Sun,7,1,0
2013-03-18,2013,Q1,Q1 2013,3,March,Mar,2013-03,201303,18,Monday,Mon,1,0,1
2013-03-19,2013,Q1,Q1 2013,3,March,Mar,2013-03,201303,19,Tuesday,Tue,2,0,1
2013-03-20,2013,Q1,Q1 2013,3,March,Mar,2013-03,201303,20,Wednesday,Wed,3,0,1
2013-03-21,2013,Q1,Q1 2013,3,March,Mar,2013-03,201303,21,Thursday,Thu,4,0,1
2013-03-22,2013,Q1,Q1 2013,3,March,Mar,2013-03,201303,22,Friday,Fri,5,0,1
2013-03-23,2013,Q1,Q1 2013,3,March,Mar,2013-03,201303,23,Saturday,Sat,6,1,0
2013-03-24,2013,Q1,Q1 2013,3,March,Mar,2013-03,201303,24,Sunday,Sun,7,1,0
2013-03-25,2013,Q1,Q1 2013,3,March,Mar,2013-03,201303,25,Monday,Mon,1,0,1
2013-03-26,2013,Q1,Q1 2013,3,March,Mar,2013-03,201303,26,Tuesday,Tue,2,0,1
2013-03-27,2013,Q1,Q1 2013,3,March,Mar,2013-03,201303,27,Wednesday,Wed,3,0,0
2013-03-28,2013,Q1,Q1 2013,3,March,Mar,2013-03,201303,28,Thursday,Thu,4,0,1
2013-03-29,2013,Q1,Q1 2013,3,March,Mar,2013-03,201303,29,Friday,Fri,5,0,0
2013-03-30,2013,Q1,Q1 2013,3,March,Mar,2013-03,201303,30,Saturday,Sat,6,1,0
2013-03-31,2013,Q1,Q1 2013,3,March,Mar,2013-03,201303,31,Sunday,Sun,7,1,0
2013-04-01,2013,Q2,Q2 2013,4,April,Apr,2013-04,201304,1,Monday,Mon,1,0,1
2013-04-02,2013,Q2,Q2 2013,4,April,Apr,2013-04,201304,2,Tuesday,Tue,2,0,1
2013-04-03,2013,Q2,Q2 2013,4,April,Apr,2013-04,201304,3,Wednesday,Wed,3,0,1
2013-04-04,2013,Q2,Q2 2013,4,April,Apr,2013-04,201304,4,Thursday,Thu,4,0,1
2013-04-05,2013,Q2,Q2 2013,4,April,Apr,2013-04,201304,5,Friday,Fri,5,0,1
2013-04-06,2013,Q2,Q2 2013,4,April,Apr,2013-04,201304,6,Saturday,Sat,6,1,0
2013-04-07,2013,Q2,Q2 2013,4,April,Apr,2013-04,201304,7,Sunday,Sun,7,1,0
2013-04-08,2013,Q2,Q2 2013,4,April,Apr,2013-04,201304,8,Monday,Mon,1,0,1
2013-04-09,2013,Q2,Q2 2013,4,April,Apr,2013-04,201304,9,Tuesday,Tue,2,0,1
2013-04-10,2013,Q2,Q2 2013,4,April,Apr,2013-04,201304,10,Wednesday,Wed,3,0,1
2013-04-11,2013,Q2,Q2 2013,4,April,Apr,2013-04,201304,11,Thursday,Thu,4,0,1
2013-04-12,2013,Q2,Q2 2013,4,April,Apr,2013-04,201304,12,Friday,Fri,5,0,1
2013-04-13,2013,Q2,Q2 2013,4,April,Apr,2013-04,201304,13,Saturday,Sat,6,1,0
2013-04-14,2013,Q2,Q2 2013,4,April,Apr,2013-04,201304,14,Sunday,Sun,7,1,0
2013-04-15,2013,Q2,Q2 2013,4,April,Apr,2013-04,201304,15,Monday,Mon,1,0,1
2013-04-16,2013,Q2,Q2 2013,4,April,Apr,2013-04,201304,16,Tuesday,Tue,2,0,1
2013-04-17,2013,Q2,Q2 2013,4,April,Apr,2013-04,201304,17,Wednesday,Wed,3,0,1
2013-04-18,2013,Q2,Q2 2013,4,April,Apr,2013-04,201304,18,Thursday,Thu,4,0,1
2013-04-19,2013,Q2,Q2 2013,4,April,Apr,2013-04,201304,19,Friday,Fri,5,0,0
2013-04-20,2013,Q2,Q2 2013,4,April,Apr,2013-04,201304,20,Saturday,Sat,6,1,0
2013-04-21,2013,Q2,Q2 2013,4,April,Apr,2013-04,201304,21,Sunday,Sun,7,1,0
2013-04-22,2013,Q2,Q2 2013,4,April,Apr,2013-04,201304,22,Monday,Mon,1,0,1
2013-04-23,2013,Q2,Q2 2013,4,April,Apr,2013-04,201304,23,Tuesday,Tue,2,0,1
2013-04-24,2013,Q2,Q2 2013,4,April,Apr,2013-04,201304,24,Wednesday,Wed,3,0,0
2013-04-25,2013,Q2,Q2 2013,4,April,Apr,2013-04,201304,25,Thursday,Thu,4,0,1
2013-04-26,2013,Q2,Q2 2013,4,April,Apr,2013-04,201304,26,Friday,Fri,5,0,1
2013-04-27,2013,Q2,Q2 2013,4,April,Apr,2013-04,201304,27,Saturday,Sat,6,1,0
2013-04-28,2013,Q2,Q2 2013,4,April,Apr,2013-04,201304,28,Sunday,Sun,7,1,0
2013-04-29,2013,Q2,Q2 2013,4,April,Apr,2013-04,201304,29,Monday,Mon,1,0,1
2013-04-30,2013,Q2,Q2 2013,4,April,Apr,2013-04,201304,30,Tuesday,Tue,2,0,1
2013-05-01,2013,Q2,Q2 2013,5,May,May,2013-05,201305,1,Wednesday,Wed,3,0,0
2013-05-02,2013,Q2,Q2 2013,5,May,May,2013-05,201305,2,Thursday,Thu,4,0,1
2013-05-03,2013,Q2,Q2 2013,5,May,May,2013-05,201305,3,Friday,Fri,5,0,1
2013-05-04,2013,Q2,Q2 2013,5,May,May,2013-05,201305,4,Saturday,Sat,6,1,0
2013-05-05,2013,Q2,Q2 2013,5,May,May,2013-05,201305,5,Sunday,Sun,7,1,0
2013-05-06,2013,Q2,Q2 2013,5,May,May,2013-05,201305,6,Monday,Mon,1,0,1
2013-05-07,2013,Q2,Q2 2013,5,May,May,2013-05,201305,7,Tuesday,Tue,2,0,1
2013-05-08,2013,Q2,Q2 2013,5,May,May,2013-05,201305,8,Wednesday,Wed,3,0,1
2013-05-09,2013,Q2,Q2 2013,5,May,May,2013-05,201305,9,Thursday,Thu,4,0,1
2013-05-10,2013,Q2,Q2 2013,5,May,May,2013-05,201305,10,Friday,Fri,5,0,1
2013-05-11,2013,Q2,Q2 2013,5,May,May,2013-05,201305,11,Saturday,Sat,6,1,0
2013-05-12,2013,Q2,Q2 2013,5,May,May,2013-05,201305,12,Sunday,Sun,7,1,0
2013-05-13,2013,Q2,Q2 2013,5,May,May,2013-05,201305,13,Monday,Mon,1,0,1
2013-05-14,2013,Q2,Q2 2013,5,May,May,2013-05,201305,14,Tuesday,Tue,2,0,1
2013-05-15,2013,Q2,Q2 2013,5,May,May,2013-05,201305,15,Wednesday,Wed,3,0,1
2013-05-16,2013,Q2,Q2 2013,5,May,May,2013-05,201305,16,Thursday,Thu,4,0,1
2013-05-17,2013,Q2,Q2 2013,5,May,May,2013-05,201305,17,Friday,Fri,5,0,1
2013-05-18,2013,Q2,Q2 2013,5,May,May,2013-05,201305,18,Saturday,Sat,6,1,0
2013-05-19,2013,Q2,Q2 2013,5,May,May,2013-05,201305,19,Sunday,Sun,7,1,0
2013-05-20,2013,Q2,Q2 2013,5,May,May,2013-05,201305,20,Monday,Mon,1,0,1
2013-05-21,2013,Q2,Q2 2013,5,May,May,2013-05,201305,21,Tuesday,Tue,2,0,1
2013-05-22,2013,Q2,Q2 2013,5,May,May,2013-05,201305,22,Wednesday,Wed,3,0,1
2013-05-23,2013,Q2,Q2 2013,5,May,May,2013-05,201305,23,Thursday,Thu,4,0,1
2013-05-24,2013,Q2,Q2 2013,5,May,May,2013-05,201305,24,Friday,Fri,5,0,1
2013-05-25,2013,Q2,Q2 2013,5,May,May,2013-05,201305,25,Saturday,Sat,6,1,0
2013-05-26,2013,Q2,Q2 2013,5,May,May,2013-05,201305,26,Sunday,Sun,7,1,0
2013-05-27,2013,Q2,Q2 2013,5,May,May,2013-05,201305,27,Monday,Mon,1,0,1
2013-05-28,2013,Q2,Q2 2013,5,May,May,2013-05,201305,28,Tuesday,Tue,2,0,1
2013-05-29,2013,Q2,Q2 2013,5,May,May,2013-05,201305,29,Wednesday,Wed,3,0,1
2013-05-30,2013,Q2,Q2 2013,5,May,May,2013-05,201305,30,Thursday,Thu,4,0,1
2013-05-31,2013,Q2,Q2 2013,5,May,May,2013-05,201305,31,Friday,Fri,5,0,1
2013-06-01,2013,Q2,Q2 2013,6,June,Jun,2013-06,201306,1,Saturday,Sat,6,1,0
2013-06-02,2013,Q2,Q2 2013,6,June,Jun,2013-06,201306,2,Sunday,Sun,7,1,0
2013-06-03,2013,Q2,Q2 2013,6,June,Jun,2013-06,201306,3,Monday,Mon,1,0,1
2013-06-04,2013,Q2,Q2 2013,6,June,Jun,2013-06,201306,4,Tuesday,Tue,2,0,1
2013-06-05,2013,Q2,Q2 2013,6,June,Jun,2013-06,201306,5,Wednesday,Wed,3,0,1
2013-06-06,2013,Q2,Q2 2013,6,June,Jun,2013-06,201306,6,Thursday,Thu,4,0,1
2013-06-07,2013,Q2,Q2 2013,6,June,Jun,2013-06,201306,7,Friday,Fri,5,0,1
2013-06-08,2013,Q2,Q2 2013,6,June,Jun,2013-06,201306,8,Saturday,Sat,6,1,0
2013-06-09,2013,Q2,Q2 2013,6,June,Jun,2013-06,201306,9,Sunday,Sun,7,1,0
2013-06-10,2013,Q2,Q2 2013,6,June,Jun,2013-06,201306,10,Monday,Mon,1,0,1
2013-06-11,2013,Q2,Q2 2013,6,June,Jun,2013-06,201306,11,Tuesday,Tue,2,0,1
2013-06-12,2013,Q2,Q2 2013,6,June,Jun,2013-06,201306,12,Wednesday,Wed,3,0,1
2013-06-13,2013,Q2,Q2 2013,6,June,Jun,2013-06,201306,13,Thursday,Thu,4,0,1
2013-06-14,2013,Q2,Q2 2013,6,June,Jun,2013-06,201306,14,Friday,Fri,5,0,1
2013-06-15,2013,Q2,Q2 2013,6,June,Jun,2013-06,201306,15,Saturday,Sat,6,1,0
2013-06-16,2013,Q2,Q2 2013,6,June,Jun,2013-06,201306,16,Sunday,Sun,7,1,0
2013-06-17,2013,Q2,Q2 2013,6,June,Jun,2013-06,201306,17,Monday,Mon,1,0,1
2013-06-18,2013,Q2,Q2 2013,6,June,Jun,2013-06,201306,18,Tuesday,Tue,2,0,1
2013-06-19,2013,Q2,Q2 2013,6,June,Jun,2013-06,201306,19,Wednesday,Wed,3,0,1
2013-06-20,2013,Q2,Q2 2013,6,June,Jun,2013-06,201306,20,Thursday,Thu,4,0,1
2013-06-21,2013,Q2,Q2 2013,6,June,Jun,2013-06,201306,21,Friday,Fri,5,0,1
2013-06-22,2013,Q2,Q2 2013,6,June,Jun,2013-06,201306,22,Saturday,Sat,6,1,0
2013-06-23,2013,Q2,Q2 2013,6,June,Jun,2013-06,201306,23,Sunday,Sun,7,1,0
2013-06-24,2013,Q2,Q2 2013,6,June,Jun,2013-06,201306,24,Monday,Mon,1,0,1
2013-06-25,2013,Q2,Q2 2013,6,June,Jun,2013-06,201306,25,Tuesday,Tue,2,0,1
2013-06-26,2013,Q2,Q2 2013,6,June,Jun,2013-06,201306,26,Wednesday,Wed,3,0,1
2013-06-27,2013,Q2,Q2 2013,6,June,Jun,2013-06,201306,27,Thursday,Thu,4,0,1
2013-06-28,2013,Q2,Q2 2013,6,June,Jun,2013-06,201306,28,Friday,Fri,5,0,1
2013-06-29,2013,Q2,Q2 2013,6,June,Jun,2013-06,201306,29,Saturday,Sat,6,1,0
2013-06-30,2013,Q2,Q2 2013,6,June,Jun,2013-06,201306,30,Sunday,Sun,7,1,0
2013-07-01,2013,Q3,Q3 2013,7,July,Jul,2013-07,201307,1,Monday,Mon,1,0,1
2013-07-02,2013,Q3,Q3 2013,7,July,Jul,2013-07,201307,2,Tuesday,Tue,2,0,1
2013-07-03,2013,Q3,Q3 2013,7,July,Jul,2013-07,201307,3,Wednesday,Wed,3,0,1
2013-07-04,2013,Q3,Q3 2013,7,July,Jul,2013-07,201307,4,Thursday,Thu,4,0,1
2013-07-05,2013,Q3,Q3 2013,7,July,Jul,2013-07,201307,5,Friday,Fri,5,0,1
2013-07-06,2013,Q3,Q3 2013,7,July,Jul,2013-07,201307,6,Saturday,Sat,6,1,0
2013-07-07,2013,Q3,Q3 2013,7,July,Jul,2013-07,201307,7,Sunday,Sun,7,1,0
2013-07-08,2013,Q3,Q3 2013,7,July,Jul,2013-07,201307,8,Monday,Mon,1,0,1
2013-07-09,2013,Q3,Q3 2013,7,July,Jul,2013-07,201307,9,Tuesday,Tue,2,0,1
2013-07-10,2013,Q3,Q3 2013,7,July,Jul,2013-07,201307,10,Wednesday,Wed,3,0,1
2013-07-11,2013,Q3,Q3 2013,7,July,Jul,2013-07,201307,11,Thursday,Thu,4,0,1
2013-07-12,2013,Q3,Q3 2013,7,July,Jul,2013-07,201307,12,Friday,Fri,5,0,1
2013-07-13,2013,Q3,Q3 2013,7,July,Jul,2013-07,201307,13,Saturday,Sat,6,1,0
2013-07-14,2013,Q3,Q3 2013,7,July,Jul,2013-07,201307,14,Sunday,Sun,7,1,0
2013-07-15,2013,Q3,Q3 2013,7,July,Jul,2013-07,201307,15,Monday,Mon,1,0,1
2013-07-16,2013,Q3,Q3 2013,7,July,Jul,2013-07,201307,16,Tuesday,Tue,2,0,1
2013-07-17,2013,Q3,Q3 2013,7,July,Jul,2013-07,201307,17,Wednesday,Wed,3,0,1
2013-07-18,2013,Q3,Q3 2013,7,July,Jul,2013-07,201307,18,Thursday,Thu,4,0,1
2013-07-19,2013,Q3,Q3 2013,7,July,Jul,2013-07,201307,19,Friday,Fri,5,0,1
2013-07-20,2013,Q3,Q3 2013,7,July,Jul,2013-07,201307,20,Saturday,Sat,6,1,0
2013-07-21,2013,Q3,Q3 2013,7,July,Jul,2013-07,201307,21,Sunday,Sun,7,1,0
2013-07-22,2013,Q3,Q3 2013,7,July,Jul,2013-07,201307,22,Monday,Mon,1,0,1
2013-07-23,2013,Q3,Q3 2013,7,July,Jul,2013-07,201307,23,Tuesday,Tue,2,0,1
2013-07-24,2013,Q3,Q3 2013,7,July,Jul,2013-07,201307,24,Wednesday,Wed,3,0,1
2013-07-25,2013,Q3,Q3 2013,7,July,Jul,2013-07,201307,25,Thursday,Thu,4,0,1
2013-07-26,2013,Q3,Q3 2013,7,July,Jul,2013-07,201307,26,Friday,Fri,5,0,1
2013-07-27,2013,Q3,Q3 2013,7,July,Jul,2013-07,201307,27,Saturday,Sat,6,1,0
2013-07-28,2013,Q3,Q3 2013,7,July,Jul,2013-07,201307,28,Sunday,Sun,7,1,0
2013-07-29,2013,Q3,Q3 2013,7,July,Jul,2013-07,201307,29,Monday,Mon,1,0,1
2013-07-30,2013,Q3,Q3 2013,7,July,Jul,2013-07,201307,30,Tuesday,Tue,2,0,1
2013-07-31,2013,Q3,Q3 2013,7,July,Jul,2013-07,201307,31,Wednesday,Wed,3,0,1
2013-08-01,2013,Q3,Q3 2013,8,August,Aug,2013-08,201308,1,Thursday,Thu,4,0,1
2013-08-02,2013,Q3,Q3 2013,8,August,Aug,2013-08,201308,2,Friday,Fri,5,0,1
2013-08-03,2013,Q3,Q3 2013,8,August,Aug,2013-08,201308,3,Saturday,Sat,6,1,0
2013-08-04,2013,Q3,Q3 2013,8,August,Aug,2013-08,201308,4,Sunday,Sun,7,1,0
2013-08-05,2013,Q3,Q3 2013,8,August,Aug,2013-08,201308,5,Monday,Mon,1,0,1
2013-08-06,2013,Q3,Q3 2013,8,August,Aug,2013-08,201308,6,Tuesday,Tue,2,0,1
2013-08-07,2013,Q3,Q3 2013,8,August,Aug,2013-08,201308,7,Wednesday,Wed,3,0,1
2013-08-08,2013,Q3,Q3 2013,8,August,Aug,2013-08,201308,8,Thursday,Thu,4,0,1
2013-08-09,2013,Q3,Q3 2013,8,August,Aug,2013-08,201308,9,Friday,Fri,5,0,0
2013-08-10,2013,Q3,Q3 2013,8,August,Aug,2013-08,201308,10,Saturday,Sat,6,1,0
2013-08-11,2013,Q3,Q3 2013,8,August,Aug,2013-08,201308,11,Sunday,Sun,7,1,0
2013-08-12,2013,Q3,Q3 2013,8,August,Aug,2013-08,201308,12,Monday,Mon,1,0,1
2013-08-13,2013,Q3,Q3 2013,8,August,Aug,2013-08,201308,13,Tuesday,Tue,2,0,1
2013-08-14,2013,Q3,Q3 2013,8,August,Aug,2013-08,201308,14,Wednesday,Wed,3,0,1
2013-08-15,2013,Q3,Q3 2013,8,August,Aug,2013-08,201308,15,Thursday,Thu,4,0,0
2013-08-16,2013,Q3,Q3 2013,8,August,Aug,2013-08,201308,16,Friday,Fri,5,0,1
2013-08-17,2013,Q3,Q3 2013,8,August,Aug,2013-08,201308,17,Saturday,Sat,6,1,0
2013-08-18,2013,Q3,Q3 2013,8,August,Aug,2013-08,201308,18,Sunday,Sun,7,1,0
2013-08-19,2013,Q3,Q3 2013,8,August,Aug,2013-08,201308,19,Monday,Mon,1,0,1
2013-08-20,2013,Q3,Q3 2013,8,August,Aug,2013-08,201308,20,Tuesday,Tue,2,0,1
2013-08-21,2013,Q3,Q3 2013,8,August,Aug,2013-08,201308,21,Wednesday,Wed,3,0,1
2013-08-22,2013,Q3,Q3 2013,8,August,Aug,2013-08,201308,22,Thursday,Thu,4,0,1
2013-08-23,2013,Q3,Q3 2013,8,August,Aug,2013-08,201308,23,Friday,Fri,5,0,1
2013-08-24,2013,Q3,Q3 2013,8,August,Aug,2013-08,201308,24,Saturday,Sat,6,1,0
2013-08-25,2013,Q3,Q3 2013,8,August,Aug,2013-08,201308,25,Sunday,Sun,7,1,0
2013-08-26,2013,Q3,Q3 2013,8,August,Aug,2013-08,201308,26,Monday,Mon,1,0,1
2013-08-27,2013,Q3,Q3 2013,8,August,Aug,2013-08,201308,27,Tuesday,Tue,2,0,1
2013-08-28,2013,Q3,Q3 2013,8,August,Aug,2013-08,201308,28,Wednesday,Wed,3,0,1
2013-08-29,2013,Q3,Q3 2013,8,August,Aug,2013-08,201308,29,Thursday,Thu,4,0,1
2013-08-30,2013,Q3,Q3 2013,8,August,Aug,2013-08,201308,30,Friday,Fri,5,0,1
2013-08-31,2013,Q3,Q3 2013,8,August,Aug,2013-08,201308,31,Saturday,Sat,6,1,0
2013-09-01,2013,Q3,Q3 2013,9,September,Sep,2013-09,201309,1,Sunday,Sun,7,1,0
2013-09-02,2013,Q3,Q3 2013,9,September,Sep,2013-09,201309,2,Monday,Mon,1,0,1
2013-09-03,2013,Q3,Q3 2013,9,September,Sep,2013-09,201309,3,Tuesday,Tue,2,0,1
2013-09-04,2013,Q3,Q3 2013,9,September,Sep,2013-09,201309,4,Wednesday,Wed,3,0,1
2013-09-05,2013,Q3,Q3 2013,9,September,Sep,2013-09,201309,5,Thursday,Thu,4,0,1
2013-09-06,2013,Q3,Q3 2013,9,September,Sep,2013-09,201309,6,Friday,Fri,5,0,1
2013-09-07,2013,Q3,Q3 2013,9,September,Sep,2013-09,201309,7,Saturday,Sat,6,1,0
2013-09-08,2013,Q3,Q3 2013,9,September,Sep,2013-09,201309,8,Sunday,Sun,7,1,0
2013-09-09,2013,Q3,Q3 2013,9,September,Sep,2013-09,201309,9,Monday,Mon,1,0,0
2013-09-10,2013,Q3,Q3 2013,9,September,Sep,2013-09,201309,10,Tuesday,Tue,2,0,1
2013-09-11,2013,Q3,Q3 2013,9,September,Sep,2013-09,201309,11,Wednesday,Wed,3,0,1
2013-09-12,2013,Q3,Q3 2013,9,September,Sep,2013-09,201309,12,Thursday,Thu,4,0,1
2013-09-13,2013,Q3,Q3 2013,9,September,Sep,2013-09,201309,13,Friday,Fri,5,0,1
2013-09-14,2013,Q3,Q3 2013,9,September,Sep,2013-09,201309,14,Saturday,Sat,6,1,0
2013-09-15,2013,Q3,Q3 2013,9,September,Sep,2013-09,201309,15,Sunday,Sun,7,1,0
2013-09-16,2013,Q3,Q3 2013,9,September,Sep,2013-09,201309,16,Monday,Mon,1,0,1
2013-09-17,2013,Q3,Q3 2013,9,September,Sep,2013-09,201309,17,Tuesday,Tue,2,0,1
2013-09-18,2013,Q3,Q3 2013,9,September,Sep,2013-09,201309,18,Wednesday,Wed,3,0,1
2013-09-19,2013,Q3,Q3 2013,9,September,Sep,2013-09,201309,19,Thursday,Thu,4,0,1
2013-09-20,2013,Q3,Q3 2013,9,September,Sep,2013-09,201309,20,Friday,Fri,5,0,1
2013-09-21,2013,Q3,Q3 2013,9,September,Sep,2013-09,201309,21,Saturday,Sat,6,1,0
2013-09-22,2013,Q3,Q3 2013,9,September,Sep,2013-09,201309,22,Sunday,Sun,7,1,0
2013-09-23,2013,Q3,Q3 2013,9,September,Sep,2013-09,201309,23,Monday,Mon,1,0,1
2013-09-24,2013,Q3,Q3 2013,9,September,Sep,2013-09,201309,24,Tuesday,Tue,2,0,1
2013-09-25,2013,Q3,Q3 2013,9,September,Sep,2013-09,201309,25,Wednesday,Wed,3,0,1
2013-09-26,2013,Q3,Q3 2013,9,September,Sep,2013-09,201309,26,Thursday,Thu,4,0,1
2013-09-27,2013,Q3,Q3 2013,9,September,Sep,2013-09,201309,27,Friday,Fri,5,0,1
2013-09-28,2013,Q3,Q3 2013,9,September,Sep,2013-09,201309,28,Saturday,Sat,6,1,0
2013-09-29,2013,Q3,Q3 2013,9,September,Sep,2013-09,201309,29,Sunday,Sun,7,1,0
2013-09-30,2013,Q3,Q3 2013,9,September,Sep,2013-09,201309,30,Monday,Mon,1,0,1
2013-10-01,2013,Q4,Q4 2013,10,October,Oct,2013-10,201310,1,Tuesday,Tue,2,0,1
2013-10-02,2013,Q4,Q4 2013,10,October,Oct,2013-10,201310,2,Wednesday,Wed,3,0,0
2013-10-03,2013,Q4,Q4 2013,10,October,Oct,2013-10,201310,3,Thursday,Thu,4,0,1
2013-10-04,2013,Q4,Q4 2013,10,October,Oct,2013-10,201310,4,Friday,Fri,5,0,1
2013-10-05,2013,Q4,Q4 2013,10,October,Oct,2013-10,201310,5,Saturday,Sat,6,1,0
2013-10-06,2013,Q4,Q4 2013,10,October,Oct,2013-10,201310,6,Sunday,Sun,7,1,0
2013-10-07,2013,Q4,Q4 2013,10,October,Oct,2013-10,201310,7,Monday,Mon,1,0,1
2013-10-08,2013,Q4,Q4 2013,10,October,Oct,2013-10,201310,8,Tuesday,Tue,2,0,1
2013-10-09,2013,Q4,Q4 2013,10,October,Oct,2013-10,201310,9,Wednesday,Wed,3,0,1
2013-10-10,2013,Q4,Q4 2013,10,October,Oct,2013-10,201310,10,Thursday,Thu,4,0,1
2013-10-11,2013,Q4,Q4 2013,10,October,Oct,2013-10,201310,11,Friday,Fri,5,0,1
2013-10-12,2013,Q4,Q4 2013,10,October,Oct,2013-10,201310,12,Saturday,Sat,6,1,0
2013-10-13,2013,Q4,Q4 2013,10,October,Oct,2013-10,201310,13,Sunday,Sun,7,1,0
2013-10-14,2013,Q4,Q4 2013,10,October,Oct,2013-10,201310,14,Monday,Mon,1,0,1
2013-10-15,2013,Q4,Q4 2013,10,October,Oct,2013-10,201310,15,Tuesday,Tue,2,0,1
2013-10-16,2013,Q4,Q4 2013,10,October,Oct,2013-10,201310,16,Wednesday,Wed,3,0,0
2013-10-17,2013,Q4,Q4 2013,10,October,Oct,2013-10,201310,17,Thursday,Thu,4,0,1
2013-10-18,2013,Q4,Q4 2013,10,October,Oct,2013-10,201310,18,Friday,Fri,5,0,1
2013-10-19,2013,Q4,Q4 2013,10,October,Oct,2013-10,201310,19,Saturday,Sat,6,1,0
2013-10-20,2013,Q4,Q4 2013,10,October,Oct,2013-10,201310,20,Sunday,Sun,7,1,0
2013-10-21,2013,Q4,Q4 2013,10,October,Oct,2013-10,201310,21,Monday,Mon,1,0,1
2013-10-22,2013,Q4,Q4 2013,10,October,Oct,2013-10,201310,22,Tuesday,Tue,2,0,1
2013-10-23,2013,Q4,Q4 2013,10,October,Oct,2013-10,201310,23,Wednesday,Wed,3,0,1
2013-10-24,2013,Q4,Q4 2013,10,October,Oct,2013-10,201310,24,Thursday,Thu,4,0,1
2013-10-25,2013,Q4,Q4 2013,10,October,Oct,2013-10,201310,25,Friday,Fri,5,0,1
2013-10-26,2013,Q4,Q4 2013,10,October,Oct,2013-10,201310,26,Saturday,Sat,6,1,0
2013-10-27,2013,Q4,Q4 2013,10,October,Oct,2013-10,201310,27,Sunday,Sun,7,1,0
2013-10-28,2013,Q4,Q4 2013,10,October,Oct,2013-10,201310,28,Monday,Mon,1,0,1
2013-10-29,2013,Q4,Q4 2013,10,October,Oct,2013-10,201310,29,Tuesday,Tue,2,0,1
2013-10-30,2013,Q4,Q4 2013,10,October,Oct,2013-10,201310,30,Wednesday,Wed,3,0,1
2013-10-31,2013,Q4,Q4 2013,10,October,Oct,2013-10,201310,31,Thursday,Thu,4,0,1
2013-11-01,2013,Q4,Q4 2013,11,November,Nov,2013-11,201311,1,Friday,Fri,5,0,1
2013-11-02,2013,Q4,Q4 2013,11,November,Nov,2013-11,201311,2,Saturday,Sat,6,1,0
2013-11-03,2013,Q4,Q4 2013,11,November,Nov,2013-11,201311,3,Sunday,Sun,7,1,0
2013-11-04,2013,Q4,Q4 2013,11,November,Nov,2013-11,201311,4,Monday,Mon,1,0,0
2013-11-05,2013,Q4,Q4 2013,11,November,Nov,2013-11,201311,5,Tuesday,Tue,2,0,1
2013-11-06,2013,Q4,Q4 2013,11,November,Nov,2013-11,201311,6,Wednesday,Wed,3,0,1
2013-11-07,2013,Q4,Q4 2013,11,November,Nov,2013-11,201311,7,Thursday,Thu,4,0,1
2013-11-08,2013,Q4,Q4 2013,11,November,Nov,2013-11,201311,8,Friday,Fri,5,0,1
2013-11-09,2013,Q4,Q4 2013,11,November,Nov,2013-11,201311,9,Saturday,Sat,6,1,0
2013-11-10,2013,Q4,Q4 2013,11,November,Nov,2013-11,201311,10,Sunday,Sun,7,1,0
2013-11-11,2013,Q4,Q4 2013,11,November,Nov,2013-11,201311,11,Monday,Mon,1,0,1
2013-11-12,2013,Q4,Q4 2013,11,November,Nov,2013-11,201311,12,Tuesday,Tue,2,0,1
2013-11-13,2013,Q4,Q4 2013,11,November,Nov,2013-11,201311,13,Wednesday,Wed,3,0,1
2013-11-14,2013,Q4,Q4 2013,11,November,Nov,2013-11,201311,14,Thursday,Thu,4,0,1
2013-11-15,2013,Q4,Q4 2013,11,November,Nov,2013-11,201311,15,Friday,Fri,5,0,0
2013-11-16,2013,Q4,Q4 2013,11,November,Nov,2013-11,201311,16,Saturday,Sat,6,1,0
2013-11-17,2013,Q4,Q4 2013,11,November,Nov,2013-11,201311,17,Sunday,Sun,7,1,0
2013-11-18,2013,Q4,Q4 2013,11,November,Nov,2013-11,201311,18,Monday,Mon,1,0,1
2013-11-19,2013,Q4,Q4 2013,11,November,Nov,2013-11,201311,19,Tuesday,Tue,2,0,1
2013-11-20,2013,Q4,Q4 2013,11,November,Nov,2013-11,201311,20,Wednesday,Wed,3,0,1
2013-11-21,2013,Q4,Q4 2013,11,November,Nov,2013-11,201311,21,Thursday,Thu,4,0,1
2013-11-22,2013,Q4,Q4 2013,11,November,Nov,2013-11,201311,22,Friday,Fri,5,0,1
2013-11-23,2013,Q4,Q4 2013,11,November,Nov,2013-11,201311,23,Saturday,Sat,6,1,0
2013-11-24,2013,Q4,Q4 2013,11,November,Nov,2013-11,201311,24,Sunday,Sun,7,1,0
2013-11-25,2013,Q4,Q4 2013,11,November,Nov,2013-11,201311,25,Monday,Mon,1,0,1
2013-11-26,2013,Q4,Q4 2013,11,November,Nov,2013-11,201311,26,Tuesday,Tue,2,0,1
2013-11-27,2013,Q4,Q4 2013,11,November,Nov,2013-11,201311,27,Wednesday,Wed,3,0,1
2013-11-28,2013,Q4,Q4 2013,11,November,Nov,2013-11,201311,28,Thursday,Thu,4,0,1
2013-11-29,2013,Q4,Q4 2013,11,November,Nov,2013-11,201311,29,Friday,Fri,5,0,1
2013-11-30,2013,Q4,Q4 2013,11,November,Nov,2013-11,201311,30,Saturday,Sat,6,1,0
2013-12-01,2013,Q4,Q4 2013,12,December,Dec,2013-12,201312,1,Sunday,Sun,7,1,0
2013-12-02,2013,Q4,Q4 2013,12,December,Dec,2013-12,201312,2,Monday,Mon,1,0,1
2013-12-03,2013,Q4,Q4 2013,12,December,Dec,2013-12,201312,3,Tuesday,Tue,2,0,1
2013-12-04,2013,Q4,Q4 2013,12,December,Dec,2013-12,201312,4,Wednesday,Wed,3,0,1
2013-12-05,2013,Q4,Q4 2013,12,December,Dec,2013-12,201312,5,Thursday,Thu,4,0,1
2013-12-06,2013,Q4,Q4 2013,12,December,Dec,2013-12,201312,6,Friday,Fri,5,0,1
2013-12-07,2013,Q4,Q4 2013,12,December,Dec,2013-12,201312,7,Saturday,Sat,6,1,0
2013-12-08,2013,Q4,Q4 2013,12,December,Dec,2013-12,201312,8,Sunday,Sun,7,1,0
2013-12-09,2013,Q4,Q4 2013,12,December,Dec,2013-12,201312,9,Monday,Mon,1,0,1
2013-12-10,2013,Q4,Q4 2013,12,December,Dec,2013-12,201312,10,Tuesday,Tue,2,0,1
2013-12-11,2013,Q4,Q4 2013,12,December,Dec,2013-12,201312,11,Wednesday,Wed,3,0,1
2013-12-12,2013,Q4,Q4 2013,12,December,Dec,2013-12,201312,12,Thursday,Thu,4,0,1
2013-12-13,2013,Q4,Q4 2013,12,December,Dec,2013-12,201312,13,Friday,Fri,5,0,1
2013-12-14,2013,Q4,Q4 2013,12,December,Dec,2013-12,201312,14,Saturday,Sat,6,1,0
2013-12-15,2013,Q4,Q4 2013,12,December,Dec,2013-12,201312,15,Sunday,Sun,7,1,0
2013-12-16,2013,Q4,Q4 2013,12,December,Dec,2013-12,201312,16,Monday,Mon,1,0,1
2013-12-17,2013,Q4,Q4 2013,12,December,Dec,2013-12,201312,17,Tuesday,Tue,2,0,1
2013-12-18,2013,Q4,Q4 2013,12,December,Dec,2013-12,201312,18,Wednesday,Wed,3,0,1
2013-12-19,2013,Q4,Q4 2013,12,December,Dec,2013-12,201312,19,Thursday,Thu,4,0,1
2013-12-20,2013,Q4,Q4 2013,12,December,Dec,2013-12,201312,20,Friday,Fri,5,0,1
2013-12-21,2013,Q4,Q4 2013,12,December,Dec,2013-12,201312,21,Saturday,Sat,6,1,0
2013-12-22,2013,Q4,Q4 2013,12,December,Dec,2013-12,201312,22,Sunday,Sun,7,1,0
2013-12-23,2013,Q4,Q4 2013,12,December,Dec,2013-12,201312,23,Monday,Mon,1,0,1
2013-12-24,2013,Q4,Q4 2013,12,December,Dec,2013-12,201312,24,Tuesday,Tue,2,0,1
2013-12-25,2013,Q4,Q4 2013,12,December,Dec,2013-12,201312,25,Wednesday,Wed,3,0,0
2013-12-26,2013,Q4,Q4 2013,12,December,Dec,2013-12,201312,26,Thursday,Thu,4,0,1
2013-12-27,2013,Q4,Q4 2013,12,December,Dec,2013-12,201312,27,Friday,Fri,5,0,1
2013-12-28,2013,Q4,Q4 2013,12,December,Dec,2013-12,201312,28,Saturday,Sat,6,1,0
2013-12-29,2013,Q4,Q4 2013,12,December,Dec,2013-12,201312,29,Sunday,Sun,7,1,0
2013-12-30,2013,Q4,Q4 2013,12,December,Dec,2013-12,201312,30,Monday,Mon,1,0,1
2013-12-31,2013,Q4,Q4 2013,12,December,Dec,2013-12,201312,31,Tuesday,Tue,2,0,1
2014-01-01,2014,Q1,Q1 2014,1,January,Jan,2014-01,201401,1,Wednesday,Wed,3,0,1
2014-01-02,2014,Q1,Q1 2014,1,January,Jan,2014-01,201401,2,Thursday,Thu,4,0,1
2014-01-03,2014,Q1,Q1 2014,1,January,Jan,2014-01,201401,3,Friday,Fri,5,0,1
2014-01-04,2014,Q1,Q1 2014,1,January,Jan,2014-01,201401,4,Saturday,Sat,6,1,0
2014-01-05,2014,Q1,Q1 2014,1,January,Jan,2014-01,201401,5,Sunday,Sun,7,1,0
2014-01-06,2014,Q1,Q1 2014,1,January,Jan,2014-01,201401,6,Monday,Mon,1,0,1
2014-01-07,2014,Q1,Q1 2014,1,January,Jan,2014-01,201401,7,Tuesday,Tue,2,0,1
2014-01-08,2014,Q1,Q1 2014,1,January,Jan,2014-01,201401,8,Wednesday,Wed,3,0,1
2014-01-09,2014,Q1,Q1 2014,1,January,Jan,2014-01,201401,9,Thursday,Thu,4,0,1
2014-01-10,2014,Q1,Q1 2014,1,January,Jan,2014-01,201401,10,Friday,Fri,5,0,1
2014-01-11,2014,Q1,Q1 2014,1,January,Jan,2014-01,201401,11,Saturday,Sat,6,1,0
2014-01-12,2014,Q1,Q1 2014,1,January,Jan,2014-01,201401,12,Sunday,Sun,7,1,0
2014-01-13,2014,Q1,Q1 2014,1,January,Jan,2014-01,201401,13,Monday,Mon,1,0,1
2014-01-14,2014,Q1,Q1 2014,1,January,Jan,2014-01,201401,14,Tuesday,Tue,2,0,1
2014-01-15,2014,Q1,Q1 2014,1,January,Jan,2014-01,201401,15,Wednesday,Wed,3,0,1
2014-01-16,2014,Q1,Q1 2014,1,January,Jan,2014-01,201401,16,Thursday,Thu,4,0,1
2014-01-17,2014,Q1,Q1 2014,1,January,Jan,2014-01,201401,17,Friday,Fri,5,0,1
2014-01-18,2014,Q1,Q1 2014,1,January,Jan,2014-01,201401,18,Saturday,Sat,6,1,0
2014-01-19,2014,Q1,Q1 2014,1,January,Jan,2014-01,201401,19,Sunday,Sun,7,1,0
2014-01-20,2014,Q1,Q1 2014,1,January,Jan,2014-01,201401,20,Monday,Mon,1,0,1
2014-01-21,2014,Q1,Q1 2014,1,January,Jan,2014-01,201401,21,Tuesday,Tue,2,0,1
2014-01-22,2014,Q1,Q1 2014,1,January,Jan,2014-01,201401,22,Wednesday,Wed,3,0,1
2014-01-23,2014,Q1,Q1 2014,1,January,Jan,2014-01,201401,23,Thursday,Thu,4,0,1
2014-01-24,2014,Q1,Q1 2014,1,January,Jan,2014-01,201401,24,Friday,Fri,5,0,1
2014-01-25,2014,Q1,Q1 2014,1,January,Jan,2014-01,201401,25,Saturday,Sat,6,1,0
2014-01-26,2014,Q1,Q1 2014,1,January,Jan,2014-01,201401,26,Sunday,Sun,7,1,0
2014-01-27,2014,Q1,Q1 2014,1,January,Jan,2014-01,201401,27,Monday,Mon,1,0,1
2014-01-28,2014,Q1,Q1 2014,1,January,Jan,2014-01,201401,28,Tuesday,Tue,2,0,1
2014-01-29,2014,Q1,Q1 2014,1,January,Jan,2014-01,201401,29,Wednesday,Wed,3,0,1
2014-01-30,2014,Q1,Q1 2014,1,January,Jan,2014-01,201401,30,Thursday,Thu,4,0,1
2014-01-31,2014,Q1,Q1 2014,1,January,Jan,2014-01,201401,31,Friday,Fri,5,0,1
2014-02-01,2014,Q1,Q1 2014,2,February,Feb,2014-02,201402,1,Saturday,Sat,6,1,0
2014-02-02,2014,Q1,Q1 2014,2,February,Feb,2014-02,201402,2,Sunday,Sun,7,1,0
2014-02-03,2014,Q1,Q1 2014,2,February,Feb,2014-02,201402,3,Monday,Mon,1,0,1
2014-02-04,2014,Q1,Q1 2014,2,February,Feb,2014-02,201402,4,Tuesday,Tue,2,0,1
2014-02-05,2014,Q1,Q1 2014,2,February,Feb,2014-02,201402,5,Wednesday,Wed,3,0,1
2014-02-06,2014,Q1,Q1 2014,2,February,Feb,2014-02,201402,6,Thursday,Thu,4,0,1
2014-02-07,2014,Q1,Q1 2014,2,February,Feb,2014-02,201402,7,Friday,Fri,5,0,1
2014-02-08,2014,Q1,Q1 2014,2,February,Feb,2014-02,201402,8,Saturday,Sat,6,1,0
2014-02-09,2014,Q1,Q1 2014,2,February,Feb,2014-02,201402,9,Sunday,Sun,7,1,0
2014-02-10,2014,Q1,Q1 2014,2,February,Feb,2014-02,201402,10,Monday,Mon,1,0,1
2014-02-11,2014,Q1,Q1 2014,2,February,Feb,2014-02,201402,11,Tuesday,Tue,2,0,1
2014-02-12,2014,Q1,Q1 2014,2,February,Feb,2014-02,201402,12,Wednesday,Wed,3,0,1
2014-02-13,2014,Q1,Q1 2014,2,February,Feb,2014-02,201402,13,Thursday,Thu,4,0,1
2014-02-14,2014,Q1,Q1 2014,2,February,Feb,2014-02,201402,14,Friday,Fri,5,0,1
2014-02-15,2014,Q1,Q1 2014,2,February,Feb,2014-02,201402,15,Saturday,Sat,6,1,0
2014-02-16,2014,Q1,Q1 2014,2,February,Feb,2014-02,201402,16,Sunday,Sun,7,1,0
2014-02-17,2014,Q1,Q1 2014,2,February,Feb,2014-02,201402,17,Monday,Mon,1,0,1
2014-02-18,2014,Q1,Q1 2014,2,February,Feb,2014-02,201402,18,Tuesday,Tue,2,0,1
2014-02-19,2014,Q1,Q1 2014,2,February,Feb,2014-02,201402,19,Wednesday,Wed,3,0,1
2014-02-20,2014,Q1,Q1 2014,2,February,Feb,2014-02,201402,20,Thursday,Thu,4,0,1
2014-02-21,2014,Q1,Q1 2014,2,February,Feb,2014-02,201402,21,Friday,Fri,5,0,1
2014-02-22,2014,Q1,Q1 2014,2,February,Feb,2014-02,201402,22,Saturday,Sat,6,1,0
2014-02-23,2014,Q1,Q1 2014,2,February,Feb,2014-02,201402,23,Sunday,Sun,7,1,0
2014-02-24,2014,Q1,Q1 2014,2,February,Feb,2014-02,201402,24,Monday,Mon,1,0,1
2014-02-25,2014,Q1,Q1 2014,2,February,Feb,2014-02,201402,25,Tuesday,Tue,2,0,1
2014-02-26,2014,Q1,Q1 2014,2,February,Feb,2014-02,201402,26,Wednesday,Wed,3,0,1
2014-02-27,2014,Q1,Q1 2014,2,February,Feb,2014-02,201402,27,Thursday,Thu,4,0,0
2014-02-28,2014,Q1,Q1 2014,2,February,Feb,2014-02,201402,28,Friday,Fri,5,0,1
2014-03-01,2014,Q1,Q1 2014,3,March,Mar,2014-03,201403,1,Saturday,Sat,6,1,0
2014-03-02,2014,Q1,Q1 2014,3,March,Mar,2014-03,201403,2,Sunday,Sun,7,1,0
2014-03-03,2014,Q1,Q1 2014,3,March,Mar,2014-03,201403,3,Monday,Mon,1,0,1
2014-03-04,2014,Q1,Q1 2014,3,March,Mar,2014-03,201403,4,Tuesday,Tue,2,0,1
2014-03-05,2014,Q1,Q1 2014,3,March,Mar,2014-03,201403,5,Wednesday,Wed,3,0,1
2014-03-06,2014,Q1,Q1 2014,3,March,Mar,2014-03,201403,6,Thursday,Thu,4,0,1
2014-03-07,2014,Q1,Q1 2014,3,March,Mar,2014-03,201403,7,Friday,Fri,5,0,1
2014-03-08,2014,Q1,Q1 2014,3,March,Mar,2014-03,201403,8,Saturday,Sat,6,1,0
2014-03-09,2014,Q1,Q1 2014,3,March,Mar,2014-03,201403,9,Sunday,Sun,7,1,0
2014-03-10,2014,Q1,Q1 2014,3,March,Mar,2014-03,201403,10,Monday,Mon,1,0,1
2014-03-11,2014,Q1,Q1 2014,3,March,Mar,2014-03,201403,11,Tuesday,Tue,2,0,1
2014-03-12,2014,Q1,Q1 2014,3,March,Mar,2014-03,201403,12,Wednesday,Wed,3,0,1
2014-03-13,2014,Q1,Q1 2014,3,March,Mar,2014-03,201403,13,Thursday,Thu,4,0,1
2014-03-14,2014,Q1,Q1 2014,3,March,Mar,2014-03,201403,14,Friday,Fri,5,0,1
2014-03-15,2014,Q1,Q1 2014,3,March,Mar,2014-03,201403,15,Saturday,Sat,6,1,0
2014-03-16,2014,Q1,Q1 2014,3,March,Mar,2014-03,201403,16,Sunday,Sun,7,1,0
2014-03-17,2014,Q1,Q1 2014,3,March,Mar,2014-03,201403,17,Monday,Mon,1,0,0
2014-03-18,2014,Q1,Q1 2014,3,March,Mar,2014-03,201403,18,Tuesday,Tue,2,0,1
2014-03-19,2014,Q1,Q1 2014,3,March,Mar,2014-03,201403,19,Wednesday,Wed,3,0,1
2014-03-20,2014,Q1,Q1 2014,3,March,Mar,2014-03,201403,20,Thursday,Thu,4,0,1
2014-03-21,2014,Q1,Q1 2014,3,March,Mar,2014-03,201403,21,Friday,Fri,5,0,1
2014-03-22,2014,Q1,Q1 2014,3,March,Mar,2014-03,201403,22,Saturday,Sat,6,1,0
2014-03-23,2014,Q1,Q1 2014,3,March,Mar,2014-03,201403,23,Sunday,Sun,7,1,0
2014-03-24,2014,Q1,Q1 2014,3,March,Mar,2014-03,201403,24,Monday,Mon,1,0,1
2014-03-25,2014,Q1,Q1 2014,3,March,Mar,2014-03,201403,25,Tuesday,Tue,2,0,1
2014-03-26,2014,Q1,Q1 2014,3,March,Mar,2014-03,201403,26,Wednesday,Wed,3,0,1
2014-03-27,2014,Q1,Q1 2014,3,March,Mar,2014-03,201403,27,Thursday,Thu,4,0,1
2014-03-28,2014,Q1,Q1 2014,3,March,Mar,2014-03,201403,28,Friday,Fri,5,0,1
2014-03-29,2014,Q1,Q1 2014,3,March,Mar,2014-03,201403,29,Saturday,Sat,6,1,0
2014-03-30,2014,Q1,Q1 2014,3,March,Mar,2014-03,201403,30,Sunday,Sun,7,1,0
2014-03-31,2014,Q1,Q1 2014,3,March,Mar,2014-03,201403,31,Monday,Mon,1,0,1
2014-04-01,2014,Q2,Q2 2014,4,April,Apr,2014-04,201404,1,Tuesday,Tue,2,0,1
2014-04-02,2014,Q2,Q2 2014,4,April,Apr,2014-04,201404,2,Wednesday,Wed,3,0,1
2014-04-03,2014,Q2,Q2 2014,4,April,Apr,2014-04,201404,3,Thursday,Thu,4,0,1
2014-04-04,2014,Q2,Q2 2014,4,April,Apr,2014-04,201404,4,Friday,Fri,5,0,1
2014-04-05,2014,Q2,Q2 2014,4,April,Apr,2014-04,201404,5,Saturday,Sat,6,1,0
2014-04-06,2014,Q2,Q2 2014,4,April,Apr,2014-04,201404,6,Sunday,Sun,7,1,0
2014-04-07,2014,Q2,Q2 2014,4,April,Apr,2014-04,201404,7,Monday,Mon,1,0,1
2014-04-08,2014,Q2,Q2 2014,4,April,Apr,2014-04,201404,8,Tuesday,Tue,2,0,0
2014-04-09,2014,Q2,Q2 2014,4,April,Apr,2014-04,201404,9,Wednesday,Wed,3,0,1
2014-04-10,2014,Q2,Q2 2014,4,April,Apr,2014-04,201404,10,Thursday,Thu,4,0,1
2014-04-11,2014,Q2,Q2 2014,4,April,Apr,2014-04,201404,11,Friday,Fri,5,0,1
2014-04-12,2014,Q2,Q2 2014,4,April,Apr,2014-04,201404,12,Saturday,Sat,6,1,0
2014-04-13,2014,Q2,Q2 2014,4,April,Apr,2014-04,201404,13,Sunday,Sun,7,1,0
2014-04-14,2014,Q2,Q2 2014,4,April,Apr,2014-04,201404,14,Monday,Mon,1,0,0
2014-04-15,2014,Q2,Q2 2014,4,April,Apr,2014-04,201404,15,Tuesday,Tue,2,0,1
2014-04-16,2014,Q2,Q2 2014,4,April,Apr,2014-04,201404,16,Wednesday,Wed,3,0,1
2014-04-17,2014,Q2,Q2 2014,4,April,Apr,2014-04,201404,17,Thursday,Thu,4,0,1
2014-04-18,2014,Q2,Q2 2014,4,April,Apr,2014-04,201404,18,Friday,Fri,5,0,0
2014-04-19,2014,Q2,Q2 2014,4,April,Apr,2014-04,201404,19,Saturday,Sat,6,1,0
2014-04-20,2014,Q2,Q2 2014,4,April,Apr,2014-04,201404,20,Sunday,Sun,7,1,0
2014-04-21,2014,Q2,Q2 2014,4,April,Apr,2014-04,201404,21,Monday,Mon,1,0,1
2014-04-22,2014,Q2,Q2 2014,4,April,Apr,2014-04,201404,22,Tuesday,Tue,2,0,1
2014-04-23,2014,Q2,Q2 2014,4,April,Apr,2014-04,201404,23,Wednesday,Wed,3,0,1
2014-04-24,2014,Q2,Q2 2014,4,April,Apr,2014-04,201404,24,Thursday,Thu,4,0,1
2014-04-25,2014,Q2,Q2 2014,4,April,Apr,2014-04,201404,25,Friday,Fri,5,0,1
2014-04-26,2014,Q2,Q2 2014,4,April,Apr,2014-04,201404,26,Saturday,Sat,6,1,0
2014-04-27,2014,Q2,Q2 2014,4,April,Apr,2014-04,201404,27,Sunday,Sun,7,1,0
2014-04-28,2014,Q2,Q2 2014,4,April,Apr,2014-04,201404,28,Monday,Mon,1,0,1
2014-04-29,2014,Q2,Q2 2014,4,April,Apr,2014-04,201404,29,Tuesday,Tue,2,0,1
2014-04-30,2014,Q2,Q2 2014,4,April,Apr,2014-04,201404,30,Wednesday,Wed,3,0,1
2014-05-01,2014,Q2,Q2 2014,5,May,May,2014-05,201405,1,Thursday,Thu,4,0,0
2014-05-02,2014,Q2,Q2 2014,5,May,May,2014-05,201405,2,Friday,Fri,5,0,1
2014-05-03,2014,Q2,Q2 2014,5,May,May,2014-05,201405,3,Saturday,Sat,6,1,0
2014-05-04,2014,Q2,Q2 2014,5,May,May,2014-05,201405,4,Sunday,Sun,7,1,0
2014-05-05,2014,Q2,Q2 2014,5,May,May,2014-05,201405,5,Monday,Mon,1,0,1
2014-05-06,2014,Q2,Q2 2014,5,May,May,2014-05,201405,6,Tuesday,Tue,2,0,1
2014-05-07,2014,Q2,Q2 2014,5,May,May,2014-05,201405,7,Wednesday,Wed,3,0,1
2014-05-08,2014,Q2,Q2 2014,5,May,May,2014-05,201405,8,Thursday,Thu,4,0,1
2014-05-09,2014,Q2,Q2 2014,5,May,May,2014-05,201405,9,Friday,Fri,5,0,1
2014-05-10,2014,Q2,Q2 2014,5,May,May,2014-05,201405,10,Saturday,Sat,6,1,0
2014-05-11,2014,Q2,Q2 2014,5,May,May,2014-05,201405,11,Sunday,Sun,7,1,0
2014-05-12,2014,Q2,Q2 2014,5,May,May,2014-05,201405,12,Monday,Mon,1,0,1
2014-05-13,2014,Q2,Q2 2014,5,May,May,2014-05,201405,13,Tuesday,Tue,2,0,1
2014-05-14,2014,Q2,Q2 2014,5,May,May,2014-05,201405,14,Wednesday,Wed,3,0,1
2014-05-15,2014,Q2,Q2 2014,5,May,May,2014-05,201405,15,Thursday,Thu,4,0,1
2014-05-16,2014,Q2,Q2 2014,5,May,May,2014-05,201405,16,Friday,Fri,5,0,1
2014-05-17,2014,Q2,Q2 2014,5,May,May,2014-05,201405,17,Saturday,Sat,6,1,0
2014-05-18,2014,Q2,Q2 2014,5,May,May,2014-05,201405,18,Sunday,Sun,7,1,0
2014-05-19,2014,Q2,Q2 2014,5,May,May,2014-05,201405,19,Monday,Mon,1,0,1
2014-05-20,2014,Q2,Q2 2014,5,May,May,2014-05,201405,20,Tuesday,Tue,2,0,1
2014-05-21,2014,Q2,Q2 2014,5,May,May,2014-05,201405,21,Wednesday,Wed,3,0,1
2014-05-22,2014,Q2,Q2 2014,5,May,May,2014-05,201405,22,Thursday,Thu,4,0,1
2014-05-23,2014,Q2,Q2 2014,5,May,May,2014-05,201405,23,Friday,Fri,5,0,1
2014-05-24,2014,Q2,Q2 2014,5,May,May,2014-05,201405,24,Saturday,Sat,6,1,0
2014-05-25,2014,Q2,Q2 2014,5,May,May,2014-05,201405,25,Sunday,Sun,7,1,0
2014-05-26,2014,Q2,Q2 2014,5,May,May,2014-05,201405,26,Monday,Mon,1,0,1
2014-05-27,2014,Q2,Q2 2014,5,May,May,2014-05,201405,27,Tuesday,Tue,2,0,1
2014-05-28,2014,Q2,Q2 2014,5,May,May,2014-05,201405,28,Wednesday,Wed,3,0,1
2014-05-29,2014,Q2,Q2 2014,5,May,May,2014-05,201405,29,Thursday,Thu,4,0,1
2014-05-30,2014,Q2,Q2 2014,5,May,May,2014-05,201405,30,Friday,Fri,5,0,1
2014-05-31,2014,Q2,Q2 2014,5,May,May,2014-05,201405,31,Saturday,Sat,6,1,0
2014-06-01,2014,Q2,Q2 2014,6,June,Jun,2014-06,201406,1,Sunday,Sun,7,1,0
2014-06-02,2014,Q2,Q2 2014,6,June,Jun,2014-06,201406,2,Monday,Mon,1,0,1
2014-06-03,2014,Q2,Q2 2014,6,June,Jun,2014-06,201406,3,Tuesday,Tue,2,0,1
2014-06-04,2014,Q2,Q2 2014,6,June,Jun,2014-06,201406,4,Wednesday,Wed,3,0,1
2014-06-05,2014,Q2,Q2 2014,6,June,Jun,2014-06,201406,5,Thursday,Thu,4,0,1
2014-06-06,2014,Q2,Q2 2014,6,June,Jun,2014-06,201406,6,Friday,Fri,5,0,1
2014-06-07,2014,Q2,Q2 2014,6,June,Jun,2014-06,201406,7,Saturday,Sat,6,1,0
2014-06-08,2014,Q2,Q2 2014,6,June,Jun,2014-06,201406,8,Sunday,Sun,7,1,0
2014-06-09,2014,Q2,Q2 2014,6,June,Jun,2014-06,201406,9,Monday,Mon,1,0,1
2014-06-10,2014,Q2,Q2 2014,6,June,Jun,2014-06,201406,10,Tuesday,Tue,2,0,1
2014-06-11,2014,Q2,Q2 2014,6,June,Jun,2014-06,201406,11,Wednesday,Wed,3,0,1
2014-06-12,2014,Q2,Q2 2014,6,June,Jun,2014-06,201406,12,Thursday,Thu,4,0,1
2014-06-13,2014,Q2,Q2 2014,6,June,Jun,2014-06,201406,13,Friday,Fri,5,0,1
2014-06-14,2014,Q2,Q2 2014,6,June,Jun,2014-06,201406,14,Saturday,Sat,6,1,0
2014-06-15,2014,Q2,Q2 2014,6,June,Jun,2014-06,201406,15,Sunday,Sun,7,1,0
2014-06-16,2014,Q2,Q2 2014,6,June,Jun,2014-06,201406,16,Monday,Mon,1,0,1
2014-06-17,2014,Q2,Q2 2014,6,June,Jun,2014-06,201406,17,Tuesday,Tue,2,0,1
2014-06-18,2014,Q2,Q2 2014,6,June,Jun,2014-06,201406,18,Wednesday,Wed,3,0,1
2014-06-19,2014,Q2,Q2 2014,6,June,Jun,2014-06,201406,19,Thursday,Thu,4,0,1
2014-06-20,2014,Q2,Q2 2014,6,June,Jun,2014-06,201406,20,Friday,Fri,5,0,1
2014-06-21,2014,Q2,Q2 2014,6,June,Jun,2014-06,201406,21,Saturday,Sat,6,1,0
2014-06-22,2014,Q2,Q2 2014,6,June,Jun,2014-06,201406,22,Sunday,Sun,7,1,0
2014-06-23,2014,Q2,Q2 2014,6,June,Jun,2014-06,201406,23,Monday,Mon,1,0,1
2014-06-24,2014,Q2,Q2 2014,6,June,Jun,2014-06,201406,24,Tuesday,Tue,2,0,1
2014-06-25,2014,Q2,Q2 2014,6,June,Jun,2014-06,201406,25,Wednesday,Wed,3,0,1
2014-06-26,2014,Q2,Q2 2014,6,June,Jun,2014-06,201406,26,Thursday,Thu,4,0,1
2014-06-27,2014,Q2,Q2 2014,6,June,Jun,2014-06,201406,27,Friday,Fri,5,0,1
2014-06-28,2014,Q2,Q2 2014,6,June,Jun,2014-06,201406,28,Saturday,Sat,6,1,0
2014-06-29,2014,Q2,Q2 2014,6,June,Jun,2014-06,201406,29,Sunday,Sun,7,1,0
2014-06-30,2014,Q2,Q2 2014,6,June,Jun,2014-06,201406,30,Monday,Mon,1,0,1
2014-07-01,2014,Q3,Q3 2014,7,July,Jul,2014-07,201407,1,Tuesday,Tue,2,0,1
2014-07-02,2014,Q3,Q3 2014,7,July,Jul,2014-07,201407,2,Wednesday,Wed,3,0,1
2014-07-03,2014,Q3,Q3 2014,7,July,Jul,2014-07,201407,3,Thursday,Thu,4,0,1
2014-07-04,2014,Q3,Q3 2014,7,July,Jul,2014-07,201407,4,Friday,Fri,5,0,1
2014-07-05,2014,Q3,Q3 2014,7,July,Jul,2014-07,201407,5,Saturday,Sat,6,1,0
2014-07-06,2014,Q3,Q3 2014,7,July,Jul,2014-07,201407,6,Sunday,Sun,7,1,0
2014-07-07,2014,Q3,Q3 2014,7,July,Jul,2014-07,201407,7,Monday,Mon,1,0,1
2014-07-08,2014,Q3,Q3 2014,7,July,Jul,2014-07,201407,8,Tuesday,Tue,2,0,1
2014-07-09,2014,Q3,Q3 2014,7,July,Jul,2014-07,201407,9,Wednesday,Wed,3,0,1
2014-07-10,2014,Q3,Q3 2014,7,July,Jul,2014-07,201407,10,Thursday,Thu,4,0,1
2014-07-11,2014,Q3,Q3 2014,7,July,Jul,2014-07,201407,11,Friday,Fri,5,0,1
2014-07-12,2014,Q3,Q3 2014,7,July,Jul,2014-07,201407,12,Saturday,Sat,6,1,0
2014-07-13,2014,Q3,Q3 2014,7,July,Jul,2014-07,201407,13,Sunday,Sun,7,1,0
2014-07-14,2014,Q3,Q3 2014,7,July,Jul,2014-07,201407,14,Monday,Mon,1,0,1
2014-07-15,2014,Q3,Q3 2014,7,July,Jul,2014-07,201407,15,Tuesday,Tue,2,0,1
2014-07-16,2014,Q3,Q3 2014,7,July,Jul,2014-07,201407,16,Wednesday,Wed,3,0,1
2014-07-17,2014,Q3,Q3 2014,7,July,Jul,2014-07,201407,17,Thursday,Thu,4,0,1
2014-07-18,2014,Q3,Q3 2014,7,July,Jul,2014-07,201407,18,Friday,Fri,5,0,1
2014-07-19,2014,Q3,Q3 2014,7,July,Jul,2014-07,201407,19,Saturday,Sat,6,1,0
2014-07-20,2014,Q3,Q3 2014,7,July,Jul,2014-07,201407,20,Sunday,Sun,7,1,0
2014-07-21,2014,Q3,Q3 2014,7,July,Jul,2014-07,201407,21,Monday,Mon,1,0,1
2014-07-22,2014,Q3,Q3 2014,7,July,Jul,2014-07,201407,22,Tuesday,Tue,2,0,1
2014-07-23,2014,Q3,Q3 2014,7,July,Jul,2014-07,201407,23,Wednesday,Wed,3,0,1
2014-07-24,2014,Q3,Q3 2014,7,July,Jul,2014-07,201407,24,Thursday,Thu,4,0,1
2014-07-25,2014,Q3,Q3 2014,7,July,Jul,2014-07,201407,25,Friday,Fri,5,0,1
2014-07-26,2014,Q3,Q3 2014,7,July,Jul,2014-07,201407,26,Saturday,Sat,6,1,0
2014-07-27,2014,Q3,Q3 2014,7,July,Jul,2014-07,201407,27,Sunday,Sun,7,1,0
2014-07-28,2014,Q3,Q3 2014,7,July,Jul,2014-07,201407,28,Monday,Mon,1,0,1
2014-07-29,2014,Q3,Q3 2014,7,July,Jul,2014-07,201407,29,Tuesday,Tue,2,0,0
2014-07-30,2014,Q3,Q3 2014,7,July,Jul,2014-07,201407,30,Wednesday,Wed,3,0,1
2014-07-31,2014,Q3,Q3 2014,7,July,Jul,2014-07,201407,31,Thursday,Thu,4,0,1
2014-08-01,2014,Q3,Q3 2014,8,August,Aug,2014-08,201408,1,Friday,Fri,5,0,1
2014-08-02,2014,Q3,Q3 2014,8,August,Aug,2014-08,201408,2,Saturday,Sat,6,1,0
2014-08-03,2014,Q3,Q3 2014,8,August,Aug,2014-08,201408,3,Sunday,Sun,7,1,0
2014-08-04,2014,Q3,Q3 2014,8,August,Aug,2014-08,201408,4,Monday,Mon,1,0,1
2014-08-05,2014,Q3,Q3 2014,8,August,Aug,2014-08,201408,5,Tuesday,Tue,2,0,1
2014-08-06,2014,Q3,Q3 2014,8,August,Aug,2014-08,201408,6,Wednesday,Wed,3,0,1
2014-08-07,2014,Q3,Q3 2014,8,August,Aug,2014-08,201408,7,Thursday,Thu,4,0,1
2014-08-08,2014,Q3,Q3 2014,8,August,Aug,2014-08,201408,8,Friday,Fri,5,0,1
2014-08-09,2014,Q3,Q3 2014,8,August,Aug,2014-08,201408,9,Saturday,Sat,6,1,0
2014-08-10,2014,Q3,Q3 2014,8,August,Aug,2014-08,201408,10,Sunday,Sun,7,1,0
2014-08-11,2014,Q3,Q3 2014,8,August,Aug,2014-08,201408,11,Monday,Mon,1,0,1
2014-08-12,2014,Q3,Q3 2014,8,August,Aug,2014-08,201408,12,Tuesday,Tue,2,0,1
2014-08-13,2014,Q3,Q3 2014,8,August,Aug,2014-08,201408,13,Wednesday,Wed,3,0,1
2014-08-14,2014,Q3,Q3 2014,8,August,Aug,2014-08,201408,14,Thursday,Thu,4,0,1
2014-08-15,2014,Q3,Q3 2014,8,August,Aug,2014-08,201408,15,Friday,Fri,5,0,0
2014-08-16,2014,Q3,Q3 2014,8,August,Aug,2014-08,201408,16,Saturday,Sat,6,1,0
2014-08-17,2014,Q3,Q3 2014,8,August,Aug,2014-08,201408,17,Sunday,Sun,7,1,0
2014-08-18,2014,Q3,Q3 2014,8,August,Aug,2014-08,201408,18,Monday,Mon,1,0,1
2014-08-19,2014,Q3,Q3 2014,8,August,Aug,2014-08,201408,19,Tuesday,Tue,2,0,1
2014-08-20,2014,Q3,Q3 2014,8,August,Aug,2014-08,201408,20,Wednesday,Wed,3,0,1
2014-08-21,2014,Q3,Q3 2014,8,August,Aug,2014-08,201408,21,Thursday,Thu,4,0,1
2014-08-22,2014,Q3,Q3 2014,8,August,Aug,2014-08,201408,22,Friday,Fri,5,0,1
2014-08-23,2014,Q3,Q3 2014,8,August,Aug,2014-08,201408,23,Saturday,Sat,6,1,0
2014-08-24,2014,Q3,Q3 2014,8,August,Aug,2014-08,201408,24,Sunday,Sun,7,1,0
2014-08-25,2014,Q3,Q3 2014,8,August,Aug,2014-08,201408,25,Monday,Mon,1,0,1
2014-08-26,2014,Q3,Q3 2014,8,August,Aug,2014-08,201408,26,Tuesday,Tue,2,0,1
2014-08-27,2014,Q3,Q3 2014,8,August,Aug,2014-08,201408,27,Wednesday,Wed,3,0,1
2014-08-28,2014,Q3,Q3 2014,8,August,Aug,2014-08,201408,28,Thursday,Thu,4,0,1
2014-08-29,2014,Q3,Q3 2014,8,August,Aug,2014-08,201408,29,Friday,Fri,5,0,0
2014-08-30,2014,Q3,Q3 2014,8,August,Aug,2014-08,201408,30,Saturday,Sat,6,1,0
2014-08-31,2014,Q3,Q3 2014,8,August,Aug,2014-08,201408,31,Sunday,Sun,7,1,0
2014-09-01,2014,Q3,Q3 2014,9,September,Sep,2014-09,201409,1,Monday,Mon,1,0,1
2014-09-02,2014,Q3,Q3 2014,9,September,Sep,2014-09,201409,2,Tuesday,Tue,2,0,1
2014-09-03,2014,Q3,Q3 2014,9,September,Sep,2014-09,201409,3,Wednesday,Wed,3,0,1
2014-09-04,2014,Q3,Q3 2014,9,September,Sep,2014-09,201409,4,Thursday,Thu,4,0,1
2014-09-05,2014,Q3,Q3 2014,9,September,Sep,2014-09,201409,5,Friday,Fri,5,0,1
2014-09-06,2014,Q3,Q3 2014,9,September,Sep,2014-09,201409,6,Saturday,Sat,6,1,0
2014-09-07,2014,Q3,Q3 2014,9,September,Sep,2014-09,201409,7,Sunday,Sun,7,1,0
2014-09-08,2014,Q3,Q3 2014,9,September,Sep,2014-09,201409,8,Monday,Mon,1,0,1
2014-09-09,2014,Q3,Q3 2014,9,September,Sep,2014-09,201409,9,Tuesday,Tue,2,0,1
2014-09-10,2014,Q3,Q3 2014,9,September,Sep,2014-09,201409,10,Wednesday,Wed,3,0,1
2014-09-11,2014,Q3,Q3 2014,9,September,Sep,2014-09,201409,11,Thursday,Thu,4,0,1
2014-09-12,2014,Q3,Q3 2014,9,September,Sep,2014-09,201409,12,Friday,Fri,5,0,1
2014-09-13,2014,Q3,Q3 2014,9,September,Sep,2014-09,201409,13,Saturday,Sat,6,1,0
2014-09-14,2014,Q3,Q3 2014,9,September,Sep,2014-09,201409,14,Sunday,Sun,7,1,0
2014-09-15,2014,Q3,Q3 2014,9,September,Sep,2014-09,201409,15,Monday,Mon,1,0,1
2014-09-16,2014,Q3,Q3 2014,9,September,Sep,2014-09,201409,16,Tuesday,Tue,2,0,1
2014-09-17,2014,Q3,Q3 2014,9,September,Sep,2014-09,201409,17,Wednesday,Wed,3,0,1
2014-09-18,2014,Q3,Q3 2014,9,September,Sep,2014-09,201409,18,Thursday,Thu,4,0,1
2014-09-19,2014,Q3,Q3 2014,9,September,Sep,2014-09,201409,19,Friday,Fri,5,0,1
2014-09-20,2014,Q3,Q3 2014,9,September,Sep,2014-09,201409,20,Saturday,Sat,6,1,0
2014-09-21,2014,Q3,Q3 2014,9,September,Sep,2014-09,201409,21,Sunday,Sun,7,1,0
2014-09-22,2014,Q3,Q3 2014,9,September,Sep,2014-09,201409,22,Monday,Mon,1,0,1
2014-09-23,2014,Q3,Q3 2014,9,September,Sep,2014-09,201409,23,Tuesday,Tue,2,0,1
2014-09-24,2014,Q3,Q3 2014,9,September,Sep,2014-09,201409,24,Wednesday,Wed,3,0,1
2014-09-25,2014,Q3,Q3 2014,9,September,Sep,2014-09,201409,25,Thursday,Thu,4,0,1
2014-09-26,2014,Q3,Q3 2014,9,September,Sep,2014-09,201409,26,Friday,Fri,5,0,1
2014-09-27,2014,Q3,Q3 2014,9,September,Sep,2014-09,201409,27,Saturday,Sat,6,1,0
2014-09-28,2014,Q3,Q3 2014,9,September,Sep,2014-09,201409,28,Sunday,Sun,7,1,0
2014-09-29,2014,Q3,Q3 2014,9,September,Sep,2014-09,201409,29,Monday,Mon,1,0,1
2014-09-30,2014,Q3,Q3 2014,9,September,Sep,2014-09,201409,30,Tuesday,Tue,2,0,1
2014-10-01,2014,Q4,Q4 2014,10,October,Oct,2014-10,201410,1,Wednesday,Wed,3,0,1
2014-10-02,2014,Q4,Q4 2014,10,October,Oct,2014-10,201410,2,Thursday,Thu,4,0,0
2014-10-03,2014,Q4,Q4 2014,10,October,Oct,2014-10,201410,3,Friday,Fri,5,0,0
2014-10-04,2014,Q4,Q4 2014,10,October,Oct,2014-10,201410,4,Saturday,Sat,6,1,0
2014-10-05,2014,Q4,Q4 2014,10,October,Oct,2014-10,201410,5,Sunday,Sun,7,1,0
2014-10-06,2014,Q4,Q4 2014,10,October,Oct,2014-10,201410,6,Monday,Mon,1,0,0
2014-10-07,2014,Q4,Q4 2014,10,October,Oct,2014-10,201410,7,Tuesday,Tue,2,0,1
2014-10-08,2014,Q4,Q4 2014,10,October,Oct,2014-10,201410,8,Wednesday,Wed,3,0,1
2014-10-09,2014,Q4,Q4 2014,10,October,Oct,2014-10,201410,9,Thursday,Thu,4,0,1
2014-10-10,2014,Q4,Q4 2014,10,October,Oct,2014-10,201410,10,Friday,Fri,5,0,1
2014-10-11,2014,Q4,Q4 2014,10,October,Oct,2014-10,201410,11,Saturday,Sat,6,1,0
2014-10-12,2014,Q4,Q4 2014,10,October,Oct,2014-10,201410,12,Sunday,Sun,7,1,0
2014-10-13,2014,Q4,Q4 2014,10,October,Oct,2014-10,201410,13,Monday,Mon,1,0,1
2014-10-14,2014,Q4,Q4 2014,10,October,Oct,2014-10,201410,14,Tuesday,Tue,2,0,1
2014-10-15,2014,Q4,Q4 2014,10,October,Oct,2014-10,201410,15,Wednesday,Wed,3,0,1
2014-10-16,2014,Q4,Q4 2014,10,October,Oct,2014-10,201410,16,Thursday,Thu,4,0,1
2014-10-17,2014,Q4,Q4 2014,10,October,Oct,2014-10,201410,17,Friday,Fri,5,0,1
2014-10-18,2014,Q4,Q4 2014,10,October,Oct,2014-10,201410,18,Saturday,Sat,6,1,0
2014-10-19,2014,Q4,Q4 2014,10,October,Oct,2014-10,201410,19,Sunday,Sun,7,1,0
2014-10-20,2014,Q4,Q4 2014,10,October,Oct,2014-10,201410,20,Monday,Mon,1,0,1
2014-10-21,2014,Q4,Q4 2014,10,October,Oct,2014-10,201410,21,Tuesday,Tue,2,0,1
2014-10-22,2014,Q4,Q4 2014,10,October,Oct,2014-10,201410,22,Wednesday,Wed,3,0,1
2014-10-23,2014,Q4,Q4 2014,10,October,Oct,2014-10,201410,23,Thursday,Thu,4,0,0
2014-10-24,2014,Q4,Q4 2014,10,October,Oct,2014-10,201410,24,Friday,Fri,5,0,0
2014-10-25,2014,Q4,Q4 2014,10,October,Oct,2014-10,201410,25,Saturday,Sat,6,1,0
2014-10-26,2014,Q4,Q4 2014,10,October,Oct,2014-10,201410,26,Sunday,Sun,7,1,0
2014-10-27,2014,Q4,Q4 2014,10,October,Oct,2014-10,201410,27,Monday,Mon,1,0,1
2014-10-28,2014,Q4,Q4 2014,10,October,Oct,2014-10,201410,28,Tuesday,Tue,2,0,1
2014-10-29,2014,Q4,Q4 2014,10,October,Oct,2014-10,201410,29,Wednesday,Wed,3,0,1
2014-10-30,2014,Q4,Q4 2014,10,October,Oct,2014-10,201410,30,Thursday,Thu,4,0,1
2014-10-31,2014,Q4,Q4 2014,10,October,Oct,2014-10,201410,31,Friday,Fri,5,0,1
2014-11-01,2014,Q4,Q4 2014,11,November,Nov,2014-11,201411,1,Saturday,Sat,6,1,0
2014-11-02,2014,Q4,Q4 2014,11,November,Nov,2014-11,201411,2,Sunday,Sun,7,1,0
2014-11-03,2014,Q4,Q4 2014,11,November,Nov,2014-11,201411,3,Monday,Mon,1,0,1
2014-11-04,2014,Q4,Q4 2014,11,November,Nov,2014-11,201411,4,Tuesday,Tue,2,0,0
2014-11-05,2014,Q4,Q4 2014,11,November,Nov,2014-11,201411,5,Wednesday,Wed,3,0,1
2014-11-06,2014,Q4,Q4 2014,11,November,Nov,2014-11,201411,6,Thursday,Thu,4,0,0
2014-11-07,2014,Q4,Q4 2014,11,November,Nov,2014-11,201411,7,Friday,Fri,5,0,1
2014-11-08,2014,Q4,Q4 2014,11,November,Nov,2014-11,201411,8,Saturday,Sat,6,1,0
2014-11-09,2014,Q4,Q4 2014,11,November,Nov,2014-11,201411,9,Sunday,Sun,7,1,0
2014-11-10,2014,Q4,Q4 2014,11,November,Nov,2014-11,201411,10,Monday,Mon,1,0,1
2014-11-11,2014,Q4,Q4 2014,11,November,Nov,2014-11,201411,11,Tuesday,Tue,2,0,1
2014-11-12,2014,Q4,Q4 2014,11,November,Nov,2014-11,201411,12,Wednesday,Wed,3,0,1
2014-11-13,2014,Q4,Q4 2014,11,November,Nov,2014-11,201411,13,Thursday,Thu,4,0,1
2014-11-14,2014,Q4,Q4 2014,11,November,Nov,2014-11,201411,14,Friday,Fri,5,0,1
2014-11-15,2014,Q4,Q4 2014,11,November,Nov,2014-11,201411,15,Saturday,Sat,6,1,0
2014-11-16,2014,Q4,Q4 2014,11,November,Nov,2014-11,201411,16,Sunday,Sun,7,1,0
2014-11-17,2014,Q4,Q4 2014,11,November,Nov,2014-11,201411,17,Monday,Mon,1,0,1
2014-11-18,2014,Q4,Q4 2014,11,November,Nov,2014-11,201411,18,Tuesday,Tue,2,0,1
2014-11-19,2014,Q4,Q4 2014,11,November,Nov,2014-11,201411,19,Wednesday,Wed,3,0,1
2014-11-20,2014,Q4,Q4 2014,11,November,Nov,2014-11,201411,20,Thursday,Thu,4,0,1
2014-11-21,2014,Q4,Q4 2014,11,November,Nov,2014-11,201411,21,Friday,Fri,5,0,1
2014-11-22,2014,Q4,Q4 2014,11,November,Nov,2014-11,201411,22,Saturday,Sat,6,1,0
2014-11-23,2014,Q4,Q4 2014,11,November,Nov,2014-11,201411,23,Sunday,Sun,7,1,0
2014-11-24,2014,Q4,Q4 2014,11,November,Nov,2014-11,201411,24,Monday,Mon,1,0,1
2014-11-25,2014,Q4,Q4 2014,11,November,Nov,2014-11,201411,25,Tuesday,Tue,2,0,1
2014-11-26,2014,Q4,Q4 2014,11,November,Nov,2014-11,201411,26,Wednesday,Wed,3,0,1
2014-11-27,2014,Q4,Q4 2014,11,November,Nov,2014-11,201411,27,Thursday,Thu,4,0,1
2014-11-28,2014,Q4,Q4 2014,11,November,Nov,2014-11,201411,28,Friday,Fri,5,0,1
2014-11-29,2014,Q4,Q4 2014,11,November,Nov,2014-11,201411,29,Saturday,Sat,6,1,0
2014-11-30,2014,Q4,Q4 2014,11,November,Nov,2014-11,201411,30,Sunday,Sun,7,1,0
2014-12-01,2014,Q4,Q4 2014,12,December,Dec,2014-12,201412,1,Monday,Mon,1,0,1
2014-12-02,2014,Q4,Q4 2014,12,December,Dec,2014-12,201412,2,Tuesday,Tue,2,0,1
2014-12-03,2014,Q4,Q4 2014,12,December,Dec,2014-12,201412,3,Wednesday,Wed,3,0,1
2014-12-04,2014,Q4,Q4 2014,12,December,Dec,2014-12,201412,4,Thursday,Thu,4,0,1
2014-12-05,2014,Q4,Q4 2014,12,December,Dec,2014-12,201412,5,Friday,Fri,5,0,1
2014-12-06,2014,Q4,Q4 2014,12,December,Dec,2014-12,201412,6,Saturday,Sat,6,1,0
2014-12-07,2014,Q4,Q4 2014,12,December,Dec,2014-12,201412,7,Sunday,Sun,7,1,0
2014-12-08,2014,Q4,Q4 2014,12,December,Dec,2014-12,201412,8,Monday,Mon,1,0,1
2014-12-09,2014,Q4,Q4 2014,12,December,Dec,2014-12,201412,9,Tuesday,Tue,2,0,1
2014-12-10,2014,Q4,Q4 2014,12,December,Dec,2014-12,201412,10,Wednesday,Wed,3,0,1
2014-12-11,2014,Q4,Q4 2014,12,December,Dec,2014-12,201412,11,Thursday,Thu,4,0,1
2014-12-12,2014,Q4,Q4 2014,12,December,Dec,2014-12,201412,12,Friday,Fri,5,0,1
2014-12-13,2014,Q4,Q4 2014,12,December,Dec,2014-12,201412,13,Saturday,Sat,6,1,0
2014-12-14,2014,Q4,Q4 2014,12,December,Dec,2014-12,201412,14,Sunday,Sun,7,1,0
2014-12-15,2014,Q4,Q4 2014,12,December,Dec,2014-12,201412,15,Monday,Mon,1,0,1
2014-12-16,2014,Q4,Q4 2014,12,December,Dec,2014-12,201412,16,Tuesday,Tue,2,0,1
2014-12-17,2014,Q4,Q4 2014,12,December,Dec,2014-12,201412,17,Wednesday,Wed,3,0,1
2014-12-18,2014,Q4,Q4 2014,12,December,Dec,2014-12,201412,18,Thursday,Thu,4,0,1
2014-12-19,2014,Q4,Q4 2014,12,December,Dec,2014-12,201412,19,Friday,Fri,5,0,1
2014-12-20,2014,Q4,Q4 2014,12,December,Dec,2014-12,201412,20,Saturday,Sat,6,1,0
2014-12-21,2014,Q4,Q4 2014,12,December,Dec,2014-12,201412,21,Sunday,Sun,7,1,0
2014-12-22,2014,Q4,Q4 2014,12,December,Dec,2014-12,201412,22,Monday,Mon,1,0,1
2014-12-23,2014,Q4,Q4 2014,12,December,Dec,2014-12,201412,23,Tuesday,Tue,2,0,1
2014-12-24,2014,Q4,Q4 2014,12,December,Dec,2014-12,201412,24,Wednesday,Wed,3,0,1
2014-12-25,2014,Q4,Q4 2014,12,December,Dec,2014-12,201412,25,Thursday,Thu,4,0,0
2014-12-26,2014,Q4,Q4 2014,12,December,Dec,2014-12,201412,26,Friday,Fri,5,0,1
2014-12-27,2014,Q4,Q4 2014,12,December,Dec,2014-12,201412,27,Saturday,Sat,6,1,0
2014-12-28,2014,Q4,Q4 2014,12,December,Dec,2014-12,201412,28,Sunday,Sun,7,1,0
2014-12-29,2014,Q4,Q4 2014,12,December,Dec,2014-12,201412,29,Monday,Mon,1,0,1
2014-12-30,2014,Q4,Q4 2014,12,December,Dec,2014-12,201412,30,Tuesday,Tue,2,0,1
2014-12-31,2014,Q4,Q4 2014,12,December,Dec,2014-12,201412,31,Wednesday,Wed,3,0,1
2015-01-01,2015,Q1,Q1 2015,1,January,Jan,2015-01,201501,1,Thursday,Thu,4,0,1
2015-01-02,2015,Q1,Q1 2015,1,January,Jan,2015-01,201501,2,Friday,Fri,5,0,1
2015-01-03,2015,Q1,Q1 2015,1,January,Jan,2015-01,201501,3,Saturday,Sat,6,1,0
2015-01-04,2015,Q1,Q1 2015,1,January,Jan,2015-01,201501,4,Sunday,Sun,7,1,0
2015-01-05,2015,Q1,Q1 2015,1,January,Jan,2015-01,201501,5,Monday,Mon,1,0,1
2015-01-06,2015,Q1,Q1 2015,1,January,Jan,2015-01,201501,6,Tuesday,Tue,2,0,1
2015-01-07,2015,Q1,Q1 2015,1,January,Jan,2015-01,201501,7,Wednesday,Wed,3,0,1
2015-01-08,2015,Q1,Q1 2015,1,January,Jan,2015-01,201501,8,Thursday,Thu,4,0,1
2015-01-09,2015,Q1,Q1 2015,1,January,Jan,2015-01,201501,9,Friday,Fri,5,0,1
2015-01-10,2015,Q1,Q1 2015,1,January,Jan,2015-01,201501,10,Saturday,Sat,6,1,0
2015-01-11,2015,Q1,Q1 2015,1,January,Jan,2015-01,201501,11,Sunday,Sun,7,1,0
2015-01-12,2015,Q1,Q1 2015,1,January,Jan,2015-01,201501,12,Monday,Mon,1,0,1
2015-01-13,2015,Q1,Q1 2015,1,January,Jan,2015-01,201501,13,Tuesday,Tue,2,0,1
2015-01-14,2015,Q1,Q1 2015,1,January,Jan,2015-01,201501,14,Wednesday,Wed,3,0,1
2015-01-15,2015,Q1,Q1 2015,1,January,Jan,2015-01,201501,15,Thursday,Thu,4,0,1
2015-01-16,2015,Q1,Q1 2015,1,January,Jan,2015-01,201501,16,Friday,Fri,5,0,1
2015-01-17,2015,Q1,Q1 2015,1,January,Jan,2015-01,201501,17,Saturday,Sat,6,1,0
2015-01-18,2015,Q1,Q1 2015,1,January,Jan,2015-01,201501,18,Sunday,Sun,7,1,0
2015-01-19,2015,Q1,Q1 2015,1,January,Jan,2015-01,201501,19,Monday,Mon,1,0,1
2015-01-20,2015,Q1,Q1 2015,1,January,Jan,2015-01,201501,20,Tuesday,Tue,2,0,1
2015-01-21,2015,Q1,Q1 2015,1,January,Jan,2015-01,201501,21,Wednesday,Wed,3,0,1
2015-01-22,2015,Q1,Q1 2015,1,January,Jan,2015-01,201501,22,Thursday,Thu,4,0,1
2015-01-23,2015,Q1,Q1 2015,1,January,Jan,2015-01,201501,23,Friday,Fri,5,0,1
2015-01-24,2015,Q1,Q1 2015,1,January,Jan,2015-01,201501,24,Saturday,Sat,6,1,0
2015-01-25,2015,Q1,Q1 2015,1,January,Jan,2015-01,201501,25,Sunday,Sun,7,1,0
2015-01-26,2015,Q1,Q1 2015,1,January,Jan,2015-01,201501,26,Monday,Mon,1,0,0
2015-01-27,2015,Q1,Q1 2015,1,January,Jan,2015-01,201501,27,Tuesday,Tue,2,0,1
2015-01-28,2015,Q1,Q1 2015,1,January,Jan,2015-01,201501,28,Wednesday,Wed,3,0,1
2015-01-29,2015,Q1,Q1 2015,1,January,Jan,2015-01,201501,29,Thursday,Thu,4,0,1
2015-01-30,2015,Q1,Q1 2015,1,January,Jan,2015-01,201501,30,Friday,Fri,5,0,1
2015-01-31,2015,Q1,Q1 2015,1,January,Jan,2015-01,201501,31,Saturday,Sat,6,1,0
2015-02-01,2015,Q1,Q1 2015,2,February,Feb,2015-02,201502,1,Sunday,Sun,7,1,0
2015-02-02,2015,Q1,Q1 2015,2,February,Feb,2015-02,201502,2,Monday,Mon,1,0,1
2015-02-03,2015,Q1,Q1 2015,2,February,Feb,2015-02,201502,3,Tuesday,Tue,2,0,1
2015-02-04,2015,Q1,Q1 2015,2,February,Feb,2015-02,201502,4,Wednesday,Wed,3,0,1
2015-02-05,2015,Q1,Q1 2015,2,February,Feb,2015-02,201502,5,Thursday,Thu,4,0,1
2015-02-06,2015,Q1,Q1 2015,2,February,Feb,2015-02,201502,6,Friday,Fri,5,0,1
2015-02-07,2015,Q1,Q1 2015,2,February,Feb,2015-02,201502,7,Saturday,Sat,6,1,0
2015-02-08,2015,Q1,Q1 2015,2,February,Feb,2015-02,201502,8,Sunday,Sun,7,1,0
2015-02-09,2015,Q1,Q1 2015,2,February,Feb,2015-02,201502,9,Monday,Mon,1,0,1
2015-02-10,2015,Q1,Q1 2015,2,February,Feb,2015-02,201502,10,Tuesday,Tue,2,0,1
2015-02-11,2015,Q1,Q1 2015,2,February,Feb,2015-02,201502,11,Wednesday,Wed,3,0,1
2015-02-12,2015,Q1,Q1 2015,2,February,Feb,2015-02,201502,12,Thursday,Thu,4,0,1
2015-02-13,2015,Q1,Q1 2015,2,February,Feb,2015-02,201502,13,Friday,Fri,5,0,1
2015-02-14,2015,Q1,Q1 2015,2,February,Feb,2015-02,201502,14,Saturday,Sat,6,1,0
2015-02-15,2015,Q1,Q1 2015,2,February,Feb,2015-02,201502,15,Sunday,Sun,7,1,0
2015-02-16,2015,Q1,Q1 2015,2,February,Feb,2015-02,201502,16,Monday,Mon,1,0,1
2015-02-17,2015,Q1,Q1 2015,2,February,Feb,2015-02,201502,17,Tuesday,Tue,2,0,0
2015-02-18,2015,Q1,Q1 2015,2,February,Feb,2015-02,201502,18,Wednesday,Wed,3,0,1
2015-02-19,2015,Q1,Q1 2015,2,February,Feb,2015-02,201502,19,Thursday,Thu,4,0,1
2015-02-20,2015,Q1,Q1 2015,2,February,Feb,2015-02,201502,20,Friday,Fri,5,0,1
2015-02-21,2015,Q1,Q1 2015,2,February,Feb,2015-02,201502,21,Saturday,Sat,6,1,0
2015-02-22,2015,Q1,Q1 2015,2,February,Feb,2015-02,201502,22,Sunday,Sun,7,1,0
2015-02-23,2015,Q1,Q1 2015,2,February,Feb,2015-02,201502,23,Monday,Mon,1,0,1
2015-02-24,2015,Q1,Q1 2015,2,February,Feb,2015-02,201502,24,Tuesday,Tue,2,0,1
2015-02-25,2015,Q1,Q1 2015,2,February,Feb,2015-02,201502,25,Wednesday,Wed,3,0,1
2015-02-26,2015,Q1,Q1 2015,2,February,Feb,2015-02,201502,26,Thursday,Thu,4,0,1
2015-02-27,2015,Q1,Q1 2015,2,February,Feb,2015-02,201502,27,Friday,Fri,5,0,1
2015-02-28,2015,Q1,Q1 2015,2,February,Feb,2015-02,201502,28,Saturday,Sat,6,1,1
2015-03-01,2015,Q1,Q1 2015,3,March,Mar,2015-03,201503,1,Sunday,Sun,7,1,0
2015-03-02,2015,Q1,Q1 2015,3,March,Mar,2015-03,201503,2,Monday,Mon,1,0,1
2015-03-03,2015,Q1,Q1 2015,3,March,Mar,2015-03,201503,3,Tuesday,Tue,2,0,1
2015-03-04,2015,Q1,Q1 2015,3,March,Mar,2015-03,201503,4,Wednesday,Wed,3,0,1
2015-03-05,2015,Q1,Q1 2015,3,March,Mar,2015-03,201503,5,Thursday,Thu,4,0,1
2015-03-06,2015,Q1,Q1 2015,3,March,Mar,2015-03,201503,6,Friday,Fri,5,0,0
2015-03-07,2015,Q1,Q1 2015,3,March,Mar,2015-03,201503,7,Saturday,Sat,6,1,0
2015-03-08,2015,Q1,Q1 2015,3,March,Mar,2015-03,201503,8,Sunday,Sun,7,1,0
2015-03-09,2015,Q1,Q1 2015,3,March,Mar,2015-03,201503,9,Monday,Mon,1,0,1
2015-03-10,2015,Q1,Q1 2015,3,March,Mar,2015-03,201503,10,Tuesday,Tue,2,0,1
2015-03-11,2015,Q1,Q1 2015,3,March,Mar,2015-03,201503,11,Wednesday,Wed,3,0,1
2015-03-12,2015,Q1,Q1 2015,3,March,Mar,2015-03,201503,12,Thursday,Thu,4,0,1
2015-03-13,2015,Q1,Q1 2015,3,March,Mar,2015-03,201503,13,Friday,Fri,5,0,1
2015-03-14,2015,Q1,Q1 2015,3,March,Mar,2015-03,201503,14,Saturday,Sat,6,1,0
2015-03-15,2015,Q1,Q1 2015,3,March,Mar,2015-03,201503,15,Sunday,Sun,7,1,0
2015-03-16,2015,Q1,Q1 2015,3,March,Mar,2015-03,201503,16,Monday,Mon,1,0,1
2015-03-17,2015,Q1,Q1 2015,3,March,Mar,2015-03,201503,17,Tuesday,Tue,2,0,1
2015-03-18,2015,Q1,Q1 2015,3,March,Mar,2015-03,201503,18,Wednesday,Wed,3,0,1
2015-03-19,2015,Q1,Q1 2015,3,March,Mar,2015-03,201503,19,Thursday,Thu,4,0,1
2015-03-20,2015,Q1,Q1 2015,3,March,Mar,2015-03,201503,20,Friday,Fri,5,0,1
2015-03-21,2015,Q1,Q1 2015,3,March,Mar,2015-03,201503,21,Saturday,Sat,6,1,0
2015-03-22,2015,Q1,Q1 2015,3,March,Mar,2015-03,201503,22,Sunday,Sun,7,1,0
2015-03-23,2015,Q1,Q1 2015,3,March,Mar,2015-03,201503,23,Monday,Mon,1,0,1
2015-03-24,2015,Q1,Q1 2015,3,March,Mar,2015-03,201503,24,Tuesday,Tue,2,0,1
2015-03-25,2015,Q1,Q1 2015,3,March,Mar,2015-03,201503,25,Wednesday,Wed,3,0,1
2015-03-26,2015,Q1,Q1 2015,3,March,Mar,2015-03,201503,26,Thursday,Thu,4,0,1
2015-03-27,2015,Q1,Q1 2015,3,March,Mar,2015-03,201503,27,Friday,Fri,5,0,1
2015-03-28,2015,Q1,Q1 2015,3,March,Mar,2015-03,201503,28,Saturday,Sat,6,1,0
2015-03-29,2015,Q1,Q1 2015,3,March,Mar,2015-03,201503,29,Sunday,Sun,7,1,0
2015-03-30,2015,Q1,Q1 2015,3,March,Mar,2015-03,201503,30,Monday,Mon,1,0,1
2015-03-31,2015,Q1,Q1 2015,3,March,Mar,2015-03,201503,31,Tuesday,Tue,2,0,1
2015-04-01,2015,Q2,Q2 2015,4,April,Apr,2015-04,201504,1,Wednesday,Wed,3,0,1
2015-04-02,2015,Q2,Q2 2015,4,April,Apr,2015-04,201504,2,Thursday,Thu,4,0,0
2015-04-03,2015,Q2,Q2 2015,4,April,Apr,2015-04,201504,3,Friday,Fri,5,0,0
2015-04-04,2015,Q2,Q2 2015,4,April,Apr,2015-04,201504,4,Saturday,Sat,6,1,0
2015-04-05,2015,Q2,Q2 2015,4,April,Apr,2015-04,201504,5,Sunday,Sun,7,1,0
2015-04-06,2015,Q2,Q2 2015,4,April,Apr,2015-04,201504,6,Monday,Mon,1,0,1
2015-04-07,2015,Q2,Q2 2015,4,April,Apr,2015-04,201504,7,Tuesday,Tue,2,0,1
2015-04-08,2015,Q2,Q2 2015,4,April,Apr,2015-04,201504,8,Wednesday,Wed,3,0,1
2015-04-09,2015,Q2,Q2 2015,4,April,Apr,2015-04,201504,9,Thursday,Thu,4,0,1
2015-04-10,2015,Q2,Q2 2015,4,April,Apr,2015-04,201504,10,Friday,Fri,5,0,1
2015-04-11,2015,Q2,Q2 2015,4,April,Apr,2015-04,201504,11,Saturday,Sat,6,1,0
2015-04-12,2015,Q2,Q2 2015,4,April,Apr,2015-04,201504,12,Sunday,Sun,7,1,0
2015-04-13,2015,Q2,Q2 2015,4,April,Apr,2015-04,201504,13,Monday,Mon,1,0,1
2015-04-14,2015,Q2,Q2 2015,4,April,Apr,2015-04,201504,14,Tuesday,Tue,2,0,0
2015-04-15,2015,Q2,Q2 2015,4,April,Apr,2015-04,201504,15,Wednesday,Wed,3,0,1
2015-04-16,2015,Q2,Q2 2015,4,April,Apr,2015-04,201504,16,Thursday,Thu,4,0,1
2015-04-17,2015,Q2,Q2 2015,4,April,Apr,2015-04,201504,17,Friday,Fri,5,0,1
2015-04-18,2015,Q2,Q2 2015,4,April,Apr,2015-04,201504,18,Saturday,Sat,6,1,0
2015-04-19,2015,Q2,Q2 2015,4,April,Apr,2015-04,201504,19,Sunday,Sun,7,1,0
2015-04-20,2015,Q2,Q2 2015,4,April,Apr,2015-04,201504,20,Monday,Mon,1,0,1
2015-04-21,2015,Q2,Q2 2015,4,April,Apr,2015-04,201504,21,Tuesday,Tue,2,0,1
2015-04-22,2015,Q2,Q2 2015,4,April,Apr,2015-04,201504,22,Wednesday,Wed,3,0,1
2015-04-23,2015,Q2,Q2 2015,4,April,Apr,2015-04,201504,23,Thursday,Thu,4,0,1
2015-04-24,2015,Q2,Q2 2015,4,April,Apr,2015-04,201504,24,Friday,Fri,5,0,1
2015-04-25,2015,Q2,Q2 2015,4,April,Apr,2015-04,201504,25,Saturday,Sat,6,1,0
2015-04-26,2015,Q2,Q2 2015,4,April,Apr,2015-04,201504,26,Sunday,Sun,7,1,0
2015-04-27,2015,Q2,Q2 2015,4,April,Apr,2015-04,201504,27,Monday,Mon,1,0,1
2015-04-28,2015,Q2,Q2 2015,4,April,Apr,2015-04,201504,28,Tuesday,Tue,2,0,1
2015-04-29,2015,Q2,Q2 2015,4,April,Apr,2015-04,201504,29,Wednesday,Wed,3,0,1
2015-04-30,2015,Q2,Q2 2015,4,April,Apr,2015-04,201504,30,Thursday,Thu,4,0,1
2015-05-01,2015,Q2,Q2 2015,5,May,May,2015-05,201505,1,Friday,Fri,5,0,0
2015-05-02,2015,Q2,Q2 2015,5,May,May,2015-05,201505,2,Saturday,Sat,6,1,0
2015-05-03,2015,Q2,Q2 2015,5,May,May,2015-05,201505,3,Sunday,Sun,7,1,0
2015-05-04,2015,Q2,Q2 2015,5,May,May,2015-05,201505,4,Monday,Mon,1,0,1
2015-05-05,2015,Q2,Q2 2015,5,May,May,2015-05,201505,5,Tuesday,Tue,2,0,1
2015-05-06,2015,Q2,Q2 2015,5,May,May,2015-05,201505,6,Wednesday,Wed,3,0,1
2015-05-07,2015,Q2,Q2 2015,5,May,May,2015-05,201505,7,Thursday,Thu,4,0,1
2015-05-08,2015,Q2,Q2 2015,5,May,May,2015-05,201505,8,Friday,Fri,5,0,1
2015-05-09,2015,Q2,Q2 2015,5,May,May,2015-05,201505,9,Saturday,Sat,6,1,0
2015-05-10,2015,Q2,Q2 2015,5,May,May,2015-05,201505,10,Sunday,Sun,7,1,0
2015-05-11,2015,Q2,Q2 2015,5,May,May,2015-05,201505,11,Monday,Mon,1,0,1
2015-05-12,2015,Q2,Q2 2015,5,May,May,2015-05,201505,12,Tuesday,Tue,2,0,1
2015-05-13,2015,Q2,Q2 2015,5,May,May,2015-05,201505,13,Wednesday,Wed,3,0,1
2015-05-14,2015,Q2,Q2 2015,5,May,May,2015-05,201505,14,Thursday,Thu,4,0,1
2015-05-15,2015,Q2,Q2 2015,5,May,May,2015-05,201505,15,Friday,Fri,5,0,1
2015-05-16,2015,Q2,Q2 2015,5,May,May,2015-05,201505,16,Saturday,Sat,6,1,0
2015-05-17,2015,Q2,Q2 2015,5,May,May,2015-05,201505,17,Sunday,Sun,7,1,0
2015-05-18,2015,Q2,Q2 2015,5,May,May,2015-05,201505,18,Monday,Mon,1,0,1
2015-05-19,2015,Q2,Q2 2015,5,May,May,2015-05,201505,19,Tuesday,Tue,2,0,1
2015-05-20,2015,Q2,Q2 2015,5,May,May,2015-05,201505,20,Wednesday,Wed,3,0,1
2015-05-21,2015,Q2,Q2 2015,5,May,May,2015-05,201505,21,Thursday,Thu,4,0,1
2015-05-22,2015,Q2,Q2 2015,5,May,May,2015-05,201505,22,Friday,Fri,5,0,1
2015-05-23,2015,Q2,Q2 2015,5,May,May,2015-05,201505,23,Saturday,Sat,6,1,0
2015-05-24,2015,Q2,Q2 2015,5,May,May,2015-05,201505,24,Sunday,Sun,7,1,0
2015-05-25,2015,Q2,Q2 2015,5,May,May,2015-05,201505,25,Monday,Mon,1,0,1
2015-05-26,2015,Q2,Q2 2015,5,May,May,2015-05,201505,26,Tuesday,Tue,2,0,1
2015-05-27,2015,Q2,Q2 2015,5,May,May,2015-05,201505,27,Wednesday,Wed,3,0,1
2015-05-28,2015,Q2,Q2 2015,5,May,May,2015-05,201505,28,Thursday,Thu,4,0,1
2015-05-29,2015,Q2,Q2 2015,5,May,May,2015-05,201505,29,Friday,Fri,5,0,1
2015-05-30,2015,Q2,Q2 2015,5,May,May,2015-05,201505,30,Saturday,Sat,6,1,0
2015-05-31,2015,Q2,Q2 2015,5,May,May,2015-05,201505,31,Sunday,Sun,7,1,0
2015-06-01,2015,Q2,Q2 2015,6,June,Jun,2015-06,201506,1,Monday,Mon,1,0,1
2015-06-02,2015,Q2,Q2 2015,6,June,Jun,2015-06,201506,2,Tuesday,Tue,2,0,1
2015-06-03,2015,Q2,Q2 2015,6,June,Jun,2015-06,201506,3,Wednesday,Wed,3,0,1
2015-06-04,2015,Q2,Q2 2015,6,June,Jun,2015-06,201506,4,Thursday,Thu,4,0,1
2015-06-05,2015,Q2,Q2 2015,6,June,Jun,2015-06,201506,5,Friday,Fri,5,0,1
2015-06-06,2015,Q2,Q2 2015,6,June,Jun,2015-06,201506,6,Saturday,Sat,6,1,0
2015-06-07,2015,Q2,Q2 2015,6,June,Jun,2015-06,201506,7,Sunday,Sun,7,1,0
2015-06-08,2015,Q2,Q2 2015,6,June,Jun,2015-06,201506,8,Monday,Mon,1,0,1
2015-06-09,2015,Q2,Q2 2015,6,June,Jun,2015-06,201506,9,Tuesday,Tue,2,0,1
2015-06-10,2015,Q2,Q2 2015,6,June,Jun,2015-06,201506,10,Wednesday,Wed,3,0,1
2015-06-11,2015,Q2,Q2 2015,6,June,Jun,2015-06,201506,11,Thursday,Thu,4,0,1
2015-06-12,2015,Q2,Q2 2015,6,June,Jun,2015-06,201506,12,Friday,Fri,5,0,1
2015-06-13,2015,Q2,Q2 2015,6,June,Jun,2015-06,201506,13,Saturday,Sat,6,1,0
2015-06-14,2015,Q2,Q2 2015,6,June,Jun,2015-06,201506,14,Sunday,Sun,7,1,0
2015-06-15,2015,Q2,Q2 2015,6,June,Jun,2015-06,201506,15,Monday,Mon,1,0,1
2015-06-16,2015,Q2,Q2 2015,6,June,Jun,2015-06,201506,16,Tuesday,Tue,2,0,1
2015-06-17,2015,Q2,Q2 2015,6,June,Jun,2015-06,201506,17,Wednesday,Wed,3,0,1
2015-06-18,2015,Q2,Q2 2015,6,June,Jun,2015-06,201506,18,Thursday,Thu,4,0,1
2015-06-19,2015,Q2,Q2 2015,6,June,Jun,2015-06,201506,19,Friday,Fri,5,0,1
2015-06-20,2015,Q2,Q2 2015,6,June,Jun,2015-06,201506,20,Saturday,Sat,6,1,0
2015-06-21,2015,Q2,Q2 2015,6,June,Jun,2015-06,201506,21,Sunday,Sun,7,1,0
2015-06-22,2015,Q2,Q2 2015,6,June,Jun,2015-06,201506,22,Monday,Mon,1,0,1
2015-06-23,2015,Q2,Q2 2015,6,June,Jun,2015-06,201506,23,Tuesday,Tue,2,0,1
2015-06-24,2015,Q2,Q2 2015,6,June,Jun,2015-06,201506,24,Wednesday,Wed,3,0,1
2015-06-25,2015,Q2,Q2 2015,6,June,Jun,2015-06,201506,25,Thursday,Thu,4,0,1
2015-06-26,2015,Q2,Q2 2015,6,June,Jun,2015-06,201506,26,Friday,Fri,5,0,1
2015-06-27,2015,Q2,Q2 2015,6,June,Jun,2015-06,201506,27,Saturday,Sat,6,1,0
2015-06-28,2015,Q2,Q2 2015,6,June,Jun,2015-06,201506,28,Sunday,Sun,7,1,0
2015-06-29,2015,Q2,Q2 2015,6,June,Jun,2015-06,201506,29,Monday,Mon,1,0,1
2015-06-30,2015,Q2,Q2 2015,6,June,Jun,2015-06,201506,30,Tuesday,Tue,2,0,1
2015-07-01,2015,Q3,Q3 2015,7,July,Jul,2015-07,201507,1,Wednesday,Wed,3,0,1
2015-07-02,2015,Q3,Q3 2015,7,July,Jul,2015-07,201507,2,Thursday,Thu,4,0,1
2015-07-03,2015,Q3,Q3 2015,7,July,Jul,2015-07,201507,3,Friday,Fri,5,0,1
2015-07-04,2015,Q3,Q3 2015,7,July,Jul,2015-07,201507,4,Saturday,Sat,6,1,0
2015-07-05,2015,Q3,Q3 2015,7,July,Jul,2015-07,201507,5,Sunday,Sun,7,1,0
2015-07-06,2015,Q3,Q3 2015,7,July,Jul,2015-07,201507,6,Monday,Mon,1,0,1
2015-07-07,2015,Q3,Q3 2015,7,July,Jul,2015-07,201507,7,Tuesday,Tue,2,0,1
2015-07-08,2015,Q3,Q3 2015,7,July,Jul,2015-07,201507,8,Wednesday,Wed,3,0,1
2015-07-09,2015,Q3,Q3 2015,7,July,Jul,2015-07,201507,9,Thursday,Thu,4,0,1
2015-07-10,2015,Q3,Q3 2015,7,July,Jul,2015-07,201507,10,Friday,Fri,5,0,1
2015-07-11,2015,Q3,Q3 2015,7,July,Jul,2015-07,201507,11,Saturday,Sat,6,1,0
2015-07-12,2015,Q3,Q3 2015,7,July,Jul,2015-07,201507,12,Sunday,Sun,7,1,0
2015-07-13,2015,Q3,Q3 2015,7,July,Jul,2015-07,201507,13,Monday,Mon,1,0,1
2015-07-14,2015,Q3,Q3 2015,7,July,Jul,2015-07,201507,14,Tuesday,Tue,2,0,1
2015-07-15,2015,Q3,Q3 2015,7,July,Jul,2015-07,201507,15,Wednesday,Wed,3,0,1
2015-07-16,2015,Q3,Q3 2015,7,July,Jul,2015-07,201507,16,Thursday,Thu,4,0,1
2015-07-17,2015,Q3,Q3 2015,7,July,Jul,2015-07,201507,17,Friday,Fri,5,0,1
2015-07-18,2015,Q3,Q3 2015,7,July,Jul,2015-07,201507,18,Saturday,Sat,6,1,0
2015-07-19,2015,Q3,Q3 2015,7,July,Jul,2015-07,201507,19,Sunday,Sun,7,1,0
2015-07-20,2015,Q3,Q3 2015,7,July,Jul,2015-07,201507,20,Monday,Mon,1,0,1
2015-07-21,2015,Q3,Q3 2015,7,July,Jul,2015-07,201507,21,Tuesday,Tue,2,0,1
2015-07-22,2015,Q3,Q3 2015,7,July,Jul,2015-07,201507,22,Wednesday,Wed,3,0,1
2015-07-23,2015,Q3,Q3 2015,7,July,Jul,2015-07,201507,23,Thursday,Thu,4,0,1
2015-07-24,2015,Q3,Q3 2015,7,July,Jul,2015-07,201507,24,Friday,Fri,5,0,1
2015-07-25,2015,Q3,Q3 2015,7,July,Jul,2015-07,201507,25,Saturday,Sat,6,1,0
2015-07-26,2015,Q3,Q3 2015,7,July,Jul,2015-07,201507,26,Sunday,Sun,7,1,0
2015-07-27,2015,Q3,Q3 2015,7,July,Jul,2015-07,201507,27,Monday,Mon,1,0,1
2015-07-28,2015,Q3,Q3 2015,7,July,Jul,2015-07,201507,28,Tuesday,Tue,2,0,1
2015-07-29,2015,Q3,Q3 2015,7,July,Jul,2015-07,201507,29,Wednesday,Wed,3,0,1
2015-07-30,2015,Q3,Q3 2015,7,July,Jul,2015-07,201507,30,Thursday,Thu,4,0,1
2015-07-31,2015,Q3,Q3 2015,7,July,Jul,2015-07,201507,31,Friday,Fri,5,0,1
2015-08-01,2015,Q3,Q3 2015,8,August,Aug,2015-08,201508,1,Saturday,Sat,6,1,0
2015-08-02,2015,Q3,Q3 2015,8,August,Aug,2015-08,201508,2,Sunday,Sun,7,1,0
2015-08-03,2015,Q3,Q3 2015,8,August,Aug,2015-08,201508,3,Monday,Mon,1,0,1
2015-08-04,2015,Q3,Q3 2015,8,August,Aug,2015-08,201508,4,Tuesday,Tue,2,0,1
2015-08-05,2015,Q3,Q3 2015,8,August,Aug,2015-08,201508,5,Wednesday,Wed,3,0,1
2015-08-06,2015,Q3,Q3 2015,8,August,Aug,2015-08,201508,6,Thursday,Thu,4,0,1
2015-08-07,2015,Q3,Q3 2015,8,August,Aug,2015-08,201508,7,Friday,Fri,5,0,1
2015-08-08,2015,Q3,Q3 2015,8,August,Aug,2015-08,201508,8,Saturday,Sat,6,1,0
2015-08-09,2015,Q3,Q3 2015,8,August,Aug,2015-08,201508,9,Sunday,Sun,7,1,0
2015-08-10,2015,Q3,Q3 2015,8,August,Aug,2015-08,201508,10,Monday,Mon,1,0,1
2015-08-11,2015,Q3,Q3 2015,8,August,Aug,2015-08,201508,11,Tuesday,Tue,2,0,1
2015-08-12,2015,Q3,Q3 2015,8,August,Aug,2015-08,201508,12,Wednesday,Wed,3,0,1
2015-08-13,2015,Q3,Q3 2015,8,August,Aug,2015-08,201508,13,Thursday,Thu,4,0,1
2015-08-14,2015,Q3,Q3 2015,8,August,Aug,2015-08,201508,14,Friday,Fri,5,0,1
2015-08-15,2015,Q3,Q3 2015,8,August,Aug,2015-08,201508,15,Saturday,Sat,6,1,0
2015-08-16,2015,Q3,Q3 2015,8,August,Aug,2015-08,201508,16,Sunday,Sun,7,1,0
2015-08-17,2015,Q3,Q3 2015,8,August,Aug,2015-08,201508,17,Monday,Mon,1,0,1
2015-08-18,2015,Q3,Q3 2015,8,August,Aug,2015-08,201508,18,Tuesday,Tue,2,0,1
2015-08-19,2015,Q3,Q3 2015,8,August,Aug,2015-08,201508,19,Wednesday,Wed,3,0,1
2015-08-20,2015,Q3,Q3 2015,8,August,Aug,2015-08,201508,20,Thursday,Thu,4,0,1
2015-08-21,2015,Q3,Q3 2015,8,August,Aug,2015-08,201508,21,Friday,Fri,5,0,1
2015-08-22,2015,Q3,Q3 2015,8,August,Aug,2015-08,201508,22,Saturday,Sat,6,1,0
2015-08-23,2015,Q3,Q3 2015,8,August,Aug,2015-08,201508,23,Sunday,Sun,7,1,0
2015-08-24,2015,Q3,Q3 2015,8,August,Aug,2015-08,201508,24,Monday,Mon,1,0,1
2015-08-25,2015,Q3,Q3 2015,8,August,Aug,2015-08,201508,25,Tuesday,Tue,2,0,1
2015-08-26,2015,Q3,Q3 2015,8,August,Aug,2015-08,201508,26,Wednesday,Wed,3,0,1
2015-08-27,2015,Q3,Q3 2015,8,August,Aug,2015-08,201508,27,Thursday,Thu,4,0,1
2015-08-28,2015,Q3,Q3 2015,8,August,Aug,2015-08,201508,28,Friday,Fri,5,0,1
2015-08-29,2015,Q3,Q3 2015,8,August,Aug,2015-08,201508,29,Saturday,Sat,6,1,0
2015-08-30,2015,Q3,Q3 2015,8,August,Aug,2015-08,201508,30,Sunday,Sun,7,1,0
2015-08-31,2015,Q3,Q3 2015,8,August,Aug,2015-08,201508,31,Monday,Mon,1,0,1
2015-09-01,2015,Q3,Q3 2015,9,September,Sep,2015-09,201509,1,Tuesday,Tue,2,0,1
2015-09-02,2015,Q3,Q3 2015,9,September,Sep,2015-09,201509,2,Wednesday,Wed,3,0,1
2015-09-03,2015,Q3,Q3 2015,9,September,Sep,2015-09,201509,3,Thursday,Thu,4,0,1
2015-09-04,2015,Q3,Q3 2015,9,September,Sep,2015-09,201509,4,Friday,Fri,5,0,1
2015-09-05,2015,Q3,Q3 2015,9,September,Sep,2015-09,201509,5,Saturday,Sat,6,1,0
2015-09-06,2015,Q3,Q3 2015,9,September,Sep,2015-09,201509,6,Sunday,Sun,7,1,0
2015-09-07,2015,Q3,Q3 2015,9,September,Sep,2015-09,201509,7,Monday,Mon,1,0,1
2015-09-08,2015,Q3,Q3 2015,9,September,Sep,2015-09,201509,8,Tuesday,Tue,2,0,1
2015-09-09,2015,Q3,Q3 2015,9,September,Sep,2015-09,201509,9,Wednesday,Wed,3,0,1
2015-09-10,2015,Q3,Q3 2015,9,September,Sep,2015-09,201509,10,Thursday,Thu,4,0,1
2015-09-11,2015,Q3,Q3 2015,9,September,Sep,2015-09,201509,11,Friday,Fri,5,0,1
2015-09-12,2015,Q3,Q3 2015,9,September,Sep,2015-09,201509,12,Saturday,Sat,6,1,0
2015-09-13,2015,Q3,Q3 2015,9,September,Sep,2015-09,201509,13,Sunday,Sun,7,1,0
2015-09-14,2015,Q3,Q3 2015,9,September,Sep,2015-09,201509,14,Monday,Mon,1,0,1
2015-09-15,2015,Q3,Q3 2015,9,September,Sep,2015-09,201509,15,Tuesday,Tue,2,0,1
2015-09-16,2015,Q3,Q3 2015,9,September,Sep,2015-09,201509,16,Wednesday,Wed,3,0,1
2015-09-17,2015,Q3,Q3 2015,9,September,Sep,2015-09,201509,17,Thursday,Thu,4,0,0
2015-09-18,2015,Q3,Q3 2015,9,September,Sep,2015-09,201509,18,Friday,Fri,5,0,1
2015-09-19,2015,Q3,Q3 2015,9,September,Sep,2015-09,201509,19,Saturday,Sat,6,1,0
2015-09-20,2015,Q3,Q3 2015,9,September,Sep,2015-09,201509,20,Sunday,Sun,7,1,0
2015-09-21,2015,Q3,Q3 2015,9,September,Sep,2015-09,201509,21,Monday,Mon,1,0,1
2015-09-22,2015,Q3,Q3 2015,9,September,Sep,2015-09,201509,22,Tuesday,Tue,2,0,1
2015-09-23,2015,Q3,Q3 2015,9,September,Sep,2015-09,201509,23,Wednesday,Wed,3,0,1
2015-09-24,2015,Q3,Q3 2015,9,September,Sep,2015-09,201509,24,Thursday,Thu,4,0,1
2015-09-25,2015,Q3,Q3 2015,9,September,Sep,2015-09,201509,25,Friday,Fri,5,0,0
2015-09-26,2015,Q3,Q3 2015,9,September,Sep,2015-09,201509,26,Saturday,Sat,6,1,0
2015-09-27,2015,Q3,Q3 2015,9,September,Sep,2015-09,201509,27,Sunday,Sun,7,1,0
2015-09-28,2015,Q3,Q3 2015,9,September,Sep,2015-09,201509,28,Monday,Mon,1,0,1
2015-09-29,2015,Q3,Q3 2015,9,September,Sep,2015-09,201509,29,Tuesday,Tue,2,0,1
2015-09-30,2015,Q3,Q3 2015,9,September,Sep,2015-09,201509,30,Wednesday,Wed,3,0,1
2015-10-01,2015,Q4,Q4 2015,10,October,Oct,2015-10,201510,1,Thursday,Thu,4,0,1
2015-10-02,2015,Q4,Q4 2015,10,October,Oct,2015-10,201510,2,Friday,Fri,5,0,0
2015-10-03,2015,Q4,Q4 2015,10,October,Oct,2015-10,201510,3,Saturday,Sat,6,1,0
2015-10-04,2015,Q4,Q4 2015,10,October,Oct,2015-10,201510,4,Sunday,Sun,7,1,0
2015-10-05,2015,Q4,Q4 2015,10,October,Oct,2015-10,201510,5,Monday,Mon,1,0,1
2015-10-06,2015,Q4,Q4 2015,10,October,Oct,2015-10,201510,6,Tuesday,Tue,2,0,1
2015-10-07,2015,Q4,Q4 2015,10,October,Oct,2015-10,201510,7,Wednesday,Wed,3,0,1
2015-10-08,2015,Q4,Q4 2015,10,October,Oct,2015-10,201510,8,Thursday,Thu,4,0,1
2015-10-09,2015,Q4,Q4 2015,10,October,Oct,2015-10,201510,9,Friday,Fri,5,0,1
2015-10-10,2015,Q4,Q4 2015,10,October,Oct,2015-10,201510,10,Saturday,Sat,6,1,0
2015-10-11,2015,Q4,Q4 2015,10,October,Oct,2015-10,201510,11,Sunday,Sun,7,1,0
2015-10-12,2015,Q4,Q4 2015,10,October,Oct,2015-10,201510,12,Monday,Mon,1,0,1
2015-10-13,2015,Q4,Q4 2015,10,October,Oct,2015-10,201510,13,Tuesday,Tue,2,0,1
2015-10-14,2015,Q4,Q4 2015,10,October,Oct,2015-10,201510,14,Wednesday,Wed,3,0,1
2015-10-15,2015,Q4,Q4 2015,10,October,Oct,2015-10,201510,15,Thursday,Thu,4,0,1
2015-10-16,2015,Q4,Q4 2015,10,October,Oct,2015-10,201510,16,Friday,Fri,5,0,1
2015-10-17,2015,Q4,Q4 2015,10,October,Oct,2015-10,201510,17,Saturday,Sat,6,1,0
2015-10-18,2015,Q4,Q4 2015,10,October,Oct,2015-10,201510,18,Sunday,Sun,7,1,0
2015-10-19,2015,Q4,Q4 2015,10,October,Oct,2015-10,201510,19,Monday,Mon,1,0,1
2015-10-20,2015,Q4,Q4 2015,10,October,Oct,2015-10,201510,20,Tuesday,Tue,2,0,1
2015-10-21,2015,Q4,Q4 2015,10,October,Oct,2015-10,201510,21,Wednesday,Wed,3,0,1
2015-10-22,2015,Q4,Q4 2015,10,October,Oct,2015-10,201510,22,Thursday,Thu,4,0,0
2015-10-23,2015,Q4,Q4 2015,10,October,Oct,2015-10,201510,23,Friday,Fri,5,0,1
2015-10-24,2015,Q4,Q4 2015,10,October,Oct,2015-10,201510,24,Saturday,Sat,6,1,0
2015-10-25,2015,Q4,Q4 2015,10,October,Oct,2015-10,201510,25,Sunday,Sun,7,1,0
2015-10-26,2015,Q4,Q4 2015,10,October,Oct,2015-10,201510,26,Monday,Mon,1,0,1
2015-10-27,2015,Q4,Q4 2015,10,October,Oct,2015-10,201510,27,Tuesday,Tue,2,0,1
2015-10-28,2015,Q4,Q4 2015,10,October,Oct,2015-10,201510,28,Wednesday,Wed,3,0,1
2015-10-29,2015,Q4,Q4 2015,10,October,Oct,2015-10,201510,29,Thursday,Thu,4,0,1
2015-10-30,2015,Q4,Q4 2015,10,October,Oct,2015-10,201510,30,Friday,Fri,5,0,1
2015-10-31,2015,Q4,Q4 2015,10,October,Oct,2015-10,201510,31,Saturday,Sat,6,1,0
2015-11-01,2015,Q4,Q4 2015,11,November,Nov,2015-11,201511,1,Sunday,Sun,7,1,0
2015-11-02,2015,Q4,Q4 2015,11,November,Nov,2015-11,201511,2,Monday,Mon,1,0,1
2015-11-03,2015,Q4,Q4 2015,11,November,Nov,2015-11,201511,3,Tuesday,Tue,2,0,1
2015-11-04,2015,Q4,Q4 2015,11,November,Nov,2015-11,201511,4,Wednesday,Wed,3,0,1
2015-11-05,2015,Q4,Q4 2015,11,November,Nov,2015-11,201511,5,Thursday,Thu,4,0,1
2015-11-06,2015,Q4,Q4 2015,11,November,Nov,2015-11,201511,6,Friday,Fri,5,0,1
2015-11-07,2015,Q4,Q4 2015,11,November,Nov,2015-11,201511,7,Saturday,Sat,6,1,0
2015-11-08,2015,Q4,Q4 2015,11,November,Nov,2015-11,201511,8,Sunday,Sun,7,1,0
2015-11-09,2015,Q4,Q4 2015,11,November,Nov,2015-11,201511,9,Monday,Mon,1,0,1
2015-11-10,2015,Q4,Q4 2015,11,November,Nov,2015-11,201511,10,Tuesday,Tue,2,0,1
2015-11-11,2015,Q4,Q4 2015,11,November,Nov,2015-11,201511,11,Wednesday,Wed,3,0,0
2015-11-12,2015,Q4,Q4 2015,11,November,Nov,2015-11,201511,12,Thursday,Thu,4,0,0
2015-11-13,2015,Q4,Q4 2015,11,November,Nov,2015-11,201511,13,Friday,Fri,5,0,1
2015-11-14,2015,Q4,Q4 2015,11,November,Nov,2015-11,201511,14,Saturday,Sat,6,1,0
2015-11-15,2015,Q4,Q4 2015,11,November,Nov,2015-11,201511,15,Sunday,Sun,7,1,0
2015-11-16,2015,Q4,Q4 2015,11,November,Nov,2015-11,201511,16,Monday,Mon,1,0,1
2015-11-17,2015,Q4,Q4 2015,11,November,Nov,2015-11,201511,17,Tuesday,Tue,2,0,1
2015-11-18,2015,Q4,Q4 2015,11,November,Nov,2015-11,201511,18,Wednesday,Wed,3,0,1
2015-11-19,2015,Q4,Q4 2015,11,November,Nov,2015-11,201511,19,Thursday,Thu,4,0,1
2015-11-20,2015,Q4,Q4 2015,11,November,Nov,2015-11,201511,20,Friday,Fri,5,0,1
2015-11-21,2015,Q4,Q4 2015,11,November,Nov,2015-11,201511,21,Saturday,Sat,6,1,0
2015-11-22,2015,Q4,Q4 2015,11,November,Nov,2015-11,201511,22,Sunday,Sun,7,1,0
2015-11-23,2015,Q4,Q4 2015,11,November,Nov,2015-11,201511,23,Monday,Mon,1,0,1
2015-11-24,2015,Q4,Q4 2015,11,November,Nov,2015-11,201511,24,Tuesday,Tue,2,0,1
2015-11-25,2015,Q4,Q4 2015,11,November,Nov,2015-11,201511,25,Wednesday,Wed,3,0,0
2015-11-26,2015,Q4,Q4 2015,11,November,Nov,2015-11,201511,26,Thursday,Thu,4,0,1
2015-11-27,2015,Q4,Q4 2015,11,November,Nov,2015-11,201511,27,Friday,Fri,5,0,1
2015-11-28,2015,Q4,Q4 2015,11,November,Nov,2015-11,201511,28,Saturday,Sat,6,1,0
2015-11-29,2015,Q4,Q4 2015,11,November,Nov,2015-11,201511,29,Sunday,Sun,7,1,0
2015-11-30,2015,Q4,Q4 2015,11,November,Nov,2015-11,201511,30,Monday,Mon,1,0,1
2015-12-01,2015,Q4,Q4 2015,12,December,Dec,2015-12,201512,1,Tuesday,Tue,2,0,1
2015-12-02,2015,Q4,Q4 2015,12,December,Dec,2015-12,201512,2,Wednesday,Wed,3,0,1
2015-12-03,2015,Q4,Q4 2015,12,December,Dec,2015-12,201512,3,Thursday,Thu,4,0,1
2015-12-04,2015,Q4,Q4 2015,12,December,Dec,2015-12,201512,4,Friday,Fri,5,0,1
2015-12-05,2015,Q4,Q4 2015,12,December,Dec,2015-12,201512,5,Saturday,Sat,6,1,0
2015-12-06,2015,Q4,Q4 2015,12,December,Dec,2015-12,201512,6,Sunday,Sun,7,1,0
2015-12-07,2015,Q4,Q4 2015,12,December,Dec,2015-12,201512,7,Monday,Mon,1,0,1
2015-12-08,2015,Q4,Q4 2015,12,December,Dec,2015-12,201512,8,Tuesday,Tue,2,0,1
2015-12-09,2015,Q4,Q4 2015,12,December,Dec,2015-12,201512,9,Wednesday,Wed,3,0,1
2015-12-10,2015,Q4,Q4 2015,12,December,Dec,2015-12,201512,10,Thursday,Thu,4,0,1
2015-12-11,2015,Q4,Q4 2015,12,December,Dec,2015-12,201512,11,Friday,Fri,5,0,1
2015-12-12,2015,Q4,Q4 2015,12,December,Dec,2015-12,201512,12,Saturday,Sat,6,1,0
2015-12-13,2015,Q4,Q4 2015,12,December,Dec,2015-12,201512,13,Sunday,Sun,7,1,0
2015-12-14,2015,Q4,Q4 2015,12,December,Dec,2015-12,201512,14,Monday,Mon,1,0,1
2015-12-15,2015,Q4,Q4 2015,12,December,Dec,2015-12,201512,15,Tuesday,Tue,2,0,1
2015-12-16,2015,Q4,Q4 2015,12,December,Dec,2015-12,201512,16,Wednesday,Wed,3,0,1
2015-12-17,2015,Q4,Q4 2015,12,December,Dec,2015-12,201512,17,Thursday,Thu,4,0,1
2015-12-18,2015,Q4,Q4 2015,12,December,Dec,2015-12,201512,18,Friday,Fri,5,0,1
2015-12-19,2015,Q4,Q4 2015,12,December,Dec,2015-12,201512,19,Saturday,Sat,6,1,0
2015-12-20,2015,Q4,Q4 2015,12,December,Dec,2015-12,201512,20,Sunday,Sun,7,1,0
2015-12-21,2015,Q4,Q4 2015,12,December,Dec,2015-12,201512,21,Monday,Mon,1,0,1
2015-12-22,2015,Q4,Q4 2015,12,December,Dec,2015-12,201512,22,Tuesday,Tue,2,0,1
2015-12-23,2015,Q4,Q4 2015,12,December,Dec,2015-12,201512,23,Wednesday,Wed,3,0,1
2015-12-24,2015,Q4,Q4 2015,12,December,Dec,2015-12,201512,24,Thursday,Thu,4,0,1
2015-12-25,2015,Q4,Q4 2015,12,December,Dec,2015-12,201512,25,Friday,Fri,5,0,0
2015-12-26,2015,Q4,Q4 2015,12,December,Dec,2015-12,201512,26,Saturday,Sat,6,1,0
2015-12-27,2015,Q4,Q4 2015,12,December,Dec,2015-12,201512,27,Sunday,Sun,7,1,0
2015-12-28,2015,Q4,Q4 2015,12,December,Dec,2015-12,201512,28,Monday,Mon,1,0,1
2015-12-29,2015,Q4,Q4 2015,12,December,Dec,2015-12,201512,29,Tuesday,Tue,2,0,1
2015-12-30,2015,Q4,Q4 2015,12,December,Dec,2015-12,201512,30,Wednesday,Wed,3,0,1
2015-12-31,2015,Q4,Q4 2015,12,December,Dec,2015-12,201512,31,Thursday,Thu,4,0,1
2016-01-01,2016,Q1,Q1 2016,1,January,Jan,2016-01,201601,1,Friday,Fri,5,0,1
2016-01-02,2016,Q1,Q1 2016,1,January,Jan,2016-01,201601,2,Saturday,Sat,6,1,0
2016-01-03,2016,Q1,Q1 2016,1,January,Jan,2016-01,201601,3,Sunday,Sun,7,1,0
2016-01-04,2016,Q1,Q1 2016,1,January,Jan,2016-01,201601,4,Monday,Mon,1,0,1
2016-01-05,2016,Q1,Q1 2016,1,January,Jan,2016-01,201601,5,Tuesday,Tue,2,0,1
2016-01-06,2016,Q1,Q1 2016,1,January,Jan,2016-01,201601,6,Wednesday,Wed,3,0,1
2016-01-07,2016,Q1,Q1 2016,1,January,Jan,2016-01,201601,7,Thursday,Thu,4,0,1
2016-01-08,2016,Q1,Q1 2016,1,January,Jan,2016-01,201601,8,Friday,Fri,5,0,1
2016-01-09,2016,Q1,Q1 2016,1,January,Jan,2016-01,201601,9,Saturday,Sat,6,1,0
2016-01-10,2016,Q1,Q1 2016,1,January,Jan,2016-01,201601,10,Sunday,Sun,7,1,0
2016-01-11,2016,Q1,Q1 2016,1,January,Jan,2016-01,201601,11,Monday,Mon,1,0,1
2016-01-12,2016,Q1,Q1 2016,1,January,Jan,2016-01,201601,12,Tuesday,Tue,2,0,1
2016-01-13,2016,Q1,Q1 2016,1,January,Jan,2016-01,201601,13,Wednesday,Wed,3,0,1
2016-01-14,2016,Q1,Q1 2016,1,January,Jan,2016-01,201601,14,Thursday,Thu,4,0,1
2016-01-15,2016,Q1,Q1 2016,1,January,Jan,2016-01,201601,15,Friday,Fri,5,0,1
2016-01-16,2016,Q1,Q1 2016,1,January,Jan,2016-01,201601,16,Saturday,Sat,6,1,0
2016-01-17,2016,Q1,Q1 2016,1,January,Jan,2016-01,201601,17,Sunday,Sun,7,1,0
2016-01-18,2016,Q1,Q1 2016,1,January,Jan,2016-01,201601,18,Monday,Mon,1,0,1
2016-01-19,2016,Q1,Q1 2016,1,January,Jan,2016-01,201601,19,Tuesday,Tue,2,0,1
2016-01-20,2016,Q1,Q1 2016,1,January,Jan,2016-01,201601,20,Wednesday,Wed,3,0,1
2016-01-21,2016,Q1,Q1 2016,1,January,Jan,2016-01,201601,21,Thursday,Thu,4,0,1
2016-01-22,2016,Q1,Q1 2016,1,January,Jan,2016-01,201601,22,Friday,Fri,5,0,1
2016-01-23,2016,Q1,Q1 2016,1,January,Jan,2016-01,201601,23,Saturday,Sat,6,1,0
2016-01-24,2016,Q1,Q1 2016,1,January,Jan,2016-01,201601,24,Sunday,Sun,7,1,0
2016-01-25,2016,Q1,Q1 2016,1,January,Jan,2016-01,201601,25,Monday,Mon,1,0,1
2016-01-26,2016,Q1,Q1 2016,1,January,Jan,2016-01,201601,26,Tuesday,Tue,2,0,0
2016-01-27,2016,Q1,Q1 2016,1,January,Jan,2016-01,201601,27,Wednesday,Wed,3,0,1
2016-01-28,2016,Q1,Q1 2016,1,January,Jan,2016-01,201601,28,Thursday,Thu,4,0,1
2016-01-29,2016,Q1,Q1 2016,1,January,Jan,2016-01,201601,29,Friday,Fri,5,0,1
2016-01-30,2016,Q1,Q1 2016,1,January,Jan,2016-01,201601,30,Saturday,Sat,6,1,0
2016-01-31,2016,Q1,Q1 2016,1,January,Jan,2016-01,201601,31,Sunday,Sun,7,1,0
2016-02-01,2016,Q1,Q1 2016,2,February,Feb,2016-02,201602,1,Monday,Mon,1,0,1
2016-02-02,2016,Q1,Q1 2016,2,February,Feb,2016-02,201602,2,Tuesday,Tue,2,0,1
2016-02-03,2016,Q1,Q1 2016,2,February,Feb,2016-02,201602,3,Wednesday,Wed,3,0,1
2016-02-04,2016,Q1,Q1 2016,2,February,Feb,2016-02,201602,4,Thursday,Thu,4,0,1
2016-02-05,2016,Q1,Q1 2016,2,February,Feb,2016-02,201602,5,Friday,Fri,5,0,1
2016-02-06,2016,Q1,Q1 2016,2,February,Feb,2016-02,201602,6,Saturday,Sat,6,1,0
2016-02-07,2016,Q1,Q1 2016,2,February,Feb,2016-02,201602,7,Sunday,Sun,7,1,0
2016-02-08,2016,Q1,Q1 2016,2,February,Feb,2016-02,201602,8,Monday,Mon,1,0,1
2016-02-09,2016,Q1,Q1 2016,2,February,Feb,2016-02,201602,9,Tuesday,Tue,2,0,1
2016-02-10,2016,Q1,Q1 2016,2,February,Feb,2016-02,201602,10,Wednesday,Wed,3,0,1
2016-02-11,2016,Q1,Q1 2016,2,February,Feb,2016-02,201602,11,Thursday,Thu,4,0,1
2016-02-12,2016,Q1,Q1 2016,2,February,Feb,2016-02,201602,12,Friday,Fri,5,0,1
2016-02-13,2016,Q1,Q1 2016,2,February,Feb,2016-02,201602,13,Saturday,Sat,6,1,0
2016-02-14,2016,Q1,Q1 2016,2,February,Feb,2016-02,201602,14,Sunday,Sun,7,1,0
2016-02-15,2016,Q1,Q1 2016,2,February,Feb,2016-02,201602,15,Monday,Mon,1,0,1
2016-02-16,2016,Q1,Q1 2016,2,February,Feb,2016-02,201602,16,Tuesday,Tue,2,0,1
2016-02-17,2016,Q1,Q1 2016,2,February,Feb,2016-02,201602,17,Wednesday,Wed,3,0,1
2016-02-18,2016,Q1,Q1 2016,2,February,Feb,2016-02,201602,18,Thursday,Thu,4,0,1
2016-02-19,2016,Q1,Q1 2016,2,February,Feb,2016-02,201602,19,Friday,Fri,5,0,1
2016-02-20,2016,Q1,Q1 2016,2,February,Feb,2016-02,201602,20,Saturday,Sat,6,1,0
2016-02-21,2016,Q1,Q1 2016,2,February,Feb,2016-02,201602,21,Sunday,Sun,7,1,0
2016-02-22,2016,Q1,Q1 2016,2,February,Feb,2016-02,201602,22,Monday,Mon,1,0,1
2016-02-23,2016,Q1,Q1 2016,2,February,Feb,2016-02,201602,23,Tuesday,Tue,2,0,1
2016-02-24,2016,Q1,Q1 2016,2,February,Feb,2016-02,201602,24,Wednesday,Wed,3,0,1
2016-02-25,2016,Q1,Q1 2016,2,February,Feb,2016-02,201602,25,Thursday,Thu,4,0,1
2016-02-26,2016,Q1,Q1 2016,2,February,Feb,2016-02,201602,26,Friday,Fri,5,0,1
2016-02-27,2016,Q1,Q1 2016,2,February,Feb,2016-02,201602,27,Saturday,Sat,6,1,0
2016-02-28,2016,Q1,Q1 2016,2,February,Feb,2016-02,201602,28,Sunday,Sun,7,1,0
2016-02-29,2016,Q1,Q1 2016,2,February,Feb,2016-02,201602,29,Monday,Mon,1,0,1
2016-03-01,2016,Q1,Q1 2016,3,March,Mar,2016-03,201603,1,Tuesday,Tue,2,0,1
2016-03-02,2016,Q1,Q1 2016,3,March,Mar,2016-03,201603,2,Wednesday,Wed,3,0,1
2016-03-03,2016,Q1,Q1 2016,3,March,Mar,2016-03,201603,3,Thursday,Thu,4,0,1
2016-03-04,2016,Q1,Q1 2016,3,March,Mar,2016-03,201603,4,Friday,Fri,5,0,1
2016-03-05,2016,Q1,Q1 2016,3,March,Mar,2016-03,201603,5,Saturday,Sat,6,1,0
2016-03-06,2016,Q1,Q1 2016,3,March,Mar,2016-03,201603,6,Sunday,Sun,7,1,0
2016-03-07,2016,Q1,Q1 2016,3,March,Mar,2016-03,201603,7,Monday,Mon,1,0,0
2016-03-08,2016,Q1,Q1 2016,3,March,Mar,2016-03,201603,8,Tuesday,Tue,2,0,1
2016-03-09,2016,Q1,Q1 2016,3,March,Mar,2016-03,201603,9,Wednesday,Wed,3,0,1
2016-03-10,2016,Q1,Q1 2016,3,March,Mar,2016-03,201603,10,Thursday,Thu,4,0,1
2016-03-11,2016,Q1,Q1 2016,3,March,Mar,2016-03,201603,11,Friday,Fri,5,0,1
2016-03-12,2016,Q1,Q1 2016,3,March,Mar,2016-03,201603,12,Saturday,Sat,6,1,0
2016-03-13,2016,Q1,Q1 2016,3,March,Mar,2016-03,201603,13,Sunday,Sun,7,1,0
2016-03-14,2016,Q1,Q1 2016,3,March,Mar,2016-03,201603,14,Monday,Mon,1,0,1
2016-03-15,2016,Q1,Q1 2016,3,March,Mar,2016-03,201603,15,Tuesday,Tue,2,0,1
2016-03-16,2016,Q1,Q1 2016,3,March,Mar,2016-03,201603,16,Wednesday,Wed,3,0,1
2016-03-17,2016,Q1,Q1 2016,3,March,Mar,2016-03,201603,17,Thursday,Thu,4,0,1
2016-03-18,2016,Q1,Q1 2016,3,March,Mar,2016-03,201603,18,Friday,Fri,5,0,1
2016-03-19,2016,Q1,Q1 2016,3,March,Mar,2016-03,201603,19,Saturday,Sat,6,1,0
2016-03-20,2016,Q1,Q1 2016,3,March,Mar,2016-03,201603,20,Sunday,Sun,7,1,0
2016-03-21,2016,Q1,Q1 2016,3,March,Mar,2016-03,201603,21,Monday,Mon,1,0,1
2016-03-22,2016,Q1,Q1 2016,3,March,Mar,2016-03,201603,22,Tuesday,Tue,2,0,1
2016-03-23,2016,Q1,Q1 2016,3,March,Mar,2016-03,201603,23,Wednesday,Wed,3,0,1
2016-03-24,2016,Q1,Q1 2016,3,March,Mar,2016-03,201603,24,Thursday,Thu,4,0,0
2016-03-25,2016,Q1,Q1 2016,3,March,Mar,2016-03,201603,25,Friday,Fri,5,0,0
2016-03-26,2016,Q1,Q1 2016,3,March,Mar,2016-03,201603,26,Saturday,Sat,6,1,0
2016-03-27,2016,Q1,Q1 2016,3,March,Mar,2016-03,201603,27,Sunday,Sun,7,1,0
2016-03-28,2016,Q1,Q1 2016,3,March,Mar,2016-03,201603,28,Monday,Mon,1,0,1
2016-03-29,2016,Q1,Q1 2016,3,March,Mar,2016-03,201603,29,Tuesday,Tue,2,0,1
2016-03-30,2016,Q1,Q1 2016,3,March,Mar,2016-03,201603,30,Wednesday,Wed,3,0,1
2016-03-31,2016,Q1,Q1 2016,3,March,Mar,2016-03,201603,31,Thursday,Thu,4,0,1
2016-04-01,2016,Q2,Q2 2016,4,April,Apr,2016-04,201604,1,Friday,Fri,5,0,1
2016-04-02,2016,Q2,Q2 2016,4,April,Apr,2016-04,201604,2,Saturday,Sat,6,1,0
2016-04-03,2016,Q2,Q2 2016,4,April,Apr,2016-04,201604,3,Sunday,Sun,7,1,0
2016-04-04,2016,Q2,Q2 2016,4,April,Apr,2016-04,201604,4,Monday,Mon,1,0,1
2016-04-05,2016,Q2,Q2 2016,4,April,Apr,2016-04,201604,5,Tuesday,Tue,2,0,1
2016-04-06,2016,Q2,Q2 2016,4,April,Apr,2016-04,201604,6,Wednesday,Wed,3,0,1
2016-04-07,2016,Q2,Q2 2016,4,April,Apr,2016-04,201604,7,Thursday,Thu,4,0,1
2016-04-08,2016,Q2,Q2 2016,4,April,Apr,2016-04,201604,8,Friday,Fri,5,0,1
2016-04-09,2016,Q2,Q2 2016,4,April,Apr,2016-04,201604,9,Saturday,Sat,6,1,0
2016-04-10,2016,Q2,Q2 2016,4,April,Apr,2016-04,201604,10,Sunday,Sun,7,1,0
2016-04-11,2016,Q2,Q2 2016,4,April,Apr,2016-04,201604,11,Monday,Mon,1,0,1
2016-04-12,2016,Q2,Q2 2016,4,April,Apr,2016-04,201604,12,Tuesday,Tue,2,0,1
2016-04-13,2016,Q2,Q2 2016,4,April,Apr,2016-04,201604,13,Wednesday,Wed,3,0,1
2016-04-14,2016,Q2,Q2 2016,4,April,Apr,2016-04,201604,14,Thursday,Thu,4,0,0
2016-04-15,2016,Q2,Q2 2016,4,April,Apr,2016-04,201604,15,Friday,Fri,5,0,0
2016-04-16,2016,Q2,Q2 2016,4,April,Apr,2016-04,201604,16,Saturday,Sat,6,1,0
2016-04-17,2016,Q2,Q2 2016,4,April,Apr,2016-04,201604,17,Sunday,Sun,7,1,0
2016-04-18,2016,Q2,Q2 2016,4,April,Apr,2016-04,201604,18,Monday,Mon,1,0,1
2016-04-19,2016,Q2,Q2 2016,4,April,Apr,2016-04,201604,19,Tuesday,Tue,2,0,0
2016-04-20,2016,Q2,Q2 2016,4,April,Apr,2016-04,201604,20,Wednesday,Wed,3,0,1
2016-04-21,2016,Q2,Q2 2016,4,April,Apr,2016-04,201604,21,Thursday,Thu,4,0,1
2016-04-22,2016,Q2,Q2 2016,4,April,Apr,2016-04,201604,22,Friday,Fri,5,0,1
2016-04-23,2016,Q2,Q2 2016,4,April,Apr,2016-04,201604,23,Saturday,Sat,6,1,0
2016-04-24,2016,Q2,Q2 2016,4,April,Apr,2016-04,201604,24,Sunday,Sun,7,1,0
2016-04-25,2016,Q2,Q2 2016,4,April,Apr,2016-04,201604,25,Monday,Mon,1,0,1
2016-04-26,2016,Q2,Q2 2016,4,April,Apr,2016-04,201604,26,Tuesday,Tue,2,0,1
2016-04-27,2016,Q2,Q2 2016,4,April,Apr,2016-04,201604,27,Wednesday,Wed,3,0,1
2016-04-28,2016,Q2,Q2 2016,4,April,Apr,2016-04,201604,28,Thursday,Thu,4,0,1
2016-04-29,2016,Q2,Q2 2016,4,April,Apr,2016-04,201604,29,Friday,Fri,5,0,1
2016-04-30,2016,Q2,Q2 2016,4,April,Apr,2016-04,201604,30,Saturday,Sat,6,1,0
2016-05-01,2016,Q2,Q2 2016,5,May,May,2016-05,201605,1,Sunday,Sun,7,1,0
2016-05-02,2016,Q2,Q2 2016,5,May,May,2016-05,201605,2,Monday,Mon,1,0,1
2016-05-03,2016,Q2,Q2 2016,5,May,May,2016-05,201605,3,Tuesday,Tue,2,0,1
2016-05-04,2016,Q2,Q2 2016,5,May,May,2016-05,201605,4,Wednesday,Wed,3,0,1
2016-05-05,2016,Q2,Q2 2016,5,May,May,2016-05,201605,5,Thursday,Thu,4,0,1
2016-05-06,2016,Q2,Q2 2016,5,May,May,2016-05,201605,6,Friday,Fri,5,0,1
2016-05-07,2016,Q2,Q2 2016,5,May,May,2016-05,201605,7,Saturday,Sat,6,1,0
2016-05-08,2016,Q2,Q2 2016,5,May,May,2016-05,201605,8,Sunday,Sun,7,1,0
2016-05-09,2016,Q2,Q2 2016,5,May,May,2016-05,201605,9,Monday,Mon,1,0,1
2016-05-10,2016,Q2,Q2 2016,5,May,May,2016-05,201605,10,Tuesday,Tue,2,0,1
2016-05-11,2016,Q2,Q2 2016,5,May,May,2016-05,201605,11,Wednesday,Wed,3,0,1
2016-05-12,2016,Q2,Q2 2016,5,May,May,2016-05,201605,12,Thursday,Thu,4,0,1
2016-05-13,2016,Q2,Q2 2016,5,May,May,2016-05,201605,13,Friday,Fri,5,0,1
2016-05-14,2016,Q2,Q2 2016,5,May,May,2016-05,201605,14,Saturday,Sat,6,1,0
2016-05-15,2016,Q2,Q2 2016,5,May,May,2016-05,201605,15,Sunday,Sun,7,1,0
2016-05-16,2016,Q2,Q2 2016,5,May,May,2016-05,201605,16,Monday,Mon,1,0,1
2016-05-17,2016,Q2,Q2 2016,5,May,May,2016-05,201605,17,Tuesday,Tue,2,0,1
2016-05-18,2016,Q2,Q2 2016,5,May,May,2016-05,201605,18,Wednesday,Wed,3,0,1
2016-05-19,2016,Q2,Q2 2016,5,May,May,2016-05,201605,19,Thursday,Thu,4,0,1
2016-05-20,2016,Q2,Q2 2016,5,May,May,2016-05,201605,20,Friday,Fri,5,0,1
2016-05-21,2016,Q2,Q2 2016,5,May,May,2016-05,201605,21,Saturday,Sat,6,1,0
2016-05-22,2016,Q2,Q2 2016,5,May,May,2016-05,201605,22,Sunday,Sun,7,1,0
2016-05-23,2016,Q2,Q2 2016,5,May,May,2016-05,201605,23,Monday,Mon,1,0,1
2016-05-24,2016,Q2,Q2 2016,5,May,May,2016-05,201605,24,Tuesday,Tue,2,0,1
2016-05-25,2016,Q2,Q2 2016,5,May,May,2016-05,201605,25,Wednesday,Wed,3,0,1
2016-05-26,2016,Q2,Q2 2016,5,May,May,2016-05,201605,26,Thursday,Thu,4,0,1
2016-05-27,2016,Q2,Q2 2016,5,May,May,2016-05,201605,27,Friday,Fri,5,0,1
2016-05-28,2016,Q2,Q2 2016,5,May,May,2016-05,201605,28,Saturday,Sat,6,1,0
2016-05-29,2016,Q2,Q2 2016,5,May,May,2016-05,201605,29,Sunday,Sun,7,1,0
2016-05-30,2016,Q2,Q2 2016,5,May,May,2016-05,201605,30,Monday,Mon,1,0,1
2016-05-31,2016,Q2,Q2 2016,5,May,May,2016-05,201605,31,Tuesday,Tue,2,0,1
2016-06-01,2016,Q2,Q2 2016,6,June,Jun,2016-06,201606,1,Wednesday,Wed,3,0,1
2016-06-02,2016,Q2,Q2 2016,6,June,Jun,2016-06,201606,2,Thursday,Thu,4,0,1
2016-06-03,2016,Q2,Q2 2016,6,June,Jun,2016-06,201606,3,Friday,Fri,5,0,1
2016-06-04,2016,Q2,Q2 2016,6,June,Jun,2016-06,201606,4,Saturday,Sat,6,1,0
2016-06-05,2016,Q2,Q2 2016,6,June,Jun,2016-06,201606,5,Sunday,Sun,7,1,0
2016-06-06,2016,Q2,Q2 2016,6,June,Jun,2016-06,201606,6,Monday,Mon,1,0,1
2016-06-07,2016,Q2,Q2 2016,6,June,Jun,2016-06,201606,7,Tuesday,Tue,2,0,1
2016-06-08,2016,Q2,Q2 2016,6,June,Jun,2016-06,201606,8,Wednesday,Wed,3,0,1
2016-06-09,2016,Q2,Q2 2016,6,June,Jun,2016-06,201606,9,Thursday,Thu,4,0,1
2016-06-10,2016,Q2,Q2 2016,6,June,Jun,2016-06,201606,10,Friday,Fri,5,0,1
2016-06-11,2016,Q2,Q2 2016,6,June,Jun,2016-06,201606,11,Saturday,Sat,6,1,0
2016-06-12,2016,Q2,Q2 2016,6,June,Jun,2016-06,201606,12,Sunday,Sun,7,1,0
2016-06-13,2016,Q2,Q2 2016,6,June,Jun,2016-06,201606,13,Monday,Mon,1,0,1
2016-06-14,2016,Q2,Q2 2016,6,June,Jun,2016-06,201606,14,Tuesday,Tue,2,0,1
2016-06-15,2016,Q2,Q2 2016,6,June,Jun,2016-06,201606,15,Wednesday,Wed,3,0,1
2016-06-16,2016,Q2,Q2 2016,6,June,Jun,2016-06,201606,16,Thursday,Thu,4,0,1
2016-06-17,2016,Q2,Q2 2016,6,June,Jun,2016-06,201606,17,Friday,Fri,5,0,1
2016-06-18,2016,Q2,Q2 2016,6,June,Jun,2016-06,201606,18,Saturday,Sat,6,1,0
2016-06-19,2016,Q2,Q2 2016,6,June,Jun,2016-06,201606,19,Sunday,Sun,7,1,0
2016-06-20,2016,Q2,Q2 2016,6,June,Jun,2016-06,201606,20,Monday,Mon,1,0,1
2016-06-21,2016,Q2,Q2 2016,6,June,Jun,2016-06,201606,21,Tuesday,Tue,2,0,1
2016-06-22,2016,Q2,Q2 2016,6,June,Jun,2016-06,201606,22,Wednesday,Wed,3,0,1
2016-06-23,2016,Q2,Q2 2016,6,June,Jun,2016-06,201606,23,Thursday,Thu,4,0,1
2016-06-24,2016,Q2,Q2 2016,6,June,Jun,2016-06,201606,24,Friday,Fri,5,0,1
2016-06-25,2016,Q2,Q2 2016,6,June,Jun,2016-06,201606,25,Saturday,Sat,6,1,0
2016-06-26,2016,Q2,Q2 2016,6,June,Jun,2016-06,201606,26,Sunday,Sun,7,1,0
2016-06-27,2016,Q2,Q2 2016,6,June,Jun,2016-06,201606,27,Monday,Mon,1,0,1
2016-06-28,2016,Q2,Q2 2016,6,June,Jun,2016-06,201606,28,Tuesday,Tue,2,0,1
2016-06-29,2016,Q2,Q2 2016,6,June,Jun,2016-06,201606,29,Wednesday,Wed,3,0,1
2016-06-30,2016,Q2,Q2 2016,6,June,Jun,2016-06,201606,30,Thursday,Thu,4,0,1
2016-07-01,2016,Q3,Q3 2016,7,July,Jul,2016-07,201607,1,Friday,Fri,5,0,1
2016-07-02,2016,Q3,Q3 2016,7,July,Jul,2016-07,201607,2,Saturday,Sat,6,1,0
2016-07-03,2016,Q3,Q3 2016,7,July,Jul,2016-07,201607,3,Sunday,Sun,7,1,0
2016-07-04,2016,Q3,Q3 2016,7,July,Jul,2016-07,201607,4,Monday,Mon,1,0,1
2016-07-05,2016,Q3,Q3 2016,7,July,Jul,2016-07,201607,5,Tuesday,Tue,2,0,1
2016-07-06,2016,Q3,Q3 2016,7,July,Jul,2016-07,201607,6,Wednesday,Wed,3,0,0
2016-07-07,2016,Q3,Q3 2016,7,July,Jul,2016-07,201607,7,Thursday,Thu,4,0,1
2016-07-08,2016,Q3,Q3 2016,7,July,Jul,2016-07,201607,8,Friday,Fri,5,0,1
2016-07-09,2016,Q3,Q3 2016,7,July,Jul,2016-07,201607,9,Saturday,Sat,6,1,0
2016-07-10,2016,Q3,Q3 2016,7,July,Jul,2016-07,201607,10,Sunday,Sun,7,1,0
2016-07-11,2016,Q3,Q3 2016,7,July,Jul,2016-07,201607,11,Monday,Mon,1,0,1
2016-07-12,2016,Q3,Q3 2016,7,July,Jul,2016-07,201607,12,Tuesday,Tue,2,0,1
2016-07-13,2016,Q3,Q3 2016,7,July,Jul,2016-07,201607,13,Wednesday,Wed,3,0,1
2016-07-14,2016,Q3,Q3 2016,7,July,Jul,2016-07,201607,14,Thursday,Thu,4,0,1
2016-07-15,2016,Q3,Q3 2016,7,July,Jul,2016-07,201607,15,Friday,Fri,5,0,1
2016-07-16,2016,Q3,Q3 2016,7,July,Jul,2016-07,201607,16,Saturday,Sat,6,1,0
2016-07-17,2016,Q3,Q3 2016,7,July,Jul,2016-07,201607,17,Sunday,Sun,7,1,0
2016-07-18,2016,Q3,Q3 2016,7,July,Jul,2016-07,201607,18,Monday,Mon,1,0,1
2016-07-19,2016,Q3,Q3 2016,7,July,Jul,2016-07,201607,19,Tuesday,Tue,2,0,1
2016-07-20,2016,Q3,Q3 2016,7,July,Jul,2016-07,201607,20,Wednesday,Wed,3,0,1
2016-07-21,2016,Q3,Q3 2016,7,July,Jul,2016-07,201607,21,Thursday,Thu,4,0,1
2016-07-22,2016,Q3,Q3 2016,7,July,Jul,2016-07,201607,22,Friday,Fri,5,0,1
2016-07-23,2016,Q3,Q3 2016,7,July,Jul,2016-07,201607,23,Saturday,Sat,6,1,0
2016-07-24,2016,Q3,Q3 2016,7,July,Jul,2016-07,201607,24,Sunday,Sun,7,1,0
2016-07-25,2016,Q3,Q3 2016,7,July,Jul,2016-07,201607,25,Monday,Mon,1,0,1
2016-07-26,2016,Q3,Q3 2016,7,July,Jul,2016-07,201607,26,Tuesday,Tue,2,0,1
2016-07-27,2016,Q3,Q3 2016,7,July,Jul,2016-07,201607,27,Wednesday,Wed,3,0,1
2016-07-28,2016,Q3,Q3 2016,7,July,Jul,2016-07,201607,28,Thursday,Thu,4,0,1
2016-07-29,2016,Q3,Q3 2016,7,July,Jul,2016-07,201607,29,Friday,Fri,5,0,1
2016-07-30,2016,Q3,Q3 2016,7,July,Jul,2016-07,201607,30,Saturday,Sat,6,1,0
2016-07-31,2016,Q3,Q3 2016,7,July,Jul,2016-07,201607,31,Sunday,Sun,7,1,0
2016-08-01,2016,Q3,Q3 2016,8,August,Aug,2016-08,201608,1,Monday,Mon,1,0,1
2016-08-02,2016,Q3,Q3 2016,8,August,Aug,2016-08,201608,2,Tuesday,Tue,2,0,1
2016-08-03,2016,Q3,Q3 2016,8,August,Aug,2016-08,201608,3,Wednesday,Wed,3,0,1
2016-08-04,2016,Q3,Q3 2016,8,August,Aug,2016-08,201608,4,Thursday,Thu,4,0,1
2016-08-05,2016,Q3,Q3 2016,8,August,Aug,2016-08,201608,5,Friday,Fri,5,0,1
2016-08-06,2016,Q3,Q3 2016,8,August,Aug,2016-08,201608,6,Saturday,Sat,6,1,0
2016-08-07,2016,Q3,Q3 2016,8,August,Aug,2016-08,201608,7,Sunday,Sun,7,1,0
2016-08-08,2016,Q3,Q3 2016,8,August,Aug,2016-08,201608,8,Monday,Mon,1,0,1
2016-08-09,2016,Q3,Q3 2016,8,August,Aug,2016-08,201608,9,Tuesday,Tue,2,0,1
2016-08-10,2016,Q3,Q3 2016,8,August,Aug,2016-08,201608,10,Wednesday,Wed,3,0,1
2016-08-11,2016,Q3,Q3 2016,8,August,Aug,2016-08,201608,11,Thursday,Thu,4,0,1
2016-08-12,2016,Q3,Q3 2016,8,August,Aug,2016-08,201608,12,Friday,Fri,5,0,1
2016-08-13,2016,Q3,Q3 2016,8,August,Aug,2016-08,201608,13,Saturday,Sat,6,1,0
2016-08-14,2016,Q3,Q3 2016,8,August,Aug,2016-08,201608,14,Sunday,Sun,7,1,0
2016-08-15,2016,Q3,Q3 2016,8,August,Aug,2016-08,201608,15,Monday,Mon,1,0,0
2016-08-16,2016,Q3,Q3 2016,8,August,Aug,2016-08,201608,16,Tuesday,Tue,2,0,1
2016-08-17,2016,Q3,Q3 2016,8,August,Aug,2016-08,201608,17,Wednesday,Wed,3,0,1
2016-08-18,2016,Q3,Q3 2016,8,August,Aug,2016-08,201608,18,Thursday,Thu,4,0,1
2016-08-19,2016,Q3,Q3 2016,8,August,Aug,2016-08,201608,19,Friday,Fri,5,0,1
2016-08-20,2016,Q3,Q3 2016,8,August,Aug,2016-08,201608,20,Saturday,Sat,6,1,0
2016-08-21,2016,Q3,Q3 2016,8,August,Aug,2016-08,201608,21,Sunday,Sun,7,1,0
2016-08-22,2016,Q3,Q3 2016,8,August,Aug,2016-08,201608,22,Monday,Mon,1,0,1
2016-08-23,2016,Q3,Q3 2016,8,August,Aug,2016-08,201608,23,Tuesday,Tue,2,0,1
2016-08-24,2016,Q3,Q3 2016,8,August,Aug,2016-08,201608,24,Wednesday,Wed,3,0,1
2016-08-25,2016,Q3,Q3 2016,8,August,Aug,2016-08,201608,25,Thursday,Thu,4,0,1
2016-08-26,2016,Q3,Q3 2016,8,August,Aug,2016-08,201608,26,Friday,Fri,5,0,1
2016-08-27,2016,Q3,Q3 2016,8,August,Aug,2016-08,201608,27,Saturday,Sat,6,1,0
2016-08-28,2016,Q3,Q3 2016,8,August,Aug,2016-08,201608,28,Sunday,Sun,7,1,0
2016-08-29,2016,Q3,Q3 2016,8,August,Aug,2016-08,201608,29,Monday,Mon,1,0,1
2016-08-30,2016,Q3,Q3 2016,8,August,Aug,2016-08,201608,30,Tuesday,Tue,2,0,1
2016-08-31,2016,Q3,Q3 2016,8,August,Aug,2016-08,201608,31,Wednesday,Wed,3,0,1
2016-09-01,2016,Q3,Q3 2016,9,September,Sep,2016-09,201609,1,Thursday,Thu,4,0,1
2016-09-02,2016,Q3,Q3 2016,9,September,Sep,2016-09,201609,2,Friday,Fri,5,0,1
2016-09-03,2016,Q3,Q3 2016,9,September,Sep,2016-09,201609,3,Saturday,Sat,6,1,0
2016-09-04,2016,Q3,Q3 2016,9,September,Sep,2016-09,201609,4,Sunday,Sun,7,1,0
2016-09-05,2016,Q3,Q3 2016,9,September,Sep,2016-09,201609,5,Monday,Mon,1,0,0
2016-09-06,2016,Q3,Q3 2016,9,September,Sep,2016-09,201609,6,Tuesday,Tue,2,0,1
2016-09-07,2016,Q3,Q3 2016,9,September,Sep,2016-09,201609,7,Wednesday,Wed,3,0,1
2016-09-08,2016,Q3,Q3 2016,9,September,Sep,2016-09,201609,8,Thursday,Thu,4,0,1
2016-09-09,2016,Q3,Q3 2016,9,September,Sep,2016-09,201609,9,Friday,Fri,5,0,1
2016-09-10,2016,Q3,Q3 2016,9,September,Sep,2016-09,201609,10,Saturday,Sat,6,1,0
2016-09-11,2016,Q3,Q3 2016,9,September,Sep,2016-09,201609,11,Sunday,Sun,7,1,0
2016-09-12,2016,Q3,Q3 2016,9,September,Sep,2016-09,201609,12,Monday,Mon,1,0,1
2016-09-13,2016,Q3,Q3 2016,9,September,Sep,2016-09,201609,13,Tuesday,Tue,2,0,0
2016-09-14,2016,Q3,Q3 2016,9,September,Sep,2016-09,201609,14,Wednesday,Wed,3,0,1
2016-09-15,2016,Q3,Q3 2016,9,September,Sep,2016-09,201609,15,Thursday,Thu,4,0,1
2016-09-16,2016,Q3,Q3 2016,9,September,Sep,2016-09,201609,16,Friday,Fri,5,0,1
2016-09-17,2016,Q3,Q3 2016,9,September,Sep,2016-09,201609,17,Saturday,Sat,6,1,0
2016-09-18,2016,Q3,Q3 2016,9,September,Sep,2016-09,201609,18,Sunday,Sun,7,1,0
2016-09-19,2016,Q3,Q3 2016,9,September,Sep,2016-09,201609,19,Monday,Mon,1,0,1
2016-09-20,2016,Q3,Q3 2016,9,September,Sep,2016-09,201609,20,Tuesday,Tue,2,0,1
2016-09-21,2016,Q3,Q3 2016,9,September,Sep,2016-09,201609,21,Wednesday,Wed,3,0,1
2016-09-22,2016,Q3,Q3 2016,9,September,Sep,2016-09,201609,22,Thursday,Thu,4,0,1
2016-09-23,2016,Q3,Q3 2016,9,September,Sep,2016-09,201609,23,Friday,Fri,5,0,1
2016-09-24,2016,Q3,Q3 2016,9,September,Sep,2016-09,201609,24,Saturday,Sat,6,1,0
2016-09-25,2016,Q3,Q3 2016,9,September,Sep,2016-09,201609,25,Sunday,Sun,7,1,0
2016-09-26,2016,Q3,Q3 2016,9,September,Sep,2016-09,201609,26,Monday,Mon,1,0,1
2016-09-27,2016,Q3,Q3 2016,9,September,Sep,2016-09,201609,27,Tuesday,Tue,2,0,1
2016-09-28,2016,Q3,Q3 2016,9,September,Sep,2016-09,201609,28,Wednesday,Wed,3,0,1
2016-09-29,2016,Q3,Q3 2016,9,September,Sep,2016-09,201609,29,Thursday,Thu,4,0,1
2016-09-30,2016,Q3,Q3 2016,9,September,Sep,2016-09,201609,30,Friday,Fri,5,0,1
2016-10-01,2016,Q4,Q4 2016,10,October,Oct,2016-10,201610,1,Saturday,Sat,6,1,0
2016-10-02,2016,Q4,Q4 2016,10,October,Oct,2016-10,201610,2,Sunday,Sun,7,1,0
2016-10-03,2016,Q4,Q4 2016,10,October,Oct,2016-10,201610,3,Monday,Mon,1,0,1
2016-10-04,2016,Q4,Q4 2016,10,October,Oct,2016-10,201610,4,Tuesday,Tue,2,0,1
2016-10-05,2016,Q4,Q4 2016,10,October,Oct,2016-10,201610,5,Wednesday,Wed,3,0,1
2016-10-06,2016,Q4,Q4 2016,10,October,Oct,2016-10,201610,6,Thursday,Thu,4,0,1
2016-10-07,2016,Q4,Q4 2016,10,October,Oct,2016-10,201610,7,Friday,Fri,5,0,1
2016-10-08,2016,Q4,Q4 2016,10,October,Oct,2016-10,201610,8,Saturday,Sat,6,1,0
2016-10-09,2016,Q4,Q4 2016,10,October,Oct,2016-10,201610,9,Sunday,Sun,7,1,0
2016-10-10,2016,Q4,Q4 2016,10,October,Oct,2016-10,201610,10,Monday,Mon,1,0,1
2016-10-11,2016,Q4,Q4 2016,10,October,Oct,2016-10,201610,11,Tuesday,Tue,2,0,0
2016-10-12,2016,Q4,Q4 2016,10,October,Oct,2016-10,201610,12,Wednesday,Wed,3,0,0
2016-10-13,2016,Q4,Q4 2016,10,October,Oct,2016-10,201610,13,Thursday,Thu,4,0,1
2016-10-14,2016,Q4,Q4 2016,10,October,Oct,2016-10,201610,14,Friday,Fri,5,0,1
2016-10-15,2016,Q4,Q4 2016,10,October,Oct,2016-10,201610,15,Saturday,Sat,6,1,0
2016-10-16,2016,Q4,Q4 2016,10,October,Oct,2016-10,201610,16,Sunday,Sun,7,1,0
2016-10-17,2016,Q4,Q4 2016,10,October,Oct,2016-10,201610,17,Monday,Mon,1,0,1
2016-10-18,2016,Q4,Q4 2016,10,October,Oct,2016-10,201610,18,Tuesday,Tue,2,0,1
2016-10-19,2016,Q4,Q4 2016,10,October,Oct,2016-10,201610,19,Wednesday,Wed,3,0,1
2016-10-20,2016,Q4,Q4 2016,10,October,Oct,2016-10,201610,20,Thursday,Thu,4,0,1
2016-10-21,2016,Q4,Q4 2016,10,October,Oct,2016-10,201610,21,Friday,Fri,5,0,1
2016-10-22,2016,Q4,Q4 2016,10,October,Oct,2016-10,201610,22,Saturday,Sat,6,1,0
2016-10-23,2016,Q4,Q4 2016,10,October,Oct,2016-10,201610,23,Sunday,Sun,7,1,0
2016-10-24,2016,Q4,Q4 2016,10,October,Oct,2016-10,201610,24,Monday,Mon,1,0,1
2016-10-25,2016,Q4,Q4 2016,10,October,Oct,2016-10,201610,25,Tuesday,Tue,2,0,1
2016-10-26,2016,Q4,Q4 2016,10,October,Oct,2016-10,201610,26,Wednesday,Wed,3,0,1
2016-10-27,2016,Q4,Q4 2016,10,October,Oct,2016-10,201610,27,Thursday,Thu,4,0,1
2016-10-28,2016,Q4,Q4 2016,10,October,Oct,2016-10,201610,28,Friday,Fri,5,0,1
2016-10-29,2016,Q4,Q4 2016,10,October,Oct,2016-10,201610,29,Saturday,Sat,6,1,0
2016-10-30,2016,Q4,Q4 2016,10,October,Oct,2016-10,201610,30,Sunday,Sun,7,1,0
2016-10-31,2016,Q4,Q4 2016,10,October,Oct,2016-10,201610,31,Monday,Mon,1,0,0
2016-11-01,2016,Q4,Q4 2016,11,November,Nov,2016-11,201611,1,Tuesday,Tue,2,0,1
2016-11-02,2016,Q4,Q4 2016,11,November,Nov,2016-11,201611,2,Wednesday,Wed,3,0,1
2016-11-03,2016,Q4,Q4 2016,11,November,Nov,2016-11,201611,3,Thursday,Thu,4,0,1
2016-11-04,2016,Q4,Q4 2016,11,November,Nov,2016-11,201611,4,Friday,Fri,5,0,1
2016-11-05,2016,Q4,Q4 2016,11,November,Nov,2016-11,201611,5,Saturday,Sat,6,1,0
2016-11-06,2016,Q4,Q4 2016,11,November,Nov,2016-11,201611,6,Sunday,Sun,7,1,0
2016-11-07,2016,Q4,Q4 2016,11,November,Nov,2016-11,201611,7,Monday,Mon,1,0,1
2016-11-08,2016,Q4,Q4 2016,11,November,Nov,2016-11,201611,8,Tuesday,Tue,2,0,1
2016-11-09,2016,Q4,Q4 2016,11,November,Nov,2016-11,201611,9,Wednesday,Wed,3,0,1
2016-11-10,2016,Q4,Q4 2016,11,November,Nov,2016-11,201611,10,Thursday,Thu,4,0,1
2016-11-11,2016,Q4,Q4 2016,11,November,Nov,2016-11,201611,11,Friday,Fri,5,0,1
2016-11-12,2016,Q4,Q4 2016,11,November,Nov,2016-11,201611,12,Saturday,Sat,6,1,0
2016-11-13,2016,Q4,Q4 2016,11,November,Nov,2016-11,201611,13,Sunday,Sun,7,1,0
2016-11-14,2016,Q4,Q4 2016,11,November,Nov,2016-11,201611,14,Monday,Mon,1,0,0
2016-11-15,2016,Q4,Q4 2016,11,November,Nov,2016-11,201611,15,Tuesday,Tue,2,0,1
2016-11-16,2016,Q4,Q4 2016,11,November,Nov,2016-11,201611,16,Wednesday,Wed,3,0,1
2016-11-17,2016,Q4,Q4 2016,11,November,Nov,2016-11,201611,17,Thursday,Thu,4,0,1
2016-11-18,2016,Q4,Q4 2016,11,November,Nov,2016-11,201611,18,Friday,Fri,5,0,1
2016-11-19,2016,Q4,Q4 2016,11,November,Nov,2016-11,201611,19,Saturday,Sat,6,1,0
2016-11-20,2016,Q4,Q4 2016,11,November,Nov,2016-11,201611,20,Sunday,Sun,7,1,0
2016-11-21,2016,Q4,Q4 2016,11,November,Nov,2016-11,201611,21,Monday,Mon,1,0,1
2016-11-22,2016,Q4,Q4 2016,11,November,Nov,2016-11,201611,22,Tuesday,Tue,2,0,1
2016-11-23,2016,Q4,Q4 2016,11,November,Nov,2016-11,201611,23,Wednesday,Wed,3,0,1
2016-11-24,2016,Q4,Q4 2016,11,November,Nov,2016-11,201611,24,Thursday,Thu,4,0,1
2016-11-25,2016,Q4,Q4 2016,11,November,Nov,2016-11,201611,25,Friday,Fri,5,0,1
2016-11-26,2016,Q4,Q4 2016,11,November,Nov,2016-11,201611,26,Saturday,Sat,6,1,0
2016-11-27,2016,Q4,Q4 2016,11,November,Nov,2016-11,201611,27,Sunday,Sun,7,1,0
2016-11-28,2016,Q4,Q4 2016,11,November,Nov,2016-11,201611,28,Monday,Mon,1,0,1
2016-11-29,2016,Q4,Q4 2016,11,November,Nov,2016-11,201611,29,Tuesday,Tue,2,0,1
2016-11-30,2016,Q4,Q4 2016,11,November,Nov,2016-11,201611,30,Wednesday,Wed,3,0,1
2016-12-01,2016,Q4,Q4 2016,12,December,Dec,2016-12,201612,1,Thursday,Thu,4,0,1
2016-12-02,2016,Q4,Q4 2016,12,December,Dec,2016-12,201612,2,Friday,Fri,5,0,1
2016-12-03,2016,Q4,Q4 2016,12,December,Dec,2016-12,201612,3,Saturday,Sat,6,1,0
2016-12-04,2016,Q4,Q4 2016,12,December,Dec,2016-12,201612,4,Sunday,Sun,7,1,0
2016-12-05,2016,Q4,Q4 2016,12,December,Dec,2016-12,201612,5,Monday,Mon,1,0,1
2016-12-06,2016,Q4,Q4 2016,12,December,Dec,2016-12,201612,6,Tuesday,Tue,2,0,1
2016-12-07,2016,Q4,Q4 2016,12,December,Dec,2016-12,201612,7,Wednesday,Wed,3,0,1
2016-12-08,2016,Q4,Q4 2016,12,December,Dec,2016-12,201612,8,Thursday,Thu,4,0,1
2016-12-09,2016,Q4,Q4 2016,12,December,Dec,2016-12,201612,9,Friday,Fri,5,0,1
2016-12-10,2016,Q4,Q4 2016,12,December,Dec,2016-12,201612,10,Saturday,Sat,6,1,0
2016-12-11,2016,Q4,Q4 2016,12,December,Dec,2016-12,201612,11,Sunday,Sun,7,1,0
2016-12-12,2016,Q4,Q4 2016,12,December,Dec,2016-12,201612,12,Monday,Mon,1,0,1
2016-12-13,2016,Q4,Q4 2016,12,December,Dec,2016-12,201612,13,Tuesday,Tue,2,0,1
2016-12-14,2016,Q4,Q4 2016,12,December,Dec,2016-12,201612,14,Wednesday,Wed,3,0,1
2016-12-15,2016,Q4,Q4 2016,12,December,Dec,2016-12,201612,15,Thursday,Thu,4,0,1
2016-12-16,2016,Q4,Q4 2016,12,December,Dec,2016-12,201612,16,Friday,Fri,5,0,1
2016-12-17,2016,Q4,Q4 2016,12,December,Dec,2016-12,201612,17,Saturday,Sat,6,1,0
2016-12-18,2016,Q4,Q4 2016,12,December,Dec,2016-12,201612,18,Sunday,Sun,7,1,0
2016-12-19,2016,Q4,Q4 2016,12,December,Dec,2016-12,201612,19,Monday,Mon,1,0,1
2016-12-20,2016,Q4,Q4 2016,12,December,Dec,2016-12,201612,20,Tuesday,Tue,2,0,1
2016-12-21,2016,Q4,Q4 2016,12,December,Dec,2016-12,201612,21,Wednesday,Wed,3,0,1
2016-12-22,2016,Q4,Q4 2016,12,December,Dec,2016-12,201612,22,Thursday,Thu,4,0,1
2016-12-23,2016,Q4,Q4 2016,12,December,Dec,2016-12,201612,23,Friday,Fri,5,0,1
2016-12-24,2016,Q4,Q4 2016,12,December,Dec,2016-12,201612,24,Saturday,Sat,6,1,0
2016-12-25,2016,Q4,Q4 2016,12,December,Dec,2016-12,201612,25,Sunday,Sun,7,1,0
2016-12-26,2016,Q4,Q4 2016,12,December,Dec,2016-12,201612,26,Monday,Mon,1,0,1
2016-12-27,2016,Q4,Q4 2016,12,December,Dec,2016-12,201612,27,Tuesday,Tue,2,0,1
2016-12-28,2016,Q4,Q4 2016,12,December,Dec,2016-12,201612,28,Wednesday,Wed,3,0,1
2016-12-29,2016,Q4,Q4 2016,12,December,Dec,2016-12,201612,29,Thursday,Thu,4,0,1
2016-12-30,2016,Q4,Q4 2016,12,December,Dec,2016-12,201612,30,Friday,Fri,5,0,1
2016-12-31,2016,Q4,Q4 2016,12,December,Dec,2016-12,201612,31,Saturday,Sat,6,1,0
2017-01-01,2017,Q1,Q1 2017,1,January,Jan,2017-01,201701,1,Sunday,Sun,7,1,0
2017-01-02,2017,Q1,Q1 2017,1,January,Jan,2017-01,201701,2,Monday,Mon,1,0,1
2017-01-03,2017,Q1,Q1 2017,1,January,Jan,2017-01,201701,3,Tuesday,Tue,2,0,1
2017-01-04,2017,Q1,Q1 2017,1,January,Jan,2017-01,201701,4,Wednesday,Wed,3,0,1
2017-01-05,2017,Q1,Q1 2017,1,January,Jan,2017-01,201701,5,Thursday,Thu,4,0,1
2017-01-06,2017,Q1,Q1 2017,1,January,Jan,2017-01,201701,6,Friday,Fri,5,0,1
2017-01-07,2017,Q1,Q1 2017,1,January,Jan,2017-01,201701,7,Saturday,Sat,6,1,0
2017-01-08,2017,Q1,Q1 2017,1,January,Jan,2017-01,201701,8,Sunday,Sun,7,1,0
2017-01-09,2017,Q1,Q1 2017,1,January,Jan,2017-01,201701,9,Monday,Mon,1,0,1
2017-01-10,2017,Q1,Q1 2017,1,January,Jan,2017-01,201701,10,Tuesday,Tue,2,0,1
2017-01-11,2017,Q1,Q1 2017,1,January,Jan,2017-01,201701,11,Wednesday,Wed,3,0,1
2017-01-12,2017,Q1,Q1 2017,1,January,Jan,2017-01,201701,12,Thursday,Thu,4,0,1
2017-01-13,2017,Q1,Q1 2017,1,January,Jan,2017-01,201701,13,Friday,Fri,5,0,1
2017-01-14,2017,Q1,Q1 2017,1,January,Jan,2017-01,201701,14,Saturday,Sat,6,1,0
2017-01-15,2017,Q1,Q1 2017,1,January,Jan,2017-01,201701,15,Sunday,Sun,7,1,0
2017-01-16,2017,Q1,Q1 2017,1,January,Jan,2017-01,201701,16,Monday,Mon,1,0,1
2017-01-17,2017,Q1,Q1 2017,1,January,Jan,2017-01,201701,17,Tuesday,Tue,2,0,1
2017-01-18,2017,Q1,Q1 2017,1,January,Jan,2017-01,201701,18,Wednesday,Wed,3,0,1
2017-01-19,2017,Q1,Q1 2017,1,January,Jan,2017-01,201701,19,Thursday,Thu,4,0,1
2017-01-20,2017,Q1,Q1 2017,1,January,Jan,2017-01,201701,20,Friday,Fri,5,0,1
2017-01-21,2017,Q1,Q1 2017,1,January,Jan,2017-01,201701,21,Saturday,Sat,6,1,0
2017-01-22,2017,Q1,Q1 2017,1,January,Jan,2017-01,201701,22,Sunday,Sun,7,1,0
2017-01-23,2017,Q1,Q1 2017,1,January,Jan,2017-01,201701,23,Monday,Mon,1,0,1
2017-01-24,2017,Q1,Q1 2017,1,January,Jan,2017-01,201701,24,Tuesday,Tue,2,0,1
2017-01-25,2017,Q1,Q1 2017,1,January,Jan,2017-01,201701,25,Wednesday,Wed,3,0,1
2017-01-26,2017,Q1,Q1 2017,1,January,Jan,2017-01,201701,26,Thursday,Thu,4,0,0
2017-01-27,2017,Q1,Q1 2017,1,January,Jan,2017-01,201701,27,Friday,Fri,5,0,1
2017-01-28,2017,Q1,Q1 2017,1,January,Jan,2017-01,201701,28,Saturday,Sat,6,1,0
2017-01-29,2017,Q1,Q1 2017,1,January,Jan,2017-01,201701,29,Sunday,Sun,7,1,0
2017-01-30,2017,Q1,Q1 2017,1,January,Jan,2017-01,201701,30,Monday,Mon,1,0,1
2017-01-31,2017,Q1,Q1 2017,1,January,Jan,2017-01,201701,31,Tuesday,Tue,2,0,1
2017-02-01,2017,Q1,Q1 2017,2,February,Feb,2017-02,201702,1,Wednesday,Wed,3,0,1
2017-02-02,2017,Q1,Q1 2017,2,February,Feb,2017-02,201702,2,Thursday,Thu,4,0,1
2017-02-03,2017,Q1,Q1 2017,2,February,Feb,2017-02,201702,3,Friday,Fri,5,0,1
2017-02-04,2017,Q1,Q1 2017,2,February,Feb,2017-02,201702,4,Saturday,Sat,6,1,0
2017-02-05,2017,Q1,Q1 2017,2,February,Feb,2017-02,201702,5,Sunday,Sun,7,1,0
2017-02-06,2017,Q1,Q1 2017,2,February,Feb,2017-02,201702,6,Monday,Mon,1,0,1
2017-02-07,2017,Q1,Q1 2017,2,February,Feb,2017-02,201702,7,Tuesday,Tue,2,0,1
2017-02-08,2017,Q1,Q1 2017,2,February,Feb,2017-02,201702,8,Wednesday,Wed,3,0,1
2017-02-09,2017,Q1,Q1 2017,2,February,Feb,2017-02,201702,9,Thursday,Thu,4,0,1
2017-02-10,2017,Q1,Q1 2017,2,February,Feb,2017-02,201702,10,Friday,Fri,5,0,1
2017-02-11,2017,Q1,Q1 2017,2,February,Feb,2017-02,201702,11,Saturday,Sat,6,1,0
2017-02-12,2017,Q1,Q1 2017,2,February,Feb,2017-02,201702,12,Sunday,Sun,7,1,0
2017-02-13,2017,Q1,Q1 2017,2,February,Feb,2017-02,201702,13,Monday,Mon,1,0,1
2017-02-14,2017,Q1,Q1 2017,2,February,Feb,2017-02,201702,14,Tuesday,Tue,2,0,1
2017-02-15,2017,Q1,Q1 2017,2,February,Feb,2017-02,201702,15,Wednesday,Wed,3,0,1
2017-02-16,2017,Q1,Q1 2017,2,February,Feb,2017-02,201702,16,Thursday,Thu,4,0,1
2017-02-17,2017,Q1,Q1 2017,2,February,Feb,2017-02,201702,17,Friday,Fri,5,0,1
2017-02-18,2017,Q1,Q1 2017,2,February,Feb,2017-02,201702,18,Saturday,Sat,6,1,0
2017-02-19,2017,Q1,Q1 2017,2,February,Feb,2017-02,201702,19,Sunday,Sun,7,1,0
2017-02-20,2017,Q1,Q1 2017,2,February,Feb,2017-02,201702,20,Monday,Mon,1,0,1
2017-02-21,2017,Q1,Q1 2017,2,February,Feb,2017-02,201702,21,Tuesday,Tue,2,0,1
2017-02-22,2017,Q1,Q1 2017,2,February,Feb,2017-02,201702,22,Wednesday,Wed,3,0,1
2017-02-23,2017,Q1,Q1 2017,2,February,Feb,2017-02,201702,23,Thursday,Thu,4,0,1
2017-02-24,2017,Q1,Q1 2017,2,February,Feb,2017-02,201702,24,Friday,Fri,5,0,0
2017-02-25,2017,Q1,Q1 2017,2,February,Feb,2017-02,201702,25,Saturday,Sat,6,1,0
2017-02-26,2017,Q1,Q1 2017,2,February,Feb,2017-02,201702,26,Sunday,Sun,7,1,0
2017-02-27,2017,Q1,Q1 2017,2,February,Feb,2017-02,201702,27,Monday,Mon,1,0,1
2017-02-28,2017,Q1,Q1 2017,2,February,Feb,2017-02,201702,28,Tuesday,Tue,2,0,1
2017-03-01,2017,Q1,Q1 2017,3,March,Mar,2017-03,201703,1,Wednesday,Wed,3,0,1
2017-03-02,2017,Q1,Q1 2017,3,March,Mar,2017-03,201703,2,Thursday,Thu,4,0,1
2017-03-03,2017,Q1,Q1 2017,3,March,Mar,2017-03,201703,3,Friday,Fri,5,0,1
2017-03-04,2017,Q1,Q1 2017,3,March,Mar,2017-03,201703,4,Saturday,Sat,6,1,0
2017-03-05,2017,Q1,Q1 2017,3,March,Mar,2017-03,201703,5,Sunday,Sun,7,1,0
2017-03-06,2017,Q1,Q1 2017,3,March,Mar,2017-03,201703,6,Monday,Mon,1,0,1
2017-03-07,2017,Q1,Q1 2017,3,March,Mar,2017-03,201703,7,Tuesday,Tue,2,0,1
2017-03-08,2017,Q1,Q1 2017,3,March,Mar,2017-03,201703,8,Wednesday,Wed,3,0,1
2017-03-09,2017,Q1,Q1 2017,3,March,Mar,2017-03,201703,9,Thursday,Thu,4,0,1
2017-03-10,2017,Q1,Q1 2017,3,March,Mar,2017-03,201703,10,Friday,Fri,5,0,1
2017-03-11,2017,Q1,Q1 2017,3,March,Mar,2017-03,201703,11,Saturday,Sat,6,1,0
2017-03-12,2017,Q1,Q1 2017,3,March,Mar,2017-03,201703,12,Sunday,Sun,7,1,0
2017-03-13,2017,Q1,Q1 2017,3,March,Mar,2017-03,201703,13,Monday,Mon,1,0,0
2017-03-14,2017,Q1,Q1 2017,3,March,Mar,2017-03,201703,14,Tuesday,Tue,2,0,1
2017-03-15,2017,Q1,Q1 2017,3,March,Mar,2017-03,201703,15,Wednesday,Wed,3,0,1
2017-03-16,2017,Q1,Q1 2017,3,March,Mar,2017-03,201703,16,Thursday,Thu,4,0,1
2017-03-17,2017,Q1,Q1 2017,3,March,Mar,2017-03,201703,17,Friday,Fri,5,0,1
2017-03-18,2017,Q1,Q1 2017,3,March,Mar,2017-03,201703,18,Saturday,Sat,6,1,0
2017-03-19,2017,Q1,Q1 2017,3,March,Mar,2017-03,201703,19,Sunday,Sun,7,1,0
2017-03-20,2017,Q1,Q1 2017,3,March,Mar,2017-03,201703,20,Monday,Mon,1,0,1
2017-03-21,2017,Q1,Q1 2017,3,March,Mar,2017-03,201703,21,Tuesday,Tue,2,0,1
2017-03-22,2017,Q1,Q1 2017,3,March,Mar,2017-03,201703,22,Wednesday,Wed,3,0,1
2017-03-23,2017,Q1,Q1 2017,3,March,Mar,2017-03,201703,23,Thursday,Thu,4,0,1
2017-03-24,2017,Q1,Q1 2017,3,March,Mar,2017-03,201703,24,Friday,Fri,5,0,1
2017-03-25,2017,Q1,Q1 2017,3,March,Mar,2017-03,201703,25,Saturday,Sat,6,1,0
2017-03-26,2017,Q1,Q1 2017,3,March,Mar,2017-03,201703,26,Sunday,Sun,7,1,0
2017-03-27,2017,Q1,Q1 2017,3,March,Mar,2017-03,201703,27,Monday,Mon,1,0,1
2017-03-28,2017,Q1,Q1 2017,3,March,Mar,2017-03,201703,28,Tuesday,Tue,2,0,1
2017-03-29,2017,Q1,Q1 2017,3,March,Mar,2017-03,201703,29,Wednesday,Wed,3,0,1
2017-03-30,2017,Q1,Q1 2017,3,March,Mar,2017-03,201703,30,Thursday,Thu,4,0,1
2017-03-31,2017,Q1,Q1 2017,3,March,Mar,2017-03,201703,31,Friday,Fri,5,0,1
2017-04-01,2017,Q2,Q2 2017,4,April,Apr,2017-04,201704,1,Saturday,Sat,6,1,0
2017-04-02,2017,Q2,Q2 2017,4,April,Apr,2017-04,201704,2,Sunday,Sun,7,1,0
2017-04-03,2017,Q2,Q2 2017,4,April,Apr,2017-04,201704,3,Monday,Mon,1,0,1
2017-04-04,2017,Q2,Q2 2017,4,April,Apr,2017-04,201704,4,Tuesday,Tue,2,0,0
2017-04-05,2017,Q2,Q2 2017,4,April,Apr,2017-04,201704,5,Wednesday,Wed,3,0,1
2017-04-06,2017,Q2,Q2 2017,4,April,Apr,2017-04,201704,6,Thursday,Thu,4,0,1
2017-04-07,2017,Q2,Q2 2017,4,April,Apr,2017-04,201704,7,Friday,Fri,5,0,1
2017-04-08,2017,Q2,Q2 2017,4,April,Apr,2017-04,201704,8,Saturday,Sat,6,1,0
2017-04-09,2017,Q2,Q2 2017,4,April,Apr,2017-04,201704,9,Sunday,Sun,7,1,0
2017-04-10,2017,Q2,Q2 2017,4,April,Apr,2017-04,201704,10,Monday,Mon,1,0,1
2017-04-11,2017,Q2,Q2 2017,4,April,Apr,2017-04,201704,11,Tuesday,Tue,2,0,1
2017-04-12,2017,Q2,Q2 2017,4,April,Apr,2017-04,201704,12,Wednesday,Wed,3,0,1
2017-04-13,2017,Q2,Q2 2017,4,April,Apr,2017-04,201704,13,Thursday,Thu,4,0,1
2017-04-14,2017,Q2,Q2 2017,4,April,Apr,2017-04,201704,14,Friday,Fri,5,0,0
2017-04-15,2017,Q2,Q2 2017,4,April,Apr,2017-04,201704,15,Saturday,Sat,6,1,0
2017-04-16,2017,Q2,Q2 2017,4,April,Apr,2017-04,201704,16,Sunday,Sun,7,1,0
2017-04-17,2017,Q2,Q2 2017,4,April,Apr,2017-04,201704,17,Monday,Mon,1,0,1
2017-04-18,2017,Q2,Q2 2017,4,April,Apr,2017-04,201704,18,Tuesday,Tue,2,0,1
2017-04-19,2017,Q2,Q2 2017,4,April,Apr,2017-04,201704,19,Wednesday,Wed,3,0,1
2017-04-20,2017,Q2,Q2 2017,4,April,Apr,2017-04,201704,20,Thursday,Thu,4,0,1
2017-04-21,2017,Q2,Q2 2017,4,April,Apr,2017-04,201704,21,Friday,Fri,5,0,1
2017-04-22,2017,Q2,Q2 2017,4,April,Apr,2017-04,201704,22,Saturday,Sat,6,1,0
2017-04-23,2017,Q2,Q2 2017,4,April,Apr,2017-04,201704,23,Sunday,Sun,7,1,0
2017-04-24,2017,Q2,Q2 2017,4,April,Apr,2017-04,201704,24,Monday,Mon,1,0,1
2017-04-25,2017,Q2,Q2 2017,4,April,Apr,2017-04,201704,25,Tuesday,Tue,2,0,1
2017-04-26,2017,Q2,Q2 2017,4,April,Apr,2017-04,201704,26,Wednesday,Wed,3,0,1
2017-04-27,2017,Q2,Q2 2017,4,April,Apr,2017-04,201704,27,Thursday,Thu,4,0,1
2017-04-28,2017,Q2,Q2 2017,4,April,Apr,2017-04,201704,28,Friday,Fri,5,0,1
2017-04-29,2017,Q2,Q2 2017,4,April,Apr,2017-04,201704,29,Saturday,Sat,6,1,0
2017-04-30,2017,Q2,Q2 2017,4,April,Apr,2017-04,201704,30,Sunday,Sun,7,1,0
2017-05-01,2017,Q2,Q2 2017,5,May,May,2017-05,201705,1,Monday,Mon,1,0,0
2017-05-02,2017,Q2,Q2 2017,5,May,May,2017-05,201705,2,Tuesday,Tue,2,0,1
2017-05-03,2017,Q2,Q2 2017,5,May,May,2017-05,201705,3,Wednesday,Wed,3,0,1
2017-05-04,2017,Q2,Q2 2017,5,May,May,2017-05,201705,4,Thursday,Thu,4,0,1
2017-05-05,2017,Q2,Q2 2017,5,May,May,2017-05,201705,5,Friday,Fri,5,0,1
2017-05-06,2017,Q2,Q2 2017,5,May,May,2017-05,201705,6,Saturday,Sat,6,1,0
2017-05-07,2017,Q2,Q2 2017,5,May,May,2017-05,201705,7,Sunday,Sun,7,1,0
2017-05-08,2017,Q2,Q2 2017,5,May,May,2017-05,201705,8,Monday,Mon,1,0,1
2017-05-09,2017,Q2,Q2 2017,5,May,May,2017-05,201705,9,Tuesday,Tue,2,0,1
2017-05-10,2017,Q2,Q2 2017,5,May,May,2017-05,201705,10,Wednesday,Wed,3,0,1
2017-05-11,2017,Q2,Q2 2017,5,May,May,2017-05,201705,11,Thursday,Thu,4,0,1
2017-05-12,2017,Q2,Q2 2017,5,May,May,2017-05,201705,12,Friday,Fri,5,0,1
2017-05-13,2017,Q2,Q2 2017,5,May,May,2017-05,201705,13,Saturday,Sat,6,1,0
2017-05-14,2017,Q2,Q2 2017,5,May,May,2017-05,201705,14,Sunday,Sun,7,1,0
2017-05-15,2017,Q2,Q2 2017,5,May,May,2017-05,201705,15,Monday,Mon,1,0,1
2017-05-16,2017,Q2,Q2 2017,5,May,May,2017-05,201705,16,Tuesday,Tue,2,0,1
2017-05-17,2017,Q2,Q2 2017,5,May,May,2017-05,201705,17,Wednesday,Wed,3,0,1
2017-05-18,2017,Q2,Q2 2017,5,May,May,2017-05,201705,18,Thursday,Thu,4,0,1
2017-05-19,2017,Q2,Q2 2017,5,May,May,2017-05,201705,19,Friday,Fri,5,0,1
2017-05-20,2017,Q2,Q2 2017,5,May,May,2017-05,201705,20,Saturday,Sat,6,1,0
2017-05-21,2017,Q2,Q2 2017,5,May,May,2017-05,201705,21,Sunday,Sun,7,1,0
2017-05-22,2017,Q2,Q2 2017,5,May,May,2017-05,201705,22,Monday,Mon,1,0,1
2017-05-23,2017,Q2,Q2 2017,5,May,May,2017-05,201705,23,Tuesday,Tue,2,0,1
2017-05-24,2017,Q2,Q2 2017,5,May,May,2017-05,201705,24,Wednesday,Wed,3,0,1
2017-05-25,2017,Q2,Q2 2017,5,May,May,2017-05,201705,25,Thursday,Thu,4,0,1
2017-05-26,2017,Q2,Q2 2017,5,May,May,2017-05,201705,26,Friday,Fri,5,0,1
2017-05-27,2017,Q2,Q2 2017,5,May,May,2017-05,201705,27,Saturday,Sat,6,1,0
2017-05-28,2017,Q2,Q2 2017,5,May,May,2017-05,201705,28,Sunday,Sun,7,1,0
2017-05-29,2017,Q2,Q2 2017,5,May,May,2017-05,201705,29,Monday,Mon,1,0,1
2017-05-30,2017,Q2,Q2 2017,5,May,May,2017-05,201705,30,Tuesday,Tue,2,0,1
2017-05-31,2017,Q2,Q2 2017,5,May,May,2017-05,201705,31,Wednesday,Wed,3,0,1
2017-06-01,2017,Q2,Q2 2017,6,June,Jun,2017-06,201706,1,Thursday,Thu,4,0,1
2017-06-02,2017,Q2,Q2 2017,6,June,Jun,2017-06,201706,2,Friday,Fri,5,0,1
2017-06-03,2017,Q2,Q2 2017,6,June,Jun,2017-06,201706,3,Saturday,Sat,6,1,0
2017-06-04,2017,Q2,Q2 2017,6,June,Jun,2017-06,201706,4,Sunday,Sun,7,1,0
2017-06-05,2017,Q2,Q2 2017,6,June,Jun,2017-06,201706,5,Monday,Mon,1,0,1
2017-06-06,2017,Q2,Q2 2017,6,June,Jun,2017-06,201706,6,Tuesday,Tue,2,0,1
2017-06-07,2017,Q2,Q2 2017,6,June,Jun,2017-06,201706,7,Wednesday,Wed,3,0,1
2017-06-08,2017,Q2,Q2 2017,6,June,Jun,2017-06,201706,8,Thursday,Thu,4,0,1
2017-06-09,2017,Q2,Q2 2017,6,June,Jun,2017-06,201706,9,Friday,Fri,5,0,1
2017-06-10,2017,Q2,Q2 2017,6,June,Jun,2017-06,201706,10,Saturday,Sat,6,1,0
2017-06-11,2017,Q2,Q2 2017,6,June,Jun,2017-06,201706,11,Sunday,Sun,7,1,0
2017-06-12,2017,Q2,Q2 2017,6,June,Jun,2017-06,201706,12,Monday,Mon,1,0,1
2017-06-13,2017,Q2,Q2 2017,6,June,Jun,2017-06,201706,13,Tuesday,Tue,2,0,1
2017-06-14,2017,Q2,Q2 2017,6,June,Jun,2017-06,201706,14,Wednesday,Wed,3,0,1
2017-06-15,2017,Q2,Q2 2017,6,June,Jun,2017-06,201706,15,Thursday,Thu,4,0,1
2017-06-16,2017,Q2,Q2 2017,6,June,Jun,2017-06,201706,16,Friday,Fri,5,0,1
2017-06-17,2017,Q2,Q2 2017,6,June,Jun,2017-06,201706,17,Saturday,Sat,6,1,0
2017-06-18,2017,Q2,Q2 2017,6,June,Jun,2017-06,201706,18,Sunday,Sun,7,1,0
2017-06-19,2017,Q2,Q2 2017,6,June,Jun,2017-06,201706,19,Monday,Mon,1,0,1
2017-06-20,2017,Q2,Q2 2017,6,June,Jun,2017-06,201706,20,Tuesday,Tue,2,0,1
2017-06-21,2017,Q2,Q2 2017,6,June,Jun,2017-06,201706,21,Wednesday,Wed,3,0,1
2017-06-22,2017,Q2,Q2 2017,6,June,Jun,2017-06,201706,22,Thursday,Thu,4,0,1
2017-06-23,2017,Q2,Q2 2017,6,June,Jun,2017-06,201706,23,Friday,Fri,5,0,1
2017-06-24,2017,Q2,Q2 2017,6,June,Jun,2017-06,201706,24,Saturday,Sat,6,1,0
2017-06-25,2017,Q2,Q2 2017,6,June,Jun,2017-06,201706,25,Sunday,Sun,7,1,0
2017-06-26,2017,Q2,Q2 2017,6,June,Jun,2017-06,201706,26,Monday,Mon,1,0,0
2017-06-27,2017,Q2,Q2 2017,6,June,Jun,2017-06,201706,27,Tuesday,Tue,2,0,1
2017-06-28,2017,Q2,Q2 2017,6,June,Jun,2017-06,201706,28,Wednesday,Wed,3,0,1
2017-06-29,2017,Q2,Q2 2017,6,June,Jun,2017-06,201706,29,Thursday,Thu,4,0,1
2017-06-30,2017,Q2,Q2 2017,6,June,Jun,2017-06,201706,30,Friday,Fri,5,0,1
2017-07-01,2017,Q3,Q3 2017,7,July,Jul,2017-07,201707,1,Saturday,Sat,6,1,0
2017-07-02,2017,Q3,Q3 2017,7,July,Jul,2017-07,201707,2,Sunday,Sun,7,1,0
2017-07-03,2017,Q3,Q3 2017,7,July,Jul,2017-07,201707,3,Monday,Mon,1,0,1
2017-07-04,2017,Q3,Q3 2017,7,July,Jul,2017-07,201707,4,Tuesday,Tue,2,0,1
2017-07-05,2017,Q3,Q3 2017,7,July,Jul,2017-07,201707,5,Wednesday,Wed,3,0,1
2017-07-06,2017,Q3,Q3 2017,7,July,Jul,2017-07,201707,6,Thursday,Thu,4,0,1
2017-07-07,2017,Q3,Q3 2017,7,July,Jul,2017-07,201707,7,Friday,Fri,5,0,1
2017-07-08,2017,Q3,Q3 2017,7,July,Jul,2017-07,201707,8,Saturday,Sat,6,1,0
2017-07-09,2017,Q3,Q3 2017,7,July,Jul,2017-07,201707,9,Sunday,Sun,7,1,0
2017-07-10,2017,Q3,Q3 2017,7,July,Jul,2017-07,201707,10,Monday,Mon,1,0,1
2017-07-11,2017,Q3,Q3 2017,7,July,Jul,2017-07,201707,11,Tuesday,Tue,2,0,1
2017-07-12,2017,Q3,Q3 2017,7,July,Jul,2017-07,201707,12,Wednesday,Wed,3,0,1
2017-07-13,2017,Q3,Q3 2017,7,July,Jul,2017-07,201707,13,Thursday,Thu,4,0,1
2017-07-14,2017,Q3,Q3 2017,7,July,Jul,2017-07,201707,14,Friday,Fri,5,0,1
2017-07-15,2017,Q3,Q3 2017,7,July,Jul,2017-07,201707,15,Saturday,Sat,6,1,0
2017-07-16,2017,Q3,Q3 2017,7,July,Jul,2017-07,201707,16,Sunday,Sun,7,1,0
2017-07-17,2017,Q3,Q3 2017,7,July,Jul,2017-07,201707,17,Monday,Mon,1,0,1
2017-07-18,2017,Q3,Q3 2017,7,July,Jul,2017-07,201707,18,Tuesday,Tue,2,0,1
2017-07-19,2017,Q3,Q3 2017,7,July,Jul,2017-07,201707,19,Wednesday,Wed,3,0,1
2017-07-20,2017,Q3,Q3 2017,7,July,Jul,2017-07,201707,20,Thursday,Thu,4,0,1
2017-07-21,2017,Q3,Q3 2017,7,July,Jul,2017-07,201707,21,Friday,Fri,5,0,1
2017-07-22,2017,Q3,Q3 2017,7,July,Jul,2017-07,201707,22,Saturday,Sat,6,1,0
2017-07-23,2017,Q3,Q3 2017,7,July,Jul,2017-07,201707,23,Sunday,Sun,7,1,0
2017-07-24,2017,Q3,Q3 2017,7,July,Jul,2017-07,201707,24,Monday,Mon,1,0,1
2017-07-25,2017,Q3,Q3 2017,7,July,Jul,2017-07,201707,25,Tuesday,Tue,2,0,1
2017-07-26,2017,Q3,Q3 2017,7,July,Jul,2017-07,201707,26,Wednesday,Wed,3,0,1
2017-07-27,2017,Q3,Q3 2017,7,July,Jul,2017-07,201707,27,Thursday,Thu,4,0,1
2017-07-28,2017,Q3,Q3 2017,7,July,Jul,2017-07,201707,28,Friday,Fri,5,0,1
2017-07-29,2017,Q3,Q3 2017,7,July,Jul,2017-07,201707,29,Saturday,Sat,6,1,0
2017-07-30,2017,Q3,Q3 2017,7,July,Jul,2017-07,201707,30,Sunday,Sun,7,1,0
2017-07-31,2017,Q3,Q3 2017,7,July,Jul,2017-07,201707,31,Monday,Mon,1,0,1
2017-08-01,2017,Q3,Q3 2017,8,August,Aug,2017-08,201708,1,Tuesday,Tue,2,0,1
2017-08-02,2017,Q3,Q3 2017,8,August,Aug,2017-08,201708,2,Wednesday,Wed,3,0,1
2017-08-03,2017,Q3,Q3 2017,8,August,Aug,2017-08,201708,3,Thursday,Thu,4,0,1
2017-08-04,2017,Q3,Q3 2017,8,August,Aug,2017-08,201708,4,Friday,Fri,5,0,1
2017-08-05,2017,Q3,Q3 2017,8,August,Aug,2017-08,201708,5,Saturday,Sat,6,1,0
2017-08-06,2017,Q3,Q3 2017,8,August,Aug,2017-08,201708,6,Sunday,Sun,7,1,0
2017-08-07,2017,Q3,Q3 2017,8,August,Aug,2017-08,201708,7,Monday,Mon,1,0,1
2017-08-08,2017,Q3,Q3 2017,8,August,Aug,2017-08,201708,8,Tuesday,Tue,2,0,1
2017-08-09,2017,Q3,Q3 2017,8,August,Aug,2017-08,201708,9,Wednesday,Wed,3,0,1
2017-08-10,2017,Q3,Q3 2017,8,August,Aug,2017-08,201708,10,Thursday,Thu,4,0,1
2017-08-11,2017,Q3,Q3 2017,8,August,Aug,2017-08,201708,11,Friday,Fri,5,0,1
2017-08-12,2017,Q3,Q3 2017,8,August,Aug,2017-08,201708,12,Saturday,Sat,6,1,0
2017-08-13,2017,Q3,Q3 2017,8,August,Aug,2017-08,201708,13,Sunday,Sun,7,1,0
2017-08-14,2017,Q3,Q3 2017,8,August,Aug,2017-08,201708,14,Monday,Mon,1,0,1
2017-08-15,2017,Q3,Q3 2017,8,August,Aug,2017-08,201708,15,Tuesday,Tue,2,0,0
2017-08-16,2017,Q3,Q3 2017,8,August,Aug,2017-08,201708,16,Wednesday,Wed,3,0,1
2017-08-17,2017,Q3,Q3 2017,8,August,Aug,2017-08,201708,17,Thursday,Thu,4,0,1
2017-08-18,2017,Q3,Q3 2017,8,August,Aug,2017-08,201708,18,Friday,Fri,5,0,1
2017-08-19,2017,Q3,Q3 2017,8,August,Aug,2017-08,201708,19,Saturday,Sat,6,1,0
2017-08-20,2017,Q3,Q3 2017,8,August,Aug,2017-08,201708,20,Sunday,Sun,7,1,0
2017-08-21,2017,Q3,Q3 2017,8,August,Aug,2017-08,201708,21,Monday,Mon,1,0,1
2017-08-22,2017,Q3,Q3 2017,8,August,Aug,2017-08,201708,22,Tuesday,Tue,2,0,1
2017-08-23,2017,Q3,Q3 2017,8,August,Aug,2017-08,201708,23,Wednesday,Wed,3,0,1
2017-08-24,2017,Q3,Q3 2017,8,August,Aug,2017-08,201708,24,Thursday,Thu,4,0,1
2017-08-25,2017,Q3,Q3 2017,8,August,Aug,2017-08,201708,25,Friday,Fri,5,0,0
2017-08-26,2017,Q3,Q3 2017,8,August,Aug,2017-08,201708,26,Saturday,Sat,6,1,0
2017-08-27,2017,Q3,Q3 2017,8,August,Aug,2017-08,201708,27,Sunday,Sun,7,1,0
2017-08-28,2017,Q3,Q3 2017,8,August,Aug,2017-08,201708,28,Monday,Mon,1,0,1
2017-08-29,2017,Q3,Q3 2017,8,August,Aug,2017-08,201708,29,Tuesday,Tue,2,0,1
2017-08-30,2017,Q3,Q3 2017,8,August,Aug,2017-08,201708,30,Wednesday,Wed,3,0,1
2017-08-31,2017,Q3,Q3 2017,8,August,Aug,2017-08,201708,31,Thursday,Thu,4,0,1
2017-09-01,2017,Q3,Q3 2017,9,September,Sep,2017-09,201709,1,Friday,Fri,5,0,1
2017-09-02,2017,Q3,Q3 2017,9,September,Sep,2017-09,201709,2,Saturday,Sat,6,1,0
2017-09-03,2017,Q3,Q3 2017,9,September,Sep,2017-09,201709,3,Sunday,Sun,7,1,0
2017-09-04,2017,Q3,Q3 2017,9,September,Sep,2017-09,201709,4,Monday,Mon,1,0,1
2017-09-05,2017,Q3,Q3 2017,9,September,Sep,2017-09,201709,5,Tuesday,Tue,2,0,1
2017-09-06,2017,Q3,Q3 2017,9,September,Sep,2017-09,201709,6,Wednesday,Wed,3,0,1
2017-09-07,2017,Q3,Q3 2017,9,September,Sep,2017-09,201709,7,Thursday,Thu,4,0,1
2017-09-08,2017,Q3,Q3 2017,9,September,Sep,2017-09,201709,8,Friday,Fri,5,0,1
2017-09-09,2017,Q3,Q3 2017,9,September,Sep,2017-09,201709,9,Saturday,Sat,6,1,0
2017-09-10,2017,Q3,Q3 2017,9,September,Sep,2017-09,201709,10,Sunday,Sun,7,1,0
2017-09-11,2017,Q3,Q3 2017,9,September,Sep,2017-09,201709,11,Monday,Mon,1,0,1
2017-09-12,2017,Q3,Q3 2017,9,September,Sep,2017-09,201709,12,Tuesday,Tue,2,0,1
2017-09-13,2017,Q3,Q3 2017,9,September,Sep,2017-09,201709,13,Wednesday,Wed,3,0,1
2017-09-14,2017,Q3,Q3 2017,9,September,Sep,2017-09,201709,14,Thursday,Thu,4,0,1
2017-09-15,2017,Q3,Q3 2017,9,September,Sep,2017-09,201709,15,Friday,Fri,5,0,1
2017-09-16,2017,Q3,Q3 2017,9,September,Sep,2017-09,201709,16,Saturday,Sat,6,1,0
2017-09-17,2017,Q3,Q3 2017,9,September,Sep,2017-09,201709,17,Sunday,Sun,7,1,0
2017-09-18,2017,Q3,Q3 2017,9,September,Sep,2017-09,201709,18,Monday,Mon,1,0,1
2017-09-19,2017,Q3,Q3 2017,9,September,Sep,2017-09,201709,19,Tuesday,Tue,2,0,1
2017-09-20,2017,Q3,Q3 2017,9,September,Sep,2017-09,201709,20,Wednesday,Wed,3,0,1
2017-09-21,2017,Q3,Q3 2017,9,September,Sep,2017-09,201709,21,Thursday,Thu,4,0,1
2017-09-22,2017,Q3,Q3 2017,9,September,Sep,2017-09,201709,22,Friday,Fri,5,0,1
2017-09-23,2017,Q3,Q3 2017,9,September,Sep,2017-09,201709,23,Saturday,Sat,6,1,0
2017-09-24,2017,Q3,Q3 2017,9,September,Sep,2017-09,201709,24,Sunday,Sun,7,1,0
2017-09-25,2017,Q3,Q3 2017,9,September,Sep,2017-09,201709,25,Monday,Mon,1,0,1
2017-09-26,2017,Q3,Q3 2017,9,September,Sep,2017-09,201709,26,Tuesday,Tue,2,0,1
2017-09-27,2017,Q3,Q3 2017,9,September,Sep,2017-09,201709,27,Wednesday,Wed,3,0,1
2017-09-28,2017,Q3,Q3 2017,9,September,Sep,2017-09,201709,28,Thursday,Thu,4,0,1
2017-09-29,2017,Q3,Q3 2017,9,September,Sep,2017-09,201709,29,Friday,Fri,5,0,1
2017-09-30,2017,Q3,Q3 2017,9,September,Sep,2017-09,201709,30,Saturday,Sat,6,1,0
2017-10-01,2017,Q4,Q4 2017,10,October,Oct,2017-10,201710,1,Sunday,Sun,7,1,0
2017-10-02,2017,Q4,Q4 2017,10,October,Oct,2017-10,201710,2,Monday,Mon,1,0,0
2017-10-03,2017,Q4,Q4 2017,10,October,Oct,2017-10,201710,3,Tuesday,Tue,2,0,1
2017-10-04,2017,Q4,Q4 2017,10,October,Oct,2017-10,201710,4,Wednesday,Wed,3,0,1
2017-10-05,2017,Q4,Q4 2017,10,October,Oct,2017-10,201710,5,Thursday,Thu,4,0,1
2017-10-06,2017,Q4,Q4 2017,10,October,Oct,2017-10,201710,6,Friday,Fri,5,0,1
2017-10-07,2017,Q4,Q4 2017,10,October,Oct,2017-10,201710,7,Saturday,Sat,6,1,0
2017-10-08,2017,Q4,Q4 2017,10,October,Oct,2017-10,201710,8,Sunday,Sun,7,1,0
2017-10-09,2017,Q4,Q4 2017,10,October,Oct,2017-10,201710,9,Monday,Mon,1,0,1
2017-10-10,2017,Q4,Q4 2017,10,October,Oct,2017-10,201710,10,Tuesday,Tue,2,0,1
2017-10-11,2017,Q4,Q4 2017,10,October,Oct,2017-10,201710,11,Wednesday,Wed,3,0,1
2017-10-12,2017,Q4,Q4 2017,10,October,Oct,2017-10,201710,12,Thursday,Thu,4,0,1
2017-10-13,2017,Q4,Q4 2017,10,October,Oct,2017-10,201710,13,Friday,Fri,5,0,1
2017-10-14,2017,Q4,Q4 2017,10,October,Oct,2017-10,201710,14,Saturday,Sat,6,1,0
2017-10-15,2017,Q4,Q4 2017,10,October,Oct,2017-10,201710,15,Sunday,Sun,7,1,0
2017-10-16,2017,Q4,Q4 2017,10,October,Oct,2017-10,201710,16,Monday,Mon,1,0,1
2017-10-17,2017,Q4,Q4 2017,10,October,Oct,2017-10,201710,17,Tuesday,Tue,2,0,1
2017-10-18,2017,Q4,Q4 2017,10,October,Oct,2017-10,201710,18,Wednesday,Wed,3,0,1
2017-10-19,2017,Q4,Q4 2017,10,October,Oct,2017-10,201710,19,Thursday,Thu,4,0,1
2017-10-20,2017,Q4,Q4 2017,10,October,Oct,2017-10,201710,20,Friday,Fri,5,0,0
2017-10-21,2017,Q4,Q4 2017,10,October,Oct,2017-10,201710,21,Saturday,Sat,6,1,0
2017-10-22,2017,Q4,Q4 2017,10,October,Oct,2017-10,201710,22,Sunday,Sun,7,1,0
2017-10-23,2017,Q4,Q4 2017,10,October,Oct,2017-10,201710,23,Monday,Mon,1,0,1
2017-10-24,2017,Q4,Q4 2017,10,October,Oct,2017-10,201710,24,Tuesday,Tue,2,0,1
2017-10-25,2017,Q4,Q4 2017,10,October,Oct,2017-10,201710,25,Wednesday,Wed,3,0,1
2017-10-26,2017,Q4,Q4 2017,10,October,Oct,2017-10,201710,26,Thursday,Thu,4,0,1
2017-10-27,2017,Q4,Q4 2017,10,October,Oct,2017-10,201710,27,Friday,Fri,5,0,1
2017-10-28,2017,Q4,Q4 2017,10,October,Oct,2017-10,201710,28,Saturday,Sat,6,1,0
2017-10-29,2017,Q4,Q4 2017,10,October,Oct,2017-10,201710,29,Sunday,Sun,7,1,0
2017-10-30,2017,Q4,Q4 2017,10,October,Oct,2017-10,201710,30,Monday,Mon,1,0,1
2017-10-31,2017,Q4,Q4 2017,10,October,Oct,2017-10,201710,31,Tuesday,Tue,2,0,1
2017-11-01,2017,Q4,Q4 2017,11,November,Nov,2017-11,201711,1,Wednesday,Wed,3,0,1
2017-11-02,2017,Q4,Q4 2017,11,November,Nov,2017-11,201711,2,Thursday,Thu,4,0,1
2017-11-03,2017,Q4,Q4 2017,11,November,Nov,2017-11,201711,3,Friday,Fri,5,0,1
2017-11-04,2017,Q4,Q4 2017,11,November,Nov,2017-11,201711,4,Saturday,Sat,6,1,0
2017-11-05,2017,Q4,Q4 2017,11,November,Nov,2017-11,201711,5,Sunday,Sun,7,1,0
2017-11-06,2017,Q4,Q4 2017,11,November,Nov,2017-11,201711,6,Monday,Mon,1,0,1
2017-11-07,2017,Q4,Q4 2017,11,November,Nov,2017-11,201711,7,Tuesday,Tue,2,0,1
2017-11-08,2017,Q4,Q4 2017,11,November,Nov,2017-11,201711,8,Wednesday,Wed,3,0,1
2017-11-09,2017,Q4,Q4 2017,11,November,Nov,2017-11,201711,9,Thursday,Thu,4,0,1
2017-11-10,2017,Q4,Q4 2017,11,November,Nov,2017-11,201711,10,Friday,Fri,5,0,1
2017-11-11,2017,Q4,Q4 2017,11,November,Nov,2017-11,201711,11,Saturday,Sat,6,1,0
2017-11-12,2017,Q4,Q4 2017,11,November,Nov,2017-11,201711,12,Sunday,Sun,7,1,0
2017-11-13,2017,Q4,Q4 2017,11,November,Nov,2017-11,201711,13,Monday,Mon,1,0,1
2017-11-14,2017,Q4,Q4 2017,11,November,Nov,2017-11,201711,14,Tuesday,Tue,2,0,1
2017-11-15,2017,Q4,Q4 2017,11,November,Nov,2017-11,201711,15,Wednesday,Wed,3,0,1
2017-11-16,2017,Q4,Q4 2017,11,November,Nov,2017-11,201711,16,Thursday,Thu,4,0,1
2017-11-17,2017,Q4,Q4 2017,11,November,Nov,2017-11,201711,17,Friday,Fri,5,0,1
2017-11-18,2017,Q4,Q4 2017,11,November,Nov,2017-11,201711,18,Saturday,Sat,6,1,0
2017-11-19,2017,Q4,Q4 2017,11,November,Nov,2017-11,201711,19,Sunday,Sun,7,1,0
2017-11-20,2017,Q4,Q4 2017,11,November,Nov,2017-11,201711,20,Monday,Mon,1,0,1
2017-11-21,2017,Q4,Q4 2017,11,November,Nov,2017-11,201711,21,Tuesday,Tue,2,0,1
2017-11-22,2017,Q4,Q4 2017,11,November,Nov,2017-11,201711,22,Wednesday,Wed,3,0,1
2017-11-23,2017,Q4,Q4 2017,11,November,Nov,2017-11,201711,23,Thursday,Thu,4,0,1
2017-11-24,2017,Q4,Q4 2017,11,November,Nov,2017-11,201711,24,Friday,Fri,5,0,1
2017-11-25,2017,Q4,Q4 2017,11,November,Nov,2017-11,201711,25,Saturday,Sat,6,1,0
2017-11-26,2017,Q4,Q4 2017,11,November,Nov,2017-11,201711,26,Sunday,Sun,7,1,0
2017-11-27,2017,Q4,Q4 2017,11,November,Nov,2017-11,201711,27,Monday,Mon,1,0,1
2017-11-28,2017,Q4,Q4 2017,11,November,Nov,2017-11,201711,28,Tuesday,Tue,2,0,1
2017-11-29,2017,Q4,Q4 2017,11,November,Nov,2017-11,201711,29,Wednesday,Wed,3,0,1
2017-11-30,2017,Q4,Q4 2017,11,November,Nov,2017-11,201711,30,Thursday,Thu,4,0,1
2017-12-01,2017,Q4,Q4 2017,12,December,Dec,2017-12,201712,1,Friday,Fri,5,0,1
2017-12-02,2017,Q4,Q4 2017,12,December,Dec,2017-12,201712,2,Saturday,Sat,6,1,0
2017-12-03,2017,Q4,Q4 2017,12,December,Dec,2017-12,201712,3,Sunday,Sun,7,1,0
2017-12-04,2017,Q4,Q4 2017,12,December,Dec,2017-12,201712,4,Monday,Mon,1,0,1
2017-12-05,2017,Q4,Q4 2017,12,December,Dec,2017-12,201712,5,Tuesday,Tue,2,0,1
2017-12-06,2017,Q4,Q4 2017,12,December,Dec,2017-12,201712,6,Wednesday,Wed,3,0,1
2017-12-07,2017,Q4,Q4 2017,12,December,Dec,2017-12,201712,7,Thursday,Thu,4,0,1
2017-12-08,2017,Q4,Q4 2017,12,December,Dec,2017-12,201712,8,Friday,Fri,5,0,1
2017-12-09,2017,Q4,Q4 2017,12,December,Dec,2017-12,201712,9,Saturday,Sat,6,1,0
2017-12-10,2017,Q4,Q4 2017,12,December,Dec,2017-12,201712,10,Sunday,Sun,7,1,0
2017-12-11,2017,Q4,Q4 2017,12,December,Dec,2017-12,201712,11,Monday,Mon,1,0,1
2017-12-12,2017,Q4,Q4 2017,12,December,Dec,2017-12,201712,12,Tuesday,Tue,2,0,1
2017-12-13,2017,Q4,Q4 2017,12,December,Dec,2017-12,201712,13,Wednesday,Wed,3,0,1
2017-12-14,2017,Q4,Q4 2017,12,December,Dec,2017-12,201712,14,Thursday,Thu,4,0,1
2017-12-15,2017,Q4,Q4 2017,12,December,Dec,2017-12,201712,15,Friday,Fri,5,0,1
2017-12-16,2017,Q4,Q4 2017,12,December,Dec,2017-12,201712,16,Saturday,Sat,6,1,0
2017-12-17,2017,Q4,Q4 2017,12,December,Dec,2017-12,201712,17,Sunday,Sun,7,1,0
2017-12-18,2017,Q4,Q4 2017,12,December,Dec,2017-12,201712,18,Monday,Mon,1,0,1
2017-12-19,2017,Q4,Q4 2017,12,December,Dec,2017-12,201712,19,Tuesday,Tue,2,0,1
2017-12-20,2017,Q4,Q4 2017,12,December,Dec,2017-12,201712,20,Wednesday,Wed,3,0,1
2017-12-21,2017,Q4,Q4 2017,12,December,Dec,2017-12,201712,21,Thursday,Thu,4,0,1
2017-12-22,2017,Q4,Q4 2017,12,December,Dec,2017-12,201712,22,Friday,Fri,5,0,1
2017-12-23,2017,Q4,Q4 2017,12,December,Dec,2017-12,201712,23,Saturday,Sat,6,1,0
2017-12-24,2017,Q4,Q4 2017,12,December,Dec,2017-12,201712,24,Sunday,Sun,7,1,0
2017-12-25,2017,Q4,Q4 2017,12,December,Dec,2017-12,201712,25,Monday,Mon,1,0,0
2017-12-26,2017,Q4,Q4 2017,12,December,Dec,2017-12,201712,26,Tuesday,Tue,2,0,1
2017-12-27,2017,Q4,Q4 2017,12,December,Dec,2017-12,201712,27,Wednesday,Wed,3,0,1
2017-12-28,2017,Q4,Q4 2017,12,December,Dec,2017-12,201712,28,Thursday,Thu,4,0,1
2017-12-29,2017,Q4,Q4 2017,12,December,Dec,2017-12,201712,29,Friday,Fri,5,0,1
2017-12-30,2017,Q4,Q4 2017,12,December,Dec,2017-12,201712,30,Saturday,Sat,6,1,0
2017-12-31,2017,Q4,Q4 2017,12,December,Dec,2017-12,201712,31,Sunday,Sun,7,1,0
2018-01-01,2018,Q1,Q1 2018,1,January,Jan,2018-01,201801,1,Monday,Mon,1,0,1
2018-01-02,2018,Q1,Q1 2018,1,January,Jan,2018-01,201801,2,Tuesday,Tue,2,0,1
2018-01-03,2018,Q1,Q1 2018,1,January,Jan,2018-01,201801,3,Wednesday,Wed,3,0,1
2018-01-04,2018,Q1,Q1 2018,1,January,Jan,2018-01,201801,4,Thursday,Thu,4,0,1
2018-01-05,2018,Q1,Q1 2018,1,January,Jan,2018-01,201801,5,Friday,Fri,5,0,1
2018-01-06,2018,Q1,Q1 2018,1,January,Jan,2018-01,201801,6,Saturday,Sat,6,1,0
2018-01-07,2018,Q1,Q1 2018,1,January,Jan,2018-01,201801,7,Sunday,Sun,7,1,0
2018-01-08,2018,Q1,Q1 2018,1,January,Jan,2018-01,201801,8,Monday,Mon,1,0,1
2018-01-09,2018,Q1,Q1 2018,1,January,Jan,2018-01,201801,9,Tuesday,Tue,2,0,1
2018-01-10,2018,Q1,Q1 2018,1,January,Jan,2018-01,201801,10,Wednesday,Wed,3,0,1
2018-01-11,2018,Q1,Q1 2018,1,January,Jan,2018-01,201801,11,Thursday,Thu,4,0,1
2018-01-12,2018,Q1,Q1 2018,1,January,Jan,2018-01,201801,12,Friday,Fri,5,0,1
2018-01-13,2018,Q1,Q1 2018,1,January,Jan,2018-01,201801,13,Saturday,Sat,6,1,0
2018-01-14,2018,Q1,Q1 2018,1,January,Jan,2018-01,201801,14,Sunday,Sun,7,1,0
2018-01-15,2018,Q1,Q1 2018,1,January,Jan,2018-01,201801,15,Monday,Mon,1,0,1
2018-01-16,2018,Q1,Q1 2018,1,January,Jan,2018-01,201801,16,Tuesday,Tue,2,0,1
2018-01-17,2018,Q1,Q1 2018,1,January,Jan,2018-01,201801,17,Wednesday,Wed,3,0,1
2018-01-18,2018,Q1,Q1 2018,1,January,Jan,2018-01,201801,18,Thursday,Thu,4,0,1
2018-01-19,2018,Q1,Q1 2018,1,January,Jan,2018-01,201801,19,Friday,Fri,5,0,1
2018-01-20,2018,Q1,Q1 2018,1,January,Jan,2018-01,201801,20,Saturday,Sat,6,1,0
2018-01-21,2018,Q1,Q1 2018,1,January,Jan,2018-01,201801,21,Sunday,Sun,7,1,0
2018-01-22,2018,Q1,Q1 2018,1,January,Jan,2018-01,201801,22,Monday,Mon,1,0,1
2018-01-23,2018,Q1,Q1 2018,1,January,Jan,2018-01,201801,23,Tuesday,Tue,2,0,1
2018-01-24,2018,Q1,Q1 2018,1,January,Jan,2018-01,201801,24,Wednesday,Wed,3,0,1
2018-01-25,2018,Q1,Q1 2018,1,January,Jan,2018-01,201801,25,Thursday,Thu,4,0,1
2018-01-26,2018,Q1,Q1 2018,1,January,Jan,2018-01,201801,26,Friday,Fri,5,0,0
2018-01-27,2018,Q1,Q1 2018,1,January,Jan,2018-01,201801,27,Saturday,Sat,6,1,0
2018-01-28,2018,Q1,Q1 2018,1,January,Jan,2018-01,201801,28,Sunday,Sun,7,1,0
2018-01-29,2018,Q1,Q1 2018,1,January,Jan,2018-01,201801,29,Monday,Mon,1,0,1
2018-01-30,2018,Q1,Q1 2018,1,January,Jan,2018-01,201801,30,Tuesday,Tue,2,0,1
2018-01-31,2018,Q1,Q1 2018,1,January,Jan,2018-01,201801,31,Wednesday,Wed,3,0,1
2018-02-01,2018,Q1,Q1 2018,2,February,Feb,2018-02,201802,1,Thursday,Thu,4,0,1
2018-02-02,2018,Q1,Q1 2018,2,February,Feb,2018-02,201802,2,Friday,Fri,5,0,1
2018-02-03,2018,Q1,Q1 2018,2,February,Feb,2018-02,201802,3,Saturday,Sat,6,1,0
2018-02-04,2018,Q1,Q1 2018,2,February,Feb,2018-02,201802,4,Sunday,Sun,7,1,0
2018-02-05,2018,Q1,Q1 2018,2,February,Feb,2018-02,201802,5,Monday,Mon,1,0,1
2018-02-06,2018,Q1,Q1 2018,2,February,Feb,2018-02,201802,6,Tuesday,Tue,2,0,1
2018-02-07,2018,Q1,Q1 2018,2,February,Feb,2018-02,201802,7,Wednesday,Wed,3,0,1
2018-02-08,2018,Q1,Q1 2018,2,February,Feb,2018-02,201802,8,Thursday,Thu,4,0,1
2018-02-09,2018,Q1,Q1 2018,2,February,Feb,2018-02,201802,9,Friday,Fri,5,0,1
2018-02-10,2018,Q1,Q1 2018,2,February,Feb,2018-02,201802,10,Saturday,Sat,6,1,0
2018-02-11,2018,Q1,Q1 2018,2,February,Feb,2018-02,201802,11,Sunday,Sun,7,1,0
2018-02-12,2018,Q1,Q1 2018,2,February,Feb,2018-02,201802,12,Monday,Mon,1,0,1
2018-02-13,2018,Q1,Q1 2018,2,February,Feb,2018-02,201802,13,Tuesday,Tue,2,0,0
2018-02-14,2018,Q1,Q1 2018,2,February,Feb,2018-02,201802,14,Wednesday,Wed,3,0,1
2018-02-15,2018,Q1,Q1 2018,2,February,Feb,2018-02,201802,15,Thursday,Thu,4,0,1
2018-02-16,2018,Q1,Q1 2018,2,February,Feb,2018-02,201802,16,Friday,Fri,5,0,1
2018-02-17,2018,Q1,Q1 2018,2,February,Feb,2018-02,201802,17,Saturday,Sat,6,1,0
2018-02-18,2018,Q1,Q1 2018,2,February,Feb,2018-02,201802,18,Sunday,Sun,7,1,0
2018-02-19,2018,Q1,Q1 2018,2,February,Feb,2018-02,201802,19,Monday,Mon,1,0,1
2018-02-20,2018,Q1,Q1 2018,2,February,Feb,2018-02,201802,20,Tuesday,Tue,2,0,1
2018-02-21,2018,Q1,Q1 2018,2,February,Feb,2018-02,201802,21,Wednesday,Wed,3,0,1
2018-02-22,2018,Q1,Q1 2018,2,February,Feb,2018-02,201802,22,Thursday,Thu,4,0,1
2018-02-23,2018,Q1,Q1 2018,2,February,Feb,2018-02,201802,23,Friday,Fri,5,0,1
2018-02-24,2018,Q1,Q1 2018,2,February,Feb,2018-02,201802,24,Saturday,Sat,6,1,0
2018-02-25,2018,Q1,Q1 2018,2,February,Feb,2018-02,201802,25,Sunday,Sun,7,1,0
2018-02-26,2018,Q1,Q1 2018,2,February,Feb,2018-02,201802,26,Monday,Mon,1,0,1
2018-02-27,2018,Q1,Q1 2018,2,February,Feb,2018-02,201802,27,Tuesday,Tue,2,0,1
2018-02-28,2018,Q1,Q1 2018,2,February,Feb,2018-02,201802,28,Wednesday,Wed,3,0,1
2018-03-01,2018,Q1,Q1 2018,3,March,Mar,2018-03,201803,1,Thursday,Thu,4,0,1
2018-03-02,2018,Q1,Q1 2018,3,March,Mar,2018-03,201803,2,Friday,Fri,5,0,0
2018-03-03,2018,Q1,Q1 2018,3,March,Mar,2018-03,201803,3,Saturday,Sat,6,1,0
2018-03-04,2018,Q1,Q1 2018,3,March,Mar,2018-03,201803,4,Sunday,Sun,7,1,0
2018-03-05,2018,Q1,Q1 2018,3,March,Mar,2018-03,201803,5,Monday,Mon,1,0,1
2018-03-06,2018,Q1,Q1 2018,3,March,Mar,2018-03,201803,6,Tuesday,Tue,2,0,1
2018-03-07,2018,Q1,Q1 2018,3,March,Mar,2018-03,201803,7,Wednesday,Wed,3,0,1
2018-03-08,2018,Q1,Q1 2018,3,March,Mar,2018-03,201803,8,Thursday,Thu,4,0,1
2018-03-09,2018,Q1,Q1 2018,3,March,Mar,2018-03,201803,9,Friday,Fri,5,0,1
2018-03-10,2018,Q1,Q1 2018,3,March,Mar,2018-03,201803,10,Saturday,Sat,6,1,0
2018-03-11,2018,Q1,Q1 2018,3,March,Mar,2018-03,201803,11,Sunday,Sun,7,1,0
2018-03-12,2018,Q1,Q1 2018,3,March,Mar,2018-03,201803,12,Monday,Mon,1,0,1
2018-03-13,2018,Q1,Q1 2018,3,March,Mar,2018-03,201803,13,Tuesday,Tue,2,0,1
2018-03-14,2018,Q1,Q1 2018,3,March,Mar,2018-03,201803,14,Wednesday,Wed,3,0,1
2018-03-15,2018,Q1,Q1 2018,3,March,Mar,2018-03,201803,15,Thursday,Thu,4,0,1
2018-03-16,2018,Q1,Q1 2018,3,March,Mar,2018-03,201803,16,Friday,Fri,5,0,1
2018-03-17,2018,Q1,Q1 2018,3,March,Mar,2018-03,201803,17,Saturday,Sat,6,1,0
2018-03-18,2018,Q1,Q1 2018,3,March,Mar,2018-03,201803,18,Sunday,Sun,7,1,0
2018-03-19,2018,Q1,Q1 2018,3,March,Mar,2018-03,201803,19,Monday,Mon,1,0,1
2018-03-20,2018,Q1,Q1 2018,3,March,Mar,2018-03,201803,20,Tuesday,Tue,2,0,1
2018-03-21,2018,Q1,Q1 2018,3,March,Mar,2018-03,201803,21,Wednesday,Wed,3,0,1
2018-03-22,2018,Q1,Q1 2018,3,March,Mar,2018-03,201803,22,Thursday,Thu,4,0,1
2018-03-23,2018,Q1,Q1 2018,3,March,Mar,2018-03,201803,23,Friday,Fri,5,0,1
2018-03-24,2018,Q1,Q1 2018,3,March,Mar,2018-03,201803,24,Saturday,Sat,6,1,0
2018-03-25,2018,Q1,Q1 2018,3,March,Mar,2018-03,201803,25,Sunday,Sun,7,1,0
2018-03-26,2018,Q1,Q1 2018,3,March,Mar,2018-03,201803,26,Monday,Mon,1,0,1
2018-03-27,2018,Q1,Q1 2018,3,March,Mar,2018-03,201803,27,Tuesday,Tue,2,0,1
2018-03-28,2018,Q1,Q1 2018,3,March,Mar,2018-03,201803,28,Wednesday,Wed,3,0,1
2018-03-29,2018,Q1,Q1 2018,3,March,Mar,2018-03,201803,29,Thursday,Thu,4,0,0
2018-03-30,2018,Q1,Q1 2018,3,March,Mar,2018-03,201803,30,Friday,Fri,5,0,0
2018-03-31,2018,Q1,Q1 2018,3,March,Mar,2018-03,201803,31,Saturday,Sat,6,1,0
2018-04-01,2018,Q2,Q2 2018,4,April,Apr,2018-04,201804,1,Sunday,Sun,7,1,0
2018-04-02,2018,Q2,Q2 2018,4,April,Apr,2018-04,201804,2,Monday,Mon,1,0,1
2018-04-03,2018,Q2,Q2 2018,4,April,Apr,2018-04,201804,3,Tuesday,Tue,2,0,1
2018-04-04,2018,Q2,Q2 2018,4,April,Apr,2018-04,201804,4,Wednesday,Wed,3,0,1
2018-04-05,2018,Q2,Q2 2018,4,April,Apr,2018-04,201804,5,Thursday,Thu,4,0,1
2018-04-06,2018,Q2,Q2 2018,4,April,Apr,2018-04,201804,6,Friday,Fri,5,0,1
2018-04-07,2018,Q2,Q2 2018,4,April,Apr,2018-04,201804,7,Saturday,Sat,6,1,0
2018-04-08,2018,Q2,Q2 2018,4,April,Apr,2018-04,201804,8,Sunday,Sun,7,1,0
2018-04-09,2018,Q2,Q2 2018,4,April,Apr,2018-04,201804,9,Monday,Mon,1,0,1
2018-04-10,2018,Q2,Q2 2018,4,April,Apr,2018-04,201804,10,Tuesday,Tue,2,0,1
2018-04-11,2018,Q2,Q2 2018,4,April,Apr,2018-04,201804,11,Wednesday,Wed,3,0,1
2018-04-12,2018,Q2,Q2 2018,4,April,Apr,2018-04,201804,12,Thursday,Thu,4,0,1
2018-04-13,2018,Q2,Q2 2018,4,April,Apr,2018-04,201804,13,Friday,Fri,5,0,1
2018-04-14,2018,Q2,Q2 2018,4,April,Apr,2018-04,201804,14,Saturday,Sat,6,1,0
2018-04-15,2018,Q2,Q2 2018,4,April,Apr,2018-04,201804,15,Sunday,Sun,7,1,0
2018-04-16,2018,Q2,Q2 2018,4,April,Apr,2018-04,201804,16,Monday,Mon,1,0,1
2018-04-17,2018,Q2,Q2 2018,4,April,Apr,2018-04,201804,17,Tuesday,Tue,2,0,1
2018-04-18,2018,Q2,Q2 2018,4,April,Apr,2018-04,201804,18,Wednesday,Wed,3,0,1
2018-04-19,2018,Q2,Q2 2018,4,April,Apr,2018-04,201804,19,Thursday,Thu,4,0,1
2018-04-20,2018,Q2,Q2 2018,4,April,Apr,2018-04,201804,20,Friday,Fri,5,0,1
2018-04-21,2018,Q2,Q2 2018,4,April,Apr,2018-04,201804,21,Saturday,Sat,6,1,0
2018-04-22,2018,Q2,Q2 2018,4,April,Apr,2018-04,201804,22,Sunday,Sun,7,1,0
2018-04-23,2018,Q2,Q2 2018,4,April,Apr,2018-04,201804,23,Monday,Mon,1,0,1
2018-04-24,2018,Q2,Q2 2018,4,April,Apr,2018-04,201804,24,Tuesday,Tue,2,0,1
2018-04-25,2018,Q2,Q2 2018,4,April,Apr,2018-04,201804,25,Wednesday,Wed,3,0,1
2018-04-26,2018,Q2,Q2 2018,4,April,Apr,2018-04,201804,26,Thursday,Thu,4,0,1
2018-04-27,2018,Q2,Q2 2018,4,April,Apr,2018-04,201804,27,Friday,Fri,5,0,1
2018-04-28,2018,Q2,Q2 2018,4,April,Apr,2018-04,201804,28,Saturday,Sat,6,1,0
2018-04-29,2018,Q2,Q2 2018,4,April,Apr,2018-04,201804,29,Sunday,Sun,7,1,0
2018-04-30,2018,Q2,Q2 2018,4,April,Apr,2018-04,201804,30,Monday,Mon,1,0,1
2018-05-01,2018,Q2,Q2 2018,5,May,May,2018-05,201805,1,Tuesday,Tue,2,0,0
2018-05-02,2018,Q2,Q2 2018,5,May,May,2018-05,201805,2,Wednesday,Wed,3,0,1
2018-05-03,2018,Q2,Q2 2018,5,May,May,2018-05,201805,3,Thursday,Thu,4,0,1
2018-05-04,2018,Q2,Q2 2018,5,May,May,2018-05,201805,4,Friday,Fri,5,0,1
2018-05-05,2018,Q2,Q2 2018,5,May,May,2018-05,201805,5,Saturday,Sat,6,1,0
2018-05-06,2018,Q2,Q2 2018,5,May,May,2018-05,201805,6,Sunday,Sun,7,1,0
2018-05-07,2018,Q2,Q2 2018,5,May,May,2018-05,201805,7,Monday,Mon,1,0,1
2018-05-08,2018,Q2,Q2 2018,5,May,May,2018-05,201805,8,Tuesday,Tue,2,0,1
2018-05-09,2018,Q2,Q2 2018,5,May,May,2018-05,201805,9,Wednesday,Wed,3,0,1
2018-05-10,2018,Q2,Q2 2018,5,May,May,2018-05,201805,10,Thursday,Thu,4,0,1
2018-05-11,2018,Q2,Q2 2018,5,May,May,2018-05,201805,11,Friday,Fri,5,0,1
2018-05-12,2018,Q2,Q2 2018,5,May,May,2018-05,201805,12,Saturday,Sat,6,1,0
2018-05-13,2018,Q2,Q2 2018,5,May,May,2018-05,201805,13,Sunday,Sun,7,1,0
2018-05-14,2018,Q2,Q2 2018,5,May,May,2018-05,201805,14,Monday,Mon,1,0,1
2018-05-15,2018,Q2,Q2 2018,5,May,May,2018-05,201805,15,Tuesday,Tue,2,0,1
2018-05-16,2018,Q2,Q2 2018,5,May,May,2018-05,201805,16,Wednesday,Wed,3,0,1
2018-05-17,2018,Q2,Q2 2018,5,May,May,2018-05,201805,17,Thursday,Thu,4,0,1
2018-05-18,2018,Q2,Q2 2018,5,May,May,2018-05,201805,18,Friday,Fri,5,0,1
2018-05-19,2018,Q2,Q2 2018,5,May,May,2018-05,201805,19,Saturday,Sat,6,1,0
2018-05-20,2018,Q2,Q2 2018,5,May,May,2018-05,201805,20,Sunday,Sun,7,1,0
2018-05-21,2018,Q2,Q2 2018,5,May,May,2018-05,201805,21,Monday,Mon,1,0,1
2018-05-22,2018,Q2,Q2 2018,5,May,May,2018-05,201805,22,Tuesday,Tue,2,0,1
2018-05-23,2018,Q2,Q2 2018,5,May,May,2018-05,201805,23,Wednesday,Wed,3,0,1
2018-05-24,2018,Q2,Q2 2018,5,May,May,2018-05,201805,24,Thursday,Thu,4,0,1
2018-05-25,2018,Q2,Q2 2018,5,May,May,2018-05,201805,25,Friday,Fri,5,0,1
2018-05-26,2018,Q2,Q2 2018,5,May,May,2018-05,201805,26,Saturday,Sat,6,1,0
2018-05-27,2018,Q2,Q2 2018,5,May,May,2018-05,201805,27,Sunday,Sun,7,1,0
2018-05-28,2018,Q2,Q2 2018,5,May,May,2018-05,201805,28,Monday,Mon,1,0,1
2018-05-29,2018,Q2,Q2 2018,5,May,May,2018-05,201805,29,Tuesday,Tue,2,0,1
2018-05-30,2018,Q2,Q2 2018,5,May,May,2018-05,201805,30,Wednesday,Wed,3,0,1
2018-05-31,2018,Q2,Q2 2018,5,May,May,2018-05,201805,31,Thursday,Thu,4,0,1
2018-06-01,2018,Q2,Q2 2018,6,June,Jun,2018-06,201806,1,Friday,Fri,5,0,1
2018-06-02,2018,Q2,Q2 2018,6,June,Jun,2018-06,201806,2,Saturday,Sat,6,1,0
2018-06-03,2018,Q2,Q2 2018,6,June,Jun,2018-06,201806,3,Sunday,Sun,7,1,0
2018-06-04,2018,Q2,Q2 2018,6,June,Jun,2018-06,201806,4,Monday,Mon,1,0,1
2018-06-05,2018,Q2,Q2 2018,6,June,Jun,2018-06,201806,5,Tuesday,Tue,2,0,1
2018-06-06,2018,Q2,Q2 2018,6,June,Jun,2018-06,201806,6,Wednesday,Wed,3,0,1
2018-06-07,2018,Q2,Q2 2018,6,June,Jun,2018-06,201806,7,Thursday,Thu,4,0,1
2018-06-08,2018,Q2,Q2 2018,6,June,Jun,2018-06,201806,8,Friday,Fri,5,0,1
2018-06-09,2018,Q2,Q2 2018,6,June,Jun,2018-06,201806,9,Saturday,Sat,6,1,0
2018-06-10,2018,Q2,Q2 2018,6,June,Jun,2018-06,201806,10,Sunday,Sun,7,1,0
2018-06-11,2018,Q2,Q2 2018,6,June,Jun,2018-06,201806,11,Monday,Mon,1,0,1
2018-06-12,2018,Q2,Q2 2018,6,June,Jun,2018-06,201806,12,Tuesday,Tue,2,0,1
2018-06-13,2018,Q2,Q2 2018,6,June,Jun,2018-06,201806,13,Wednesday,Wed,3,0,1
2018-06-14,2018,Q2,Q2 2018,6,June,Jun,2018-06,201806,14,Thursday,Thu,4,0,1
2018-06-15,2018,Q2,Q2 2018,6,June,Jun,2018-06,201806,15,Friday,Fri,5,0,1
2018-06-16,2018,Q2,Q2 2018,6,June,Jun,2018-06,201806,16,Saturday,Sat,6,1,0
2018-06-17,2018,Q2,Q2 2018,6,June,Jun,2018-06,201806,17,Sunday,Sun,7,1,0
2018-06-18,2018,Q2,Q2 2018,6,June,Jun,2018-06,201806,18,Monday,Mon,1,0,1
2018-06-19,2018,Q2,Q2 2018,6,June,Jun,2018-06,201806,19,Tuesday,Tue,2,0,1
2018-06-20,2018,Q2,Q2 2018,6,June,Jun,2018-06,201806,20,Wednesday,Wed,3,0,1
2018-06-21,2018,Q2,Q2 2018,6,June,Jun,2018-06,201806,21,Thursday,Thu,4,0,1
2018-06-22,2018,Q2,Q2 2018,6,June,Jun,2018-06,201806,22,Friday,Fri,5,0,1
2018-06-23,2018,Q2,Q2 2018,6,June,Jun,2018-06,201806,23,Saturday,Sat,6,1,0
2018-06-24,2018,Q2,Q2 2018,6,June,Jun,2018-06,201806,24,Sunday,Sun,7,1,0
2018-06-25,2018,Q2,Q2 2018,6,June,Jun,2018-06,201806,25,Monday,Mon,1,0,1
2018-06-26,2018,Q2,Q2 2018,6,June,Jun,2018-06,201806,26,Tuesday,Tue,2,0,1
2018-06-27,2018,Q2,Q2 2018,6,June,Jun,2018-06,201806,27,Wednesday,Wed,3,0,1
2018-06-28,2018,Q2,Q2 2018,6,June,Jun,2018-06,201806,28,Thursday,Thu,4,0,1
2018-06-29,2018,Q2,Q2 2018,6,June,Jun,2018-06,201806,29,Friday,Fri,5,0,1
2018-06-30,2018,Q2,Q2 2018,6,June,Jun,2018-06,201806,30,Saturday,Sat,6,1,0
2018-07-01,2018,Q3,Q3 2018,7,July,Jul,2018-07,201807,1,Sunday,Sun,7,1,0
2018-07-02,2018,Q3,Q3 2018,7,July,Jul,2018-07,201807,2,Monday,Mon,1,0,1
2018-07-03,2018,Q3,Q3 2018,7,July,Jul,2018-07,201807,3,Tuesday,Tue,2,0,1
2018-07-04,2018,Q3,Q3 2018,7,July,Jul,2018-07,201807,4,Wednesday,Wed,3,0,1
2018-07-05,2018,Q3,Q3 2018,7,July,Jul,2018-07,201807,5,Thursday,Thu,4,0,1
2018-07-06,2018,Q3,Q3 2018,7,July,Jul,2018-07,201807,6,Friday,Fri,5,0,1
2018-07-07,2018,Q3,Q3 2018,7,July,Jul,2018-07,201807,7,Saturday,Sat,6,1,0
2018-07-08,2018,Q3,Q3 2018,7,July,Jul,2018-07,201807,8,Sunday,Sun,7,1,0
2018-07-09,2018,Q3,Q3 2018,7,July,Jul,2018-07,201807,9,Monday,Mon,1,0,1
2018-07-10,2018,Q3,Q3 2018,7,July,Jul,2018-07,201807,10,Tuesday,Tue,2,0,1
2018-07-11,2018,Q3,Q3 2018,7,July,Jul,2018-07,201807,11,Wednesday,Wed,3,0,1
2018-07-12,2018,Q3,Q3 2018,7,July,Jul,2018-07,201807,12,Thursday,Thu,4,0,1
2018-07-13,2018,Q3,Q3 2018,7,July,Jul,2018-07,201807,13,Friday,Fri,5,0,1
2018-07-14,2018,Q3,Q3 2018,7,July,Jul,2018-07,201807,14,Saturday,Sat,6,1,0
2018-07-15,2018,Q3,Q3 2018,7,July,Jul,2018-07,201807,15,Sunday,Sun,7,1,0
2018-07-16,2018,Q3,Q3 2018,7,July,Jul,2018-07,201807,16,Monday,Mon,1,0,1
2018-07-17,2018,Q3,Q3 2018,7,July,Jul,2018-07,201807,17,Tuesday,Tue,2,0,1
2018-07-18,2018,Q3,Q3 2018,7,July,Jul,2018-07,201807,18,Wednesday,Wed,3,0,1
2018-07-19,2018,Q3,Q3 2018,7,July,Jul,2018-07,201807,19,Thursday,Thu,4,0,1
2018-07-20,2018,Q3,Q3 2018,7,July,Jul,2018-07,201807,20,Friday,Fri,5,0,1
2018-07-21,2018,Q3,Q3 2018,7,July,Jul,2018-07,201807,21,Saturday,Sat,6,1,0
2018-07-22,2018,Q3,Q3 2018,7,July,Jul,2018-07,201807,22,Sunday,Sun,7,1,0
2018-07-23,2018,Q3,Q3 2018,7,July,Jul,2018-07,201807,23,Monday,Mon,1,0,1
2018-07-24,2018,Q3,Q3 2018,7,July,Jul,2018-07,201807,24,Tuesday,Tue,2,0,1
2018-07-25,2018,Q3,Q3 2018,7,July,Jul,2018-07,201807,25,Wednesday,Wed,3,0,1
2018-07-26,2018,Q3,Q3 2018,7,July,Jul,2018-07,201807,26,Thursday,Thu,4,0,1
2018-07-27,2018,Q3,Q3 2018,7,July,Jul,2018-07,201807,27,Friday,Fri,5,0,1
2018-07-28,2018,Q3,Q3 2018,7,July,Jul,2018-07,201807,28,Saturday,Sat,6,1,0
2018-07-29,2018,Q3,Q3 2018,7,July,Jul,2018-07,201807,29,Sunday,Sun,7,1,0
2018-07-30,2018,Q3,Q3 2018,7,July,Jul,2018-07,201807,30,Monday,Mon,1,0,1
2018-07-31,2018,Q3,Q3 2018,7,July,Jul,2018-07,201807,31,Tuesday,Tue,2,0,1
2018-08-01,2018,Q3,Q3 2018,8,August,Aug,2018-08,201808,1,Wednesday,Wed,3,0,1
2018-08-02,2018,Q3,Q3 2018,8,August,Aug,2018-08,201808,2,Thursday,Thu,4,0,1
2018-08-03,2018,Q3,Q3 2018,8,August,Aug,2018-08,201808,3,Friday,Fri,5,0,1
2018-08-04,2018,Q3,Q3 2018,8,August,Aug,2018-08,201808,4,Saturday,Sat,6,1,0
2018-08-05,2018,Q3,Q3 2018,8,August,Aug,2018-08,201808,5,Sunday,Sun,7,1,0
2018-08-06,2018,Q3,Q3 2018,8,August,Aug,2018-08,201808,6,Monday,Mon,1,0,1
2018-08-07,2018,Q3,Q3 2018,8,August,Aug,2018-08,201808,7,Tuesday,Tue,2,0,1
2018-08-08,2018,Q3,Q3 2018,8,August,Aug,2018-08,201808,8,Wednesday,Wed,3,0,1
2018-08-09,2018,Q3,Q3 2018,8,August,Aug,2018-08,201808,9,Thursday,Thu,4,0,1
2018-08-10,2018,Q3,Q3 2018,8,August,Aug,2018-08,201808,10,Friday,Fri,5,0,1
2018-08-11,2018,Q3,Q3 2018,8,August,Aug,2018-08,201808,11,Saturday,Sat,6,1,0
2018-08-12,2018,Q3,Q3 2018,8,August,Aug,2018-08,201808,12,Sunday,Sun,7,1,0
2018-08-13,2018,Q3,Q3 2018,8,August,Aug,2018-08,201808,13,Monday,Mon,1,0,1
2018-08-14,2018,Q3,Q3 2018,8,August,Aug,2018-08,201808,14,Tuesday,Tue,2,0,1
2018-08-15,2018,Q3,Q3 2018,8,August,Aug,2018-08,201808,15,Wednesday,Wed,3,0,0
2018-08-16,2018,Q3,Q3 2018,8,August,Aug,2018-08,201808,16,Thursday,Thu,4,0,1
2018-08-17,2018,Q3,Q3 2018,8,August,Aug,2018-08,201808,17,Friday,Fri,5,0,1
2018-08-18,2018,Q3,Q3 2018,8,August,Aug,2018-08,201808,18,Saturday,Sat,6,1,0
2018-08-19,2018,Q3,Q3 2018,8,August,Aug,2018-08,201808,19,Sunday,Sun,7,1,0
2018-08-20,2018,Q3,Q3 2018,8,August,Aug,2018-08,201808,20,Monday,Mon,1,0,1
2018-08-21,2018,Q3,Q3 2018,8,August,Aug,2018-08,201808,21,Tuesday,Tue,2,0,1
2018-08-22,2018,Q3,Q3 2018,8,August,Aug,2018-08,201808,22,Wednesday,Wed,3,0,0
2018-08-23,2018,Q3,Q3 2018,8,August,Aug,2018-08,201808,23,Thursday,Thu,4,0,1
2018-08-24,2018,Q3,Q3 2018,8,August,Aug,2018-08,201808,24,Friday,Fri,5,0,1
2018-08-25,2018,Q3,Q3 2018,8,August,Aug,2018-08,201808,25,Saturday,Sat,6,1,0
2018-08-26,2018,Q3,Q3 2018,8,August,Aug,2018-08,201808,26,Sunday,Sun,7,1,0
2018-08-27,2018,Q3,Q3 2018,8,August,Aug,2018-08,201808,27,Monday,Mon,1,0,1
2018-08-28,2018,Q3,Q3 2018,8,August,Aug,2018-08,201808,28,Tuesday,Tue,2,0,1
2018-08-29,2018,Q3,Q3 2018,8,August,Aug,2018-08,201808,29,Wednesday,Wed,3,0,1
2018-08-30,2018,Q3,Q3 2018,8,August,Aug,2018-08,201808,30,Thursday,Thu,4,0,1
2018-08-31,2018,Q3,Q3 2018,8,August,Aug,2018-08,201808,31,Friday,Fri,5,0,1
2018-09-01,2018,Q3,Q3 2018,9,September,Sep,2018-09,201809,1,Saturday,Sat,6,1,0
2018-09-02,2018,Q3,Q3 2018,9,September,Sep,2018-09,201809,2,Sunday,Sun,7,1,0
2018-09-03,2018,Q3,Q3 2018,9,September,Sep,2018-09,201809,3,Monday,Mon,1,0,1
2018-09-04,2018,Q3,Q3 2018,9,September,Sep,2018-09,201809,4,Tuesday,Tue,2,0,1
2018-09-05,2018,Q3,Q3 2018,9,September,Sep,2018-09,201809,5,Wednesday,Wed,3,0,1
2018-09-06,2018,Q3,Q3 2018,9,September,Sep,2018-09,201809,6,Thursday,Thu,4,0,1
2018-09-07,2018,Q3,Q3 2018,9,September,Sep,2018-09,201809,7,Friday,Fri,5,0,1
2018-09-08,2018,Q3,Q3 2018,9,September,Sep,2018-09,201809,8,Saturday,Sat,6,1,0
2018-09-09,2018,Q3,Q3 2018,9,September,Sep,2018-09,201809,9,Sunday,Sun,7,1,0
2018-09-10,2018,Q3,Q3 2018,9,September,Sep,2018-09,201809,10,Monday,Mon,1,0,1
2018-09-11,2018,Q3,Q3 2018,9,September,Sep,2018-09,201809,11,Tuesday,Tue,2,0,1
2018-09-12,2018,Q3,Q3 2018,9,September,Sep,2018-09,201809,12,Wednesday,Wed,3,0,1
2018-09-13,2018,Q3,Q3 2018,9,September,Sep,2018-09,201809,13,Thursday,Thu,4,0,0
2018-09-14,2018,Q3,Q3 2018,9,September,Sep,2018-09,201809,14,Friday,Fri,5,0,1
2018-09-15,2018,Q3,Q3 2018,9,September,Sep,2018-09,201809,15,Saturday,Sat,6,1,0
2018-09-16,2018,Q3,Q3 2018,9,September,Sep,2018-09,201809,16,Sunday,Sun,7,1,0
2018-09-17,2018,Q3,Q3 2018,9,September,Sep,2018-09,201809,17,Monday,Mon,1,0,1
2018-09-18,2018,Q3,Q3 2018,9,September,Sep,2018-09,201809,18,Tuesday,Tue,2,0,1
2018-09-19,2018,Q3,Q3 2018,9,September,Sep,2018-09,201809,19,Wednesday,Wed,3,0,1
2018-09-20,2018,Q3,Q3 2018,9,September,Sep,2018-09,201809,20,Thursday,Thu,4,0,0
2018-09-21,2018,Q3,Q3 2018,9,September,Sep,2018-09,201809,21,Friday,Fri,5,0,1
2018-09-22,2018,Q3,Q3 2018,9,September,Sep,2018-09,201809,22,Saturday,Sat,6,1,0
2018-09-23,2018,Q3,Q3 2018,9,September,Sep,2018-09,201809,23,Sunday,Sun,7,1,0
2018-09-24,2018,Q3,Q3 2018,9,September,Sep,2018-09,201809,24,Monday,Mon,1,0,1
2018-09-25,2018,Q3,Q3 2018,9,September,Sep,2018-09,201809,25,Tuesday,Tue,2,0,1
2018-09-26,2018,Q3,Q3 2018,9,September,Sep,2018-09,201809,26,Wednesday,Wed,3,0,1
2018-09-27,2018,Q3,Q3 2018,9,September,Sep,2018-09,201809,27,Thursday,Thu,4,0,1
2018-09-28,2018,Q3,Q3 2018,9,September,Sep,2018-09,201809,28,Friday,Fri,5,0,1
2018-09-29,2018,Q3,Q3 2018,9,September,Sep,2018-09,201809,29,Saturday,Sat,6,1,0
2018-09-30,2018,Q3,Q3 2018,9,September,Sep,2018-09,201809,30,Sunday,Sun,7,1,0
2018-10-01,2018,Q4,Q4 2018,10,October,Oct,2018-10,201810,1,Monday,Mon,1,0,1
2018-10-02,2018,Q4,Q4 2018,10,October,Oct,2018-10,201810,2,Tuesday,Tue,2,0,0
2018-10-03,2018,Q4,Q4 2018,10,October,Oct,2018-10,201810,3,Wednesday,Wed,3,0,1
2018-10-04,2018,Q4,Q4 2018,10,October,Oct,2018-10,201810,4,Thursday,Thu,4,0,1
2018-10-05,2018,Q4,Q4 2018,10,October,Oct,2018-10,201810,5,Friday,Fri,5,0,1
2018-10-06,2018,Q4,Q4 2018,10,October,Oct,2018-10,201810,6,Saturday,Sat,6,1,0
2018-10-07,2018,Q4,Q4 2018,10,October,Oct,2018-10,201810,7,Sunday,Sun,7,1,0
2018-10-08,2018,Q4,Q4 2018,10,October,Oct,2018-10,201810,8,Monday,Mon,1,0,1
2018-10-09,2018,Q4,Q4 2018,10,October,Oct,2018-10,201810,9,Tuesday,Tue,2,0,1
2018-10-10,2018,Q4,Q4 2018,10,October,Oct,2018-10,201810,10,Wednesday,Wed,3,0,1
2018-10-11,2018,Q4,Q4 2018,10,October,Oct,2018-10,201810,11,Thursday,Thu,4,0,1
2018-10-12,2018,Q4,Q4 2018,10,October,Oct,2018-10,201810,12,Friday,Fri,5,0,1
2018-10-13,2018,Q4,Q4 2018,10,October,Oct,2018-10,201810,13,Saturday,Sat,6,1,0
2018-10-14,2018,Q4,Q4 2018,10,October,Oct,2018-10,201810,14,Sunday,Sun,7,1,0
2018-10-15,2018,Q4,Q4 2018,10,October,Oct,2018-10,201810,15,Monday,Mon,1,0,1
2018-10-16,2018,Q4,Q4 2018,10,October,Oct,2018-10,201810,16,Tuesday,Tue,2,0,1
2018-10-17,2018,Q4,Q4 2018,10,October,Oct,2018-10,201810,17,Wednesday,Wed,3,0,1
2018-10-18,2018,Q4,Q4 2018,10,October,Oct,2018-10,201810,18,Thursday,Thu,4,0,0
2018-10-19,2018,Q4,Q4 2018,10,October,Oct,2018-10,201810,19,Friday,Fri,5,0,1
2018-10-20,2018,Q4,Q4 2018,10,October,Oct,2018-10,201810,20,Saturday,Sat,6,1,0
2018-10-21,2018,Q4,Q4 2018,10,October,Oct,2018-10,201810,21,Sunday,Sun,7,1,0
2018-10-22,2018,Q4,Q4 2018,10,October,Oct,2018-10,201810,22,Monday,Mon,1,0,1
2018-10-23,2018,Q4,Q4 2018,10,October,Oct,2018-10,201810,23,Tuesday,Tue,2,0,1
2018-10-24,2018,Q4,Q4 2018,10,October,Oct,2018-10,201810,24,Wednesday,Wed,3,0,1
2018-10-25,2018,Q4,Q4 2018,10,October,Oct,2018-10,201810,25,Thursday,Thu,4,0,1
2018-10-26,2018,Q4,Q4 2018,10,October,Oct,2018-10,201810,26,Friday,Fri,5,0,1
2018-10-27,2018,Q4,Q4 2018,10,October,Oct,2018-10,201810,27,Saturday,Sat,6,1,0
2018-10-28,2018,Q4,Q4 2018,10,October,Oct,2018-10,201810,28,Sunday,Sun,7,1,0
2018-10-29,2018,Q4,Q4 2018,10,October,Oct,2018-10,201810,29,Monday,Mon,1,0,1
2018-10-30,2018,Q4,Q4 2018,10,October,Oct,2018-10,201810,30,Tuesday,Tue,2,0,1
2018-10-31,2018,Q4,Q4 2018,10,October,Oct,2018-10,201810,31,Wednesday,Wed,3,0,1
2018-11-01,2018,Q4,Q4 2018,11,November,Nov,2018-11,201811,1,Thursday,Thu,4,0,1
2018-11-02,2018,Q4,Q4 2018,11,November,Nov,2018-11,201811,2,Friday,Fri,5,0,1
2018-11-03,2018,Q4,Q4 2018,11,November,Nov,2018-11,201811,3,Saturday,Sat,6,1,0
2018-11-04,2018,Q4,Q4 2018,11,November,Nov,2018-11,201811,4,Sunday,Sun,7,1,0
2018-11-05,2018,Q4,Q4 2018,11,November,Nov,2018-11,201811,5,Monday,Mon,1,0,1
2018-11-06,2018,Q4,Q4 2018,11,November,Nov,2018-11,201811,6,Tuesday,Tue,2,0,1
2018-11-07,2018,Q4,Q4 2018,11,November,Nov,2018-11,201811,7,Wednesday,Wed,3,0,1
2018-11-08,2018,Q4,Q4 2018,11,November,Nov,2018-11,201811,8,Thursday,Thu,4,0,0
2018-11-09,2018,Q4,Q4 2018,11,November,Nov,2018-11,201811,9,Friday,Fri,5,0,1
2018-11-10,2018,Q4,Q4 2018,11,November,Nov,2018-11,201811,10,Saturday,Sat,6,1,0
2018-11-11,2018,Q4,Q4 2018,11,November,Nov,2018-11,201811,11,Sunday,Sun,7,1,0
2018-11-12,2018,Q4,Q4 2018,11,November,Nov,2018-11,201811,12,Monday,Mon,1,0,1
2018-11-13,2018,Q4,Q4 2018,11,November,Nov,2018-11,201811,13,Tuesday,Tue,2,0,1
2018-11-14,2018,Q4,Q4 2018,11,November,Nov,2018-11,201811,14,Wednesday,Wed,3,0,1
2018-11-15,2018,Q4,Q4 2018,11,November,Nov,2018-11,201811,15,Thursday,Thu,4,0,1
2018-11-16,2018,Q4,Q4 2018,11,November,Nov,2018-11,201811,16,Friday,Fri,5,0,1
2018-11-17,2018,Q4,Q4 2018,11,November,Nov,2018-11,201811,17,Saturday,Sat,6,1,0
2018-11-18,2018,Q4,Q4 2018,11,November,Nov,2018-11,201811,18,Sunday,Sun,7,1,0
2018-11-19,2018,Q4,Q4 2018,11,November,Nov,2018-11,201811,19,Monday,Mon,1,0,1
2018-11-20,2018,Q4,Q4 2018,11,November,Nov,2018-11,201811,20,Tuesday,Tue,2,0,1
2018-11-21,2018,Q4,Q4 2018,11,November,Nov,2018-11,201811,21,Wednesday,Wed,3,0,1
2018-11-22,2018,Q4,Q4 2018,11,November,Nov,2018-11,201811,22,Thursday,Thu,4,0,1
2018-11-23,2018,Q4,Q4 2018,11,November,Nov,2018-11,201811,23,Friday,Fri,5,0,0
2018-11-24,2018,Q4,Q4 2018,11,November,Nov,2018-11,201811,24,Saturday,Sat,6,1,0
2018-11-25,2018,Q4,Q4 2018,11,November,Nov,2018-11,201811,25,Sunday,Sun,7,1,0
2018-11-26,2018,Q4,Q4 2018,11,November,Nov,2018-11,201811,26,Monday,Mon,1,0,1
2018-11-27,2018,Q4,Q4 2018,11,November,Nov,2018-11,201811,27,Tuesday,Tue,2,0,1
2018-11-28,2018,Q4,Q4 2018,11,November,Nov,2018-11,201811,28,Wednesday,Wed,3,0,1
2018-11-29,2018,Q4,Q4 2018,11,November,Nov,2018-11,201811,29,Thursday,Thu,4,0,1
2018-11-30,2018,Q4,Q4 2018,11,November,Nov,2018-11,201811,30,Friday,Fri,5,0,1
2018-12-01,2018,Q4,Q4 2018,12,December,Dec,2018-12,201812,1,Saturday,Sat,6,1,0
2018-12-02,2018,Q4,Q4 2018,12,December,Dec,2018-12,201812,2,Sunday,Sun,7,1,0
2018-12-03,2018,Q4,Q4 2018,12,December,Dec,2018-12,201812,3,Monday,Mon,1,0,1
2018-12-04,2018,Q4,Q4 2018,12,December,Dec,2018-12,201812,4,Tuesday,Tue,2,0,1
2018-12-05,2018,Q4,Q4 2018,12,December,Dec,2018-12,201812,5,Wednesday,Wed,3,0,1
2018-12-06,2018,Q4,Q4 2018,12,December,Dec,2018-12,201812,6,Thursday,Thu,4,0,1
2018-12-07,2018,Q4,Q4 2018,12,December,Dec,2018-12,201812,7,Friday,Fri,5,0,1
2018-12-08,2018,Q4,Q4 2018,12,December,Dec,2018-12,201812,8,Saturday,Sat,6,1,0
2018-12-09,2018,Q4,Q4 2018,12,December,Dec,2018-12,201812,9,Sunday,Sun,7,1,0
2018-12-10,2018,Q4,Q4 2018,12,December,Dec,2018-12,201812,10,Monday,Mon,1,0,1
2018-12-11,2018,Q4,Q4 2018,12,December,Dec,2018-12,201812,11,Tuesday,Tue,2,0,1
2018-12-12,2018,Q4,Q4 2018,12,December,Dec,2018-12,201812,12,Wednesday,Wed,3,0,1
2018-12-13,2018,Q4,Q4 2018,12,December,Dec,2018-12,201812,13,Thursday,Thu,4,0,1
2018-12-14,2018,Q4,Q4 2018,12,December,Dec,2018-12,201812,14,Friday,Fri,5,0,1
2018-12-15,2018,Q4,Q4 2018,12,December,Dec,2018-12,201812,15,Saturday,Sat,6,1,0
2018-12-16,2018,Q4,Q4 2018,12,December,Dec,2018-12,201812,16,Sunday,Sun,7,1,0
2018-12-17,2018,Q4,Q4 2018,12,December,Dec,2018-12,201812,17,Monday,Mon,1,0,1
2018-12-18,2018,Q4,Q4 2018,12,December,Dec,2018-12,201812,18,Tuesday,Tue,2,0,1
2018-12-19,2018,Q4,Q4 2018,12,December,Dec,2018-12,201812,19,Wednesday,Wed,3,0,1
2018-12-20,2018,Q4,Q4 2018,12,December,Dec,2018-12,201812,20,Thursday,Thu,4,0,1
2018-12-21,2018,Q4,Q4 2018,12,December,Dec,2018-12,201812,21,Friday,Fri,5,0,1
2018-12-22,2018,Q4,Q4 2018,12,December,Dec,2018-12,201812,22,Saturday,Sat,6,1,0
2018-12-23,2018,Q4,Q4 2018,12,December,Dec,2018-12,201812,23,Sunday,Sun,7,1,0
2018-12-24,2018,Q4,Q4 2018,12,December,Dec,2018-12,201812,24,Monday,Mon,1,0,1
2018-12-25,2018,Q4,Q4 2018,12,December,Dec,2018-12,201812,25,Tuesday,Tue,2,0,0
2018-12-26,2018,Q4,Q4 2018,12,December,Dec,2018-12,201812,26,Wednesday,Wed,3,0,1
2018-12-27,2018,Q4,Q4 2018,12,December,Dec,2018-12,201812,27,Thursday,Thu,4,0,1
2018-12-28,2018,Q4,Q4 2018,12,December,Dec,2018-12,201812,28,Friday,Fri,5,0,1
2018-12-29,2018,Q4,Q4 2018,12,December,Dec,2018-12,201812,29,Saturday,Sat,6,1,0
2018-12-30,2018,Q4,Q4 2018,12,December,Dec,2018-12,201812,30,Sunday,Sun,7,1,0
2018-12-31,2018,Q4,Q4 2018,12,December,Dec,2018-12,201812,31,Monday,Mon,1,0,1
2019-01-01,2019,Q1,Q1 2019,1,January,Jan,2019-01,201901,1,Tuesday,Tue,2,0,1
2019-01-02,2019,Q1,Q1 2019,1,January,Jan,2019-01,201901,2,Wednesday,Wed,3,0,1
2019-01-03,2019,Q1,Q1 2019,1,January,Jan,2019-01,201901,3,Thursday,Thu,4,0,1
2019-01-04,2019,Q1,Q1 2019,1,January,Jan,2019-01,201901,4,Friday,Fri,5,0,1
2019-01-05,2019,Q1,Q1 2019,1,January,Jan,2019-01,201901,5,Saturday,Sat,6,1,0
2019-01-06,2019,Q1,Q1 2019,1,January,Jan,2019-01,201901,6,Sunday,Sun,7,1,0
2019-01-07,2019,Q1,Q1 2019,1,January,Jan,2019-01,201901,7,Monday,Mon,1,0,1
2019-01-08,2019,Q1,Q1 2019,1,January,Jan,2019-01,201901,8,Tuesday,Tue,2,0,1
2019-01-09,2019,Q1,Q1 2019,1,January,Jan,2019-01,201901,9,Wednesday,Wed,3,0,1
2019-01-10,2019,Q1,Q1 2019,1,January,Jan,2019-01,201901,10,Thursday,Thu,4,0,1
2019-01-11,2019,Q1,Q1 2019,1,January,Jan,2019-01,201901,11,Friday,Fri,5,0,1
2019-01-12,2019,Q1,Q1 2019,1,January,Jan,2019-01,201901,12,Saturday,Sat,6,1,0
2019-01-13,2019,Q1,Q1 2019,1,January,Jan,2019-01,201901,13,Sunday,Sun,7,1,0
2019-01-14,2019,Q1,Q1 2019,1,January,Jan,2019-01,201901,14,Monday,Mon,1,0,1
2019-01-15,2019,Q1,Q1 2019,1,January,Jan,2019-01,201901,15,Tuesday,Tue,2,0,1
2019-01-16,2019,Q1,Q1 2019,1,January,Jan,2019-01,201901,16,Wednesday,Wed,3,0,1
2019-01-17,2019,Q1,Q1 2019,1,January,Jan,2019-01,201901,17,Thursday,Thu,4,0,1
2019-01-18,2019,Q1,Q1 2019,1,January,Jan,2019-01,201901,18,Friday,Fri,5,0,1
2019-01-19,2019,Q1,Q1 2019,1,January,Jan,2019-01,201901,19,Saturday,Sat,6,1,0
2019-01-20,2019,Q1,Q1 2019,1,January,Jan,2019-01,201901,20,Sunday,Sun,7,1,0
2019-01-21,2019,Q1,Q1 2019,1,January,Jan,2019-01,201901,21,Monday,Mon,1,0,1
2019-01-22,2019,Q1,Q1 2019,1,January,Jan,2019-01,201901,22,Tuesday,Tue,2,0,1
2019-01-23,2019,Q1,Q1 2019,1,January,Jan,2019-01,201901,23,Wednesday,Wed,3,0,1
2019-01-24,2019,Q1,Q1 2019,1,January,Jan,2019-01,201901,24,Thursday,Thu,4,0,1
2019-01-25,2019,Q1,Q1 2019,1,January,Jan,2019-01,201901,25,Friday,Fri,5,0,1
2019-01-26,2019,Q1,Q1 2019,1,January,Jan,2019-01,201901,26,Saturday,Sat,6,1,0
2019-01-27,2019,Q1,Q1 2019,1,January,Jan,2019-01,201901,27,Sunday,Sun,7,1,0
2019-01-28,2019,Q1,Q1 2019,1,January,Jan,2019-01,201901,28,Monday,Mon,1,0,1
2019-01-29,2019,Q1,Q1 2019,1,January,Jan,2019-01,201901,29,Tuesday,Tue,2,0,1
2019-01-30,2019,Q1,Q1 2019,1,January,Jan,2019-01,201901,30,Wednesday,Wed,3,0,1
2019-01-31,2019,Q1,Q1 2019,1,January,Jan,2019-01,201901,31,Thursday,Thu,4,0,1
2019-02-01,2019,Q1,Q1 2019,2,February,Feb,2019-02,201902,1,Friday,Fri,5,0,1
2019-02-02,2019,Q1,Q1 2019,2,February,Feb,2019-02,201902,2,Saturday,Sat,6,1,0
2019-02-03,2019,Q1,Q1 2019,2,February,Feb,2019-02,201902,3,Sunday,Sun,7,1,0
2019-02-04,2019,Q1,Q1 2019,2,February,Feb,2019-02,201902,4,Monday,Mon,1,0,1
2019-02-05,2019,Q1,Q1 2019,2,February,Feb,2019-02,201902,5,Tuesday,Tue,2,0,1
2019-02-06,2019,Q1,Q1 2019,2,February,Feb,2019-02,201902,6,Wednesday,Wed,3,0,1
2019-02-07,2019,Q1,Q1 2019,2,February,Feb,2019-02,201902,7,Thursday,Thu,4,0,1
2019-02-08,2019,Q1,Q1 2019,2,February,Feb,2019-02,201902,8,Friday,Fri,5,0,1
2019-02-09,2019,Q1,Q1 2019,2,February,Feb,2019-02,201902,9,Saturday,Sat,6,1,0
2019-02-10,2019,Q1,Q1 2019,2,February,Feb,2019-02,201902,10,Sunday,Sun,7,1,0
2019-02-11,2019,Q1,Q1 2019,2,February,Feb,2019-02,201902,11,Monday,Mon,1,0,1
2019-02-12,2019,Q1,Q1 2019,2,February,Feb,2019-02,201902,12,Tuesday,Tue,2,0,1
2019-02-13,2019,Q1,Q1 2019,2,February,Feb,2019-02,201902,13,Wednesday,Wed,3,0,0
2019-02-14,2019,Q1,Q1 2019,2,February,Feb,2019-02,201902,14,Thursday,Thu,4,0,1
2019-02-15,2019,Q1,Q1 2019,2,February,Feb,2019-02,201902,15,Friday,Fri,5,0,1
2019-02-16,2019,Q1,Q1 2019,2,February,Feb,2019-02,201902,16,Saturday,Sat,6,1,0
2019-02-17,2019,Q1,Q1 2019,2,February,Feb,2019-02,201902,17,Sunday,Sun,7,1,0
2019-02-18,2019,Q1,Q1 2019,2,February,Feb,2019-02,201902,18,Monday,Mon,1,0,1
2019-02-19,2019,Q1,Q1 2019,2,February,Feb,2019-02,201902,19,Tuesday,Tue,2,0,1
2019-02-20,2019,Q1,Q1 2019,2,February,Feb,2019-02,201902,20,Wednesday,Wed,3,0,1
2019-02-21,2019,Q1,Q1 2019,2,February,Feb,2019-02,201902,21,Thursday,Thu,4,0,1
2019-02-22,2019,Q1,Q1 2019,2,February,Feb,2019-02,201902,22,Friday,Fri,5,0,1
2019-02-23,2019,Q1,Q1 2019,2,February,Feb,2019-02,201902,23,Saturday,Sat,6,1,0
2019-02-24,2019,Q1,Q1 2019,2,February,Feb,2019-02,201902,24,Sunday,Sun,7,1,0
2019-02-25,2019,Q1,Q1 2019,2,February,Feb,2019-02,201902,25,Monday,Mon,1,0,1
2019-02-26,2019,Q1,Q1 2019,2,February,Feb,2019-02,201902,26,Tuesday,Tue,2,0,1
2019-02-27,2019,Q1,Q1 2019,2,February,Feb,2019-02,201902,27,Wednesday,Wed,3,0,1
2019-02-28,2019,Q1,Q1 2019,2,February,Feb,2019-02,201902,28,Thursday,Thu,4,0,1
2019-03-01,2019,Q1,Q1 2019,3,March,Mar,2019-03,201903,1,Friday,Fri,5,0,1
2019-03-02,2019,Q1,Q1 2019,3,March,Mar,2019-03,201903,2,Saturday,Sat,6,1,0
2019-03-03,2019,Q1,Q1 2019,3,March,Mar,2019-03,201903,3,Sunday,Sun,7,1,0
2019-03-04,2019,Q1,Q1 2019,3,March,Mar,2019-03,201903,4,Monday,Mon,1,0,0
2019-03-05,2019,Q1,Q1 2019,3,March,Mar,2019-03,201903,5,Tuesday,Tue,2,0,1
2019-03-06,2019,Q1,Q1 2019,3,March,Mar,2019-03,201903,6,Wednesday,Wed,3,0,1
2019-03-07,2019,Q1,Q1 2019,3,March,Mar,2019-03,201903,7,Thursday,Thu,4,0,1
2019-03-08,2019,Q1,Q1 2019,3,March,Mar,2019-03,201903,8,Friday,Fri,5,0,1
2019-03-09,2019,Q1,Q1 2019,3,March,Mar,2019-03,201903,9,Saturday,Sat,6,1,0
2019-03-10,2019,Q1,Q1 2019,3,March,Mar,2019-03,201903,10,Sunday,Sun,7,1,0
2019-03-11,2019,Q1,Q1 2019,3,March,Mar,2019-03,201903,11,Monday,Mon,1,0,1
2019-03-12,2019,Q1,Q1 2019,3,March,Mar,2019-03,201903,12,Tuesday,Tue,2,0,1
2019-03-13,2019,Q1,Q1 2019,3,March,Mar,2019-03,201903,13,Wednesday,Wed,3,0,1
2019-03-14,2019,Q1,Q1 2019,3,March,Mar,2019-03,201903,14,Thursday,Thu,4,0,1
2019-03-15,2019,Q1,Q1 2019,3,March,Mar,2019-03,201903,15,Friday,Fri,5,0,1
2019-03-16,2019,Q1,Q1 2019,3,March,Mar,2019-03,201903,16,Saturday,Sat,6,1,0
2019-03-17,2019,Q1,Q1 2019,3,March,Mar,2019-03,201903,17,Sunday,Sun,7,1,0
2019-03-18,2019,Q1,Q1 2019,3,March,Mar,2019-03,201903,18,Monday,Mon,1,0,1
2019-03-19,2019,Q1,Q1 2019,3,March,Mar,2019-03,201903,19,Tuesday,Tue,2,0,1
2019-03-20,2019,Q1,Q1 2019,3,March,Mar,2019-03,201903,20,Wednesday,Wed,3,0,1
2019-03-21,2019,Q1,Q1 2019,3,March,Mar,2019-03,201903,21,Thursday,Thu,4,0,0
2019-03-22,2019,Q1,Q1 2019,3,March,Mar,2019-03,201903,22,Friday,Fri,5,0,1
2019-03-23,2019,Q1,Q1 2019,3,March,Mar,2019-03,201903,23,Saturday,Sat,6,1,0
2019-03-24,2019,Q1,Q1 2019,3,March,Mar,2019-03,201903,24,Sunday,Sun,7,1,0
2019-03-25,2019,Q1,Q1 2019,3,March,Mar,2019-03,201903,25,Monday,Mon,1,0,1
2019-03-26,2019,Q1,Q1 2019,3,March,Mar,2019-03,201903,26,Tuesday,Tue,2,0,1
2019-03-27,2019,Q1,Q1 2019,3,March,Mar,2019-03,201903,27,Wednesday,Wed,3,0,1
2019-03-28,2019,Q1,Q1 2019,3,March,Mar,2019-03,201903,28,Thursday,Thu,4,0,1
2019-03-29,2019,Q1,Q1 2019,3,March,Mar,2019-03,201903,29,Friday,Fri,5,0,0
2019-03-30,2019,Q1,Q1 2019,3,March,Mar,2019-03,201903,30,Saturday,Sat,6,1,0
2019-03-31,2019,Q1,Q1 2019,3,March,Mar,2019-03,201903,31,Sunday,Sun,7,1,0
2019-04-01,2019,Q2,Q2 2019,4,April,Apr,2019-04,201904,1,Monday,Mon,1,0,1
2019-04-02,2019,Q2,Q2 2019,4,April,Apr,2019-04,201904,2,Tuesday,Tue,2,0,1
2019-04-03,2019,Q2,Q2 2019,4,April,Apr,2019-04,201904,3,Wednesday,Wed,3,0,1
2019-04-04,2019,Q2,Q2 2019,4,April,Apr,2019-04,201904,4,Thursday,Thu,4,0,1
2019-04-05,2019,Q2,Q2 2019,4,April,Apr,2019-04,201904,5,Friday,Fri,5,0,1
2019-04-06,2019,Q2,Q2 2019,4,April,Apr,2019-04,201904,6,Saturday,Sat,6,1,0
2019-04-07,2019,Q2,Q2 2019,4,April,Apr,2019-04,201904,7,Sunday,Sun,7,1,0
2019-04-08,2019,Q2,Q2 2019,4,April,Apr,2019-04,201904,8,Monday,Mon,1,0,1
2019-04-09,2019,Q2,Q2 2019,4,April,Apr,2019-04,201904,9,Tuesday,Tue,2,0,1
2019-04-10,2019,Q2,Q2 2019,4,April,Apr,2019-04,201904,10,Wednesday,Wed,3,0,1
2019-04-11,2019,Q2,Q2 2019,4,April,Apr,2019-04,201904,11,Thursday,Thu,4,0,1
2019-04-12,2019,Q2,Q2 2019,4,April,Apr,2019-04,201904,12,Friday,Fri,5,0,1
2019-04-13,2019,Q2,Q2 2019,4,April,Apr,2019-04,201904,13,Saturday,Sat,6,1,0
2019-04-14,2019,Q2,Q2 2019,4,April,Apr,2019-04,201904,14,Sunday,Sun,7,1,0
2019-04-15,2019,Q2,Q2 2019,4,April,Apr,2019-04,201904,15,Monday,Mon,1,0,1
2019-04-16,2019,Q2,Q2 2019,4,April,Apr,2019-04,201904,16,Tuesday,Tue,2,0,1
2019-04-17,2019,Q2,Q2 2019,4,April,Apr,2019-04,201904,17,Wednesday,Wed,3,0,0
2019-04-18,2019,Q2,Q2 2019,4,April,Apr,2019-04,201904,18,Thursday,Thu,4,0,1
2019-04-19,2019,Q2,Q2 2019,4,April,Apr,2019-04,201904,19,Friday,Fri,5,0,0
2019-04-20,2019,Q2,Q2 2019,4,April,Apr,2019-04,201904,20,Saturday,Sat,6,1,0
2019-04-21,2019,Q2,Q2 2019,4,April,Apr,2019-04,201904,21,Sunday,Sun,7,1,0
2019-04-22,2019,Q2,Q2 2019,4,April,Apr,2019-04,201904,22,Monday,Mon,1,0,1
2019-04-23,2019,Q2,Q2 2019,4,April,Apr,2019-04,201904,23,Tuesday,Tue,2,0,1
2019-04-24,2019,Q2,Q2 2019,4,April,Apr,2019-04,201904,24,Wednesday,Wed,3,0,1
2019-04-25,2019,Q2,Q2 2019,4,April,Apr,2019-04,201904,25,Thursday,Thu,4,0,1
2019-04-26,2019,Q2,Q2 2019,4,April,Apr,2019-04,201904,26,Friday,Fri,5,0,1
2019-04-27,2019,Q2,Q2 2019,4,April,Apr,2019-04,201904,27,Saturday,Sat,6,1,0
2019-04-28,2019,Q2,Q2 2019,4,April,Apr,2019-04,201904,28,Sunday,Sun,7,1,0
2019-04-29,2019,Q2,Q2 2019,4,April,Apr,2019-04,201904,29,Monday,Mon,1,0,0
2019-04-30,2019,Q2,Q2 2019,4,April,Apr,2019-04,201904,30,Tuesday,Tue,2,0,1
2019-05-01,2019,Q2,Q2 2019,5,May,May,2019-05,201905,1,Wednesday,Wed,3,0,0
2019-05-02,2019,Q2,Q2 2019,5,May,May,2019-05,201905,2,Thursday,Thu,4,0,1
2019-05-03,2019,Q2,Q2 2019,5,May,May,2019-05,201905,3,Friday,Fri,5,0,1
2019-05-04,2019,Q2,Q2 2019,5,May,May,2019-05,201905,4,Saturday,Sat,6,1,0
2019-05-05,2019,Q2,Q2 2019,5,May,May,2019-05,201905,5,Sunday,Sun,7,1,0
2019-05-06,2019,Q2,Q2 2019,5,May,May,2019-05,201905,6,Monday,Mon,1,0,1
2019-05-07,2019,Q2,Q2 2019,5,May,May,2019-05,201905,7,Tuesday,Tue,2,0,1
2019-05-08,2019,Q2,Q2 2019,5,May,May,2019-05,201905,8,Wednesday,Wed,3,0,1
2019-05-09,2019,Q2,Q2 2019,5,May,May,2019-05,201905,9,Thursday,Thu,4,0,1
2019-05-10,2019,Q2,Q2 2019,5,May,May,2019-05,201905,10,Friday,Fri,5,0,1
2019-05-11,2019,Q2,Q2 2019,5,May,May,2019-05,201905,11,Saturday,Sat,6,1,0
2019-05-12,2019,Q2,Q2 2019,5,May,May,2019-05,201905,12,Sunday,Sun,7,1,0
2019-05-13,2019,Q2,Q2 2019,5,May,May,2019-05,201905,13,Monday,Mon,1,0,1
2019-05-14,2019,Q2,Q2 2019,5,May,May,2019-05,201905,14,Tuesday,Tue,2,0,1
2019-05-15,2019,Q2,Q2 2019,5,May,May,2019-05,201905,15,Wednesday,Wed,3,0,1
2019-05-16,2019,Q2,Q2 2019,5,May,May,2019-05,201905,16,Thursday,Thu,4,0,1
2019-05-17,2019,Q2,Q2 2019,5,May,May,2019-05,201905,17,Friday,Fri,5,0,1
2019-05-18,2019,Q2,Q2 2019,5,May,May,2019-05,201905,18,Saturday,Sat,6,1,0
2019-05-19,2019,Q2,Q2 2019,5,May,May,2019-05,201905,19,Sunday,Sun,7,1,0
2019-05-20,2019,Q2,Q2 2019,5,May,May,2019-05,201905,20,Monday,Mon,1,0,1
2019-05-21,2019,Q2,Q2 2019,5,May,May,2019-05,201905,21,Tuesday,Tue,2,0,1
2019-05-22,2019,Q2,Q2 2019,5,May,May,2019-05,201905,22,Wednesday,Wed,3,0,1
2019-05-23,2019,Q2,Q2 2019,5,May,May,2019-05,201905,23,Thursday,Thu,4,0,1
2019-05-24,2019,Q2,Q2 2019,5,May,May,2019-05,201905,24,Friday,Fri,5,0,1
2019-05-25,2019,Q2,Q2 2019,5,May,May,2019-05,201905,25,Saturday,Sat,6,1,0
2019-05-26,2019,Q2,Q2 2019,5,May,May,2019-05,201905,26,Sunday,Sun,7,1,0
2019-05-27,2019,Q2,Q2 2019,5,May,May,2019-05,201905,27,Monday,Mon,1,0,1
2019-05-28,2019,Q2,Q2 2019,5,May,May,2019-05,201905,28,Tuesday,Tue,2,0,1
2019-05-29,2019,Q2,Q2 2019,5,May,May,2019-05,201905,29,Wednesday,Wed,3,0,1
2019-05-30,2019,Q2,Q2 2019,5,May,May,2019-05,201905,30,Thursday,Thu,4,0,1
2019-05-31,2019,Q2,Q2 2019,5,May,May,2019-05,201905,31,Friday,Fri,5,0,1
2019-06-01,2019,Q2,Q2 2019,6,June,Jun,2019-06,201906,1,Saturday,Sat,6,1,0
2019-06-02,2019,Q2,Q2 2019,6,June,Jun,2019-06,201906,2,Sunday,Sun,7,1,0
2019-06-03,2019,Q2,Q2 2019,6,June,Jun,2019-06,201906,3,Monday,Mon,1,0,1
2019-06-04,2019,Q2,Q2 2019,6,June,Jun,2019-06,201906,4,Tuesday,Tue,2,0,1
2019-06-05,2019,Q2,Q2 2019,6,June,Jun,2019-06,201906,5,Wednesday,Wed,3,0,0
2019-06-06,2019,Q2,Q2 2019,6,June,Jun,2019-06,201906,6,Thursday,Thu,4,0,1
2019-06-07,2019,Q2,Q2 2019,6,June,Jun,2019-06,201906,7,Friday,Fri,5,0,1
2019-06-08,2019,Q2,Q2 2019,6,June,Jun,2019-06,201906,8,Saturday,Sat,6,1,0
2019-06-09,2019,Q2,Q2 2019,6,June,Jun,2019-06,201906,9,Sunday,Sun,7,1,0
2019-06-10,2019,Q2,Q2 2019,6,June,Jun,2019-06,201906,10,Monday,Mon,1,0,1
2019-06-11,2019,Q2,Q2 2019,6,June,Jun,2019-06,201906,11,Tuesday,Tue,2,0,1
2019-06-12,2019,Q2,Q2 2019,6,June,Jun,2019-06,201906,12,Wednesday,Wed,3,0,1
2019-06-13,2019,Q2,Q2 2019,6,June,Jun,2019-06,201906,13,Thursday,Thu,4,0,1
2019-06-14,2019,Q2,Q2 2019,6,June,Jun,2019-06,201906,14,Friday,Fri,5,0,1
2019-06-15,2019,Q2,Q2 2019,6,June,Jun,2019-06,201906,15,Saturday,Sat,6,1,0
2019-06-16,2019,Q2,Q2 2019,6,June,Jun,2019-06,201906,16,Sunday,Sun,7,1,0
2019-06-17,2019,Q2,Q2 2019,6,June,Jun,2019-06,201906,17,Monday,Mon,1,0,1
2019-06-18,2019,Q2,Q2 2019,6,June,Jun,2019-06,201906,18,Tuesday,Tue,2,0,1
2019-06-19,2019,Q2,Q2 2019,6,June,Jun,2019-06,201906,19,Wednesday,Wed,3,0,1
2019-06-20,2019,Q2,Q2 2019,6,June,Jun,2019-06,201906,20,Thursday,Thu,4,0,1
2019-06-21,2019,Q2,Q2 2019,6,June,Jun,2019-06,201906,21,Friday,Fri,5,0,1
2019-06-22,2019,Q2,Q2 2019,6,June,Jun,2019-06,201906,22,Saturday,Sat,6,1,0
2019-06-23,2019,Q2,Q2 2019,6,June,Jun,2019-06,201906,23,Sunday,Sun,7,1,0
2019-06-24,2019,Q2,Q2 2019,6,June,Jun,2019-06,201906,24,Monday,Mon,1,0,1
2019-06-25,2019,Q2,Q2 2019,6,June,Jun,2019-06,201906,25,Tuesday,Tue,2,0,1
2019-06-26,2019,Q2,Q2 2019,6,June,Jun,2019-06,201906,26,Wednesday,Wed,3,0,1
2019-06-27,2019,Q2,Q2 2019,6,June,Jun,2019-06,201906,27,Thursday,Thu,4,0,1
2019-06-28,2019,Q2,Q2 2019,6,June,Jun,2019-06,201906,28,Friday,Fri,5,0,1
2019-06-29,2019,Q2,Q2 2019,6,June,Jun,2019-06,201906,29,Saturday,Sat,6,1,0
2019-06-30,2019,Q2,Q2 2019,6,June,Jun,2019-06,201906,30,Sunday,Sun,7,1,0
2019-07-01,2019,Q3,Q3 2019,7,July,Jul,2019-07,201907,1,Monday,Mon,1,0,1
2019-07-02,2019,Q3,Q3 2019,7,July,Jul,2019-07,201907,2,Tuesday,Tue,2,0,1
2019-07-03,2019,Q3,Q3 2019,7,July,Jul,2019-07,201907,3,Wednesday,Wed,3,0,1
2019-07-04,2019,Q3,Q3 2019,7,July,Jul,2019-07,201907,4,Thursday,Thu,4,0,1
2019-07-05,2019,Q3,Q3 2019,7,July,Jul,2019-07,201907,5,Friday,Fri,5,0,1
2019-07-06,2019,Q3,Q3 2019,7,July,Jul,2019-07,201907,6,Saturday,Sat,6,1,0
2019-07-07,2019,Q3,Q3 2019,7,July,Jul,2019-07,201907,7,Sunday,Sun,7,1,0
2019-07-08,2019,Q3,Q3 2019,7,July,Jul,2019-07,201907,8,Monday,Mon,1,0,1
2019-07-09,2019,Q3,Q3 2019,7,July,Jul,2019-07,201907,9,Tuesday,Tue,2,0,1
2019-07-10,2019,Q3,Q3 2019,7,July,Jul,2019-07,201907,10,Wednesday,Wed,3,0,1
2019-07-11,2019,Q3,Q3 2019,7,July,Jul,2019-07,201907,11,Thursday,Thu,4,0,1
2019-07-12,2019,Q3,Q3 2019,7,July,Jul,2019-07,201907,12,Friday,Fri,5,0,1
2019-07-13,2019,Q3,Q3 2019,7,July,Jul,2019-07,201907,13,Saturday,Sat,6,1,0
2019-07-14,2019,Q3,Q3 2019,7,July,Jul,2019-07,201907,14,Sunday,Sun,7,1,0
2019-07-15,2019,Q3,Q3 2019,7,July,Jul,2019-07,201907,15,Monday,Mon,1,0,1
2019-07-16,2019,Q3,Q3 2019,7,July,Jul,2019-07,201907,16,Tuesday,Tue,2,0,1
2019-07-17,2019,Q3,Q3 2019,7,July,Jul,2019-07,201907,17,Wednesday,Wed,3,0,1
2019-07-18,2019,Q3,Q3 2019,7,July,Jul,2019-07,201907,18,Thursday,Thu,4,0,1
2019-07-19,2019,Q3,Q3 2019,7,July,Jul,2019-07,201907,19,Friday,Fri,5,0,1
2019-07-20,2019,Q3,Q3 2019,7,July,Jul,2019-07,201907,20,Saturday,Sat,6,1,0
2019-07-21,2019,Q3,Q3 2019,7,July,Jul,2019-07,201907,21,Sunday,Sun,7,1,0
2019-07-22,2019,Q3,Q3 2019,7,July,Jul,2019-07,201907,22,Monday,Mon,1,0,1
2019-07-23,2019,Q3,Q3 2019,7,July,Jul,2019-07,201907,23,Tuesday,Tue,2,0,1
2019-07-24,2019,Q3,Q3 2019,7,July,Jul,2019-07,201907,24,Wednesday,Wed,3,0,1
2019-07-25,2019,Q3,Q3 2019,7,July,Jul,2019-07,201907,25,Thursday,Thu,4,0,1
2019-07-26,2019,Q3,Q3 2019,7,July,Jul,2019-07,201907,26,Friday,Fri,5,0,1
2019-07-27,2019,Q3,Q3 2019,7,July,Jul,2019-07,201907,27,Saturday,Sat,6,1,0
2019-07-28,2019,Q3,Q3 2019,7,July,Jul,2019-07,201907,28,Sunday,Sun,7,1,0
2019-07-29,2019,Q3,Q3 2019,7,July,Jul,2019-07,201907,29,Monday,Mon,1,0,1
2019-07-30,2019,Q3,Q3 2019,7,July,Jul,2019-07,201907,30,Tuesday,Tue,2,0,1
2019-07-31,2019,Q3,Q3 2019,7,July,Jul,2019-07,201907,31,Wednesday,Wed,3,0,1
2019-08-01,2019,Q3,Q3 2019,8,August,Aug,2019-08,201908,1,Thursday,Thu,4,0,1
2019-08-02,2019,Q3,Q3 2019,8,August,Aug,2019-08,201908,2,Friday,Fri,5,0,1
2019-08-03,2019,Q3,Q3 2019,8,August,Aug,2019-08,201908,3,Saturday,Sat,6,1,0
2019-08-04,2019,Q3,Q3 2019,8,August,Aug,2019-08,201908,4,Sunday,Sun,7,1,0
2019-08-05,2019,Q3,Q3 2019,8,August,Aug,2019-08,201908,5,Monday,Mon,1,0,1
2019-08-06,2019,Q3,Q3 2019,8,August,Aug,2019-08,201908,6,Tuesday,Tue,2,0,1
2019-08-07,2019,Q3,Q3 2019,8,August,Aug,2019-08,201908,7,Wednesday,Wed,3,0,1
2019-08-08,2019,Q3,Q3 2019,8,August,Aug,2019-08,201908,8,Thursday,Thu,4,0,1
2019-08-09,2019,Q3,Q3 2019,8,August,Aug,2019-08,201908,9,Friday,Fri,5,0,1
2019-08-10,2019,Q3,Q3 2019,8,August,Aug,2019-08,201908,10,Saturday,Sat,6,1,0
2019-08-11,2019,Q3,Q3 2019,8,August,Aug,2019-08,201908,11,Sunday,Sun,7,1,0
2019-08-12,2019,Q3,Q3 2019,8,August,Aug,2019-08,201908,12,Monday,Mon,1,0,0
2019-08-13,2019,Q3,Q3 2019,8,August,Aug,2019-08,201908,13,Tuesday,Tue,2,0,1
2019-08-14,2019,Q3,Q3 2019,8,August,Aug,2019-08,201908,14,Wednesday,Wed,3,0,1
2019-08-15,2019,Q3,Q3 2019,8,August,Aug,2019-08,201908,15,Thursday,Thu,4,0,0
2019-08-16,2019,Q3,Q3 2019,8,August,Aug,2019-08,201908,16,Friday,Fri,5,0,1
2019-08-17,2019,Q3,Q3 2019,8,August,Aug,2019-08,201908,17,Saturday,Sat,6,1,0
2019-08-18,2019,Q3,Q3 2019,8,August,Aug,2019-08,201908,18,Sunday,Sun,7,1,0
2019-08-19,2019,Q3,Q3 2019,8,August,Aug,2019-08,201908,19,Monday,Mon,1,0,1
2019-08-20,2019,Q3,Q3 2019,8,August,Aug,2019-08,201908,20,Tuesday,Tue,2,0,1
2019-08-21,2019,Q3,Q3 2019,8,August,Aug,2019-08,201908,21,Wednesday,Wed,3,0,1
2019-08-22,2019,Q3,Q3 2019,8,August,Aug,2019-08,201908,22,Thursday,Thu,4,0,1
2019-08-23,2019,Q3,Q3 2019,8,August,Aug,2019-08,201908,23,Friday,Fri,5,0,1
2019-08-24,2019,Q3,Q3 2019,8,August,Aug,2019-08,201908,24,Saturday,Sat,6,1,0
2019-08-25,2019,Q3,Q3 2019,8,August,Aug,2019-08,201908,25,Sunday,Sun,7,1,0
2019-08-26,2019,Q3,Q3 2019,8,August,Aug,2019-08,201908,26,Monday,Mon,1,0,1
2019-08-27,2019,Q3,Q3 2019,8,August,Aug,2019-08,201908,27,Tuesday,Tue,2,0,1
2019-08-28,2019,Q3,Q3 2019,8,August,Aug,2019-08,201908,28,Wednesday,Wed,3,0,1
2019-08-29,2019,Q3,Q3 2019,8,August,Aug,2019-08,201908,29,Thursday,Thu,4,0,1
2019-08-30,2019,Q3,Q3 2019,8,August,Aug,2019-08,201908,30,Friday,Fri,5,0,1
2019-08-31,2019,Q3,Q3 2019,8,August,Aug,2019-08,201908,31,Saturday,Sat,6,1,0
2019-09-01,2019,Q3,Q3 2019,9,September,Sep,2019-09,201909,1,Sunday,Sun,7,1,0
2019-09-02,2019,Q3,Q3 2019,9,September,Sep,2019-09,201909,2,Monday,Mon,1,0,0
2019-09-03,2019,Q3,Q3 2019,9,September,Sep,2019-09,201909,3,Tuesday,Tue,2,0,1
2019-09-04,2019,Q3,Q3 2019,9,September,Sep,2019-09,201909,4,Wednesday,Wed,3,0,1
2019-09-05,2019,Q3,Q3 2019,9,September,Sep,2019-09,201909,5,Thursday,Thu,4,0,1
2019-09-06,2019,Q3,Q3 2019,9,September,Sep,2019-09,201909,6,Friday,Fri,5,0,1
2019-09-07,2019,Q3,Q3 2019,9,September,Sep,2019-09,201909,7,Saturday,Sat,6,1,0
2019-09-08,2019,Q3,Q3 2019,9,September,Sep,2019-09,201909,8,Sunday,Sun,7,1,0
2019-09-09,2019,Q3,Q3 2019,9,September,Sep,2019-09,201909,9,Monday,Mon,1,0,1
2019-09-10,2019,Q3,Q3 2019,9,September,Sep,2019-09,201909,10,Tuesday,Tue,2,0,0
2019-09-11,2019,Q3,Q3 2019,9,September,Sep,2019-09,201909,11,Wednesday,Wed,3,0,1
2019-09-12,2019,Q3,Q3 2019,9,September,Sep,2019-09,201909,12,Thursday,Thu,4,0,1
2019-09-13,2019,Q3,Q3 2019,9,September,Sep,2019-09,201909,13,Friday,Fri,5,0,1
2019-09-14,2019,Q3,Q3 2019,9,September,Sep,2019-09,201909,14,Saturday,Sat,6,1,0
2019-09-15,2019,Q3,Q3 2019,9,September,Sep,2019-09,201909,15,Sunday,Sun,7,1,0
2019-09-16,2019,Q3,Q3 2019,9,September,Sep,2019-09,201909,16,Monday,Mon,1,0,1
2019-09-17,2019,Q3,Q3 2019,9,September,Sep,2019-09,201909,17,Tuesday,Tue,2,0,1
2019-09-18,2019,Q3,Q3 2019,9,September,Sep,2019-09,201909,18,Wednesday,Wed,3,0,1
2019-09-19,2019,Q3,Q3 2019,9,September,Sep,2019-09,201909,19,Thursday,Thu,4,0,1
2019-09-20,2019,Q3,Q3 2019,9,September,Sep,2019-09,201909,20,Friday,Fri,5,0,1
2019-09-21,2019,Q3,Q3 2019,9,September,Sep,2019-09,201909,21,Saturday,Sat,6,1,0
2019-09-22,2019,Q3,Q3 2019,9,September,Sep,2019-09,201909,22,Sunday,Sun,7,1,0
2019-09-23,2019,Q3,Q3 2019,9,September,Sep,2019-09,201909,23,Monday,Mon,1,0,1
2019-09-24,2019,Q3,Q3 2019,9,September,Sep,2019-09,201909,24,Tuesday,Tue,2,0,1
2019-09-25,2019,Q3,Q3 2019,9,September,Sep,2019-09,201909,25,Wednesday,Wed,3,0,1
2019-09-26,2019,Q3,Q3 2019,9,September,Sep,2019-09,201909,26,Thursday,Thu,4,0,1
2019-09-27,2019,Q3,Q3 2019,9,September,Sep,2019-09,201909,27,Friday,Fri,5,0,1
2019-09-28,2019,Q3,Q3 2019,9,September,Sep,2019-09,201909,28,Saturday,Sat,6,1,0
2019-09-29,2019,Q3,Q3 2019,9,September,Sep,2019-09,201909,29,Sunday,Sun,7,1,0
2019-09-30,2019,Q3,Q3 2019,9,September,Sep,2019-09,201909,30,Monday,Mon,1,0,1
2019-10-01,2019,Q4,Q4 2019,10,October,Oct,2019-10,201910,1,Tuesday,Tue,2,0,1
2019-10-02,2019,Q4,Q4 2019,10,October,Oct,2019-10,201910,2,Wednesday,Wed,3,0,0
2019-10-03,2019,Q4,Q4 2019,10,October,Oct,2019-10,201910,3,Thursday,Thu,4,0,1
2019-10-04,2019,Q4,Q4 2019,10,October,Oct,2019-10,201910,4,Friday,Fri,5,0,1
2019-10-05,2019,Q4,Q4 2019,10,October,Oct,2019-10,201910,5,Saturday,Sat,6,1,0
2019-10-06,2019,Q4,Q4 2019,10,October,Oct,2019-10,201910,6,Sunday,Sun,7,1,0
2019-10-07,2019,Q4,Q4 2019,10,October,Oct,2019-10,201910,7,Monday,Mon,1,0,1
2019-10-08,2019,Q4,Q4 2019,10,October,Oct,2019-10,201910,8,Tuesday,Tue,2,0,0
2019-10-09,2019,Q4,Q4 2019,10,October,Oct,2019-10,201910,9,Wednesday,Wed,3,0,1
2019-10-10,2019,Q4,Q4 2019,10,October,Oct,2019-10,201910,10,Thursday,Thu,4,0,1
2019-10-11,2019,Q4,Q4 2019,10,October,Oct,2019-10,201910,11,Friday,Fri,5,0,1
2019-10-12,2019,Q4,Q4 2019,10,October,Oct,2019-10,201910,12,Saturday,Sat,6,1,0
2019-10-13,2019,Q4,Q4 2019,10,October,Oct,2019-10,201910,13,Sunday,Sun,7,1,0
2019-10-14,2019,Q4,Q4 2019,10,October,Oct,2019-10,201910,14,Monday,Mon,1,0,1
2019-10-15,2019,Q4,Q4 2019,10,October,Oct,2019-10,201910,15,Tuesday,Tue,2,0,1
2019-10-16,2019,Q4,Q4 2019,10,October,Oct,2019-10,201910,16,Wednesday,Wed,3,0,1
2019-10-17,2019,Q4,Q4 2019,10,October,Oct,2019-10,201910,17,Thursday,Thu,4,0,1
2019-10-18,2019,Q4,Q4 2019,10,October,Oct,2019-10,201910,18,Friday,Fri,5,0,1
2019-10-19,2019,Q4,Q4 2019,10,October,Oct,2019-10,201910,19,Saturday,Sat,6,1,0
2019-10-20,2019,Q4,Q4 2019,10,October,Oct,2019-10,201910,20,Sunday,Sun,7,1,0
2019-10-21,2019,Q4,Q4 2019,10,October,Oct,2019-10,201910,21,Monday,Mon,1,0,0
2019-10-22,2019,Q4,Q4 2019,10,October,Oct,2019-10,201910,22,Tuesday,Tue,2,0,1
2019-10-23,2019,Q4,Q4 2019,10,October,Oct,2019-10,201910,23,Wednesday,Wed,3,0,1
2019-10-24,2019,Q4,Q4 2019,10,October,Oct,2019-10,201910,24,Thursday,Thu,4,0,1
2019-10-25,2019,Q4,Q4 2019,10,October,Oct,2019-10,201910,25,Friday,Fri,5,0,1
2019-10-26,2019,Q4,Q4 2019,10,October,Oct,2019-10,201910,26,Saturday,Sat,6,1,0
2019-10-27,2019,Q4,Q4 2019,10,October,Oct,2019-10,201910,27,Sunday,Sun,7,1,1
2019-10-28,2019,Q4,Q4 2019,10,October,Oct,2019-10,201910,28,Monday,Mon,1,0,0
2019-10-29,2019,Q4,Q4 2019,10,October,Oct,2019-10,201910,29,Tuesday,Tue,2,0,1
2019-10-30,2019,Q4,Q4 2019,10,October,Oct,2019-10,201910,30,Wednesday,Wed,3,0,1
2019-10-31,2019,Q4,Q4 2019,10,October,Oct,2019-10,201910,31,Thursday,Thu,4,0,1
2019-11-01,2019,Q4,Q4 2019,11,November,Nov,2019-11,201911,1,Friday,Fri,5,0,1
2019-11-02,2019,Q4,Q4 2019,11,November,Nov,2019-11,201911,2,Saturday,Sat,6,1,0
2019-11-03,2019,Q4,Q4 2019,11,November,Nov,2019-11,201911,3,Sunday,Sun,7,1,0
2019-11-04,2019,Q4,Q4 2019,11,November,Nov,2019-11,201911,4,Monday,Mon,1,0,1
2019-11-05,2019,Q4,Q4 2019,11,November,Nov,2019-11,201911,5,Tuesday,Tue,2,0,1
2019-11-06,2019,Q4,Q4 2019,11,November,Nov,2019-11,201911,6,Wednesday,Wed,3,0,1
2019-11-07,2019,Q4,Q4 2019,11,November,Nov,2019-11,201911,7,Thursday,Thu,4,0,1
2019-11-08,2019,Q4,Q4 2019,11,November,Nov,2019-11,201911,8,Friday,Fri,5,0,1
2019-11-09,2019,Q4,Q4 2019,11,November,Nov,2019-11,201911,9,Saturday,Sat,6,1,0
2019-11-10,2019,Q4,Q4 2019,11,November,Nov,2019-11,201911,10,Sunday,Sun,7,1,0
2019-11-11,2019,Q4,Q4 2019,11,November,Nov,2019-11,201911,11,Monday,Mon,1,0,1
2019-11-12,2019,Q4,Q4 2019,11,November,Nov,2019-11,201911,12,Tuesday,Tue,2,0,0
2019-11-13,2019,Q4,Q4 2019,11,November,Nov,2019-11,201911,13,Wednesday,Wed,3,0,1
2019-11-14,2019,Q4,Q4 2019,11,November,Nov,2019-11,201911,14,Thursday,Thu,4,0,1
2019-11-15,2019,Q4,Q4 2019,11,November,Nov,2019-11,201911,15,Friday,Fri,5,0,1
2019-11-16,2019,Q4,Q4 2019,11,November,Nov,2019-11,201911,16,Saturday,Sat,6,1,0
2019-11-17,2019,Q4,Q4 2019,11,November,Nov,2019-11,201911,17,Sunday,Sun,7,1,0
2019-11-18,2019,Q4,Q4 2019,11,November,Nov,2019-11,201911,18,Monday,Mon,1,0,1
2019-11-19,2019,Q4,Q4 2019,11,November,Nov,2019-11,201911,19,Tuesday,Tue,2,0,1
2019-11-20,2019,Q4,Q4 2019,11,November,Nov,2019-11,201911,20,Wednesday,Wed,3,0,1
2019-11-21,2019,Q4,Q4 2019,11,November,Nov,2019-11,201911,21,Thursday,Thu,4,0,1
2019-11-22,2019,Q4,Q4 2019,11,November,Nov,2019-11,201911,22,Friday,Fri,5,0,1
2019-11-23,2019,Q4,Q4 2019,11,November,Nov,2019-11,201911,23,Saturday,Sat,6,1,0
2019-11-24,2019,Q4,Q4 2019,11,November,Nov,2019-11,201911,24,Sunday,Sun,7,1,0
2019-11-25,2019,Q4,Q4 2019,11,November,Nov,2019-11,201911,25,Monday,Mon,1,0,1
2019-11-26,2019,Q4,Q4 2019,11,November,Nov,2019-11,201911,26,Tuesday,Tue,2,0,1
2019-11-27,2019,Q4,Q4 2019,11,November,Nov,2019-11,201911,27,Wednesday,Wed,3,0,1
2019-11-28,2019,Q4,Q4 2019,11,November,Nov,2019-11,201911,28,Thursday,Thu,4,0,1
2019-11-29,2019,Q4,Q4 2019,11,November,Nov,2019-11,201911,29,Friday,Fri,5,0,1
2019-11-30,2019,Q4,Q4 2019,11,November,Nov,2019-11,201911,30,Saturday,Sat,6,1,0
2019-12-01,2019,Q4,Q4 2019,12,December,Dec,2019-12,201912,1,Sunday,Sun,7,1,0
2019-12-02,2019,Q4,Q4 2019,12,December,Dec,2019-12,201912,2,Monday,Mon,1,0,1
2019-12-03,2019,Q4,Q4 2019,12,December,Dec,2019-12,201912,3,Tuesday,Tue,2,0,1
2019-12-04,2019,Q4,Q4 2019,12,December,Dec,2019-12,201912,4,Wednesday,Wed,3,0,1
2019-12-05,2019,Q4,Q4 2019,12,December,Dec,2019-12,201912,5,Thursday,Thu,4,0,1
2019-12-06,2019,Q4,Q4 2019,12,December,Dec,2019-12,201912,6,Friday,Fri,5,0,1
2019-12-07,2019,Q4,Q4 2019,12,December,Dec,2019-12,201912,7,Saturday,Sat,6,1,0
2019-12-08,2019,Q4,Q4 2019,12,December,Dec,2019-12,201912,8,Sunday,Sun,7,1,0
2019-12-09,2019,Q4,Q4 2019,12,December,Dec,2019-12,201912,9,Monday,Mon,1,0,1
2019-12-10,2019,Q4,Q4 2019,12,December,Dec,2019-12,201912,10,Tuesday,Tue,2,0,1
2019-12-11,2019,Q4,Q4 2019,12,December,Dec,2019-12,201912,11,Wednesday,Wed,3,0,1
2019-12-12,2019,Q4,Q4 2019,12,December,Dec,2019-12,201912,12,Thursday,Thu,4,0,1
2019-12-13,2019,Q4,Q4 2019,12,December,Dec,2019-12,201912,13,Friday,Fri,5,0,1
2019-12-14,2019,Q4,Q4 2019,12,December,Dec,2019-12,201912,14,Saturday,Sat,6,1,0
2019-12-15,2019,Q4,Q4 2019,12,December,Dec,2019-12,201912,15,Sunday,Sun,7,1,0
2019-12-16,2019,Q4,Q4 2019,12,December,Dec,2019-12,201912,16,Monday,Mon,1,0,1
2019-12-17,2019,Q4,Q4 2019,12,December,Dec,2019-12,201912,17,Tuesday,Tue,2,0,1
2019-12-18,2019,Q4,Q4 2019,12,December,Dec,2019-12,201912,18,Wednesday,Wed,3,0,1
2019-12-19,2019,Q4,Q4 2019,12,December,Dec,2019-12,201912,19,Thursday,Thu,4,0,1
2019-12-20,2019,Q4,Q4 2019,12,December,Dec,2019-12,201912,20,Friday,Fri,5,0,1
2019-12-21,2019,Q4,Q4 2019,12,December,Dec,2019-12,201912,21,Saturday,Sat,6,1,0
2019-12-22,2019,Q4,Q4 2019,12,December,Dec,2019-12,201912,22,Sunday,Sun,7,1,0
2019-12-23,2019,Q4,Q4 2019,12,December,Dec,2019-12,201912,23,Monday,Mon,1,0,1
2019-12-24,2019,Q4,Q4 2019,12,December,Dec,2019-12,201912,24,Tuesday,Tue,2,0,1
2019-12-25,2019,Q4,Q4 2019,12,December,Dec,2019-12,201912,25,Wednesday,Wed,3,0,0
2019-12-26,2019,Q4,Q4 2019,12,December,Dec,2019-12,201912,26,Thursday,Thu,4,0,1
2019-12-27,2019,Q4,Q4 2019,12,December,Dec,2019-12,201912,27,Friday,Fri,5,0,1
2019-12-28,2019,Q4,Q4 2019,12,December,Dec,2019-12,201912,28,Saturday,Sat,6,1,0
2019-12-29,2019,Q4,Q4 2019,12,December,Dec,2019-12,201912,29,Sunday,Sun,7,1,0
2019-12-30,2019,Q4,Q4 2019,12,December,Dec,2019-12,201912,30,Monday,Mon,1,0,1
2019-12-31,2019,Q4,Q4 2019,12,December,Dec,2019-12,201912,31,Tuesday,Tue,2,0,1
2020-01-01,2020,Q1,Q1 2020,1,January,Jan,2020-01,202001,1,Wednesday,Wed,3,0,1
2020-01-02,2020,Q1,Q1 2020,1,January,Jan,2020-01,202001,2,Thursday,Thu,4,0,1
2020-01-03,2020,Q1,Q1 2020,1,January,Jan,2020-01,202001,3,Friday,Fri,5,0,1
2020-01-04,2020,Q1,Q1 2020,1,January,Jan,2020-01,202001,4,Saturday,Sat,6,1,0
2020-01-05,2020,Q1,Q1 2020,1,January,Jan,2020-01,202001,5,Sunday,Sun,7,1,0
2020-01-06,2020,Q1,Q1 2020,1,January,Jan,2020-01,202001,6,Monday,Mon,1,0,1
2020-01-07,2020,Q1,Q1 2020,1,January,Jan,2020-01,202001,7,Tuesday,Tue,2,0,1
2020-01-08,2020,Q1,Q1 2020,1,January,Jan,2020-01,202001,8,Wednesday,Wed,3,0,1
2020-01-09,2020,Q1,Q1 2020,1,January,Jan,2020-01,202001,9,Thursday,Thu,4,0,1
2020-01-10,2020,Q1,Q1 2020,1,January,Jan,2020-01,202001,10,Friday,Fri,5,0,1
2020-01-11,2020,Q1,Q1 2020,1,January,Jan,2020-01,202001,11,Saturday,Sat,6,1,0
2020-01-12,2020,Q1,Q1 2020,1,January,Jan,2020-01,202001,12,Sunday,Sun,7,1,0
2020-01-13,2020,Q1,Q1 2020,1,January,Jan,2020-01,202001,13,Monday,Mon,1,0,1
2020-01-14,2020,Q1,Q1 2020,1,January,Jan,2020-01,202001,14,Tuesday,Tue,2,0,1
2020-01-15,2020,Q1,Q1 2020,1,January,Jan,2020-01,202001,15,Wednesday,Wed,3,0,1
2020-01-16,2020,Q1,Q1 2020,1,January,Jan,2020-01,202001,16,Thursday,Thu,4,0,1
2020-01-17,2020,Q1,Q1 2020,1,January,Jan,2020-01,202001,17,Friday,Fri,5,0,1
2020-01-18,2020,Q1,Q1 2020,1,January,Jan,2020-01,202001,18,Saturday,Sat,6,1,0
2020-01-19,2020,Q1,Q1 2020,1,January,Jan,2020-01,202001,19,Sunday,Sun,7,1,0
2020-01-20,2020,Q1,Q1 2020,1,January,Jan,2020-01,202001,20,Monday,Mon,1,0,1
2020-01-21,2020,Q1,Q1 2020,1,January,Jan,2020-01,202001,21,Tuesday,Tue,2,0,1
2020-01-22,2020,Q1,Q1 2020,1,January,Jan,2020-01,202001,22,Wednesday,Wed,3,0,1
2020-01-23,2020,Q1,Q1 2020,1,January,Jan,2020-01,202001,23,Thursday,Thu,4,0,1
2020-01-24,2020,Q1,Q1 2020,1,January,Jan,2020-01,202001,24,Friday,Fri,5,0,1
2020-01-25,2020,Q1,Q1 2020,1,January,Jan,2020-01,202001,25,Saturday,Sat,6,1,0
2020-01-26,2020,Q1,Q1 2020,1,January,Jan,2020-01,202001,26,Sunday,Sun,7,1,0
2020-01-27,2020,Q1,Q1 2020,1,January,Jan,2020-01,202001,27,Monday,Mon,1,0,1
2020-01-28,2020,Q1,Q1 2020,1,January,Jan,2020-01,202001,28,Tuesday,Tue,2,0,1
2020-01-29,2020,Q1,Q1 2020,1,January,Jan,2020-01,202001,29,Wednesday,Wed,3,0,1
2020-01-30,2020,Q1,Q1 2020,1,January,Jan,2020-01,202001,30,Thursday,Thu,4,0,1
2020-01-31,2020,Q1,Q1 2020,1,January,Jan,2020-01,202001,31,Friday,Fri,5,0,1
2020-02-01,2020,Q1,Q1 2020,2,February,Feb,2020-02,202002,1,Saturday,Sat,6,1,0
2020-02-02,2020,Q1,Q1 2020,2,February,Feb,2020-02,202002,2,Sunday,Sun,7,1,0
2020-02-03,2020,Q1,Q1 2020,2,February,Feb,2020-02,202002,3,Monday,Mon,1,0,1
2020-02-04,2020,Q1,Q1 2020,2,February,Feb,2020-02,202002,4,Tuesday,Tue,2,0,1
2020-02-05,2020,Q1,Q1 2020,2,February,Feb,2020-02,202002,5,Wednesday,Wed,3,0,1
2020-02-06,2020,Q1,Q1 2020,2,February,Feb,2020-02,202002,6,Thursday,Thu,4,0,1
2020-02-07,2020,Q1,Q1 2020,2,February,Feb,2020-02,202002,7,Friday,Fri,5,0,1
2020-02-08,2020,Q1,Q1 2020,2,February,Feb,2020-02,202002,8,Saturday,Sat,6,1,0
2020-02-09,2020,Q1,Q1 2020,2,February,Feb,2020-02,202002,9,Sunday,Sun,7,1,0
2020-02-10,2020,Q1,Q1 2020,2,February,Feb,2020-02,202002,10,Monday,Mon,1,0,1
2020-02-11,2020,Q1,Q1 2020,2,February,Feb,2020-02,202002,11,Tuesday,Tue,2,0,1
2020-02-12,2020,Q1,Q1 2020,2,February,Feb,2020-02,202002,12,Wednesday,Wed,3,0,1
2020-02-13,2020,Q1,Q1 2020,2,February,Feb,2020-02,202002,13,Thursday,Thu,4,0,1
2020-02-14,2020,Q1,Q1 2020,2,February,Feb,2020-02,202002,14,Friday,Fri,5,0,1
2020-02-15,2020,Q1,Q1 2020,2,February,Feb,2020-02,202002,15,Saturday,Sat,6,1,0
2020-02-16,2020,Q1,Q1 2020,2,February,Feb,2020-02,202002,16,Sunday,Sun,7,1,0
2020-02-17,2020,Q1,Q1 2020,2,February,Feb,2020-02,202002,17,Monday,Mon,1,0,1
2020-02-18,2020,Q1,Q1 2020,2,February,Feb,2020-02,202002,18,Tuesday,Tue,2,0,1
2020-02-19,2020,Q1,Q1 2020,2,February,Feb,2020-02,202002,19,Wednesday,Wed,3,0,1
2020-02-20,2020,Q1,Q1 2020,2,February,Feb,2020-02,202002,20,Thursday,Thu,4,0,1
2020-02-21,2020,Q1,Q1 2020,2,February,Feb,2020-02,202002,21,Friday,Fri,5,0,0
2020-02-22,2020,Q1,Q1 2020,2,February,Feb,2020-02,202002,22,Saturday,Sat,6,1,0
2020-02-23,2020,Q1,Q1 2020,2,February,Feb,2020-02,202002,23,Sunday,Sun,7,1,0
2020-02-24,2020,Q1,Q1 2020,2,February,Feb,2020-02,202002,24,Monday,Mon,1,0,1
2020-02-25,2020,Q1,Q1 2020,2,February,Feb,2020-02,202002,25,Tuesday,Tue,2,0,1
2020-02-26,2020,Q1,Q1 2020,2,February,Feb,2020-02,202002,26,Wednesday,Wed,3,0,1
2020-02-27,2020,Q1,Q1 2020,2,February,Feb,2020-02,202002,27,Thursday,Thu,4,0,1
2020-02-28,2020,Q1,Q1 2020,2,February,Feb,2020-02,202002,28,Friday,Fri,5,0,1
2020-02-29,2020,Q1,Q1 2020,2,February,Feb,2020-02,202002,29,Saturday,Sat,6,1,0
2020-03-01,2020,Q1,Q1 2020,3,March,Mar,2020-03,202003,1,Sunday,Sun,7,1,0
2020-03-02,2020,Q1,Q1 2020,3,March,Mar,2020-03,202003,2,Monday,Mon,1,0,1
2020-03-03,2020,Q1,Q1 2020,3,March,Mar,2020-03,202003,3,Tuesday,Tue,2,0,1
2020-03-04,2020,Q1,Q1 2020,3,March,Mar,2020-03,202003,4,Wednesday,Wed,3,0,1
2020-03-05,2020,Q1,Q1 2020,3,March,Mar,2020-03,202003,5,Thursday,Thu,4,0,1
2020-03-06,2020,Q1,Q1 2020,3,March,Mar,2020-03,202003,6,Friday,Fri,5,0,1
2020-03-07,2020,Q1,Q1 2020,3,March,Mar,2020-03,202003,7,Saturday,Sat,6,1,0
2020-03-08,2020,Q1,Q1 2020,3,March,Mar,2020-03,202003,8,Sunday,Sun,7,1,0
2020-03-09,2020,Q1,Q1 2020,3,March,Mar,2020-03,202003,9,Monday,Mon,1,0,1
2020-03-10,2020,Q1,Q1 2020,3,March,Mar,2020-03,202003,10,Tuesday,Tue,2,0,0
2020-03-11,2020,Q1,Q1 2020,3,March,Mar,2020-03,202003,11,Wednesday,Wed,3,0,1
2020-03-12,2020,Q1,Q1 2020,3,March,Mar,2020-03,202003,12,Thursday,Thu,4,0,1
2020-03-13,2020,Q1,Q1 2020,3,March,Mar,2020-03,202003,13,Friday,Fri,5,0,1
2020-03-14,2020,Q1,Q1 2020,3,March,Mar,2020-03,202003,14,Saturday,Sat,6,1,0
2020-03-15,2020,Q1,Q1 2020,3,March,Mar,2020-03,202003,15,Sunday,Sun,7,1,0
2020-03-16,2020,Q1,Q1 2020,3,March,Mar,2020-03,202003,16,Monday,Mon,1,0,1
2020-03-17,2020,Q1,Q1 2020,3,March,Mar,2020-03,202003,17,Tuesday,Tue,2,0,1
2020-03-18,2020,Q1,Q1 2020,3,March,Mar,2020-03,202003,18,Wednesday,Wed,3,0,1
2020-03-19,2020,Q1,Q1 2020,3,March,Mar,2020-03,202003,19,Thursday,Thu,4,0,1
2020-03-20,2020,Q1,Q1 2020,3,March,Mar,2020-03,202003,20,Friday,Fri,5,0,1
2020-03-21,2020,Q1,Q1 2020,3,March,Mar,2020-03,202003,21,Saturday,Sat,6,1,0
2020-03-22,2020,Q1,Q1 2020,3,March,Mar,2020-03,202003,22,Sunday,Sun,7,1,0
2020-03-23,2020,Q1,Q1 2020,3,March,Mar,2020-03,202003,23,Monday,Mon,1,0,1
2020-03-24,2020,Q1,Q1 2020,3,March,Mar,2020-03,202003,24,Tuesday,Tue,2,0,1
2020-03-25,2020,Q1,Q1 2020,3,March,Mar,2020-03,202003,25,Wednesday,Wed,3,0,1
2020-03-26,2020,Q1,Q1 2020,3,March,Mar,2020-03,202003,26,Thursday,Thu,4,0,1
2020-03-27,2020,Q1,Q1 2020,3,March,Mar,2020-03,202003,27,Friday,Fri,5,0,1
2020-03-28,2020,Q1,Q1 2020,3,March,Mar,2020-03,202003,28,Saturday,Sat,6,1,0
2020-03-29,2020,Q1,Q1 2020,3,March,Mar,2020-03,202003,29,Sunday,Sun,7,1,0
2020-03-30,2020,Q1,Q1 2020,3,March,Mar,2020-03,202003,30,Monday,Mon,1,0,1
2020-03-31,2020,Q1,Q1 2020,3,March,Mar,2020-03,202003,31,Tuesday,Tue,2,0,1
2020-04-01,2020,Q2,Q2 2020,4,April,Apr,2020-04,202004,1,Wednesday,Wed,3,0,1
2020-04-02,2020,Q2,Q2 2020,4,April,Apr,2020-04,202004,2,Thursday,Thu,4,0,0
2020-04-03,2020,Q2,Q2 2020,4,April,Apr,2020-04,202004,3,Friday,Fri,5,0,1
2020-04-04,2020,Q2,Q2 2020,4,April,Apr,2020-04,202004,4,Saturday,Sat,6,1,0
2020-04-05,2020,Q2,Q2 2020,4,April,Apr,2020-04,202004,5,Sunday,Sun,7,1,0
2020-04-06,2020,Q2,Q2 2020,4,April,Apr,2020-04,202004,6,Monday,Mon,1,0,0
2020-04-07,2020,Q2,Q2 2020,4,April,Apr,2020-04,202004,7,Tuesday,Tue,2,0,1
2020-04-08,2020,Q2,Q2 2020,4,April,Apr,2020-04,202004,8,Wednesday,Wed,3,0,1
2020-04-09,2020,Q2,Q2 2020,4,April,Apr,2020-04,202004,9,Thursday,Thu,4,0,1
2020-04-10,2020,Q2,Q2 2020,4,April,Apr,2020-04,202004,10,Friday,Fri,5,0,0
2020-04-11,2020,Q2,Q2 2020,4,April,Apr,2020-04,202004,11,Saturday,Sat,6,1,0
2020-04-12,2020,Q2,Q2 2020,4,April,Apr,2020-04,202004,12,Sunday,Sun,7,1,0
2020-04-13,2020,Q2,Q2 2020,4,April,Apr,2020-04,202004,13,Monday,Mon,1,0,1
2020-04-14,2020,Q2,Q2 2020,4,April,Apr,2020-04,202004,14,Tuesday,Tue,2,0,0
2020-04-15,2020,Q2,Q2 2020,4,April,Apr,2020-04,202004,15,Wednesday,Wed,3,0,1
2020-04-16,2020,Q2,Q2 2020,4,April,Apr,2020-04,202004,16,Thursday,Thu,4,0,1
2020-04-17,2020,Q2,Q2 2020,4,April,Apr,2020-04,202004,17,Friday,Fri,5,0,1
2020-04-18,2020,Q2,Q2 2020,4,April,Apr,2020-04,202004,18,Saturday,Sat,6,1,0
2020-04-19,2020,Q2,Q2 2020,4,April,Apr,2020-04,202004,19,Sunday,Sun,7,1,0
2020-04-20,2020,Q2,Q2 2020,4,April,Apr,2020-04,202004,20,Monday,Mon,1,0,1
2020-04-21,2020,Q2,Q2 2020,4,April,Apr,2020-04,202004,21,Tuesday,Tue,2,0,1
2020-04-22,2020,Q2,Q2 2020,4,April,Apr,2020-04,202004,22,Wednesday,Wed,3,0,1
2020-04-23,2020,Q2,Q2 2020,4,April,Apr,2020-04,202004,23,Thursday,Thu,4,0,1
2020-04-24,2020,Q2,Q2 2020,4,April,Apr,2020-04,202004,24,Friday,Fri,5,0,1
2020-04-25,2020,Q2,Q2 2020,4,April,Apr,2020-04,202004,25,Saturday,Sat,6,1,0
2020-04-26,2020,Q2,Q2 2020,4,April,Apr,2020-04,202004,26,Sunday,Sun,7,1,0
2020-04-27,2020,Q2,Q2 2020,4,April,Apr,2020-04,202004,27,Monday,Mon,1,0,1
2020-04-28,2020,Q2,Q2 2020,4,April,Apr,2020-04,202004,28,Tuesday,Tue,2,0,1
2020-04-29,2020,Q2,Q2 2020,4,April,Apr,2020-04,202004,29,Wednesday,Wed,3,0,1
2020-04-30,2020,Q2,Q2 2020,4,April,Apr,2020-04,202004,30,Thursday,Thu,4,0,1
2020-05-01,2020,Q2,Q2 2020,5,May,May,2020-05,202005,1,Friday,Fri,5,0,0
2020-05-02,2020,Q2,Q2 2020,5,May,May,2020-05,202005,2,Saturday,Sat,6,1,0
2020-05-03,2020,Q2,Q2 2020,5,May,May,2020-05,202005,3,Sunday,Sun,7,1,0
2020-05-04,2020,Q2,Q2 2020,5,May,May,2020-05,202005,4,Monday,Mon,1,0,1
2020-05-05,2020,Q2,Q2 2020,5,May,May,2020-05,202005,5,Tuesday,Tue,2,0,1
2020-05-06,2020,Q2,Q2 2020,5,May,May,2020-05,202005,6,Wednesday,Wed,3,0,1
2020-05-07,2020,Q2,Q2 2020,5,May,May,2020-05,202005,7,Thursday,Thu,4,0,1
2020-05-08,2020,Q2,Q2 2020,5,May,May,2020-05,202005,8,Friday,Fri,5,0,1
2020-05-09,2020,Q2,Q2 2020,5,May,May,2020-05,202005,9,Saturday,Sat,6,1,0
2020-05-10,2020,Q2,Q2 2020,5,May,May,2020-05,202005,10,Sunday,Sun,7,1,0
2020-05-11,2020,Q2,Q2 2020,5,May,May,2020-05,202005,11,Monday,Mon,1,0,1
2020-05-12,2020,Q2,Q2 2020,5,May,May,2020-05,202005,12,Tuesday,Tue,2,0,1
2020-05-13,2020,Q2,Q2 2020,5,May,May,2020-05,202005,13,Wednesday,Wed,3,0,1
2020-05-14,2020,Q2,Q2 2020,5,May,May,2020-05,202005,14,Thursday,Thu,4,0,1
2020-05-15,2020,Q2,Q2 2020,5,May,May,2020-05,202005,15,Friday,Fri,5,0,1
2020-05-16,2020,Q2,Q2 2020,5,May,May,2020-05,202005,16,Saturday,Sat,6,1,0
2020-05-17,2020,Q2,Q2 2020,5,May,May,2020-05,202005,17,Sunday,Sun,7,1,0
2020-05-18,2020,Q2,Q2 2020,5,May,May,2020-05,202005,18,Monday,Mon,1,0,1
2020-05-19,2020,Q2,Q2 2020,5,May,May,2020-05,202005,19,Tuesday,Tue,2,0,1
2020-05-20,2020,Q2,Q2 2020,5,May,May,2020-05,202005,20,Wednesday,Wed,3,0,1
2020-05-21,2020,Q2,Q2 2020,5,May,May,2020-05,202005,21,Thursday,Thu,4,0,1
2020-05-22,2020,Q2,Q2 2020,5,May,May,2020-05,202005,22,Friday,Fri,5,0,1
2020-05-23,2020,Q2,Q2 2020,5,May,May,2020-05,202005,23,Saturday,Sat,6,1,0
2020-05-24,2020,Q2,Q2 2020,5,May,May,2020-05,202005,24,Sunday,Sun,7,1,0
2020-05-25,2020,Q2,Q2 2020,5,May,May,2020-05,202005,25,Monday,Mon,1,0,0
2020-05-26,2020,Q2,Q2 2020,5,May,May,2020-05,202005,26,Tuesday,Tue,2,0,1
2020-05-27,2020,Q2,Q2 2020,5,May,May,2020-05,202005,27,Wednesday,Wed,3,0,1
2020-05-28,2020,Q2,Q2 2020,5,May,May,2020-05,202005,28,Thursday,Thu,4,0,1
2020-05-29,2020,Q2,Q2 2020,5,May,May,2020-05,202005,29,Friday,Fri,5,0,1
2020-05-30,2020,Q2,Q2 2020,5,May,May,2020-05,202005,30,Saturday,Sat,6,1,0
2020-05-31,2020,Q2,Q2 2020,5,May,May,2020-05,202005,31,Sunday,Sun,7,1,0
2020-06-01,2020,Q2,Q2 2020,6,June,Jun,2020-06,202006,1,Monday,Mon,1,0,1
2020-06-02,2020,Q2,Q2 2020,6,June,Jun,2020-06,202006,2,Tuesday,Tue,2,0,1
2020-06-03,2020,Q2,Q2 2020,6,June,Jun,2020-06,202006,3,Wednesday,Wed,3,0,1
2020-06-04,2020,Q2,Q2 2020,6,June,Jun,2020-06,202006,4,Thursday,Thu,4,0,1
2020-06-05,2020,Q2,Q2 2020,6,June,Jun,2020-06,202006,5,Friday,Fri,5,0,1
2020-06-06,2020,Q2,Q2 2020,6,June,Jun,2020-06,202006,6,Saturday,Sat,6,1,0
2020-06-07,2020,Q2,Q2 2020,6,June,Jun,2020-06,202006,7,Sunday,Sun,7,1,0
2020-06-08,2020,Q2,Q2 2020,6,June,Jun,2020-06,202006,8,Monday,Mon,1,0,1
2020-06-09,2020,Q2,Q2 2020,6,June,Jun,2020-06,202006,9,Tuesday,Tue,2,0,1
2020-06-10,2020,Q2,Q2 2020,6,June,Jun,2020-06,202006,10,Wednesday,Wed,3,0,1
2020-06-11,2020,Q2,Q2 2020,6,June,Jun,2020-06,202006,11,Thursday,Thu,4,0,1
2020-06-12,2020,Q2,Q2 2020,6,June,Jun,2020-06,202006,12,Friday,Fri,5,0,1
2020-06-13,2020,Q2,Q2 2020,6,June,Jun,2020-06,202006,13,Saturday,Sat,6,1,0
2020-06-14,2020,Q2,Q2 2020,6,June,Jun,2020-06,202006,14,Sunday,Sun,7,1,0
2020-06-15,2020,Q2,Q2 2020,6,June,Jun,2020-06,202006,15,Monday,Mon,1,0,1
2020-06-16,2020,Q2,Q2 2020,6,June,Jun,2020-06,202006,16,Tuesday,Tue,2,0,1
2020-06-17,2020,Q2,Q2 2020,6,June,Jun,2020-06,202006,17,Wednesday,Wed,3,0,1
2020-06-18,2020,Q2,Q2 2020,6,June,Jun,2020-06,202006,18,Thursday,Thu,4,0,1
2020-06-19,2020,Q2,Q2 2020,6,June,Jun,2020-06,202006,19,Friday,Fri,5,0,1
2020-06-20,2020,Q2,Q2 2020,6,June,Jun,2020-06,202006,20,Saturday,Sat,6,1,0
2020-06-21,2020,Q2,Q2 2020,6,June,Jun,2020-06,202006,21,Sunday,Sun,7,1,0
2020-06-22,2020,Q2,Q2 2020,6,June,Jun,2020-06,202006,22,Monday,Mon,1,0,1
2020-06-23,2020,Q2,Q2 2020,6,June,Jun,2020-06,202006,23,Tuesday,Tue,2,0,1
2020-06-24,2020,Q2,Q2 2020,6,June,Jun,2020-06,202006,24,Wednesday,Wed,3,0,1
2020-06-25,2020,Q2,Q2 2020,6,June,Jun,2020-06,202006,25,Thursday,Thu,4,0,1
2020-06-26,2020,Q2,Q2 2020,6,June,Jun,2020-06,202006,26,Friday,Fri,5,0,1
2020-06-27,2020,Q2,Q2 2020,6,June,Jun,2020-06,202006,27,Saturday,Sat,6,1,0
2020-06-28,2020,Q2,Q2 2020,6,June,Jun,2020-06,202006,28,Sunday,Sun,7,1,0
2020-06-29,2020,Q2,Q2 2020,6,June,Jun,2020-06,202006,29,Monday,Mon,1,0,1
2020-06-30,2020,Q2,Q2 2020,6,June,Jun,2020-06,202006,30,Tuesday,Tue,2,0,1
2020-07-01,2020,Q3,Q3 2020,7,July,Jul,2020-07,202007,1,Wednesday,Wed,3,0,1
2020-07-02,2020,Q3,Q3 2020,7,July,Jul,2020-07,202007,2,Thursday,Thu,4,0,1
2020-07-03,2020,Q3,Q3 2020,7,July,Jul,2020-07,202007,3,Friday,Fri,5,0,1
2020-07-04,2020,Q3,Q3 2020,7,July,Jul,2020-07,202007,4,Saturday,Sat,6,1,0
2020-07-05,2020,Q3,Q3 2020,7,July,Jul,2020-07,202007,5,Sunday,Sun,7,1,0
2020-07-06,2020,Q3,Q3 2020,7,July,Jul,2020-07,202007,6,Monday,Mon,1,0,1
2020-07-07,2020,Q3,Q3 2020,7,July,Jul,2020-07,202007,7,Tuesday,Tue,2,0,1
2020-07-08,2020,Q3,Q3 2020,7,July,Jul,2020-07,202007,8,Wednesday,Wed,3,0,1
2020-07-09,2020,Q3,Q3 2020,7,July,Jul,2020-07,202007,9,Thursday,Thu,4,0,1
2020-07-10,2020,Q3,Q3 2020,7,July,Jul,2020-07,202007,10,Friday,Fri,5,0,1
2020-07-11,2020,Q3,Q3 2020,7,July,Jul,2020-07,202007,11,Saturday,Sat,6,1,0
2020-07-12,2020,Q3,Q3 2020,7,July,Jul,2020-07,202007,12,Sunday,Sun,7,1,0
2020-07-13,2020,Q3,Q3 2020,7,July,Jul,2020-07,202007,13,Monday,Mon,1,0,1
2020-07-14,2020,Q3,Q3 2020,7,July,Jul,2020-07,202007,14,Tuesday,Tue,2,0,1
2020-07-15,2020,Q3,Q3 2020,7,July,Jul,2020-07,202007,15,Wednesday,Wed,3,0,1
2020-07-16,2020,Q3,Q3 2020,7,July,Jul,2020-07,202007,16,Thursday,Thu,4,0,1
2020-07-17,2020,Q3,Q3 2020,7,July,Jul,2020-07,202007,17,Friday,Fri,5,0,1
2020-07-18,2020,Q3,Q3 2020,7,July,Jul,2020-07,202007,18,Saturday,Sat,6,1,0
2020-07-19,2020,Q3,Q3 2020,7,July,Jul,2020-07,202007,19,Sunday,Sun,7,1,0
2020-07-20,2020,Q3,Q3 2020,7,July,Jul,2020-07,202007,20,Monday,Mon,1,0,1
2020-07-21,2020,Q3,Q3 2020,7,July,Jul,2020-07,202007,21,Tuesday,Tue,2,0,1
2020-07-22,2020,Q3,Q3 2020,7,July,Jul,2020-07,202007,22,Wednesday,Wed,3,0,1
2020-07-23,2020,Q3,Q3 2020,7,July,Jul,2020-07,202007,23,Thursday,Thu,4,0,1
2020-07-24,2020,Q3,Q3 2020,7,July,Jul,2020-07,202007,24,Friday,Fri,5,0,1
2020-07-25,2020,Q3,Q3 2020,7,July,Jul,2020-07,202007,25,Saturday,Sat,6,1,0
2020-07-26,2020,Q3,Q3 2020,7,July,Jul,2020-07,202007,26,Sunday,Sun,7,1,0
2020-07-27,2020,Q3,Q3 2020,7,July,Jul,2020-07,202007,27,Monday,Mon,1,0,1
2020-07-28,2020,Q3,Q3 2020,7,July,Jul,2020-07,202007,28,Tuesday,Tue,2,0,1
2020-07-29,2020,Q3,Q3 2020,7,July,Jul,2020-07,202007,29,Wednesday,Wed,3,0,1
2020-07-30,2020,Q3,Q3 2020,7,July,Jul,2020-07,202007,30,Thursday,Thu,4,0,1
2020-07-31,2020,Q3,Q3 2020,7,July,Jul,2020-07,202007,31,Friday,Fri,5,0,1
2020-08-01,2020,Q3,Q3 2020,8,August,Aug,2020-08,202008,1,Saturday,Sat,6,1,0
2020-08-02,2020,Q3,Q3 2020,8,August,Aug,2020-08,202008,2,Sunday,Sun,7,1,0
2020-08-03,2020,Q3,Q3 2020,8,August,Aug,2020-08,202008,3,Monday,Mon,1,0,1
2020-08-04,2020,Q3,Q3 2020,8,August,Aug,2020-08,202008,4,Tuesday,Tue,2,0,1
2020-08-05,2020,Q3,Q3 2020,8,August,Aug,2020-08,202008,5,Wednesday,Wed,3,0,1
2020-08-06,2020,Q3,Q3 2020,8,August,Aug,2020-08,202008,6,Thursday,Thu,4,0,1
2020-08-07,2020,Q3,Q3 2020,8,August,Aug,2020-08,202008,7,Friday,Fri,5,0,1
2020-08-08,2020,Q3,Q3 2020,8,August,Aug,2020-08,202008,8,Saturday,Sat,6,1,0
2020-08-09,2020,Q3,Q3 2020,8,August,Aug,2020-08,202008,9,Sunday,Sun,7,1,0
2020-08-10,2020,Q3,Q3 2020,8,August,Aug,2020-08,202008,10,Monday,Mon,1,0,1
2020-08-11,2020,Q3,Q3 2020,8,August,Aug,2020-08,202008,11,Tuesday,Tue,2,0,1
2020-08-12,2020,Q3,Q3 2020,8,August,Aug,2020-08,202008,12,Wednesday,Wed,3,0,1
2020-08-13,2020,Q3,Q3 2020,8,August,Aug,2020-08,202008,13,Thursday,Thu,4,0,1
2020-08-14,2020,Q3,Q3 2020,8,August,Aug,2020-08,202008,14,Friday,Fri,5,0,1
2020-08-15,2020,Q3,Q3 2020,8,August,Aug,2020-08,202008,15,Saturday,Sat,6,1,0
2020-08-16,2020,Q3,Q3 2020,8,August,Aug,2020-08,202008,16,Sunday,Sun,7,1,0
2020-08-17,2020,Q3,Q3 2020,8,August,Aug,2020-08,202008,17,Monday,Mon,1,0,1
2020-08-18,2020,Q3,Q3 2020,8,August,Aug,2020-08,202008,18,Tuesday,Tue,2,0,1
2020-08-19,2020,Q3,Q3 2020,8,August,Aug,2020-08,202008,19,Wednesday,Wed,3,0,1
2020-08-20,2020,Q3,Q3 2020,8,August,Aug,2020-08,202008,20,Thursday,Thu,4,0,1
2020-08-21,2020,Q3,Q3 2020,8,August,Aug,2020-08,202008,21,Friday,Fri,5,0,1
2020-08-22,2020,Q3,Q3 2020,8,August,Aug,2020-08,202008,22,Saturday,Sat,6,1,0
2020-08-23,2020,Q3,Q3 2020,8,August,Aug,2020-08,202008,23,Sunday,Sun,7,1,0
2020-08-24,2020,Q3,Q3 2020,8,August,Aug,2020-08,202008,24,Monday,Mon,1,0,1
2020-08-25,2020,Q3,Q3 2020,8,August,Aug,2020-08,202008,25,Tuesday,Tue,2,0,1
2020-08-26,2020,Q3,Q3 2020,8,August,Aug,2020-08,202008,26,Wednesday,Wed,3,0,1
2020-08-27,2020,Q3,Q3 2020,8,August,Aug,2020-08,202008,27,Thursday,Thu,4,0,1
2020-08-28,2020,Q3,Q3 2020,8,August,Aug,2020-08,202008,28,Friday,Fri,5,0,1
2020-08-29,2020,Q3,Q3 2020,8,August,Aug,2020-08,202008,29,Saturday,Sat,6,1,0
2020-08-30,2020,Q3,Q3 2020,8,August,Aug,2020-08,202008,30,Sunday,Sun,7,1,0
2020-08-31,2020,Q3,Q3 2020,8,August,Aug,2020-08,202008,31,Monday,Mon,1,0,1
2020-09-01,2020,Q3,Q3 2020,9,September,Sep,2020-09,202009,1,Tuesday,Tue,2,0,1
2020-09-02,2020,Q3,Q3 2020,9,September,Sep,2020-09,202009,2,Wednesday,Wed,3,0,1
2020-09-03,2020,Q3,Q3 2020,9,September,Sep,2020-09,202009,3,Thursday,Thu,4,0,1
2020-09-04,2020,Q3,Q3 2020,9,September,Sep,2020-09,202009,4,Friday,Fri,5,0,1
2020-09-05,2020,Q3,Q3 2020,9,September,Sep,2020-09,202009,5,Saturday,Sat,6,1,0
2020-09-06,2020,Q3,Q3 2020,9,September,Sep,2020-09,202009,6,Sunday,Sun,7,1,0
2020-09-07,2020,Q3,Q3 2020,9,September,Sep,2020-09,202009,7,Monday,Mon,1,0,1
2020-09-08,2020,Q3,Q3 2020,9,September,Sep,2020-09,202009,8,Tuesday,Tue,2,0,1
2020-09-09,2020,Q3,Q3 2020,9,September,Sep,2020-09,202009,9,Wednesday,Wed,3,0,1
2020-09-10,2020,Q3,Q3 2020,9,September,Sep,2020-09,202009,10,Thursday,Thu,4,0,1
2020-09-11,2020,Q3,Q3 2020,9,September,Sep,2020-09,202009,11,Friday,Fri,5,0,1
2020-09-12,2020,Q3,Q3 2020,9,September,Sep,2020-09,202009,12,Saturday,Sat,6,1,0
2020-09-13,2020,Q3,Q3 2020,9,September,Sep,2020-09,202009,13,Sunday,Sun,7,1,0
2020-09-14,2020,Q3,Q3 2020,9,September,Sep,2020-09,202009,14,Monday,Mon,1,0,1
2020-09-15,2020,Q3,Q3 2020,9,September,Sep,2020-09,202009,15,Tuesday,Tue,2,0,1
2020-09-16,2020,Q3,Q3 2020,9,September,Sep,2020-09,202009,16,Wednesday,Wed,3,0,1
2020-09-17,2020,Q3,Q3 2020,9,September,Sep,2020-09,202009,17,Thursday,Thu,4,0,1
2020-09-18,2020,Q3,Q3 2020,9,September,Sep,2020-09,202009,18,Friday,Fri,5,0,1
2020-09-19,2020,Q3,Q3 2020,9,September,Sep,2020-09,202009,19,Saturday,Sat,6,1,0
2020-09-20,2020,Q3,Q3 2020,9,September,Sep,2020-09,202009,20,Sunday,Sun,7,1,0
2020-09-21,2020,Q3,Q3 2020,9,September,Sep,2020-09,202009,21,Monday,Mon,1,0,1
2020-09-22,2020,Q3,Q3 2020,9,September,Sep,2020-09,202009,22,Tuesday,Tue,2,0,1
2020-09-23,2020,Q3,Q3 2020,9,September,Sep,2020-09,202009,23,Wednesday,Wed,3,0,1
2020-09-24,2020,Q3,Q3 2020,9,September,Sep,2020-09,202009,24,Thursday,Thu,4,0,1
2020-09-25,2020,Q3,Q3 2020,9,September,Sep,2020-09,202009,25,Friday,Fri,5,0,1
2020-09-26,2020,Q3,Q3 2020,9,September,Sep,2020-09,202009,26,Saturday,Sat,6,1,0
2020-09-27,2020,Q3,Q3 2020,9,September,Sep,2020-09,202009,27,Sunday,Sun,7,1,0
2020-09-28,2020,Q3,Q3 2020,9,September,Sep,2020-09,202009,28,Monday,Mon,1,0,1
2020-09-29,2020,Q3,Q3 2020,9,September,Sep,2020-09,202009,29,Tuesday,Tue,2,0,1
2020-09-30,2020,Q3,Q3 2020,9,September,Sep,2020-09,202009,30,Wednesday,Wed,3,0,1
2020-10-01,2020,Q4,Q4 2020,10,October,Oct,2020-10,202010,1,Thursday,Thu,4,0,1
2020-10-02,2020,Q4,Q4 2020,10,October,Oct,2020-10,202010,2,Friday,Fri,5,0,0
2020-10-03,2020,Q4,Q4 2020,10,October,Oct,2020-10,202010,3,Saturday,Sat,6,1,0
2020-10-04,2020,Q4,Q4 2020,10,October,Oct,2020-10,202010,4,Sunday,Sun,7,1,0
2020-10-05,2020,Q4,Q4 2020,10,October,Oct,2020-10,202010,5,Monday,Mon,1,0,1
2020-10-06,2020,Q4,Q4 2020,10,October,Oct,2020-10,202010,6,Tuesday,Tue,2,0,1
2020-10-07,2020,Q4,Q4 2020,10,October,Oct,2020-10,202010,7,Wednesday,Wed,3,0,1
2020-10-08,2020,Q4,Q4 2020,10,October,Oct,2020-10,202010,8,Thursday,Thu,4,0,1
2020-10-09,2020,Q4,Q4 2020,10,October,Oct,2020-10,202010,9,Friday,Fri,5,0,1
2020-10-10,2020,Q4,Q4 2020,10,October,Oct,2020-10,202010,10,Saturday,Sat,6,1,0
2020-10-11,2020,Q4,Q4 2020,10,October,Oct,2020-10,202010,11,Sunday,Sun,7,1,0
2020-10-12,2020,Q4,Q4 2020,10,October,Oct,2020-10,202010,12,Monday,Mon,1,0,1
2020-10-13,2020,Q4,Q4 2020,10,October,Oct,2020-10,202010,13,Tuesday,Tue,2,0,1
2020-10-14,2020,Q4,Q4 2020,10,October,Oct,2020-10,202010,14,Wednesday,Wed,3,0,1
2020-10-15,2020,Q4,Q4 2020,10,October,Oct,2020-10,202010,15,Thursday,Thu,4,0,1
2020-10-16,2020,Q4,Q4 2020,10,October,Oct,2020-10,202010,16,Friday,Fri,5,0,1
2020-10-17,2020,Q4,Q4 2020,10,October,Oct,2020-10,202010,17,Saturday,Sat,6,1,0
2020-10-18,2020,Q4,Q4 2020,10,October,Oct,2020-10,202010,18,Sunday,Sun,7,1,0
2020-10-19,2020,Q4,Q4 2020,10,October,Oct,2020-10,202010,19,Monday,Mon,1,0,1
2020-10-20,2020,Q4,Q4 2020,10,October,Oct,2020-10,202010,20,Tuesday,Tue,2,0,1
2020-10-21,2020,Q4,Q4 2020,10,October,Oct,2020-10,202010,21,Wednesday,Wed,3,0,1
2020-10-22,2020,Q4,Q4 2020,10,October,Oct,2020-10,202010,22,Thursday,Thu,4,0,1
2020-10-23,2020,Q4,Q4 2020,10,October,Oct,2020-10,202010,23,Friday,Fri,5,0,1
2020-10-24,2020,Q4,Q4 2020,10,October,Oct,2020-10,202010,24,Saturday,Sat,6,1,0
2020-10-25,2020,Q4,Q4 2020,10,October,Oct,2020-10,202010,25,Sunday,Sun,7,1,0
2020-10-26,2020,Q4,Q4 2020,10,October,Oct,2020-10,202010,26,Monday,Mon,1,0,1
2020-10-27,2020,Q4,Q4 2020,10,October,Oct,2020-10,202010,27,Tuesday,Tue,2,0,1
2020-10-28,2020,Q4,Q4 2020,10,October,Oct,2020-10,202010,28,Wednesday,Wed,3,0,1
2020-10-29,2020,Q4,Q4 2020,10,October,Oct,2020-10,202010,29,Thursday,Thu,4,0,1
2020-10-30,2020,Q4,Q4 2020,10,October,Oct,2020-10,202010,30,Friday,Fri,5,0,1
2020-10-31,2020,Q4,Q4 2020,10,October,Oct,2020-10,202010,31,Saturday,Sat,6,1,0
2020-11-01,2020,Q4,Q4 2020,11,November,Nov,2020-11,202011,1,Sunday,Sun,7,1,0
2020-11-02,2020,Q4,Q4 2020,11,November,Nov,2020-11,202011,2,Monday,Mon,1,0,1
2020-11-03,2020,Q4,Q4 2020,11,November,Nov,2020-11,202011,3,Tuesday,Tue,2,0,1
2020-11-04,2020,Q4,Q4 2020,11,November,Nov,2020-11,202011,4,Wednesday,Wed,3,0,1
2020-11-05,2020,Q4,Q4 2020,11,November,Nov,2020-11,202011,5,Thursday,Thu,4,0,1
2020-11-06,2020,Q4,Q4 2020,11,November,Nov,2020-11,202011,6,Friday,Fri,5,0,1
2020-11-07,2020,Q4,Q4 2020,11,November,Nov,2020-11,202011,7,Saturday,Sat,6,1,0
2020-11-08,2020,Q4,Q4 2020,11,November,Nov,2020-11,202011,8,Sunday,Sun,7,1,0
2020-11-09,2020,Q4,Q4 2020,11,November,Nov,2020-11,202011,9,Monday,Mon,1,0,1
2020-11-10,2020,Q4,Q4 2020,11,November,Nov,2020-11,202011,10,Tuesday,Tue,2,0,1
2020-11-11,2020,Q4,Q4 2020,11,November,Nov,2020-11,202011,11,Wednesday,Wed,3,0,1
2020-11-12,2020,Q4,Q4 2020,11,November,Nov,2020-11,202011,12,Thursday,Thu,4,0,1
2020-11-13,2020,Q4,Q4 2020,11,November,Nov,2020-11,202011,13,Friday,Fri,5,0,1
2020-11-14,2020,Q4,Q4 2020,11,November,Nov,2020-11,202011,14,Saturday,Sat,6,1,1
2020-11-15,2020,Q4,Q4 2020,11,November,Nov,2020-11,202011,15,Sunday,Sun,7,1,0
2020-11-16,2020,Q4,Q4 2020,11,November,Nov,2020-11,202011,16,Monday,Mon,1,0,0
2020-11-17,2020,Q4,Q4 2020,11,November,Nov,2020-11,202011,17,Tuesday,Tue,2,0,1
2020-11-18,2020,Q4,Q4 2020,11,November,Nov,2020-11,202011,18,Wednesday,Wed,3,0,1
2020-11-19,2020,Q4,Q4 2020,11,November,Nov,2020-11,202011,19,Thursday,Thu,4,0,1
2020-11-20,2020,Q4,Q4 2020,11,November,Nov,2020-11,202011,20,Friday,Fri,5,0,1
2020-11-21,2020,Q4,Q4 2020,11,November,Nov,2020-11,202011,21,Saturday,Sat,6,1,0
2020-11-22,2020,Q4,Q4 2020,11,November,Nov,2020-11,202011,22,Sunday,Sun,7,1,0
2020-11-23,2020,Q4,Q4 2020,11,November,Nov,2020-11,202011,23,Monday,Mon,1,0,1
2020-11-24,2020,Q4,Q4 2020,11,November,Nov,2020-11,202011,24,Tuesday,Tue,2,0,1
2020-11-25,2020,Q4,Q4 2020,11,November,Nov,2020-11,202011,25,Wednesday,Wed,3,0,1
2020-11-26,2020,Q4,Q4 2020,11,November,Nov,2020-11,202011,26,Thursday,Thu,4,0,1
2020-11-27,2020,Q4,Q4 2020,11,November,Nov,2020-11,202011,27,Friday,Fri,5,0,1
2020-11-28,2020,Q4,Q4 2020,11,November,Nov,2020-11,202011,28,Saturday,Sat,6,1,0
2020-11-29,2020,Q4,Q4 2020,11,November,Nov,2020-11,202011,29,Sunday,Sun,7,1,0
2020-11-30,2020,Q4,Q4 2020,11,November,Nov,2020-11,202011,30,Monday,Mon,1,0,0
2020-12-01,2020,Q4,Q4 2020,12,December,Dec,2020-12,202012,1,Tuesday,Tue,2,0,1
2020-12-02,2020,Q4,Q4 2020,12,December,Dec,2020-12,202012,2,Wednesday,Wed,3,0,1
2020-12-03,2020,Q4,Q4 2020,12,December,Dec,2020-12,202012,3,Thursday,Thu,4,0,1
2020-12-04,2020,Q4,Q4 2020,12,December,Dec,2020-12,202012,4,Friday,Fri,5,0,1
2020-12-05,2020,Q4,Q4 2020,12,December,Dec,2020-12,202012,5,Saturday,Sat,6,1,0
2020-12-06,2020,Q4,Q4 2020,12,December,Dec,2020-12,202012,6,Sunday,Sun,7,1,0
2020-12-07,2020,Q4,Q4 2020,12,December,Dec,2020-12,202012,7,Monday,Mon,1,0,1
2020-12-08,2020,Q4,Q4 2020,12,December,Dec,2020-12,202012,8,Tuesday,Tue,2,0,1
2020-12-09,2020,Q4,Q4 2020,12,December,Dec,2020-12,202012,9,Wednesday,Wed,3,0,1
2020-12-10,2020,Q4,Q4 2020,12,December,Dec,2020-12,202012,10,Thursday,Thu,4,0,1
2020-12-11,2020,Q4,Q4 2020,12,December,Dec,2020-12,202012,11,Friday,Fri,5,0,1
2020-12-12,2020,Q4,Q4 2020,12,December,Dec,2020-12,202012,12,Saturday,Sat,6,1,0
2020-12-13,2020,Q4,Q4 2020,12,December,Dec,2020-12,202012,13,Sunday,Sun,7,1,0
2020-12-14,2020,Q4,Q4 2020,12,December,Dec,2020-12,202012,14,Monday,Mon,1,0,1
2020-12-15,2020,Q4,Q4 2020,12,December,Dec,2020-12,202012,15,Tuesday,Tue,2,0,1
2020-12-16,2020,Q4,Q4 2020,12,December,Dec,2020-12,202012,16,Wednesday,Wed,3,0,1
2020-12-17,2020,Q4,Q4 2020,12,December,Dec,2020-12,202012,17,Thursday,Thu,4,0,1
2020-12-18,2020,Q4,Q4 2020,12,December,Dec,2020-12,202012,18,Friday,Fri,5,0,1
2020-12-19,2020,Q4,Q4 2020,12,December,Dec,2020-12,202012,19,Saturday,Sat,6,1,0
2020-12-20,2020,Q4,Q4 2020,12,December,Dec,2020-12,202012,20,Sunday,Sun,7,1,0
2020-12-21,2020,Q4,Q4 2020,12,December,Dec,2020-12,202012,21,Monday,Mon,1,0,1
2020-12-22,2020,Q4,Q4 2020,12,December,Dec,2020-12,202012,22,Tuesday,Tue,2,0,1
2020-12-23,2020,Q4,Q4 2020,12,December,Dec,2020-12,202012,23,Wednesday,Wed,3,0,1
2020-12-24,2020,Q4,Q4 2020,12,December,Dec,2020-12,202012,24,Thursday,Thu,4,0,1
2020-12-25,2020,Q4,Q4 2020,12,December,Dec,2020-12,202012,25,Friday,Fri,5,0,0
2020-12-26,2020,Q4,Q4 2020,12,December,Dec,2020-12,202012,26,Saturday,Sat,6,1,0
2020-12-27,2020,Q4,Q4 2020,12,December,Dec,2020-12,202012,27,Sunday,Sun,7,1,0
2020-12-28,2020,Q4,Q4 2020,12,December,Dec,2020-12,202012,28,Monday,Mon,1,0,1
2020-12-29,2020,Q4,Q4 2020,12,December,Dec,2020-12,202012,29,Tuesday,Tue,2,0,1
2020-12-30,2020,Q4,Q4 2020,12,December,Dec,2020-12,202012,30,Wednesday,Wed,3,0,1
2020-12-31,2020,Q4,Q4 2020,12,December,Dec,2020-12,202012,31,Thursday,Thu,4,0,1
2021-01-01,2021,Q1,Q1 2021,1,January,Jan,2021-01,202101,1,Friday,Fri,5,0,1
2021-01-02,2021,Q1,Q1 2021,1,January,Jan,2021-01,202101,2,Saturday,Sat,6,1,0
2021-01-03,2021,Q1,Q1 2021,1,January,Jan,2021-01,202101,3,Sunday,Sun,7,1,0
2021-01-04,2021,Q1,Q1 2021,1,January,Jan,2021-01,202101,4,Monday,Mon,1,0,1
2021-01-05,2021,Q1,Q1 2021,1,January,Jan,2021-01,202101,5,Tuesday,Tue,2,0,1
2021-01-06,2021,Q1,Q1 2021,1,January,Jan,2021-01,202101,6,Wednesday,Wed,3,0,1
2021-01-07,2021,Q1,Q1 2021,1,January,Jan,2021-01,202101,7,Thursday,Thu,4,0,1
2021-01-08,2021,Q1,Q1 2021,1,January,Jan,2021-01,202101,8,Friday,Fri,5,0,1
2021-01-09,2021,Q1,Q1 2021,1,January,Jan,2021-01,202101,9,Saturday,Sat,6,1,0
2021-01-10,2021,Q1,Q1 2021,1,January,Jan,2021-01,202101,10,Sunday,Sun,7,1,0
2021-01-11,2021,Q1,Q1 2021,1,January,Jan,2021-01,202101,11,Monday,Mon,1,0,1
2021-01-12,2021,Q1,Q1 2021,1,January,Jan,2021-01,202101,12,Tuesday,Tue,2,0,1
2021-01-13,2021,Q1,Q1 2021,1,January,Jan,2021-01,202101,13,Wednesday,Wed,3,0,1
2021-01-14,2021,Q1,Q1 2021,1,January,Jan,2021-01,202101,14,Thursday,Thu,4,0,1
2021-01-15,2021,Q1,Q1 2021,1,January,Jan,2021-01,202101,15,Friday,Fri,5,0,1
2021-01-16,2021,Q1,Q1 2021,1,January,Jan,2021-01,202101,16,Saturday,Sat,6,1,0
2021-01-17,2021,Q1,Q1 2021,1,January,Jan,2021-01,202101,17,Sunday,Sun,7,1,0
2021-01-18,2021,Q1,Q1 2021,1,January,Jan,2021-01,202101,18,Monday,Mon,1,0,1
2021-01-19,2021,Q1,Q1 2021,1,January,Jan,2021-01,202101,19,Tuesday,Tue,2,0,1
2021-01-20,2021,Q1,Q1 2021,1,January,Jan,2021-01,202101,20,Wednesday,Wed,3,0,1
2021-01-21,2021,Q1,Q1 2021,1,January,Jan,2021-01,202101,21,Thursday,Thu,4,0,1
2021-01-22,2021,Q1,Q1 2021,1,January,Jan,2021-01,202101,22,Friday,Fri,5,0,1
2021-01-23,2021,Q1,Q1 2021,1,January,Jan,2021-01,202101,23,Saturday,Sat,6,1,0
2021-01-24,2021,Q1,Q1 2021,1,January,Jan,2021-01,202101,24,Sunday,Sun,7,1,0
2021-01-25,2021,Q1,Q1 2021,1,January,Jan,2021-01,202101,25,Monday,Mon,1,0,1
2021-01-26,2021,Q1,Q1 2021,1,January,Jan,2021-01,202101,26,Tuesday,Tue,2,0,0
2021-01-27,2021,Q1,Q1 2021,1,January,Jan,2021-01,202101,27,Wednesday,Wed,3,0,1
2021-01-28,2021,Q1,Q1 2021,1,January,Jan,2021-01,202101,28,Thursday,Thu,4,0,1
2021-01-29,2021,Q1,Q1 2021,1,January,Jan,2021-01,202101,29,Friday,Fri,5,0,1
2021-01-30,2021,Q1,Q1 2021,1,January,Jan,2021-01,202101,30,Saturday,Sat,6,1,0
2021-01-31,2021,Q1,Q1 2021,1,January,Jan,2021-01,202101,31,Sunday,Sun,7,1,0
2021-02-01,2021,Q1,Q1 2021,2,February,Feb,2021-02,202102,1,Monday,Mon,1,0,1
2021-02-02,2021,Q1,Q1 2021,2,February,Feb,2021-02,202102,2,Tuesday,Tue,2,0,1
2021-02-03,2021,Q1,Q1 2021,2,February,Feb,2021-02,202102,3,Wednesday,Wed,3,0,1
2021-02-04,2021,Q1,Q1 2021,2,February,Feb,2021-02,202102,4,Thursday,Thu,4,0,1
2021-02-05,2021,Q1,Q1 2021,2,February,Feb,2021-02,202102,5,Friday,Fri,5,0,1
2021-02-06,2021,Q1,Q1 2021,2,February,Feb,2021-02,202102,6,Saturday,Sat,6,1,0
2021-02-07,2021,Q1,Q1 2021,2,February,Feb,2021-02,202102,7,Sunday,Sun,7,1,0
2021-02-08,2021,Q1,Q1 2021,2,February,Feb,2021-02,202102,8,Monday,Mon,1,0,1
2021-02-09,2021,Q1,Q1 2021,2,February,Feb,2021-02,202102,9,Tuesday,Tue,2,0,1
2021-02-10,2021,Q1,Q1 2021,2,February,Feb,2021-02,202102,10,Wednesday,Wed,3,0,1
2021-02-11,2021,Q1,Q1 2021,2,February,Feb,2021-02,202102,11,Thursday,Thu,4,0,1
2021-02-12,2021,Q1,Q1 2021,2,February,Feb,2021-02,202102,12,Friday,Fri,5,0,1
2021-02-13,2021,Q1,Q1 2021,2,February,Feb,2021-02,202102,13,Saturday,Sat,6,1,0
2021-02-14,2021,Q1,Q1 2021,2,February,Feb,2021-02,202102,14,Sunday,Sun,7,1,0
2021-02-15,2021,Q1,Q1 2021,2,February,Feb,2021-02,202102,15,Monday,Mon,1,0,1
2021-02-16,2021,Q1,Q1 2021,2,February,Feb,2021-02,202102,16,Tuesday,Tue,2,0,1
2021-02-17,2021,Q1,Q1 2021,2,February,Feb,2021-02,202102,17,Wednesday,Wed,3,0,1
2021-02-18,2021,Q1,Q1 2021,2,February,Feb,2021-02,202102,18,Thursday,Thu,4,0,1
2021-02-19,2021,Q1,Q1 2021,2,February,Feb,2021-02,202102,19,Friday,Fri,5,0,1
2021-02-20,2021,Q1,Q1 2021,2,February,Feb,2021-02,202102,20,Saturday,Sat,6,1,0
2021-02-21,2021,Q1,Q1 2021,2,February,Feb,2021-02,202102,21,Sunday,Sun,7,1,0
2021-02-22,2021,Q1,Q1 2021,2,February,Feb,2021-02,202102,22,Monday,Mon,1,0,1
2021-02-23,2021,Q1,Q1 2021,2,February,Feb,2021-02,202102,23,Tuesday,Tue,2,0,1
2021-02-24,2021,Q1,Q1 2021,2,February,Feb,2021-02,202102,24,Wednesday,Wed,3,0,1
2021-02-25,2021,Q1,Q1 2021,2,February,Feb,2021-02,202102,25,Thursday,Thu,4,0,1
2021-02-26,2021,Q1,Q1 2021,2,February,Feb,2021-02,202102,26,Friday,Fri,5,0,1
2021-02-27,2021,Q1,Q1 2021,2,February,Feb,2021-02,202102,27,Saturday,Sat,6,1,0
2021-02-28,2021,Q1,Q1 2021,2,February,Feb,2021-02,202102,28,Sunday,Sun,7,1,0
2021-03-01,2021,Q1,Q1 2021,3,March,Mar,2021-03,202103,1,Monday,Mon,1,0,1
2021-03-02,2021,Q1,Q1 2021,3,March,Mar,2021-03,202103,2,Tuesday,Tue,2,0,1
2021-03-03,2021,Q1,Q1 2021,3,March,Mar,2021-03,202103,3,Wednesday,Wed,3,0,1
2021-03-04,2021,Q1,Q1 2021,3,March,Mar,2021-03,202103,4,Thursday,Thu,4,0,1
2021-03-05,2021,Q1,Q1 2021,3,March,Mar,2021-03,202103,5,Friday,Fri,5,0,1
2021-03-06,2021,Q1,Q1 2021,3,March,Mar,2021-03,202103,6,Saturday,Sat,6,1,0
2021-03-07,2021,Q1,Q1 2021,3,March,Mar,2021-03,202103,7,Sunday,Sun,7,1,0
2021-03-08,2021,Q1,Q1 2021,3,March,Mar,2021-03,202103,8,Monday,Mon,1,0,1
2021-03-09,2021,Q1,Q1 2021,3,March,Mar,2021-03,202103,9,Tuesday,Tue,2,0,1
2021-03-10,2021,Q1,Q1 2021,3,March,Mar,2021-03,202103,10,Wednesday,Wed,3,0,1
2021-03-11,2021,Q1,Q1 2021,3,March,Mar,2021-03,202103,11,Thursday,Thu,4,0,0
2021-03-12,2021,Q1,Q1 2021,3,March,Mar,2021-03,202103,12,Friday,Fri,5,0,1
2021-03-13,2021,Q1,Q1 2021,3,March,Mar,2021-03,202103,13,Saturday,Sat,6,1,0
2021-03-14,2021,Q1,Q1 2021,3,March,Mar,2021-03,202103,14,Sunday,Sun,7,1,0
2021-03-15,2021,Q1,Q1 2021,3,March,Mar,2021-03,202103,15,Monday,Mon,1,0,1
2021-03-16,2021,Q1,Q1 2021,3,March,Mar,2021-03,202103,16,Tuesday,Tue,2,0,1
2021-03-17,2021,Q1,Q1 2021,3,March,Mar,2021-03,202103,17,Wednesday,Wed,3,0,1
2021-03-18,2021,Q1,Q1 2021,3,March,Mar,2021-03,202103,18,Thursday,Thu,4,0,1
2021-03-19,2021,Q1,Q1 2021,3,March,Mar,2021-03,202103,19,Friday,Fri,5,0,1
2021-03-20,2021,Q1,Q1 2021,3,March,Mar,2021-03,202103,20,Saturday,Sat,6,1,0
2021-03-21,2021,Q1,Q1 2021,3,March,Mar,2021-03,202103,21,Sunday,Sun,7,1,0
2021-03-22,2021,Q1,Q1 2021,3,March,Mar,2021-03,202103,22,Monday,Mon,1,0,1
2021-03-23,2021,Q1,Q1 2021,3,March,Mar,2021-03,202103,23,Tuesday,Tue,2,0,1
2021-03-24,2021,Q1,Q1 2021,3,March,Mar,2021-03,202103,24,Wednesday,Wed,3,0,1
2021-03-25,2021,Q1,Q1 2021,3,March,Mar,2021-03,202103,25,Thursday,Thu,4,0,1
2021-03-26,2021,Q1,Q1 2021,3,March,Mar,2021-03,202103,26,Friday,Fri,5,0,1
2021-03-27,2021,Q1,Q1 2021,3,March,Mar,2021-03,202103,27,Saturday,Sat,6,1,0
2021-03-28,2021,Q1,Q1 2021,3,March,Mar,2021-03,202103,28,Sunday,Sun,7,1,0
2021-03-29,2021,Q1,Q1 2021,3,March,Mar,2021-03,202103,29,Monday,Mon,1,0,0
2021-03-30,2021,Q1,Q1 2021,3,March,Mar,2021-03,202103,30,Tuesday,Tue,2,0,1
2021-03-31,2021,Q1,Q1 2021,3,March,Mar,2021-03,202103,31,Wednesday,Wed,3,0,1
2021-04-01,2021,Q2,Q2 2021,4,April,Apr,2021-04,202104,1,Thursday,Thu,4,0,1
2021-04-02,2021,Q2,Q2 2021,4,April,Apr,2021-04,202104,2,Friday,Fri,5,0,0
2021-04-03,2021,Q2,Q2 2021,4,April,Apr,2021-04,202104,3,Saturday,Sat,6,1,0
2021-04-04,2021,Q2,Q2 2021,4,April,Apr,2021-04,202104,4,Sunday,Sun,7,1,0
2021-04-05,2021,Q2,Q2 2021,4,April,Apr,2021-04,202104,5,Monday,Mon,1,0,1
2021-04-06,2021,Q2,Q2 2021,4,April,Apr,2021-04,202104,6,Tuesday,Tue,2,0,1
2021-04-07,2021,Q2,Q2 2021,4,April,Apr,2021-04,202104,7,Wednesday,Wed,3,0,1
2021-04-08,2021,Q2,Q2 2021,4,April,Apr,2021-04,202104,8,Thursday,Thu,4,0,1
2021-04-09,2021,Q2,Q2 2021,4,April,Apr,2021-04,202104,9,Friday,Fri,5,0,1
2021-04-10,2021,Q2,Q2 2021,4,April,Apr,2021-04,202104,10,Saturday,Sat,6,1,0
2021-04-11,2021,Q2,Q2 2021,4,April,Apr,2021-04,202104,11,Sunday,Sun,7,1,0
2021-04-12,2021,Q2,Q2 2021,4,April,Apr,2021-04,202104,12,Monday,Mon,1,0,1
2021-04-13,2021,Q2,Q2 2021,4,April,Apr,2021-04,202104,13,Tuesday,Tue,2,0,1
2021-04-14,2021,Q2,Q2 2021,4,April,Apr,2021-04,202104,14,Wednesday,Wed,3,0,0
2021-04-15,2021,Q2,Q2 2021,4,April,Apr,2021-04,202104,15,Thursday,Thu,4,0,1
2021-04-16,2021,Q2,Q2 2021,4,April,Apr,2021-04,202104,16,Friday,Fri,5,0,1
2021-04-17,2021,Q2,Q2 2021,4,April,Apr,2021-04,202104,17,Saturday,Sat,6,1,0
2021-04-18,2021,Q2,Q2 2021,4,April,Apr,2021-04,202104,18,Sunday,Sun,7,1,0
2021-04-19,2021,Q2,Q2 2021,4,April,Apr,2021-04,202104,19,Monday,Mon,1,0,1
2021-04-20,2021,Q2,Q2 2021,4,April,Apr,2021-04,202104,20,Tuesday,Tue,2,0,1
2021-04-21,2021,Q2,Q2 2021,4,April,Apr,2021-04,202104,21,Wednesday,Wed,3,0,0
2021-04-22,2021,Q2,Q2 2021,4,April,Apr,2021-04,202104,22,Thursday,Thu,4,0,1
2021-04-23,2021,Q2,Q2 2021,4,April,Apr,2021-04,202104,23,Friday,Fri,5,0,1
2021-04-24,2021,Q2,Q2 2021,4,April,Apr,2021-04,202104,24,Saturday,Sat,6,1,0
2021-04-25,2021,Q2,Q2 2021,4,April,Apr,2021-04,202104,25,Sunday,Sun,7,1,0
2021-04-26,2021,Q2,Q2 2021,4,April,Apr,2021-04,202104,26,Monday,Mon,1,0,1
2021-04-27,2021,Q2,Q2 2021,4,April,Apr,2021-04,202104,27,Tuesday,Tue,2,0,1
2021-04-28,2021,Q2,Q2 2021,4,April,Apr,2021-04,202104,28,Wednesday,Wed,3,0,1
2021-04-29,2021,Q2,Q2 2021,4,April,Apr,2021-04,202104,29,Thursday,Thu,4,0,1
2021-04-30,2021,Q2,Q2 2021,4,April,Apr,2021-04,202104,30,Friday,Fri,5,0,1
2021-05-01,2021,Q2,Q2 2021,5,May,May,2021-05,202105,1,Saturday,Sat,6,1,0
2021-05-02,2021,Q2,Q2 2021,5,May,May,2021-05,202105,2,Sunday,Sun,7,1,0
2021-05-03,2021,Q2,Q2 2021,5,May,May,2021-05,202105,3,Monday,Mon,1,0,1
2021-05-04,2021,Q2,Q2 2021,5,May,May,2021-05,202105,4,Tuesday,Tue,2,0,1
2021-05-05,2021,Q2,Q2 2021,5,May,May,2021-05,202105,5,Wednesday,Wed,3,0,1
2021-05-06,2021,Q2,Q2 2021,5,May,May,2021-05,202105,6,Thursday,Thu,4,0,1
2021-05-07,2021,Q2,Q2 2021,5,May,May,2021-05,202105,7,Friday,Fri,5,0,1
2021-05-08,2021,Q2,Q2 2021,5,May,May,2021-05,202105,8,Saturday,Sat,6,1,0
2021-05-09,2021,Q2,Q2 2021,5,May,May,2021-05,202105,9,Sunday,Sun,7,1,0
2021-05-10,2021,Q2,Q2 2021,5,May,May,2021-05,202105,10,Monday,Mon,1,0,1
2021-05-11,2021,Q2,Q2 2021,5,May,May,2021-05,202105,11,Tuesday,Tue,2,0,1
2021-05-12,2021,Q2,Q2 2021,5,May,May,2021-05,202105,12,Wednesday,Wed,3,0,1
2021-05-13,2021,Q2,Q2 2021,5,May,May,2021-05,202105,13,Thursday,Thu,4,0,0
2021-05-14,2021,Q2,Q2 2021,5,May,May,2021-05,202105,14,Friday,Fri,5,0,1
2021-05-15,2021,Q2,Q2 2021,5,May,May,2021-05,202105,15,Saturday,Sat,6,1,0
2021-05-16,2021,Q2,Q2 2021,5,May,May,2021-05,202105,16,Sunday,Sun,7,1,0
2021-05-17,2021,Q2,Q2 2021,5,May,May,2021-05,202105,17,Monday,Mon,1,0,1
2021-05-18,2021,Q2,Q2 2021,5,May,May,2021-05,202105,18,Tuesday,Tue,2,0,1
2021-05-19,2021,Q2,Q2 2021,5,May,May,2021-05,202105,19,Wednesday,Wed,3,0,1
2021-05-20,2021,Q2,Q2 2021,5,May,May,2021-05,202105,20,Thursday,Thu,4,0,1
2021-05-21,2021,Q2,Q2 2021,5,May,May,2021-05,202105,21,Friday,Fri,5,0,1
2021-05-22,2021,Q2,Q2 2021,5,May,May,2021-05,202105,22,Saturday,Sat,6,1,0
2021-05-23,2021,Q2,Q2 2021,5,May,May,2021-05,202105,23,Sunday,Sun,7,1,0
2021-05-24,2021,Q2,Q2 2021,5,May,May,2021-05,202105,24,Monday,Mon,1,0,1
2021-05-25,2021,Q2,Q2 2021,5,May,May,2021-05,202105,25,Tuesday,Tue,2,0,1
2021-05-26,2021,Q2,Q2 2021,5,May,May,2021-05,202105,26,Wednesday,Wed,3,0,1
2021-05-27,2021,Q2,Q2 2021,5,May,May,2021-05,202105,27,Thursday,Thu,4,0,1
2021-05-28,2021,Q2,Q2 2021,5,May,May,2021-05,202105,28,Friday,Fri,5,0,1
2021-05-29,2021,Q2,Q2 2021,5,May,May,2021-05,202105,29,Saturday,Sat,6,1,0
2021-05-30,2021,Q2,Q2 2021,5,May,May,2021-05,202105,30,Sunday,Sun,7,1,0
2021-05-31,2021,Q2,Q2 2021,5,May,May,2021-05,202105,31,Monday,Mon,1,0,1
2021-06-01,2021,Q2,Q2 2021,6,June,Jun,2021-06,202106,1,Tuesday,Tue,2,0,1
2021-06-02,2021,Q2,Q2 2021,6,June,Jun,2021-06,202106,2,Wednesday,Wed,3,0,1
2021-06-03,2021,Q2,Q2 2021,6,June,Jun,2021-06,202106,3,Thursday,Thu,4,0,1
2021-06-04,2021,Q2,Q2 2021,6,June,Jun,2021-06,202106,4,Friday,Fri,5,0,1
2021-06-05,2021,Q2,Q2 2021,6,June,Jun,2021-06,202106,5,Saturday,Sat,6,1,0
2021-06-06,2021,Q2,Q2 2021,6,June,Jun,2021-06,202106,6,Sunday,Sun,7,1,0
2021-06-07,2021,Q2,Q2 2021,6,June,Jun,2021-06,202106,7,Monday,Mon,1,0,1
2021-06-08,2021,Q2,Q2 2021,6,June,Jun,2021-06,202106,8,Tuesday,Tue,2,0,1
2021-06-09,2021,Q2,Q2 2021,6,June,Jun,2021-06,202106,9,Wednesday,Wed,3,0,1
2021-06-10,2021,Q2,Q2 2021,6,June,Jun,2021-06,202106,10,Thursday,Thu,4,0,1
2021-06-11,2021,Q2,Q2 2021,6,June,Jun,2021-06,202106,11,Friday,Fri,5,0,1
2021-06-12,2021,Q2,Q2 2021,6,June,Jun,2021-06,202106,12,Saturday,Sat,6,1,0
2021-06-13,2021,Q2,Q2 2021,6,June,Jun,2021-06,202106,13,Sunday,Sun,7,1,0
2021-06-14,2021,Q2,Q2 2021,6,June,Jun,2021-06,202106,14,Monday,Mon,1,0,1
2021-06-15,2021,Q2,Q2 2021,6,June,Jun,2021-06,202106,15,Tuesday,Tue,2,0,1
2021-06-16,2021,Q2,Q2 2021,6,June,Jun,2021-06,202106,16,Wednesday,Wed,3,0,1
2021-06-17,2021,Q2,Q2 2021,6,June,Jun,2021-06,202106,17,Thursday,Thu,4,0,1
2021-06-18,2021,Q2,Q2 2021,6,June,Jun,2021-06,202106,18,Friday,Fri,5,0,1
2021-06-19,2021,Q2,Q2 2021,6,June,Jun,2021-06,202106,19,Saturday,Sat,6,1,0
2021-06-20,2021,Q2,Q2 2021,6,June,Jun,2021-06,202106,20,Sunday,Sun,7,1,0
2021-06-21,2021,Q2,Q2 2021,6,June,Jun,2021-06,202106,21,Monday,Mon,1,0,1
2021-06-22,2021,Q2,Q2 2021,6,June,Jun,2021-06,202106,22,Tuesday,Tue,2,0,1
2021-06-23,2021,Q2,Q2 2021,6,June,Jun,2021-06,202106,23,Wednesday,Wed,3,0,1
2021-06-24,2021,Q2,Q2 2021,6,June,Jun,2021-06,202106,24,Thursday,Thu,4,0,1
2021-06-25,2021,Q2,Q2 2021,6,June,Jun,2021-06,202106,25,Friday,Fri,5,0,1
2021-06-26,2021,Q2,Q2 2021,6,June,Jun,2021-06,202106,26,Saturday,Sat,6,1,0
2021-06-27,2021,Q2,Q2 2021,6,June,Jun,2021-06,202106,27,Sunday,Sun,7,1,0
2021-06-28,2021,Q2,Q2 2021,6,June,Jun,2021-06,202106,28,Monday,Mon,1,0,1
2021-06-29,2021,Q2,Q2 2021,6,June,Jun,2021-06,202106,29,Tuesday,Tue,2,0,1
2021-06-30,2021,Q2,Q2 2021,6,June,Jun,2021-06,202106,30,Wednesday,Wed,3,0,1
2021-07-01,2021,Q3,Q3 2021,7,July,Jul,2021-07,202107,1,Thursday,Thu,4,0,1
2021-07-02,2021,Q3,Q3 2021,7,July,Jul,2021-07,202107,2,Friday,Fri,5,0,1
2021-07-03,2021,Q3,Q3 2021,7,July,Jul,2021-07,202107,3,Saturday,Sat,6,1,0
2021-07-04,2021,Q3,Q3 2021,7,July,Jul,2021-07,202107,4,Sunday,Sun,7,1,0
2021-07-05,2021,Q3,Q3 2021,7,July,Jul,2021-07,202107,5,Monday,Mon,1,0,1
2021-07-06,2021,Q3,Q3 2021,7,July,Jul,2021-07,202107,6,Tuesday,Tue,2,0,1
2021-07-07,2021,Q3,Q3 2021,7,July,Jul,2021-07,202107,7,Wednesday,Wed,3,0,1
2021-07-08,2021,Q3,Q3 2021,7,July,Jul,2021-07,202107,8,Thursday,Thu,4,0,1
2021-07-09,2021,Q3,Q3 2021,7,July,Jul,2021-07,202107,9,Friday,Fri,5,0,1
2021-07-10,2021,Q3,Q3 2021,7,July,Jul,2021-07,202107,10,Saturday,Sat,6,1,0
2021-07-11,2021,Q3,Q3 2021,7,July,Jul,2021-07,202107,11,Sunday,Sun,7,1,0
2021-07-12,2021,Q3,Q3 2021,7,July,Jul,2021-07,202107,12,Monday,Mon,1,0,1
2021-07-13,2021,Q3,Q3 2021,7,July,Jul,2021-07,202107,13,Tuesday,Tue,2,0,1
2021-07-14,2021,Q3,Q3 2021,7,July,Jul,2021-07,202107,14,Wednesday,Wed,3,0,1
2021-07-15,2021,Q3,Q3 2021,7,July,Jul,2021-07,202107,15,Thursday,Thu,4,0,1
2021-07-16,2021,Q3,Q3 2021,7,July,Jul,2021-07,202107,16,Friday,Fri,5,0,1
2021-07-17,2021,Q3,Q3 2021,7,July,Jul,2021-07,202107,17,Saturday,Sat,6,1,0
2021-07-18,2021,Q3,Q3 2021,7,July,Jul,2021-07,202107,18,Sunday,Sun,7,1,0
2021-07-19,2021,Q3,Q3 2021,7,July,Jul,2021-07,202107,19,Monday,Mon,1,0,1
2021-07-20,2021,Q3,Q3 2021,7,July,Jul,2021-07,202107,20,Tuesday,Tue,2,0,1
2021-07-21,2021,Q3,Q3 2021,7,July,Jul,2021-07,202107,21,Wednesday,Wed,3,0,0
2021-07-22,2021,Q3,Q3 2021,7,July,Jul,2021-07,202107,22,Thursday,Thu,4,0,1
2021-07-23,2021,Q3,Q3 2021,7,July,Jul,2021-07,202107,23,Friday,Fri,5,0,1
2021-07-24,2021,Q3,Q3 2021,7,July,Jul,2021-07,202107,24,Saturday,Sat,6,1,0
2021-07-25,2021,Q3,Q3 2021,7,July,Jul,2021-07,202107,25,Sunday,Sun,7,1,0
2021-07-26,2021,Q3,Q3 2021,7,July,Jul,2021-07,202107,26,Monday,Mon,1,0,1
2021-07-27,2021,Q3,Q3 2021,7,July,Jul,2021-07,202107,27,Tuesday,Tue,2,0,1
2021-07-28,2021,Q3,Q3 2021,7,July,Jul,2021-07,202107,28,Wednesday,Wed,3,0,1
2021-07-29,2021,Q3,Q3 2021,7,July,Jul,2021-07,202107,29,Thursday,Thu,4,0,1
2021-07-30,2021,Q3,Q3 2021,7,July,Jul,2021-07,202107,30,Friday,Fri,5,0,1
2021-07-31,2021,Q3,Q3 2021,7,July,Jul,2021-07,202107,31,Saturday,Sat,6,1,0
2021-08-01,2021,Q3,Q3 2021,8,August,Aug,2021-08,202108,1,Sunday,Sun,7,1,0
2021-08-02,2021,Q3,Q3 2021,8,August,Aug,2021-08,202108,2,Monday,Mon,1,0,1
2021-08-03,2021,Q3,Q3 2021,8,August,Aug,2021-08,202108,3,Tuesday,Tue,2,0,1
2021-08-04,2021,Q3,Q3 2021,8,August,Aug,2021-08,202108,4,Wednesday,Wed,3,0,1
2021-08-05,2021,Q3,Q3 2021,8,August,Aug,2021-08,202108,5,Thursday,Thu,4,0,1
2021-08-06,2021,Q3,Q3 2021,8,August,Aug,2021-08,202108,6,Friday,Fri,5,0,1
2021-08-07,2021,Q3,Q3 2021,8,August,Aug,2021-08,202108,7,Saturday,Sat,6,1,0
2021-08-08,2021,Q3,Q3 2021,8,August,Aug,2021-08,202108,8,Sunday,Sun,7,1,0
2021-08-09,2021,Q3,Q3 2021,8,August,Aug,2021-08,202108,9,Monday,Mon,1,0,1
2021-08-10,2021,Q3,Q3 2021,8,August,Aug,2021-08,202108,10,Tuesday,Tue,2,0,1
2021-08-11,2021,Q3,Q3 2021,8,August,Aug,2021-08,202108,11,Wednesday,Wed,3,0,1
2021-08-12,2021,Q3,Q3 2021,8,August,Aug,2021-08,202108,12,Thursday,Thu,4,0,1
2021-08-13,2021,Q3,Q3 2021,8,August,Aug,2021-08,202108,13,Friday,Fri,5,0,1
2021-08-14,2021,Q3,Q3 2021,8,August,Aug,2021-08,202108,14,Saturday,Sat,6,1,0
2021-08-15,2021,Q3,Q3 2021,8,August,Aug,2021-08,202108,15,Sunday,Sun,7,1,0
2021-08-16,2021,Q3,Q3 2021,8,August,Aug,2021-08,202108,16,Monday,Mon,1,0,1
2021-08-17,2021,Q3,Q3 2021,8,August,Aug,2021-08,202108,17,Tuesday,Tue,2,0,1
2021-08-18,2021,Q3,Q3 2021,8,August,Aug,2021-08,202108,18,Wednesday,Wed,3,0,1
2021-08-19,2021,Q3,Q3 2021,8,August,Aug,2021-08,202108,19,Thursday,Thu,4,0,0
2021-08-20,2021,Q3,Q3 2021,8,August,Aug,2021-08,202108,20,Friday,Fri,5,0,1
2021-08-21,2021,Q3,Q3 2021,8,August,Aug,2021-08,202108,21,Saturday,Sat,6,1,0
2021-08-22,2021,Q3,Q3 2021,8,August,Aug,2021-08,202108,22,Sunday,Sun,7,1,0
2021-08-23,2021,Q3,Q3 2021,8,August,Aug,2021-08,202108,23,Monday,Mon,1,0,1
2021-08-24,2021,Q3,Q3 2021,8,August,Aug,2021-08,202108,24,Tuesday,Tue,2,0,1
2021-08-25,2021,Q3,Q3 2021,8,August,Aug,2021-08,202108,25,Wednesday,Wed,3,0,1
2021-08-26,2021,Q3,Q3 2021,8,August,Aug,2021-08,202108,26,Thursday,Thu,4,0,1
2021-08-27,2021,Q3,Q3 2021,8,August,Aug,2021-08,202108,27,Friday,Fri,5,0,1
2021-08-28,2021,Q3,Q3 2021,8,August,Aug,2021-08,202108,28,Saturday,Sat,6,1,0
2021-08-29,2021,Q3,Q3 2021,8,August,Aug,2021-08,202108,29,Sunday,Sun,7,1,0
2021-08-30,2021,Q3,Q3 2021,8,August,Aug,2021-08,202108,30,Monday,Mon,1,0,1
2021-08-31,2021,Q3,Q3 2021,8,August,Aug,2021-08,202108,31,Tuesday,Tue,2,0,1
2021-09-01,2021,Q3,Q3 2021,9,September,Sep,2021-09,202109,1,Wednesday,Wed,3,0,1
2021-09-02,2021,Q3,Q3 2021,9,September,Sep,2021-09,202109,2,Thursday,Thu,4,0,1
2021-09-03,2021,Q3,Q3 2021,9,September,Sep,2021-09,202109,3,Friday,Fri,5,0,1
2021-09-04,2021,Q3,Q3 2021,9,September,Sep,2021-09,202109,4,Saturday,Sat,6,1,0
2021-09-05,2021,Q3,Q3 2021,9,September,Sep,2021-09,202109,5,Sunday,Sun,7,1,0
2021-09-06,2021,Q3,Q3 2021,9,September,Sep,2021-09,202109,6,Monday,Mon,1,0,1
2021-09-07,2021,Q3,Q3 2021,9,September,Sep,2021-09,202109,7,Tuesday,Tue,2,0,1
2021-09-08,2021,Q3,Q3 2021,9,September,Sep,2021-09,202109,8,Wednesday,Wed,3,0,1
2021-09-09,2021,Q3,Q3 2021,9,September,Sep,2021-09,202109,9,Thursday,Thu,4,0,1
2021-09-10,2021,Q3,Q3 2021,9,September,Sep,2021-09,202109,10,Friday,Fri,5,0,0
2021-09-11,2021,Q3,Q3 2021,9,September,Sep,2021-09,202109,11,Saturday,Sat,6,1,0
2021-09-12,2021,Q3,Q3 2021,9,September,Sep,2021-09,202109,12,Sunday,Sun,7,1,0
2021-09-13,2021,Q3,Q3 2021,9,September,Sep,2021-09,202109,13,Monday,Mon,1,0,1
2021-09-14,2021,Q3,Q3 2021,9,September,Sep,2021-09,202109,14,Tuesday,Tue,2,0,1
2021-09-15,2021,Q3,Q3 2021,9,September,Sep,2021-09,202109,15,Wednesday,Wed,3,0,1
2021-09-16,2021,Q3,Q3 2021,9,September,Sep,2021-09,202109,16,Thursday,Thu,4,0,1
2021-09-17,2021,Q3,Q3 2021,9,September,Sep,2021-09,202109,17,Friday,Fri,5,0,1
2021-09-18,2021,Q3,Q3 2021,9,September,Sep,2021-09,202109,18,Saturday,Sat,6,1,0
2021-09-19,2021,Q3,Q3 2021,9,September,Sep,2021-09,202109,19,Sunday,Sun,7,1,0
2021-09-20,2021,Q3,Q3 2021,9,September,Sep,2021-09,202109,20,Monday,Mon,1,0,1
2021-09-21,2021,Q3,Q3 2021,9,September,Sep,2021-09,202109,21,Tuesday,Tue,2,0,1
2021-09-22,2021,Q3,Q3 2021,9,September,Sep,2021-09,202109,22,Wednesday,Wed,3,0,1
2021-09-23,2021,Q3,Q3 2021,9,September,Sep,2021-09,202109,23,Thursday,Thu,4,0,1
2021-09-24,2021,Q3,Q3 2021,9,September,Sep,2021-09,202109,24,Friday,Fri,5,0,1
2021-09-25,2021,Q3,Q3 2021,9,September,Sep,2021-09,202109,25,Saturday,Sat,6,1,0
2021-09-26,2021,Q3,Q3 2021,9,September,Sep,2021-09,202109,26,Sunday,Sun,7,1,0
2021-09-27,2021,Q3,Q3 2021,9,September,Sep,2021-09,202109,27,Monday,Mon,1,0,1
2021-09-28,2021,Q3,Q3 2021,9,September,Sep,2021-09,202109,28,Tuesday,Tue,2,0,1
2021-09-29,2021,Q3,Q3 2021,9,September,Sep,2021-09,202109,29,Wednesday,Wed,3,0,1
2021-09-30,2021,Q3,Q3 2021,9,September,Sep,2021-09,202109,30,Thursday,Thu,4,0,1
2021-10-01,2021,Q4,Q4 2021,10,October,Oct,2021-10,202110,1,Friday,Fri,5,0,1
2021-10-02,2021,Q4,Q4 2021,10,October,Oct,2021-10,202110,2,Saturday,Sat,6,1,0
2021-10-03,2021,Q4,Q4 2021,10,October,Oct,2021-10,202110,3,Sunday,Sun,7,1,0
2021-10-04,2021,Q4,Q4 2021,10,October,Oct,2021-10,202110,4,Monday,Mon,1,0,1
2021-10-05,2021,Q4,Q4 2021,10,October,Oct,2021-10,202110,5,Tuesday,Tue,2,0,1
2021-10-06,2021,Q4,Q4 2021,10,October,Oct,2021-10,202110,6,Wednesday,Wed,3,0,1
2021-10-07,2021,Q4,Q4 2021,10,October,Oct,2021-10,202110,7,Thursday,Thu,4,0,1
2021-10-08,2021,Q4,Q4 2021,10,October,Oct,2021-10,202110,8,Friday,Fri,5,0,1
2021-10-09,2021,Q4,Q4 2021,10,October,Oct,2021-10,202110,9,Saturday,Sat,6,1,0
2021-10-10,2021,Q4,Q4 2021,10,October,Oct,2021-10,202110,10,Sunday,Sun,7,1,0
2021-10-11,2021,Q4,Q4 2021,10,October,Oct,2021-10,202110,11,Monday,Mon,1,0,1
2021-10-12,2021,Q4,Q4 2021,10,October,Oct,2021-10,202110,12,Tuesday,Tue,2,0,1
2021-10-13,2021,Q4,Q4 2021,10,October,Oct,2021-10,202110,13,Wednesday,Wed,3,0,1
2021-10-14,2021,Q4,Q4 2021,10,October,Oct,2021-10,202110,14,Thursday,Thu,4,0,1
2021-10-15,2021,Q4,Q4 2021,10,October,Oct,2021-10,202110,15,Friday,Fri,5,0,0
2021-10-16,2021,Q4,Q4 2021,10,October,Oct,2021-10,202110,16,Saturday,Sat,6,1,0
2021-10-17,2021,Q4,Q4 2021,10,October,Oct,2021-10,202110,17,Sunday,Sun,7,1,0
2021-10-18,2021,Q4,Q4 2021,10,October,Oct,2021-10,202110,18,Monday,Mon,1,0,1
2021-10-19,2021,Q4,Q4 2021,10,October,Oct,2021-10,202110,19,Tuesday,Tue,2,0,1
2021-10-20,2021,Q4,Q4 2021,10,October,Oct,2021-10,202110,20,Wednesday,Wed,3,0,1
2021-10-21,2021,Q4,Q4 2021,10,October,Oct,2021-10,202110,21,Thursday,Thu,4,0,1
2021-10-22,2021,Q4,Q4 2021,10,October,Oct,2021-10,202110,22,Friday,Fri,5,0,1
2021-10-23,2021,Q4,Q4 2021,10,October,Oct,2021-10,202110,23,Saturday,Sat,6,1,0
2021-10-24,2021,Q4,Q4 2021,10,October,Oct,2021-10,202110,24,Sunday,Sun,7,1,0
2021-10-25,2021,Q4,Q4 2021,10,October,Oct,2021-10,202110,25,Monday,Mon,1,0,1
2021-10-26,2021,Q4,Q4 2021,10,October,Oct,2021-10,202110,26,Tuesday,Tue,2,0,1
2021-10-27,2021,Q4,Q4 2021,10,October,Oct,2021-10,202110,27,Wednesday,Wed,3,0,1
2021-10-28,2021,Q4,Q4 2021,10,October,Oct,2021-10,202110,28,Thursday,Thu,4,0,1
2021-10-29,2021,Q4,Q4 2021,10,October,Oct,2021-10,202110,29,Friday,Fri,5,0,1
2021-10-30,2021,Q4,Q4 2021,10,October,Oct,2021-10,202110,30,Saturday,Sat,6,1,0
2021-10-31,2021,Q4,Q4 2021,10,October,Oct,2021-10,202110,31,Sunday,Sun,7,1,0
2021-11-01,2021,Q4,Q4 2021,11,November,Nov,2021-11,202111,1,Monday,Mon,1,0,1
2021-11-02,2021,Q4,Q4 2021,11,November,Nov,2021-11,202111,2,Tuesday,Tue,2,0,1
2021-11-03,2021,Q4,Q4 2021,11,November,Nov,2021-11,202111,3,Wednesday,Wed,3,0,1
2021-11-04,2021,Q4,Q4 2021,11,November,Nov,2021-11,202111,4,Thursday,Thu,4,0,1
2021-11-05,2021,Q4,Q4 2021,11,November,Nov,2021-11,202111,5,Friday,Fri,5,0,0
2021-11-06,2021,Q4,Q4 2021,11,November,Nov,2021-11,202111,6,Saturday,Sat,6,1,0
2021-11-07,2021,Q4,Q4 2021,11,November,Nov,2021-11,202111,7,Sunday,Sun,7,1,0
2021-11-08,2021,Q4,Q4 2021,11,November,Nov,2021-11,202111,8,Monday,Mon,1,0,1
2021-11-09,2021,Q4,Q4 2021,11,November,Nov,2021-11,202111,9,Tuesday,Tue,2,0,1
2021-11-10,2021,Q4,Q4 2021,11,November,Nov,2021-11,202111,10,Wednesday,Wed,3,0,1
2021-11-11,2021,Q4,Q4 2021,11,November,Nov,2021-11,202111,11,Thursday,Thu,4,0,1
2021-11-12,2021,Q4,Q4 2021,11,November,Nov,2021-11,202111,12,Friday,Fri,5,0,1
2021-11-13,2021,Q4,Q4 2021,11,November,Nov,2021-11,202111,13,Saturday,Sat,6,1,0
2021-11-14,2021,Q4,Q4 2021,11,November,Nov,2021-11,202111,14,Sunday,Sun,7,1,0
2021-11-15,2021,Q4,Q4 2021,11,November,Nov,2021-11,202111,15,Monday,Mon,1,0,1
2021-11-16,2021,Q4,Q4 2021,11,November,Nov,2021-11,202111,16,Tuesday,Tue,2,0,1
2021-11-17,2021,Q4,Q4 2021,11,November,Nov,2021-11,202111,17,Wednesday,Wed,3,0,1
2021-11-18,2021,Q4,Q4 2021,11,November,Nov,2021-11,202111,18,Thursday,Thu,4,0,1
2021-11-19,2021,Q4,Q4 2021,11,November,Nov,2021-11,202111,19,Friday,Fri,5,0,0
2021-11-20,2021,Q4,Q4 2021,11,November,Nov,2021-11,202111,20,Saturday,Sat,6,1,0
2021-11-21,2021,Q4,Q4 2021,11,November,Nov,2021-11,202111,21,Sunday,Sun,7,1,0
2021-11-22,2021,Q4,Q4 2021,11,November,Nov,2021-11,202111,22,Monday,Mon,1,0,1
2021-11-23,2021,Q4,Q4 2021,11,November,Nov,2021-11,202111,23,Tuesday,Tue,2,0,1
2021-11-24,2021,Q4,Q4 2021,11,November,Nov,2021-11,202111,24,Wednesday,Wed,3,0,1
2021-11-25,2021,Q4,Q4 2021,11,November,Nov,2021-11,202111,25,Thursday,Thu,4,0,1
2021-11-26,2021,Q4,Q4 2021,11,November,Nov,2021-11,202111,26,Friday,Fri,5,0,1
2021-11-27,2021,Q4,Q4 2021,11,November,Nov,2021-11,202111,27,Saturday,Sat,6,1,0
2021-11-28,2021,Q4,Q4 2021,11,November,Nov,2021-11,202111,28,Sunday,Sun,7,1,0
2021-11-29,2021,Q4,Q4 2021,11,November,Nov,2021-11,202111,29,Monday,Mon,1,0,1
2021-11-30,2021,Q4,Q4 2021,11,November,Nov,2021-11,202111,30,Tuesday,Tue,2,0,1
2021-12-01,2021,Q4,Q4 2021,12,December,Dec,2021-12,202112,1,Wednesday,Wed,3,0,1
2021-12-02,2021,Q4,Q4 2021,12,December,Dec,2021-12,202112,2,Thursday,Thu,4,0,1
2021-12-03,2021,Q4,Q4 2021,12,December,Dec,2021-12,202112,3,Friday,Fri,5,0,1
2021-12-04,2021,Q4,Q4 2021,12,December,Dec,2021-12,202112,4,Saturday,Sat,6,1,0
2021-12-05,2021,Q4,Q4 2021,12,December,Dec,2021-12,202112,5,Sunday,Sun,7,1,0
2021-12-06,2021,Q4,Q4 2021,12,December,Dec,2021-12,202112,6,Monday,Mon,1,0,1
2021-12-07,2021,Q4,Q4 2021,12,December,Dec,2021-12,202112,7,Tuesday,Tue,2,0,1
2021-12-08,2021,Q4,Q4 2021,12,December,Dec,2021-12,202112,8,Wednesday,Wed,3,0,1
2021-12-09,2021,Q4,Q4 2021,12,December,Dec,2021-12,202112,9,Thursday,Thu,4,0,1
2021-12-10,2021,Q4,Q4 2021,12,December,Dec,2021-12,202112,10,Friday,Fri,5,0,1
2021-12-11,2021,Q4,Q4 2021,12,December,Dec,2021-12,202112,11,Saturday,Sat,6,1,0
2021-12-12,2021,Q4,Q4 2021,12,December,Dec,2021-12,202112,12,Sunday,Sun,7,1,0
2021-12-13,2021,Q4,Q4 2021,12,December,Dec,2021-12,202112,13,Monday,Mon,1,0,1
2021-12-14,2021,Q4,Q4 2021,12,December,Dec,2021-12,202112,14,Tuesday,Tue,2,0,1
2021-12-15,2021,Q4,Q4 2021,12,December,Dec,2021-12,202112,15,Wednesday,Wed,3,0,1
2021-12-16,2021,Q4,Q4 2021,12,December,Dec,2021-12,202112,16,Thursday,Thu,4,0,1
2021-12-17,2021,Q4,Q4 2021,12,December,Dec,2021-12,202112,17,Friday,Fri,5,0,1
2021-12-18,2021,Q4,Q4 2021,12,December,Dec,2021-12,202112,18,Saturday,Sat,6,1,0
2021-12-19,2021,Q4,Q4 2021,12,December,Dec,2021-12,202112,19,Sunday,Sun,7,1,0
2021-12-20,2021,Q4,Q4 2021,12,December,Dec,2021-12,202112,20,Monday,Mon,1,0,1
2021-12-21,2021,Q4,Q4 2021,12,December,Dec,2021-12,202112,21,Tuesday,Tue,2,0,1
2021-12-22,2021,Q4,Q4 2021,12,December,Dec,2021-12,202112,22,Wednesday,Wed,3,0,1
2021-12-23,2021,Q4,Q4 2021,12,December,Dec,2021-12,202112,23,Thursday,Thu,4,0,1
2021-12-24,2021,Q4,Q4 2021,12,December,Dec,2021-12,202112,24,Friday,Fri,5,0,1
2021-12-25,2021,Q4,Q4 2021,12,December,Dec,2021-12,202112,25,Saturday,Sat,6,1,0
2021-12-26,2021,Q4,Q4 2021,12,December,Dec,2021-12,202112,26,Sunday,Sun,7,1,0
2021-12-27,2021,Q4,Q4 2021,12,December,Dec,2021-12,202112,27,Monday,Mon,1,0,1
2021-12-28,2021,Q4,Q4 2021,12,December,Dec,2021-12,202112,28,Tuesday,Tue,2,0,1
2021-12-29,2021,Q4,Q4 2021,12,December,Dec,2021-12,202112,29,Wednesday,Wed,3,0,1
2021-12-30,2021,Q4,Q4 2021,12,December,Dec,2021-12,202112,30,Thursday,Thu,4,0,1
2021-12-31,2021,Q4,Q4 2021,12,December,Dec,2021-12,202112,31,Friday,Fri,5,0,1
2022-01-01,2022,Q1,Q1 2022,1,January,Jan,2022-01,202201,1,Saturday,Sat,6,1,0
2022-01-02,2022,Q1,Q1 2022,1,January,Jan,2022-01,202201,2,Sunday,Sun,7,1,0
2022-01-03,2022,Q1,Q1 2022,1,January,Jan,2022-01,202201,3,Monday,Mon,1,0,1
2022-01-04,2022,Q1,Q1 2022,1,January,Jan,2022-01,202201,4,Tuesday,Tue,2,0,1
2022-01-05,2022,Q1,Q1 2022,1,January,Jan,2022-01,202201,5,Wednesday,Wed,3,0,1
2022-01-06,2022,Q1,Q1 2022,1,January,Jan,2022-01,202201,6,Thursday,Thu,4,0,1
2022-01-07,2022,Q1,Q1 2022,1,January,Jan,2022-01,202201,7,Friday,Fri,5,0,1
2022-01-08,2022,Q1,Q1 2022,1,January,Jan,2022-01,202201,8,Saturday,Sat,6,1,0
2022-01-09,2022,Q1,Q1 2022,1,January,Jan,2022-01,202201,9,Sunday,Sun,7,1,0
2022-01-10,2022,Q1,Q1 2022,1,January,Jan,2022-01,202201,10,Monday,Mon,1,0,1
2022-01-11,2022,Q1,Q1 2022,1,January,Jan,2022-01,202201,11,Tuesday,Tue,2,0,1
2022-01-12,2022,Q1,Q1 2022,1,January,Jan,2022-01,202201,12,Wednesday,Wed,3,0,1
2022-01-13,2022,Q1,Q1 2022,1,January,Jan,2022-01,202201,13,Thursday,Thu,4,0,1
2022-01-14,2022,Q1,Q1 2022,1,January,Jan,2022-01,202201,14,Friday,Fri,5,0,1
2022-01-15,2022,Q1,Q1 2022,1,January,Jan,2022-01,202201,15,Saturday,Sat,6,1,0
2022-01-16,2022,Q1,Q1 2022,1,January,Jan,2022-01,202201,16,Sunday,Sun,7,1,0
2022-01-17,2022,Q1,Q1 2022,1,January,Jan,2022-01,202201,17,Monday,Mon,1,0,1
2022-01-18,2022,Q1,Q1 2022,1,January,Jan,2022-01,202201,18,Tuesday,Tue,2,0,1
2022-01-19,2022,Q1,Q1 2022,1,January,Jan,2022-01,202201,19,Wednesday,Wed,3,0,1
2022-01-20,2022,Q1,Q1 2022,1,January,Jan,2022-01,202201,20,Thursday,Thu,4,0,1
2022-01-21,2022,Q1,Q1 2022,1,January,Jan,2022-01,202201,21,Friday,Fri,5,0,1
2022-01-22,2022,Q1,Q1 2022,1,January,Jan,2022-01,202201,22,Saturday,Sat,6,1,0
2022-01-23,2022,Q1,Q1 2022,1,January,Jan,2022-01,202201,23,Sunday,Sun,7,1,0
2022-01-24,2022,Q1,Q1 2022,1,January,Jan,2022-01,202201,24,Monday,Mon,1,0,1
2022-01-25,2022,Q1,Q1 2022,1,January,Jan,2022-01,202201,25,Tuesday,Tue,2,0,1
2022-01-26,2022,Q1,Q1 2022,1,January,Jan,2022-01,202201,26,Wednesday,Wed,3,0,0
2022-01-27,2022,Q1,Q1 2022,1,January,Jan,2022-01,202201,27,Thursday,Thu,4,0,1
2022-01-28,2022,Q1,Q1 2022,1,January,Jan,2022-01,202201,28,Friday,Fri,5,0,1
2022-01-29,2022,Q1,Q1 2022,1,January,Jan,2022-01,202201,29,Saturday,Sat,6,1,0
2022-01-30,2022,Q1,Q1 2022,1,January,Jan,2022-01,202201,30,Sunday,Sun,7,1,0
2022-01-31,2022,Q1,Q1 2022,1,January,Jan,2022-01,202201,31,Monday,Mon,1,0,1
2022-02-01,2022,Q1,Q1 2022,2,February,Feb,2022-02,202202,1,Tuesday,Tue,2,0,1
2022-02-02,2022,Q1,Q1 2022,2,February,Feb,2022-02,202202,2,Wednesday,Wed,3,0,1
2022-02-03,2022,Q1,Q1 2022,2,February,Feb,2022-02,202202,3,Thursday,Thu,4,0,1
2022-02-04,2022,Q1,Q1 2022,2,February,Feb,2022-02,202202,4,Friday,Fri,5,0,1
2022-02-05,2022,Q1,Q1 2022,2,February,Feb,2022-02,202202,5,Saturday,Sat,6,1,0
2022-02-06,2022,Q1,Q1 2022,2,February,Feb,2022-02,202202,6,Sunday,Sun,7,1,0
2022-02-07,2022,Q1,Q1 2022,2,February,Feb,2022-02,202202,7,Monday,Mon,1,0,1
2022-02-08,2022,Q1,Q1 2022,2,February,Feb,2022-02,202202,8,Tuesday,Tue,2,0,1
2022-02-09,2022,Q1,Q1 2022,2,February,Feb,2022-02,202202,9,Wednesday,Wed,3,0,1
2022-02-10,2022,Q1,Q1 2022,2,February,Feb,2022-02,202202,10,Thursday,Thu,4,0,1
2022-02-11,2022,Q1,Q1 2022,2,February,Feb,2022-02,202202,11,Friday,Fri,5,0,1
2022-02-12,2022,Q1,Q1 2022,2,February,Feb,2022-02,202202,12,Saturday,Sat,6,1,0
2022-02-13,2022,Q1,Q1 2022,2,February,Feb,2022-02,202202,13,Sunday,Sun,7,1,0
2022-02-14,2022,Q1,Q1 2022,2,February,Feb,2022-02,202202,14,Monday,Mon,1,0,1
2022-02-15,2022,Q1,Q1 2022,2,February,Feb,2022-02,202202,15,Tuesday,Tue,2,0,1
2022-02-16,2022,Q1,Q1 2022,2,February,Feb,2022-02,202202,16,Wednesday,Wed,3,0,1
2022-02-17,2022,Q1,Q1 2022,2,February,Feb,2022-02,202202,17,Thursday,Thu,4,0,1
2022-02-18,2022,Q1,Q1 2022,2,February,Feb,2022-02,202202,18,Friday,Fri,5,0,1
2022-02-19,2022,Q1,Q1 2022,2,February,Feb,2022-02,202202,19,Saturday,Sat,6,1,0
2022-02-20,2022,Q1,Q1 2022,2,February,Feb,2022-02,202202,20,Sunday,Sun,7,1,0
2022-02-21,2022,Q1,Q1 2022,2,February,Feb,2022-02,202202,21,Monday,Mon,1,0,1
2022-02-22,2022,Q1,Q1 2022,2,February,Feb,2022-02,202202,22,Tuesday,Tue,2,0,1
2022-02-23,2022,Q1,Q1 2022,2,February,Feb,2022-02,202202,23,Wednesday,Wed,3,0,1
2022-02-24,2022,Q1,Q1 2022,2,February,Feb,2022-02,202202,24,Thursday,Thu,4,0,1
2022-02-25,2022,Q1,Q1 2022,2,February,Feb,2022-02,202202,25,Friday,Fri,5,0,1
2022-02-26,2022,Q1,Q1 2022,2,February,Feb,2022-02,202202,26,Saturday,Sat,6,1,0
2022-02-27,2022,Q1,Q1 2022,2,February,Feb,2022-02,202202,27,Sunday,Sun,7,1,0
2022-02-28,2022,Q1,Q1 2022,2,February,Feb,2022-02,202202,28,Monday,Mon,1,0,1
2022-03-01,2022,Q1,Q1 2022,3,March,Mar,2022-03,202203,1,Tuesday,Tue,2,0,0
2022-03-02,2022,Q1,Q1 2022,3,March,Mar,2022-03,202203,2,Wednesday,Wed,3,0,1
2022-03-03,2022,Q1,Q1 2022,3,March,Mar,2022-03,202203,3,Thursday,Thu,4,0,1
2022-03-04,2022,Q1,Q1 2022,3,March,Mar,2022-03,202203,4,Friday,Fri,5,0,1
2022-03-05,2022,Q1,Q1 2022,3,March,Mar,2022-03,202203,5,Saturday,Sat,6,1,0
2022-03-06,2022,Q1,Q1 2022,3,March,Mar,2022-03,202203,6,Sunday,Sun,7,1,0
2022-03-07,2022,Q1,Q1 2022,3,March,Mar,2022-03,202203,7,Monday,Mon,1,0,1
2022-03-08,2022,Q1,Q1 2022,3,March,Mar,2022-03,202203,8,Tuesday,Tue,2,0,1
2022-03-09,2022,Q1,Q1 2022,3,March,Mar,2022-03,202203,9,Wednesday,Wed,3,0,1
2022-03-10,2022,Q1,Q1 2022,3,March,Mar,2022-03,202203,10,Thursday,Thu,4,0,1
2022-03-11,2022,Q1,Q1 2022,3,March,Mar,2022-03,202203,11,Friday,Fri,5,0,1
2022-03-12,2022,Q1,Q1 2022,3,March,Mar,2022-03,202203,12,Saturday,Sat,6,1,0
2022-03-13,2022,Q1,Q1 2022,3,March,Mar,2022-03,202203,13,Sunday,Sun,7,1,0
2022-03-14,2022,Q1,Q1 2022,3,March,Mar,2022-03,202203,14,Monday,Mon,1,0,1
2022-03-15,2022,Q1,Q1 2022,3,March,Mar,2022-03,202203,15,Tuesday,Tue,2,0,1
2022-03-16,2022,Q1,Q1 2022,3,March,Mar,2022-03,202203,16,Wednesday,Wed,3,0,1
2022-03-17,2022,Q1,Q1 2022,3,March,Mar,2022-03,202203,17,Thursday,Thu,4,0,1
2022-03-18,2022,Q1,Q1 2022,3,March,Mar,2022-03,202203,18,Friday,Fri,5,0,0
2022-03-19,2022,Q1,Q1 2022,3,March,Mar,2022-03,202203,19,Saturday,Sat,6,1,0
2022-03-20,2022,Q1,Q1 2022,3,March,Mar,2022-03,202203,20,Sunday,Sun,7,1,0
2022-03-21,2022,Q1,Q1 2022,3,March,Mar,2022-03,202203,21,Monday,Mon,1,0,1
2022-03-22,2022,Q1,Q1 2022,3,March,Mar,2022-03,202203,22,Tuesday,Tue,2,0,1
2022-03-23,2022,Q1,Q1 2022,3,March,Mar,2022-03,202203,23,Wednesday,Wed,3,0,1
2022-03-24,2022,Q1,Q1 2022,3,March,Mar,2022-03,202203,24,Thursday,Thu,4,0,1
2022-03-25,2022,Q1,Q1 2022,3,March,Mar,2022-03,202203,25,Friday,Fri,5,0,1
2022-03-26,2022,Q1,Q1 2022,3,March,Mar,2022-03,202203,26,Saturday,Sat,6,1,0
2022-03-27,2022,Q1,Q1 2022,3,March,Mar,2022-03,202203,27,Sunday,Sun,7,1,0
2022-03-28,2022,Q1,Q1 2022,3,March,Mar,2022-03,202203,28,Monday,Mon,1,0,1
2022-03-29,2022,Q1,Q1 2022,3,March,Mar,2022-03,202203,29,Tuesday,Tue,2,0,1
2022-03-30,2022,Q1,Q1 2022,3,March,Mar,2022-03,202203,30,Wednesday,Wed,3,0,1
2022-03-31,2022,Q1,Q1 2022,3,March,Mar,2022-03,202203,31,Thursday,Thu,4,0,1
2022-04-01,2022,Q2,Q2 2022,4,April,Apr,2022-04,202204,1,Friday,Fri,5,0,1
2022-04-02,2022,Q2,Q2 2022,4,April,Apr,2022-04,202204,2,Saturday,Sat,6,1,0
2022-04-03,2022,Q2,Q2 2022,4,April,Apr,2022-04,202204,3,Sunday,Sun,7,1,0
2022-04-04,2022,Q2,Q2 2022,4,April,Apr,2022-04,202204,4,Monday,Mon,1,0,1
2022-04-05,2022,Q2,Q2 2022,4,April,Apr,2022-04,202204,5,Tuesday,Tue,2,0,1
2022-04-06,2022,Q2,Q2 2022,4,April,Apr,2022-04,202204,6,Wednesday,Wed,3,0,1
2022-04-07,2022,Q2,Q2 2022,4,April,Apr,2022-04,202204,7,Thursday,Thu,4,0,1
2022-04-08,2022,Q2,Q2 2022,4,April,Apr,2022-04,202204,8,Friday,Fri,5,0,1
2022-04-09,2022,Q2,Q2 2022,4,April,Apr,2022-04,202204,9,Saturday,Sat,6,1,0
2022-04-10,2022,Q2,Q2 2022,4,April,Apr,2022-04,202204,10,Sunday,Sun,7,1,0
2022-04-11,2022,Q2,Q2 2022,4,April,Apr,2022-04,202204,11,Monday,Mon,1,0,1
2022-04-12,2022,Q2,Q2 2022,4,April,Apr,2022-04,202204,12,Tuesday,Tue,2,0,1
2022-04-13,2022,Q2,Q2 2022,4,April,Apr,2022-04,202204,13,Wednesday,Wed,3,0,1
2022-04-14,2022,Q2,Q2 2022,4,April,Apr,2022-04,202204,14,Thursday,Thu,4,0,0
2022-04-15,2022,Q2,Q2 2022,4,April,Apr,2022-04,202204,15,Friday,Fri,5,0,0
2022-04-16,2022,Q2,Q2 2022,4,April,Apr,2022-04,202204,16,Saturday,Sat,6,1,0
2022-04-17,2022,Q2,Q2 2022,4,April,Apr,2022-04,202204,17,Sunday,Sun,7,1,0
2022-04-18,2022,Q2,Q2 2022,4,April,Apr,2022-04,202204,18,Monday,Mon,1,0,1
2022-04-19,2022,Q2,Q2 2022,4,April,Apr,2022-04,202204,19,Tuesday,Tue,2,0,1
2022-04-20,2022,Q2,Q2 2022,4,April,Apr,2022-04,202204,20,Wednesday,Wed,3,0,1
2022-04-21,2022,Q2,Q2 2022,4,April,Apr,2022-04,202204,21,Thursday,Thu,4,0,1
2022-04-22,2022,Q2,Q2 2022,4,April,Apr,2022-04,202204,22,Friday,Fri,5,0,1
2022-04-23,2022,Q2,Q2 2022,4,April,Apr,2022-04,202204,23,Saturday,Sat,6,1,0
2022-04-24,2022,Q2,Q2 2022,4,April,Apr,2022-04,202204,24,Sunday,Sun,7,1,0
2022-04-25,2022,Q2,Q2 2022,4,April,Apr,2022-04,202204,25,Monday,Mon,1,0,1
2022-04-26,2022,Q2,Q2 2022,4,April,Apr,2022-04,202204,26,Tuesday,Tue,2,0,1
2022-04-27,2022,Q2,Q2 2022,4,April,Apr,2022-04,202204,27,Wednesday,Wed,3,0,1
2022-04-28,2022,Q2,Q2 2022,4,April,Apr,2022-04,202204,28,Thursday,Thu,4,0,1
2022-04-29,2022,Q2,Q2 2022,4,April,Apr,2022-04,202204,29,Friday,Fri,5,0,1
2022-04-30,2022,Q2,Q2 2022,4,April,Apr,2022-04,202204,30,Saturday,Sat,6,1,0
2022-05-01,2022,Q2,Q2 2022,5,May,May,2022-05,202205,1,Sunday,Sun,7,1,0
2022-05-02,2022,Q2,Q2 2022,5,May,May,2022-05,202205,2,Monday,Mon,1,0,1
2022-05-03,2022,Q2,Q2 2022,5,May,May,2022-05,202205,3,Tuesday,Tue,2,0,0
2022-05-04,2022,Q2,Q2 2022,5,May,May,2022-05,202205,4,Wednesday,Wed,3,0,1
2022-05-05,2022,Q2,Q2 2022,5,May,May,2022-05,202205,5,Thursday,Thu,4,0,1
2022-05-06,2022,Q2,Q2 2022,5,May,May,2022-05,202205,6,Friday,Fri,5,0,1
2022-05-07,2022,Q2,Q2 2022,5,May,May,2022-05,202205,7,Saturday,Sat,6,1,0
2022-05-08,2022,Q2,Q2 2022,5,May,May,2022-05,202205,8,Sunday,Sun,7,1,0
2022-05-09,2022,Q2,Q2 2022,5,May,May,2022-05,202205,9,Monday,Mon,1,0,1
2022-05-10,2022,Q2,Q2 2022,5,May,May,2022-05,202205,10,Tuesday,Tue,2,0,1
2022-05-11,2022,Q2,Q2 2022,5,May,May,2022-05,202205,11,Wednesday,Wed,3,0,1
2022-05-12,2022,Q2,Q2 2022,5,May,May,2022-05,202205,12,Thursday,Thu,4,0,1
2022-05-13,2022,Q2,Q2 2022,5,May,May,2022-05,202205,13,Friday,Fri,5,0,1
2022-05-14,2022,Q2,Q2 2022,5,May,May,2022-05,202205,14,Saturday,Sat,6,1,0
2022-05-15,2022,Q2,Q2 2022,5,May,May,2022-05,202205,15,Sunday,Sun,7,1,0
2022-05-16,2022,Q2,Q2 2022,5,May,May,2022-05,202205,16,Monday,Mon,1,0,1
2022-05-17,2022,Q2,Q2 2022,5,May,May,2022-05,202205,17,Tuesday,Tue,2,0,1
2022-05-18,2022,Q2,Q2 2022,5,May,May,2022-05,202205,18,Wednesday,Wed,3,0,1
2022-05-19,2022,Q2,Q2 2022,5,May,May,2022-05,202205,19,Thursday,Thu,4,0,1
2022-05-20,2022,Q2,Q2 2022,5,May,May,2022-05,202205,20,Friday,Fri,5,0,1
2022-05-21,2022,Q2,Q2 2022,5,May,May,2022-05,202205,21,Saturday,Sat,6,1,0
2022-05-22,2022,Q2,Q2 2022,5,May,May,2022-05,202205,22,Sunday,Sun,7,1,0
2022-05-23,2022,Q2,Q2 2022,5,May,May,2022-05,202205,23,Monday,Mon,1,0,1
2022-05-24,2022,Q2,Q2 2022,5,May,May,2022-05,202205,24,Tuesday,Tue,2,0,1
2022-05-25,2022,Q2,Q2 2022,5,May,May,2022-05,202205,25,Wednesday,Wed,3,0,1
2022-05-26,2022,Q2,Q2 2022,5,May,May,2022-05,202205,26,Thursday,Thu,4,0,1
2022-05-27,2022,Q2,Q2 2022,5,May,May,2022-05,202205,27,Friday,Fri,5,0,1
2022-05-28,2022,Q2,Q2 2022,5,May,May,2022-05,202205,28,Saturday,Sat,6,1,0
2022-05-29,2022,Q2,Q2 2022,5,May,May,2022-05,202205,29,Sunday,Sun,7,1,0
2022-05-30,2022,Q2,Q2 2022,5,May,May,2022-05,202205,30,Monday,Mon,1,0,1
2022-05-31,2022,Q2,Q2 2022,5,May,May,2022-05,202205,31,Tuesday,Tue,2,0,1
2022-06-01,2022,Q2,Q2 2022,6,June,Jun,2022-06,202206,1,Wednesday,Wed,3,0,1
2022-06-02,2022,Q2,Q2 2022,6,June,Jun,2022-06,202206,2,Thursday,Thu,4,0,1
2022-06-03,2022,Q2,Q2 2022,6,June,Jun,2022-06,202206,3,Friday,Fri,5,0,1
2022-06-04,2022,Q2,Q2 2022,6,June,Jun,2022-06,202206,4,Saturday,Sat,6,1,0
2022-06-05,2022,Q2,Q2 2022,6,June,Jun,2022-06,202206,5,Sunday,Sun,7,1,0
2022-06-06,2022,Q2,Q2 2022,6,June,Jun,2022-06,202206,6,Monday,Mon,1,0,1
2022-06-07,2022,Q2,Q2 2022,6,June,Jun,2022-06,202206,7,Tuesday,Tue,2,0,1
2022-06-08,2022,Q2,Q2 2022,6,June,Jun,2022-06,202206,8,Wednesday,Wed,3,0,1
2022-06-09,2022,Q2,Q2 2022,6,June,Jun,2022-06,202206,9,Thursday,Thu,4,0,1
2022-06-10,2022,Q2,Q2 2022,6,June,Jun,2022-06,202206,10,Friday,Fri,5,0,1
2022-06-11,2022,Q2,Q2 2022,6,June,Jun,2022-06,202206,11,Saturday,Sat,6,1,0
2022-06-12,2022,Q2,Q2 2022,6,June,Jun,2022-06,202206,12,Sunday,Sun,7,1,0
2022-06-13,2022,Q2,Q2 2022,6,June,Jun,2022-06,202206,13,Monday,Mon,1,0,1
2022-06-14,2022,Q2,Q2 2022,6,June,Jun,2022-06,202206,14,Tuesday,Tue,2,0,1
2022-06-15,2022,Q2,Q2 2022,6,June,Jun,2022-06,202206,15,Wednesday,Wed,3,0,1
2022-06-16,2022,Q2,Q2 2022,6,June,Jun,2022-06,202206,16,Thursday,Thu,4,0,1
2022-06-17,2022,Q2,Q2 2022,6,June,Jun,2022-06,202206,17,Friday,Fri,5,0,1
2022-06-18,2022,Q2,Q2 2022,6,June,Jun,2022-06,202206,18,Saturday,Sat,6,1,0
2022-06-19,2022,Q2,Q2 2022,6,June,Jun,2022-06,202206,19,Sunday,Sun,7,1,0
2022-06-20,2022,Q2,Q2 2022,6,June,Jun,2022-06,202206,20,Monday,Mon,1,0,1
2022-06-21,2022,Q2,Q2 2022,6,June,Jun,2022-06,202206,21,Tuesday,Tue,2,0,1
2022-06-22,2022,Q2,Q2 2022,6,June,Jun,2022-06,202206,22,Wednesday,Wed,3,0,1
2022-06-23,2022,Q2,Q2 2022,6,June,Jun,2022-06,202206,23,Thursday,Thu,4,0,1
2022-06-24,2022,Q2,Q2 2022,6,June,Jun,2022-06,202206,24,Friday,Fri,5,0,1
2022-06-25,2022,Q2,Q2 2022,6,June,Jun,2022-06,202206,25,Saturday,Sat,6,1,0
2022-06-26,2022,Q2,Q2 2022,6,June,Jun,2022-06,202206,26,Sunday,Sun,7,1,0
2022-06-27,2022,Q2,Q2 2022,6,June,Jun,2022-06,202206,27,Monday,Mon,1,0,1
2022-06-28,2022,Q2,Q2 2022,6,June,Jun,2022-06,202206,28,Tuesday,Tue,2,0,1
2022-06-29,2022,Q2,Q2 2022,6,June,Jun,2022-06,202206,29,Wednesday,Wed,3,0,1
2022-06-30,2022,Q2,Q2 2022,6,June,Jun,2022-06,202206,30,Thursday,Thu,4,0,1
2022-07-01,2022,Q3,Q3 2022,7,July,Jul,2022-07,202207,1,Friday,Fri,5,0,1
2022-07-02,2022,Q3,Q3 2022,7,July,Jul,2022-07,202207,2,Saturday,Sat,6,1,0
2022-07-03,2022,Q3,Q3 2022,7,July,Jul,2022-07,202207,3,Sunday,Sun,7,1,0
2022-07-04,2022,Q3,Q3 2022,7,July,Jul,2022-07,202207,4,Monday,Mon,1,0,1
2022-07-05,2022,Q3,Q3 2022,7,July,Jul,2022-07,202207,5,Tuesday,Tue,2,0,1
2022-07-06,2022,Q3,Q3 2022,7,July,Jul,2022-07,202207,6,Wednesday,Wed,3,0,1
2022-07-07,2022,Q3,Q3 2022,7,July,Jul,2022-07,202207,7,Thursday,Thu,4,0,1
2022-07-08,2022,Q3,Q3 2022,7,July,Jul,2022-07,202207,8,Friday,Fri,5,0,1
2022-07-09,2022,Q3,Q3 2022,7,July,Jul,2022-07,202207,9,Saturday,Sat,6,1,0
2022-07-10,2022,Q3,Q3 2022,7,July,Jul,2022-07,202207,10,Sunday,Sun,7,1,0
2022-07-11,2022,Q3,Q3 2022,7,July,Jul,2022-07,202207,11,Monday,Mon,1,0,1
2022-07-12,2022,Q3,Q3 2022,7,July,Jul,2022-07,202207,12,Tuesday,Tue,2,0,1
2022-07-13,2022,Q3,Q3 2022,7,July,Jul,2022-07,202207,13,Wednesday,Wed,3,0,1
2022-07-14,2022,Q3,Q3 2022,7,July,Jul,2022-07,202207,14,Thursday,Thu,4,0,1
2022-07-15,2022,Q3,Q3 2022,7,July,Jul,2022-07,202207,15,Friday,Fri,5,0,1
2022-07-16,2022,Q3,Q3 2022,7,July,Jul,2022-07,202207,16,Saturday,Sat,6,1,0
2022-07-17,2022,Q3,Q3 2022,7,July,Jul,2022-07,202207,17,Sunday,Sun,7,1,0
2022-07-18,2022,Q3,Q3 2022,7,July,Jul,2022-07,202207,18,Monday,Mon,1,0,1
2022-07-19,2022,Q3,Q3 2022,7,July,Jul,2022-07,202207,19,Tuesday,Tue,2,0,1
2022-07-20,2022,Q3,Q3 2022,7,July,Jul,2022-07,202207,20,Wednesday,Wed,3,0,1
2022-07-21,2022,Q3,Q3 2022,7,July,Jul,2022-07,202207,21,Thursday,Thu,4,0,1
2022-07-22,2022,Q3,Q3 2022,7,July,Jul,2022-07,202207,22,Friday,Fri,5,0,1
2022-07-23,2022,Q3,Q3 2022,7,July,Jul,2022-07,202207,23,Saturday,Sat,6,1,0
2022-07-24,2022,Q3,Q3 2022,7,July,Jul,2022-07,202207,24,Sunday,Sun,7,1,0
2022-07-25,2022,Q3,Q3 2022,7,July,Jul,2022-07,202207,25,Monday,Mon,1,0,1
2022-07-26,2022,Q3,Q3 2022,7,July,Jul,2022-07,202207,26,Tuesday,Tue,2,0,1
2022-07-27,2022,Q3,Q3 2022,7,July,Jul,2022-07,202207,27,Wednesday,Wed,3,0,1
2022-07-28,2022,Q3,Q3 2022,7,July,Jul,2022-07,202207,28,Thursday,Thu,4,0,1
2022-07-29,2022,Q3,Q3 2022,7,July,Jul,2022-07,202207,29,Friday,Fri,5,0,1
2022-07-30,2022,Q3,Q3 2022,7,July,Jul,2022-07,202207,30,Saturday,Sat,6,1,0
2022-07-31,2022,Q3,Q3 2022,7,July,Jul,2022-07,202207,31,Sunday,Sun,7,1,0
2022-08-01,2022,Q3,Q3 2022,8,August,Aug,2022-08,202208,1,Monday,Mon,1,0,1
2022-08-02,2022,Q3,Q3 2022,8,August,Aug,2022-08,202208,2,Tuesday,Tue,2,0,1
2022-08-03,2022,Q3,Q3 2022,8,August,Aug,2022-08,202208,3,Wednesday,Wed,3,0,1
2022-08-04,2022,Q3,Q3 2022,8,August,Aug,2022-08,202208,4,Thursday,Thu,4,0,1
2022-08-05,2022,Q3,Q3 2022,8,August,Aug,2022-08,202208,5,Friday,Fri,5,0,1
2022-08-06,2022,Q3,Q3 2022,8,August,Aug,2022-08,202208,6,Saturday,Sat,6,1,0
2022-08-07,2022,Q3,Q3 2022,8,August,Aug,2022-08,202208,7,Sunday,Sun,7,1,0
2022-08-08,2022,Q3,Q3 2022,8,August,Aug,2022-08,202208,8,Monday,Mon,1,0,1
2022-08-09,2022,Q3,Q3 2022,8,August,Aug,2022-08,202208,9,Tuesday,Tue,2,0,0
2022-08-10,2022,Q3,Q3 2022,8,August,Aug,2022-08,202208,10,Wednesday,Wed,3,0,1
2022-08-11,2022,Q3,Q3 2022,8,August,Aug,2022-08,202208,11,Thursday,Thu,4,0,1
2022-08-12,2022,Q3,Q3 2022,8,August,Aug,2022-08,202208,12,Friday,Fri,5,0,1
2022-08-13,2022,Q3,Q3 2022,8,August,Aug,2022-08,202208,13,Saturday,Sat,6,1,0
2022-08-14,2022,Q3,Q3 2022,8,August,Aug,2022-08,202208,14,Sunday,Sun,7,1,0
2022-08-15,2022,Q3,Q3 2022,8,August,Aug,2022-08,202208,15,Monday,Mon,1,0,0
2022-08-16,2022,Q3,Q3 2022,8,August,Aug,2022-08,202208,16,Tuesday,Tue,2,0,1
2022-08-17,2022,Q3,Q3 2022,8,August,Aug,2022-08,202208,17,Wednesday,Wed,3,0,1
2022-08-18,2022,Q3,Q3 2022,8,August,Aug,2022-08,202208,18,Thursday,Thu,4,0,1
2022-08-19,2022,Q3,Q3 2022,8,August,Aug,2022-08,202208,19,Friday,Fri,5,0,1
2022-08-20,2022,Q3,Q3 2022,8,August,Aug,2022-08,202208,20,Saturday,Sat,6,1,0
2022-08-21,2022,Q3,Q3 2022,8,August,Aug,2022-08,202208,21,Sunday,Sun,7,1,0
2022-08-22,2022,Q3,Q3 2022,8,August,Aug,2022-08,202208,22,Monday,Mon,1,0,1
2022-08-23,2022,Q3,Q3 2022,8,August,Aug,2022-08,202208,23,Tuesday,Tue,2,0,1
2022-08-24,2022,Q3,Q3 2022,8,August,Aug,2022-08,202208,24,Wednesday,Wed,3,0,1
2022-08-25,2022,Q3,Q3 2022,8,August,Aug,2022-08,202208,25,Thursday,Thu,4,0,1
2022-08-26,2022,Q3,Q3 2022,8,August,Aug,2022-08,202208,26,Friday,Fri,5,0,1
2022-08-27,2022,Q3,Q3 2022,8,August,Aug,2022-08,202208,27,Saturday,Sat,6,1,0
2022-08-28,2022,Q3,Q3 2022,8,August,Aug,2022-08,202208,28,Sunday,Sun,7,1,0
2022-08-29,2022,Q3,Q3 2022,8,August,Aug,2022-08,202208,29,Monday,Mon,1,0,1
2022-08-30,2022,Q3,Q3 2022,8,August,Aug,2022-08,202208,30,Tuesday,Tue,2,0,1
2022-08-31,2022,Q3,Q3 2022,8,August,Aug,2022-08,202208,31,Wednesday,Wed,3,0,0
2022-09-01,2022,Q3,Q3 2022,9,September,Sep,2022-09,202209,1,Thursday,Thu,4,0,1
2022-09-02,2022,Q3,Q3 2022,9,September,Sep,2022-09,202209,2,Friday,Fri,5,0,1
2022-09-03,2022,Q3,Q3 2022,9,September,Sep,2022-09,202209,3,Saturday,Sat,6,1,0
2022-09-04,2022,Q3,Q3 2022,9,September,Sep,2022-09,202209,4,Sunday,Sun,7,1,0
2022-09-05,2022,Q3,Q3 2022,9,September,Sep,2022-09,202209,5,Monday,Mon,1,0,1
2022-09-06,2022,Q3,Q3 2022,9,September,Sep,2022-09,202209,6,Tuesday,Tue,2,0,1
2022-09-07,2022,Q3,Q3 2022,9,September,Sep,2022-09,202209,7,Wednesday,Wed,3,0,1
2022-09-08,2022,Q3,Q3 2022,9,September,Sep,2022-09,202209,8,Thursday,Thu,4,0,1
2022-09-09,2022,Q3,Q3 2022,9,September,Sep,2022-09,202209,9,Friday,Fri,5,0,1
2022-09-10,2022,Q3,Q3 2022,9,September,Sep,2022-09,202209,10,Saturday,Sat,6,1,0
2022-09-11,2022,Q3,Q3 2022,9,September,Sep,2022-09,202209,11,Sunday,Sun,7,1,0
2022-09-12,2022,Q3,Q3 2022,9,September,Sep,2022-09,202209,12,Monday,Mon,1,0,1
2022-09-13,2022,Q3,Q3 2022,9,September,Sep,2022-09,202209,13,Tuesday,Tue,2,0,1
2022-09-14,2022,Q3,Q3 2022,9,September,Sep,2022-09,202209,14,Wednesday,Wed,3,0,1
2022-09-15,2022,Q3,Q3 2022,9,September,Sep,2022-09,202209,15,Thursday,Thu,4,0,1
2022-09-16,2022,Q3,Q3 2022,9,September,Sep,2022-09,202209,16,Friday,Fri,5,0,1
2022-09-17,2022,Q3,Q3 2022,9,September,Sep,2022-09,202209,17,Saturday,Sat,6,1,0
2022-09-18,2022,Q3,Q3 2022,9,September,Sep,2022-09,202209,18,Sunday,Sun,7,1,0
2022-09-19,2022,Q3,Q3 2022,9,September,Sep,2022-09,202209,19,Monday,Mon,1,0,1
2022-09-20,2022,Q3,Q3 2022,9,September,Sep,2022-09,202209,20,Tuesday,Tue,2,0,1
2022-09-21,2022,Q3,Q3 2022,9,September,Sep,2022-09,202209,21,Wednesday,Wed,3,0,1
2022-09-22,2022,Q3,Q3 2022,9,September,Sep,2022-09,202209,22,Thursday,Thu,4,0,1
2022-09-23,2022,Q3,Q3 2022,9,September,Sep,2022-09,202209,23,Friday,Fri,5,0,1
2022-09-24,2022,Q3,Q3 2022,9,September,Sep,2022-09,202209,24,Saturday,Sat,6,1,0
2022-09-25,2022,Q3,Q3 2022,9,September,Sep,2022-09,202209,25,Sunday,Sun,7,1,0
2022-09-26,2022,Q3,Q3 2022,9,September,Sep,2022-09,202209,26,Monday,Mon,1,0,1
2022-09-27,2022,Q3,Q3 2022,9,September,Sep,2022-09,202209,27,Tuesday,Tue,2,0,1
2022-09-28,2022,Q3,Q3 2022,9,September,Sep,2022-09,202209,28,Wednesday,Wed,3,0,1
2022-09-29,2022,Q3,Q3 2022,9,September,Sep,2022-09,202209,29,Thursday,Thu,4,0,1
2022-09-30,2022,Q3,Q3 2022,9,September,Sep,2022-09,202209,30,Friday,Fri,5,0,1
2022-10-01,2022,Q4,Q4 2022,10,October,Oct,2022-10,202210,1,Saturday,Sat,6,1,0
2022-10-02,2022,Q4,Q4 2022,10,October,Oct,2022-10,202210,2,Sunday,Sun,7,1,0
2022-10-03,2022,Q4,Q4 2022,10,October,Oct,2022-10,202210,3,Monday,Mon,1,0,1
2022-10-04,2022,Q4,Q4 2022,10,October,Oct,2022-10,202210,4,Tuesday,Tue,2,0,1
2022-10-05,2022,Q4,Q4 2022,10,October,Oct,2022-10,202210,5,Wednesday,Wed,3,0,0
2022-10-06,2022,Q4,Q4 2022,10,October,Oct,2022-10,202210,6,Thursday,Thu,4,0,1
2022-10-07,2022,Q4,Q4 2022,10,October,Oct,2022-10,202210,7,Friday,Fri,5,0,1
2022-10-08,2022,Q4,Q4 2022,10,October,Oct,2022-10,202210,8,Saturday,Sat,6,1,0
2022-10-09,2022,Q4,Q4 2022,10,October,Oct,2022-10,202210,9,Sunday,Sun,7,1,0
2022-10-10,2022,Q4,Q4 2022,10,October,Oct,2022-10,202210,10,Monday,Mon,1,0,1
2022-10-11,2022,Q4,Q4 2022,10,October,Oct,2022-10,202210,11,Tuesday,Tue,2,0,1
2022-10-12,2022,Q4,Q4 2022,10,October,Oct,2022-10,202210,12,Wednesday,Wed,3,0,1
2022-10-13,2022,Q4,Q4 2022,10,October,Oct,2022-10,202210,13,Thursday,Thu,4,0,1
2022-10-14,2022,Q4,Q4 2022,10,October,Oct,2022-10,202210,14,Friday,Fri,5,0,1
2022-10-15,2022,Q4,Q4 2022,10,October,Oct,2022-10,202210,15,Saturday,Sat,6,1,0
2022-10-16,2022,Q4,Q4 2022,10,October,Oct,2022-10,202210,16,Sunday,Sun,7,1,0
2022-10-17,2022,Q4,Q4 2022,10,October,Oct,2022-10,202210,17,Monday,Mon,1,0,1
2022-10-18,2022,Q4,Q4 2022,10,October,Oct,2022-10,202210,18,Tuesday,Tue,2,0,1
2022-10-19,2022,Q4,Q4 2022,10,October,Oct,2022-10,202210,19,Wednesday,Wed,3,0,1
2022-10-20,2022,Q4,Q4 2022,10,October,Oct,2022-10,202210,20,Thursday,Thu,4,0,1
2022-10-21,2022,Q4,Q4 2022,10,October,Oct,2022-10,202210,21,Friday,Fri,5,0,1
2022-10-22,2022,Q4,Q4 2022,10,October,Oct,2022-10,202210,22,Saturday,Sat,6,1,0
2022-10-23,2022,Q4,Q4 2022,10,October,Oct,2022-10,202210,23,Sunday,Sun,7,1,0
2022-10-24,2022,Q4,Q4 2022,10,October,Oct,2022-10,202210,24,Monday,Mon,1,0,1
2022-10-25,2022,Q4,Q4 2022,10,October,Oct,2022-10,202210,25,Tuesday,Tue,2,0,1
2022-10-26,2022,Q4,Q4 2022,10,October,Oct,2022-10,202210,26,Wednesday,Wed,3,0,0
2022-10-27,2022,Q4,Q4 2022,10,October,Oct,2022-10,202210,27,Thursday,Thu,4,0,1
2022-10-28,2022,Q4,Q4 2022,10,October,Oct,2022-10,202210,28,Friday,Fri,5,0,1
2022-10-29,2022,Q4,Q4 2022,10,October,Oct,2022-10,202210,29,Saturday,Sat,6,1,0
2022-10-30,2022,Q4,Q4 2022,10,October,Oct,2022-10,202210,30,Sunday,Sun,7,1,0
2022-10-31,2022,Q4,Q4 2022,10,October,Oct,2022-10,202210,31,Monday,Mon,1,0,1
2022-11-01,2022,Q4,Q4 2022,11,November,Nov,2022-11,202211,1,Tuesday,Tue,2,0,1
2022-11-02,2022,Q4,Q4 2022,11,November,Nov,2022-11,202211,2,Wednesday,Wed,3,0,1
2022-11-03,2022,Q4,Q4 2022,11,November,Nov,2022-11,202211,3,Thursday,Thu,4,0,1
2022-11-04,2022,Q4,Q4 2022,11,November,Nov,2022-11,202211,4,Friday,Fri,5,0,1
2022-11-05,2022,Q4,Q4 2022,11,November,Nov,2022-11,202211,5,Saturday,Sat,6,1,0
2022-11-06,2022,Q4,Q4 2022,11,November,Nov,2022-11,202211,6,Sunday,Sun,7,1,0
2022-11-07,2022,Q4,Q4 2022,11,November,Nov,2022-11,202211,7,Monday,Mon,1,0,1
2022-11-08,2022,Q4,Q4 2022,11,November,Nov,2022-11,202211,8,Tuesday,Tue,2,0,0
2022-11-09,2022,Q4,Q4 2022,11,November,Nov,2022-11,202211,9,Wednesday,Wed,3,0,1
2022-11-10,2022,Q4,Q4 2022,11,November,Nov,2022-11,202211,10,Thursday,Thu,4,0,1
2022-11-11,2022,Q4,Q4 2022,11,November,Nov,2022-11,202211,11,Friday,Fri,5,0,1
2022-11-12,2022,Q4,Q4 2022,11,November,Nov,2022-11,202211,12,Saturday,Sat,6,1,0
2022-11-13,2022,Q4,Q4 2022,11,November,Nov,2022-11,202211,13,Sunday,Sun,7,1,0
2022-11-14,2022,Q4,Q4 2022,11,November,Nov,2022-11,202211,14,Monday,Mon,1,0,1
2022-11-15,2022,Q4,Q4 2022,11,November,Nov,2022-11,202211,15,Tuesday,Tue,2,0,1
2022-11-16,2022,Q4,Q4 2022,11,November,Nov,2022-11,202211,16,Wednesday,Wed,3,0,1
2022-11-17,2022,Q4,Q4 2022,11,November,Nov,2022-11,202211,17,Thursday,Thu,4,0,1
2022-11-18,2022,Q4,Q4 2022,11,November,Nov,2022-11,202211,18,Friday,Fri,5,0,1
2022-11-19,2022,Q4,Q4 2022,11,November,Nov,2022-11,202211,19,Saturday,Sat,6,1,0
2022-11-20,2022,Q4,Q4 2022,11,November,Nov,2022-11,202211,20,Sunday,Sun,7,1,0
2022-11-21,2022,Q4,Q4 2022,11,November,Nov,2022-11,202211,21,Monday,Mon,1,0,1
2022-11-22,2022,Q4,Q4 2022,11,November,Nov,2022-11,202211,22,Tuesday,Tue,2,0,1
2022-11-23,2022,Q4,Q4 2022,11,November,Nov,2022-11,202211,23,Wednesday,Wed,3,0,1
2022-11-24,2022,Q4,Q4 2022,11,November,Nov,2022-11,202211,24,Thursday,Thu,4,0,1
2022-11-25,2022,Q4,Q4 2022,11,November,Nov,2022-11,202211,25,Friday,Fri,5,0,1
2022-11-26,2022,Q4,Q4 2022,11,November,Nov,2022-11,202211,26,Saturday,Sat,6,1,0
2022-11-27,2022,Q4,Q4 2022,11,November,Nov,2022-11,202211,27,Sunday,Sun,7,1,0
2022-11-28,2022,Q4,Q4 2022,11,November,Nov,2022-11,202211,28,Monday,Mon,1,0,1
2022-11-29,2022,Q4,Q4 2022,11,November,Nov,2022-11,202211,29,Tuesday,Tue,2,0,1
2022-11-30,2022,Q4,Q4 2022,11,November,Nov,2022-11,202211,30,Wednesday,Wed,3,0,1
2022-12-01,2022,Q4,Q4 2022,12,December,Dec,2022-12,202212,1,Thursday,Thu,4,0,1
2022-12-02,2022,Q4,Q4 2022,12,December,Dec,2022-12,202212,2,Friday,Fri,5,0,1
2022-12-03,2022,Q4,Q4 2022,12,December,Dec,2022-12,202212,3,Saturday,Sat,6,1,0
2022-12-04,2022,Q4,Q4 2022,12,December,Dec,2022-12,202212,4,Sunday,Sun,7,1,0
2022-12-05,2022,Q4,Q4 2022,12,December,Dec,2022-12,202212,5,Monday,Mon,1,0,1
2022-12-06,2022,Q4,Q4 2022,12,December,Dec,2022-12,202212,6,Tuesday,Tue,2,0,1
2022-12-07,2022,Q4,Q4 2022,12,December,Dec,2022-12,202212,7,Wednesday,Wed,3,0,1
2022-12-08,2022,Q4,Q4 2022,12,December,Dec,2022-12,202212,8,Thursday,Thu,4,0,1
2022-12-09,2022,Q4,Q4 2022,12,December,Dec,2022-12,202212,9,Friday,Fri,5,0,1
2022-12-10,2022,Q4,Q4 2022,12,December,Dec,2022-12,202212,10,Saturday,Sat,6,1,0
2022-12-11,2022,Q4,Q4 2022,12,December,Dec,2022-12,202212,11,Sunday,Sun,7,1,0
2022-12-12,2022,Q4,Q4 2022,12,December,Dec,2022-12,202212,12,Monday,Mon,1,0,1
2022-12-13,2022,Q4,Q4 2022,12,December,Dec,2022-12,202212,13,Tuesday,Tue,2,0,1
2022-12-14,2022,Q4,Q4 2022,12,December,Dec,2022-12,202212,14,Wednesday,Wed,3,0,1
2022-12-15,2022,Q4,Q4 2022,12,December,Dec,2022-12,202212,15,Thursday,Thu,4,0,1
2022-12-16,2022,Q4,Q4 2022,12,December,Dec,2022-12,202212,16,Friday,Fri,5,0,1
2022-12-17,2022,Q4,Q4 2022,12,December,Dec,2022-12,202212,17,Saturday,Sat,6,1,0
2022-12-18,2022,Q4,Q4 2022,12,December,Dec,2022-12,202212,18,Sunday,Sun,7,1,0
2022-12-19,2022,Q4,Q4 2022,12,December,Dec,2022-12,202212,19,Monday,Mon,1,0,1
2022-12-20,2022,Q4,Q4 2022,12,December,Dec,2022-12,202212,20,Tuesday,Tue,2,0,1
2022-12-21,2022,Q4,Q4 2022,12,December,Dec,2022-12,202212,21,Wednesday,Wed,3,0,1
2022-12-22,2022,Q4,Q4 2022,12,December,Dec,2022-12,202212,22,Thursday,Thu,4,0,1
2022-12-23,2022,Q4,Q4 2022,12,December,Dec,2022-12,202212,23,Friday,Fri,5,0,1
2022-12-24,2022,Q4,Q4 2022,12,December,Dec,2022-12,202212,24,Saturday,Sat,6,1,0
2022-12-25,2022,Q4,Q4 2022,12,December,Dec,2022-12,202212,25,Sunday,Sun,7,1,0
2022-12-26,2022,Q4,Q4 2022,12,December,Dec,2022-12,202212,26,Monday,Mon,1,0,1
2022-12-27,2022,Q4,Q4 2022,12,December,Dec,2022-12,202212,27,Tuesday,Tue,2,0,1
2022-12-28,2022,Q4,Q4 2022,12,December,Dec,2022-12,202212,28,Wednesday,Wed,3,0,1
2022-12-29,2022,Q4,Q4 2022,12,December,Dec,2022-12,202212,29,Thursday,Thu,4,0,1
2022-12-30,2022,Q4,Q4 2022,12,December,Dec,2022-12,202212,30,Friday,Fri,5,0,1
2022-12-31,2022,Q4,Q4 2022,12,December,Dec,2022-12,202212,31,Saturday,Sat,6,1,0
2023-01-01,2023,Q1,Q1 2023,1,January,Jan,2023-01,202301,1,Sunday,Sun,7,1,0
2023-01-02,2023,Q1,Q1 2023,1,January,Jan,2023-01,202301,2,Monday,Mon,1,0,1
2023-01-03,2023,Q1,Q1 2023,1,January,Jan,2023-01,202301,3,Tuesday,Tue,2,0,1
2023-01-04,2023,Q1,Q1 2023,1,January,Jan,2023-01,202301,4,Wednesday,Wed,3,0,1
2023-01-05,2023,Q1,Q1 2023,1,January,Jan,2023-01,202301,5,Thursday,Thu,4,0,1
2023-01-06,2023,Q1,Q1 2023,1,January,Jan,2023-01,202301,6,Friday,Fri,5,0,1
2023-01-07,2023,Q1,Q1 2023,1,January,Jan,2023-01,202301,7,Saturday,Sat,6,1,0
2023-01-08,2023,Q1,Q1 2023,1,January,Jan,2023-01,202301,8,Sunday,Sun,7,1,0
2023-01-09,2023,Q1,Q1 2023,1,January,Jan,2023-01,202301,9,Monday,Mon,1,0,1
2023-01-10,2023,Q1,Q1 2023,1,January,Jan,2023-01,202301,10,Tuesday,Tue,2,0,1
2023-01-11,2023,Q1,Q1 2023,1,January,Jan,2023-01,202301,11,Wednesday,Wed,3,0,1
2023-01-12,2023,Q1,Q1 2023,1,January,Jan,2023-01,202301,12,Thursday,Thu,4,0,1
2023-01-13,2023,Q1,Q1 2023,1,January,Jan,2023-01,202301,13,Friday,Fri,5,0,1
2023-01-14,2023,Q1,Q1 2023,1,January,Jan,2023-01,202301,14,Saturday,Sat,6,1,0
2023-01-15,2023,Q1,Q1 2023,1,January,Jan,2023-01,202301,15,Sunday,Sun,7,1,0
2023-01-16,2023,Q1,Q1 2023,1,January,Jan,2023-01,202301,16,Monday,Mon,1,0,1
2023-01-17,2023,Q1,Q1 2023,1,January,Jan,2023-01,202301,17,Tuesday,Tue,2,0,1
2023-01-18,2023,Q1,Q1 2023,1,January,Jan,2023-01,202301,18,Wednesday,Wed,3,0,1
2023-01-19,2023,Q1,Q1 2023,1,January,Jan,2023-01,202301,19,Thursday,Thu,4,0,1
2023-01-20,2023,Q1,Q1 2023,1,January,Jan,2023-01,202301,20,Friday,Fri,5,0,1
2023-01-21,2023,Q1,Q1 2023,1,January,Jan,2023-01,202301,21,Saturday,Sat,6,1,0
2023-01-22,2023,Q1,Q1 2023,1,January,Jan,2023-01,202301,22,Sunday,Sun,7,1,0
2023-01-23,2023,Q1,Q1 2023,1,January,Jan,2023-01,202301,23,Monday,Mon,1,0,1
2023-01-24,2023,Q1,Q1 2023,1,January,Jan,2023-01,202301,24,Tuesday,Tue,2,0,1
2023-01-25,2023,Q1,Q1 2023,1,January,Jan,2023-01,202301,25,Wednesday,Wed,3,0,1
2023-01-26,2023,Q1,Q1 2023,1,January,Jan,2023-01,202301,26,Thursday,Thu,4,0,0
2023-01-27,2023,Q1,Q1 2023,1,January,Jan,2023-01,202301,27,Friday,Fri,5,0,1
2023-01-28,2023,Q1,Q1 2023,1,January,Jan,2023-01,202301,28,Saturday,Sat,6,1,0
2023-01-29,2023,Q1,Q1 2023,1,January,Jan,2023-01,202301,29,Sunday,Sun,7,1,0
2023-01-30,2023,Q1,Q1 2023,1,January,Jan,2023-01,202301,30,Monday,Mon,1,0,1
2023-01-31,2023,Q1,Q1 2023,1,January,Jan,2023-01,202301,31,Tuesday,Tue,2,0,1
2023-02-01,2023,Q1,Q1 2023,2,February,Feb,2023-02,202302,1,Wednesday,Wed,3,0,1
2023-02-02,2023,Q1,Q1 2023,2,February,Feb,2023-02,202302,2,Thursday,Thu,4,0,1
2023-02-03,2023,Q1,Q1 2023,2,February,Feb,2023-02,202302,3,Friday,Fri,5,0,1
2023-02-04,2023,Q1,Q1 2023,2,February,Feb,2023-02,202302,4,Saturday,Sat,6,1,0
2023-02-05,2023,Q1,Q1 2023,2,February,Feb,2023-02,202302,5,Sunday,Sun,7,1,0
2023-02-06,2023,Q1,Q1 2023,2,February,Feb,2023-02,202302,6,Monday,Mon,1,0,1
2023-02-07,2023,Q1,Q1 2023,2,February,Feb,2023-02,202302,7,Tuesday,Tue,2,0,1
2023-02-08,2023,Q1,Q1 2023,2,February,Feb,2023-02,202302,8,Wednesday,Wed,3,0,1
2023-02-09,2023,Q1,Q1 2023,2,February,Feb,2023-02,202302,9,Thursday,Thu,4,0,1
2023-02-10,2023,Q1,Q1 2023,2,February,Feb,2023-02,202302,10,Friday,Fri,5,0,1
2023-02-11,2023,Q1,Q1 2023,2,February,Feb,2023-02,202302,11,Saturday,Sat,6,1,0
2023-02-12,2023,Q1,Q1 2023,2,February,Feb,2023-02,202302,12,Sunday,Sun,7,1,0
2023-02-13,2023,Q1,Q1 2023,2,February,Feb,2023-02,202302,13,Monday,Mon,1,0,1
2023-02-14,2023,Q1,Q1 2023,2,February,Feb,2023-02,202302,14,Tuesday,Tue,2,0,1
2023-02-15,2023,Q1,Q1 2023,2,February,Feb,2023-02,202302,15,Wednesday,Wed,3,0,1
2023-02-16,2023,Q1,Q1 2023,2,February,Feb,2023-02,202302,16,Thursday,Thu,4,0,1
2023-02-17,2023,Q1,Q1 2023,2,February,Feb,2023-02,202302,17,Friday,Fri,5,0,1
2023-02-18,2023,Q1,Q1 2023,2,February,Feb,2023-02,202302,18,Saturday,Sat,6,1,0
2023-02-19,2023,Q1,Q1 2023,2,February,Feb,2023-02,202302,19,Sunday,Sun,7,1,0
2023-02-20,2023,Q1,Q1 2023,2,February,Feb,2023-02,202302,20,Monday,Mon,1,0,1
2023-02-21,2023,Q1,Q1 2023,2,February,Feb,2023-02,202302,21,Tuesday,Tue,2,0,1
2023-02-22,2023,Q1,Q1 2023,2,February,Feb,2023-02,202302,22,Wednesday,Wed,3,0,1
2023-02-23,2023,Q1,Q1 2023,2,February,Feb,2023-02,202302,23,Thursday,Thu,4,0,1
2023-02-24,2023,Q1,Q1 2023,2,February,Feb,2023-02,202302,24,Friday,Fri,5,0,1
2023-02-25,2023,Q1,Q1 2023,2,February,Feb,2023-02,202302,25,Saturday,Sat,6,1,0
2023-02-26,2023,Q1,Q1 2023,2,February,Feb,2023-02,202302,26,Sunday,Sun,7,1,0
2023-02-27,2023,Q1,Q1 2023,2,February,Feb,2023-02,202302,27,Monday,Mon,1,0,1
2023-02-28,2023,Q1,Q1 2023,2,February,Feb,2023-02,202302,28,Tuesday,Tue,2,0,1
2023-03-01,2023,Q1,Q1 2023,3,March,Mar,2023-03,202303,1,Wednesday,Wed,3,0,1
2023-03-02,2023,Q1,Q1 2023,3,March,Mar,2023-03,202303,2,Thursday,Thu,4,0,1
2023-03-03,2023,Q1,Q1 2023,3,March,Mar,2023-03,202303,3,Friday,Fri,5,0,1
2023-03-04,2023,Q1,Q1 2023,3,March,Mar,2023-03,202303,4,Saturday,Sat,6,1,0
2023-03-05,2023,Q1,Q1 2023,3,March,Mar,2023-03,202303,5,Sunday,Sun,7,1,0
2023-03-06,2023,Q1,Q1 2023,3,March,Mar,2023-03,202303,6,Monday,Mon,1,0,1
2023-03-07,2023,Q1,Q1 2023,3,March,Mar,2023-03,202303,7,Tuesday,Tue,2,0,0
2023-03-08,2023,Q1,Q1 2023,3,March,Mar,2023-03,202303,8,Wednesday,Wed,3,0,1
2023-03-09,2023,Q1,Q1 2023,3,March,Mar,2023-03,202303,9,Thursday,Thu,4,0,1
2023-03-10,2023,Q1,Q1 2023,3,March,Mar,2023-03,202303,10,Friday,Fri,5,0,1
2023-03-11,2023,Q1,Q1 2023,3,March,Mar,2023-03,202303,11,Saturday,Sat,6,1,0
2023-03-12,2023,Q1,Q1 2023,3,March,Mar,2023-03,202303,12,Sunday,Sun,7,1,0
2023-03-13,2023,Q1,Q1 2023,3,March,Mar,2023-03,202303,13,Monday,Mon,1,0,1
2023-03-14,2023,Q1,Q1 2023,3,March,Mar,2023-03,202303,14,Tuesday,Tue,2,0,1
2023-03-15,2023,Q1,Q1 2023,3,March,Mar,2023-03,202303,15,Wednesday,Wed,3,0,1
2023-03-16,2023,Q1,Q1 2023,3,March,Mar,2023-03,202303,16,Thursday,Thu,4,0,1
2023-03-17,2023,Q1,Q1 2023,3,March,Mar,2023-03,202303,17,Friday,Fri,5,0,1
2023-03-18,2023,Q1,Q1 2023,3,March,Mar,2023-03,202303,18,Saturday,Sat,6,1,0
2023-03-19,2023,Q1,Q1 2023,3,March,Mar,2023-03,202303,19,Sunday,Sun,7,1,0
2023-03-20,2023,Q1,Q1 2023,3,March,Mar,2023-03,202303,20,Monday,Mon,1,0,1
2023-03-21,2023,Q1,Q1 2023,3,March,Mar,2023-03,202303,21,Tuesday,Tue,2,0,1
2023-03-22,2023,Q1,Q1 2023,3,March,Mar,2023-03,202303,22,Wednesday,Wed,3,0,1
2023-03-23,2023,Q1,Q1 2023,3,March,Mar,2023-03,202303,23,Thursday,Thu,4,0,1
2023-03-24,2023,Q1,Q1 2023,3,March,Mar,2023-03,202303,24,Friday,Fri,5,0,1
2023-03-25,2023,Q1,Q1 2023,3,March,Mar,2023-03,202303,25,Saturday,Sat,6,1,0
2023-03-26,2023,Q1,Q1 2023,3,March,Mar,2023-03,202303,26,Sunday,Sun,7,1,0
2023-03-27,2023,Q1,Q1 2023,3,March,Mar,2023-03,202303,27,Monday,Mon,1,0,1
2023-03-28,2023,Q1,Q1 2023,3,March,Mar,2023-03,202303,28,Tuesday,Tue,2,0,1
2023-03-29,2023,Q1,Q1 2023,3,March,Mar,2023-03,202303,29,Wednesday,Wed,3,0,1
2023-03-30,2023,Q1,Q1 2023,3,March,Mar,2023-03,202303,30,Thursday,Thu,4,0,0
2023-03-31,2023,Q1,Q1 2023,3,March,Mar,2023-03,202303,31,Friday,Fri,5,0,1
2023-04-01,2023,Q2,Q2 2023,4,April,Apr,2023-04,202304,1,Saturday,Sat,6,1,0
2023-04-02,2023,Q2,Q2 2023,4,April,Apr,2023-04,202304,2,Sunday,Sun,7,1,0
2023-04-03,2023,Q2,Q2 2023,4,April,Apr,2023-04,202304,3,Monday,Mon,1,0,1
2023-04-04,2023,Q2,Q2 2023,4,April,Apr,2023-04,202304,4,Tuesday,Tue,2,0,0
2023-04-05,2023,Q2,Q2 2023,4,April,Apr,2023-04,202304,5,Wednesday,Wed,3,0,1
2023-04-06,2023,Q2,Q2 2023,4,April,Apr,2023-04,202304,6,Thursday,Thu,4,0,1
2023-04-07,2023,Q2,Q2 2023,4,April,Apr,2023-04,202304,7,Friday,Fri,5,0,0
2023-04-08,2023,Q2,Q2 2023,4,April,Apr,2023-04,202304,8,Saturday,Sat,6,1,0
2023-04-09,2023,Q2,Q2 2023,4,April,Apr,2023-04,202304,9,Sunday,Sun,7,1,0
2023-04-10,2023,Q2,Q2 2023,4,April,Apr,2023-04,202304,10,Monday,Mon,1,0,1
2023-04-11,2023,Q2,Q2 2023,4,April,Apr,2023-04,202304,11,Tuesday,Tue,2,0,1
2023-04-12,2023,Q2,Q2 2023,4,April,Apr,2023-04,202304,12,Wednesday,Wed,3,0,1
2023-04-13,2023,Q2,Q2 2023,4,April,Apr,2023-04,202304,13,Thursday,Thu,4,0,1
2023-04-14,2023,Q2,Q2 2023,4,April,Apr,2023-04,202304,14,Friday,Fri,5,0,0
2023-04-15,2023,Q2,Q2 2023,4,April,Apr,2023-04,202304,15,Saturday,Sat,6,1,0
2023-04-16,2023,Q2,Q2 2023,4,April,Apr,2023-04,202304,16,Sunday,Sun,7,1,0
2023-04-17,2023,Q2,Q2 2023,4,April,Apr,2023-04,202304,17,Monday,Mon,1,0,1
2023-04-18,2023,Q2,Q2 2023,4,April,Apr,2023-04,202304,18,Tuesday,Tue,2,0,1
2023-04-19,2023,Q2,Q2 2023,4,April,Apr,2023-04,202304,19,Wednesday,Wed,3,0,1
2023-04-20,2023,Q2,Q2 2023,4,April,Apr,2023-04,202304,20,Thursday,Thu,4,0,1
2023-04-21,2023,Q2,Q2 2023,4,April,Apr,2023-04,202304,21,Friday,Fri,5,0,1
2023-04-22,2023,Q2,Q2 2023,4,April,Apr,2023-04,202304,22,Saturday,Sat,6,1,0
2023-04-23,2023,Q2,Q2 2023,4,April,Apr,2023-04,202304,23,Sunday,Sun,7,1,0
2023-04-24,2023,Q2,Q2 2023,4,April,Apr,2023-04,202304,24,Monday,Mon,1,0,1
2023-04-25,2023,Q2,Q2 2023,4,April,Apr,2023-04,202304,25,Tuesday,Tue,2,0,1
2023-04-26,2023,Q2,Q2 2023,4,April,Apr,2023-04,202304,26,Wednesday,Wed,3,0,1
2023-04-27,2023,Q2,Q2 2023,4,April,Apr,2023-04,202304,27,Thursday,Thu,4,0,1
2023-04-28,2023,Q2,Q2 2023,4,April,Apr,2023-04,202304,28,Friday,Fri,5,0,1
2023-04-29,2023,Q2,Q2 2023,4,April,Apr,2023-04,202304,29,Saturday,Sat,6,1,0
2023-04-30,2023,Q2,Q2 2023,4,April,Apr,2023-04,202304,30,Sunday,Sun,7,1,0
2023-05-01,2023,Q2,Q2 2023,5,May,May,2023-05,202305,1,Monday,Mon,1,0,0
2023-05-02,2023,Q2,Q2 2023,5,May,May,2023-05,202305,2,Tuesday,Tue,2,0,1
2023-05-03,2023,Q2,Q2 2023,5,May,May,2023-05,202305,3,Wednesday,Wed,3,0,1
2023-05-04,2023,Q2,Q2 2023,5,May,May,2023-05,202305,4,Thursday,Thu,4,0,1
2023-05-05,2023,Q2,Q2 2023,5,May,May,2023-05,202305,5,Friday,Fri,5,0,1
2023-05-06,2023,Q2,Q2 2023,5,May,May,2023-05,202305,6,Saturday,Sat,6,1,0
2023-05-07,2023,Q2,Q2 2023,5,May,May,2023-05,202305,7,Sunday,Sun,7,1,0
2023-05-08,2023,Q2,Q2 2023,5,May,May,2023-05,202305,8,Monday,Mon,1,0,1
2023-05-09,2023,Q2,Q2 2023,5,May,May,2023-05,202305,9,Tuesday,Tue,2,0,1
2023-05-10,2023,Q2,Q2 2023,5,May,May,2023-05,202305,10,Wednesday,Wed,3,0,1
2023-05-11,2023,Q2,Q2 2023,5,May,May,2023-05,202305,11,Thursday,Thu,4,0,1
2023-05-12,2023,Q2,Q2 2023,5,May,May,2023-05,202305,12,Friday,Fri,5,0,1
2023-05-13,2023,Q2,Q2 2023,5,May,May,2023-05,202305,13,Saturday,Sat,6,1,0
2023-05-14,2023,Q2,Q2 2023,5,May,May,2023-05,202305,14,Sunday,Sun,7,1,0
2023-05-15,2023,Q2,Q2 2023,5,May,May,2023-05,202305,15,Monday,Mon,1,0,1
2023-05-16,2023,Q2,Q2 2023,5,May,May,2023-05,202305,16,Tuesday,Tue,2,0,1
2023-05-17,2023,Q2,Q2 2023,5,May,May,2023-05,202305,17,Wednesday,Wed,3,0,1
2023-05-18,2023,Q2,Q2 2023,5,May,May,2023-05,202305,18,Thursday,Thu,4,0,1
2023-05-19,2023,Q2,Q2 2023,5,May,May,2023-05,202305,19,Friday,Fri,5,0,1
2023-05-20,2023,Q2,Q2 2023,5,May,May,2023-05,202305,20,Saturday,Sat,6,1,0
2023-05-21,2023,Q2,Q2 2023,5,May,May,2023-05,202305,21,Sunday,Sun,7,1,0
2023-05-22,2023,Q2,Q2 2023,5,May,May,2023-05,202305,22,Monday,Mon,1,0,1
2023-05-23,2023,Q2,Q2 2023,5,May,May,2023-05,202305,23,Tuesday,Tue,2,0,1
2023-05-24,2023,Q2,Q2 2023,5,May,May,2023-05,202305,24,Wednesday,Wed,3,0,1
2023-05-25,2023,Q2,Q2 2023,5,May,May,2023-05,202305,25,Thursday,Thu,4,0,1
2023-05-26,2023,Q2,Q2 2023,5,May,May,2023-05,202305,26,Friday,Fri,5,0,1
2023-05-27,2023,Q2,Q2 2023,5,May,May,2023-05,202305,27,Saturday,Sat,6,1,0
2023-05-28,2023,Q2,Q2 2023,5,May,May,2023-05,202305,28,Sunday,Sun,7,1,0
2023-05-29,2023,Q2,Q2 2023,5,May,May,2023-05,202305,29,Monday,Mon,1,0,1
2023-05-30,2023,Q2,Q2 2023,5,May,May,2023-05,202305,30,Tuesday,Tue,2,0,1
2023-05-31,2023,Q2,Q2 2023,5,May,May,2023-05,202305,31,Wednesday,Wed,3,0,1
2023-06-01,2023,Q2,Q2 2023,6,June,Jun,2023-06,202306,1,Thursday,Thu,4,0,1
2023-06-02,2023,Q2,Q2 2023,6,June,Jun,2023-06,202306,2,Friday,Fri,5,0,1
2023-06-03,2023,Q2,Q2 2023,6,June,Jun,2023-06,202306,3,Saturday,Sat,6,1,0
2023-06-04,2023,Q2,Q2 2023,6,June,Jun,2023-06,202306,4,Sunday,Sun,7,1,0
2023-06-05,2023,Q2,Q2 2023,6,June,Jun,2023-06,202306,5,Monday,Mon,1,0,1
2023-06-06,2023,Q2,Q2 2023,6,June,Jun,2023-06,202306,6,Tuesday,Tue,2,0,1
2023-06-07,2023,Q2,Q2 2023,6,June,Jun,2023-06,202306,7,Wednesday,Wed,3,0,1
2023-06-08,2023,Q2,Q2 2023,6,June,Jun,2023-06,202306,8,Thursday,Thu,4,0,1
2023-06-09,2023,Q2,Q2 2023,6,June,Jun,2023-06,202306,9,Friday,Fri,5,0,1
2023-06-10,2023,Q2,Q2 2023,6,June,Jun,2023-06,202306,10,Saturday,Sat,6,1,0
2023-06-11,2023,Q2,Q2 2023,6,June,Jun,2023-06,202306,11,Sunday,Sun,7,1,0
2023-06-12,2023,Q2,Q2 2023,6,June,Jun,2023-06,202306,12,Monday,Mon,1,0,1
2023-06-13,2023,Q2,Q2 2023,6,June,Jun,2023-06,202306,13,Tuesday,Tue,2,0,1
2023-06-14,2023,Q2,Q2 2023,6,June,Jun,2023-06,202306,14,Wednesday,Wed,3,0,1
2023-06-15,2023,Q2,Q2 2023,6,June,Jun,2023-06,202306,15,Thursday,Thu,4,0,1
2023-06-16,2023,Q2,Q2 2023,6,June,Jun,2023-06,202306,16,Friday,Fri,5,0,1
2023-06-17,2023,Q2,Q2 2023,6,June,Jun,2023-06,202306,17,Saturday,Sat,6,1,0
2023-06-18,2023,Q2,Q2 2023,6,June,Jun,2023-06,202306,18,Sunday,Sun,7,1,0
2023-06-19,2023,Q2,Q2 2023,6,June,Jun,2023-06,202306,19,Monday,Mon,1,0,1
2023-06-20,2023,Q2,Q2 2023,6,June,Jun,2023-06,202306,20,Tuesday,Tue,2,0,1
2023-06-21,2023,Q2,Q2 2023,6,June,Jun,2023-06,202306,21,Wednesday,Wed,3,0,1
2023-06-22,2023,Q2,Q2 2023,6,June,Jun,2023-06,202306,22,Thursday,Thu,4,0,1
2023-06-23,2023,Q2,Q2 2023,6,June,Jun,2023-06,202306,23,Friday,Fri,5,0,1
2023-06-24,2023,Q2,Q2 2023,6,June,Jun,2023-06,202306,24,Saturday,Sat,6,1,0
2023-06-25,2023,Q2,Q2 2023,6,June,Jun,2023-06,202306,25,Sunday,Sun,7,1,0
2023-06-26,2023,Q2,Q2 2023,6,June,Jun,2023-06,202306,26,Monday,Mon,1,0,1
2023-06-27,2023,Q2,Q2 2023,6,June,Jun,2023-06,202306,27,Tuesday,Tue,2,0,1
2023-06-28,2023,Q2,Q2 2023,6,June,Jun,2023-06,202306,28,Wednesday,Wed,3,0,1
2023-06-29,2023,Q2,Q2 2023,6,June,Jun,2023-06,202306,29,Thursday,Thu,4,0,0
2023-06-30,2023,Q2,Q2 2023,6,June,Jun,2023-06,202306,30,Friday,Fri,5,0,1
2023-07-01,2023,Q3,Q3 2023,7,July,Jul,2023-07,202307,1,Saturday,Sat,6,1,0
2023-07-02,2023,Q3,Q3 2023,7,July,Jul,2023-07,202307,2,Sunday,Sun,7,1,0
2023-07-03,2023,Q3,Q3 2023,7,July,Jul,2023-07,202307,3,Monday,Mon,1,0,1
2023-07-04,2023,Q3,Q3 2023,7,July,Jul,2023-07,202307,4,Tuesday,Tue,2,0,1
2023-07-05,2023,Q3,Q3 2023,7,July,Jul,2023-07,202307,5,Wednesday,Wed,3,0,1
2023-07-06,2023,Q3,Q3 2023,7,July,Jul,2023-07,202307,6,Thursday,Thu,4,0,1
2023-07-07,2023,Q3,Q3 2023,7,July,Jul,2023-07,202307,7,Friday,Fri,5,0,1
2023-07-08,2023,Q3,Q3 2023,7,July,Jul,2023-07,202307,8,Saturday,Sat,6,1,0
2023-07-09,2023,Q3,Q3 2023,7,July,Jul,2023-07,202307,9,Sunday,Sun,7,1,0
2023-07-10,2023,Q3,Q3 2023,7,July,Jul,2023-07,202307,10,Monday,Mon,1,0,1
2023-07-11,2023,Q3,Q3 2023,7,July,Jul,2023-07,202307,11,Tuesday,Tue,2,0,1
2023-07-12,2023,Q3,Q3 2023,7,July,Jul,2023-07,202307,12,Wednesday,Wed,3,0,1
2023-07-13,2023,Q3,Q3 2023,7,July,Jul,2023-07,202307,13,Thursday,Thu,4,0,1
2023-07-14,2023,Q3,Q3 2023,7,July,Jul,2023-07,202307,14,Friday,Fri,5,0,1
2023-07-15,2023,Q3,Q3 2023,7,July,Jul,2023-07,202307,15,Saturday,Sat,6,1,0
2023-07-16,2023,Q3,Q3 2023,7,July,Jul,2023-07,202307,16,Sunday,Sun,7,1,0
2023-07-17,2023,Q3,Q3 2023,7,July,Jul,2023-07,202307,17,Monday,Mon,1,0,1
2023-07-18,2023,Q3,Q3 2023,7,July,Jul,2023-07,202307,18,Tuesday,Tue,2,0,1
2023-07-19,2023,Q3,Q3 2023,7,July,Jul,2023-07,202307,19,Wednesday,Wed,3,0,1
2023-07-20,2023,Q3,Q3 2023,7,July,Jul,2023-07,202307,20,Thursday,Thu,4,0,1
2023-07-21,2023,Q3,Q3 2023,7,July,Jul,2023-07,202307,21,Friday,Fri,5,0,1
2023-07-22,2023,Q3,Q3 2023,7,July,Jul,2023-07,202307,22,Saturday,Sat,6,1,0
2023-07-23,2023,Q3,Q3 2023,7,July,Jul,2023-07,202307,23,Sunday,Sun,7,1,0
2023-07-24,2023,Q3,Q3 2023,7,July,Jul,2023-07,202307,24,Monday,Mon,1,0,1
2023-07-25,2023,Q3,Q3 2023,7,July,Jul,2023-07,202307,25,Tuesday,Tue,2,0,1
2023-07-26,2023,Q3,Q3 2023,7,July,Jul,2023-07,202307,26,Wednesday,Wed,3,0,1
2023-07-27,2023,Q3,Q3 2023,7,July,Jul,2023-07,202307,27,Thursday,Thu,4,0,1
2023-07-28,2023,Q3,Q3 2023,7,July,Jul,2023-07,202307,28,Friday,Fri,5,0,1
2023-07-29,2023,Q3,Q3 2023,7,July,Jul,2023-07,202307,29,Saturday,Sat,6,1,0
2023-07-30,2023,Q3,Q3 2023,7,July,Jul,2023-07,202307,30,Sunday,Sun,7,1,0
2023-07-31,2023,Q3,Q3 2023,7,July,Jul,2023-07,202307,31,Monday,Mon,1,0,1
2023-08-01,2023,Q3,Q3 2023,8,August,Aug,2023-08,202308,1,Tuesday,Tue,2,0,1
2023-08-02,2023,Q3,Q3 2023,8,August,Aug,2023-08,202308,2,Wednesday,Wed,3,0,1
2023-08-03,2023,Q3,Q3 2023,8,August,Aug,2023-08,202308,3,Thursday,Thu,4,0,1
2023-08-04,2023,Q3,Q3 2023,8,August,Aug,2023-08,202308,4,Friday,Fri,5,0,1
2023-08-05,2023,Q3,Q3 2023,8,August,Aug,2023-08,202308,5,Saturday,Sat,6,1,0
2023-08-06,2023,Q3,Q3 2023,8,August,Aug,2023-08,202308,6,Sunday,Sun,7,1,0
2023-08-07,2023,Q3,Q3 2023,8,August,Aug,2023-08,202308,7,Monday,Mon,1,0,1
2023-08-08,2023,Q3,Q3 2023,8,August,Aug,2023-08,202308,8,Tuesday,Tue,2,0,1
2023-08-09,2023,Q3,Q3 2023,8,August,Aug,2023-08,202308,9,Wednesday,Wed,3,0,1
2023-08-10,2023,Q3,Q3 2023,8,August,Aug,2023-08,202308,10,Thursday,Thu,4,0,1
2023-08-11,2023,Q3,Q3 2023,8,August,Aug,2023-08,202308,11,Friday,Fri,5,0,1
2023-08-12,2023,Q3,Q3 2023,8,August,Aug,2023-08,202308,12,Saturday,Sat,6,1,0
2023-08-13,2023,Q3,Q3 2023,8,August,Aug,2023-08,202308,13,Sunday,Sun,7,1,0
2023-08-14,2023,Q3,Q3 2023,8,August,Aug,2023-08,202308,14,Monday,Mon,1,0,1
2023-08-15,2023,Q3,Q3 2023,8,August,Aug,2023-08,202308,15,Tuesday,Tue,2,0,0
2023-08-16,2023,Q3,Q3 2023,8,August,Aug,2023-08,202308,16,Wednesday,Wed,3,0,1
2023-08-17,2023,Q3,Q3 2023,8,August,Aug,2023-08,202308,17,Thursday,Thu,4,0,1
2023-08-18,2023,Q3,Q3 2023,8,August,Aug,2023-08,202308,18,Friday,Fri,5,0,1
2023-08-19,2023,Q3,Q3 2023,8,August,Aug,2023-08,202308,19,Saturday,Sat,6,1,0
2023-08-20,2023,Q3,Q3 2023,8,August,Aug,2023-08,202308,20,Sunday,Sun,7,1,0
2023-08-21,2023,Q3,Q3 2023,8,August,Aug,2023-08,202308,21,Monday,Mon,1,0,1
2023-08-22,2023,Q3,Q3 2023,8,August,Aug,2023-08,202308,22,Tuesday,Tue,2,0,1
2023-08-23,2023,Q3,Q3 2023,8,August,Aug,2023-08,202308,23,Wednesday,Wed,3,0,1
2023-08-24,2023,Q3,Q3 2023,8,August,Aug,2023-08,202308,24,Thursday,Thu,4,0,1
2023-08-25,2023,Q3,Q3 2023,8,August,Aug,2023-08,202308,25,Friday,Fri,5,0,1
2023-08-26,2023,Q3,Q3 2023,8,August,Aug,2023-08,202308,26,Saturday,Sat,6,1,0
2023-08-27,2023,Q3,Q3 2023,8,August,Aug,2023-08,202308,27,Sunday,Sun,7,1,0
2023-08-28,2023,Q3,Q3 2023,8,August,Aug,2023-08,202308,28,Monday,Mon,1,0,1
2023-08-29,2023,Q3,Q3 2023,8,August,Aug,2023-08,202308,29,Tuesday,Tue,2,0,1
2023-08-30,2023,Q3,Q3 2023,8,August,Aug,2023-08,202308,30,Wednesday,Wed,3,0,1
2023-08-31,2023,Q3,Q3 2023,8,August,Aug,2023-08,202308,31,Thursday,Thu,4,0,1
2023-09-01,2023,Q3,Q3 2023,9,September,Sep,2023-09,202309,1,Friday,Fri,5,0,1
2023-09-02,2023,Q3,Q3 2023,9,September,Sep,2023-09,202309,2,Saturday,Sat,6,1,0
2023-09-03,2023,Q3,Q3 2023,9,September,Sep,2023-09,202309,3,Sunday,Sun,7,1,0
2023-09-04,2023,Q3,Q3 2023,9,September,Sep,2023-09,202309,4,Monday,Mon,1,0,1
2023-09-05,2023,Q3,Q3 2023,9,September,Sep,2023-09,202309,5,Tuesday,Tue,2,0,1
2023-09-06,2023,Q3,Q3 2023,9,September,Sep,2023-09,202309,6,Wednesday,Wed,3,0,1
2023-09-07,2023,Q3,Q3 2023,9,September,Sep,2023-09,202309,7,Thursday,Thu,4,0,1
2023-09-08,2023,Q3,Q3 2023,9,September,Sep,2023-09,202309,8,Friday,Fri,5,0,1
2023-09-09,2023,Q3,Q3 2023,9,September,Sep,2023-09,202309,9,Saturday,Sat,6,1,0
2023-09-10,2023,Q3,Q3 2023,9,September,Sep,2023-09,202309,10,Sunday,Sun,7,1,0
2023-09-11,2023,Q3,Q3 2023,9,September,Sep,2023-09,202309,11,Monday,Mon,1,0,1
2023-09-12,2023,Q3,Q3 2023,9,September,Sep,2023-09,202309,12,Tuesday,Tue,2,0,1
2023-09-13,2023,Q3,Q3 2023,9,September,Sep,2023-09,202309,13,Wednesday,Wed,3,0,1
2023-09-14,2023,Q3,Q3 2023,9,September,Sep,2023-09,202309,14,Thursday,Thu,4,0,1
2023-09-15,2023,Q3,Q3 2023,9,September,Sep,2023-09,202309,15,Friday,Fri,5,0,1
2023-09-16,2023,Q3,Q3 2023,9,September,Sep,2023-09,202309,16,Saturday,Sat,6,1,0
2023-09-17,2023,Q3,Q3 2023,9,September,Sep,2023-09,202309,17,Sunday,Sun,7,1,0
2023-09-18,2023,Q3,Q3 2023,9,September,Sep,2023-09,202309,18,Monday,Mon,1,0,1
2023-09-19,2023,Q3,Q3 2023,9,September,Sep,2023-09,202309,19,Tuesday,Tue,2,0,0
2023-09-20,2023,Q3,Q3 2023,9,September,Sep,2023-09,202309,20,Wednesday,Wed,3,0,1
2023-09-21,2023,Q3,Q3 2023,9,September,Sep,2023-09,202309,21,Thursday,Thu,4,0,1
2023-09-22,2023,Q3,Q3 2023,9,September,Sep,2023-09,202309,22,Friday,Fri,5,0,1
2023-09-23,2023,Q3,Q3 2023,9,September,Sep,2023-09,202309,23,Saturday,Sat,6,1,0
2023-09-24,2023,Q3,Q3 2023,9,September,Sep,2023-09,202309,24,Sunday,Sun,7,1,0
2023-09-25,2023,Q3,Q3 2023,9,September,Sep,2023-09,202309,25,Monday,Mon,1,0,1
2023-09-26,2023,Q3,Q3 2023,9,September,Sep,2023-09,202309,26,Tuesday,Tue,2,0,1
2023-09-27,2023,Q3,Q3 2023,9,September,Sep,2023-09,202309,27,Wednesday,Wed,3,0,1
2023-09-28,2023,Q3,Q3 2023,9,September,Sep,2023-09,202309,28,Thursday,Thu,4,0,1
2023-09-29,2023,Q3,Q3 2023,9,September,Sep,2023-09,202309,29,Friday,Fri,5,0,1
2023-09-30,2023,Q3,Q3 2023,9,September,Sep,2023-09,202309,30,Saturday,Sat,6,1,0
2023-10-01,2023,Q4,Q4 2023,10,October,Oct,2023-10,202310,1,Sunday,Sun,7,1,0
2023-10-02,2023,Q4,Q4 2023,10,October,Oct,2023-10,202310,2,Monday,Mon,1,0,0
2023-10-03,2023,Q4,Q4 2023,10,October,Oct,2023-10,202310,3,Tuesday,Tue,2,0,1
2023-10-04,2023,Q4,Q4 2023,10,October,Oct,2023-10,202310,4,Wednesday,Wed,3,0,1
2023-10-05,2023,Q4,Q4 2023,10,October,Oct,2023-10,202310,5,Thursday,Thu,4,0,1
2023-10-06,2023,Q4,Q4 2023,10,October,Oct,2023-10,202310,6,Friday,Fri,5,0,1
2023-10-07,2023,Q4,Q4 2023,10,October,Oct,2023-10,202310,7,Saturday,Sat,6,1,0
2023-10-08,2023,Q4,Q4 2023,10,October,Oct,2023-10,202310,8,Sunday,Sun,7,1,0
2023-10-09,2023,Q4,Q4 2023,10,October,Oct,2023-10,202310,9,Monday,Mon,1,0,1
2023-10-10,2023,Q4,Q4 2023,10,October,Oct,2023-10,202310,10,Tuesday,Tue,2,0,1
2023-10-11,2023,Q4,Q4 2023,10,October,Oct,2023-10,202310,11,Wednesday,Wed,3,0,1
2023-10-12,2023,Q4,Q4 2023,10,October,Oct,2023-10,202310,12,Thursday,Thu,4,0,1
2023-10-13,2023,Q4,Q4 2023,10,October,Oct,2023-10,202310,13,Friday,Fri,5,0,1
2023-10-14,2023,Q4,Q4 2023,10,October,Oct,2023-10,202310,14,Saturday,Sat,6,1,0
2023-10-15,2023,Q4,Q4 2023,10,October,Oct,2023-10,202310,15,Sunday,Sun,7,1,0
2023-10-16,2023,Q4,Q4 2023,10,October,Oct,2023-10,202310,16,Monday,Mon,1,0,1
2023-10-17,2023,Q4,Q4 2023,10,October,Oct,2023-10,202310,17,Tuesday,Tue,2,0,1
2023-10-18,2023,Q4,Q4 2023,10,October,Oct,2023-10,202310,18,Wednesday,Wed,3,0,1
2023-10-19,2023,Q4,Q4 2023,10,October,Oct,2023-10,202310,19,Thursday,Thu,4,0,1
2023-10-20,2023,Q4,Q4 2023,10,October,Oct,2023-10,202310,20,Friday,Fri,5,0,1
2023-10-21,2023,Q4,Q4 2023,10,October,Oct,2023-10,202310,21,Saturday,Sat,6,1,0
2023-10-22,2023,Q4,Q4 2023,10,October,Oct,2023-10,202310,22,Sunday,Sun,7,1,0
2023-10-23,2023,Q4,Q4 2023,10,October,Oct,2023-10,202310,23,Monday,Mon,1,0,1
2023-10-24,2023,Q4,Q4 2023,10,October,Oct,2023-10,202310,24,Tuesday,Tue,2,0,0
2023-10-25,2023,Q4,Q4 2023,10,October,Oct,2023-10,202310,25,Wednesday,Wed,3,0,1
2023-10-26,2023,Q4,Q4 2023,10,October,Oct,2023-10,202310,26,Thursday,Thu,4,0,1
2023-10-27,2023,Q4,Q4 2023,10,October,Oct,2023-10,202310,27,Friday,Fri,5,0,1
2023-10-28,2023,Q4,Q4 2023,10,October,Oct,2023-10,202310,28,Saturday,Sat,6,1,0
2023-10-29,2023,Q4,Q4 2023,10,October,Oct,2023-10,202310,29,Sunday,Sun,7,1,0
2023-10-30,2023,Q4,Q4 2023,10,October,Oct,2023-10,202310,30,Monday,Mon,1,0,1
2023-10-31,2023,Q4,Q4 2023,10,October,Oct,2023-10,202310,31,Tuesday,Tue,2,0,1
2023-11-01,2023,Q4,Q4 2023,11,November,Nov,2023-11,202311,1,Wednesday,Wed,3,0,1
2023-11-02,2023,Q4,Q4 2023,11,November,Nov,2023-11,202311,2,Thursday,Thu,4,0,1
2023-11-03,2023,Q4,Q4 2023,11,November,Nov,2023-11,202311,3,Friday,Fri,5,0,1
2023-11-04,2023,Q4,Q4 2023,11,November,Nov,2023-11,202311,4,Saturday,Sat,6,1,0
2023-11-05,2023,Q4,Q4 2023,11,November,Nov,2023-11,202311,5,Sunday,Sun,7,1,0
2023-11-06,2023,Q4,Q4 2023,11,November,Nov,2023-11,202311,6,Monday,Mon,1,0,1
2023-11-07,2023,Q4,Q4 2023,11,November,Nov,2023-11,202311,7,Tuesday,Tue,2,0,1
2023-11-08,2023,Q4,Q4 2023,11,November,Nov,2023-11,202311,8,Wednesday,Wed,3,0,1
2023-11-09,2023,Q4,Q4 2023,11,November,Nov,2023-11,202311,9,Thursday,Thu,4,0,1
2023-11-10,2023,Q4,Q4 2023,11,November,Nov,2023-11,202311,10,Friday,Fri,5,0,1
2023-11-11,2023,Q4,Q4 2023,11,November,Nov,2023-11,202311,11,Saturday,Sat,6,1,0
2023-11-12,2023,Q4,Q4 2023,11,November,Nov,2023-11,202311,12,Sunday,Sun,7,1,0
2023-11-13,2023,Q4,Q4 2023,11,November,Nov,2023-11,202311,13,Monday,Mon,1,0,1
2023-11-14,2023,Q4,Q4 2023,11,November,Nov,2023-11,202311,14,Tuesday,Tue,2,0,0
2023-11-15,2023,Q4,Q4 2023,11,November,Nov,2023-11,202311,15,Wednesday,Wed,3,0,1
2023-11-16,2023,Q4,Q4 2023,11,November,Nov,2023-11,202311,16,Thursday,Thu,4,0,1
2023-11-17,2023,Q4,Q4 2023,11,November,Nov,2023-11,202311,17,Friday,Fri,5,0,1
2023-11-18,2023,Q4,Q4 2023,11,November,Nov,2023-11,202311,18,Saturday,Sat,6,1,0
2023-11-19,2023,Q4,Q4 2023,11,November,Nov,2023-11,202311,19,Sunday,Sun,7,1,0
2023-11-20,2023,Q4,Q4 2023,11,November,Nov,2023-11,202311,20,Monday,Mon,1,0,1
2023-11-21,2023,Q4,Q4 2023,11,November,Nov,2023-11,202311,21,Tuesday,Tue,2,0,1
2023-11-22,2023,Q4,Q4 2023,11,November,Nov,2023-11,202311,22,Wednesday,Wed,3,0,1
2023-11-23,2023,Q4,Q4 2023,11,November,Nov,2023-11,202311,23,Thursday,Thu,4,0,1
2023-11-24,2023,Q4,Q4 2023,11,November,Nov,2023-11,202311,24,Friday,Fri,5,0,1
2023-11-25,2023,Q4,Q4 2023,11,November,Nov,2023-11,202311,25,Saturday,Sat,6,1,0
2023-11-26,2023,Q4,Q4 2023,11,November,Nov,2023-11,202311,26,Sunday,Sun,7,1,0
2023-11-27,2023,Q4,Q4 2023,11,November,Nov,2023-11,202311,27,Monday,Mon,1,0,0
2023-11-28,2023,Q4,Q4 2023,11,November,Nov,2023-11,202311,28,Tuesday,Tue,2,0,1
2023-11-29,2023,Q4,Q4 2023,11,November,Nov,2023-11,202311,29,Wednesday,Wed,3,0,1
2023-11-30,2023,Q4,Q4 2023,11,November,Nov,2023-11,202311,30,Thursday,Thu,4,0,1
2023-12-01,2023,Q4,Q4 2023,12,December,Dec,2023-12,202312,1,Friday,Fri,5,0,1
2023-12-02,2023,Q4,Q4 2023,12,December,Dec,2023-12,202312,2,Saturday,Sat,6,1,0
2023-12-03,2023,Q4,Q4 2023,12,December,Dec,2023-12,202312,3,Sunday,Sun,7,1,0
2023-12-04,2023,Q4,Q4 2023,12,December,Dec,2023-12,202312,4,Monday,Mon,1,0,1
2023-12-05,2023,Q4,Q4 2023,12,December,Dec,2023-12,202312,5,Tuesday,Tue,2,0,1
2023-12-06,2023,Q4,Q4 2023,12,December,Dec,2023-12,202312,6,Wednesday,Wed,3,0,1
2023-12-07,2023,Q4,Q4 2023,12,December,Dec,2023-12,202312,7,Thursday,Thu,4,0,1
2023-12-08,2023,Q4,Q4 2023,12,December,Dec,2023-12,202312,8,Friday,Fri,5,0,1
2023-12-09,2023,Q4,Q4 2023,12,December,Dec,2023-12,202312,9,Saturday,Sat,6,1,0
2023-12-10,2023,Q4,Q4 2023,12,December,Dec,2023-12,202312,10,Sunday,Sun,7,1,0
2023-12-11,2023,Q4,Q4 2023,12,December,Dec,2023-12,202312,11,Monday,Mon,1,0,1
2023-12-12,2023,Q4,Q4 2023,12,December,Dec,2023-12,202312,12,Tuesday,Tue,2,0,1
2023-12-13,2023,Q4,Q4 2023,12,December,Dec,2023-12,202312,13,Wednesday,Wed,3,0,1
2023-12-14,2023,Q4,Q4 2023,12,December,Dec,2023-12,202312,14,Thursday,Thu,4,0,1
2023-12-15,2023,Q4,Q4 2023,12,December,Dec,2023-12,202312,15,Friday,Fri,5,0,1
2023-12-16,2023,Q4,Q4 2023,12,December,Dec,2023-12,202312,16,Saturday,Sat,6,1,0
2023-12-17,2023,Q4,Q4 2023,12,December,Dec,2023-12,202312,17,Sunday,Sun,7,1,0
2023-12-18,2023,Q4,Q4 2023,12,December,Dec,2023-12,202312,18,Monday,Mon,1,0,1
2023-12-19,2023,Q4,Q4 2023,12,December,Dec,2023-12,202312,19,Tuesday,Tue,2,0,1
2023-12-20,2023,Q4,Q4 2023,12,December,Dec,2023-12,202312,20,Wednesday,Wed,3,0,1
2023-12-21,2023,Q4,Q4 2023,12,December,Dec,2023-12,202312,21,Thursday,Thu,4,0,1
2023-12-22,2023,Q4,Q4 2023,12,December,Dec,2023-12,202312,22,Friday,Fri,5,0,1
2023-12-23,2023,Q4,Q4 2023,12,December,Dec,2023-12,202312,23,Saturday,Sat,6,1,0
2023-12-24,2023,Q4,Q4 2023,12,December,Dec,2023-12,202312,24,Sunday,Sun,7,1,0
2023-12-25,2023,Q4,Q4 2023,12,December,Dec,2023-12,202312,25,Monday,Mon,1,0,0
2023-12-26,2023,Q4,Q4 2023,12,December,Dec,2023-12,202312,26,Tuesday,Tue,2,0,1
2023-12-27,2023,Q4,Q4 2023,12,December,Dec,2023-12,202312,27,Wednesday,Wed,3,0,1
2023-12-28,2023,Q4,Q4 2023,12,December,Dec,2023-12,202312,28,Thursday,Thu,4,0,1
2023-12-29,2023,Q4,Q4 2023,12,December,Dec,2023-12,202312,29,Friday,Fri,5,0,1
2023-12-30,2023,Q4,Q4 2023,12,December,Dec,2023-12,202312,30,Saturday,Sat,6,1,0
2023-12-31,2023,Q4,Q4 2023,12,December,Dec,2023-12,202312,31,Sunday,Sun,7,1,0
2024-01-01,2024,Q1,Q1 2024,1,January,Jan,2024-01,202401,1,Monday,Mon,1,0,1
2024-01-02,2024,Q1,Q1 2024,1,January,Jan,2024-01,202401,2,Tuesday,Tue,2,0,1
2024-01-03,2024,Q1,Q1 2024,1,January,Jan,2024-01,202401,3,Wednesday,Wed,3,0,1
2024-01-04,2024,Q1,Q1 2024,1,January,Jan,2024-01,202401,4,Thursday,Thu,4,0,1
2024-01-05,2024,Q1,Q1 2024,1,January,Jan,2024-01,202401,5,Friday,Fri,5,0,1
2024-01-06,2024,Q1,Q1 2024,1,January,Jan,2024-01,202401,6,Saturday,Sat,6,1,0
2024-01-07,2024,Q1,Q1 2024,1,January,Jan,2024-01,202401,7,Sunday,Sun,7,1,0
2024-01-08,2024,Q1,Q1 2024,1,January,Jan,2024-01,202401,8,Monday,Mon,1,0,1
2024-01-09,2024,Q1,Q1 2024,1,January,Jan,2024-01,202401,9,Tuesday,Tue,2,0,1
2024-01-10,2024,Q1,Q1 2024,1,January,Jan,2024-01,202401,10,Wednesday,Wed,3,0,1
2024-01-11,2024,Q1,Q1 2024,1,January,Jan,2024-01,202401,11,Thursday,Thu,4,0,1
2024-01-12,2024,Q1,Q1 2024,1,January,Jan,2024-01,202401,12,Friday,Fri,5,0,1
2024-01-13,2024,Q1,Q1 2024,1,January,Jan,2024-01,202401,13,Saturday,Sat,6,1,0
2024-01-14,2024,Q1,Q1 2024,1,January,Jan,2024-01,202401,14,Sunday,Sun,7,1,0
2024-01-15,2024,Q1,Q1 2024,1,January,Jan,2024-01,202401,15,Monday,Mon,1,0,1
2024-01-16,2024,Q1,Q1 2024,1,January,Jan,2024-01,202401,16,Tuesday,Tue,2,0,1
2024-01-17,2024,Q1,Q1 2024,1,January,Jan,2024-01,202401,17,Wednesday,Wed,3,0,1
2024-01-18,2024,Q1,Q1 2024,1,January,Jan,2024-01,202401,18,Thursday,Thu,4,0,1
2024-01-19,2024,Q1,Q1 2024,1,January,Jan,2024-01,202401,19,Friday,Fri,5,0,1
2024-01-20,2024,Q1,Q1 2024,1,January,Jan,2024-01,202401,20,Saturday,Sat,6,1,0
2024-01-21,2024,Q1,Q1 2024,1,January,Jan,2024-01,202401,21,Sunday,Sun,7,1,0
2024-01-22,2024,Q1,Q1 2024,1,January,Jan,2024-01,202401,22,Monday,Mon,1,0,0
2024-01-23,2024,Q1,Q1 2024,1,January,Jan,2024-01,202401,23,Tuesday,Tue,2,0,1
2024-01-24,2024,Q1,Q1 2024,1,January,Jan,2024-01,202401,24,Wednesday,Wed,3,0,1
2024-01-25,2024,Q1,Q1 2024,1,January,Jan,2024-01,202401,25,Thursday,Thu,4,0,1
2024-01-26,2024,Q1,Q1 2024,1,January,Jan,2024-01,202401,26,Friday,Fri,5,0,0
2024-01-27,2024,Q1,Q1 2024,1,January,Jan,2024-01,202401,27,Saturday,Sat,6,1,0
2024-01-28,2024,Q1,Q1 2024,1,January,Jan,2024-01,202401,28,Sunday,Sun,7,1,0
2024-01-29,2024,Q1,Q1 2024,1,January,Jan,2024-01,202401,29,Monday,Mon,1,0,1
2024-01-30,2024,Q1,Q1 2024,1,January,Jan,2024-01,202401,30,Tuesday,Tue,2,0,1
2024-01-31,2024,Q1,Q1 2024,1,January,Jan,2024-01,202401,31,Wednesday,Wed,3,0,1
2024-02-01,2024,Q1,Q1 2024,2,February,Feb,2024-02,202402,1,Thursday,Thu,4,0,1
2024-02-02,2024,Q1,Q1 2024,2,February,Feb,2024-02,202402,2,Friday,Fri,5,0,1
2024-02-03,2024,Q1,Q1 2024,2,February,Feb,2024-02,202402,3,Saturday,Sat,6,1,0
2024-02-04,2024,Q1,Q1 2024,2,February,Feb,2024-02,202402,4,Sunday,Sun,7,1,0
2024-02-05,2024,Q1,Q1 2024,2,February,Feb,2024-02,202402,5,Monday,Mon,1,0,1
2024-02-06,2024,Q1,Q1 2024,2,February,Feb,2024-02,202402,6,Tuesday,Tue,2,0,1
2024-02-07,2024,Q1,Q1 2024,2,February,Feb,2024-02,202402,7,Wednesday,Wed,3,0,1
2024-02-08,2024,Q1,Q1 2024,2,February,Feb,2024-02,202402,8,Thursday,Thu,4,0,1
2024-02-09,2024,Q1,Q1 2024,2,February,Feb,2024-02,202402,9,Friday,Fri,5,0,1
2024-02-10,2024,Q1,Q1 2024,2,February,Feb,2024-02,202402,10,Saturday,Sat,6,1,0
2024-02-11,2024,Q1,Q1 2024,2,February,Feb,2024-02,202402,11,Sunday,Sun,7,1,0
2024-02-12,2024,Q1,Q1 2024,2,February,Feb,2024-02,202402,12,Monday,Mon,1,0,1
2024-02-13,2024,Q1,Q1 2024,2,February,Feb,2024-02,202402,13,Tuesday,Tue,2,0,1
2024-02-14,2024,Q1,Q1 2024,2,February,Feb,2024-02,202402,14,Wednesday,Wed,3,0,1
2024-02-15,2024,Q1,Q1 2024,2,February,Feb,2024-02,202402,15,Thursday,Thu,4,0,1
2024-02-16,2024,Q1,Q1 2024,2,February,Feb,2024-02,202402,16,Friday,Fri,5,0,1
2024-02-17,2024,Q1,Q1 2024,2,February,Feb,2024-02,202402,17,Saturday,Sat,6,1,0
2024-02-18,2024,Q1,Q1 2024,2,February,Feb,2024-02,202402,18,Sunday,Sun,7,1,0
2024-02-19,2024,Q1,Q1 2024,2,February,Feb,2024-02,202402,19,Monday,Mon,1,0,1
2024-02-20,2024,Q1,Q1 2024,2,February,Feb,2024-02,202402,20,Tuesday,Tue,2,0,1
2024-02-21,2024,Q1,Q1 2024,2,February,Feb,2024-02,202402,21,Wednesday,Wed,3,0,1
2024-02-22,2024,Q1,Q1 2024,2,February,Feb,2024-02,202402,22,Thursday,Thu,4,0,1
2024-02-23,2024,Q1,Q1 2024,2,February,Feb,2024-02,202402,23,Friday,Fri,5,0,1
2024-02-24,2024,Q1,Q1 2024,2,February,Feb,2024-02,202402,24,Saturday,Sat,6,1,0
2024-02-25,2024,Q1,Q1 2024,2,February,Feb,2024-02,202402,25,Sunday,Sun,7,1,0
2024-02-26,2024,Q1,Q1 2024,2,February,Feb,2024-02,202402,26,Monday,Mon,1,0,1
2024-02-27,2024,Q1,Q1 2024,2,February,Feb,2024-02,202402,27,Tuesday,Tue,2,0,1
2024-02-28,2024,Q1,Q1 2024,2,February,Feb,2024-02,202402,28,Wednesday,Wed,3,0,1
2024-02-29,2024,Q1,Q1 2024,2,February,Feb,2024-02,202402,29,Thursday,Thu,4,0,1
2024-03-01,2024,Q1,Q1 2024,3,March,Mar,2024-03,202403,1,Friday,Fri,5,0,1
2024-03-02,2024,Q1,Q1 2024,3,March,Mar,2024-03,202403,2,Saturday,Sat,6,1,0
2024-03-03,2024,Q1,Q1 2024,3,March,Mar,2024-03,202403,3,Sunday,Sun,7,1,0
2024-03-04,2024,Q1,Q1 2024,3,March,Mar,2024-03,202403,4,Monday,Mon,1,0,1
2024-03-05,2024,Q1,Q1 2024,3,March,Mar,2024-03,202403,5,Tuesday,Tue,2,0,1
2024-03-06,2024,Q1,Q1 2024,3,March,Mar,2024-03,202403,6,Wednesday,Wed,3,0,1
2024-03-07,2024,Q1,Q1 2024,3,March,Mar,2024-03,202403,7,Thursday,Thu,4,0,1
2024-03-08,2024,Q1,Q1 2024,3,March,Mar,2024-03,202403,8,Friday,Fri,5,0,0
2024-03-09,2024,Q1,Q1 2024,3,March,Mar,2024-03,202403,9,Saturday,Sat,6,1,0
2024-03-10,2024,Q1,Q1 2024,3,March,Mar,2024-03,202403,10,Sunday,Sun,7,1,0
2024-03-11,2024,Q1,Q1 2024,3,March,Mar,2024-03,202403,11,Monday,Mon,1,0,1
2024-03-12,2024,Q1,Q1 2024,3,March,Mar,2024-03,202403,12,Tuesday,Tue,2,0,1
2024-03-13,2024,Q1,Q1 2024,3,March,Mar,2024-03,202403,13,Wednesday,Wed,3,0,1
2024-03-14,2024,Q1,Q1 2024,3,March,Mar,2024-03,202403,14,Thursday,Thu,4,0,1
2024-03-15,2024,Q1,Q1 2024,3,March,Mar,2024-03,202403,15,Friday,Fri,5,0,1
2024-03-16,2024,Q1,Q1 2024,3,March,Mar,2024-03,202403,16,Saturday,Sat,6,1,0
2024-03-17,2024,Q1,Q1 2024,3,March,Mar,2024-03,202403,17,Sunday,Sun,7,1,0
2024-03-18,2024,Q1,Q1 2024,3,March,Mar,2024-03,202403,18,Monday,Mon,1,0,1
2024-03-19,2024,Q1,Q1 2024,3,March,Mar,2024-03,202403,19,Tuesday,Tue,2,0,1
2024-03-20,2024,Q1,Q1 2024,3,March,Mar,2024-03,202403,20,Wednesday,Wed,3,0,1
2024-03-21,2024,Q1,Q1 2024,3,March,Mar,2024-03,202403,21,Thursday,Thu,4,0,1
2024-03-22,2024,Q1,Q1 2024,3,March,Mar,2024-03,202403,22,Friday,Fri,5,0,1
2024-03-23,2024,Q1,Q1 2024,3,March,Mar,2024-03,202403,23,Saturday,Sat,6,1,0
2024-03-24,2024,Q1,Q1 2024,3,March,Mar,2024-03,202403,24,Sunday,Sun,7,1,0
2024-03-25,2024,Q1,Q1 2024,3,March,Mar,2024-03,202403,25,Monday,Mon,1,0,0
2024-03-26,2024,Q1,Q1 2024,3,March,Mar,2024-03,202403,26,Tuesday,Tue,2,0,1
2024-03-27,2024,Q1,Q1 2024,3,March,Mar,2024-03,202403,27,Wednesday,Wed,3,0,1
2024-03-28,2024,Q1,Q1 2024,3,March,Mar,2024-03,202403,28,Thursday,Thu,4,0,1
2024-03-29,2024,Q1,Q1 2024,3,March,Mar,2024-03,202403,29,Friday,Fri,5,0,0
2024-03-30,2024,Q1,Q1 2024,3,March,Mar,2024-03,202403,30,Saturday,Sat,6,1,0
2024-03-31,2024,Q1,Q1 2024,3,March,Mar,2024-03,202403,31,Sunday,Sun,7,1,0
2024-04-01,2024,Q2,Q2 2024,4,April,Apr,2024-04,202404,1,Monday,Mon,1,0,1
2024-04-02,2024,Q2,Q2 2024,4,April,Apr,2024-04,202404,2,Tuesday,Tue,2,0,1
2024-04-03,2024,Q2,Q2 2024,4,April,Apr,2024-04,202404,3,Wednesday,Wed,3,0,1
2024-04-04,2024,Q2,Q2 2024,4,April,Apr,2024-04,202404,4,Thursday,Thu,4,0,1
2024-04-05,2024,Q2,Q2 2024,4,April,Apr,2024-04,202404,5,Friday,Fri,5,0,1
2024-04-06,2024,Q2,Q2 2024,4,April,Apr,2024-04,202404,6,Saturday,Sat,6,1,0
2024-04-07,2024,Q2,Q2 2024,4,April,Apr,2024-04,202404,7,Sunday,Sun,7,1,0
2024-04-08,2024,Q2,Q2 2024,4,April,Apr,2024-04,202404,8,Monday,Mon,1,0,1
2024-04-09,2024,Q2,Q2 2024,4,April,Apr,2024-04,202404,9,Tuesday,Tue,2,0,1
2024-04-10,2024,Q2,Q2 2024,4,April,Apr,2024-04,202404,10,Wednesday,Wed,3,0,1
2024-04-11,2024,Q2,Q2 2024,4,April,Apr,2024-04,202404,11,Thursday,Thu,4,0,0
2024-04-12,2024,Q2,Q2 2024,4,April,Apr,2024-04,202404,12,Friday,Fri,5,0,1
2024-04-13,2024,Q2,Q2 2024,4,April,Apr,2024-04,202404,13,Saturday,Sat,6,1,0
2024-04-14,2024,Q2,Q2 2024,4,April,Apr,2024-04,202404,14,Sunday,Sun,7,1,0
2024-04-15,2024,Q2,Q2 2024,4,April,Apr,2024-04,202404,15,Monday,Mon,1,0,1
2024-04-16,2024,Q2,Q2 2024,4,April,Apr,2024-04,202404,16,Tuesday,Tue,2,0,1
2024-04-17,2024,Q2,Q2 2024,4,April,Apr,2024-04,202404,17,Wednesday,Wed,3,0,0
2024-04-18,2024,Q2,Q2 2024,4,April,Apr,2024-04,202404,18,Thursday,Thu,4,0,1
2024-04-19,2024,Q2,Q2 2024,4,April,Apr,2024-04,202404,19,Friday,Fri,5,0,1
2024-04-20,2024,Q2,Q2 2024,4,April,Apr,2024-04,202404,20,Saturday,Sat,6,1,0
2024-04-21,2024,Q2,Q2 2024,4,April,Apr,2024-04,202404,21,Sunday,Sun,7,1,0
2024-04-22,2024,Q2,Q2 2024,4,April,Apr,2024-04,202404,22,Monday,Mon,1,0,1
2024-04-23,2024,Q2,Q2 2024,4,April,Apr,2024-04,202404,23,Tuesday,Tue,2,0,1
2024-04-24,2024,Q2,Q2 2024,4,April,Apr,2024-04,202404,24,Wednesday,Wed,3,0,1
2024-04-25,2024,Q2,Q2 2024,4,April,Apr,2024-04,202404,25,Thursday,Thu,4,0,1
2024-04-26,2024,Q2,Q2 2024,4,April,Apr,2024-04,202404,26,Friday,Fri,5,0,1
2024-04-27,2024,Q2,Q2 2024,4,April,Apr,2024-04,202404,27,Saturday,Sat,6,1,0
2024-04-28,2024,Q2,Q2 2024,4,April,Apr,2024-04,202404,28,Sunday,Sun,7,1,0
2024-04-29,2024,Q2,Q2 2024,4,April,Apr,2024-04,202404,29,Monday,Mon,1,0,1
2024-04-30,2024,Q2,Q2 2024,4,April,Apr,2024-04,202404,30,Tuesday,Tue,2,0,1
2024-05-01,2024,Q2,Q2 2024,5,May,May,2024-05,202405,1,Wednesday,Wed,3,0,0
2024-05-02,2024,Q2,Q2 2024,5,May,May,2024-05,202405,2,Thursday,Thu,4,0,1
2024-05-03,2024,Q2,Q2 2024,5,May,May,2024-05,202405,3,Friday,Fri,5,0,1
2024-05-04,2024,Q2,Q2 2024,5,May,May,2024-05,202405,4,Saturday,Sat,6,1,0
2024-05-05,2024,Q2,Q2 2024,5,May,May,2024-05,202405,5,Sunday,Sun,7,1,0
2024-05-06,2024,Q2,Q2 2024,5,May,May,2024-05,202405,6,Monday,Mon,1,0,1
2024-05-07,2024,Q2,Q2 2024,5,May,May,2024-05,202405,7,Tuesday,Tue,2,0,1
2024-05-08,2024,Q2,Q2 2024,5,May,May,2024-05,202405,8,Wednesday,Wed,3,0,1
2024-05-09,2024,Q2,Q2 2024,5,May,May,2024-05,202405,9,Thursday,Thu,4,0,1
2024-05-10,2024,Q2,Q2 2024,5,May,May,2024-05,202405,10,Friday,Fri,5,0,1
2024-05-11,2024,Q2,Q2 2024,5,May,May,2024-05,202405,11,Saturday,Sat,6,1,0
2024-05-12,2024,Q2,Q2 2024,5,May,May,2024-05,202405,12,Sunday,Sun,7,1,0
2024-05-13,2024,Q2,Q2 2024,5,May,May,2024-05,202405,13,Monday,Mon,1,0,1
2024-05-14,2024,Q2,Q2 2024,5,May,May,2024-05,202405,14,Tuesday,Tue,2,0,1
2024-05-15,2024,Q2,Q2 2024,5,May,May,2024-05,202405,15,Wednesday,Wed,3,0,1
2024-05-16,2024,Q2,Q2 2024,5,May,May,2024-05,202405,16,Thursday,Thu,4,0,1
2024-05-17,2024,Q2,Q2 2024,5,May,May,2024-05,202405,17,Friday,Fri,5,0,1
2024-05-18,2024,Q2,Q2 2024,5,May,May,2024-05,202405,18,Saturday,Sat,6,1,0
2024-05-19,2024,Q2,Q2 2024,5,May,May,2024-05,202405,19,Sunday,Sun,7,1,0
2024-05-20,2024,Q2,Q2 2024,5,May,May,2024-05,202405,20,Monday,Mon,1,0,0
2024-05-21,2024,Q2,Q2 2024,5,May,May,2024-05,202405,21,Tuesday,Tue,2,0,1
2024-05-22,2024,Q2,Q2 2024,5,May,May,2024-05,202405,22,Wednesday,Wed,3,0,1
2024-05-23,2024,Q2,Q2 2024,5,May,May,2024-05,202405,23,Thursday,Thu,4,0,1
2024-05-24,2024,Q2,Q2 2024,5,May,May,2024-05,202405,24,Friday,Fri,5,0,1
2024-05-25,2024,Q2,Q2 2024,5,May,May,2024-05,202405,25,Saturday,Sat,6,1,0
2024-05-26,2024,Q2,Q2 2024,5,May,May,2024-05,202405,26,Sunday,Sun,7,1,0
2024-05-27,2024,Q2,Q2 2024,5,May,May,2024-05,202405,27,Monday,Mon,1,0,1
2024-05-28,2024,Q2,Q2 2024,5,May,May,2024-05,202405,28,Tuesday,Tue,2,0,1
2024-05-29,2024,Q2,Q2 2024,5,May,May,2024-05,202405,29,Wednesday,Wed,3,0,1
2024-05-30,2024,Q2,Q2 2024,5,May,May,2024-05,202405,30,Thursday,Thu,4,0,1
2024-05-31,2024,Q2,Q2 2024,5,May,May,2024-05,202405,31,Friday,Fri,5,0,1
2024-06-01,2024,Q2,Q2 2024,6,June,Jun,2024-06,202406,1,Saturday,Sat,6,1,0
2024-06-02,2024,Q2,Q2 2024,6,June,Jun,2024-06,202406,2,Sunday,Sun,7,1,0
2024-06-03,2024,Q2,Q2 2024,6,June,Jun,2024-06,202406,3,Monday,Mon,1,0,1
2024-06-04,2024,Q2,Q2 2024,6,June,Jun,2024-06,202406,4,Tuesday,Tue,2,0,1
2024-06-05,2024,Q2,Q2 2024,6,June,Jun,2024-06,202406,5,Wednesday,Wed,3,0,1
2024-06-06,2024,Q2,Q2 2024,6,June,Jun,2024-06,202406,6,Thursday,Thu,4,0,1
2024-06-07,2024,Q2,Q2 2024,6,June,Jun,2024-06,202406,7,Friday,Fri,5,0,1
2024-06-08,2024,Q2,Q2 2024,6,June,Jun,2024-06,202406,8,Saturday,Sat,6,1,0
2024-06-09,2024,Q2,Q2 2024,6,June,Jun,2024-06,202406,9,Sunday,Sun,7,1,0
2024-06-10,2024,Q2,Q2 2024,6,June,Jun,2024-06,202406,10,Monday,Mon,1,0,1
2024-06-11,2024,Q2,Q2 2024,6,June,Jun,2024-06,202406,11,Tuesday,Tue,2,0,1
2024-06-12,2024,Q2,Q2 2024,6,June,Jun,2024-06,202406,12,Wednesday,Wed,3,0,1
2024-06-13,2024,Q2,Q2 2024,6,June,Jun,2024-06,202406,13,Thursday,Thu,4,0,1
2024-06-14,2024,Q2,Q2 2024,6,June,Jun,2024-06,202406,14,Friday,Fri,5,0,1
2024-06-15,2024,Q2,Q2 2024,6,June,Jun,2024-06,202406,15,Saturday,Sat,6,1,0
2024-06-16,2024,Q2,Q2 2024,6,June,Jun,2024-06,202406,16,Sunday,Sun,7,1,0
2024-06-17,2024,Q2,Q2 2024,6,June,Jun,2024-06,202406,17,Monday,Mon,1,0,0
2024-06-18,2024,Q2,Q2 2024,6,June,Jun,2024-06,202406,18,Tuesday,Tue,2,0,1
2024-06-19,2024,Q2,Q2 2024,6,June,Jun,2024-06,202406,19,Wednesday,Wed,3,0,1
2024-06-20,2024,Q2,Q2 2024,6,June,Jun,2024-06,202406,20,Thursday,Thu,4,0,1
2024-06-21,2024,Q2,Q2 2024,6,June,Jun,2024-06,202406,21,Friday,Fri,5,0,1
2024-06-22,2024,Q2,Q2 2024,6,June,Jun,2024-06,202406,22,Saturday,Sat,6,1,0
2024-06-23,2024,Q2,Q2 2024,6,June,Jun,2024-06,202406,23,Sunday,Sun,7,1,0
2024-06-24,2024,Q2,Q2 2024,6,June,Jun,2024-06,202406,24,Monday,Mon,1,0,1
2024-06-25,2024,Q2,Q2 2024,6,June,Jun,2024-06,202406,25,Tuesday,Tue,2,0,1
2024-06-26,2024,Q2,Q2 2024,6,June,Jun,2024-06,202406,26,Wednesday,Wed,3,0,1
2024-06-27,2024,Q2,Q2 2024,6,June,Jun,2024-06,202406,27,Thursday,Thu,4,0,1
2024-06-28,2024,Q2,Q2 2024,6,June,Jun,2024-06,202406,28,Friday,Fri,5,0,1
2024-06-29,2024,Q2,Q2 2024,6,June,Jun,2024-06,202406,29,Saturday,Sat,6,1,0
2024-06-30,2024,Q2,Q2 2024,6,June,Jun,2024-06,202406,30,Sunday,Sun,7,1,0
2024-07-01,2024,Q3,Q3 2024,7,July,Jul,2024-07,202407,1,Monday,Mon,1,0,1
2024-07-02,2024,Q3,Q3 2024,7,July,Jul,2024-07,202407,2,Tuesday,Tue,2,0,1
2024-07-03,2024,Q3,Q3 2024,7,July,Jul,2024-07,202407,3,Wednesday,Wed,3,0,1
2024-07-04,2024,Q3,Q3 2024,7,July,Jul,2024-07,202407,4,Thursday,Thu,4,0,1
2024-07-05,2024,Q3,Q3 2024,7,July,Jul,2024-07,202407,5,Friday,Fri,5,0,1
2024-07-06,2024,Q3,Q3 2024,7,July,Jul,2024-07,202407,6,Saturday,Sat,6,1,0
2024-07-07,2024,Q3,Q3 2024,7,July,Jul,2024-07,202407,7,Sunday,Sun,7,1,0
2024-07-08,2024,Q3,Q3 2024,7,July,Jul,2024-07,202407,8,Monday,Mon,1,0,1
2024-07-09,2024,Q3,Q3 2024,7,July,Jul,2024-07,202407,9,Tuesday,Tue,2,0,1
2024-07-10,2024,Q3,Q3 2024,7,July,Jul,2024-07,202407,10,Wednesday,Wed,3,0,1
2024-07-11,2024,Q3,Q3 2024,7,July,Jul,2024-07,202407,11,Thursday,Thu,4,0,1
2024-07-12,2024,Q3,Q3 2024,7,July,Jul,2024-07,202407,12,Friday,Fri,5,0,1
2024-07-13,2024,Q3,Q3 2024,7,July,Jul,2024-07,202407,13,Saturday,Sat,6,1,0
2024-07-14,2024,Q3,Q3 2024,7,July,Jul,2024-07,202407,14,Sunday,Sun,7,1,0
2024-07-15,2024,Q3,Q3 2024,7,July,Jul,2024-07,202407,15,Monday,Mon,1,0,1
2024-07-16,2024,Q3,Q3 2024,7,July,Jul,2024-07,202407,16,Tuesday,Tue,2,0,1
2024-07-17,2024,Q3,Q3 2024,7,July,Jul,2024-07,202407,17,Wednesday,Wed,3,0,0
2024-07-18,2024,Q3,Q3 2024,7,July,Jul,2024-07,202407,18,Thursday,Thu,4,0,1
2024-07-19,2024,Q3,Q3 2024,7,July,Jul,2024-07,202407,19,Friday,Fri,5,0,1
2024-07-20,2024,Q3,Q3 2024,7,July,Jul,2024-07,202407,20,Saturday,Sat,6,1,0
2024-07-21,2024,Q3,Q3 2024,7,July,Jul,2024-07,202407,21,Sunday,Sun,7,1,0
2024-07-22,2024,Q3,Q3 2024,7,July,Jul,2024-07,202407,22,Monday,Mon,1,0,1
2024-07-23,2024,Q3,Q3 2024,7,July,Jul,2024-07,202407,23,Tuesday,Tue,2,0,1
2024-07-24,2024,Q3,Q3 2024,7,July,Jul,2024-07,202407,24,Wednesday,Wed,3,0,1
2024-07-25,2024,Q3,Q3 2024,7,July,Jul,2024-07,202407,25,Thursday,Thu,4,0,1
2024-07-26,2024,Q3,Q3 2024,7,July,Jul,2024-07,202407,26,Friday,Fri,5,0,1
2024-07-27,2024,Q3,Q3 2024,7,July,Jul,2024-07,202407,27,Saturday,Sat,6,1,0
2024-07-28,2024,Q3,Q3 2024,7,July,Jul,2024-07,202407,28,Sunday,Sun,7,1,0
2024-07-29,2024,Q3,Q3 2024,7,July,Jul,2024-07,202407,29,Monday,Mon,1,0,1
2024-07-30,2024,Q3,Q3 2024,7,July,Jul,2024-07,202407,30,Tuesday,Tue,2,0,1
2024-07-31,2024,Q3,Q3 2024,7,July,Jul,2024-07,202407,31,Wednesday,Wed,3,0,1
2024-08-01,2024,Q3,Q3 2024,8,August,Aug,2024-08,202408,1,Thursday,Thu,4,0,1
2024-08-02,2024,Q3,Q3 2024,8,August,Aug,2024-08,202408,2,Friday,Fri,5,0,1
2024-08-03,2024,Q3,Q3 2024,8,August,Aug,2024-08,202408,3,Saturday,Sat,6,1,0
2024-08-04,2024,Q3,Q3 2024,8,August,Aug,2024-08,202408,4,Sunday,Sun,7,1,0
2024-08-05,2024,Q3,Q3 2024,8,August,Aug,2024-08,202408,5,Monday,Mon,1,0,1
2024-08-06,2024,Q3,Q3 2024,8,August,Aug,2024-08,202408,6,Tuesday,Tue,2,0,1
2024-08-07,2024,Q3,Q3 2024,8,August,Aug,2024-08,202408,7,Wednesday,Wed,3,0,1
2024-08-08,2024,Q3,Q3 2024,8,August,Aug,2024-08,202408,8,Thursday,Thu,4,0,1
2024-08-09,2024,Q3,Q3 2024,8,August,Aug,2024-08,202408,9,Friday,Fri,5,0,1
2024-08-10,2024,Q3,Q3 2024,8,August,Aug,2024-08,202408,10,Saturday,Sat,6,1,0
2024-08-11,2024,Q3,Q3 2024,8,August,Aug,2024-08,202408,11,Sunday,Sun,7,1,0
2024-08-12,2024,Q3,Q3 2024,8,August,Aug,2024-08,202408,12,Monday,Mon,1,0,1
2024-08-13,2024,Q3,Q3 2024,8,August,Aug,2024-08,202408,13,Tuesday,Tue,2,0,1
2024-08-14,2024,Q3,Q3 2024,8,August,Aug,2024-08,202408,14,Wednesday,Wed,3,0,1
2024-08-15,2024,Q3,Q3 2024,8,August,Aug,2024-08,202408,15,Thursday,Thu,4,0,0
2024-08-16,2024,Q3,Q3 2024,8,August,Aug,2024-08,202408,16,Friday,Fri,5,0,1
2024-08-17,2024,Q3,Q3 2024,8,August,Aug,2024-08,202408,17,Saturday,Sat,6,1,0
2024-08-18,2024,Q3,Q3 2024,8,August,Aug,2024-08,202408,18,Sunday,Sun,7,1,0
2024-08-19,2024,Q3,Q3 2024,8,August,Aug,2024-08,202408,19,Monday,Mon,1,0,1
2024-08-20,2024,Q3,Q3 2024,8,August,Aug,2024-08,202408,20,Tuesday,Tue,2,0,1
2024-08-21,2024,Q3,Q3 2024,8,August,Aug,2024-08,202408,21,Wednesday,Wed,3,0,1
2024-08-22,2024,Q3,Q3 2024,8,August,Aug,2024-08,202408,22,Thursday,Thu,4,0,1
2024-08-23,2024,Q3,Q3 2024,8,August,Aug,2024-08,202408,23,Friday,Fri,5,0,1
2024-08-24,2024,Q3,Q3 2024,8,August,Aug,2024-08,202408,24,Saturday,Sat,6,1,0
2024-08-25,2024,Q3,Q3 2024,8,August,Aug,2024-08,202408,25,Sunday,Sun,7,1,0
2024-08-26,2024,Q3,Q3 2024,8,August,Aug,2024-08,202408,26,Monday,Mon,1,0,1
2024-08-27,2024,Q3,Q3 2024,8,August,Aug,2024-08,202408,27,Tuesday,Tue,2,0,1
2024-08-28,2024,Q3,Q3 2024,8,August,Aug,2024-08,202408,28,Wednesday,Wed,3,0,1
2024-08-29,2024,Q3,Q3 2024,8,August,Aug,2024-08,202408,29,Thursday,Thu,4,0,1
2024-08-30,2024,Q3,Q3 2024,8,August,Aug,2024-08,202408,30,Friday,Fri,5,0,1
2024-08-31,2024,Q3,Q3 2024,8,August,Aug,2024-08,202408,31,Saturday,Sat,6,1,0
2024-09-01,2024,Q3,Q3 2024,9,September,Sep,2024-09,202409,1,Sunday,Sun,7,1,0
2024-09-02,2024,Q3,Q3 2024,9,September,Sep,2024-09,202409,2,Monday,Mon,1,0,1
2024-09-03,2024,Q3,Q3 2024,9,September,Sep,2024-09,202409,3,Tuesday,Tue,2,0,1
2024-09-04,2024,Q3,Q3 2024,9,September,Sep,2024-09,202409,4,Wednesday,Wed,3,0,1
2024-09-05,2024,Q3,Q3 2024,9,September,Sep,2024-09,202409,5,Thursday,Thu,4,0,1
2024-09-06,2024,Q3,Q3 2024,9,September,Sep,2024-09,202409,6,Friday,Fri,5,0,1
2024-09-07,2024,Q3,Q3 2024,9,September,Sep,2024-09,202409,7,Saturday,Sat,6,1,0
2024-09-08,2024,Q3,Q3 2024,9,September,Sep,2024-09,202409,8,Sunday,Sun,7,1,0
2024-09-09,2024,Q3,Q3 2024,9,September,Sep,2024-09,202409,9,Monday,Mon,1,0,1
2024-09-10,2024,Q3,Q3 2024,9,September,Sep,2024-09,202409,10,Tuesday,Tue,2,0,1
2024-09-11,2024,Q3,Q3 2024,9,September,Sep,2024-09,202409,11,Wednesday,Wed,3,0,1
2024-09-12,2024,Q3,Q3 2024,9,September,Sep,2024-09,202409,12,Thursday,Thu,4,0,1
2024-09-13,2024,Q3,Q3 2024,9,September,Sep,2024-09,202409,13,Friday,Fri,5,0,1
2024-09-14,2024,Q3,Q3 2024,9,September,Sep,2024-09,202409,14,Saturday,Sat,6,1,0
2024-09-15,2024,Q3,Q3 2024,9,September,Sep,2024-09,202409,15,Sunday,Sun,7,1,0
2024-09-16,2024,Q3,Q3 2024,9,September,Sep,2024-09,202409,16,Monday,Mon,1,0,1
2024-09-17,2024,Q3,Q3 2024,9,September,Sep,2024-09,202409,17,Tuesday,Tue,2,0,1
2024-09-18,2024,Q3,Q3 2024,9,September,Sep,2024-09,202409,18,Wednesday,Wed,3,0,1
2024-09-19,2024,Q3,Q3 2024,9,September,Sep,2024-09,202409,19,Thursday,Thu,4,0,1
2024-09-20,2024,Q3,Q3 2024,9,September,Sep,2024-09,202409,20,Friday,Fri,5,0,1
2024-09-21,2024,Q3,Q3 2024,9,September,Sep,2024-09,202409,21,Saturday,Sat,6,1,0
2024-09-22,2024,Q3,Q3 2024,9,September,Sep,2024-09,202409,22,Sunday,Sun,7,1,0
2024-09-23,2024,Q3,Q3 2024,9,September,Sep,2024-09,202409,23,Monday,Mon,1,0,1
2024-09-24,2024,Q3,Q3 2024,9,September,Sep,2024-09,202409,24,Tuesday,Tue,2,0,1
2024-09-25,2024,Q3,Q3 2024,9,September,Sep,2024-09,202409,25,Wednesday,Wed,3,0,1
2024-09-26,2024,Q3,Q3 2024,9,September,Sep,2024-09,202409,26,Thursday,Thu,4,0,1
2024-09-27,2024,Q3,Q3 2024,9,September,Sep,2024-09,202409,27,Friday,Fri,5,0,1
2024-09-28,2024,Q3,Q3 2024,9,September,Sep,2024-09,202409,28,Saturday,Sat,6,1,0
2024-09-29,2024,Q3,Q3 2024,9,September,Sep,2024-09,202409,29,Sunday,Sun,7,1,0
2024-09-30,2024,Q3,Q3 2024,9,September,Sep,2024-09,202409,30,Monday,Mon,1,0,1
2024-10-01,2024,Q4,Q4 2024,10,October,Oct,2024-10,202410,1,Tuesday,Tue,2,0,1
2024-10-02,2024,Q4,Q4 2024,10,October,Oct,2024-10,202410,2,Wednesday,Wed,3,0,0
2024-10-03,2024,Q4,Q4 2024,10,October,Oct,2024-10,202410,3,Thursday,Thu,4,0,1
2024-10-04,2024,Q4,Q4 2024,10,October,Oct,2024-10,202410,4,Friday,Fri,5,0,1
2024-10-05,2024,Q4,Q4 2024,10,October,Oct,2024-10,202410,5,Saturday,Sat,6,1,0
2024-10-06,2024,Q4,Q4 2024,10,October,Oct,2024-10,202410,6,Sunday,Sun,7,1,0
2024-10-07,2024,Q4,Q4 2024,10,October,Oct,2024-10,202410,7,Monday,Mon,1,0,1
2024-10-08,2024,Q4,Q4 2024,10,October,Oct,2024-10,202410,8,Tuesday,Tue,2,0,1
2024-10-09,2024,Q4,Q4 2024,10,October,Oct,2024-10,202410,9,Wednesday,Wed,3,0,1
2024-10-10,2024,Q4,Q4 2024,10,October,Oct,2024-10,202410,10,Thursday,Thu,4,0,1
2024-10-11,2024,Q4,Q4 2024,10,October,Oct,2024-10,202410,11,Friday,Fri,5,0,1
2024-10-12,2024,Q4,Q4 2024,10,October,Oct,2024-10,202410,12,Saturday,Sat,6,1,0
2024-10-13,2024,Q4,Q4 2024,10,October,Oct,2024-10,202410,13,Sunday,Sun,7,1,0
2024-10-14,2024,Q4,Q4 2024,10,October,Oct,2024-10,202410,14,Monday,Mon,1,0,1
2024-10-15,2024,Q4,Q4 2024,10,October,Oct,2024-10,202410,15,Tuesday,Tue,2,0,1
2024-10-16,2024,Q4,Q4 2024,10,October,Oct,2024-10,202410,16,Wednesday,Wed,3,0,1
2024-10-17,2024,Q4,Q4 2024,10,October,Oct,2024-10,202410,17,Thursday,Thu,4,0,1
2024-10-18,2024,Q4,Q4 2024,10,October,Oct,2024-10,202410,18,Friday,Fri,5,0,1
2024-10-19,2024,Q4,Q4 2024,10,October,Oct,2024-10,202410,19,Saturday,Sat,6,1,0
2024-10-20,2024,Q4,Q4 2024,10,October,Oct,2024-10,202410,20,Sunday,Sun,7,1,0
2024-10-21,2024,Q4,Q4 2024,10,October,Oct,2024-10,202410,21,Monday,Mon,1,0,1
2024-10-22,2024,Q4,Q4 2024,10,October,Oct,2024-10,202410,22,Tuesday,Tue,2,0,1
2024-10-23,2024,Q4,Q4 2024,10,October,Oct,2024-10,202410,23,Wednesday,Wed,3,0,1
2024-10-24,2024,Q4,Q4 2024,10,October,Oct,2024-10,202410,24,Thursday,Thu,4,0,1
2024-10-25,2024,Q4,Q4 2024,10,October,Oct,2024-10,202410,25,Friday,Fri,5,0,1
2024-10-26,2024,Q4,Q4 2024,10,October,Oct,2024-10,202410,26,Saturday,Sat,6,1,0
2024-10-27,2024,Q4,Q4 2024,10,October,Oct,2024-10,202410,27,Sunday,Sun,7,1,0
2024-10-28,2024,Q4,Q4 2024,10,October,Oct,2024-10,202410,28,Monday,Mon,1,0,1
2024-10-29,2024,Q4,Q4 2024,10,October,Oct,2024-10,202410,29,Tuesday,Tue,2,0,1
2024-10-30,2024,Q4,Q4 2024,10,October,Oct,2024-10,202410,30,Wednesday,Wed,3,0,1
2024-10-31,2024,Q4,Q4 2024,10,October,Oct,2024-10,202410,31,Thursday,Thu,4,0,1
2024-11-01,2024,Q4,Q4 2024,11,November,Nov,2024-11,202411,1,Friday,Fri,5,0,1
2024-11-02,2024,Q4,Q4 2024,11,November,Nov,2024-11,202411,2,Saturday,Sat,6,1,0
2024-11-03,2024,Q4,Q4 2024,11,November,Nov,2024-11,202411,3,Sunday,Sun,7,1,0
2024-11-04,2024,Q4,Q4 2024,11,November,Nov,2024-11,202411,4,Monday,Mon,1,0,1
2024-11-05,2024,Q4,Q4 2024,11,November,Nov,2024-11,202411,5,Tuesday,Tue,2,0,1
2024-11-06,2024,Q4,Q4 2024,11,November,Nov,2024-11,202411,6,Wednesday,Wed,3,0,1
2024-11-07,2024,Q4,Q4 2024,11,November,Nov,2024-11,202411,7,Thursday,Thu,4,0,1
2024-11-08,2024,Q4,Q4 2024,11,November,Nov,2024-11,202411,8,Friday,Fri,5,0,1
2024-11-09,2024,Q4,Q4 2024,11,November,Nov,2024-11,202411,9,Saturday,Sat,6,1,0
2024-11-10,2024,Q4,Q4 2024,11,November,Nov,2024-11,202411,10,Sunday,Sun,7,1,0
2024-11-11,2024,Q4,Q4 2024,11,November,Nov,2024-11,202411,11,Monday,Mon,1,0,1
2024-11-12,2024,Q4,Q4 2024,11,November,Nov,2024-11,202411,12,Tuesday,Tue,2,0,1
2024-11-13,2024,Q4,Q4 2024,11,November,Nov,2024-11,202411,13,Wednesday,Wed,3,0,1
2024-11-14,2024,Q4,Q4 2024,11,November,Nov,2024-11,202411,14,Thursday,Thu,4,0,1
2024-11-15,2024,Q4,Q4 2024,11,November,Nov,2024-11,202411,15,Friday,Fri,5,0,0
2024-11-16,2024,Q4,Q4 2024,11,November,Nov,2024-11,202411,16,Saturday,Sat,6,1,0
2024-11-17,2024,Q4,Q4 2024,11,November,Nov,2024-11,202411,17,Sunday,Sun,7,1,0
2024-11-18,2024,Q4,Q4 2024,11,November,Nov,2024-11,202411,18,Monday,Mon,1,0,1
2024-11-19,2024,Q4,Q4 2024,11,November,Nov,2024-11,202411,19,Tuesday,Tue,2,0,1
2024-11-20,2024,Q4,Q4 2024,11,November,Nov,2024-11,202411,20,Wednesday,Wed,3,0,0
2024-11-21,2024,Q4,Q4 2024,11,November,Nov,2024-11,202411,21,Thursday,Thu,4,0,1
2024-11-22,2024,Q4,Q4 2024,11,November,Nov,2024-11,202411,22,Friday,Fri,5,0,1
2024-11-23,2024,Q4,Q4 2024,11,November,Nov,2024-11,202411,23,Saturday,Sat,6,1,0
2024-11-24,2024,Q4,Q4 2024,11,November,Nov,2024-11,202411,24,Sunday,Sun,7,1,0
2024-11-25,2024,Q4,Q4 2024,11,November,Nov,2024-11,202411,25,Monday,Mon,1,0,1
2024-11-26,2024,Q4,Q4 2024,11,November,Nov,2024-11,202411,26,Tuesday,Tue,2,0,1
2024-11-27,2024,Q4,Q4 2024,11,November,Nov,2024-11,202411,27,Wednesday,Wed,3,0,1
2024-11-28,2024,Q4,Q4 2024,11,November,Nov,2024-11,202411,28,Thursday,Thu,4,0,1
2024-11-29,2024,Q4,Q4 2024,11,November,Nov,2024-11,202411,29,Friday,Fri,5,0,1
2024-11-30,2024,Q4,Q4 2024,11,November,Nov,2024-11,202411,30,Saturday,Sat,6,1,0
2024-12-01,2024,Q4,Q4 2024,12,December,Dec,2024-12,202412,1,Sunday,Sun,7,1,0
2024-12-02,2024,Q4,Q4 2024,12,December,Dec,2024-12,202412,2,Monday,Mon,1,0,1
2024-12-03,2024,Q4,Q4 2024,12,December,Dec,2024-12,202412,3,Tuesday,Tue,2,0,1
2024-12-04,2024,Q4,Q4 2024,12,December,Dec,2024-12,202412,4,Wednesday,Wed,3,0,1
2024-12-05,2024,Q4,Q4 2024,12,December,Dec,2024-12,202412,5,Thursday,Thu,4,0,1
2024-12-06,2024,Q4,Q4 2024,12,December,Dec,2024-12,202412,6,Friday,Fri,5,0,1
2024-12-07,2024,Q4,Q4 2024,12,December,Dec,2024-12,202412,7,Saturday,Sat,6,1,0
2024-12-08,2024,Q4,Q4 2024,12,December,Dec,2024-12,202412,8,Sunday,Sun,7,1,0
2024-12-09,2024,Q4,Q4 2024,12,December,Dec,2024-12,202412,9,Monday,Mon,1,0,1
2024-12-10,2024,Q4,Q4 2024,12,December,Dec,2024-12,202412,10,Tuesday,Tue,2,0,1
2024-12-11,2024,Q4,Q4 2024,12,December,Dec,2024-12,202412,11,Wednesday,Wed,3,0,1
2024-12-12,2024,Q4,Q4 2024,12,December,Dec,2024-12,202412,12,Thursday,Thu,4,0,1
2024-12-13,2024,Q4,Q4 2024,12,December,Dec,2024-12,202412,13,Friday,Fri,5,0,1
2024-12-14,2024,Q4,Q4 2024,12,December,Dec,2024-12,202412,14,Saturday,Sat,6,1,0
2024-12-15,2024,Q4,Q4 2024,12,December,Dec,2024-12,202412,15,Sunday,Sun,7,1,0
2024-12-16,2024,Q4,Q4 2024,12,December,Dec,2024-12,202412,16,Monday,Mon,1,0,1
2024-12-17,2024,Q4,Q4 2024,12,December,Dec,2024-12,202412,17,Tuesday,Tue,2,0,1
2024-12-18,2024,Q4,Q4 2024,12,December,Dec,2024-12,202412,18,Wednesday,Wed,3,0,1
2024-12-19,2024,Q4,Q4 2024,12,December,Dec,2024-12,202412,19,Thursday,Thu,4,0,1
2024-12-20,2024,Q4,Q4 2024,12,December,Dec,2024-12,202412,20,Friday,Fri,5,0,1
2024-12-21,2024,Q4,Q4 2024,12,December,Dec,2024-12,202412,21,Saturday,Sat,6,1,0
2024-12-22,2024,Q4,Q4 2024,12,December,Dec,2024-12,202412,22,Sunday,Sun,7,1,0
2024-12-23,2024,Q4,Q4 2024,12,December,Dec,2024-12,202412,23,Monday,Mon,1,0,1
2024-12-24,2024,Q4,Q4 2024,12,December,Dec,2024-12,202412,24,Tuesday,Tue,2,0,1
2024-12-25,2024,Q4,Q4 2024,12,December,Dec,2024-12,202412,25,Wednesday,Wed,3,0,0
2024-12-26,2024,Q4,Q4 2024,12,December,Dec,2024-12,202412,26,Thursday,Thu,4,0,1
2024-12-27,2024,Q4,Q4 2024,12,December,Dec,2024-12,202412,27,Friday,Fri,5,0,1
2024-12-28,2024,Q4,Q4 2024,12,December,Dec,2024-12,202412,28,Saturday,Sat,6,1,0
2024-12-29,2024,Q4,Q4 2024,12,December,Dec,2024-12,202412,29,Sunday,Sun,7,1,0
2024-12-30,2024,Q4,Q4 2024,12,December,Dec,2024-12,202412,30,Monday,Mon,1,0,1
2024-12-31,2024,Q4,Q4 2024,12,December,Dec,2024-12,202412,31,Tuesday,Tue,2,0,1
2025-01-01,2025,Q1,Q1 2025,1,January,Jan,2025-01,202501,1,Wednesday,Wed,3,0,1
2025-01-02,2025,Q1,Q1 2025,1,January,Jan,2025-01,202501,2,Thursday,Thu,4,0,1
2025-01-03,2025,Q1,Q1 2025,1,January,Jan,2025-01,202501,3,Friday,Fri,5,0,1
2025-01-04,2025,Q1,Q1 2025,1,January,Jan,2025-01,202501,4,Saturday,Sat,6,1,0
2025-01-05,2025,Q1,Q1 2025,1,January,Jan,2025-01,202501,5,Sunday,Sun,7,1,0
2025-01-06,2025,Q1,Q1 2025,1,January,Jan,2025-01,202501,6,Monday,Mon,1,0,1
2025-01-07,2025,Q1,Q1 2025,1,January,Jan,2025-01,202501,7,Tuesday,Tue,2,0,1
2025-01-08,2025,Q1,Q1 2025,1,January,Jan,2025-01,202501,8,Wednesday,Wed,3,0,1
2025-01-09,2025,Q1,Q1 2025,1,January,Jan,2025-01,202501,9,Thursday,Thu,4,0,1
2025-01-10,2025,Q1,Q1 2025,1,January,Jan,2025-01,202501,10,Friday,Fri,5,0,1
2025-01-11,2025,Q1,Q1 2025,1,January,Jan,2025-01,202501,11,Saturday,Sat,6,1,0
2025-01-12,2025,Q1,Q1 2025,1,January,Jan,2025-01,202501,12,Sunday,Sun,7,1,0
2025-01-13,2025,Q1,Q1 2025,1,January,Jan,2025-01,202501,13,Monday,Mon,1,0,1
2025-01-14,2025,Q1,Q1 2025,1,January,Jan,2025-01,202501,14,Tuesday,Tue,2,0,1
2025-01-15,2025,Q1,Q1 2025,1,January,Jan,2025-01,202501,15,Wednesday,Wed,3,0,1
2025-01-16,2025,Q1,Q1 2025,1,January,Jan,2025-01,202501,16,Thursday,Thu,4,0,1
2025-01-17,2025,Q1,Q1 2025,1,January,Jan,2025-01,202501,17,Friday,Fri,5,0,1
2025-01-18,2025,Q1,Q1 2025,1,January,Jan,2025-01,202501,18,Saturday,Sat,6,1,0
2025-01-19,2025,Q1,Q1 2025,1,January,Jan,2025-01,202501,19,Sunday,Sun,7,1,0
2025-01-20,2025,Q1,Q1 2025,1,January,Jan,2025-01,202501,20,Monday,Mon,1,0,1
2025-01-21,2025,Q1,Q1 2025,1,January,Jan,2025-01,202501,21,Tuesday,Tue,2,0,1
2025-01-22,2025,Q1,Q1 2025,1,January,Jan,2025-01,202501,22,Wednesday,Wed,3,0,1
2025-01-23,2025,Q1,Q1 2025,1,January,Jan,2025-01,202501,23,Thursday,Thu,4,0,1
2025-01-24,2025,Q1,Q1 2025,1,January,Jan,2025-01,202501,24,Friday,Fri,5,0,1
2025-01-25,2025,Q1,Q1 2025,1,January,Jan,2025-01,202501,25,Saturday,Sat,6,1,0
2025-01-26,2025,Q1,Q1 2025,1,January,Jan,2025-01,202501,26,Sunday,Sun,7,1,0
2025-01-27,2025,Q1,Q1 2025,1,January,Jan,2025-01,202501,27,Monday,Mon,1,0,1
2025-01-28,2025,Q1,Q1 2025,1,January,Jan,2025-01,202501,28,Tuesday,Tue,2,0,1
2025-01-29,2025,Q1,Q1 2025,1,January,Jan,2025-01,202501,29,Wednesday,Wed,3,0,1
2025-01-30,2025,Q1,Q1 2025,1,January,Jan,2025-01,202501,30,Thursday,Thu,4,0,1
2025-01-31,2025,Q1,Q1 2025,1,January,Jan,2025-01,202501,31,Friday,Fri,5,0,1
2025-02-01,2025,Q1,Q1 2025,2,February,Feb,2025-02,202502,1,Saturday,Sat,6,1,1
2025-02-02,2025,Q1,Q1 2025,2,February,Feb,2025-02,202502,2,Sunday,Sun,7,1,0
2025-02-03,2025,Q1,Q1 2025,2,February,Feb,2025-02,202502,3,Monday,Mon,1,0,1
2025-02-04,2025,Q1,Q1 2025,2,February,Feb,2025-02,202502,4,Tuesday,Tue,2,0,1
2025-02-05,2025,Q1,Q1 2025,2,February,Feb,2025-02,202502,5,Wednesday,Wed,3,0,1
2025-02-06,2025,Q1,Q1 2025,2,February,Feb,2025-02,202502,6,Thursday,Thu,4,0,1
2025-02-07,2025,Q1,Q1 2025,2,February,Feb,2025-02,202502,7,Friday,Fri,5,0,1
2025-02-08,2025,Q1,Q1 2025,2,February,Feb,2025-02,202502,8,Saturday,Sat,6,1,0
2025-02-09,2025,Q1,Q1 2025,2,February,Feb,2025-02,202502,9,Sunday,Sun,7,1,0
2025-02-10,2025,Q1,Q1 2025,2,February,Feb,2025-02,202502,10,Monday,Mon,1,0,1
2025-02-11,2025,Q1,Q1 2025,2,February,Feb,2025-02,202502,11,Tuesday,Tue,2,0,1
2025-02-12,2025,Q1,Q1 2025,2,February,Feb,2025-02,202502,12,Wednesday,Wed,3,0,1
2025-02-13,2025,Q1,Q1 2025,2,February,Feb,2025-02,202502,13,Thursday,Thu,4,0,1
2025-02-14,2025,Q1,Q1 2025,2,February,Feb,2025-02,202502,14,Friday,Fri,5,0,1
2025-02-15,2025,Q1,Q1 2025,2,February,Feb,2025-02,202502,15,Saturday,Sat,6,1,0
2025-02-16,2025,Q1,Q1 2025,2,February,Feb,2025-02,202502,16,Sunday,Sun,7,1,0
2025-02-17,2025,Q1,Q1 2025,2,February,Feb,2025-02,202502,17,Monday,Mon,1,0,1
2025-02-18,2025,Q1,Q1 2025,2,February,Feb,2025-02,202502,18,Tuesday,Tue,2,0,1
2025-02-19,2025,Q1,Q1 2025,2,February,Feb,2025-02,202502,19,Wednesday,Wed,3,0,1
2025-02-20,2025,Q1,Q1 2025,2,February,Feb,2025-02,202502,20,Thursday,Thu,4,0,1
2025-02-21,2025,Q1,Q1 2025,2,February,Feb,2025-02,202502,21,Friday,Fri,5,0,1
2025-02-22,2025,Q1,Q1 2025,2,February,Feb,2025-02,202502,22,Saturday,Sat,6,1,0
2025-02-23,2025,Q1,Q1 2025,2,February,Feb,2025-02,202502,23,Sunday,Sun,7,1,0
2025-02-24,2025,Q1,Q1 2025,2,February,Feb,2025-02,202502,24,Monday,Mon,1,0,1
2025-02-25,2025,Q1,Q1 2025,2,February,Feb,2025-02,202502,25,Tuesday,Tue,2,0,1
2025-02-26,2025,Q1,Q1 2025,2,February,Feb,2025-02,202502,26,Wednesday,Wed,3,0,0
2025-02-27,2025,Q1,Q1 2025,2,February,Feb,2025-02,202502,27,Thursday,Thu,4,0,1
2025-02-28,2025,Q1,Q1 2025,2,February,Feb,2025-02,202502,28,Friday,Fri,5,0,1
2025-03-01,2025,Q1,Q1 2025,3,March,Mar,2025-03,202503,1,Saturday,Sat,6,1,0
2025-03-02,2025,Q1,Q1 2025,3,March,Mar,2025-03,202503,2,Sunday,Sun,7,1,0
2025-03-03,2025,Q1,Q1 2025,3,March,Mar,2025-03,202503,3,Monday,Mon,1,0,1
2025-03-04,2025,Q1,Q1 2025,3,March,Mar,2025-03,202503,4,Tuesday,Tue,2,0,1
2025-03-05,2025,Q1,Q1 2025,3,March,Mar,2025-03,202503,5,Wednesday,Wed,3,0,1
2025-03-06,2025,Q1,Q1 2025,3,March,Mar,2025-03,202503,6,Thursday,Thu,4,0,1
2025-03-07,2025,Q1,Q1 2025,3,March,Mar,2025-03,202503,7,Friday,Fri,5,0,1
2025-03-08,2025,Q1,Q1 2025,3,March,Mar,2025-03,202503,8,Saturday,Sat,6,1,0
2025-03-09,2025,Q1,Q1 2025,3,March,Mar,2025-03,202503,9,Sunday,Sun,7,1,0
2025-03-10,2025,Q1,Q1 2025,3,March,Mar,2025-03,202503,10,Monday,Mon,1,0,1
2025-03-11,2025,Q1,Q1 2025,3,March,Mar,2025-03,202503,11,Tuesday,Tue,2,0,1
2025-03-12,2025,Q1,Q1 2025,3,March,Mar,2025-03,202503,12,Wednesday,Wed,3,0,1
2025-03-13,2025,Q1,Q1 2025,3,March,Mar,2025-03,202503,13,Thursday,Thu,4,0,1
2025-03-14,2025,Q1,Q1 2025,3,March,Mar,2025-03,202503,14,Friday,Fri,5,0,0
2025-03-15,2025,Q1,Q1 2025,3,March,Mar,2025-03,202503,15,Saturday,Sat,6,1,0
2025-03-16,2025,Q1,Q1 2025,3,March,Mar,2025-03,202503,16,Sunday,Sun,7,1,0
2025-03-17,2025,Q1,Q1 2025,3,March,Mar,2025-03,202503,17,Monday,Mon,1,0,1
2025-03-18,2025,Q1,Q1 2025,3,March,Mar,2025-03,202503,18,Tuesday,Tue,2,0,1
2025-03-19,2025,Q1,Q1 2025,3,March,Mar,2025-03,202503,19,Wednesday,Wed,3,0,1
2025-03-20,2025,Q1,Q1 2025,3,March,Mar,2025-03,202503,20,Thursday,Thu,4,0,1
2025-03-21,2025,Q1,Q1 2025,3,March,Mar,2025-03,202503,21,Friday,Fri,5,0,1
2025-03-22,2025,Q1,Q1 2025,3,March,Mar,2025-03,202503,22,Saturday,Sat,6,1,0
2025-03-23,2025,Q1,Q1 2025,3,March,Mar,2025-03,202503,23,Sunday,Sun,7,1,0
2025-03-24,2025,Q1,Q1 2025,3,March,Mar,2025-03,202503,24,Monday,Mon,1,0,1
2025-03-25,2025,Q1,Q1 2025,3,March,Mar,2025-03,202503,25,Tuesday,Tue,2,0,1
2025-03-26,2025,Q1,Q1 2025,3,March,Mar,2025-03,202503,26,Wednesday,Wed,3,0,1
2025-03-27,2025,Q1,Q1 2025,3,March,Mar,2025-03,202503,27,Thursday,Thu,4,0,1
2025-03-28,2025,Q1,Q1 2025,3,March,Mar,2025-03,202503,28,Friday,Fri,5,0,1
2025-03-29,2025,Q1,Q1 2025,3,March,Mar,2025-03,202503,29,Saturday,Sat,6,1,0
2025-03-30,2025,Q1,Q1 2025,3,March,Mar,2025-03,202503,30,Sunday,Sun,7,1,0
2025-03-31,2025,Q1,Q1 2025,3,March,Mar,2025-03,202503,31,Monday,Mon,1,0,0
2025-04-01,2025,Q2,Q2 2025,4,April,Apr,2025-04,202504,1,Tuesday,Tue,2,0,1
2025-04-02,2025,Q2,Q2 2025,4,April,Apr,2025-04,202504,2,Wednesday,Wed,3,0,1
2025-04-03,2025,Q2,Q2 2025,4,April,Apr,2025-04,202504,3,Thursday,Thu,4,0,1
2025-04-04,2025,Q2,Q2 2025,4,April,Apr,2025-04,202504,4,Friday,Fri,5,0,1
2025-04-05,2025,Q2,Q2 2025,4,April,Apr,2025-04,202504,5,Saturday,Sat,6,1,0
2025-04-06,2025,Q2,Q2 2025,4,April,Apr,2025-04,202504,6,Sunday,Sun,7,1,0
2025-04-07,2025,Q2,Q2 2025,4,April,Apr,2025-04,202504,7,Monday,Mon,1,0,1
2025-04-08,2025,Q2,Q2 2025,4,April,Apr,2025-04,202504,8,Tuesday,Tue,2,0,1
2025-04-09,2025,Q2,Q2 2025,4,April,Apr,2025-04,202504,9,Wednesday,Wed,3,0,1
2025-04-10,2025,Q2,Q2 2025,4,April,Apr,2025-04,202504,10,Thursday,Thu,4,0,0
2025-04-11,2025,Q2,Q2 2025,4,April,Apr,2025-04,202504,11,Friday,Fri,5,0,1
2025-04-12,2025,Q2,Q2 2025,4,April,Apr,2025-04,202504,12,Saturday,Sat,6,1,0
2025-04-13,2025,Q2,Q2 2025,4,April,Apr,2025-04,202504,13,Sunday,Sun,7,1,0
2025-04-14,2025,Q2,Q2 2025,4,April,Apr,2025-04,202504,14,Monday,Mon,1,0,0
2025-04-15,2025,Q2,Q2 2025,4,April,Apr,2025-04,202504,15,Tuesday,Tue,2,0,1
2025-04-16,2025,Q2,Q2 2025,4,April,Apr,2025-04,202504,16,Wednesday,Wed,3,0,1
2025-04-17,2025,Q2,Q2 2025,4,April,Apr,2025-04,202504,17,Thursday,Thu,4,0,1
2025-04-18,2025,Q2,Q2 2025,4,April,Apr,2025-04,202504,18,Friday,Fri,5,0,0
2025-04-19,2025,Q2,Q2 2025,4,April,Apr,2025-04,202504,19,Saturday,Sat,6,1,0
2025-04-20,2025,Q2,Q2 2025,4,April,Apr,2025-04,202504,20,Sunday,Sun,7,1,0
2025-04-21,2025,Q2,Q2 2025,4,April,Apr,2025-04,202504,21,Monday,Mon,1,0,1
2025-04-22,2025,Q2,Q2 2025,4,April,Apr,2025-04,202504,22,Tuesday,Tue,2,0,1
2025-04-23,2025,Q2,Q2 2025,4,April,Apr,2025-04,202504,23,Wednesday,Wed,3,0,1
2025-04-24,2025,Q2,Q2 2025,4,April,Apr,2025-04,202504,24,Thursday,Thu,4,0,1
2025-04-25,2025,Q2,Q2 2025,4,April,Apr,2025-04,202504,25,Friday,Fri,5,0,1
2025-04-26,2025,Q2,Q2 2025,4,April,Apr,2025-04,202504,26,Saturday,Sat,6,1,0
2025-04-27,2025,Q2,Q2 2025,4,April,Apr,2025-04,202504,27,Sunday,Sun,7,1,0
2025-04-28,2025,Q2,Q2 2025,4,April,Apr,2025-04,202504,28,Monday,Mon,1,0,1
2025-04-29,2025,Q2,Q2 2025,4,April,Apr,2025-04,202504,29,Tuesday,Tue,2,0,1
2025-04-30,2025,Q2,Q2 2025,4,April,Apr,2025-04,202504,30,Wednesday,Wed,3,0,1
2025-05-01,2025,Q2,Q2 2025,5,May,May,2025-05,202505,1,Thursday,Thu,4,0,0
2025-05-02,2025,Q2,Q2 2025,5,May,May,2025-05,202505,2,Friday,Fri,5,0,1
2025-05-03,2025,Q2,Q2 2025,5,May,May,2025-05,202505,3,Saturday,Sat,6,1,0
2025-05-04,2025,Q2,Q2 2025,5,May,May,2025-05,202505,4,Sunday,Sun,7,1,0
2025-05-05,2025,Q2,Q2 2025,5,May,May,2025-05,202505,5,Monday,Mon,1,0,1
2025-05-06,2025,Q2,Q2 2025,5,May,May,2025-05,202505,6,Tuesday,Tue,2,0,1
2025-05-07,2025,Q2,Q2 2025,5,May,May,2025-05,202505,7,Wednesday,Wed,3,0,1
2025-05-08,2025,Q2,Q2 2025,5,May,May,2025-05,202505,8,Thursday,Thu,4,0,1
2025-05-09,2025,Q2,Q2 2025,5,May,May,2025-05,202505,9,Friday,Fri,5,0,1
2025-05-10,2025,Q2,Q2 2025,5,May,May,2025-05,202505,10,Saturday,Sat,6,1,0
2025-05-11,2025,Q2,Q2 2025,5,May,May,2025-05,202505,11,Sunday,Sun,7,1,0
2025-05-12,2025,Q2,Q2 2025,5,May,May,2025-05,202505,12,Monday,Mon,1,0,1
2025-05-13,2025,Q2,Q2 2025,5,May,May,2025-05,202505,13,Tuesday,Tue,2,0,1
2025-05-14,2025,Q2,Q2 2025,5,May,May,2025-05,202505,14,Wednesday,Wed,3,0,1
2025-05-15,2025,Q2,Q2 2025,5,May,May,2025-05,202505,15,Thursday,Thu,4,0,1
2025-05-16,2025,Q2,Q2 2025,5,May,May,2025-05,202505,16,Friday,Fri,5,0,1
2025-05-17,2025,Q2,Q2 2025,5,May,May,2025-05,202505,17,Saturday,Sat,6,1,0
2025-05-18,2025,Q2,Q2 2025,5,May,May,2025-05,202505,18,Sunday,Sun,7,1,0
2025-05-19,2025,Q2,Q2 2025,5,May,May,2025-05,202505,19,Monday,Mon,1,0,1
2025-05-20,2025,Q2,Q2 2025,5,May,May,2025-05,202505,20,Tuesday,Tue,2,0,1
2025-05-21,2025,Q2,Q2 2025,5,May,May,2025-05,202505,21,Wednesday,Wed,3,0,1
2025-05-22,2025,Q2,Q2 2025,5,May,May,2025-05,202505,22,Thursday,Thu,4,0,1
2025-05-23,2025,Q2,Q2 2025,5,May,May,2025-05,202505,23,Friday,Fri,5,0,1
2025-05-24,2025,Q2,Q2 2025,5,May,May,2025-05,202505,24,Saturday,Sat,6,1,0
2025-05-25,2025,Q2,Q2 2025,5,May,May,2025-05,202505,25,Sunday,Sun,7,1,0
2025-05-26,2025,Q2,Q2 2025,5,May,May,2025-05,202505,26,Monday,Mon,1,0,1
2025-05-27,2025,Q2,Q2 2025,5,May,May,2025-05,202505,27,Tuesday,Tue,2,0,1
2025-05-28,2025,Q2,Q2 2025,5,May,May,2025-05,202505,28,Wednesday,Wed,3,0,1
2025-05-29,2025,Q2,Q2 2025,5,May,May,2025-05,202505,29,Thursday,Thu,4,0,1
2025-05-30,2025,Q2,Q2 2025,5,May,May,2025-05,202505,30,Friday,Fri,5,0,1
2025-05-31,2025,Q2,Q2 2025,5,May,May,2025-05,202505,31,Saturday,Sat,6,1,0
2025-06-01,2025,Q2,Q2 2025,6,June,Jun,2025-06,202506,1,Sunday,Sun,7,1,0
2025-06-02,2025,Q2,Q2 2025,6,June,Jun,2025-06,202506,2,Monday,Mon,1,0,1
2025-06-03,2025,Q2,Q2 2025,6,June,Jun,2025-06,202506,3,Tuesday,Tue,2,0,1
2025-06-04,2025,Q2,Q2 2025,6,June,Jun,2025-06,202506,4,Wednesday,Wed,3,0,1
2025-06-05,2025,Q2,Q2 2025,6,June,Jun,2025-06,202506,5,Thursday,Thu,4,0,1
2025-06-06,2025,Q2,Q2 2025,6,June,Jun,2025-06,202506,6,Friday,Fri,5,0,1
2025-06-07,2025,Q2,Q2 2025,6,June,Jun,2025-06,202506,7,Saturday,Sat,6,1,0
2025-06-08,2025,Q2,Q2 2025,6,June,Jun,2025-06,202506,8,Sunday,Sun,7,1,0
2025-06-09,2025,Q2,Q2 2025,6,June,Jun,2025-06,202506,9,Monday,Mon,1,0,1
2025-06-10,2025,Q2,Q2 2025,6,June,Jun,2025-06,202506,10,Tuesday,Tue,2,0,1
2025-06-11,2025,Q2,Q2 2025,6,June,Jun,2025-06,202506,11,Wednesday,Wed,3,0,1
2025-06-12,2025,Q2,Q2 2025,6,June,Jun,2025-06,202506,12,Thursday,Thu,4,0,1
2025-06-13,2025,Q2,Q2 2025,6,June,Jun,2025-06,202506,13,Friday,Fri,5,0,1
2025-06-14,2025,Q2,Q2 2025,6,June,Jun,2025-06,202506,14,Saturday,Sat,6,1,0
2025-06-15,2025,Q2,Q2 2025,6,June,Jun,2025-06,202506,15,Sunday,Sun,7,1,0
2025-06-16,2025,Q2,Q2 2025,6,June,Jun,2025-06,202506,16,Monday,Mon,1,0,1
2025-06-17,2025,Q2,Q2 2025,6,June,Jun,2025-06,202506,17,Tuesday,Tue,2,0,1
2025-06-18,2025,Q2,Q2 2025,6,June,Jun,2025-06,202506,18,Wednesday,Wed,3,0,1
2025-06-19,2025,Q2,Q2 2025,6,June,Jun,2025-06,202506,19,Thursday,Thu,4,0,1
2025-06-20,2025,Q2,Q2 2025,6,June,Jun,2025-06,202506,20,Friday,Fri,5,0,1
2025-06-21,2025,Q2,Q2 2025,6,June,Jun,2025-06,202506,21,Saturday,Sat,6,1,0
2025-06-22,2025,Q2,Q2 2025,6,June,Jun,2025-06,202506,22,Sunday,Sun,7,1,0
2025-06-23,2025,Q2,Q2 2025,6,June,Jun,2025-06,202506,23,Monday,Mon,1,0,1
2025-06-24,2025,Q2,Q2 2025,6,June,Jun,2025-06,202506,24,Tuesday,Tue,2,0,1
2025-06-25,2025,Q2,Q2 2025,6,June,Jun,2025-06,202506,25,Wednesday,Wed,3,0,1
2025-06-26,2025,Q2,Q2 2025,6,June,Jun,2025-06,202506,26,Thursday,Thu,4,0,1
2025-06-27,2025,Q2,Q2 2025,6,June,Jun,2025-06,202506,27,Friday,Fri,5,0,1
2025-06-28,2025,Q2,Q2 2025,6,June,Jun,2025-06,202506,28,Saturday,Sat,6,1,0
2025-06-29,2025,Q2,Q2 2025,6,June,Jun,2025-06,202506,29,Sunday,Sun,7,1,0
2025-06-30,2025,Q2,Q2 2025,6,June,Jun,2025-06,202506,30,Monday,Mon,1,0,1
2025-07-01,2025,Q3,Q3 2025,7,July,Jul,2025-07,202507,1,Tuesday,Tue,2,0,1
2025-07-02,2025,Q3,Q3 2025,7,July,Jul,2025-07,202507,2,Wednesday,Wed,3,0,1
2025-07-03,2025,Q3,Q3 2025,7,July,Jul,2025-07,202507,3,Thursday,Thu,4,0,1
2025-07-04,2025,Q3,Q3 2025,7,July,Jul,2025-07,202507,4,Friday,Fri,5,0,1
2025-07-05,2025,Q3,Q3 2025,7,July,Jul,2025-07,202507,5,Saturday,Sat,6,1,0
2025-07-06,2025,Q3,Q3 2025,7,July,Jul,2025-07,202507,6,Sunday,Sun,7,1,0
2025-07-07,2025,Q3,Q3 2025,7,July,Jul,2025-07,202507,7,Monday,Mon,1,0,1
2025-07-08,2025,Q3,Q3 2025,7,July,Jul,2025-07,202507,8,Tuesday,Tue,2,0,1
2025-07-09,2025,Q3,Q3 2025,7,July,Jul,2025-07,202507,9,Wednesday,Wed,3,0,1
2025-07-10,2025,Q3,Q3 2025,7,July,Jul,2025-07,202507,10,Thursday,Thu,4,0,1
2025-07-11,2025,Q3,Q3 2025,7,July,Jul,2025-07,202507,11,Friday,Fri,5,0,1
2025-07-12,2025,Q3,Q3 2025,7,July,Jul,2025-07,202507,12,Saturday,Sat,6,1,0
2025-07-13,2025,Q3,Q3 2025,7,July,Jul,2025-07,202507,13,Sunday,Sun,7,1,0
2025-07-14,2025,Q3,Q3 2025,7,July,Jul,2025-07,202507,14,Monday,Mon,1,0,1
2025-07-15,2025,Q3,Q3 2025,7,July,Jul,2025-07,202507,15,Tuesday,Tue,2,0,1
2025-07-16,2025,Q3,Q3 2025,7,July,Jul,2025-07,202507,16,Wednesday,Wed,3,0,1
2025-07-17,2025,Q3,Q3 2025,7,July,Jul,2025-07,202507,17,Thursday,Thu,4,0,1
2025-07-18,2025,Q3,Q3 2025,7,July,Jul,2025-07,202507,18,Friday,Fri,5,0,1
2025-07-19,2025,Q3,Q3 2025,7,July,Jul,2025-07,202507,19,Saturday,Sat,6,1,0
2025-07-20,2025,Q3,Q3 2025,7,July,Jul,2025-07,202507,20,Sunday,Sun,7,1,0
2025-07-21,2025,Q3,Q3 2025,7,July,Jul,2025-07,202507,21,Monday,Mon,1,0,1
2025-07-22,2025,Q3,Q3 2025,7,July,Jul,2025-07,202507,22,Tuesday,Tue,2,0,1
2025-07-23,2025,Q3,Q3 2025,7,July,Jul,2025-07,202507,23,Wednesday,Wed,3,0,1
2025-07-24,2025,Q3,Q3 2025,7,July,Jul,2025-07,202507,24,Thursday,Thu,4,0,1
2025-07-25,2025,Q3,Q3 2025,7,July,Jul,2025-07,202507,25,Friday,Fri,5,0,1
2025-07-26,2025,Q3,Q3 2025,7,July,Jul,2025-07,202507,26,Saturday,Sat,6,1,0
2025-07-27,2025,Q3,Q3 2025,7,July,Jul,2025-07,202507,27,Sunday,Sun,7,1,0
2025-07-28,2025,Q3,Q3 2025,7,July,Jul,2025-07,202507,28,Monday,Mon,1,0,1
2025-07-29,2025,Q3,Q3 2025,7,July,Jul,2025-07,202507,29,Tuesday,Tue,2,0,1
2025-07-30,2025,Q3,Q3 2025,7,July,Jul,2025-07,202507,30,Wednesday,Wed,3,0,1
2025-07-31,2025,Q3,Q3 2025,7,July,Jul,2025-07,202507,31,Thursday,Thu,4,0,1
2025-08-01,2025,Q3,Q3 2025,8,August,Aug,2025-08,202508,1,Friday,Fri,5,0,1
2025-08-02,2025,Q3,Q3 2025,8,August,Aug,2025-08,202508,2,Saturday,Sat,6,1,0
2025-08-03,2025,Q3,Q3 2025,8,August,Aug,2025-08,202508,3,Sunday,Sun,7,1,0
2025-08-04,2025,Q3,Q3 2025,8,August,Aug,2025-08,202508,4,Monday,Mon,1,0,1
2025-08-05,2025,Q3,Q3 2025,8,August,Aug,2025-08,202508,5,Tuesday,Tue,2,0,1
2025-08-06,2025,Q3,Q3 2025,8,August,Aug,2025-08,202508,6,Wednesday,Wed,3,0,1
2025-08-07,2025,Q3,Q3 2025,8,August,Aug,2025-08,202508,7,Thursday,Thu,4,0,1
2025-08-08,2025,Q3,Q3 2025,8,August,Aug,2025-08,202508,8,Friday,Fri,5,0,1
2025-08-09,2025,Q3,Q3 2025,8,August,Aug,2025-08,202508,9,Saturday,Sat,6,1,0
2025-08-10,2025,Q3,Q3 2025,8,August,Aug,2025-08,202508,10,Sunday,Sun,7,1,0
2025-08-11,2025,Q3,Q3 2025,8,August,Aug,2025-08,202508,11,Monday,Mon,1,0,1
2025-08-12,2025,Q3,Q3 2025,8,August,Aug,2025-08,202508,12,Tuesday,Tue,2,0,1
2025-08-13,2025,Q3,Q3 2025,8,August,Aug,2025-08,202508,13,Wednesday,Wed,3,0,1
2025-08-14,2025,Q3,Q3 2025,8,August,Aug,2025-08,202508,14,Thursday,Thu,4,0,1
2025-08-15,2025,Q3,Q3 2025,8,August,Aug,2025-08,202508,15,Friday,Fri,5,0,0
2025-08-16,2025,Q3,Q3 2025,8,August,Aug,2025-08,202508,16,Saturday,Sat,6,1,0
2025-08-17,2025,Q3,Q3 2025,8,August,Aug,2025-08,202508,17,Sunday,Sun,7,1,0
2025-08-18,2025,Q3,Q3 2025,8,August,Aug,2025-08,202508,18,Monday,Mon,1,0,1
2025-08-19,2025,Q3,Q3 2025,8,August,Aug,2025-08,202508,19,Tuesday,Tue,2,0,1
2025-08-20,2025,Q3,Q3 2025,8,August,Aug,2025-08,202508,20,Wednesday,Wed,3,0,1
2025-08-21,2025,Q3,Q3 2025,8,August,Aug,2025-08,202508,21,Thursday,Thu,4,0,1
2025-08-22,2025,Q3,Q3 2025,8,August,Aug,2025-08,202508,22,Friday,Fri,5,0,1
2025-08-23,2025,Q3,Q3 2025,8,August,Aug,2025-08,202508,23,Saturday,Sat,6,1,0
2025-08-24,2025,Q3,Q3 2025,8,August,Aug,2025-08,202508,24,Sunday,Sun,7,1,0
2025-08-25,2025,Q3,Q3 2025,8,August,Aug,2025-08,202508,25,Monday,Mon,1,0,1
2025-08-26,2025,Q3,Q3 2025,8,August,Aug,2025-08,202508,26,Tuesday,Tue,2,0,1
2025-08-27,2025,Q3,Q3 2025,8,August,Aug,2025-08,202508,27,Wednesday,Wed,3,0,0
2025-08-28,2025,Q3,Q3 2025,8,August,Aug,2025-08,202508,28,Thursday,Thu,4,0,1
2025-08-29,2025,Q3,Q3 2025,8,August,Aug,2025-08,202508,29,Friday,Fri,5,0,1
2025-08-30,2025,Q3,Q3 2025,8,August,Aug,2025-08,202508,30,Saturday,Sat,6,1,0
2025-08-31,2025,Q3,Q3 2025,8,August,Aug,2025-08,202508,31,Sunday,Sun,7,1,0
2025-09-01,2025,Q3,Q3 2025,9,September,Sep,2025-09,202509,1,Monday,Mon,1,0,1
2025-09-02,2025,Q3,Q3 2025,9,September,Sep,2025-09,202509,2,Tuesday,Tue,2,0,1
2025-09-03,2025,Q3,Q3 2025,9,September,Sep,2025-09,202509,3,Wednesday,Wed,3,0,1
2025-09-04,2025,Q3,Q3 2025,9,September,Sep,2025-09,202509,4,Thursday,Thu,4,0,1
2025-09-05,2025,Q3,Q3 2025,9,September,Sep,2025-09,202509,5,Friday,Fri,5,0,1
2025-09-06,2025,Q3,Q3 2025,9,September,Sep,2025-09,202509,6,Saturday,Sat,6,1,0
2025-09-07,2025,Q3,Q3 2025,9,September,Sep,2025-09,202509,7,Sunday,Sun,7,1,0
2025-09-08,2025,Q3,Q3 2025,9,September,Sep,2025-09,202509,8,Monday,Mon,1,0,1
2025-09-09,2025,Q3,Q3 2025,9,September,Sep,2025-09,202509,9,Tuesday,Tue,2,0,1
2025-09-10,2025,Q3,Q3 2025,9,September,Sep,2025-09,202509,10,Wednesday,Wed,3,0,1
2025-09-11,2025,Q3,Q3 2025,9,September,Sep,2025-09,202509,11,Thursday,Thu,4,0,1
2025-09-12,2025,Q3,Q3 2025,9,September,Sep,2025-09,202509,12,Friday,Fri,5,0,1
2025-09-13,2025,Q3,Q3 2025,9,September,Sep,2025-09,202509,13,Saturday,Sat,6,1,0
2025-09-14,2025,Q3,Q3 2025,9,September,Sep,2025-09,202509,14,Sunday,Sun,7,1,0
2025-09-15,2025,Q3,Q3 2025,9,September,Sep,2025-09,202509,15,Monday,Mon,1,0,1
2025-09-16,2025,Q3,Q3 2025,9,September,Sep,2025-09,202509,16,Tuesday,Tue,2,0,1
2025-09-17,2025,Q3,Q3 2025,9,September,Sep,2025-09,202509,17,Wednesday,Wed,3,0,1
2025-09-18,2025,Q3,Q3 2025,9,September,Sep,2025-09,202509,18,Thursday,Thu,4,0,1
2025-09-19,2025,Q3,Q3 2025,9,September,Sep,2025-09,202509,19,Friday,Fri,5,0,1
2025-09-20,2025,Q3,Q3 2025,9,September,Sep,2025-09,202509,20,Saturday,Sat,6,1,0
2025-09-21,2025,Q3,Q3 2025,9,September,Sep,2025-09,202509,21,Sunday,Sun,7,1,0
2025-09-22,2025,Q3,Q3 2025,9,September,Sep,2025-09,202509,22,Monday,Mon,1,0,1
2025-09-23,2025,Q3,Q3 2025,9,September,Sep,2025-09,202509,23,Tuesday,Tue,2,0,1
2025-09-24,2025,Q3,Q3 2025,9,September,Sep,2025-09,202509,24,Wednesday,Wed,3,0,1
2025-09-25,2025,Q3,Q3 2025,9,September,Sep,2025-09,202509,25,Thursday,Thu,4,0,1
2025-09-26,2025,Q3,Q3 2025,9,September,Sep,2025-09,202509,26,Friday,Fri,5,0,1
2025-09-27,2025,Q3,Q3 2025,9,September,Sep,2025-09,202509,27,Saturday,Sat,6,1,0
2025-09-28,2025,Q3,Q3 2025,9,September,Sep,2025-09,202509,28,Sunday,Sun,7,1,0
2025-09-29,2025,Q3,Q3 2025,9,September,Sep,2025-09,202509,29,Monday,Mon,1,0,1
2025-09-30,2025,Q3,Q3 2025,9,September,Sep,2025-09,202509,30,Tuesday,Tue,2,0,1
2025-10-01,2025,Q4,Q4 2025,10,October,Oct,2025-10,202510,1,Wednesday,Wed,3,0,1
2025-10-02,2025,Q4,Q4 2025,10,October,Oct,2025-10,202510,2,Thursday,Thu,4,0,0
2025-10-03,2025,Q4,Q4 2025,10,October,Oct,2025-10,202510,3,Friday,Fri,5,0,1
2025-10-04,2025,Q4,Q4 2025,10,October,Oct,2025-10,202510,4,Saturday,Sat,6,1,0
2025-10-05,2025,Q4,Q4 2025,10,October,Oct,2025-10,202510,5,Sunday,Sun,7,1,0
2025-10-06,2025,Q4,Q4 2025,10,October,Oct,2025-10,202510,6,Monday,Mon,1,0,1
2025-10-07,2025,Q4,Q4 2025,10,October,Oct,2025-10,202510,7,Tuesday,Tue,2,0,1
2025-10-08,2025,Q4,Q4 2025,10,October,Oct,2025-10,202510,8,Wednesday,Wed,3,0,1
2025-10-09,2025,Q4,Q4 2025,10,October,Oct,2025-10,202510,9,Thursday,Thu,4,0,1
2025-10-10,2025,Q4,Q4 2025,10,October,Oct,2025-10,202510,10,Friday,Fri,5,0,1
2025-10-11,2025,Q4,Q4 2025,10,October,Oct,2025-10,202510,11,Saturday,Sat,6,1,0
2025-10-12,2025,Q4,Q4 2025,10,October,Oct,2025-10,202510,12,Sunday,Sun,7,1,0
2025-10-13,2025,Q4,Q4 2025,10,October,Oct,2025-10,202510,13,Monday,Mon,1,0,1
2025-10-14,2025,Q4,Q4 2025,10,October,Oct,2025-10,202510,14,Tuesday,Tue,2,0,1
2025-10-15,2025,Q4,Q4 2025,10,October,Oct,2025-10,202510,15,Wednesday,Wed,3,0,1
2025-10-16,2025,Q4,Q4 2025,10,October,Oct,2025-10,202510,16,Thursday,Thu,4,0,1
2025-10-17,2025,Q4,Q4 2025,10,October,Oct,2025-10,202510,17,Friday,Fri,5,0,1
2025-10-18,2025,Q4,Q4 2025,10,October,Oct,2025-10,202510,18,Saturday,Sat,6,1,0
2025-10-19,2025,Q4,Q4 2025,10,October,Oct,2025-10,202510,19,Sunday,Sun,7,1,0
2025-10-20,2025,Q4,Q4 2025,10,October,Oct,2025-10,202510,20,Monday,Mon,1,0,1
2025-10-21,2025,Q4,Q4 2025,10,October,Oct,2025-10,202510,21,Tuesday,Tue,2,0,1
2025-10-22,2025,Q4,Q4 2025,10,October,Oct,2025-10,202510,22,Wednesday,Wed,3,0,0
2025-10-23,2025,Q4,Q4 2025,10,October,Oct,2025-10,202510,23,Thursday,Thu,4,0,1
2025-10-24,2025,Q4,Q4 2025,10,October,Oct,2025-10,202510,24,Friday,Fri,5,0,1
2025-10-25,2025,Q4,Q4 2025,10,October,Oct,2025-10,202510,25,Saturday,Sat,6,1,0
2025-10-26,2025,Q4,Q4 2025,10,October,Oct,2025-10,202510,26,Sunday,Sun,7,1,0
2025-10-27,2025,Q4,Q4 2025,10,October,Oct,2025-10,202510,27,Monday,Mon,1,0,1
2025-10-28,2025,Q4,Q4 2025,10,October,Oct,2025-10,202510,28,Tuesday,Tue,2,0,1
2025-10-29,2025,Q4,Q4 2025,10,October,Oct,2025-10,202510,29,Wednesday,Wed,3,0,1
2025-10-30,2025,Q4,Q4 2025,10,October,Oct,2025-10,202510,30,Thursday,Thu,4,0,1
2025-10-31,2025,Q4,Q4 2025,10,October,Oct,2025-10,202510,31,Friday,Fri,5,0,1
2025-11-01,2025,Q4,Q4 2025,11,November,Nov,2025-11,202511,1,Saturday,Sat,6,1,0
2025-11-02,2025,Q4,Q4 2025,11,November,Nov,2025-11,202511,2,Sunday,Sun,7,1,0
2025-11-03,2025,Q4,Q4 2025,11,November,Nov,2025-11,202511,3,Monday,Mon,1,0,1
2025-11-04,2025,Q4,Q4 2025,11,November,Nov,2025-11,202511,4,Tuesday,Tue,2,0,1
2025-11-05,2025,Q4,Q4 2025,11,November,Nov,2025-11,202511,5,Wednesday,Wed,3,0,0
2025-11-06,2025,Q4,Q4 2025,11,November,Nov,2025-11,202511,6,Thursday,Thu,4,0,1
2025-11-07,2025,Q4,Q4 2025,11,November,Nov,2025-11,202511,7,Friday,Fri,5,0,1
2025-11-08,2025,Q4,Q4 2025,11,November,Nov,2025-11,202511,8,Saturday,Sat,6,1,0
2025-11-09,2025,Q4,Q4 2025,11,November,Nov,2025-11,202511,9,Sunday,Sun,7,1,0
2025-11-10,2025,Q4,Q4 2025,11,November,Nov,2025-11,202511,10,Monday,Mon,1,0,1
2025-11-11,2025,Q4,Q4 2025,11,November,Nov,2025-11,202511,11,Tuesday,Tue,2,0,1
2025-11-12,2025,Q4,Q4 2025,11,November,Nov,2025-11,202511,12,Wednesday,Wed,3,0,1
2025-11-13,2025,Q4,Q4 2025,11,November,Nov,2025-11,202511,13,Thursday,Thu,4,0,1
2025-11-14,2025,Q4,Q4 2025,11,November,Nov,2025-11,202511,14,Friday,Fri,5,0,1
2025-11-15,2025,Q4,Q4 2025,11,November,Nov,2025-11,202511,15,Saturday,Sat,6,1,0
2025-11-16,2025,Q4,Q4 2025,11,November,Nov,2025-11,202511,16,Sunday,Sun,7,1,0
2025-11-17,2025,Q4,Q4 2025,11,November,Nov,2025-11,202511,17,Monday,Mon,1,0,1
2025-11-18,2025,Q4,Q4 2025,11,November,Nov,2025-11,202511,18,Tuesday,Tue,2,0,1
2025-11-19,2025,Q4,Q4 2025,11,November,Nov,2025-11,202511,19,Wednesday,Wed,3,0,1
2025-11-20,2025,Q4,Q4 2025,11,November,Nov,2025-11,202511,20,Thursday,Thu,4,0,1
2025-11-21,2025,Q4,Q4 2025,11,November,Nov,2025-11,202511,21,Friday,Fri,5,0,1
2025-11-22,2025,Q4,Q4 2025,11,November,Nov,2025-11,202511,22,Saturday,Sat,6,1,0
2025-11-23,2025,Q4,Q4 2025,11,November,Nov,2025-11,202511,23,Sunday,Sun,7,1,0
2025-11-24,2025,Q4,Q4 2025,11,November,Nov,2025-11,202511,24,Monday,Mon,1,0,1
2025-11-25,2025,Q4,Q4 2025,11,November,Nov,2025-11,202511,25,Tuesday,Tue,2,0,1
2025-11-26,2025,Q4,Q4 2025,11,November,Nov,2025-11,202511,26,Wednesday,Wed,3,0,1
2025-11-27,2025,Q4,Q4 2025,11,November,Nov,2025-11,202511,27,Thursday,Thu,4,0,1
2025-11-28,2025,Q4,Q4 2025,11,November,Nov,2025-11,202511,28,Friday,Fri,5,0,1
2025-11-29,2025,Q4,Q4 2025,11,November,Nov,2025-11,202511,29,Saturday,Sat,6,1,0
2025-11-30,2025,Q4,Q4 2025,11,November,Nov,2025-11,202511,30,Sunday,Sun,7,1,0
2025-12-01,2025,Q4,Q4 2025,12,December,Dec,2025-12,202512,1,Monday,Mon,1,0,1
2025-12-02,2025,Q4,Q4 2025,12,December,Dec,2025-12,202512,2,Tuesday,Tue,2,0,1
2025-12-03,2025,Q4,Q4 2025,12,December,Dec,2025-12,202512,3,Wednesday,Wed,3,0,1
2025-12-04,2025,Q4,Q4 2025,12,December,Dec,2025-12,202512,4,Thursday,Thu,4,0,1
2025-12-05,2025,Q4,Q4 2025,12,December,Dec,2025-12,202512,5,Friday,Fri,5,0,1
2025-12-06,2025,Q4,Q4 2025,12,December,Dec,2025-12,202512,6,Saturday,Sat,6,1,0
2025-12-07,2025,Q4,Q4 2025,12,December,Dec,2025-12,202512,7,Sunday,Sun,7,1,0
2025-12-08,2025,Q4,Q4 2025,12,December,Dec,2025-12,202512,8,Monday,Mon,1,0,1
2025-12-09,2025,Q4,Q4 2025,12,December,Dec,2025-12,202512,9,Tuesday,Tue,2,0,1
2025-12-10,2025,Q4,Q4 2025,12,December,Dec,2025-12,202512,10,Wednesday,Wed,3,0,1
2025-12-11,2025,Q4,Q4 2025,12,December,Dec,2025-12,202512,11,Thursday,Thu,4,0,1
2025-12-12,2025,Q4,Q4 2025,12,December,Dec,2025-12,202512,12,Friday,Fri,5,0,1
2025-12-13,2025,Q4,Q4 2025,12,December,Dec,2025-12,202512,13,Saturday,Sat,6,1,0
2025-12-14,2025,Q4,Q4 2025,12,December,Dec,2025-12,202512,14,Sunday,Sun,7,1,0
2025-12-15,2025,Q4,Q4 2025,12,December,Dec,2025-12,202512,15,Monday,Mon,1,0,1
2025-12-16,2025,Q4,Q4 2025,12,December,Dec,2025-12,202512,16,Tuesday,Tue,2,0,1
2025-12-17,2025,Q4,Q4 2025,12,December,Dec,2025-12,202512,17,Wednesday,Wed,3,0,1
2025-12-18,2025,Q4,Q4 2025,12,December,Dec,2025-12,202512,18,Thursday,Thu,4,0,1
2025-12-19,2025,Q4,Q4 2025,12,December,Dec,2025-12,202512,19,Friday,Fri,5,0,1
2025-12-20,2025,Q4,Q4 2025,12,December,Dec,2025-12,202512,20,Saturday,Sat,6,1,0
2025-12-21,2025,Q4,Q4 2025,12,December,Dec,2025-12,202512,21,Sunday,Sun,7,1,0
2025-12-22,2025,Q4,Q4 2025,12,December,Dec,2025-12,202512,22,Monday,Mon,1,0,1
2025-12-23,2025,Q4,Q4 2025,12,December,Dec,2025-12,202512,23,Tuesday,Tue,2,0,1
2025-12-24,2025,Q4,Q4 2025,12,December,Dec,2025-12,202512,24,Wednesday,Wed,3,0,1
2025-12-25,2025,Q4,Q4 2025,12,December,Dec,2025-12,202512,25,Thursday,Thu,4,0,0
2025-12-26,2025,Q4,Q4 2025,12,December,Dec,2025-12,202512,26,Friday,Fri,5,0,1
2025-12-27,2025,Q4,Q4 2025,12,December,Dec,2025-12,202512,27,Saturday,Sat,6,1,0
2025-12-28,2025,Q4,Q4 2025,12,December,Dec,2025-12,202512,28,Sunday,Sun,7,1,0
2025-12-29,2025,Q4,Q4 2025,12,December,Dec,2025-12,202512,29,Monday,Mon,1,0,1
2025-12-30,2025,Q4,Q4 2025,12,December,Dec,2025-12,202512,30,Tuesday,Tue,2,0,1
2025-12-31,2025,Q4,Q4 2025,12,December,Dec,2025-12,202512,31,Wednesday,Wed,3,0,1
2026-01-01,2026,Q1,Q1 2026,1,January,Jan,2026-01,202601,1,Thursday,Thu,4,0,1
2026-01-02,2026,Q1,Q1 2026,1,January,Jan,2026-01,202601,2,Friday,Fri,5,0,1
2026-01-03,2026,Q1,Q1 2026,1,January,Jan,2026-01,202601,3,Saturday,Sat,6,1,0
2026-01-04,2026,Q1,Q1 2026,1,January,Jan,2026-01,202601,4,Sunday,Sun,7,1,0
2026-01-05,2026,Q1,Q1 2026,1,January,Jan,2026-01,202601,5,Monday,Mon,1,0,1
2026-01-06,2026,Q1,Q1 2026,1,January,Jan,2026-01,202601,6,Tuesday,Tue,2,0,1
2026-01-07,2026,Q1,Q1 2026,1,January,Jan,2026-01,202601,7,Wednesday,Wed,3,0,1
2026-01-08,2026,Q1,Q1 2026,1,January,Jan,2026-01,202601,8,Thursday,Thu,4,0,1
2026-01-09,2026,Q1,Q1 2026,1,January,Jan,2026-01,202601,9,Friday,Fri,5,0,1
2026-01-10,2026,Q1,Q1 2026,1,January,Jan,2026-01,202601,10,Saturday,Sat,6,1,0
2026-01-11,2026,Q1,Q1 2026,1,January,Jan,2026-01,202601,11,Sunday,Sun,7,1,0
2026-01-12,2026,Q1,Q1 2026,1,January,Jan,2026-01,202601,12,Monday,Mon,1,0,1
2026-01-13,2026,Q1,Q1 2026,1,January,Jan,2026-01,202601,13,Tuesday,Tue,2,0,1
2026-01-14,2026,Q1,Q1 2026,1,January,Jan,2026-01,202601,14,Wednesday,Wed,3,0,1
2026-01-15,2026,Q1,Q1 2026,1,January,Jan,2026-01,202601,15,Thursday,Thu,4,0,1
2026-01-16,2026,Q1,Q1 2026,1,January,Jan,2026-01,202601,16,Friday,Fri,5,0,1
2026-01-17,2026,Q1,Q1 2026,1,January,Jan,2026-01,202601,17,Saturday,Sat,6,1,0
2026-01-18,2026,Q1,Q1 2026,1,January,Jan,2026-01,202601,18,Sunday,Sun,7,1,0
2026-01-19,2026,Q1,Q1 2026,1,January,Jan,2026-01,202601,19,Monday,Mon,1,0,1
2026-01-20,2026,Q1,Q1 2026,1,January,Jan,2026-01,202601,20,Tuesday,Tue,2,0,1
2026-01-21,2026,Q1,Q1 2026,1,January,Jan,2026-01,202601,21,Wednesday,Wed,3,0,1
2026-01-22,2026,Q1,Q1 2026,1,January,Jan,2026-01,202601,22,Thursday,Thu,4,0,1
2026-01-23,2026,Q1,Q1 2026,1,January,Jan,2026-01,202601,23,Friday,Fri,5,0,1
2026-01-24,2026,Q1,Q1 2026,1,January,Jan,2026-01,202601,24,Saturday,Sat,6,1,0
2026-01-25,2026,Q1,Q1 2026,1,January,Jan,2026-01,202601,25,Sunday,Sun,7,1,0
2026-01-26,2026,Q1,Q1 2026,1,January,Jan,2026-01,202601,26,Monday,Mon,1,0,0
2026-01-27,2026,Q1,Q1 2026,1,January,Jan,2026-01,202601,27,Tuesday,Tue,2,0,1
2026-01-28,2026,Q1,Q1 2026,1,January,Jan,2026-01,202601,28,Wednesday,Wed,3,0,1
2026-01-29,2026,Q1,Q1 2026,1,January,Jan,2026-01,202601,29,Thursday,Thu,4,0,1
2026-01-30,2026,Q1,Q1 2026,1,January,Jan,2026-01,202601,30,Friday,Fri,5,0,1
2026-01-31,2026,Q1,Q1 2026,1,January,Jan,2026-01,202601,31,Saturday,Sat,6,1,0
2026-02-01,2026,Q1,Q1 2026,2,February,Feb,2026-02,202602,1,Sunday,Sun,7,1,0
2026-02-02,2026,Q1,Q1 2026,2,February,Feb,2026-02,202602,2,Monday,Mon,1,0,1
2026-02-03,2026,Q1,Q1 2026,2,February,Feb,2026-02,202602,3,Tuesday,Tue,2,0,1
2026-02-04,2026,Q1,Q1 2026,2,February,Feb,2026-02,202602,4,Wednesday,Wed,3,0,1
2026-02-05,2026,Q1,Q1 2026,2,February,Feb,2026-02,202602,5,Thursday,Thu,4,0,1
2026-02-06,2026,Q1,Q1 2026,2,February,Feb,2026-02,202602,6,Friday,Fri,5,0,1
2026-02-07,2026,Q1,Q1 2026,2,February,Feb,2026-02,202602,7,Saturday,Sat,6,1,0
2026-02-08,2026,Q1,Q1 2026,2,February,Feb,2026-02,202602,8,Sunday,Sun,7,1,0
2026-02-09,2026,Q1,Q1 2026,2,February,Feb,2026-02,202602,9,Monday,Mon,1,0,1
2026-02-10,2026,Q1,Q1 2026,2,February,Feb,2026-02,202602,10,Tuesday,Tue,2,0,1
2026-02-11,2026,Q1,Q1 2026,2,February,Feb,2026-02,202602,11,Wednesday,Wed,3,0,1
2026-02-12,2026,Q1,Q1 2026,2,February,Feb,2026-02,202602,12,Thursday,Thu,4,0,1
2026-02-13,2026,Q1,Q1 2026,2,February,Feb,2026-02,202602,13,Friday,Fri,5,0,1
2026-02-14,2026,Q1,Q1 2026,2,February,Feb,2026-02,202602,14,Saturday,Sat,6,1,0
2026-02-15,2026,Q1,Q1 2026,2,February,Feb,2026-02,202602,15,Sunday,Sun,7,1,0
2026-02-16,2026,Q1,Q1 2026,2,February,Feb,2026-02,202602,16,Monday,Mon,1,0,1
2026-02-17,2026,Q1,Q1 2026,2,February,Feb,2026-02,202602,17,Tuesday,Tue,2,0,1
2026-02-18,2026,Q1,Q1 2026,2,February,Feb,2026-02,202602,18,Wednesday,Wed,3,0,1
2026-02-19,2026,Q1,Q1 2026,2,February,Feb,2026-02,202602,19,Thursday,Thu,4,0,1
2026-02-20,2026,Q1,Q1 2026,2,February,Feb,2026-02,202602,20,Friday,Fri,5,0,1
2026-02-21,2026,Q1,Q1 2026,2,February,Feb,2026-02,202602,21,Saturday,Sat,6,1,0
2026-02-22,2026,Q1,Q1 2026,2,February,Feb,2026-02,202602,22,Sunday,Sun,7,1,0
2026-02-23,2026,Q1,Q1 2026,2,February,Feb,2026-02,202602,23,Monday,Mon,1,0,1
2026-02-24,2026,Q1,Q1 2026,2,February,Feb,2026-02,202602,24,Tuesday,Tue,2,0,1
2026-02-25,2026,Q1,Q1 2026,2,February,Feb,2026-02,202602,25,Wednesday,Wed,3,0,1
2026-02-26,2026,Q1,Q1 2026,2,February,Feb,2026-02,202602,26,Thursday,Thu,4,0,1
2026-02-27,2026,Q1,Q1 2026,2,February,Feb,2026-02,202602,27,Friday,Fri,5,0,1
2026-02-28,2026,Q1,Q1 2026,2,February,Feb,2026-02,202602,28,Saturday,Sat,6,1,0
2026-03-01,2026,Q1,Q1 2026,3,March,Mar,2026-03,202603,1,Sunday,Sun,7,1,0
2026-03-02,2026,Q1,Q1 2026,3,March,Mar,2026-03,202603,2,Monday,Mon,1,0,1
2026-03-03,2026,Q1,Q1 2026,3,March,Mar,2026-03,202603,3,Tuesday,Tue,2,0,0
2026-03-04,2026,Q1,Q1 2026,3,March,Mar,2026-03,202603,4,Wednesday,Wed,3,0,1
2026-03-05,2026,Q1,Q1 2026,3,March,Mar,2026-03,202603,5,Thursday,Thu,4,0,1
2026-03-06,2026,Q1,Q1 2026,3,March,Mar,2026-03,202603,6,Friday,Fri,5,0,1
2026-03-07,2026,Q1,Q1 2026,3,March,Mar,2026-03,202603,7,Saturday,Sat,6,1,0
2026-03-08,2026,Q1,Q1 2026,3,March,Mar,2026-03,202603,8,Sunday,Sun,7,1,0
2026-03-09,2026,Q1,Q1 2026,3,March,Mar,2026-03,202603,9,Monday,Mon,1,0,1
2026-03-10,2026,Q1,Q1 2026,3,March,Mar,2026-03,202603,10,Tuesday,Tue,2,0,1
2026-03-11,2026,Q1,Q1 2026,3,March,Mar,2026-03,202603,11,Wednesday,Wed,3,0,1
2026-03-12,2026,Q1,Q1 2026,3,March,Mar,2026-03,202603,12,Thursday,Thu,4,0,1
2026-03-13,2026,Q1,Q1 2026,3,March,Mar,2026-03,202603,13,Friday,Fri,5,0,1
2026-03-14,2026,Q1,Q1 2026,3,March,Mar,2026-03,202603,14,Saturday,Sat,6,1,0
2026-03-15,2026,Q1,Q1 2026,3,March,Mar,2026-03,202603,15,Sunday,Sun,7,1,0
2026-03-16,2026,Q1,Q1 2026,3,March,Mar,2026-03,202603,16,Monday,Mon,1,0,1
2026-03-17,2026,Q1,Q1 2026,3,March,Mar,2026-03,202603,17,Tuesday,Tue,2,0,1
2026-03-18,2026,Q1,Q1 2026,3,March,Mar,2026-03,202603,18,Wednesday,Wed,3,0,1
2026-03-19,2026,Q1,Q1 2026,3,March,Mar,2026-03,202603,19,Thursday,Thu,4,0,1
2026-03-20,2026,Q1,Q1 2026,3,March,Mar,2026-03,202603,20,Friday,Fri,5,0,1
2026-03-21,2026,Q1,Q1 2026,3,March,Mar,2026-03,202603,21,Saturday,Sat,6,1,0
2026-03-22,2026,Q1,Q1 2026,3,March,Mar,2026-03,202603,22,Sunday,Sun,7,1,0
2026-03-23,2026,Q1,Q1 2026,3,March,Mar,2026-03,202603,23,Monday,Mon,1,0,1
2026-03-24,2026,Q1,Q1 2026,3,March,Mar,2026-03,202603,24,Tuesday,Tue,2,0,1
2026-03-25,2026,Q1,Q1 2026,3,March,Mar,2026-03,202603,25,Wednesday,Wed,3,0,1
2026-03-26,2026,Q1,Q1 2026,3,March,Mar,2026-03,202603,26,Thursday,Thu,4,0,0
2026-03-27,2026,Q1,Q1 2026,3,March,Mar,2026-03,202603,27,Friday,Fri,5,0,1
2026-03-28,2026,Q1,Q1 2026,3,March,Mar,2026-03,202603,28,Saturday,Sat,6,1,0
2026-03-29,2026,Q1,Q1 2026,3,March,Mar,2026-03,202603,29,Sunday,Sun,7,1,0
2026-03-30,2026,Q1,Q1 2026,3,March,Mar,2026-03,202603,30,Monday,Mon,1,0,1
2026-03-31,2026,Q1,Q1 2026,3,March,Mar,2026-03,202603,31,Tuesday,Tue,2,0,0
2026-04-01,2026,Q2,Q2 2026,4,April,Apr,2026-04,202604,1,Wednesday,Wed,3,0,1
2026-04-02,2026,Q2,Q2 2026,4,April,Apr,2026-04,202604,2,Thursday,Thu,4,0,1
2026-04-03,2026,Q2,Q2 2026,4,April,Apr,2026-04,202604,3,Friday,Fri,5,0,0
2026-04-04,2026,Q2,Q2 2026,4,April,Apr,2026-04,202604,4,Saturday,Sat,6,1,0
2026-04-05,2026,Q2,Q2 2026,4,April,Apr,2026-04,202604,5,Sunday,Sun,7,1,0
2026-04-06,2026,Q2,Q2 2026,4,April,Apr,2026-04,202604,6,Monday,Mon,1,0,1
2026-04-07,2026,Q2,Q2 2026,4,April,Apr,2026-04,202604,7,Tuesday,Tue,2,0,1
2026-04-08,2026,Q2,Q2 2026,4,April,Apr,2026-04,202604,8,Wednesday,Wed,3,0,1
2026-04-09,2026,Q2,Q2 2026,4,April,Apr,2026-04,202604,9,Thursday,Thu,4,0,1
2026-04-10,2026,Q2,Q2 2026,4,April,Apr,2026-04,202604,10,Friday,Fri,5,0,1
2026-04-11,2026,Q2,Q2 2026,4,April,Apr,2026-04,202604,11,Saturday,Sat,6,1,0
2026-04-12,2026,Q2,Q2 2026,4,April,Apr,2026-04,202604,12,Sunday,Sun,7,1,0
2026-04-13,2026,Q2,Q2 2026,4,April,Apr,2026-04,202604,13,Monday,Mon,1,0,1
2026-04-14,2026,Q2,Q2 2026,4,April,Apr,2026-04,202604,14,Tuesday,Tue,2,0,0
2026-04-15,2026,Q2,Q2 2026,4,April,Apr,2026-04,202604,15,Wednesday,Wed,3,0,1
2026-04-16,2026,Q2,Q2 2026,4,April,Apr,2026-04,202604,16,Thursday,Thu,4,0,1
2026-04-17,2026,Q2,Q2 2026,4,April,Apr,2026-04,202604,17,Friday,Fri,5,0,1
2026-04-18,2026,Q2,Q2 2026,4,April,Apr,2026-04,202604,18,Saturday,Sat,6,1,0
2026-04-19,2026,Q2,Q2 2026,4,April,Apr,2026-04,202604,19,Sunday,Sun,7,1,0
2026-04-20,2026,Q2,Q2 2026,4,April,Apr,2026-04,202604,20,Monday,Mon,1,0,1
2026-04-21,2026,Q2,Q2 2026,4,April,Apr,2026-04,202604,21,Tuesday,Tue,2,0,1
2026-04-22,2026,Q2,Q2 2026,4,April,Apr,2026-04,202604,22,Wednesday,Wed,3,0,1
2026-04-23,2026,Q2,Q2 2026,4,April,Apr,2026-04,202604,23,Thursday,Thu,4,0,1
2026-04-24,2026,Q2,Q2 2026,4,April,Apr,2026-04,202604,24,Friday,Fri,5,0,1
2026-04-25,2026,Q2,Q2 2026,4,April,Apr,2026-04,202604,25,Saturday,Sat,6,1,0
2026-04-26,2026,Q2,Q2 2026,4,April,Apr,2026-04,202604,26,Sunday,Sun,7,1,0
2026-04-27,2026,Q2,Q2 2026,4,April,Apr,2026-04,202604,27,Monday,Mon,1,0,1
2026-04-28,2026,Q2,Q2 2026,4,April,Apr,2026-04,202604,28,Tuesday,Tue,2,0,1
2026-04-29,2026,Q2,Q2 2026,4,April,Apr,2026-04,202604,29,Wednesday,Wed,3,0,1
2026-04-30,2026,Q2,Q2 2026,4,April,Apr,2026-04,202604,30,Thursday,Thu,4,0,1
2026-05-01,2026,Q2,Q2 2026,5,May,May,2026-05,202605,1,Friday,Fri,5,0,1
2026-05-02,2026,Q2,Q2 2026,5,May,May,2026-05,202605,2,Saturday,Sat,6,1,0
2026-05-03,2026,Q2,Q2 2026,5,May,May,2026-05,202605,3,Sunday,Sun,7,1,0
2026-05-04,2026,Q2,Q2 2026,5,May,May,2026-05,202605,4,Monday,Mon,1,0,1
2026-05-05,2026,Q2,Q2 2026,5,May,May,2026-05,202605,5,Tuesday,Tue,2,0,1
2026-05-06,2026,Q2,Q2 2026,5,May,May,2026-05,202605,6,Wednesday,Wed,3,0,1
2026-05-07,2026,Q2,Q2 2026,5,May,May,2026-05,202605,7,Thursday,Thu,4,0,1
2026-05-08,2026,Q2,Q2 2026,5,May,May,2026-05,202605,8,Friday,Fri,5,0,1
2026-05-09,2026,Q2,Q2 2026,5,May,May,2026-05,202605,9,Saturday,Sat,6,1,0
2026-05-10,2026,Q2,Q2 2026,5,May,May,2026-05,202605,10,Sunday,Sun,7,1,0
2026-05-11,2026,Q2,Q2 2026,5,May,May,2026-05,202605,11,Monday,Mon,1,0,1
2026-05-12,2026,Q2,Q2 2026,5,May,May,2026-05,202605,12,Tuesday,Tue,2,0,1
2026-05-13,2026,Q2,Q2 2026,5,May,May,2026-05,202605,13,Wednesday,Wed,3,0,1
2026-05-14,2026,Q2,Q2 2026,5,May,May,2026-05,202605,14,Thursday,Thu,4,0,1
2026-05-15,2026,Q2,Q2 2026,5,May,May,2026-05,202605,15,Friday,Fri,5,0,1
2026-05-16,2026,Q2,Q2 2026,5,May,May,2026-05,202605,16,Saturday,Sat,6,1,0
2026-05-17,2026,Q2,Q2 2026,5,May,May,2026-05,202605,17,Sunday,Sun,7,1,0
2026-05-18,2026,Q2,Q2 2026,5,May,May,2026-05,202605,18,Monday,Mon,1,0,1
2026-05-19,2026,Q2,Q2 2026,5,May,May,2026-05,202605,19,Tuesday,Tue,2,0,1
2026-05-20,2026,Q2,Q2 2026,5,May,May,2026-05,202605,20,Wednesday,Wed,3,0,1
2026-05-21,2026,Q2,Q2 2026,5,May,May,2026-05,202605,21,Thursday,Thu,4,0,1
2026-05-22,2026,Q2,Q2 2026,5,May,May,2026-05,202605,22,Friday,Fri,5,0,1
2026-05-23,2026,Q2,Q2 2026,5,May,May,2026-05,202605,23,Saturday,Sat,6,1,0
2026-05-24,2026,Q2,Q2 2026,5,May,May,2026-05,202605,24,Sunday,Sun,7,1,0
2026-05-25,2026,Q2,Q2 2026,5,May,May,2026-05,202605,25,Monday,Mon,1,0,1
2026-05-26,2026,Q2,Q2 2026,5,May,May,2026-05,202605,26,Tuesday,Tue,2,0,1
2026-05-27,2026,Q2,Q2 2026,5,May,May,2026-05,202605,27,Wednesday,Wed,3,0,1
2026-05-28,2026,Q2,Q2 2026,5,May,May,2026-05,202605,28,Thursday,Thu,4,0,1
2026-05-29,2026,Q2,Q2 2026,5,May,May,2026-05,202605,29,Friday,Fri,5,0,1
2026-05-30,2026,Q2,Q2 2026,5,May,May,2026-05,202605,30,Saturday,Sat,6,1,0
2026-05-31,2026,Q2,Q2 2026,5,May,May,2026-05,202605,31,Sunday,Sun,7,1,0
2026-06-01,2026,Q2,Q2 2026,6,June,Jun,2026-06,202606,1,Monday,Mon,1,0,1
2026-06-02,2026,Q2,Q2 2026,6,June,Jun,2026-06,202606,2,Tuesday,Tue,2,0,1
2026-06-03,2026,Q2,Q2 2026,6,June,Jun,2026-06,202606,3,Wednesday,Wed,3,0,1
2026-06-04,2026,Q2,Q2 2026,6,June,Jun,2026-06,202606,4,Thursday,Thu,4,0,1
2026-06-05,2026,Q2,Q2 2026,6,June,Jun,2026-06,202606,5,Friday,Fri,5,0,1
2026-06-06,2026,Q2,Q2 2026,6,June,Jun,2026-06,202606,6,Saturday,Sat,6,1,0
2026-06-07,2026,Q2,Q2 2026,6,June,Jun,2026-06,202606,7,Sunday,Sun,7,1,0
2026-06-08,2026,Q2,Q2 2026,6,June,Jun,2026-06,202606,8,Monday,Mon,1,0,1
2026-06-09,2026,Q2,Q2 2026,6,June,Jun,2026-06,202606,9,Tuesday,Tue,2,0,1
2026-06-10,2026,Q2,Q2 2026,6,June,Jun,2026-06,202606,10,Wednesday,Wed,3,0,1
2026-06-11,2026,Q2,Q2 2026,6,June,Jun,2026-06,202606,11,Thursday,Thu,4,0,1
2026-06-12,2026,Q2,Q2 2026,6,June,Jun,2026-06,202606,12,Friday,Fri,5,0,1
2026-06-13,2026,Q2,Q2 2026,6,June,Jun,2026-06,202606,13,Saturday,Sat,6,1,0
2026-06-14,2026,Q2,Q2 2026,6,June,Jun,2026-06,202606,14,Sunday,Sun,7,1,0
2026-06-15,2026,Q2,Q2 2026,6,June,Jun,2026-06,202606,15,Monday,Mon,1,0,1
2026-06-16,2026,Q2,Q2 2026,6,June,Jun,2026-06,202606,16,Tuesday,Tue,2,0,1
2026-06-17,2026,Q2,Q2 2026,6,June,Jun,2026-06,202606,17,Wednesday,Wed,3,0,1
2026-06-18,2026,Q2,Q2 2026,6,June,Jun,2026-06,202606,18,Thursday,Thu,4,0,1
2026-06-19,2026,Q2,Q2 2026,6,June,Jun,2026-06,202606,19,Friday,Fri,5,0,1
2026-06-20,2026,Q2,Q2 2026,6,June,Jun,2026-06,202606,20,Saturday,Sat,6,1,0
2026-06-21,2026,Q2,Q2 2026,6,June,Jun,2026-06,202606,21,Sunday,Sun,7,1,0
2026-06-22,2026,Q2,Q2 2026,6,June,Jun,2026-06,202606,22,Monday,Mon,1,0,1
2026-06-23,2026,Q2,Q2 2026,6,June,Jun,2026-06,202606,23,Tuesday,Tue,2,0,1
2026-06-24,2026,Q2,Q2 2026,6,June,Jun,2026-06,202606,24,Wednesday,Wed,3,0,1
2026-06-25,2026,Q2,Q2 2026,6,June,Jun,2026-06,202606,25,Thursday,Thu,4,0,1
2026-06-26,2026,Q2,Q2 2026,6,June,Jun,2026-06,202606,26,Friday,Fri,5,0,1
2026-06-27,2026,Q2,Q2 2026,6,June,Jun,2026-06,202606,27,Saturday,Sat,6,1,0
2026-06-28,2026,Q2,Q2 2026,6,June,Jun,2026-06,202606,28,Sunday,Sun,7,1,0
2026-06-29,2026,Q2,Q2 2026,6,June,Jun,2026-06,202606,29,Monday,Mon,1,0,1
2026-06-30,2026,Q2,Q2 2026,6,June,Jun,2026-06,202606,30,Tuesday,Tue,2,0,1
2026-07-01,2026,Q3,Q3 2026,7,July,Jul,2026-07,202607,1,Wednesday,Wed,3,0,1
2026-07-02,2026,Q3,Q3 2026,7,July,Jul,2026-07,202607,2,Thursday,Thu,4,0,1
2026-07-03,2026,Q3,Q3 2026,7,July,Jul,2026-07,202607,3,Friday,Fri,5,0,1
2026-07-04,2026,Q3,Q3 2026,7,July,Jul,2026-07,202607,4,Saturday,Sat,6,1,0
2026-07-05,2026,Q3,Q3 2026,7,July,Jul,2026-07,202607,5,Sunday,Sun,7,1,0
2026-07-06,2026,Q3,Q3 2026,7,July,Jul,2026-07,202607,6,Monday,Mon,1,0,1
2026-07-07,2026,Q3,Q3 2026,7,July,Jul,2026-07,202607,7,Tuesday,Tue,2,0,1
2026-07-08,2026,Q3,Q3 2026,7,July,Jul,2026-07,202607,8,Wednesday,Wed,3,0,1
2026-07-09,2026,Q3,Q3 2026,7,July,Jul,2026-07,202607,9,Thursday,Thu,4,0,1
2026-07-10,2026,Q3,Q3 2026,7,July,Jul,2026-07,202607,10,Friday,Fri,5,0,1
2026-07-11,2026,Q3,Q3 2026,7,July,Jul,2026-07,202607,11,Saturday,Sat,6,1,0
2026-07-12,2026,Q3,Q3 2026,7,July,Jul,2026-07,202607,12,Sunday,Sun,7,1,0
2026-07-13,2026,Q3,Q3 2026,7,July,Jul,2026-07,202607,13,Monday,Mon,1,0,1
2026-07-14,2026,Q3,Q3 2026,7,July,Jul,2026-07,202607,14,Tuesday,Tue,2,0,1
2026-07-15,2026,Q3,Q3 2026,7,July,Jul,2026-07,202607,15,Wednesday,Wed,3,0,1
2026-07-16,2026,Q3,Q3 2026,7,July,Jul,2026-07,202607,16,Thursday,Thu,4,0,1
2026-07-17,2026,Q3,Q3 2026,7,July,Jul,2026-07,202607,17,Friday,Fri,5,0,1
2026-07-18,2026,Q3,Q3 2026,7,July,Jul,2026-07,202607,18,Saturday,Sat,6,1,0
2026-07-19,2026,Q3,Q3 2026,7,July,Jul,2026-07,202607,19,Sunday,Sun,7,1,0
2026-07-20,2026,Q3,Q3 2026,7,July,Jul,2026-07,202607,20,Monday,Mon,1,0,1
2026-07-21,2026,Q3,Q3 2026,7,July,Jul,2026-07,202607,21,Tuesday,Tue,2,0,1
2026-07-22,2026,Q3,Q3 2026,7,July,Jul,2026-07,202607,22,Wednesday,Wed,3,0,1
2026-07-23,2026,Q3,Q3 2026,7,July,Jul,2026-07,202607,23,Thursday,Thu,4,0,1
2026-07-24,2026,Q3,Q3 2026,7,July,Jul,2026-07,202607,24,Friday,Fri,5,0,1
2026-07-25,2026,Q3,Q3 2026,7,July,Jul,2026-07,202607,25,Saturday,Sat,6,1,0
2026-07-26,2026,Q3,Q3 2026,7,July,Jul,2026-07,202607,26,Sunday,Sun,7,1,0
2026-07-27,2026,Q3,Q3 2026,7,July,Jul,2026-07,202607,27,Monday,Mon,1,0,1
2026-07-28,2026,Q3,Q3 2026,7,July,Jul,2026-07,202607,28,Tuesday,Tue,2,0,1
2026-07-29,2026,Q3,Q3 2026,7,July,Jul,2026-07,202607,29,Wednesday,Wed,3,0,1
2026-07-30,2026,Q3,Q3 2026,7,July,Jul,2026-07,202607,30,Thursday,Thu,4,0,1
2026-07-31,2026,Q3,Q3 2026,7,July,Jul,2026-07,202607,31,Friday,Fri,5,0,1
2026-08-01,2026,Q3,Q3 2026,8,August,Aug,2026-08,202608,1,Saturday,Sat,6,1,0
2026-08-02,2026,Q3,Q3 2026,8,August,Aug,2026-08,202608,2,Sunday,Sun,7,1,0
2026-08-03,2026,Q3,Q3 2026,8,August,Aug,2026-08,202608,3,Monday,Mon,1,0,1
2026-08-04,2026,Q3,Q3 2026,8,August,Aug,2026-08,202608,4,Tuesday,Tue,2,0,1
2026-08-05,2026,Q3,Q3 2026,8,August,Aug,2026-08,202608,5,Wednesday,Wed,3,0,1
2026-08-06,2026,Q3,Q3 2026,8,August,Aug,2026-08,202608,6,Thursday,Thu,4,0,1
2026-08-07,2026,Q3,Q3 2026,8,August,Aug,2026-08,202608,7,Friday,Fri,5,0,1
2026-08-08,2026,Q3,Q3 2026,8,August,Aug,2026-08,202608,8,Saturday,Sat,6,1,0
2026-08-09,2026,Q3,Q3 2026,8,August,Aug,2026-08,202608,9,Sunday,Sun,7,1,0
2026-08-10,2026,Q3,Q3 2026,8,August,Aug,2026-08,202608,10,Monday,Mon,1,0,1
2026-08-11,2026,Q3,Q3 2026,8,August,Aug,2026-08,202608,11,Tuesday,Tue,2,0,1
2026-08-12,2026,Q3,Q3 2026,8,August,Aug,2026-08,202608,12,Wednesday,Wed,3,0,1
2026-08-13,2026,Q3,Q3 2026,8,August,Aug,2026-08,202608,13,Thursday,Thu,4,0,1
2026-08-14,2026,Q3,Q3 2026,8,August,Aug,2026-08,202608,14,Friday,Fri,5,0,1
2026-08-15,2026,Q3,Q3 2026,8,August,Aug,2026-08,202608,15,Saturday,Sat,6,1,0
2026-08-16,2026,Q3,Q3 2026,8,August,Aug,2026-08,202608,16,Sunday,Sun,7,1,0
2026-08-17,2026,Q3,Q3 2026,8,August,Aug,2026-08,202608,17,Monday,Mon,1,0,1
2026-08-18,2026,Q3,Q3 2026,8,August,Aug,2026-08,202608,18,Tuesday,Tue,2,0,1
2026-08-19,2026,Q3,Q3 2026,8,August,Aug,2026-08,202608,19,Wednesday,Wed,3,0,1
2026-08-20,2026,Q3,Q3 2026,8,August,Aug,2026-08,202608,20,Thursday,Thu,4,0,1
2026-08-21,2026,Q3,Q3 2026,8,August,Aug,2026-08,202608,21,Friday,Fri,5,0,1
2026-08-22,2026,Q3,Q3 2026,8,August,Aug,2026-08,202608,22,Saturday,Sat,6,1,0
2026-08-23,2026,Q3,Q3 2026,8,August,Aug,2026-08,202608,23,Sunday,Sun,7,1,0
2026-08-24,2026,Q3,Q3 2026,8,August,Aug,2026-08,202608,24,Monday,Mon,1,0,1
2026-08-25,2026,Q3,Q3 2026,8,August,Aug,2026-08,202608,25,Tuesday,Tue,2,0,1
2026-08-26,2026,Q3,Q3 2026,8,August,Aug,2026-08,202608,26,Wednesday,Wed,3,0,1
2026-08-27,2026,Q3,Q3 2026,8,August,Aug,2026-08,202608,27,Thursday,Thu,4,0,1
2026-08-28,2026,Q3,Q3 2026,8,August,Aug,2026-08,202608,28,Friday,Fri,5,0,1
2026-08-29,2026,Q3,Q3 2026,8,August,Aug,2026-08,202608,29,Saturday,Sat,6,1,0
2026-08-30,2026,Q3,Q3 2026,8,August,Aug,2026-08,202608,30,Sunday,Sun,7,1,0
2026-08-31,2026,Q3,Q3 2026,8,August,Aug,2026-08,202608,31,Monday,Mon,1,0,1
2026-09-01,2026,Q3,Q3 2026,9,September,Sep,2026-09,202609,1,Tuesday,Tue,2,0,1
2026-09-02,2026,Q3,Q3 2026,9,September,Sep,2026-09,202609,2,Wednesday,Wed,3,0,1
2026-09-03,2026,Q3,Q3 2026,9,September,Sep,2026-09,202609,3,Thursday,Thu,4,0,1
2026-09-04,2026,Q3,Q3 2026,9,September,Sep,2026-09,202609,4,Friday,Fri,5,0,1
2026-09-05,2026,Q3,Q3 2026,9,September,Sep,2026-09,202609,5,Saturday,Sat,6,1,0
2026-09-06,2026,Q3,Q3 2026,9,September,Sep,2026-09,202609,6,Sunday,Sun,7,1,0
2026-09-07,2026,Q3,Q3 2026,9,September,Sep,2026-09,202609,7,Monday,Mon,1,0,1
2026-09-08,2026,Q3,Q3 2026,9,September,Sep,2026-09,202609,8,Tuesday,Tue,2,0,1
2026-09-09,2026,Q3,Q3 2026,9,September,Sep,2026-09,202609,9,Wednesday,Wed,3,0,1
2026-09-10,2026,Q3,Q3 2026,9,September,Sep,2026-09,202609,10,Thursday,Thu,4,0,1
2026-09-11,2026,Q3,Q3 2026,9,September,Sep,2026-09,202609,11,Friday,Fri,5,0,1
2026-09-12,2026,Q3,Q3 2026,9,September,Sep,2026-09,202609,12,Saturday,Sat,6,1,0
2026-09-13,2026,Q3,Q3 2026,9,September,Sep,2026-09,202609,13,Sunday,Sun,7,1,0
2026-09-14,2026,Q3,Q3 2026,9,September,Sep,2026-09,202609,14,Monday,Mon,1,0,0
2026-09-15,2026,Q3,Q3 2026,9,September,Sep,2026-09,202609,15,Tuesday,Tue,2,0,0
2026-09-16,2026,Q3,Q3 2026,9,September,Sep,2026-09,202609,16,Wednesday,Wed,3,0,0
2026-09-17,2026,Q3,Q3 2026,9,September,Sep,2026-09,202609,17,Thursday,Thu,4,0,0
2026-09-18,2026,Q3,Q3 2026,9,September,Sep,2026-09,202609,18,Friday,Fri,5,0,0
2026-09-19,2026,Q3,Q3 2026,9,September,Sep,2026-09,202609,19,Saturday,Sat,6,1,0
2026-09-20,2026,Q3,Q3 2026,9,September,Sep,2026-09,202609,20,Sunday,Sun,7,1,0
2026-09-21,2026,Q3,Q3 2026,9,September,Sep,2026-09,202609,21,Monday,Mon,1,0,0
2026-09-22,2026,Q3,Q3 2026,9,September,Sep,2026-09,202609,22,Tuesday,Tue,2,0,0
2026-09-23,2026,Q3,Q3 2026,9,September,Sep,2026-09,202609,23,Wednesday,Wed,3,0,0
2026-09-24,2026,Q3,Q3 2026,9,September,Sep,2026-09,202609,24,Thursday,Thu,4,0,0
2026-09-25,2026,Q3,Q3 2026,9,September,Sep,2026-09,202609,25,Friday,Fri,5,0,0
2026-09-26,2026,Q3,Q3 2026,9,September,Sep,2026-09,202609,26,Saturday,Sat,6,1,0
2026-09-27,2026,Q3,Q3 2026,9,September,Sep,2026-09,202609,27,Sunday,Sun,7,1,0
2026-09-28,2026,Q3,Q3 2026,9,September,Sep,2026-09,202609,28,Monday,Mon,1,0,0
2026-09-29,2026,Q3,Q3 2026,9,September,Sep,2026-09,202609,29,Tuesday,Tue,2,0,0
2026-09-30,2026,Q3,Q3 2026,9,September,Sep,2026-09,202609,30,Wednesday,Wed,3,0,0
2026-10-01,2026,Q4,Q4 2026,10,October,Oct,2026-10,202610,1,Thursday,Thu,4,0,0
2026-10-02,2026,Q4,Q4 2026,10,October,Oct,2026-10,202610,2,Friday,Fri,5,0,0
2026-10-03,2026,Q4,Q4 2026,10,October,Oct,2026-10,202610,3,Saturday,Sat,6,1,0
2026-10-04,2026,Q4,Q4 2026,10,October,Oct,2026-10,202610,4,Sunday,Sun,7,1,0
2026-10-05,2026,Q4,Q4 2026,10,October,Oct,2026-10,202610,5,Monday,Mon,1,0,0
2026-10-06,2026,Q4,Q4 2026,10,October,Oct,2026-10,202610,6,Tuesday,Tue,2,0,0
2026-10-07,2026,Q4,Q4 2026,10,October,Oct,2026-10,202610,7,Wednesday,Wed,3,0,0
2026-10-08,2026,Q4,Q4 2026,10,October,Oct,2026-10,202610,8,Thursday,Thu,4,0,0
2026-10-09,2026,Q4,Q4 2026,10,October,Oct,2026-10,202610,9,Friday,Fri,5,0,0
2026-10-10,2026,Q4,Q4 2026,10,October,Oct,2026-10,202610,10,Saturday,Sat,6,1,0
2026-10-11,2026,Q4,Q4 2026,10,October,Oct,2026-10,202610,11,Sunday,Sun,7,1,0
2026-10-12,2026,Q4,Q4 2026,10,October,Oct,2026-10,202610,12,Monday,Mon,1,0,0
2026-10-13,2026,Q4,Q4 2026,10,October,Oct,2026-10,202610,13,Tuesday,Tue,2,0,0
2026-10-14,2026,Q4,Q4 2026,10,October,Oct,2026-10,202610,14,Wednesday,Wed,3,0,0
2026-10-15,2026,Q4,Q4 2026,10,October,Oct,2026-10,202610,15,Thursday,Thu,4,0,0
2026-10-16,2026,Q4,Q4 2026,10,October,Oct,2026-10,202610,16,Friday,Fri,5,0,0
2026-10-17,2026,Q4,Q4 2026,10,October,Oct,2026-10,202610,17,Saturday,Sat,6,1,0
2026-10-18,2026,Q4,Q4 2026,10,October,Oct,2026-10,202610,18,Sunday,Sun,7,1,0
2026-10-19,2026,Q4,Q4 2026,10,October,Oct,2026-10,202610,19,Monday,Mon,1,0,0
2026-10-20,2026,Q4,Q4 2026,10,October,Oct,2026-10,202610,20,Tuesday,Tue,2,0,0
2026-10-21,2026,Q4,Q4 2026,10,October,Oct,2026-10,202610,21,Wednesday,Wed,3,0,0
2026-10-22,2026,Q4,Q4 2026,10,October,Oct,2026-10,202610,22,Thursday,Thu,4,0,0
2026-10-23,2026,Q4,Q4 2026,10,October,Oct,2026-10,202610,23,Friday,Fri,5,0,0
2026-10-24,2026,Q4,Q4 2026,10,October,Oct,2026-10,202610,24,Saturday,Sat,6,1,0
2026-10-25,2026,Q4,Q4 2026,10,October,Oct,2026-10,202610,25,Sunday,Sun,7,1,0
2026-10-26,2026,Q4,Q4 2026,10,October,Oct,2026-10,202610,26,Monday,Mon,1,0,0
2026-10-27,2026,Q4,Q4 2026,10,October,Oct,2026-10,202610,27,Tuesday,Tue,2,0,0
2026-10-28,2026,Q4,Q4 2026,10,October,Oct,2026-10,202610,28,Wednesday,Wed,3,0,0
2026-10-29,2026,Q4,Q4 2026,10,October,Oct,2026-10,202610,29,Thursday,Thu,4,0,0
2026-10-30,2026,Q4,Q4 2026,10,October,Oct,2026-10,202610,30,Friday,Fri,5,0,0
2026-10-31,2026,Q4,Q4 2026,10,October,Oct,2026-10,202610,31,Saturday,Sat,6,1,0
2026-11-01,2026,Q4,Q4 2026,11,November,Nov,2026-11,202611,1,Sunday,Sun,7,1,0
2026-11-02,2026,Q4,Q4 2026,11,November,Nov,2026-11,202611,2,Monday,Mon,1,0,0
2026-11-03,2026,Q4,Q4 2026,11,November,Nov,2026-11,202611,3,Tuesday,Tue,2,0,0
2026-11-04,2026,Q4,Q4 2026,11,November,Nov,2026-11,202611,4,Wednesday,Wed,3,0,0
2026-11-05,2026,Q4,Q4 2026,11,November,Nov,2026-11,202611,5,Thursday,Thu,4,0,0
2026-11-06,2026,Q4,Q4 2026,11,November,Nov,2026-11,202611,6,Friday,Fri,5,0,0
2026-11-07,2026,Q4,Q4 2026,11,November,Nov,2026-11,202611,7,Saturday,Sat,6,1,0
2026-11-08,2026,Q4,Q4 2026,11,November,Nov,2026-11,202611,8,Sunday,Sun,7,1,0
2026-11-09,2026,Q4,Q4 2026,11,November,Nov,2026-11,202611,9,Monday,Mon,1,0,0
2026-11-10,2026,Q4,Q4 2026,11,November,Nov,2026-11,202611,10,Tuesday,Tue,2,0,0
2026-11-11,2026,Q4,Q4 2026,11,November,Nov,2026-11,202611,11,Wednesday,Wed,3,0,0
2026-11-12,2026,Q4,Q4 2026,11,November,Nov,2026-11,202611,12,Thursday,Thu,4,0,0
2026-11-13,2026,Q4,Q4 2026,11,November,Nov,2026-11,202611,13,Friday,Fri,5,0,0
2026-11-14,2026,Q4,Q4 2026,11,November,Nov,2026-11,202611,14,Saturday,Sat,6,1,0
2026-11-15,2026,Q4,Q4 2026,11,November,Nov,2026-11,202611,15,Sunday,Sun,7,1,0
2026-11-16,2026,Q4,Q4 2026,11,November,Nov,2026-11,202611,16,Monday,Mon,1,0,0
2026-11-17,2026,Q4,Q4 2026,11,November,Nov,2026-11,202611,17,Tuesday,Tue,2,0,0
2026-11-18,2026,Q4,Q4 2026,11,November,Nov,2026-11,202611,18,Wednesday,Wed,3,0,0
2026-11-19,2026,Q4,Q4 2026,11,November,Nov,2026-11,202611,19,Thursday,Thu,4,0,0
2026-11-20,2026,Q4,Q4 2026,11,November,Nov,2026-11,202611,20,Friday,Fri,5,0,0
2026-11-21,2026,Q4,Q4 2026,11,November,Nov,2026-11,202611,21,Saturday,Sat,6,1,0
2026-11-22,2026,Q4,Q4 2026,11,November,Nov,2026-11,202611,22,Sunday,Sun,7,1,0
2026-11-23,2026,Q4,Q4 2026,11,November,Nov,2026-11,202611,23,Monday,Mon,1,0,0
2026-11-24,2026,Q4,Q4 2026,11,November,Nov,2026-11,202611,24,Tuesday,Tue,2,0,0
2026-11-25,2026,Q4,Q4 2026,11,November,Nov,2026-11,202611,25,Wednesday,Wed,3,0,0
2026-11-26,2026,Q4,Q4 2026,11,November,Nov,2026-11,202611,26,Thursday,Thu,4,0,0
2026-11-27,2026,Q4,Q4 2026,11,November,Nov,2026-11,202611,27,Friday,Fri,5,0,0
2026-11-28,2026,Q4,Q4 2026,11,November,Nov,2026-11,202611,28,Saturday,Sat,6,1,0
2026-11-29,2026,Q4,Q4 2026,11,November,Nov,2026-11,202611,29,Sunday,Sun,7,1,0
2026-11-30,2026,Q4,Q4 2026,11,November,Nov,2026-11,202611,30,Monday,Mon,1,0,0
2026-12-01,2026,Q4,Q4 2026,12,December,Dec,2026-12,202612,1,Tuesday,Tue,2,0,0
2026-12-02,2026,Q4,Q4 2026,12,December,Dec,2026-12,202612,2,Wednesday,Wed,3,0,0
2026-12-03,2026,Q4,Q4 2026,12,December,Dec,2026-12,202612,3,Thursday,Thu,4,0,0
2026-12-04,2026,Q4,Q4 2026,12,December,Dec,2026-12,202612,4,Friday,Fri,5,0,0
2026-12-05,2026,Q4,Q4 2026,12,December,Dec,2026-12,202612,5,Saturday,Sat,6,1,0
2026-12-06,2026,Q4,Q4 2026,12,December,Dec,2026-12,202612,6,Sunday,Sun,7,1,0
2026-12-07,2026,Q4,Q4 2026,12,December,Dec,2026-12,202612,7,Monday,Mon,1,0,0
2026-12-08,2026,Q4,Q4 2026,12,December,Dec,2026-12,202612,8,Tuesday,Tue,2,0,0
2026-12-09,2026,Q4,Q4 2026,12,December,Dec,2026-12,202612,9,Wednesday,Wed,3,0,0
2026-12-10,2026,Q4,Q4 2026,12,December,Dec,2026-12,202612,10,Thursday,Thu,4,0,0
2026-12-11,2026,Q4,Q4 2026,12,December,Dec,2026-12,202612,11,Friday,Fri,5,0,0
2026-12-12,2026,Q4,Q4 2026,12,December,Dec,2026-12,202612,12,Saturday,Sat,6,1,0
2026-12-13,2026,Q4,Q4 2026,12,December,Dec,2026-12,202612,13,Sunday,Sun,7,1,0
2026-12-14,2026,Q4,Q4 2026,12,December,Dec,2026-12,202612,14,Monday,Mon,1,0,0
2026-12-15,2026,Q4,Q4 2026,12,December,Dec,2026-12,202612,15,Tuesday,Tue,2,0,0
2026-12-16,2026,Q4,Q4 2026,12,December,Dec,2026-12,202612,16,Wednesday,Wed,3,0,0
2026-12-17,2026,Q4,Q4 2026,12,December,Dec,2026-12,202612,17,Thursday,Thu,4,0,0
2026-12-18,2026,Q4,Q4 2026,12,December,Dec,2026-12,202612,18,Friday,Fri,5,0,0
2026-12-19,2026,Q4,Q4 2026,12,December,Dec,2026-12,202612,19,Saturday,Sat,6,1,0
2026-12-20,2026,Q4,Q4 2026,12,December,Dec,2026-12,202612,20,Sunday,Sun,7,1,0
2026-12-21,2026,Q4,Q4 2026,12,December,Dec,2026-12,202612,21,Monday,Mon,1,0,0
2026-12-22,2026,Q4,Q4 2026,12,December,Dec,2026-12,202612,22,Tuesday,Tue,2,0,0
2026-12-23,2026,Q4,Q4 2026,12,December,Dec,2026-12,202612,23,Wednesday,Wed,3,0,0
2026-12-24,2026,Q4,Q4 2026,12,December,Dec,2026-12,202612,24,Thursday,Thu,4,0,0
2026-12-25,2026,Q4,Q4 2026,12,December,Dec,2026-12,202612,25,Friday,Fri,5,0,0
2026-12-26,2026,Q4,Q4 2026,12,December,Dec,2026-12,202612,26,Saturday,Sat,6,1,0
2026-12-27,2026,Q4,Q4 2026,12,December,Dec,2026-12,202612,27,Sunday,Sun,7,1,0
2026-12-28,2026,Q4,Q4 2026,12,December,Dec,2026-12,202612,28,Monday,Mon,1,0,0
2026-12-29,2026,Q4,Q4 2026,12,December,Dec,2026-12,202612,29,Tuesday,Tue,2,0,0
2026-12-30,2026,Q4,Q4 2026,12,December,Dec,2026-12,202612,30,Wednesday,Wed,3,0,0
2026-12-31,2026,Q4,Q4 2026,12,December,Dec,2026-12,202612,31,Thursday,Thu,4,0,0
