Date,Ticker,Company_Name,Category,Open,High,Low,Close,Adj_Close,Volume
2010-01-04,M&M.NS,Mahindra & Mahindra,Auto & Turnaround Giant,271.375,284.5,271.375,282.4624938964844,234.5592498779297,3739348
2010-01-05,M&M.NS,Mahindra & Mahindra,Auto & Turnaround Giant,283.75,294.0,280.25,287.6625061035156,238.87744140625,5197364
2010-01-06,M&M.NS,Mahindra & Mahindra,Auto & Turnaround Giant,289.92498779296875,296.7250061035156,288.07501220703125,294.5625,244.607177734375,6827232
2010-01-07,M&M.NS,Mahindra & Mahindra,Auto & Turnaround Giant,295.75,296.11248779296875,285.2875061035156,288.95001220703125,239.94659423828125,3304396
2010-01-08,M&M.NS,Mahindra & Mahindra,Auto & Turnaround Giant,291.25,291.5,286.63751220703125,288.9750061035156,239.9673614501953,2527272
2010-01-11,M&M.NS,Mahindra & Mahindra,Auto & Turnaround Giant,290.5,294.0,287.5,289.79998779296875,240.65237426757812,3167868
2010-01-12,M&M.NS,Mahindra & Mahindra,Auto & Turnaround Giant,285.63751220703125,299.75,285.63751220703125,298.04998779296875,247.50323486328125,4942468
2010-01-13,M&M.NS,Mahindra & Mahindra,Auto & Turnaround Giant,295.5249938964844,297.5,283.6499938964844,288.3999938964844,239.48983764648438,4584900
2010-01-14,M&M.NS,Mahindra & Mahindra,Auto & Turnaround Giant,290.0,295.5,287.7749938964844,292.9125061035156,243.23707580566406,4109484
2010-01-15,M&M.NS,Mahindra & Mahindra,Auto & Turnaround Giant,293.88751220703125,295.5249938964844,287.51251220703125,289.29998779296875,240.23721313476562,3066960
2010-01-18,M&M.NS,Mahindra & Mahindra,Auto & Turnaround Giant,288.75,297.7250061035156,287.5375061035156,295.9125061035156,245.72828674316406,3562064
2010-01-19,M&M.NS,Mahindra & Mahindra,Auto & Turnaround Giant,294.75,296.2250061035156,287.67498779296875,289.8999938964844,240.73544311523438,2497004
2010-01-20,M&M.NS,Mahindra & Mahindra,Auto & Turnaround Giant,291.25,293.7250061035156,285.0625,286.36248779296875,237.7979278564453,3390516
2010-01-21,M&M.NS,Mahindra & Mahindra,Auto & Turnaround Giant,285.75,293.0,284.75,286.2124938964844,237.67333984375,4982164
2010-01-22,M&M.NS,Mahindra & Mahindra,Auto & Turnaround Giant,281.75,285.95001220703125,274.75,283.2749938964844,235.2339630126953,3873740
2010-01-25,M&M.NS,Mahindra & Mahindra,Auto & Turnaround Giant,285.0,288.13751220703125,264.0249938964844,267.8125,222.39381408691406,10824500
2010-01-27,M&M.NS,Mahindra & Mahindra,Auto & Turnaround Giant,266.20001220703125,268.5,248.75,252.72500610351562,209.86500549316406,11011728
2010-01-28,M&M.NS,Mahindra & Mahindra,Auto & Turnaround Giant,255.0,261.67498779296875,254.1875,255.5749969482422,212.231689453125,4491372
2010-01-29,M&M.NS,Mahindra & Mahindra,Auto & Turnaround Giant,255.0,258.0,246.9375,254.3874969482422,211.2455596923828,3918172
2010-02-01,M&M.NS,Mahindra & Mahindra,Auto & Turnaround Giant,255.3000030517578,263.8500061035156,251.85000610351562,261.7875061035156,217.39060974121094,3360188
2010-02-02,M&M.NS,Mahindra & Mahindra,Auto & Turnaround Giant,263.75,266.375,253.75,254.9499969482422,211.7126922607422,2531300
2010-02-03,M&M.NS,Mahindra & Mahindra,Auto & Turnaround Giant,256.25,264.4125061035156,256.04998779296875,263.54998779296875,218.85414123535156,2630556
2010-02-04,M&M.NS,Mahindra & Mahindra,Auto & Turnaround Giant,263.17498779296875,263.3500061035156,251.5,254.25,211.13140869140625,3005292
2010-02-05,M&M.NS,Mahindra & Mahindra,Auto & Turnaround Giant,249.75,251.25,241.47500610351562,244.0625,202.6715850830078,3751776
2010-02-08,M&M.NS,Mahindra & Mahindra,Auto & Turnaround Giant,248.75,252.5,241.8000030517578,249.9499969482422,207.56060791015625,3964924
2010-02-09,M&M.NS,Mahindra & Mahindra,Auto & Turnaround Giant,245.3249969482422,253.58749389648438,245.3249969482422,247.8000030517578,205.77525329589844,2370192
2010-02-10,M&M.NS,Mahindra & Mahindra,Auto & Turnaround Giant,250.75,251.25,237.5,239.58749389648438,198.95550537109375,4258584
2010-02-11,M&M.NS,Mahindra & Mahindra,Auto & Turnaround Giant,242.47500610351562,249.0,240.75,246.6999969482422,204.86180114746094,2966324
2010-02-15,M&M.NS,Mahindra & Mahindra,Auto & Turnaround Giant,250.0,252.4375,247.5,248.91250610351562,206.69908142089844,3113388
2010-02-16,M&M.NS,Mahindra & Mahindra,Auto & Turnaround Giant,249.0749969482422,255.75,247.625,253.8874969482422,210.83038330078125,1299928
2010-02-17,M&M.NS,Mahindra & Mahindra,Auto & Turnaround Giant,256.5,260.2124938964844,255.5,257.26251220703125,213.6330108642578,2328552
2010-02-18,M&M.NS,Mahindra & Mahindra,Auto & Turnaround Giant,258.70001220703125,258.70001220703125,250.27499389648438,253.3000030517578,210.342529296875,1857412
2010-02-19,M&M.NS,Mahindra & Mahindra,Auto & Turnaround Giant,250.25,254.25,248.28750610351562,250.4250030517578,207.95506286621094,2149848
2010-02-22,M&M.NS,Mahindra & Mahindra,Auto & Turnaround Giant,252.5,256.2250061035156,246.52499389648438,248.10000610351562,206.0244140625,2741260
2010-02-23,M&M.NS,Mahindra & Mahindra,Auto & Turnaround Giant,247.25,248.5124969482422,243.0,245.14999389648438,203.57467651367188,3033172
2010-02-24,M&M.NS,Mahindra & Mahindra,Auto & Turnaround Giant,243.75,244.72500610351562,237.75,239.3249969482422,198.73753356933594,3799488
2010-02-25,M&M.NS,Mahindra & Mahindra,Auto & Turnaround Giant,238.3000030517578,243.1999969482422,238.125,239.27499389648438,198.69602966308594,3644784
2010-02-26,M&M.NS,Mahindra & Mahindra,Auto & Turnaround Giant,241.25,257.9624938964844,239.33749389648438,251.9375,209.21109008789062,8142060
2010-03-02,M&M.NS,Mahindra & Mahindra,Auto & Turnaround Giant,254.5,266.625,254.5,264.25,219.4354705810547,6109472
2010-03-03,M&M.NS,Mahindra & Mahindra,Auto & Turnaround Giant,265.5,270.4125061035156,261.6875,269.1000061035156,223.46298217773438,3781732
2010-03-04,M&M.NS,Mahindra & Mahindra,Auto & Turnaround Giant,268.5,271.1499938964844,264.2749938964844,269.375,223.6913299560547,2624304
2010-03-05,M&M.NS,Mahindra & Mahindra,Auto & Turnaround Giant,269.25,272.45001220703125,267.0,269.1625061035156,223.5148468017578,2153996
2010-03-08,M&M.NS,Mahindra & Mahindra,Auto & Turnaround Giant,271.25,283.0,271.25,280.5249938964844,232.95034790039062,7297960
2010-03-09,M&M.NS,Mahindra & Mahindra,Auto & Turnaround Giant,280.5,285.125,277.2749938964844,282.3999938964844,234.5074005126953,5358980
2010-03-10,M&M.NS,Mahindra & Mahindra,Auto & Turnaround Giant,280.0,284.9125061035156,280.0,283.1499938964844,235.13021850585938,3402064
2010-03-11,M&M.NS,Mahindra & Mahindra,Auto & Turnaround Giant,278.07501220703125,283.4750061035156,278.07501220703125,281.26251220703125,233.5627899169922,5573876
2010-03-12,M&M.NS,Mahindra & Mahindra,Auto & Turnaround Giant,281.25,288.73748779296875,281.25,285.2124938964844,236.84295654296875,4017164
2010-03-15,M&M.NS,Mahindra & Mahindra,Auto & Turnaround Giant,285.0,285.0,275.2749938964844,276.25,229.40040588378906,2656692
2010-03-16,M&M.NS,Mahindra & Mahindra,Auto & Turnaround Giant,276.0,285.0,273.5,283.5625,235.4727020263672,2447432
2010-03-17,M&M.NS,Mahindra & Mahindra,Auto & Turnaround Giant,281.25,287.25,267.82501220703125,280.82501220703125,233.1995086669922,2328192
2010-03-18,M&M.NS,Mahindra & Mahindra,Auto & Turnaround Giant,280.875,280.875,269.0625,272.01251220703125,225.88156127929688,5245816
2010-03-19,M&M.NS,Mahindra & Mahindra,Auto & Turnaround Giant,268.7749938964844,274.75,267.1000061035156,268.36248779296875,222.85055541992188,4432196
2010-03-22,M&M.NS,Mahindra & Mahindra,Auto & Turnaround Giant,266.25,267.25,260.75,262.13751220703125,217.68125915527344,3922832
2010-03-23,M&M.NS,Mahindra & Mahindra,Auto & Turnaround Giant,263.75,264.75,257.75,262.23748779296875,217.7642822265625,3139500
2010-03-25,M&M.NS,Mahindra & Mahindra,Auto & Turnaround Giant,262.3999938964844,267.0,259.57501220703125,264.2250061035156,219.4147186279297,6435736
2010-03-26,M&M.NS,Mahindra & Mahindra,Auto & Turnaround Giant,267.0,272.2250061035156,265.0,270.2250061035156,224.3971405029297,3605436
2010-03-29,M&M.NS,Mahindra & Mahindra,Auto & Turnaround Giant,273.1000061035156,282.5,257.5,276.79998779296875,229.8570556640625,3289808
2010-03-30,M&M.NS,Mahindra & Mahindra,Auto & Turnaround Giant,279.0,285.0,272.5,274.82501220703125,228.21705627441406,2499226
2010-03-31,M&M.NS,Mahindra & Mahindra,Auto & Turnaround Giant,278.45001220703125,279.5,266.625,270.67498779296875,224.7708282470703,4349328
2010-04-01,M&M.NS,Mahindra & Mahindra,Auto & Turnaround Giant,276.0,277.95001220703125,264.2749938964844,267.125,221.82284545898438,5670058
2010-04-05,M&M.NS,Mahindra & Mahindra,Auto & Turnaround Giant,268.5,274.95001220703125,266.8500061035156,274.3999938964844,227.86407470703125,2741756
2010-04-06,M&M.NS,Mahindra & Mahindra,Auto & Turnaround Giant,275.5249938964844,276.95001220703125,266.29998779296875,266.75,221.51145935058594,3461256
2010-04-07,M&M.NS,Mahindra & Mahindra,Auto & Turnaround Giant,269.1000061035156,270.625,262.20001220703125,264.95001220703125,220.0167999267578,3736486
2010-04-08,M&M.NS,Mahindra & Mahindra,Auto & Turnaround Giant,268.0,271.8500061035156,260.29998779296875,262.0,217.56703186035156,4282900
2010-04-09,M&M.NS,Mahindra & Mahindra,Auto & Turnaround Giant,263.5,266.25,260.8999938964844,264.4750061035156,219.62234497070312,3040418
2010-04-12,M&M.NS,Mahindra & Mahindra,Auto & Turnaround Giant,238.1750030517578,265.82501220703125,238.1750030517578,258.95001220703125,215.03433227539062,2716380
2010-04-13,M&M.NS,Mahindra & Mahindra,Auto & Turnaround Giant,260.0,262.45001220703125,252.5500030517578,254.14999389648438,211.04835510253906,5941176
2010-04-15,M&M.NS,Mahindra & Mahindra,Auto & Turnaround Giant,259.0,262.0,254.0,255.39999389648438,212.08631896972656,5727760
2010-04-16,M&M.NS,Mahindra & Mahindra,Auto & Turnaround Giant,255.5,256.875,250.0,251.4250030517578,208.78549194335938,4684012
2010-04-19,M&M.NS,Mahindra & Mahindra,Auto & Turnaround Giant,247.5,254.72500610351562,245.25,251.8000030517578,209.09690856933594,3964724
2010-04-20,M&M.NS,Mahindra & Mahindra,Auto & Turnaround Giant,256.0,259.6000061035156,251.75,255.4250030517578,212.1071319580078,4393500
2010-04-21,M&M.NS,Mahindra & Mahindra,Auto & Turnaround Giant,258.0,258.0,253.5,254.125,211.02761840820312,2358306
2010-04-22,M&M.NS,Mahindra & Mahindra,Auto & Turnaround Giant,254.5,259.5,250.5500030517578,254.1999969482422,211.08987426757812,5861678
2010-04-23,M&M.NS,Mahindra & Mahindra,Auto & Turnaround Giant,255.0,261.625,252.0,260.54998779296875,216.36294555664062,6228608
2010-04-26,M&M.NS,Mahindra & Mahindra,Auto & Turnaround Giant,262.5,266.25,262.0,264.67498779296875,219.78842163085938,4647798
2010-04-27,M&M.NS,Mahindra & Mahindra,Auto & Turnaround Giant,265.0,270.3500061035156,265.0,268.375,222.86093139648438,5384902
2010-04-28,M&M.NS,Mahindra & Mahindra,Auto & Turnaround Giant,263.0,268.375,260.0,262.45001220703125,217.94076538085938,3507390
2010-04-29,M&M.NS,Mahindra & Mahindra,Auto & Turnaround Giant,264.5,266.95001220703125,258.07501220703125,261.75,217.35943603515625,4087402
2010-04-30,M&M.NS,Mahindra & Mahindra,Auto & Turnaround Giant,262.54998779296875,265.92498779296875,259.75,263.07501220703125,218.459716796875,5085548
2010-05-03,M&M.NS,Mahindra & Mahindra,Auto & Turnaround Giant,262.5,267.82501220703125,260.54998779296875,262.625,218.08602905273438,2645630
2010-05-04,M&M.NS,Mahindra & Mahindra,Auto & Turnaround Giant,265.0,267.9750061035156,256.0,258.92498779296875,215.01353454589844,4344102
2010-05-05,M&M.NS,Mahindra & Mahindra,Auto & Turnaround Giant,255.0500030517578,264.0,251.3000030517578,259.20001220703125,215.24192810058594,4318424
2010-05-06,M&M.NS,Mahindra & Mahindra,Auto & Turnaround Giant,259.0,260.6499938964844,253.72500610351562,258.8999938964844,214.99278259277344,3504234
2010-05-07,M&M.NS,Mahindra & Mahindra,Auto & Turnaround Giant,255.0,264.3500061035156,252.6999969482422,262.0,217.56703186035156,3518742
2010-05-10,M&M.NS,Mahindra & Mahindra,Auto & Turnaround Giant,267.25,277.5,264.0249938964844,276.82501220703125,229.87789916992188,5213278
2010-05-11,M&M.NS,Mahindra & Mahindra,Auto & Turnaround Giant,278.5,283.8500061035156,275.5,281.8500061035156,234.05067443847656,7827086
2010-05-12,M&M.NS,Mahindra & Mahindra,Auto & Turnaround Giant,281.25,283.0,268.0,274.0249938964844,227.55274963378906,4138028
2010-05-13,M&M.NS,Mahindra & Mahindra,Auto & Turnaround Giant,276.95001220703125,287.45001220703125,276.04998779296875,283.3500061035156,235.29629516601562,4696740
2010-05-14,M&M.NS,Mahindra & Mahindra,Auto & Turnaround Giant,281.45001220703125,283.32501220703125,277.17498779296875,279.8999938964844,232.43141174316406,3763568
2010-05-17,M&M.NS,Mahindra & Mahindra,Auto & Turnaround Giant,276.0,280.45001220703125,271.1000061035156,277.70001220703125,230.60446166992188,2616144
2010-05-18,M&M.NS,Mahindra & Mahindra,Auto & Turnaround Giant,278.0249938964844,284.25,273.70001220703125,280.2250061035156,232.70123291015625,2668758
2010-05-19,M&M.NS,Mahindra & Mahindra,Auto & Turnaround Giant,277.5,279.4750061035156,257.29998779296875,262.70001220703125,218.14833068847656,5216126
2010-05-20,M&M.NS,Mahindra & Mahindra,Auto & Turnaround Giant,266.0,270.6000061035156,258.6000061035156,260.8500061035156,216.61209106445312,2376514
2010-05-21,M&M.NS,Mahindra & Mahindra,Auto & Turnaround Giant,255.0,270.95001220703125,252.60000610351562,269.17498779296875,223.52520751953125,3328598
2010-05-24,M&M.NS,Mahindra & Mahindra,Auto & Turnaround Giant,287.5,287.5,262.0249938964844,264.6000061035156,219.72608947753906,2522056
2010-05-25,M&M.NS,Mahindra & Mahindra,Auto & Turnaround Giant,260.54998779296875,269.25,253.625,257.9750061035156,214.2246551513672,3382896
2010-05-26,M&M.NS,Mahindra & Mahindra,Auto & Turnaround Giant,265.0,268.3500061035156,255.875,258.67498779296875,214.80592346191406,4813004
2010-05-27,M&M.NS,Mahindra & Mahindra,Auto & Turnaround Giant,260.0249938964844,270.75,257.0,264.2250061035156,219.4147186279297,4841974
2010-05-28,M&M.NS,Mahindra & Mahindra,Auto & Turnaround Giant,267.8999938964844,274.875,267.5,272.9750061035156,226.68080139160156,2678902
2010-05-31,M&M.NS,Mahindra & Mahindra,Auto & Turnaround Giant,277.5,289.04998779296875,276.5,286.3500061035156,237.78753662109375,4970220
2010-06-01,M&M.NS,Mahindra & Mahindra,Auto & Turnaround Giant,286.0,292.0,279.04998779296875,282.125,234.27902221679688,5718168
2010-06-02,M&M.NS,Mahindra & Mahindra,Auto & Turnaround Giant,283.70001220703125,289.3999938964844,282.0,287.2749938964844,238.55563354492188,4822088
2010-06-03,M&M.NS,Mahindra & Mahindra,Auto & Turnaround Giant,292.5,294.5,288.32501220703125,291.4750061035156,242.04335021972656,3806716
2010-06-04,M&M.NS,Mahindra & Mahindra,Auto & Turnaround Giant,293.5,293.75,286.07501220703125,292.6000061035156,242.97760009765625,3537110
2010-06-07,M&M.NS,Mahindra & Mahindra,Auto & Turnaround Giant,286.4750061035156,293.45001220703125,280.5,290.125,240.92222595214844,3295406
2010-06-08,M&M.NS,Mahindra & Mahindra,Auto & Turnaround Giant,290.0,293.0,284.875,285.375,236.97784423828125,2473282
2010-06-09,M&M.NS,Mahindra & Mahindra,Auto & Turnaround Giant,287.3999938964844,292.0,285.3999938964844,289.17498779296875,240.13343811035156,2263042
2010-06-10,M&M.NS,Mahindra & Mahindra,Auto & Turnaround Giant,290.0,299.95001220703125,289.0,296.375,246.11233520507812,2620950
2010-06-11,M&M.NS,Mahindra & Mahindra,Auto & Turnaround Giant,299.9750061035156,308.25,299.9750061035156,303.3500061035156,251.90444946289062,5418614
2010-06-14,M&M.NS,Mahindra & Mahindra,Auto & Turnaround Giant,303.0,309.25,301.125,307.8500061035156,255.64129638671875,3005094
2010-06-15,M&M.NS,Mahindra & Mahindra,Auto & Turnaround Giant,309.0,309.0,302.5,304.07501220703125,252.5064697265625,2226442
2010-06-16,M&M.NS,Mahindra & Mahindra,Auto & Turnaround Giant,305.5,317.9750061035156,305.25,314.6499938964844,261.2880554199219,6623234
2010-06-17,M&M.NS,Mahindra & Mahindra,Auto & Turnaround Giant,312.5,320.6000061035156,312.5,317.3500061035156,263.5301818847656,6815058
2010-06-18,M&M.NS,Mahindra & Mahindra,Auto & Turnaround Giant,316.75,321.5,307.5,309.6000061035156,257.094482421875,5478530
2010-06-21,M&M.NS,Mahindra & Mahindra,Auto & Turnaround Giant,313.5,320.0,312.5,318.4750061035156,264.4643249511719,2801608
2010-06-22,M&M.NS,Mahindra & Mahindra,Auto & Turnaround Giant,318.5,322.5,314.20001220703125,316.57501220703125,262.8866271972656,3188464
2010-06-23,M&M.NS,Mahindra & Mahindra,Auto & Turnaround Giant,315.0,318.45001220703125,313.54998779296875,315.45001220703125,261.9524230957031,2551704
2010-06-24,M&M.NS,Mahindra & Mahindra,Auto & Turnaround Giant,316.0,318.8999938964844,310.04998779296875,316.0249938964844,262.429931640625,3510454
2010-06-25,M&M.NS,Mahindra & Mahindra,Auto & Turnaround Giant,310.0,317.75,301.54998779296875,306.67498779296875,254.66549682617188,2249686
2010-06-28,M&M.NS,Mahindra & Mahindra,Auto & Turnaround Giant,305.0,313.5,304.0,311.42498779296875,258.6099548339844,2442170
2010-06-29,M&M.NS,Mahindra & Mahindra,Auto & Turnaround Giant,311.0,312.75,304.5,306.95001220703125,254.89393615722656,1652116
2010-06-30,M&M.NS,Mahindra & Mahindra,Auto & Turnaround Giant,304.5,316.4750061035156,304.5,313.67498779296875,260.4783935546875,3473310
2010-07-01,M&M.NS,Mahindra & Mahindra,Auto & Turnaround Giant,312.5,315.04998779296875,306.5,307.57501220703125,255.4129180908203,2102312
2010-07-02,M&M.NS,Mahindra & Mahindra,Auto & Turnaround Giant,309.45001220703125,310.70001220703125,300.5,301.17498779296875,250.09829711914062,3142034
2010-07-05,M&M.NS,Mahindra & Mahindra,Auto & Turnaround Giant,301.0,307.0,299.29998779296875,305.04998779296875,253.316162109375,1504652
2010-07-06,M&M.NS,Mahindra & Mahindra,Auto & Turnaround Giant,305.125,314.625,305.125,313.5249938964844,260.3538513183594,2641624
2010-07-07,M&M.NS,Mahindra & Mahindra,Auto & Turnaround Giant,314.9750061035156,315.0,309.5,310.82501220703125,258.1117248535156,2404716
2010-07-08,M&M.NS,Mahindra & Mahindra,Auto & Turnaround Giant,311.375,316.45001220703125,307.6000061035156,311.07501220703125,262.3282470703125,3236166
2010-07-09,M&M.NS,Mahindra & Mahindra,Auto & Turnaround Giant,312.6000061035156,320.45001220703125,312.6000061035156,319.2749938964844,269.2432861328125,2743146
2010-07-12,M&M.NS,Mahindra & Mahindra,Auto & Turnaround Giant,321.0,324.0,316.07501220703125,318.8999938964844,268.92706298828125,1742978
2010-07-13,M&M.NS,Mahindra & Mahindra,Auto & Turnaround Giant,320.0,320.95001220703125,311.20001220703125,316.04998779296875,266.523681640625,2781902
2010-07-14,M&M.NS,Mahindra & Mahindra,Auto & Turnaround Giant,314.0,320.5,307.0,308.3500061035156,260.0302734375,3296870
2010-07-15,M&M.NS,Mahindra & Mahindra,Auto & Turnaround Giant,310.0,310.3999938964844,304.6499938964844,308.125,259.8404846191406,3474800
2010-07-16,M&M.NS,Mahindra & Mahindra,Auto & Turnaround Giant,307.75,311.45001220703125,300.8999938964844,301.9750061035156,254.65423583984375,4613614
2010-07-19,M&M.NS,Mahindra & Mahindra,Auto & Turnaround Giant,302.5,306.95001220703125,297.5,303.2250061035156,255.7084197998047,3115018
2010-07-20,M&M.NS,Mahindra & Mahindra,Auto & Turnaround Giant,305.25,307.5,300.0,301.04998779296875,253.87416076660156,2266842
2010-07-21,M&M.NS,Mahindra & Mahindra,Auto & Turnaround Giant,303.0,310.4750061035156,301.75,308.375,260.0513916015625,5724102
2010-07-22,M&M.NS,Mahindra & Mahindra,Auto & Turnaround Giant,309.25,317.0,305.5,316.625,267.008544921875,3952244
2010-07-23,M&M.NS,Mahindra & Mahindra,Auto & Turnaround Giant,316.0,320.5,313.0,313.95001220703125,264.7526550292969,1972120
2010-07-26,M&M.NS,Mahindra & Mahindra,Auto & Turnaround Giant,310.0,318.9750061035156,309.25,310.25,261.6325378417969,1555444
2010-07-27,M&M.NS,Mahindra & Mahindra,Auto & Turnaround Giant,312.5,321.32501220703125,309.6000061035156,319.92498779296875,269.7913818359375,4084588
2010-07-28,M&M.NS,Mahindra & Mahindra,Auto & Turnaround Giant,320.625,329.0,319.5,324.0249938964844,273.2489013671875,6198744
2010-07-29,M&M.NS,Mahindra & Mahindra,Auto & Turnaround Giant,323.0,326.1000061035156,318.32501220703125,321.95001220703125,271.4990539550781,2166672
2010-07-30,M&M.NS,Mahindra & Mahindra,Auto & Turnaround Giant,320.5,332.45001220703125,320.0,330.75,278.9200439453125,4685954
2010-08-02,M&M.NS,Mahindra & Mahindra,Auto & Turnaround Giant,334.0249938964844,335.0,326.75,330.70001220703125,278.8779296875,2403426
2010-08-03,M&M.NS,Mahindra & Mahindra,Auto & Turnaround Giant,332.0,332.5,325.0,325.8999938964844,274.8301086425781,1414664
2010-08-04,M&M.NS,Mahindra & Mahindra,Auto & Turnaround Giant,325.54998779296875,330.0,321.29998779296875,328.42498779296875,276.95941162109375,2163534
2010-08-05,M&M.NS,Mahindra & Mahindra,Auto & Turnaround Giant,329.8999938964844,329.95001220703125,321.6000061035156,322.6499938964844,272.0893249511719,1853342
2010-08-06,M&M.NS,Mahindra & Mahindra,Auto & Turnaround Giant,321.5,329.0,321.0,324.375,273.54400634765625,2275590
2010-08-09,M&M.NS,Mahindra & Mahindra,Auto & Turnaround Giant,328.8500061035156,339.8500061035156,311.32501220703125,324.6499938964844,273.77593994140625,1715038
2010-08-10,M&M.NS,Mahindra & Mahindra,Auto & Turnaround Giant,325.0,328.3999938964844,318.125,320.54998779296875,270.31842041015625,2192742
2010-08-11,M&M.NS,Mahindra & Mahindra,Auto & Turnaround Giant,322.5,323.5,310.2250061035156,313.4750061035156,264.3521423339844,4120430
2010-08-12,M&M.NS,Mahindra & Mahindra,Auto & Turnaround Giant,310.0,322.5,307.54998779296875,316.5249938964844,266.9241943359375,5151604
2010-08-13,M&M.NS,Mahindra & Mahindra,Auto & Turnaround Giant,318.2250061035156,318.82501220703125,311.8999938964844,313.7250061035156,264.5629577636719,2749328
2010-08-16,M&M.NS,Mahindra & Mahindra,Auto & Turnaround Giant,314.0,317.7250061035156,309.04998779296875,312.6000061035156,263.6142272949219,2474604
2010-08-17,M&M.NS,Mahindra & Mahindra,Auto & Turnaround Giant,312.625,314.8999938964844,307.54998779296875,310.1000061035156,261.50604248046875,2019616
2010-08-18,M&M.NS,Mahindra & Mahindra,Auto & Turnaround Giant,312.0,312.5,305.5,309.07501220703125,260.64166259765625,2983554
2010-08-19,M&M.NS,Mahindra & Mahindra,Auto & Turnaround Giant,310.54998779296875,312.17498779296875,307.5,308.0249938964844,259.7562255859375,2556726
2010-08-20,M&M.NS,Mahindra & Mahindra,Auto & Turnaround Giant,306.0,311.0,304.1499938964844,308.8500061035156,260.4519348144531,4478298
2010-08-23,M&M.NS,Mahindra & Mahindra,Auto & Turnaround Giant,312.5,317.25,310.0249938964844,312.07501220703125,263.1715393066406,3858098
2010-08-24,M&M.NS,Mahindra & Mahindra,Auto & Turnaround Giant,313.625,314.8999938964844,307.04998779296875,308.04998779296875,259.7773132324219,1777466
2010-08-25,M&M.NS,Mahindra & Mahindra,Auto & Turnaround Giant,309.0,309.875,303.6499938964844,307.57501220703125,259.376708984375,2257516
2010-08-26,M&M.NS,Mahindra & Mahindra,Auto & Turnaround Giant,309.0,312.20001220703125,304.45001220703125,309.54998779296875,261.042236328125,2815598
2010-08-27,M&M.NS,Mahindra & Mahindra,Auto & Turnaround Giant,309.75,310.25,304.5,305.8999938964844,257.9642028808594,2666498
2010-08-30,M&M.NS,Mahindra & Mahindra,Auto & Turnaround Giant,307.25,309.6499938964844,302.125,304.67498779296875,256.93109130859375,1546066
2010-08-31,M&M.NS,Mahindra & Mahindra,Auto & Turnaround Giant,305.5,314.75,302.5,313.3500061035156,264.2467346191406,4321692
2010-09-01,M&M.NS,Mahindra & Mahindra,Auto & Turnaround Giant,316.0,318.45001220703125,312.6000061035156,315.07501220703125,265.7014465332031,3435526
2010-09-02,M&M.NS,Mahindra & Mahindra,Auto & Turnaround Giant,316.8500061035156,317.3500061035156,312.04998779296875,313.125,264.0569763183594,1282542
2010-09-03,M&M.NS,Mahindra & Mahindra,Auto & Turnaround Giant,313.95001220703125,320.3999938964844,312.0,315.32501220703125,265.9122619628906,3344436
2010-09-06,M&M.NS,Mahindra & Mahindra,Auto & Turnaround Giant,316.54998779296875,318.8999938964844,315.0249938964844,317.125,267.43023681640625,1960008
2010-09-07,M&M.NS,Mahindra & Mahindra,Auto & Turnaround Giant,307.5,319.9750061035156,307.5,314.625,265.3218994140625,2154446
2010-09-08,M&M.NS,Mahindra & Mahindra,Auto & Turnaround Giant,315.0,319.0,313.75,317.625,267.851806640625,2019674
2010-09-09,M&M.NS,Mahindra & Mahindra,Auto & Turnaround Giant,320.0,329.0,318.7250061035156,327.79998779296875,276.4323425292969,4424118
2010-09-13,M&M.NS,Mahindra & Mahindra,Auto & Turnaround Giant,329.0,334.04998779296875,325.82501220703125,332.42498779296875,280.3325500488281,2926698
2010-09-14,M&M.NS,Mahindra & Mahindra,Auto & Turnaround Giant,333.0,339.25,328.7250061035156,335.4750061035156,282.9046630859375,3402996
2010-09-15,M&M.NS,Mahindra & Mahindra,Auto & Turnaround Giant,335.5,342.5,333.5,338.04998779296875,285.07611083984375,3218328
2010-09-16,M&M.NS,Mahindra & Mahindra,Auto & Turnaround Giant,338.04998779296875,341.5,333.0,337.2749938964844,284.422607421875,2940474
2010-09-17,M&M.NS,Mahindra & Mahindra,Auto & Turnaround Giant,340.0,343.0,338.6000061035156,340.0,286.72052001953125,2231462
2010-09-20,M&M.NS,Mahindra & Mahindra,Auto & Turnaround Giant,343.0,347.0,336.95001220703125,343.8999938964844,290.0093688964844,2709896
2010-09-21,M&M.NS,Mahindra & Mahindra,Auto & Turnaround Giant,345.0,353.2250061035156,340.0,342.6499938964844,288.9552917480469,3773068
2010-09-22,M&M.NS,Mahindra & Mahindra,Auto & Turnaround Giant,343.5,350.82501220703125,335.75,340.95001220703125,287.521728515625,4169084
2010-09-23,M&M.NS,Mahindra & Mahindra,Auto & Turnaround Giant,344.0,347.0,341.54998779296875,345.3999938964844,291.2743835449219,2001696
2010-09-24,M&M.NS,Mahindra & Mahindra,Auto & Turnaround Giant,345.57501220703125,347.25,342.54998779296875,345.4750061035156,291.33758544921875,2178346
2010-09-27,M&M.NS,Mahindra & Mahindra,Auto & Turnaround Giant,350.0,352.0,344.79998779296875,347.25,292.83447265625,2488416
2010-09-28,M&M.NS,Mahindra & Mahindra,Auto & Turnaround Giant,347.8999938964844,358.0,347.8999938964844,355.6499938964844,299.9181213378906,3650554
2010-09-29,M&M.NS,Mahindra & Mahindra,Auto & Turnaround Giant,357.5,360.1000061035156,348.1499938964844,349.375,294.6264343261719,2426774
2010-09-30,M&M.NS,Mahindra & Mahindra,Auto & Turnaround Giant,349.375,352.29998779296875,341.04998779296875,345.75,291.56951904296875,4695752
2010-10-01,M&M.NS,Mahindra & Mahindra,Auto & Turnaround Giant,349.3999938964844,359.8999938964844,348.1499938964844,357.875,301.79449462890625,3136178
2010-10-04,M&M.NS,Mahindra & Mahindra,Auto & Turnaround Giant,360.0,371.75,358.0,365.5,308.224609375,3647092
2010-10-05,M&M.NS,Mahindra & Mahindra,Auto & Turnaround Giant,366.5,374.875,366.25,372.17498779296875,313.8536071777344,3023730
2010-10-06,M&M.NS,Mahindra & Mahindra,Auto & Turnaround Giant,374.0,379.75,367.8999938964844,370.2250061035156,312.209228515625,2346064
2010-10-07,M&M.NS,Mahindra & Mahindra,Auto & Turnaround Giant,372.45001220703125,373.5,359.5,362.7250061035156,305.8844909667969,2312254
2010-10-08,M&M.NS,Mahindra & Mahindra,Auto & Turnaround Giant,364.5249938964844,366.04998779296875,347.04998779296875,352.5249938964844,297.2828063964844,5141872
2010-10-11,M&M.NS,Mahindra & Mahindra,Auto & Turnaround Giant,354.04998779296875,359.8999938964844,350.5,353.75,298.3158874511719,2266932
2010-10-12,M&M.NS,Mahindra & Mahindra,Auto & Turnaround Giant,354.5,359.3500061035156,352.5,357.67498779296875,301.6258544921875,2924386
2010-10-13,M&M.NS,Mahindra & Mahindra,Auto & Turnaround Giant,359.3999938964844,369.875,357.1000061035156,367.92498779296875,310.26959228515625,3440122
2010-10-14,M&M.NS,Mahindra & Mahindra,Auto & Turnaround Giant,368.0,372.0,355.0,359.125,302.8486328125,3184188
2010-10-15,M&M.NS,Mahindra & Mahindra,Auto & Turnaround Giant,362.0249938964844,363.25,352.7749938964844,355.32501220703125,299.64410400390625,2345872
2010-10-18,M&M.NS,Mahindra & Mahindra,Auto & Turnaround Giant,362.0,362.0,344.0,350.6000061035156,295.6595153808594,4708334
2010-10-19,M&M.NS,Mahindra & Mahindra,Auto & Turnaround Giant,354.125,355.875,348.04998779296875,350.75,295.7860107421875,4203720
2010-10-20,M&M.NS,Mahindra & Mahindra,Auto & Turnaround Giant,349.95001220703125,354.95001220703125,347.5,349.54998779296875,294.7740173339844,2898738
2010-10-21,M&M.NS,Mahindra & Mahindra,Auto & Turnaround Giant,350.4750061035156,357.5,349.04998779296875,356.3999938964844,300.5506286621094,4364822
2010-10-22,M&M.NS,Mahindra & Mahindra,Auto & Turnaround Giant,357.5,359.20001220703125,349.54998779296875,350.79998779296875,295.82806396484375,1825938
2010-10-25,M&M.NS,Mahindra & Mahindra,Auto & Turnaround Giant,351.75,360.125,350.54998779296875,357.3500061035156,301.3517761230469,4055336
2010-10-26,M&M.NS,Mahindra & Mahindra,Auto & Turnaround Giant,359.6000061035156,364.20001220703125,357.5,358.4750061035156,302.30047607421875,4422230
2010-10-27,M&M.NS,Mahindra & Mahindra,Auto & Turnaround Giant,359.95001220703125,367.1000061035156,358.04998779296875,364.4750061035156,307.3602294921875,4016586
2010-10-28,M&M.NS,Mahindra & Mahindra,Auto & Turnaround Giant,366.5,369.8500061035156,360.67498779296875,366.5249938964844,309.0890197753906,6460580
2010-10-29,M&M.NS,Mahindra & Mahindra,Auto & Turnaround Giant,371.17498779296875,372.6499938964844,352.79998779296875,366.8500061035156,309.3630676269531,5639100
2010-11-01,M&M.NS,Mahindra & Mahindra,Auto & Turnaround Giant,372.0,385.5,369.92498779296875,383.25,323.193115234375,7258484
2010-11-02,M&M.NS,Mahindra & Mahindra,Auto & Turnaround Giant,385.0,386.0,375.0,378.79998779296875,319.4404602050781,3010558
2010-11-03,M&M.NS,Mahindra & Mahindra,Auto & Turnaround Giant,379.67498779296875,385.0,376.5,379.95001220703125,320.41021728515625,3485120
2010-11-04,M&M.NS,Mahindra & Mahindra,Auto & Turnaround Giant,383.5249938964844,397.9750061035156,382.70001220703125,388.75,327.8312683105469,5243630
2010-11-08,M&M.NS,Mahindra & Mahindra,Auto & Turnaround Giant,399.20001220703125,399.20001220703125,387.17498779296875,388.42498779296875,327.55718994140625,2619186
2010-11-09,M&M.NS,Mahindra & Mahindra,Auto & Turnaround Giant,399.25,399.25,385.57501220703125,390.5249938964844,329.3280944824219,3576570
2010-11-10,M&M.NS,Mahindra & Mahindra,Auto & Turnaround Giant,392.95001220703125,404.92498779296875,390.45001220703125,403.17498779296875,339.9957275390625,6669918
2010-11-11,M&M.NS,Mahindra & Mahindra,Auto & Turnaround Giant,403.5,413.3500061035156,403.5,406.82501220703125,343.0738525390625,5873120
2010-11-12,M&M.NS,Mahindra & Mahindra,Auto & Turnaround Giant,406.5,407.5,384.0,386.57501220703125,325.9970397949219,5882410
2010-11-15,M&M.NS,Mahindra & Mahindra,Auto & Turnaround Giant,386.8999938964844,401.8999938964844,383.125,399.9750061035156,337.2972412109375,2646680
2010-11-16,M&M.NS,Mahindra & Mahindra,Auto & Turnaround Giant,399.5,400.95001220703125,387.5,389.1499938964844,328.1684875488281,3866078
2010-11-18,M&M.NS,Mahindra & Mahindra,Auto & Turnaround Giant,393.8999938964844,393.8999938964844,380.0,390.20001220703125,329.05401611328125,3537676
2010-11-19,M&M.NS,Mahindra & Mahindra,Auto & Turnaround Giant,393.0,393.0,373.5,376.5,317.5008544921875,3235580
2010-11-22,M&M.NS,Mahindra & Mahindra,Auto & Turnaround Giant,378.0,386.0,367.20001220703125,383.2749938964844,323.21417236328125,3477512
2010-11-23,M&M.NS,Mahindra & Mahindra,Auto & Turnaround Giant,385.0,389.75,372.0,381.07501220703125,321.3590087890625,5636698
2010-11-24,M&M.NS,Mahindra & Mahindra,Auto & Turnaround Giant,385.0,398.92498779296875,383.9750061035156,392.32501220703125,330.8460388183594,5661098
2010-11-25,M&M.NS,Mahindra & Mahindra,Auto & Turnaround Giant,394.5,399.3999938964844,383.8999938964844,390.2749938964844,329.11724853515625,8334036
2010-11-26,M&M.NS,Mahindra & Mahindra,Auto & Turnaround Giant,393.45001220703125,394.75,375.1000061035156,378.7250061035156,319.3772277832031,3213206
2010-11-29,M&M.NS,Mahindra & Mahindra,Auto & Turnaround Giant,380.0,387.3999938964844,371.2250061035156,385.2250061035156,324.8586120605469,2520902
2010-11-30,M&M.NS,Mahindra & Mahindra,Auto & Turnaround Giant,387.1499938964844,391.75,378.5,382.6499938964844,322.6871643066406,3357116
2010-12-01,M&M.NS,Mahindra & Mahindra,Auto & Turnaround Giant,386.0,403.95001220703125,383.5,401.25,338.3724060058594,3998890
2010-12-02,M&M.NS,Mahindra & Mahindra,Auto & Turnaround Giant,405.0,407.3999938964844,390.79998779296875,394.7749938964844,332.9120788574219,4022968
2010-12-03,M&M.NS,Mahindra & Mahindra,Auto & Turnaround Giant,397.0,402.0,394.5,399.95001220703125,337.27618408203125,4149926
2010-12-06,M&M.NS,Mahindra & Mahindra,Auto & Turnaround Giant,402.8999938964844,404.75,396.0,397.3999938964844,335.125732421875,1695766
2010-12-07,M&M.NS,Mahindra & Mahindra,Auto & Turnaround Giant,397.04998779296875,402.6499938964844,396.5,400.4750061035156,337.7189025878906,2069200
2010-12-08,M&M.NS,Mahindra & Mahindra,Auto & Turnaround Giant,395.0,398.5,392.0,394.6499938964844,332.806640625,2744072
2010-12-09,M&M.NS,Mahindra & Mahindra,Auto & Turnaround Giant,395.0,396.5,375.5,380.17498779296875,320.5999450683594,3721616
2010-12-10,M&M.NS,Mahindra & Mahindra,Auto & Turnaround Giant,380.0,392.4750061035156,375.0,390.375,329.2015686035156,4954314
2010-12-13,M&M.NS,Mahindra & Mahindra,Auto & Turnaround Giant,395.0,395.0,379.6499938964844,384.20001220703125,323.9942626953125,5447910
2010-12-14,M&M.NS,Mahindra & Mahindra,Auto & Turnaround Giant,384.5,384.5,376.5249938964844,378.92498779296875,319.5458679199219,4415392
2010-12-15,M&M.NS,Mahindra & Mahindra,Auto & Turnaround Giant,378.57501220703125,384.6499938964844,373.54998779296875,376.45001220703125,317.458740234375,5004014
2010-12-16,M&M.NS,Mahindra & Mahindra,Auto & Turnaround Giant,376.0,376.0,360.5,366.4750061035156,309.04681396484375,11975430
2010-12-20,M&M.NS,Mahindra & Mahindra,Auto & Turnaround Giant,367.45001220703125,377.3999938964844,362.5,372.8999938964844,314.46490478515625,3900342
2010-12-21,M&M.NS,Mahindra & Mahindra,Auto & Turnaround Giant,373.04998779296875,378.8999938964844,373.04998779296875,377.04998779296875,317.9646301269531,1731572
2010-12-22,M&M.NS,Mahindra & Mahindra,Auto & Turnaround Giant,377.0,382.45001220703125,376.1000061035156,378.1000061035156,318.85015869140625,2135510
2010-12-23,M&M.NS,Mahindra & Mahindra,Auto & Turnaround Giant,381.25,381.25,372.04998779296875,375.67498779296875,316.80517578125,1995952
2010-12-24,M&M.NS,Mahindra & Mahindra,Auto & Turnaround Giant,375.0,382.5,371.2749938964844,380.8999938964844,321.2113342285156,1476358
2010-12-27,M&M.NS,Mahindra & Mahindra,Auto & Turnaround Giant,380.1000061035156,383.45001220703125,378.0,380.07501220703125,320.5156555175781,800846
2010-12-28,M&M.NS,Mahindra & Mahindra,Auto & Turnaround Giant,380.0,384.45001220703125,375.625,382.17498779296875,322.28656005859375,1423448
2010-12-29,M&M.NS,Mahindra & Mahindra,Auto & Turnaround Giant,380.2749938964844,387.45001220703125,377.1000061035156,386.57501220703125,325.9970397949219,2068256
2010-12-30,M&M.NS,Mahindra & Mahindra,Auto & Turnaround Giant,388.95001220703125,391.3500061035156,386.375,388.04998779296875,327.2408752441406,4179444
2010-12-31,M&M.NS,Mahindra & Mahindra,Auto & Turnaround Giant,387.17498779296875,392.45001220703125,387.17498779296875,389.1000061035156,328.1263427734375,983276
2011-01-03,M&M.NS,Mahindra & Mahindra,Auto & Turnaround Giant,397.375,400.8500061035156,392.1000061035156,393.7749938964844,332.06878662109375,3674214
2011-01-04,M&M.NS,Mahindra & Mahindra,Auto & Turnaround Giant,393.54998779296875,396.0,387.6000061035156,390.625,329.41241455078125,3201716
2011-01-05,M&M.NS,Mahindra & Mahindra,Auto & Turnaround Giant,390.625,394.5,382.6000061035156,385.5249938964844,325.1116027832031,2542148
2011-01-06,M&M.NS,Mahindra & Mahindra,Auto & Turnaround Giant,388.5,389.0,379.0,385.625,325.1959533691406,3362466
2011-01-07,M&M.NS,Mahindra & Mahindra,Auto & Turnaround Giant,382.1000061035156,382.95001220703125,366.0249938964844,370.1499938964844,312.14593505859375,5000746
2011-01-10,M&M.NS,Mahindra & Mahindra,Auto & Turnaround Giant,370.5,375.0,361.0249938964844,364.2749938964844,307.19158935546875,2875516
2011-01-11,M&M.NS,Mahindra & Mahindra,Auto & Turnaround Giant,364.75,371.4750061035156,363.0,367.4750061035156,309.89007568359375,2192548
2011-01-12,M&M.NS,Mahindra & Mahindra,Auto & Turnaround Giant,368.6499938964844,376.95001220703125,362.5,375.625,316.762939453125,2933516
2011-01-13,M&M.NS,Mahindra & Mahindra,Auto & Turnaround Giant,373.6499938964844,379.6499938964844,366.875,368.8500061035156,311.0496826171875,2129098
2011-01-14,M&M.NS,Mahindra & Mahindra,Auto & Turnaround Giant,366.54998779296875,376.70001220703125,364.8500061035156,369.7749938964844,311.8297424316406,3220780
2011-01-17,M&M.NS,Mahindra & Mahindra,Auto & Turnaround Giant,365.2749938964844,373.1000061035156,365.2749938964844,368.82501220703125,311.028564453125,2076858
2011-01-18,M&M.NS,Mahindra & Mahindra,Auto & Turnaround Giant,369.9750061035156,375.9750061035156,368.70001220703125,373.20001220703125,314.7179870605469,2953880
2011-01-19,M&M.NS,Mahindra & Mahindra,Auto & Turnaround Giant,373.0,382.8999938964844,372.75,375.42498779296875,316.5943298339844,4056480
2011-01-20,M&M.NS,Mahindra & Mahindra,Auto & Turnaround Giant,375.70001220703125,382.375,375.0,380.1499938964844,320.5789489746094,4019932
2011-01-21,M&M.NS,Mahindra & Mahindra,Auto & Turnaround Giant,376.2250061035156,387.79998779296875,376.2250061035156,385.1000061035156,324.753173828125,4604140
2011-01-24,M&M.NS,Mahindra & Mahindra,Auto & Turnaround Giant,385.54998779296875,398.3999938964844,385.54998779296875,395.79998779296875,333.7764892578125,4429296
2011-01-25,M&M.NS,Mahindra & Mahindra,Auto & Turnaround Giant,395.5249938964844,399.3500061035156,383.25,385.6499938964844,325.2170104980469,3060040
2011-01-27,M&M.NS,Mahindra & Mahindra,Auto & Turnaround Giant,388.95001220703125,388.95001220703125,362.75,366.7749938964844,309.2998046875,7676224
2011-01-28,M&M.NS,Mahindra & Mahindra,Auto & Turnaround Giant,367.5,367.5249938964844,338.5,348.95001220703125,294.26806640625,10172806
2011-01-31,M&M.NS,Mahindra & Mahindra,Auto & Turnaround Giant,339.5,358.8999938964844,338.5,356.67498779296875,300.7825012207031,4297722
2011-02-01,M&M.NS,Mahindra & Mahindra,Auto & Turnaround Giant,358.0,359.0,348.57501220703125,352.8999938964844,297.59912109375,3566886
2011-02-02,M&M.NS,Mahindra & Mahindra,Auto & Turnaround Giant,358.45001220703125,359.95001220703125,346.25,350.2749938964844,295.38543701171875,3056802
2011-02-03,M&M.NS,Mahindra & Mahindra,Auto & Turnaround Giant,347.04998779296875,355.95001220703125,347.04998779296875,352.82501220703125,297.5358581542969,2994606
2011-02-04,M&M.NS,Mahindra & Mahindra,Auto & Turnaround Giant,349.5,352.0,330.5,334.75,282.29327392578125,5693360
2011-02-07,M&M.NS,Mahindra & Mahindra,Auto & Turnaround Giant,339.5,340.8999938964844,331.6499938964844,334.6000061035156,282.1667785644531,3711164
2011-02-08,M&M.NS,Mahindra & Mahindra,Auto & Turnaround Giant,339.25,339.25,312.07501220703125,313.8500061035156,264.66845703125,6482610
2011-02-09,M&M.NS,Mahindra & Mahindra,Auto & Turnaround Giant,314.75,333.3500061035156,309.45001220703125,327.6000061035156,276.263671875,12804616
2011-02-10,M&M.NS,Mahindra & Mahindra,Auto & Turnaround Giant,327.5,330.95001220703125,321.20001220703125,326.29998779296875,275.1673889160156,3721688
2011-02-11,M&M.NS,Mahindra & Mahindra,Auto & Turnaround Giant,324.2749938964844,334.75,318.17498779296875,332.6000061035156,280.4801940917969,4956350
2011-02-14,M&M.NS,Mahindra & Mahindra,Auto & Turnaround Giant,332.54998779296875,344.79998779296875,332.54998779296875,340.04998779296875,286.7626647949219,4315510
2011-02-15,M&M.NS,Mahindra & Mahindra,Auto & Turnaround Giant,339.04998779296875,339.8999938964844,327.3500061035156,334.0249938964844,281.681884765625,3997940
2011-02-16,M&M.NS,Mahindra & Mahindra,Auto & Turnaround Giant,334.0,334.0,323.2749938964844,327.8999938964844,276.5167236328125,3476762
2011-02-17,M&M.NS,Mahindra & Mahindra,Auto & Turnaround Giant,330.0,336.75,324.2749938964844,334.7749938964844,282.3143615722656,4597826
2011-02-18,M&M.NS,Mahindra & Mahindra,Auto & Turnaround Giant,334.54998779296875,338.8999938964844,323.07501220703125,324.79998779296875,273.9024963378906,2956902
2011-02-21,M&M.NS,Mahindra & Mahindra,Auto & Turnaround Giant,325.0,327.0249938964844,317.5,325.5,274.4927978515625,2145022
2011-02-22,M&M.NS,Mahindra & Mahindra,Auto & Turnaround Giant,322.45001220703125,322.5,315.5249938964844,319.875,269.7492980957031,2440704
2011-02-23,M&M.NS,Mahindra & Mahindra,Auto & Turnaround Giant,320.5,324.3999938964844,316.75,320.29998779296875,270.1076354980469,2637332
2011-02-24,M&M.NS,Mahindra & Mahindra,Auto & Turnaround Giant,317.125,320.0,303.0249938964844,308.0,259.7350769042969,6912314
2011-02-25,M&M.NS,Mahindra & Mahindra,Auto & Turnaround Giant,313.17498779296875,313.5,293.6000061035156,297.6000061035156,250.96482849121094,5959942
2011-02-28,M&M.NS,Mahindra & Mahindra,Auto & Turnaround Giant,296.75,321.25,292.5,307.875,259.6296691894531,11510142
2011-03-01,M&M.NS,Mahindra & Mahindra,Auto & Turnaround Giant,312.0,335.45001220703125,309.8999938964844,332.1499938964844,280.1007080078125,12328552
2011-03-03,M&M.NS,Mahindra & Mahindra,Auto & Turnaround Giant,328.5,338.45001220703125,326.7250061035156,335.92498779296875,283.2840881347656,7782578
2011-03-04,M&M.NS,Mahindra & Mahindra,Auto & Turnaround Giant,341.7749938964844,346.0,336.1000061035156,338.07501220703125,285.09722900390625,6034444
2011-03-07,M&M.NS,Mahindra & Mahindra,Auto & Turnaround Giant,335.0,335.0,324.07501220703125,330.875,279.0255126953125,2602778
2011-03-08,M&M.NS,Mahindra & Mahindra,Auto & Turnaround Giant,333.92498779296875,335.0,330.20001220703125,332.3500061035156,280.26934814453125,1915264
2011-03-09,M&M.NS,Mahindra & Mahindra,Auto & Turnaround Giant,332.67498779296875,336.875,332.0,334.54998779296875,282.1246032714844,3122696
2011-03-10,M&M.NS,Mahindra & Mahindra,Auto & Turnaround Giant,332.45001220703125,337.0,331.125,334.92498779296875,282.44085693359375,2917362
2011-03-11,M&M.NS,Mahindra & Mahindra,Auto & Turnaround Giant,332.25,332.8999938964844,325.75,328.1499938964844,276.7275390625,2156372
2011-03-14,M&M.NS,Mahindra & Mahindra,Auto & Turnaround Giant,327.625,333.75,326.375,330.7250061035156,278.89898681640625,2198460
2011-03-15,M&M.NS,Mahindra & Mahindra,Auto & Turnaround Giant,323.1000061035156,328.5,317.6000061035156,322.20001220703125,271.7099609375,3620494
2011-03-16,M&M.NS,Mahindra & Mahindra,Auto & Turnaround Giant,325.0,331.29998779296875,323.54998779296875,330.0,278.2876281738281,2225270
2011-03-17,M&M.NS,Mahindra & Mahindra,Auto & Turnaround Giant,326.04998779296875,332.375,326.04998779296875,328.1000061035156,276.68536376953125,2150908
2011-03-18,M&M.NS,Mahindra & Mahindra,Auto & Turnaround Giant,329.0,331.4750061035156,312.29998779296875,315.54998779296875,266.1019592285156,3856988
2011-03-21,M&M.NS,Mahindra & Mahindra,Auto & Turnaround Giant,319.70001220703125,322.45001220703125,313.8500061035156,320.54998779296875,270.31842041015625,2360246
2011-03-22,M&M.NS,Mahindra & Mahindra,Auto & Turnaround Giant,322.0,328.4750061035156,320.0,327.04998779296875,275.7998962402344,1720280
2011-03-23,M&M.NS,Mahindra & Mahindra,Auto & Turnaround Giant,327.75,327.75,320.4750061035156,323.04998779296875,272.42669677734375,3843974
2011-03-24,M&M.NS,Mahindra & Mahindra,Auto & Turnaround Giant,325.0,334.2250061035156,324.25,332.75,280.60675048828125,2991290
2011-03-25,M&M.NS,Mahindra & Mahindra,Auto & Turnaround Giant,342.2749938964844,342.2749938964844,331.4750061035156,336.7250061035156,283.9587707519531,3181136
2011-03-28,M&M.NS,Mahindra & Mahindra,Auto & Turnaround Giant,339.45001220703125,342.2250061035156,335.04998779296875,338.9750061035156,285.8561706542969,2828276
2011-03-29,M&M.NS,Mahindra & Mahindra,Auto & Turnaround Giant,339.67498779296875,345.0,337.125,343.17498779296875,289.3980712890625,1930810
2011-03-30,M&M.NS,Mahindra & Mahindra,Auto & Turnaround Giant,344.6000061035156,356.0,344.6000061035156,354.9750061035156,299.3489685058594,4072464
2011-03-31,M&M.NS,Mahindra & Mahindra,Auto & Turnaround Giant,354.5,358.29998779296875,342.5249938964844,350.17498779296875,295.3010559082031,6478300
2011-04-01,M&M.NS,Mahindra & Mahindra,Auto & Turnaround Giant,350.25,358.0,348.57501220703125,355.5249938964844,299.81268310546875,2832206
2011-04-04,M&M.NS,Mahindra & Mahindra,Auto & Turnaround Giant,356.5,374.0,355.0249938964844,372.0,313.7060852050781,4891860
2011-04-05,M&M.NS,Mahindra & Mahindra,Auto & Turnaround Giant,374.45001220703125,374.45001220703125,363.54998779296875,366.7250061035156,309.25762939453125,2042660
2011-04-06,M&M.NS,Mahindra & Mahindra,Auto & Turnaround Giant,365.04998779296875,370.5,359.32501220703125,363.32501220703125,306.3904724121094,1845794
2011-04-07,M&M.NS,Mahindra & Mahindra,Auto & Turnaround Giant,363.75,369.45001220703125,360.5,366.6499938964844,309.1944274902344,1816444
2011-04-08,M&M.NS,Mahindra & Mahindra,Auto & Turnaround Giant,366.5,368.25,360.5,364.6499938964844,307.5078125,1901040
2011-04-11,M&M.NS,Mahindra & Mahindra,Auto & Turnaround Giant,362.625,362.625,353.82501220703125,355.0,299.3700256347656,2295382
2011-04-13,M&M.NS,Mahindra & Mahindra,Auto & Turnaround Giant,354.0,366.3500061035156,351.4750061035156,364.5,307.3813171386719,2394120
2011-04-15,M&M.NS,Mahindra & Mahindra,Auto & Turnaround Giant,361.6499938964844,367.45001220703125,359.1000061035156,362.2250061035156,305.4627990722656,2141846
2011-04-18,M&M.NS,Mahindra & Mahindra,Auto & Turnaround Giant,362.5,369.70001220703125,359.625,361.07501220703125,304.4930114746094,2596894
2011-04-19,M&M.NS,Mahindra & Mahindra,Auto & Turnaround Giant,357.04998779296875,367.8500061035156,357.04998779296875,363.0,306.1163635253906,3549108
2011-04-20,M&M.NS,Mahindra & Mahindra,Auto & Turnaround Giant,367.45001220703125,385.0,366.5,381.625,321.82275390625,6623506
2011-04-21,M&M.NS,Mahindra & Mahindra,Auto & Turnaround Giant,381.625,387.3999938964844,376.79998779296875,382.32501220703125,322.4130554199219,4247300
2011-04-25,M&M.NS,Mahindra & Mahindra,Auto & Turnaround Giant,383.3500061035156,389.4750061035156,380.0,383.92498779296875,323.76226806640625,2350256
2011-04-26,M&M.NS,Mahindra & Mahindra,Auto & Turnaround Giant,382.5,384.0,374.0249938964844,378.32501220703125,319.03985595703125,2453096
2011-04-27,M&M.NS,Mahindra & Mahindra,Auto & Turnaround Giant,379.92498779296875,387.5,379.0,385.20001220703125,324.8375244140625,2958010
2011-04-28,M&M.NS,Mahindra & Mahindra,Auto & Turnaround Giant,383.54998779296875,387.32501220703125,380.29998779296875,385.125,324.7743225097656,2282926
2011-04-29,M&M.NS,Mahindra & Mahindra,Auto & Turnaround Giant,383.04998779296875,385.5,372.125,378.20001220703125,318.93450927734375,2145334
2011-05-02,M&M.NS,Mahindra & Mahindra,Auto & Turnaround Giant,381.0,382.8999938964844,368.70001220703125,370.82501220703125,312.7152099609375,2499470
2011-05-03,M&M.NS,Mahindra & Mahindra,Auto & Turnaround Giant,368.125,369.67498779296875,350.29998779296875,354.04998779296875,298.56884765625,5306574
2011-05-04,M&M.NS,Mahindra & Mahindra,Auto & Turnaround Giant,355.0,356.45001220703125,342.1499938964844,351.9750061035156,296.8190612792969,3456298
2011-05-05,M&M.NS,Mahindra & Mahindra,Auto & Turnaround Giant,353.0,357.1499938964844,342.5,346.25,291.99114990234375,2150516
2011-05-06,M&M.NS,Mahindra & Mahindra,Auto & Turnaround Giant,346.1000061035156,360.5,346.1000061035156,357.20001220703125,301.2253112792969,3179698
2011-05-09,M&M.NS,Mahindra & Mahindra,Auto & Turnaround Giant,360.0,362.0,352.25,355.125,299.475341796875,2187694
2011-05-10,M&M.NS,Mahindra & Mahindra,Auto & Turnaround Giant,355.0249938964844,358.32501220703125,347.6000061035156,349.79998779296875,294.98486328125,2241276
2011-05-11,M&M.NS,Mahindra & Mahindra,Auto & Turnaround Giant,348.54998779296875,352.2749938964844,346.1499938964844,349.04998779296875,294.35235595703125,2494810
2011-05-12,M&M.NS,Mahindra & Mahindra,Auto & Turnaround Giant,347.5,352.67498779296875,342.5,344.625,290.6208190917969,2286104
2011-05-13,M&M.NS,Mahindra & Mahindra,Auto & Turnaround Giant,343.5,349.5249938964844,337.8999938964844,345.42498779296875,291.29541015625,3846000
2011-05-16,M&M.NS,Mahindra & Mahindra,Auto & Turnaround Giant,344.5,344.5,334.45001220703125,336.32501220703125,283.6214904785156,2942882
2011-05-17,M&M.NS,Mahindra & Mahindra,Auto & Turnaround Giant,335.75,341.875,332.5249938964844,335.25,282.71490478515625,2858850
2011-05-18,M&M.NS,Mahindra & Mahindra,Auto & Turnaround Giant,337.8999938964844,337.8999938964844,327.95001220703125,335.20001220703125,282.6727600097656,2545688
2011-05-19,M&M.NS,Mahindra & Mahindra,Auto & Turnaround Giant,338.95001220703125,341.375,336.0,338.07501220703125,285.09722900390625,1707394
2011-05-20,M&M.NS,Mahindra & Mahindra,Auto & Turnaround Giant,341.0,346.8500061035156,336.75,345.42498779296875,291.29541015625,1690740
2011-05-23,M&M.NS,Mahindra & Mahindra,Auto & Turnaround Giant,340.25,344.8999938964844,339.57501220703125,343.42498779296875,289.6088562011719,1464506
2011-05-24,M&M.NS,Mahindra & Mahindra,Auto & Turnaround Giant,341.1000061035156,345.0,337.25,343.57501220703125,289.7353820800781,1631474
2011-05-25,M&M.NS,Mahindra & Mahindra,Auto & Turnaround Giant,346.0,346.0,339.20001220703125,340.625,287.2475891113281,1153150
2011-05-26,M&M.NS,Mahindra & Mahindra,Auto & Turnaround Giant,341.2749938964844,350.5,330.70001220703125,342.42498779296875,288.7655334472656,6743098
2011-05-27,M&M.NS,Mahindra & Mahindra,Auto & Turnaround Giant,340.625,353.95001220703125,340.625,352.45001220703125,297.2196044921875,3584940
2011-05-30,M&M.NS,Mahindra & Mahindra,Auto & Turnaround Giant,353.5,356.2250061035156,329.625,331.5249938964844,279.5736083984375,9630202
2011-05-31,M&M.NS,Mahindra & Mahindra,Auto & Turnaround Giant,333.5,340.0,324.4750061035156,336.04998779296875,283.3895568847656,12347424
2011-06-01,M&M.NS,Mahindra & Mahindra,Auto & Turnaround Giant,336.5,341.7250061035156,336.04998779296875,337.92498779296875,284.97076416015625,3062502
2011-06-02,M&M.NS,Mahindra & Mahindra,Auto & Turnaround Giant,334.5,334.82501220703125,328.5,330.75,278.9200439453125,3282586
2011-06-03,M&M.NS,Mahindra & Mahindra,Auto & Turnaround Giant,331.5,336.7250061035156,331.5,334.5249938964844,282.1034851074219,2481004
2011-06-06,M&M.NS,Mahindra & Mahindra,Auto & Turnaround Giant,331.5,332.5,326.625,328.79998779296875,277.275634765625,2586026
2011-06-07,M&M.NS,Mahindra & Mahindra,Auto & Turnaround Giant,327.5,333.3500061035156,327.04998779296875,332.125,280.0795593261719,2609038
2011-06-08,M&M.NS,Mahindra & Mahindra,Auto & Turnaround Giant,327.95001220703125,333.4750061035156,325.9750061035156,332.1499938964844,280.1007080078125,2801962
2011-06-09,M&M.NS,Mahindra & Mahindra,Auto & Turnaround Giant,330.1000061035156,334.67498779296875,330.1000061035156,332.7250061035156,280.58563232421875,2413294
2011-06-10,M&M.NS,Mahindra & Mahindra,Auto & Turnaround Giant,332.6499938964844,334.125,328.8999938964844,331.1000061035156,279.2152404785156,1625844
2011-06-13,M&M.NS,Mahindra & Mahindra,Auto & Turnaround Giant,331.70001220703125,335.25,328.9750061035156,332.1000061035156,280.0584716796875,2516510
2011-06-14,M&M.NS,Mahindra & Mahindra,Auto & Turnaround Giant,332.54998779296875,337.95001220703125,332.54998779296875,335.82501220703125,283.1998291015625,2332576
2011-06-15,M&M.NS,Mahindra & Mahindra,Auto & Turnaround Giant,334.1000061035156,339.92498779296875,331.54998779296875,332.42498779296875,280.3325500488281,1769380
2011-06-16,M&M.NS,Mahindra & Mahindra,Auto & Turnaround Giant,325.29998779296875,332.8500061035156,325.29998779296875,328.54998779296875,277.0648193359375,2926134
2011-06-17,M&M.NS,Mahindra & Mahindra,Auto & Turnaround Giant,326.6499938964844,330.0,320.92498779296875,322.04998779296875,271.5833435058594,3508586
2011-06-20,M&M.NS,Mahindra & Mahindra,Auto & Turnaround Giant,323.5,323.5,308.3500061035156,316.625,267.008544921875,4543106
2011-06-21,M&M.NS,Mahindra & Mahindra,Auto & Turnaround Giant,319.29998779296875,321.25,316.0,317.2250061035156,267.5144958496094,1609290
2011-06-22,M&M.NS,Mahindra & Mahindra,Auto & Turnaround Giant,319.6000061035156,325.2749938964844,317.125,324.3500061035156,273.5229797363281,2835006
2011-06-23,M&M.NS,Mahindra & Mahindra,Auto & Turnaround Giant,322.375,328.0,321.29998779296875,326.7250061035156,275.5257568359375,2707678
2011-06-24,M&M.NS,Mahindra & Mahindra,Auto & Turnaround Giant,328.5,338.125,328.0249938964844,336.8999938964844,284.1063232421875,2583302
2011-06-27,M&M.NS,Mahindra & Mahindra,Auto & Turnaround Giant,334.70001220703125,350.79998779296875,333.0,346.6499938964844,292.3284606933594,7790954
2011-06-28,M&M.NS,Mahindra & Mahindra,Auto & Turnaround Giant,346.25,350.45001220703125,343.54998779296875,347.125,292.7290344238281,2618356
2011-06-29,M&M.NS,Mahindra & Mahindra,Auto & Turnaround Giant,348.0,352.3999938964844,344.5,345.7250061035156,291.5484313964844,2267666
2011-06-30,M&M.NS,Mahindra & Mahindra,Auto & Turnaround Giant,346.54998779296875,352.5,345.6000061035156,350.95001220703125,295.9546813964844,3799826
2011-07-01,M&M.NS,Mahindra & Mahindra,Auto & Turnaround Giant,355.8999938964844,355.8999938964844,344.17498779296875,345.8999938964844,291.696044921875,2148088
2011-07-04,M&M.NS,Mahindra & Mahindra,Auto & Turnaround Giant,351.0,353.4750061035156,349.2749938964844,351.6000061035156,296.50274658203125,3128130
2011-07-05,M&M.NS,Mahindra & Mahindra,Auto & Turnaround Giant,352.92498779296875,361.3999938964844,351.20001220703125,358.6000061035156,302.4058837890625,3936710
2011-07-06,M&M.NS,Mahindra & Mahindra,Auto & Turnaround Giant,358.75,360.0,354.5,357.6000061035156,301.5625915527344,2583022
2011-07-07,M&M.NS,Mahindra & Mahindra,Auto & Turnaround Giant,358.5,364.0,357.1000061035156,363.07501220703125,306.17962646484375,2820428
2011-07-08,M&M.NS,Mahindra & Mahindra,Auto & Turnaround Giant,362.20001220703125,369.2250061035156,355.54998779296875,358.79998779296875,302.57452392578125,3106930
2011-07-11,M&M.NS,Mahindra & Mahindra,Auto & Turnaround Giant,358.5,367.3999938964844,356.1499938964844,363.375,306.4326171875,2753104
2011-07-12,M&M.NS,Mahindra & Mahindra,Auto & Turnaround Giant,358.1499938964844,362.3999938964844,350.04998779296875,351.67498779296875,296.5660400390625,2397508
2011-07-13,M&M.NS,Mahindra & Mahindra,Auto & Turnaround Giant,352.2749938964844,361.70001220703125,352.2749938964844,359.1499938964844,302.86968994140625,2142282
2011-07-14,M&M.NS,Mahindra & Mahindra,Auto & Turnaround Giant,355.45001220703125,361.45001220703125,351.5,357.625,306.4905700683594,2148456
2011-07-15,M&M.NS,Mahindra & Mahindra,Auto & Turnaround Giant,356.57501220703125,361.8999938964844,353.57501220703125,360.57501220703125,309.018798828125,2097732
2011-07-18,M&M.NS,Mahindra & Mahindra,Auto & Turnaround Giant,358.875,360.04998779296875,352.25,353.3999938964844,302.86968994140625,1580096
2011-07-19,M&M.NS,Mahindra & Mahindra,Auto & Turnaround Giant,354.9750061035156,358.5,351.25,358.17498779296875,306.9619140625,1537806
2011-07-20,M&M.NS,Mahindra & Mahindra,Auto & Turnaround Giant,358.79998779296875,359.8999938964844,352.0,352.82501220703125,302.3768615722656,1072138
2011-07-21,M&M.NS,Mahindra & Mahindra,Auto & Turnaround Giant,351.0,355.2749938964844,348.54998779296875,351.32501220703125,301.0914001464844,1179430
2011-07-22,M&M.NS,Mahindra & Mahindra,Auto & Turnaround Giant,354.45001220703125,363.0,352.75,362.17498779296875,310.3900146484375,1437780
2011-07-25,M&M.NS,Mahindra & Mahindra,Auto & Turnaround Giant,360.5,376.5,360.5,374.1499938964844,320.65277099609375,4088972
2011-07-26,M&M.NS,Mahindra & Mahindra,Auto & Turnaround Giant,373.8500061035156,376.7250061035156,356.7250061035156,358.875,307.5618896484375,4101922
2011-07-27,M&M.NS,Mahindra & Mahindra,Auto & Turnaround Giant,359.0,360.25,354.32501220703125,359.1499938964844,307.7975158691406,2394090
2011-07-28,M&M.NS,Mahindra & Mahindra,Auto & Turnaround Giant,354.5,363.2250061035156,351.0,358.04998779296875,306.85479736328125,3075146
2011-07-29,M&M.NS,Mahindra & Mahindra,Auto & Turnaround Giant,357.5,362.2250061035156,354.20001220703125,360.375,308.84735107421875,1922582
2011-08-01,M&M.NS,Mahindra & Mahindra,Auto & Turnaround Giant,362.25,367.79998779296875,362.25,365.4750061035156,313.21820068359375,3287918
2011-08-02,M&M.NS,Mahindra & Mahindra,Auto & Turnaround Giant,363.2749938964844,367.375,360.07501220703125,361.70001220703125,309.9829406738281,2828730
2011-08-03,M&M.NS,Mahindra & Mahindra,Auto & Turnaround Giant,357.6499938964844,360.0,350.7250061035156,354.45001220703125,303.76953125,3104520
2011-08-04,M&M.NS,Mahindra & Mahindra,Auto & Turnaround Giant,353.1000061035156,354.8500061035156,338.29998779296875,339.7250061035156,291.1500244140625,5177722
2011-08-05,M&M.NS,Mahindra & Mahindra,Auto & Turnaround Giant,330.0,334.5,319.125,326.67498779296875,279.9659118652344,6048310
2011-08-08,M&M.NS,Mahindra & Mahindra,Auto & Turnaround Giant,320.45001220703125,339.95001220703125,316.29998779296875,334.125,286.3506774902344,5129658
2011-08-09,M&M.NS,Mahindra & Mahindra,Auto & Turnaround Giant,318.1000061035156,350.0,318.1000061035156,346.54998779296875,296.9991455078125,9495834
2011-08-10,M&M.NS,Mahindra & Mahindra,Auto & Turnaround Giant,355.0,366.75,352.07501220703125,365.20001220703125,312.9825134277344,7799668
2011-08-11,M&M.NS,Mahindra & Mahindra,Auto & Turnaround Giant,359.5,369.70001220703125,357.17498779296875,364.29998779296875,312.2111511230469,3592542
2011-08-12,M&M.NS,Mahindra & Mahindra,Auto & Turnaround Giant,366.8500061035156,371.45001220703125,365.0,369.9750061035156,317.0747375488281,5078270
2011-08-16,M&M.NS,Mahindra & Mahindra,Auto & Turnaround Giant,371.54998779296875,372.79998779296875,364.29998779296875,366.0,313.6680908203125,3883590
2011-08-17,M&M.NS,Mahindra & Mahindra,Auto & Turnaround Giant,363.375,365.0,356.875,359.57501220703125,308.1617736816406,3229408
2011-08-18,M&M.NS,Mahindra & Mahindra,Auto & Turnaround Giant,359.95001220703125,367.3999938964844,352.6000061035156,358.6000061035156,307.326171875,3242690
2011-08-19,M&M.NS,Mahindra & Mahindra,Auto & Turnaround Giant,351.82501220703125,363.7749938964844,351.82501220703125,359.25,307.88323974609375,3147054
2011-08-22,M&M.NS,Mahindra & Mahindra,Auto & Turnaround Giant,359.5,361.75,349.32501220703125,356.8999938964844,305.86920166015625,8068954
2011-08-23,M&M.NS,Mahindra & Mahindra,Auto & Turnaround Giant,357.5,359.42498779296875,346.2749938964844,354.625,303.9195861816406,6500122
2011-08-24,M&M.NS,Mahindra & Mahindra,Auto & Turnaround Giant,351.1000061035156,356.25,347.29998779296875,348.7250061035156,298.8631591796875,6351584
2011-08-25,M&M.NS,Mahindra & Mahindra,Auto & Turnaround Giant,352.3500061035156,353.70001220703125,345.0249938964844,348.70001220703125,298.8416748046875,6294038
2011-08-26,M&M.NS,Mahindra & Mahindra,Auto & Turnaround Giant,347.6000061035156,359.8999938964844,347.57501220703125,352.17498779296875,301.8197937011719,4514026
2011-08-29,M&M.NS,Mahindra & Mahindra,Auto & Turnaround Giant,353.75,371.0,353.75,366.6499938964844,314.22515869140625,4836220
2011-08-30,M&M.NS,Mahindra & Mahindra,Auto & Turnaround Giant,370.0,372.29998779296875,367.04998779296875,369.07501220703125,316.303466796875,2773386
2011-09-02,M&M.NS,Mahindra & Mahindra,Auto & Turnaround Giant,374.0,384.95001220703125,370.3999938964844,382.54998779296875,327.8517761230469,6187726
2011-09-05,M&M.NS,Mahindra & Mahindra,Auto & Turnaround Giant,381.3500061035156,387.3500061035156,377.5,384.5249938964844,329.5442810058594,3614312
2011-09-06,M&M.NS,Mahindra & Mahindra,Auto & Turnaround Giant,381.0,400.0,380.67498779296875,398.6499938964844,341.649658203125,9012384
2011-09-07,M&M.NS,Mahindra & Mahindra,Auto & Turnaround Giant,400.2749938964844,405.32501220703125,389.82501220703125,392.70001220703125,336.5504455566406,4960100
2011-09-08,M&M.NS,Mahindra & Mahindra,Auto & Turnaround Giant,396.45001220703125,398.4750061035156,390.45001220703125,395.375,338.8429260253906,3830148
2011-09-09,M&M.NS,Mahindra & Mahindra,Auto & Turnaround Giant,395.95001220703125,400.95001220703125,394.0,395.7250061035156,339.1429138183594,3642282
2011-09-12,M&M.NS,Mahindra & Mahindra,Auto & Turnaround Giant,389.7250061035156,394.5,386.875,391.70001220703125,335.6934509277344,4443066
2011-09-13,M&M.NS,Mahindra & Mahindra,Auto & Turnaround Giant,392.875,397.70001220703125,382.75,390.8999938964844,335.0077819824219,2869218
2011-09-14,M&M.NS,Mahindra & Mahindra,Auto & Turnaround Giant,392.70001220703125,402.20001220703125,391.67498779296875,396.7250061035156,339.99993896484375,5912254
2011-09-15,M&M.NS,Mahindra & Mahindra,Auto & Turnaround Giant,400.0,405.5,396.5249938964844,402.70001220703125,345.12066650390625,4934022
2011-09-16,M&M.NS,Mahindra & Mahindra,Auto & Turnaround Giant,405.25,407.70001220703125,396.5,398.2749938964844,341.3283386230469,5968350
2011-09-19,M&M.NS,Mahindra & Mahindra,Auto & Turnaround Giant,397.5,401.67498779296875,394.20001220703125,399.95001220703125,342.7637939453125,2746406
2011-09-20,M&M.NS,Mahindra & Mahindra,Auto & Turnaround Giant,401.3500061035156,409.75,398.625,407.20001220703125,348.9771728515625,4012450
2011-09-21,M&M.NS,Mahindra & Mahindra,Auto & Turnaround Giant,408.45001220703125,408.45001220703125,402.54998779296875,407.25,349.0199890136719,3835756
2011-09-22,M&M.NS,Mahindra & Mahindra,Auto & Turnaround Giant,401.7250061035156,404.125,389.29998779296875,391.7749938964844,335.7576599121094,2594714
2011-09-23,M&M.NS,Mahindra & Mahindra,Auto & Turnaround Giant,388.75,394.0,385.45001220703125,387.7749938964844,332.32958984375,3173724
2011-09-26,M&M.NS,Mahindra & Mahindra,Auto & Turnaround Giant,390.0,390.2250061035156,379.6000061035156,385.54998779296875,330.42279052734375,2782680
2011-09-27,M&M.NS,Mahindra & Mahindra,Auto & Turnaround Giant,390.04998779296875,400.7749938964844,389.32501220703125,398.8999938964844,341.8639831542969,2956338
2011-09-28,M&M.NS,Mahindra & Mahindra,Auto & Turnaround Giant,401.8999938964844,402.0,388.6499938964844,395.4750061035156,338.9286804199219,2325638
2011-09-29,M&M.NS,Mahindra & Mahindra,Auto & Turnaround Giant,393.625,411.95001220703125,389.9750061035156,406.95001220703125,348.762939453125,7254578
2011-09-30,M&M.NS,Mahindra & Mahindra,Auto & Turnaround Giant,405.5,410.0,401.125,402.375,344.8421325683594,2838314
2011-10-03,M&M.NS,Mahindra & Mahindra,Auto & Turnaround Giant,400.0,409.17498779296875,398.07501220703125,405.20001220703125,347.2631530761719,3996994
2011-10-04,M&M.NS,Mahindra & Mahindra,Auto & Turnaround Giant,402.125,406.5,386.8999938964844,388.3999938964844,332.8653259277344,4014422
2011-10-05,M&M.NS,Mahindra & Mahindra,Auto & Turnaround Giant,389.29998779296875,397.45001220703125,388.32501220703125,392.125,336.05767822265625,3639250
2011-10-07,M&M.NS,Mahindra & Mahindra,Auto & Turnaround Giant,398.6000061035156,402.3999938964844,395.5,398.1499938964844,341.2211608886719,2772016
2011-10-10,M&M.NS,Mahindra & Mahindra,Auto & Turnaround Giant,396.0,405.5,396.0,403.42498779296875,345.74188232421875,2818386
2011-10-11,M&M.NS,Mahindra & Mahindra,Auto & Turnaround Giant,407.5,407.5,397.0249938964844,399.375,342.27099609375,2135540
2011-10-12,M&M.NS,Mahindra & Mahindra,Auto & Turnaround Giant,399.54998779296875,405.57501220703125,391.6000061035156,403.82501220703125,346.0847473144531,4914106
2011-10-13,M&M.NS,Mahindra & Mahindra,Auto & Turnaround Giant,407.5,407.5,396.6499938964844,399.45001220703125,342.3353271484375,3727320
2011-10-14,M&M.NS,Mahindra & Mahindra,Auto & Turnaround Giant,396.79998779296875,404.5249938964844,396.79998779296875,402.82501220703125,345.2277526855469,1481590
2011-10-17,M&M.NS,Mahindra & Mahindra,Auto & Turnaround Giant,405.75,409.7250061035156,404.1000061035156,406.375,348.27008056640625,1791178
2011-10-18,M&M.NS,Mahindra & Mahindra,Auto & Turnaround Giant,401.04998779296875,404.82501220703125,398.4750061035156,403.75,346.02044677734375,1492326
2011-10-19,M&M.NS,Mahindra & Mahindra,Auto & Turnaround Giant,405.25,408.75,403.92498779296875,405.2250061035156,347.2845764160156,1428572
2011-10-20,M&M.NS,Mahindra & Mahindra,Auto & Turnaround Giant,403.0,407.5,393.25,400.79998779296875,343.49224853515625,2275984
2011-10-21,M&M.NS,Mahindra & Mahindra,Auto & Turnaround Giant,401.8500061035156,405.25,397.5,401.0249938964844,343.68511962890625,1188030
2011-10-24,M&M.NS,Mahindra & Mahindra,Auto & Turnaround Giant,406.70001220703125,407.5,404.0,404.92498779296875,347.0274658203125,1664082
2011-10-25,M&M.NS,Mahindra & Mahindra,Auto & Turnaround Giant,407.25,429.2749938964844,404.5,426.92498779296875,365.8818664550781,5349704
2011-10-28,M&M.NS,Mahindra & Mahindra,Auto & Turnaround Giant,434.125,438.6499938964844,429.2749938964844,435.25,373.0165100097656,3443196
2011-10-31,M&M.NS,Mahindra & Mahindra,Auto & Turnaround Giant,437.5,437.5,425.57501220703125,432.67498779296875,370.80963134765625,1811934
2011-11-01,M&M.NS,Mahindra & Mahindra,Auto & Turnaround Giant,429.6000061035156,431.5,415.8999938964844,417.0249938964844,357.39739990234375,4103788
2011-11-02,M&M.NS,Mahindra & Mahindra,Auto & Turnaround Giant,415.75,424.95001220703125,414.8500061035156,420.2749938964844,360.1827087402344,2495188
2011-11-03,M&M.NS,Mahindra & Mahindra,Auto & Turnaround Giant,419.3500061035156,422.82501220703125,413.5249938964844,419.8500061035156,359.8184509277344,2305300
2011-11-04,M&M.NS,Mahindra & Mahindra,Auto & Turnaround Giant,424.3999938964844,424.8500061035156,415.6499938964844,418.17498779296875,358.3829345703125,1904518
2011-11-08,M&M.NS,Mahindra & Mahindra,Auto & Turnaround Giant,420.0,423.25,415.1000061035156,417.82501220703125,358.0830078125,1590322
2011-11-09,M&M.NS,Mahindra & Mahindra,Auto & Turnaround Giant,419.125,420.0,405.0,406.5,348.3772277832031,1893452
2011-11-11,M&M.NS,Mahindra & Mahindra,Auto & Turnaround Giant,406.5,423.7250061035156,402.8999938964844,420.70001220703125,360.54693603515625,6495974
2011-11-14,M&M.NS,Mahindra & Mahindra,Auto & Turnaround Giant,423.0,425.3500061035156,391.1000061035156,395.5249938964844,338.9715270996094,9510898
2011-11-15,M&M.NS,Mahindra & Mahindra,Auto & Turnaround Giant,395.3999938964844,397.42498779296875,376.2749938964844,379.625,325.344970703125,4986120
2011-11-16,M&M.NS,Mahindra & Mahindra,Auto & Turnaround Giant,381.625,390.3500061035156,377.57501220703125,387.625,332.2010803222656,4285388
2011-11-17,M&M.NS,Mahindra & Mahindra,Auto & Turnaround Giant,386.45001220703125,389.3500061035156,377.29998779296875,379.2250061035156,325.0021667480469,2966038
2011-11-18,M&M.NS,Mahindra & Mahindra,Auto & Turnaround Giant,376.5,378.8999938964844,361.2749938964844,368.9750061035156,316.2177429199219,5070078
2011-11-21,M&M.NS,Mahindra & Mahindra,Auto & Turnaround Giant,365.5,372.20001220703125,356.0,359.6000061035156,308.1832275390625,4154262
2011-11-22,M&M.NS,Mahindra & Mahindra,Auto & Turnaround Giant,362.54998779296875,365.5,351.5,354.82501220703125,304.0909423828125,4577000
2011-11-23,M&M.NS,Mahindra & Mahindra,Auto & Turnaround Giant,353.5,353.5,340.6000061035156,348.5249938964844,298.69171142578125,4107174
2011-11-24,M&M.NS,Mahindra & Mahindra,Auto & Turnaround Giant,348.04998779296875,359.70001220703125,343.25,356.625,305.6335144042969,7212078
2011-11-25,M&M.NS,Mahindra & Mahindra,Auto & Turnaround Giant,354.0,362.4750061035156,348.3500061035156,353.125,302.6340026855469,3705350
2011-11-28,M&M.NS,Mahindra & Mahindra,Auto & Turnaround Giant,358.04998779296875,361.67498779296875,351.25,356.82501220703125,305.80499267578125,3189574
2011-11-29,M&M.NS,Mahindra & Mahindra,Auto & Turnaround Giant,359.95001220703125,364.8500061035156,354.04998779296875,362.79998779296875,310.9256591796875,4674526
2011-11-30,M&M.NS,Mahindra & Mahindra,Auto & Turnaround Giant,360.3999938964844,366.0,351.79998779296875,362.6000061035156,310.7542724609375,4627892
2011-12-01,M&M.NS,Mahindra & Mahindra,Auto & Turnaround Giant,374.75,377.5,362.70001220703125,364.95001220703125,312.7681884765625,5409808
2011-12-02,M&M.NS,Mahindra & Mahindra,Auto & Turnaround Giant,366.82501220703125,376.04998779296875,360.625,374.92498779296875,321.3169860839844,3532738
2011-12-05,M&M.NS,Mahindra & Mahindra,Auto & Turnaround Giant,373.5,378.5,371.20001220703125,374.45001220703125,320.9098815917969,1883908
2011-12-07,M&M.NS,Mahindra & Mahindra,Auto & Turnaround Giant,376.0,381.4750061035156,375.25,378.875,324.70220947265625,3888496
2011-12-08,M&M.NS,Mahindra & Mahindra,Auto & Turnaround Giant,378.8999938964844,379.8500061035156,361.32501220703125,364.95001220703125,312.7681884765625,3485446
2011-12-09,M&M.NS,Mahindra & Mahindra,Auto & Turnaround Giant,357.6000061035156,359.92498779296875,348.6000061035156,351.625,301.3485107421875,4894924
2011-12-12,M&M.NS,Mahindra & Mahindra,Auto & Turnaround Giant,353.82501220703125,355.8999938964844,340.5,341.57501220703125,292.7354736328125,4268204
2011-12-13,M&M.NS,Mahindra & Mahindra,Auto & Turnaround Giant,339.5,353.0,337.54998779296875,350.5,300.3843994140625,4201860
2011-12-14,M&M.NS,Mahindra & Mahindra,Auto & Turnaround Giant,349.125,352.25,335.8500061035156,338.0249938964844,289.6930236816406,4515986
2011-12-15,M&M.NS,Mahindra & Mahindra,Auto & Turnaround Giant,332.625,337.25,329.5,332.42498779296875,284.8937683105469,5525220
2011-12-16,M&M.NS,Mahindra & Mahindra,Auto & Turnaround Giant,331.75,344.25,324.0,330.0249938964844,282.8369140625,4902920
2011-12-19,M&M.NS,Mahindra & Mahindra,Auto & Turnaround Giant,329.1000061035156,332.20001220703125,321.375,326.1499938964844,279.5160217285156,3498620
2011-12-20,M&M.NS,Mahindra & Mahindra,Auto & Turnaround Giant,328.0,329.20001220703125,316.1000061035156,324.92498779296875,278.46612548828125,5168588
2011-12-21,M&M.NS,Mahindra & Mahindra,Auto & Turnaround Giant,331.375,348.5,328.375,345.17498779296875,295.8207092285156,5175216
2011-12-22,M&M.NS,Mahindra & Mahindra,Auto & Turnaround Giant,336.1499938964844,348.0,336.1499938964844,346.375,296.84912109375,2821650
2011-12-23,M&M.NS,Mahindra & Mahindra,Auto & Turnaround Giant,353.0,353.625,346.0,348.2250061035156,298.4346618652344,2892840
2011-12-26,M&M.NS,Mahindra & Mahindra,Auto & Turnaround Giant,346.7749938964844,353.0,346.57501220703125,350.8999938964844,300.7271728515625,1813534
2011-12-27,M&M.NS,Mahindra & Mahindra,Auto & Turnaround Giant,350.5,355.75,346.4750061035156,351.7749938964844,301.47705078125,2188960
2011-12-28,M&M.NS,Mahindra & Mahindra,Auto & Turnaround Giant,352.3999938964844,354.0,341.67498779296875,343.70001220703125,294.5566101074219,2258932
2011-12-29,M&M.NS,Mahindra & Mahindra,Auto & Turnaround Giant,342.3999938964844,348.45001220703125,338.67498779296875,343.1499938964844,294.0852966308594,3281970
2011-12-30,M&M.NS,Mahindra & Mahindra,Auto & Turnaround Giant,343.3500061035156,347.25,337.67498779296875,340.8999938964844,292.1570129394531,2626542
2012-01-02,M&M.NS,Mahindra & Mahindra,Auto & Turnaround Giant,343.8999938964844,346.0,334.8999938964844,337.0,288.8145751953125,3061024
2012-01-03,M&M.NS,Mahindra & Mahindra,Auto & Turnaround Giant,339.25,340.0,327.7749938964844,332.20001220703125,284.700927734375,6255640
2012-01-04,M&M.NS,Mahindra & Mahindra,Auto & Turnaround Giant,333.5,333.7749938964844,318.04998779296875,319.5249938964844,273.83819580078125,7171646
2012-01-05,M&M.NS,Mahindra & Mahindra,Auto & Turnaround Giant,320.0,325.8500061035156,314.04998779296875,325.07501220703125,278.59478759765625,8515844
2012-01-06,M&M.NS,Mahindra & Mahindra,Auto & Turnaround Giant,323.0,329.5,319.29998779296875,327.79998779296875,280.9300842285156,4451408
2012-01-09,M&M.NS,Mahindra & Mahindra,Auto & Turnaround Giant,326.92498779296875,327.92498779296875,319.7250061035156,326.5249938964844,279.8373107910156,2521148
2012-01-10,M&M.NS,Mahindra & Mahindra,Auto & Turnaround Giant,329.45001220703125,347.29998779296875,328.32501220703125,344.6000061035156,295.3279724121094,4719090
2012-01-11,M&M.NS,Mahindra & Mahindra,Auto & Turnaround Giant,345.75,346.25,334.54998779296875,340.17498779296875,291.5356750488281,4350152
2012-01-12,M&M.NS,Mahindra & Mahindra,Auto & Turnaround Giant,339.0,344.4750061035156,336.0,343.0,293.95672607421875,3569874
2012-01-13,M&M.NS,Mahindra & Mahindra,Auto & Turnaround Giant,345.0,349.3500061035156,341.0,346.17498779296875,296.677734375,2929640
2012-01-16,M&M.NS,Mahindra & Mahindra,Auto & Turnaround Giant,343.3500061035156,345.45001220703125,340.8999938964844,343.8999938964844,294.72802734375,2980790
2012-01-17,M&M.NS,Mahindra & Mahindra,Auto & Turnaround Giant,347.25,354.5,345.0,352.79998779296875,302.35540771484375,4886072
2012-01-18,M&M.NS,Mahindra & Mahindra,Auto & Turnaround Giant,354.0,354.82501220703125,336.5,342.0249938964844,293.1211242675781,5468830
2012-01-19,M&M.NS,Mahindra & Mahindra,Auto & Turnaround Giant,346.5,348.3500061035156,335.20001220703125,336.4750061035156,288.36468505859375,6062714
2012-01-20,M&M.NS,Mahindra & Mahindra,Auto & Turnaround Giant,338.8999938964844,339.45001220703125,323.0249938964844,328.5,281.5300598144531,9640546
2012-01-23,M&M.NS,Mahindra & Mahindra,Auto & Turnaround Giant,327.7749938964844,333.3500061035156,327.1000061035156,330.7749938964844,283.479736328125,4112980
2012-01-24,M&M.NS,Mahindra & Mahindra,Auto & Turnaround Giant,332.5,344.625,328.5,342.7250061035156,293.7210693359375,5084102
2012-01-25,M&M.NS,Mahindra & Mahindra,Auto & Turnaround Giant,346.20001220703125,346.20001220703125,340.67498779296875,343.25,294.17095947265625,2870504
2012-01-27,M&M.NS,Mahindra & Mahindra,Auto & Turnaround Giant,346.9750061035156,352.45001220703125,332.5,350.04998779296875,299.9986572265625,5635446
2012-01-30,M&M.NS,Mahindra & Mahindra,Auto & Turnaround Giant,348.0,349.875,330.25,332.54998779296875,285.0008544921875,4371634
2012-01-31,M&M.NS,Mahindra & Mahindra,Auto & Turnaround Giant,336.8999938964844,339.5249938964844,332.04998779296875,336.8999938964844,288.7289123535156,4152954
2012-02-01,M&M.NS,Mahindra & Mahindra,Auto & Turnaround Giant,337.25,350.0,336.75,344.45001220703125,295.19940185546875,12111934
2012-02-02,M&M.NS,Mahindra & Mahindra,Auto & Turnaround Giant,349.95001220703125,355.5,345.3999938964844,350.29998779296875,300.212890625,10285782
2012-02-03,M&M.NS,Mahindra & Mahindra,Auto & Turnaround Giant,351.5,358.875,348.29998779296875,355.3999938964844,304.583740234375,8194784
2012-02-06,M&M.NS,Mahindra & Mahindra,Auto & Turnaround Giant,361.3500061035156,361.9750061035156,350.79998779296875,355.1000061035156,304.3265686035156,4730274
2012-02-07,M&M.NS,Mahindra & Mahindra,Auto & Turnaround Giant,360.5,360.5,342.6499938964844,344.82501220703125,295.5207824707031,8966772
2012-02-08,M&M.NS,Mahindra & Mahindra,Auto & Turnaround Giant,340.0,348.8500061035156,336.0,343.4750061035156,294.36383056640625,8695042
2012-02-09,M&M.NS,Mahindra & Mahindra,Auto & Turnaround Giant,344.5,353.5,341.0,351.0249938964844,300.834228515625,5032290
2012-02-10,M&M.NS,Mahindra & Mahindra,Auto & Turnaround Giant,350.5,356.0,342.1499938964844,345.7749938964844,296.3349914550781,4776944
2012-02-13,M&M.NS,Mahindra & Mahindra,Auto & Turnaround Giant,347.3999938964844,354.45001220703125,346.07501220703125,352.6000061035156,302.1840515136719,2724396
2012-02-14,M&M.NS,Mahindra & Mahindra,Auto & Turnaround Giant,352.5,360.0,352.0,358.6499938964844,307.3690185546875,4696856
2012-02-15,M&M.NS,Mahindra & Mahindra,Auto & Turnaround Giant,362.5,375.3500061035156,362.5,367.2749938964844,314.7607727050781,9761694
2012-02-16,M&M.NS,Mahindra & Mahindra,Auto & Turnaround Giant,366.8999938964844,368.3500061035156,356.29998779296875,362.125,310.34722900390625,4193388
2012-02-17,M&M.NS,Mahindra & Mahindra,Auto & Turnaround Giant,367.45001220703125,376.3500061035156,365.0,374.29998779296875,320.7812805175781,6917376
2012-02-21,M&M.NS,Mahindra & Mahindra,Auto & Turnaround Giant,374.67498779296875,384.6499938964844,369.125,381.29998779296875,326.7804260253906,5670406
2012-02-22,M&M.NS,Mahindra & Mahindra,Auto & Turnaround Giant,381.7749938964844,383.20001220703125,368.0,371.3999938964844,318.2960205078125,4938240
2012-02-23,M&M.NS,Mahindra & Mahindra,Auto & Turnaround Giant,369.0,372.625,359.0,361.75,310.0257568359375,4393892
2012-02-24,M&M.NS,Mahindra & Mahindra,Auto & Turnaround Giant,365.0,369.67498779296875,360.04998779296875,364.9750061035156,312.7896423339844,2994266
2012-02-27,M&M.NS,Mahindra & Mahindra,Auto & Turnaround Giant,366.5,366.5,345.6000061035156,348.32501220703125,298.5203552246094,2938314
2012-02-28,M&M.NS,Mahindra & Mahindra,Auto & Turnaround Giant,350.875,355.5,348.75,352.04998779296875,301.7126770019531,4424346
2012-02-29,M&M.NS,Mahindra & Mahindra,Auto & Turnaround Giant,355.0,358.95001220703125,344.5,354.92498779296875,304.17669677734375,3214850
2012-03-01,M&M.NS,Mahindra & Mahindra,Auto & Turnaround Giant,351.6000061035156,354.45001220703125,334.375,340.875,292.1355895996094,6435950
2012-03-02,M&M.NS,Mahindra & Mahindra,Auto & Turnaround Giant,341.92498779296875,344.5249938964844,337.1000061035156,339.9750061035156,291.3642272949219,6605184
2012-03-05,M&M.NS,Mahindra & Mahindra,Auto & Turnaround Giant,337.5,341.8999938964844,334.32501220703125,337.6499938964844,289.3716125488281,5459590
2012-03-06,M&M.NS,Mahindra & Mahindra,Auto & Turnaround Giant,337.5,345.95001220703125,335.5,340.57501220703125,291.87847900390625,4574076
2012-03-07,M&M.NS,Mahindra & Mahindra,Auto & Turnaround Giant,340.0,341.125,333.625,337.45001220703125,289.2002868652344,4784326
2012-03-09,M&M.NS,Mahindra & Mahindra,Auto & Turnaround Giant,342.3999938964844,342.45001220703125,330.5,338.4750061035156,290.0787048339844,5623564
2012-03-12,M&M.NS,Mahindra & Mahindra,Auto & Turnaround Giant,342.5,342.6499938964844,330.75,331.8999938964844,284.4438171386719,4873620
2012-03-13,M&M.NS,Mahindra & Mahindra,Auto & Turnaround Giant,333.2749938964844,334.1499938964844,326.2749938964844,328.54998779296875,281.5728454589844,5793622
2012-03-14,M&M.NS,Mahindra & Mahindra,Auto & Turnaround Giant,331.57501220703125,341.04998779296875,330.1499938964844,334.4750061035156,286.6506042480469,6638430
2012-03-15,M&M.NS,Mahindra & Mahindra,Auto & Turnaround Giant,334.8999938964844,334.8999938964844,327.875,328.7749938964844,281.7657165527344,3179316
2012-03-16,M&M.NS,Mahindra & Mahindra,Auto & Turnaround Giant,327.3999938964844,348.79998779296875,325.0,338.9750061035156,290.50726318359375,12535248
2012-03-19,M&M.NS,Mahindra & Mahindra,Auto & Turnaround Giant,342.0,348.92498779296875,341.6000061035156,345.5,296.0992126464844,7740356
2012-03-20,M&M.NS,Mahindra & Mahindra,Auto & Turnaround Giant,344.0,349.3999938964844,340.20001220703125,343.3500061035156,294.2567443847656,6035234
2012-03-21,M&M.NS,Mahindra & Mahindra,Auto & Turnaround Giant,342.45001220703125,350.95001220703125,341.8999938964844,349.79998779296875,299.7843933105469,3251422
2012-03-22,M&M.NS,Mahindra & Mahindra,Auto & Turnaround Giant,348.70001220703125,352.79998779296875,339.5,343.0,293.95672607421875,6251682
2012-03-23,M&M.NS,Mahindra & Mahindra,Auto & Turnaround Giant,343.0,347.5,337.42498779296875,343.875,294.7066345214844,2853048
2012-03-26,M&M.NS,Mahindra & Mahindra,Auto & Turnaround Giant,342.0249938964844,344.0,337.04998779296875,340.7250061035156,292.007080078125,4061450
2012-03-27,M&M.NS,Mahindra & Mahindra,Auto & Turnaround Giant,346.5,346.5,338.7749938964844,342.45001220703125,293.4853515625,3221298
2012-03-28,M&M.NS,Mahindra & Mahindra,Auto & Turnaround Giant,340.54998779296875,346.79998779296875,338.5249938964844,340.625,291.9213562011719,2987300
2012-03-29,M&M.NS,Mahindra & Mahindra,Auto & Turnaround Giant,337.5,341.75,336.25,339.7250061035156,291.1500244140625,4167620
2012-03-30,M&M.NS,Mahindra & Mahindra,Auto & Turnaround Giant,340.5,352.5,338.5,350.1000061035156,300.04150390625,2895548
2012-04-02,M&M.NS,Mahindra & Mahindra,Auto & Turnaround Giant,353.82501220703125,356.95001220703125,349.0249938964844,355.32501220703125,304.5194396972656,2880294
2012-04-03,M&M.NS,Mahindra & Mahindra,Auto & Turnaround Giant,357.1000061035156,357.6499938964844,351.5249938964844,353.29998779296875,302.7839050292969,1912026
2012-04-04,M&M.NS,Mahindra & Mahindra,Auto & Turnaround Giant,350.5,352.4750061035156,347.0,348.8999938964844,299.0130920410156,1830792
2012-04-09,M&M.NS,Mahindra & Mahindra,Auto & Turnaround Giant,346.0,348.29998779296875,340.54998779296875,341.79998779296875,292.92822265625,1092178
2012-04-10,M&M.NS,Mahindra & Mahindra,Auto & Turnaround Giant,343.75,347.8500061035156,341.0,347.1499938964844,297.5133361816406,1845300
2012-04-11,M&M.NS,Mahindra & Mahindra,Auto & Turnaround Giant,345.0,350.5,343.3500061035156,347.2250061035156,297.5776062011719,3426258
2012-04-12,M&M.NS,Mahindra & Mahindra,Auto & Turnaround Giant,346.29998779296875,350.8500061035156,345.0,347.67498779296875,297.9632568359375,1932496
2012-04-13,M&M.NS,Mahindra & Mahindra,Auto & Turnaround Giant,349.0,355.375,345.0249938964844,345.92498779296875,296.4635009765625,2321388
2012-04-16,M&M.NS,Mahindra & Mahindra,Auto & Turnaround Giant,344.5,345.8999938964844,340.1000061035156,343.0249938964844,293.97821044921875,1683990
2012-04-17,M&M.NS,Mahindra & Mahindra,Auto & Turnaround Giant,341.5,346.0,339.29998779296875,342.20001220703125,293.27117919921875,2902502
2012-04-18,M&M.NS,Mahindra & Mahindra,Auto & Turnaround Giant,343.5,347.25,343.125,346.1000061035156,296.6134338378906,2327608
2012-04-19,M&M.NS,Mahindra & Mahindra,Auto & Turnaround Giant,349.45001220703125,354.75,346.25,353.2749938964844,302.7625427246094,2832348
2012-04-20,M&M.NS,Mahindra & Mahindra,Auto & Turnaround Giant,352.5,364.67498779296875,352.375,363.2250061035156,311.2899475097656,6215068
2012-04-23,M&M.NS,Mahindra & Mahindra,Auto & Turnaround Giant,362.5,366.8999938964844,354.0249938964844,357.29998779296875,306.2120056152344,3264910
2012-04-24,M&M.NS,Mahindra & Mahindra,Auto & Turnaround Giant,357.04998779296875,359.7749938964844,349.32501220703125,358.375,307.13336181640625,3191268
2012-04-25,M&M.NS,Mahindra & Mahindra,Auto & Turnaround Giant,355.25,357.875,350.1000061035156,351.6499938964844,301.369873046875,1762188
2012-04-26,M&M.NS,Mahindra & Mahindra,Auto & Turnaround Giant,354.3999938964844,356.8999938964844,350.04998779296875,351.92498779296875,301.6055908203125,4072598
2012-04-27,M&M.NS,Mahindra & Mahindra,Auto & Turnaround Giant,352.75,361.0,352.75,356.32501220703125,305.3764343261719,2831972
2012-04-30,M&M.NS,Mahindra & Mahindra,Auto & Turnaround Giant,359.3500061035156,360.82501220703125,351.1499938964844,355.0249938964844,304.2623596191406,2939768
2012-05-02,M&M.NS,Mahindra & Mahindra,Auto & Turnaround Giant,357.5,360.4750061035156,355.6000061035156,357.75,306.59771728515625,3507106
2012-05-03,M&M.NS,Mahindra & Mahindra,Auto & Turnaround Giant,355.8999938964844,357.5,350.70001220703125,352.82501220703125,302.3768615722656,1710010
2012-05-04,M&M.NS,Mahindra & Mahindra,Auto & Turnaround Giant,349.375,351.2250061035156,340.8500061035156,343.5249938964844,294.4066467285156,4106908
2012-05-07,M&M.NS,Mahindra & Mahindra,Auto & Turnaround Giant,340.0,349.5,334.5249938964844,345.0,295.67071533203125,4231810
2012-05-08,M&M.NS,Mahindra & Mahindra,Auto & Turnaround Giant,347.25,349.5,337.07501220703125,338.32501220703125,289.9501037597656,1865514
2012-05-09,M&M.NS,Mahindra & Mahindra,Auto & Turnaround Giant,334.1000061035156,336.29998779296875,324.0,327.6499938964844,280.8014831542969,3109084
2012-05-10,M&M.NS,Mahindra & Mahindra,Auto & Turnaround Giant,326.79998779296875,338.5,326.5249938964844,330.375,283.1368713378906,4236132
2012-05-11,M&M.NS,Mahindra & Mahindra,Auto & Turnaround Giant,327.0,331.0,321.0,327.5249938964844,280.69439697265625,3522152
2012-05-14,M&M.NS,Mahindra & Mahindra,Auto & Turnaround Giant,328.0,334.95001220703125,327.29998779296875,328.45001220703125,281.4871520996094,2372118
2012-05-15,M&M.NS,Mahindra & Mahindra,Auto & Turnaround Giant,325.125,329.8999938964844,324.2250061035156,327.45001220703125,280.630126953125,2234486
2012-05-16,M&M.NS,Mahindra & Mahindra,Auto & Turnaround Giant,320.0,329.5,319.92498779296875,328.2250061035156,281.2943115234375,2914242
2012-05-17,M&M.NS,Mahindra & Mahindra,Auto & Turnaround Giant,330.8999938964844,332.25,316.57501220703125,318.32501220703125,272.8097839355469,2643030
2012-05-18,M&M.NS,Mahindra & Mahindra,Auto & Turnaround Giant,314.0,324.7250061035156,310.54998779296875,320.7250061035156,274.8667297363281,2309952
2012-05-21,M&M.NS,Mahindra & Mahindra,Auto & Turnaround Giant,318.125,326.95001220703125,318.125,323.6499938964844,277.37347412109375,858272
2012-05-22,M&M.NS,Mahindra & Mahindra,Auto & Turnaround Giant,325.57501220703125,328.0,317.70001220703125,319.2250061035156,273.58111572265625,1468180
2012-05-23,M&M.NS,Mahindra & Mahindra,Auto & Turnaround Giant,319.2250061035156,324.1000061035156,316.9750061035156,322.32501220703125,276.2379150390625,3469116
2012-05-24,M&M.NS,Mahindra & Mahindra,Auto & Turnaround Giant,324.25,328.3999938964844,317.04998779296875,326.3500061035156,279.6873779296875,2953242
2012-05-25,M&M.NS,Mahindra & Mahindra,Auto & Turnaround Giant,325.0,325.70001220703125,318.0,319.1499938964844,273.516845703125,2175892
2012-05-28,M&M.NS,Mahindra & Mahindra,Auto & Turnaround Giant,320.17498779296875,328.0,320.17498779296875,326.95001220703125,280.2016296386719,1574674
2012-05-29,M&M.NS,Mahindra & Mahindra,Auto & Turnaround Giant,328.2749938964844,330.3500061035156,326.1499938964844,327.67498779296875,280.82293701171875,1766542
2012-05-30,M&M.NS,Mahindra & Mahindra,Auto & Turnaround Giant,327.5,331.3999938964844,323.75,328.75,281.7442932128906,5021358
2012-05-31,M&M.NS,Mahindra & Mahindra,Auto & Turnaround Giant,327.29998779296875,328.75,324.0249938964844,326.29998779296875,279.64447021484375,4402734
2012-06-01,M&M.NS,Mahindra & Mahindra,Auto & Turnaround Giant,325.0,327.3999938964844,319.5,322.57501220703125,276.4521179199219,4479520
2012-06-04,M&M.NS,Mahindra & Mahindra,Auto & Turnaround Giant,319.95001220703125,325.25,318.125,324.92498779296875,278.46612548828125,1616758
2012-06-05,M&M.NS,Mahindra & Mahindra,Auto & Turnaround Giant,326.0,328.95001220703125,325.0,327.375,280.5657958984375,1559474
2012-06-06,M&M.NS,Mahindra & Mahindra,Auto & Turnaround Giant,330.0249938964844,338.0,328.29998779296875,337.2749938964844,289.0502624511719,3074456
2012-06-07,M&M.NS,Mahindra & Mahindra,Auto & Turnaround Giant,337.82501220703125,345.92498779296875,333.0,344.2749938964844,295.0494384765625,2676424
2012-06-08,M&M.NS,Mahindra & Mahindra,Auto & Turnaround Giant,347.0,347.0,338.3999938964844,344.3500061035156,295.11370849609375,2526222
2012-06-11,M&M.NS,Mahindra & Mahindra,Auto & Turnaround Giant,346.5,348.125,337.95001220703125,339.75,291.1714172363281,1463296
2012-06-12,M&M.NS,Mahindra & Mahindra,Auto & Turnaround Giant,337.5,349.7749938964844,337.1499938964844,347.7749938964844,298.0489501953125,1418462
2012-06-13,M&M.NS,Mahindra & Mahindra,Auto & Turnaround Giant,345.04998779296875,345.625,337.7250061035156,341.70001220703125,292.84259033203125,2947442
2012-06-14,M&M.NS,Mahindra & Mahindra,Auto & Turnaround Giant,342.3999938964844,347.0,338.79998779296875,340.20001220703125,291.55706787109375,1816126
2012-06-15,M&M.NS,Mahindra & Mahindra,Auto & Turnaround Giant,343.0,350.45001220703125,341.54998779296875,349.2250061035156,299.29156494140625,3654156
2012-06-18,M&M.NS,Mahindra & Mahindra,Auto & Turnaround Giant,351.5,354.95001220703125,342.125,346.57501220703125,297.0205993652344,2109428
2012-06-19,M&M.NS,Mahindra & Mahindra,Auto & Turnaround Giant,345.5,350.0,345.0249938964844,347.79998779296875,298.07037353515625,1827626
2012-06-20,M&M.NS,Mahindra & Mahindra,Auto & Turnaround Giant,349.5,351.17498779296875,346.25,347.07501220703125,297.4490966796875,1814974
2012-06-21,M&M.NS,Mahindra & Mahindra,Auto & Turnaround Giant,344.57501220703125,348.5,341.3999938964844,347.45001220703125,297.7704162597656,1907932
2012-06-22,M&M.NS,Mahindra & Mahindra,Auto & Turnaround Giant,344.0,351.8999938964844,344.0,348.8999938964844,299.0130920410156,1818590
2012-06-25,M&M.NS,Mahindra & Mahindra,Auto & Turnaround Giant,350.70001220703125,353.75,343.1000061035156,344.5249938964844,295.263671875,1954370
2012-06-26,M&M.NS,Mahindra & Mahindra,Auto & Turnaround Giant,344.0,348.5,343.1000061035156,346.45001220703125,296.9134521484375,1082318
2012-06-27,M&M.NS,Mahindra & Mahindra,Auto & Turnaround Giant,348.5,350.45001220703125,342.67498779296875,346.29998779296875,296.78485107421875,1390402
2012-06-28,M&M.NS,Mahindra & Mahindra,Auto & Turnaround Giant,348.5,350.7749938964844,342.5,345.79998779296875,296.3563232421875,3097968
2012-06-29,M&M.NS,Mahindra & Mahindra,Auto & Turnaround Giant,350.0,356.3999938964844,349.6000061035156,353.625,303.0625305175781,2685552
2012-07-02,M&M.NS,Mahindra & Mahindra,Auto & Turnaround Giant,354.5,359.0,350.54998779296875,357.45001220703125,306.34063720703125,2416424
2012-07-03,M&M.NS,Mahindra & Mahindra,Auto & Turnaround Giant,359.5,360.875,356.5,358.95001220703125,307.62615966796875,1505186
2012-07-04,M&M.NS,Mahindra & Mahindra,Auto & Turnaround Giant,360.0,363.8500061035156,358.17498779296875,359.2749938964844,307.9046936035156,2751392
2012-07-05,M&M.NS,Mahindra & Mahindra,Auto & Turnaround Giant,358.5,363.0,358.20001220703125,361.0249938964844,309.4044494628906,1825486
2012-07-06,M&M.NS,Mahindra & Mahindra,Auto & Turnaround Giant,361.0249938964844,366.75,361.0249938964844,365.7749938964844,313.4753112792969,3759414
2012-07-09,M&M.NS,Mahindra & Mahindra,Auto & Turnaround Giant,364.20001220703125,368.4750061035156,363.25,364.9750061035156,312.7896423339844,3393804
2012-07-10,M&M.NS,Mahindra & Mahindra,Auto & Turnaround Giant,365.0,368.5,365.0,366.75,314.3108825683594,2954326
2012-07-11,M&M.NS,Mahindra & Mahindra,Auto & Turnaround Giant,364.45001220703125,369.4750061035156,364.0,365.2749938964844,313.04681396484375,3768838
2012-07-12,M&M.NS,Mahindra & Mahindra,Auto & Turnaround Giant,360.0,361.875,358.0,359.2749938964844,313.2647399902344,3151010
2012-07-13,M&M.NS,Mahindra & Mahindra,Auto & Turnaround Giant,359.2749938964844,362.5,358.29998779296875,359.92498779296875,313.83148193359375,1269456
2012-07-16,M&M.NS,Mahindra & Mahindra,Auto & Turnaround Giant,360.0,364.0,358.07501220703125,358.8500061035156,312.8941955566406,1963240
2012-07-17,M&M.NS,Mahindra & Mahindra,Auto & Turnaround Giant,360.5249938964844,362.57501220703125,351.6000061035156,354.04998779296875,308.7088623046875,1562276
2012-07-18,M&M.NS,Mahindra & Mahindra,Auto & Turnaround Giant,355.4750061035156,356.45001220703125,347.0,354.3500061035156,308.970458984375,1580934
2012-07-19,M&M.NS,Mahindra & Mahindra,Auto & Turnaround Giant,357.5,358.9750061035156,353.2749938964844,355.07501220703125,309.6025695800781,1723084
2012-07-20,M&M.NS,Mahindra & Mahindra,Auto & Turnaround Giant,353.5,356.1499938964844,350.0,351.57501220703125,306.5508728027344,834062
2012-07-23,M&M.NS,Mahindra & Mahindra,Auto & Turnaround Giant,349.0,353.0,345.5,346.0249938964844,301.7116394042969,900332
2012-07-24,M&M.NS,Mahindra & Mahindra,Auto & Turnaround Giant,346.75,349.7749938964844,341.5,343.0,299.0740051269531,1064264
2012-07-25,M&M.NS,Mahindra & Mahindra,Auto & Turnaround Giant,343.0,343.6000061035156,337.54998779296875,340.79998779296875,297.1557312011719,942334
2012-07-26,M&M.NS,Mahindra & Mahindra,Auto & Turnaround Giant,343.45001220703125,343.45001220703125,339.125,341.0,297.3301696777344,2302232
2012-07-27,M&M.NS,Mahindra & Mahindra,Auto & Turnaround Giant,347.8999938964844,347.95001220703125,340.92498779296875,343.7250061035156,299.7061462402344,1823968
2012-07-30,M&M.NS,Mahindra & Mahindra,Auto & Turnaround Giant,345.25,354.5,344.17498779296875,353.2749938964844,308.0330810546875,1779854
2012-07-31,M&M.NS,Mahindra & Mahindra,Auto & Turnaround Giant,352.625,356.0,345.07501220703125,350.42498779296875,305.5481262207031,3136338
2012-08-01,M&M.NS,Mahindra & Mahindra,Auto & Turnaround Giant,352.25,354.92498779296875,347.0,349.4750061035156,304.7198181152344,1908952
2012-08-02,M&M.NS,Mahindra & Mahindra,Auto & Turnaround Giant,347.5,349.125,345.04998779296875,347.79998779296875,303.25927734375,983320
2012-08-03,M&M.NS,Mahindra & Mahindra,Auto & Turnaround Giant,345.5,345.57501220703125,340.375,342.3999938964844,298.55084228515625,1255444
2012-08-06,M&M.NS,Mahindra & Mahindra,Auto & Turnaround Giant,345.6499938964844,348.3999938964844,343.6000061035156,347.54998779296875,303.0412902832031,1329338
2012-08-07,M&M.NS,Mahindra & Mahindra,Auto & Turnaround Giant,348.125,350.29998779296875,345.5,348.5249938964844,303.8914489746094,2100568
2012-08-08,M&M.NS,Mahindra & Mahindra,Auto & Turnaround Giant,350.25,364.20001220703125,349.95001220703125,361.3500061035156,315.0740051269531,5686870
2012-08-09,M&M.NS,Mahindra & Mahindra,Auto & Turnaround Giant,364.45001220703125,376.20001220703125,364.25,371.5249938964844,323.94598388671875,4783322
2012-08-10,M&M.NS,Mahindra & Mahindra,Auto & Turnaround Giant,371.0,372.25,366.79998779296875,369.7749938964844,322.4200744628906,1679326
2012-08-13,M&M.NS,Mahindra & Mahindra,Auto & Turnaround Giant,369.0,370.75,365.0,369.8999938964844,322.52911376953125,1361920
2012-08-14,M&M.NS,Mahindra & Mahindra,Auto & Turnaround Giant,367.625,375.75,367.625,374.25,326.3219909667969,1339482
2012-08-16,M&M.NS,Mahindra & Mahindra,Auto & Turnaround Giant,374.0,384.5,374.0,382.6499938964844,333.646240234375,2828960
2012-08-17,M&M.NS,Mahindra & Mahindra,Auto & Turnaround Giant,383.0,389.25,380.04998779296875,384.67498779296875,335.4118957519531,1961664
2012-08-21,M&M.NS,Mahindra & Mahindra,Auto & Turnaround Giant,385.0,393.95001220703125,382.95001220703125,392.7749938964844,342.4746398925781,1506570
2012-08-22,M&M.NS,Mahindra & Mahindra,Auto & Turnaround Giant,390.95001220703125,395.75,390.0249938964844,393.0,342.6707763671875,1044364
2012-08-23,M&M.NS,Mahindra & Mahindra,Auto & Turnaround Giant,393.5,394.92498779296875,384.5,385.5249938964844,336.1530456542969,1259146
2012-08-24,M&M.NS,Mahindra & Mahindra,Auto & Turnaround Giant,382.5,382.5,377.125,380.9750061035156,332.1857604980469,2275312
2012-08-27,M&M.NS,Mahindra & Mahindra,Auto & Turnaround Giant,382.5,389.0249938964844,382.5,386.75,337.2212219238281,1508728
2012-08-28,M&M.NS,Mahindra & Mahindra,Auto & Turnaround Giant,386.54998779296875,389.0,382.5,385.5249938964844,336.1530456542969,1048902
2012-08-29,M&M.NS,Mahindra & Mahindra,Auto & Turnaround Giant,386.0,388.3999938964844,380.625,385.8999938964844,336.4800720214844,1309932
2012-08-30,M&M.NS,Mahindra & Mahindra,Auto & Turnaround Giant,384.5,391.2250061035156,382.04998779296875,386.0,336.5672302246094,3828734
2012-08-31,M&M.NS,Mahindra & Mahindra,Auto & Turnaround Giant,384.125,387.32501220703125,379.3500061035156,381.57501220703125,332.7089538574219,1468502
2012-09-03,M&M.NS,Mahindra & Mahindra,Auto & Turnaround Giant,384.4750061035156,387.32501220703125,376.82501220703125,378.625,330.13671875,1345712
2012-09-04,M&M.NS,Mahindra & Mahindra,Auto & Turnaround Giant,378.3999938964844,383.1499938964844,375.5,380.82501220703125,332.05499267578125,1245912
2012-09-05,M&M.NS,Mahindra & Mahindra,Auto & Turnaround Giant,379.1499938964844,381.20001220703125,373.6000061035156,377.57501220703125,329.22119140625,968164
2012-09-06,M&M.NS,Mahindra & Mahindra,Auto & Turnaround Giant,375.25,381.1499938964844,371.17498779296875,379.54998779296875,330.9432373046875,1654206
2012-09-07,M&M.NS,Mahindra & Mahindra,Auto & Turnaround Giant,384.95001220703125,387.125,380.5,381.8999938964844,332.9923095703125,1811974
2012-09-10,M&M.NS,Mahindra & Mahindra,Auto & Turnaround Giant,382.0,387.29998779296875,379.75,383.2250061035156,334.14764404296875,1164884
2012-09-11,M&M.NS,Mahindra & Mahindra,Auto & Turnaround Giant,380.04998779296875,383.0,378.54998779296875,381.20001220703125,332.3819885253906,1447586
2012-09-12,M&M.NS,Mahindra & Mahindra,Auto & Turnaround Giant,383.0,383.95001220703125,378.79998779296875,381.4750061035156,332.6217956542969,1347052
2012-09-13,M&M.NS,Mahindra & Mahindra,Auto & Turnaround Giant,380.1000061035156,381.25,376.0,377.875,329.4827575683594,1089010
2012-09-14,M&M.NS,Mahindra & Mahindra,Auto & Turnaround Giant,380.0,393.79998779296875,380.0,388.6000061035156,338.834228515625,3792260
2012-09-17,M&M.NS,Mahindra & Mahindra,Auto & Turnaround Giant,394.8999938964844,397.7250061035156,388.6499938964844,396.0,345.2866516113281,3300546
2012-09-18,M&M.NS,Mahindra & Mahindra,Auto & Turnaround Giant,394.9750061035156,403.5,394.92498779296875,399.125,348.0114440917969,3457900
2012-09-20,M&M.NS,Mahindra & Mahindra,Auto & Turnaround Giant,393.125,401.2749938964844,390.4750061035156,392.29998779296875,342.0604248046875,2666092
2012-09-21,M&M.NS,Mahindra & Mahindra,Auto & Turnaround Giant,396.92498779296875,411.8999938964844,395.25,404.45001220703125,352.65447998046875,6069858
2012-09-24,M&M.NS,Mahindra & Mahindra,Auto & Turnaround Giant,406.0,422.1499938964844,406.0,419.54998779296875,365.8207092285156,4341418
2012-09-25,M&M.NS,Mahindra & Mahindra,Auto & Turnaround Giant,421.1499938964844,426.2250061035156,415.5,423.0249938964844,368.8506164550781,3054860
2012-09-26,M&M.NS,Mahindra & Mahindra,Auto & Turnaround Giant,421.625,429.8500061035156,418.92498779296875,424.8999938964844,370.485595703125,4493424
2012-09-27,M&M.NS,Mahindra & Mahindra,Auto & Turnaround Giant,425.95001220703125,434.9750061035156,422.5,426.1000061035156,371.5318908691406,5886478
2012-09-28,M&M.NS,Mahindra & Mahindra,Auto & Turnaround Giant,426.875,436.25,426.875,432.3500061035156,376.9814453125,3832424
2012-10-01,M&M.NS,Mahindra & Mahindra,Auto & Turnaround Giant,432.0,436.0,429.29998779296875,431.82501220703125,376.5237121582031,2716792
2012-10-03,M&M.NS,Mahindra & Mahindra,Auto & Turnaround Giant,432.8500061035156,438.42498779296875,431.95001220703125,434.95001220703125,379.24853515625,2673908
2012-10-04,M&M.NS,Mahindra & Mahindra,Auto & Turnaround Giant,436.0,438.2250061035156,427.0249938964844,429.2250061035156,374.25665283203125,1898630
2012-10-05,M&M.NS,Mahindra & Mahindra,Auto & Turnaround Giant,430.5,440.0,430.5,434.5,378.85614013671875,4792872
2012-10-08,M&M.NS,Mahindra & Mahindra,Auto & Turnaround Giant,434.5,435.6000061035156,430.07501220703125,432.8500061035156,377.41748046875,1666914
2012-10-09,M&M.NS,Mahindra & Mahindra,Auto & Turnaround Giant,435.0,437.7749938964844,431.42498779296875,434.6000061035156,378.94329833984375,1765936
2012-10-10,M&M.NS,Mahindra & Mahindra,Auto & Turnaround Giant,430.5,432.6499938964844,424.5,425.875,371.335693359375,1328716
2012-10-11,M&M.NS,Mahindra & Mahindra,Auto & Turnaround Giant,426.5,428.8999938964844,421.42498779296875,425.17498779296875,370.725341796875,2012474
2012-10-12,M&M.NS,Mahindra & Mahindra,Auto & Turnaround Giant,425.0,431.0,425.0,427.1000061035156,372.40374755859375,973046
2012-10-15,M&M.NS,Mahindra & Mahindra,Auto & Turnaround Giant,428.0,431.5,425.7749938964844,429.0,374.0605163574219,1343426
2012-10-16,M&M.NS,Mahindra & Mahindra,Auto & Turnaround Giant,430.0,432.8500061035156,411.5,412.7250061035156,359.8697204589844,2984004
2012-10-17,M&M.NS,Mahindra & Mahindra,Auto & Turnaround Giant,416.8999938964844,417.04998779296875,409.5,413.32501220703125,360.39288330078125,3836722
2012-10-18,M&M.NS,Mahindra & Mahindra,Auto & Turnaround Giant,415.125,420.2749938964844,411.75,418.54998779296875,364.9486999511719,2435976
2012-10-19,M&M.NS,Mahindra & Mahindra,Auto & Turnaround Giant,419.0,419.04998779296875,410.5,411.875,359.1285095214844,1913796
2012-10-22,M&M.NS,Mahindra & Mahindra,Auto & Turnaround Giant,410.875,419.7749938964844,409.54998779296875,417.29998779296875,363.85882568359375,2247784
2012-10-23,M&M.NS,Mahindra & Mahindra,Auto & Turnaround Giant,419.5,419.5249938964844,412.20001220703125,414.29998779296875,361.24298095703125,1399528
2012-10-25,M&M.NS,Mahindra & Mahindra,Auto & Turnaround Giant,416.375,431.67498779296875,414.32501220703125,428.95001220703125,374.0169372558594,6681196
2012-10-29,M&M.NS,Mahindra & Mahindra,Auto & Turnaround Giant,441.45001220703125,449.8500061035156,441.45001220703125,444.42498779296875,387.5101013183594,2671916
2012-10-30,M&M.NS,Mahindra & Mahindra,Auto & Turnaround Giant,446.2250061035156,449.5,433.70001220703125,436.82501220703125,380.8834228515625,2421606
2012-10-31,M&M.NS,Mahindra & Mahindra,Auto & Turnaround Giant,438.0,444.5,438.0,442.2250061035156,385.5917663574219,2219132
2012-11-01,M&M.NS,Mahindra & Mahindra,Auto & Turnaround Giant,443.5,451.95001220703125,439.75,449.8999938964844,392.283935546875,2708222
2012-11-02,M&M.NS,Mahindra & Mahindra,Auto & Turnaround Giant,454.95001220703125,460.5,453.17498779296875,458.7250061035156,399.9787902832031,3453854
2012-11-05,M&M.NS,Mahindra & Mahindra,Auto & Turnaround Giant,459.0,459.95001220703125,453.20001220703125,455.25,396.94879150390625,1085646
2012-11-06,M&M.NS,Mahindra & Mahindra,Auto & Turnaround Giant,453.0,460.45001220703125,451.6000061035156,457.4750061035156,398.88885498046875,1427522
2012-11-07,M&M.NS,Mahindra & Mahindra,Auto & Turnaround Giant,457.5,464.0,456.0,459.79998779296875,400.9161376953125,1838264
2012-11-08,M&M.NS,Mahindra & Mahindra,Auto & Turnaround Giant,455.07501220703125,461.75,454.1000061035156,457.04998779296875,398.5182800292969,1368402
2012-11-09,M&M.NS,Mahindra & Mahindra,Auto & Turnaround Giant,457.04998779296875,461.95001220703125,453.29998779296875,454.70001220703125,396.46923828125,1026656
2012-11-12,M&M.NS,Mahindra & Mahindra,Auto & Turnaround Giant,456.5,458.79998779296875,450.0249938964844,452.79998779296875,394.81256103515625,1190764
2012-11-15,M&M.NS,Mahindra & Mahindra,Auto & Turnaround Giant,451.0,452.54998779296875,445.07501220703125,450.82501220703125,393.0904541015625,1550830
2012-11-16,M&M.NS,Mahindra & Mahindra,Auto & Turnaround Giant,449.0,455.8500061035156,445.54998779296875,447.2250061035156,389.9515075683594,1580698
2012-11-19,M&M.NS,Mahindra & Mahindra,Auto & Turnaround Giant,447.5,456.70001220703125,447.5,454.3999938964844,396.20758056640625,2597128
2012-11-20,M&M.NS,Mahindra & Mahindra,Auto & Turnaround Giant,456.3500061035156,471.20001220703125,456.3500061035156,469.25,409.1559143066406,5080080
2012-11-21,M&M.NS,Mahindra & Mahindra,Auto & Turnaround Giant,471.3999938964844,475.45001220703125,468.07501220703125,472.0249938964844,411.57550048828125,3204064
2012-11-22,M&M.NS,Mahindra & Mahindra,Auto & Turnaround Giant,473.04998779296875,479.5,469.8500061035156,477.67498779296875,416.501953125,2460064
2012-11-23,M&M.NS,Mahindra & Mahindra,Auto & Turnaround Giant,477.625,478.7749938964844,473.70001220703125,477.0249938964844,415.9352111816406,1261182
2012-11-26,M&M.NS,Mahindra & Mahindra,Auto & Turnaround Giant,478.8500061035156,480.32501220703125,460.0249938964844,461.0249938964844,401.98419189453125,4127288
2012-11-27,M&M.NS,Mahindra & Mahindra,Auto & Turnaround Giant,464.125,468.5,461.25,464.17498779296875,404.7308044433594,3183710
2012-11-29,M&M.NS,Mahindra & Mahindra,Auto & Turnaround Giant,464.5,471.4750061035156,461.07501220703125,466.95001220703125,407.15045166015625,4789062
2012-11-30,M&M.NS,Mahindra & Mahindra,Auto & Turnaround Giant,467.0,475.5,462.5,473.5,412.861572265625,2966406
2012-12-03,M&M.NS,Mahindra & Mahindra,Auto & Turnaround Giant,474.95001220703125,482.75,474.4750061035156,478.82501220703125,417.5047302246094,2507742
2012-12-04,M&M.NS,Mahindra & Mahindra,Auto & Turnaround Giant,477.0,478.5,468.3500061035156,469.3500061035156,409.2431335449219,1401692
2012-12-05,M&M.NS,Mahindra & Mahindra,Auto & Turnaround Giant,470.625,473.45001220703125,464.1499938964844,465.04998779296875,405.4938049316406,2058044
2012-12-06,M&M.NS,Mahindra & Mahindra,Auto & Turnaround Giant,467.25,469.0,456.95001220703125,464.42498779296875,404.94879150390625,3167508
2012-12-07,M&M.NS,Mahindra & Mahindra,Auto & Turnaround Giant,465.25,474.70001220703125,465.25,469.6000061035156,409.4610595703125,2634598
2012-12-10,M&M.NS,Mahindra & Mahindra,Auto & Turnaround Giant,471.0,471.0,461.8500061035156,464.6499938964844,405.1449890136719,1422454
2012-12-11,M&M.NS,Mahindra & Mahindra,Auto & Turnaround Giant,465.0249938964844,467.3999938964844,461.79998779296875,464.875,405.3411865234375,1873574
2012-12-12,M&M.NS,Mahindra & Mahindra,Auto & Turnaround Giant,466.17498779296875,477.1499938964844,466.17498779296875,474.75,413.9515075683594,5889234
2012-12-13,M&M.NS,Mahindra & Mahindra,Auto & Turnaround Giant,475.0249938964844,478.3999938964844,468.54998779296875,471.17498779296875,410.8343505859375,2166214
2012-12-14,M&M.NS,Mahindra & Mahindra,Auto & Turnaround Giant,470.0,477.45001220703125,470.0,476.04998779296875,415.08502197265625,2395326
2012-12-17,M&M.NS,Mahindra & Mahindra,Auto & Turnaround Giant,470.0,483.7749938964844,470.0,480.125,418.6381530761719,2935890
2012-12-18,M&M.NS,Mahindra & Mahindra,Auto & Turnaround Giant,483.25,486.75,481.54998779296875,483.6000061035156,421.66815185546875,2785784
2012-12-19,M&M.NS,Mahindra & Mahindra,Auto & Turnaround Giant,487.5,488.0,482.0,484.0,422.0169677734375,1671612
2012-12-20,M&M.NS,Mahindra & Mahindra,Auto & Turnaround Giant,485.5,485.5,474.04998779296875,476.57501220703125,415.5428466796875,1357158
2012-12-21,M&M.NS,Mahindra & Mahindra,Auto & Turnaround Giant,475.5,476.0,467.17498779296875,468.7749938964844,408.74169921875,1244612
2012-12-24,M&M.NS,Mahindra & Mahindra,Auto & Turnaround Giant,473.0,474.04998779296875,467.5,468.82501220703125,408.7852783203125,1253242
2012-12-26,M&M.NS,Mahindra & Mahindra,Auto & Turnaround Giant,468.8500061035156,475.0,468.8500061035156,472.32501220703125,411.8370361328125,856308
2012-12-27,M&M.NS,Mahindra & Mahindra,Auto & Turnaround Giant,472.3500061035156,475.8500061035156,462.54998779296875,465.17498779296875,405.602783203125,2413928
2012-12-28,M&M.NS,Mahindra & Mahindra,Auto & Turnaround Giant,467.5,469.0,460.04998779296875,462.29998779296875,403.095947265625,1286474
2012-12-31,M&M.NS,Mahindra & Mahindra,Auto & Turnaround Giant,462.0,467.17498779296875,462.0,465.82501220703125,406.1695556640625,854622
2013-01-01,M&M.NS,Mahindra & Mahindra,Auto & Turnaround Giant,468.5,472.0,467.45001220703125,470.8999938964844,410.5946044921875,770220
2013-01-02,M&M.NS,Mahindra & Mahindra,Auto & Turnaround Giant,472.5,473.92498779296875,466.75,469.29998779296875,409.1994934082031,2060272
2013-01-03,M&M.NS,Mahindra & Mahindra,Auto & Turnaround Giant,471.5,471.5,466.04998779296875,468.20001220703125,408.2403564453125,1902904
2013-01-04,M&M.NS,Mahindra & Mahindra,Auto & Turnaround Giant,466.32501220703125,471.8500061035156,464.67498779296875,470.625,410.35479736328125,1914216
2013-01-07,M&M.NS,Mahindra & Mahindra,Auto & Turnaround Giant,473.8999938964844,478.875,469.9750061035156,477.07501220703125,415.97882080078125,2523912
2013-01-08,M&M.NS,Mahindra & Mahindra,Auto & Turnaround Giant,478.5,481.7250061035156,476.1499938964844,479.1499938964844,417.7880554199219,1769202
2013-01-09,M&M.NS,Mahindra & Mahindra,Auto & Turnaround Giant,479.0,487.3999938964844,478.4750061035156,482.2250061035156,420.4692687988281,2354020
2013-01-10,M&M.NS,Mahindra & Mahindra,Auto & Turnaround Giant,484.8999938964844,487.0,476.95001220703125,480.6499938964844,419.0959777832031,1518936
2013-01-11,M&M.NS,Mahindra & Mahindra,Auto & Turnaround Giant,481.6499938964844,482.5,464.92498779296875,468.95001220703125,408.894287109375,1949538
2013-01-14,M&M.NS,Mahindra & Mahindra,Auto & Turnaround Giant,467.7749938964844,474.25,465.5249938964844,467.5,407.6300354003906,1252832
2013-01-15,M&M.NS,Mahindra & Mahindra,Auto & Turnaround Giant,471.20001220703125,473.125,463.70001220703125,464.6499938964844,405.1449890136719,2584822
2013-01-16,M&M.NS,Mahindra & Mahindra,Auto & Turnaround Giant,465.04998779296875,465.5,449.0,450.3500061035156,392.67626953125,2349322
2013-01-17,M&M.NS,Mahindra & Mahindra,Auto & Turnaround Giant,450.125,454.5,446.0,450.4750061035156,392.7852783203125,2400242
2013-01-18,M&M.NS,Mahindra & Mahindra,Auto & Turnaround Giant,452.125,452.5,433.32501220703125,443.0,386.2676086425781,5929114
2013-01-21,M&M.NS,Mahindra & Mahindra,Auto & Turnaround Giant,443.04998779296875,445.04998779296875,435.6000061035156,441.04998779296875,384.56732177734375,1726676
2013-01-22,M&M.NS,Mahindra & Mahindra,Auto & Turnaround Giant,440.0,447.875,440.0,441.82501220703125,385.2430725097656,1464620
2013-01-23,M&M.NS,Mahindra & Mahindra,Auto & Turnaround Giant,442.0249938964844,447.1499938964844,437.7250061035156,440.9750061035156,384.5019226074219,1853356
2013-01-24,M&M.NS,Mahindra & Mahindra,Auto & Turnaround Giant,440.92498779296875,442.45001220703125,425.5,438.6499938964844,382.47467041015625,2272096
2013-01-25,M&M.NS,Mahindra & Mahindra,Auto & Turnaround Giant,440.0,452.20001220703125,433.75,450.75,393.0250549316406,2626786
2013-01-28,M&M.NS,Mahindra & Mahindra,Auto & Turnaround Giant,451.5249938964844,459.3999938964844,449.5,452.45001220703125,394.50738525390625,2654740
2013-01-29,M&M.NS,Mahindra & Mahindra,Auto & Turnaround Giant,452.5,455.0,447.5,449.29998779296875,391.76080322265625,3007664
2013-01-30,M&M.NS,Mahindra & Mahindra,Auto & Turnaround Giant,451.125,451.92498779296875,443.0,447.25,389.9732971191406,1418660
2013-01-31,M&M.NS,Mahindra & Mahindra,Auto & Turnaround Giant,447.0,450.0249938964844,442.57501220703125,444.625,387.6844787597656,2278724
2013-02-01,M&M.NS,Mahindra & Mahindra,Auto & Turnaround Giant,443.5249938964844,449.79998779296875,440.6000061035156,443.04998779296875,386.31109619140625,1398676
2013-02-04,M&M.NS,Mahindra & Mahindra,Auto & Turnaround Giant,444.125,445.0,439.5,441.95001220703125,385.35205078125,1911016
2013-02-05,M&M.NS,Mahindra & Mahindra,Auto & Turnaround Giant,438.17498779296875,445.95001220703125,437.6499938964844,443.54998779296875,386.7472229003906,1398634
2013-02-06,M&M.NS,Mahindra & Mahindra,Auto & Turnaround Giant,444.625,446.75,439.67498779296875,442.57501220703125,385.89703369140625,2203620
2013-02-07,M&M.NS,Mahindra & Mahindra,Auto & Turnaround Giant,441.125,449.5,441.125,448.29998779296875,390.8888244628906,1770238
2013-02-08,M&M.NS,Mahindra & Mahindra,Auto & Turnaround Giant,450.0,453.25,438.2250061035156,442.29998779296875,385.6572570800781,6374558
2013-02-11,M&M.NS,Mahindra & Mahindra,Auto & Turnaround Giant,445.0,445.9750061035156,438.5249938964844,441.25,384.74169921875,2140968
2013-02-12,M&M.NS,Mahindra & Mahindra,Auto & Turnaround Giant,440.625,443.5249938964844,438.75,442.25,385.6136779785156,1191346
2013-02-13,M&M.NS,Mahindra & Mahindra,Auto & Turnaround Giant,442.95001220703125,450.95001220703125,441.625,448.5,391.063232421875,1802018
2013-02-14,M&M.NS,Mahindra & Mahindra,Auto & Turnaround Giant,449.45001220703125,452.5,446.2749938964844,450.3999938964844,392.71990966796875,3293954
2013-02-15,M&M.NS,Mahindra & Mahindra,Auto & Turnaround Giant,448.6000061035156,451.875,443.5249938964844,448.9750061035156,391.4774169921875,3271588
2013-02-18,M&M.NS,Mahindra & Mahindra,Auto & Turnaround Giant,447.5249938964844,450.0,445.0,446.17498779296875,389.0359802246094,1598600
2013-02-19,M&M.NS,Mahindra & Mahindra,Auto & Turnaround Giant,446.0,450.0,446.0,449.6000061035156,392.0223388671875,1315964
2013-02-20,M&M.NS,Mahindra & Mahindra,Auto & Turnaround Giant,452.5249938964844,455.42498779296875,447.8999938964844,449.25,391.7171936035156,3005672
2013-02-21,M&M.NS,Mahindra & Mahindra,Auto & Turnaround Giant,447.0,449.0,441.54998779296875,442.8500061035156,386.1368408203125,3804512
2013-02-22,M&M.NS,Mahindra & Mahindra,Auto & Turnaround Giant,442.625,449.5,437.25,447.625,390.30029296875,2926370
2013-02-25,M&M.NS,Mahindra & Mahindra,Auto & Turnaround Giant,448.5,449.5,443.70001220703125,447.3999938964844,390.10406494140625,2315532
2013-02-26,M&M.NS,Mahindra & Mahindra,Auto & Turnaround Giant,446.5,446.5,429.625,432.875,377.439208984375,2102498
2013-02-27,M&M.NS,Mahindra & Mahindra,Auto & Turnaround Giant,433.5,449.5,425.0,446.3999938964844,389.232177734375,3706706
2013-02-28,M&M.NS,Mahindra & Mahindra,Auto & Turnaround Giant,447.625,451.5,433.0,436.8500061035156,380.9051818847656,8501418
2013-03-01,M&M.NS,Mahindra & Mahindra,Auto & Turnaround Giant,436.5,446.125,431.125,443.54998779296875,386.7472229003906,5771830
2013-03-04,M&M.NS,Mahindra & Mahindra,Auto & Turnaround Giant,441.6000061035156,445.0,437.0,442.75,386.04962158203125,5970552
2013-03-05,M&M.NS,Mahindra & Mahindra,Auto & Turnaround Giant,442.6000061035156,454.54998779296875,440.2250061035156,448.7749938964844,391.30303955078125,3787836
2013-03-06,M&M.NS,Mahindra & Mahindra,Auto & Turnaround Giant,448.25,449.29998779296875,436.7749938964844,439.0,382.7798156738281,3576974
2013-03-07,M&M.NS,Mahindra & Mahindra,Auto & Turnaround Giant,435.5,446.29998779296875,434.6499938964844,442.79998779296875,386.09326171875,3841368
2013-03-08,M&M.NS,Mahindra & Mahindra,Auto & Turnaround Giant,447.3500061035156,453.42498779296875,445.0,452.1000061035156,394.2021789550781,2466284
2013-03-11,M&M.NS,Mahindra & Mahindra,Auto & Turnaround Giant,452.95001220703125,460.95001220703125,447.57501220703125,456.42498779296875,397.9732666015625,2939170
2013-03-12,M&M.NS,Mahindra & Mahindra,Auto & Turnaround Giant,457.5,464.9750061035156,456.70001220703125,458.42498779296875,399.7171325683594,3979108
2013-03-13,M&M.NS,Mahindra & Mahindra,Auto & Turnaround Giant,456.7749938964844,458.0,453.1000061035156,455.2749938964844,396.9706115722656,1039436
2013-03-14,M&M.NS,Mahindra & Mahindra,Auto & Turnaround Giant,454.54998779296875,461.42498779296875,446.5,457.1499938964844,398.6054382324219,1994128
2013-03-15,M&M.NS,Mahindra & Mahindra,Auto & Turnaround Giant,457.7749938964844,466.1499938964844,457.7749938964844,463.875,404.46923828125,4064768
2013-03-18,M&M.NS,Mahindra & Mahindra,Auto & Turnaround Giant,459.95001220703125,463.29998779296875,454.5,456.7749938964844,398.27850341796875,1594380
2013-03-19,M&M.NS,Mahindra & Mahindra,Auto & Turnaround Giant,460.0,460.0,437.20001220703125,439.17498779296875,382.93243408203125,3577832
2013-03-20,M&M.NS,Mahindra & Mahindra,Auto & Turnaround Giant,438.6000061035156,441.625,431.125,436.70001220703125,380.7743835449219,2192042
2013-03-21,M&M.NS,Mahindra & Mahindra,Auto & Turnaround Giant,437.5,448.20001220703125,428.6499938964844,440.32501220703125,383.9351501464844,3100226
2013-03-22,M&M.NS,Mahindra & Mahindra,Auto & Turnaround Giant,445.5,447.375,433.07501220703125,436.67498779296875,380.7525634765625,1691910
2013-03-25,M&M.NS,Mahindra & Mahindra,Auto & Turnaround Giant,438.75,440.0,430.25,432.2250061035156,376.87249755859375,1724612
2013-03-26,M&M.NS,Mahindra & Mahindra,Auto & Turnaround Giant,430.125,436.5,426.7749938964844,431.625,376.3492736816406,2226562
2013-03-28,M&M.NS,Mahindra & Mahindra,Auto & Turnaround Giant,433.125,434.95001220703125,420.04998779296875,430.6499938964844,375.4991455078125,3656070
2013-04-01,M&M.NS,Mahindra & Mahindra,Auto & Turnaround Giant,431.5,433.3999938964844,423.79998779296875,428.54998779296875,373.6680603027344,1135020
2013-04-02,M&M.NS,Mahindra & Mahindra,Auto & Turnaround Giant,431.0,432.70001220703125,425.0,431.0,375.8043518066406,1362702
2013-04-03,M&M.NS,Mahindra & Mahindra,Auto & Turnaround Giant,430.5,431.125,420.625,421.95001220703125,367.913330078125,2095266
2013-04-04,M&M.NS,Mahindra & Mahindra,Auto & Turnaround Giant,419.54998779296875,428.5,419.0,424.17498779296875,369.8533935546875,2364276
2013-04-05,M&M.NS,Mahindra & Mahindra,Auto & Turnaround Giant,422.6499938964844,427.0249938964844,415.75,418.95001220703125,365.29754638671875,2327420
2013-04-08,M&M.NS,Mahindra & Mahindra,Auto & Turnaround Giant,421.0,424.6000061035156,417.625,419.9750061035156,366.1912536621094,795854
2013-04-09,M&M.NS,Mahindra & Mahindra,Auto & Turnaround Giant,422.0,425.92498779296875,417.5,419.6499938964844,365.9078674316406,1563698
2013-04-10,M&M.NS,Mahindra & Mahindra,Auto & Turnaround Giant,421.0,421.5,413.1499938964844,418.5,364.9051513671875,931878
2013-04-11,M&M.NS,Mahindra & Mahindra,Auto & Turnaround Giant,416.6499938964844,418.5,410.125,416.04998779296875,362.7688903808594,1605646
2013-04-12,M&M.NS,Mahindra & Mahindra,Auto & Turnaround Giant,412.5,420.7250061035156,408.0249938964844,411.67498779296875,358.95416259765625,2589774
2013-04-15,M&M.NS,Mahindra & Mahindra,Auto & Turnaround Giant,408.79998779296875,411.82501220703125,404.4750061035156,406.4750061035156,354.420166015625,2840046
2013-04-16,M&M.NS,Mahindra & Mahindra,Auto & Turnaround Giant,407.0,424.29998779296875,404.7749938964844,422.42498779296875,368.3275146484375,3578520
2013-04-17,M&M.NS,Mahindra & Mahindra,Auto & Turnaround Giant,422.5,444.95001220703125,422.5,440.45001220703125,384.04412841796875,5989870
2013-04-18,M&M.NS,Mahindra & Mahindra,Auto & Turnaround Giant,439.04998779296875,456.7250061035156,435.125,451.95001220703125,394.0714416503906,3677892
2013-04-22,M&M.NS,Mahindra & Mahindra,Auto & Turnaround Giant,454.6000061035156,457.0,441.29998779296875,446.125,388.9923400878906,2103264
2013-04-23,M&M.NS,Mahindra & Mahindra,Auto & Turnaround Giant,449.3999938964844,449.3999938964844,438.95001220703125,442.67498779296875,385.98419189453125,1350424
2013-04-25,M&M.NS,Mahindra & Mahindra,Auto & Turnaround Giant,445.0,459.5,440.20001220703125,454.54998779296875,396.3384094238281,3437440
2013-04-26,M&M.NS,Mahindra & Mahindra,Auto & Turnaround Giant,452.5,452.9750061035156,440.70001220703125,444.875,387.9024658203125,2593644
2013-04-29,M&M.NS,Mahindra & Mahindra,Auto & Turnaround Giant,447.5,452.875,445.6000061035156,451.1000061035156,393.3302307128906,1918246
2013-04-30,M&M.NS,Mahindra & Mahindra,Auto & Turnaround Giant,451.17498779296875,465.875,440.5,462.04998779296875,402.87799072265625,2481850
2013-05-02,M&M.NS,Mahindra & Mahindra,Auto & Turnaround Giant,456.95001220703125,484.3999938964844,456.20001220703125,476.79998779296875,415.7389831542969,4519532
2013-05-03,M&M.NS,Mahindra & Mahindra,Auto & Turnaround Giant,476.25,486.8500061035156,469.70001220703125,480.5,418.9651794433594,3424494
2013-05-06,M&M.NS,Mahindra & Mahindra,Auto & Turnaround Giant,477.54998779296875,487.3999938964844,477.54998779296875,483.2250061035156,421.3411865234375,1756394
2013-05-07,M&M.NS,Mahindra & Mahindra,Auto & Turnaround Giant,480.57501220703125,483.2250061035156,474.0,479.54998779296875,418.13677978515625,2250700
2013-05-08,M&M.NS,Mahindra & Mahindra,Auto & Turnaround Giant,481.625,482.0,470.67498779296875,473.20001220703125,412.6000671386719,2003464
2013-05-09,M&M.NS,Mahindra & Mahindra,Auto & Turnaround Giant,472.2749938964844,480.6499938964844,469.17498779296875,473.95001220703125,413.2539978027344,1999972
2013-05-10,M&M.NS,Mahindra & Mahindra,Auto & Turnaround Giant,473.125,488.79998779296875,473.125,485.1000061035156,422.9761047363281,3589228
2013-05-13,M&M.NS,Mahindra & Mahindra,Auto & Turnaround Giant,482.0,486.0,475.1000061035156,478.17498779296875,416.9378356933594,1231670
2013-05-14,M&M.NS,Mahindra & Mahindra,Auto & Turnaround Giant,477.625,481.2749938964844,473.45001220703125,475.3999938964844,414.51837158203125,1148012
2013-05-15,M&M.NS,Mahindra & Mahindra,Auto & Turnaround Giant,476.625,496.5,475.20001220703125,491.875,428.8834228515625,2801338
2013-05-16,M&M.NS,Mahindra & Mahindra,Auto & Turnaround Giant,490.0,498.5,486.04998779296875,492.70001220703125,429.6027526855469,2046714
2013-05-17,M&M.NS,Mahindra & Mahindra,Auto & Turnaround Giant,490.04998779296875,497.2250061035156,489.95001220703125,493.6499938964844,430.4311218261719,1305790
2013-05-20,M&M.NS,Mahindra & Mahindra,Auto & Turnaround Giant,492.29998779296875,513.0,492.0,501.0,436.83990478515625,2904248
2013-05-21,M&M.NS,Mahindra & Mahindra,Auto & Turnaround Giant,501.0,501.0,490.4750061035156,493.875,430.6273193359375,1308286
2013-05-22,M&M.NS,Mahindra & Mahindra,Auto & Turnaround Giant,496.25,502.4750061035156,491.25,495.04998779296875,431.65179443359375,1368140
2013-05-23,M&M.NS,Mahindra & Mahindra,Auto & Turnaround Giant,487.75,492.25,475.1499938964844,479.57501220703125,418.1586608886719,1379700
2013-05-24,M&M.NS,Mahindra & Mahindra,Auto & Turnaround Giant,482.54998779296875,489.9750061035156,476.04998779296875,484.04998779296875,422.060546875,1349358
2013-05-27,M&M.NS,Mahindra & Mahindra,Auto & Turnaround Giant,483.07501220703125,483.25,471.32501220703125,475.95001220703125,414.9978942871094,1247108
2013-05-28,M&M.NS,Mahindra & Mahindra,Auto & Turnaround Giant,476.0,488.4750061035156,466.29998779296875,486.42498779296875,424.1314392089844,2517018
2013-05-29,M&M.NS,Mahindra & Mahindra,Auto & Turnaround Giant,488.25,489.70001220703125,478.04998779296875,480.5249938964844,418.9869384765625,1086242
2013-05-30,M&M.NS,Mahindra & Mahindra,Auto & Turnaround Giant,477.67498779296875,504.42498779296875,477.67498779296875,502.32501220703125,437.9952392578125,5534838
2013-05-31,M&M.NS,Mahindra & Mahindra,Auto & Turnaround Giant,502.29998779296875,504.17498779296875,480.1000061035156,483.7749938964844,421.8207092285156,4675066
2013-06-03,M&M.NS,Mahindra & Mahindra,Auto & Turnaround Giant,479.125,494.5,472.8500061035156,486.8999938964844,424.5455322265625,4781134
2013-06-04,M&M.NS,Mahindra & Mahindra,Auto & Turnaround Giant,489.0,498.75,487.0,493.6000061035156,430.3875427246094,2319644
2013-06-05,M&M.NS,Mahindra & Mahindra,Auto & Turnaround Giant,492.5,499.0,488.45001220703125,493.2749938964844,430.1041564941406,1894806
2013-06-06,M&M.NS,Mahindra & Mahindra,Auto & Turnaround Giant,491.0,499.5,486.125,495.6000061035156,432.13140869140625,1776942
2013-06-07,M&M.NS,Mahindra & Mahindra,Auto & Turnaround Giant,495.6000061035156,498.25,480.5,483.17498779296875,421.2976379394531,1397688
2013-06-10,M&M.NS,Mahindra & Mahindra,Auto & Turnaround Giant,488.04998779296875,492.3500061035156,485.5249938964844,488.17498779296875,425.6573181152344,1841766
2013-06-11,M&M.NS,Mahindra & Mahindra,Auto & Turnaround Giant,483.54998779296875,484.07501220703125,468.2749938964844,473.45001220703125,412.81805419921875,1872440
2013-06-12,M&M.NS,Mahindra & Mahindra,Auto & Turnaround Giant,473.5,481.79998779296875,462.875,473.6499938964844,412.9924621582031,1734204
2013-06-13,M&M.NS,Mahindra & Mahindra,Auto & Turnaround Giant,475.5,475.5,456.6000061035156,461.92498779296875,402.76898193359375,1600804
2013-06-14,M&M.NS,Mahindra & Mahindra,Auto & Turnaround Giant,466.5,477.45001220703125,463.20001220703125,474.5,413.7335510253906,1997326
2013-06-17,M&M.NS,Mahindra & Mahindra,Auto & Turnaround Giant,482.5,500.375,479.5,494.67498779296875,431.3248596191406,3254262
2013-06-18,M&M.NS,Mahindra & Mahindra,Auto & Turnaround Giant,496.5,499.875,490.07501220703125,491.875,428.8834228515625,2068668
2013-06-19,M&M.NS,Mahindra & Mahindra,Auto & Turnaround Giant,490.79998779296875,493.42498779296875,486.0,489.95001220703125,427.2049865722656,1065006
2013-06-20,M&M.NS,Mahindra & Mahindra,Auto & Turnaround Giant,483.0,483.0,467.875,471.45001220703125,411.07415771484375,2822484
2013-06-21,M&M.NS,Mahindra & Mahindra,Auto & Turnaround Giant,468.75,477.25,461.6000061035156,469.82501220703125,409.65728759765625,2351226
2013-06-24,M&M.NS,Mahindra & Mahindra,Auto & Turnaround Giant,468.29998779296875,471.0,457.6000061035156,463.4750061035156,404.1204528808594,1498646
2013-06-25,M&M.NS,Mahindra & Mahindra,Auto & Turnaround Giant,465.0,480.0,462.54998779296875,478.3999938964844,417.13409423828125,1594854
2013-06-26,M&M.NS,Mahindra & Mahindra,Auto & Turnaround Giant,476.125,479.5,452.0,455.57501220703125,397.23211669921875,3998270
2013-06-27,M&M.NS,Mahindra & Mahindra,Auto & Turnaround Giant,461.5,475.17498779296875,461.125,466.82501220703125,407.04144287109375,4182584
2013-06-28,M&M.NS,Mahindra & Mahindra,Auto & Turnaround Giant,469.82501220703125,487.9750061035156,469.82501220703125,485.29998779296875,423.1504211425781,3284804
2013-07-01,M&M.NS,Mahindra & Mahindra,Auto & Turnaround Giant,482.5,494.95001220703125,475.20001220703125,493.375,430.1913757324219,2396738
2013-07-02,M&M.NS,Mahindra & Mahindra,Auto & Turnaround Giant,490.0,497.1499938964844,485.04998779296875,489.45001220703125,426.76898193359375,1639610
2013-07-03,M&M.NS,Mahindra & Mahindra,Auto & Turnaround Giant,484.5,492.9750061035156,481.3500061035156,490.0249938964844,427.2703857421875,1814958
2013-07-04,M&M.NS,Mahindra & Mahindra,Auto & Turnaround Giant,492.45001220703125,494.3500061035156,486.54998779296875,491.0249938964844,428.1423034667969,1513212
2013-07-05,M&M.NS,Mahindra & Mahindra,Auto & Turnaround Giant,493.1000061035156,494.6499938964844,482.6000061035156,485.82501220703125,423.6082763671875,2038138
2013-07-08,M&M.NS,Mahindra & Mahindra,Auto & Turnaround Giant,480.82501220703125,481.8500061035156,470.04998779296875,473.8500061035156,413.16680908203125,1470242
2013-07-09,M&M.NS,Mahindra & Mahindra,Auto & Turnaround Giant,475.54998779296875,479.92498779296875,467.125,469.04998779296875,408.9814453125,2237702
2013-07-10,M&M.NS,Mahindra & Mahindra,Auto & Turnaround Giant,470.04998779296875,474.0,453.5,456.2749938964844,397.8425598144531,2389012
2013-07-11,M&M.NS,Mahindra & Mahindra,Auto & Turnaround Giant,462.5,464.9750061035156,457.5249938964844,458.8999938964844,400.1313781738281,3315822
2013-07-12,M&M.NS,Mahindra & Mahindra,Auto & Turnaround Giant,460.625,462.5,447.5,453.625,395.5318298339844,3761184
2013-07-15,M&M.NS,Mahindra & Mahindra,Auto & Turnaround Giant,453.45001220703125,465.95001220703125,453.0,464.1000061035156,404.6654052734375,2018096
2013-07-16,M&M.NS,Mahindra & Mahindra,Auto & Turnaround Giant,454.54998779296875,462.0,453.25,456.75,398.2567443847656,2356220
2013-07-17,M&M.NS,Mahindra & Mahindra,Auto & Turnaround Giant,462.04998779296875,467.32501220703125,438.29998779296875,446.57501220703125,389.3847351074219,3625068
2013-07-18,M&M.NS,Mahindra & Mahindra,Auto & Turnaround Giant,444.5,445.25,431.20001220703125,437.375,386.99578857421875,4034936
2013-07-19,M&M.NS,Mahindra & Mahindra,Auto & Turnaround Giant,437.82501220703125,449.5,434.5,439.625,388.986572265625,3244576
2013-07-22,M&M.NS,Mahindra & Mahindra,Auto & Turnaround Giant,437.5,452.5,437.5,451.3500061035156,399.3609924316406,1196498
2013-07-23,M&M.NS,Mahindra & Mahindra,Auto & Turnaround Giant,452.54998779296875,462.95001220703125,449.4750061035156,460.6499938964844,407.58984375,2109578
2013-07-24,M&M.NS,Mahindra & Mahindra,Auto & Turnaround Giant,458.5,459.4750061035156,441.5249938964844,446.875,395.4014587402344,1781426
2013-07-25,M&M.NS,Mahindra & Mahindra,Auto & Turnaround Giant,442.5,453.6499938964844,437.70001220703125,439.9750061035156,389.2962646484375,2267884
2013-07-26,M&M.NS,Mahindra & Mahindra,Auto & Turnaround Giant,440.625,448.8999938964844,440.625,447.42498779296875,395.8880920410156,1741962
2013-07-29,M&M.NS,Mahindra & Mahindra,Auto & Turnaround Giant,443.04998779296875,452.2250061035156,443.04998779296875,448.875,397.1711120605469,1603764
2013-07-30,M&M.NS,Mahindra & Mahindra,Auto & Turnaround Giant,448.0,452.4750061035156,445.5,448.42498779296875,396.77294921875,2590040
2013-07-31,M&M.NS,Mahindra & Mahindra,Auto & Turnaround Giant,444.0,458.125,444.0,455.70001220703125,403.2099914550781,2787640
2013-08-01,M&M.NS,Mahindra & Mahindra,Auto & Turnaround Giant,456.04998779296875,461.57501220703125,433.5249938964844,435.75,385.5578308105469,2654138
2013-08-02,M&M.NS,Mahindra & Mahindra,Auto & Turnaround Giant,438.5,439.0,424.9750061035156,427.375,378.1475830078125,3615722
2013-08-05,M&M.NS,Mahindra & Mahindra,Auto & Turnaround Giant,428.04998779296875,439.95001220703125,428.0,432.29998779296875,382.5052795410156,1792026
2013-08-06,M&M.NS,Mahindra & Mahindra,Auto & Turnaround Giant,428.32501220703125,433.9750061035156,424.2749938964844,427.07501220703125,377.8821716308594,1929898
2013-08-07,M&M.NS,Mahindra & Mahindra,Auto & Turnaround Giant,428.0,429.0,418.54998779296875,421.29998779296875,372.7723693847656,3016134
2013-08-08,M&M.NS,Mahindra & Mahindra,Auto & Turnaround Giant,425.0,435.42498779296875,423.1000061035156,431.8500061035156,382.1071472167969,1771846
2013-08-12,M&M.NS,Mahindra & Mahindra,Auto & Turnaround Giant,433.75,437.5,427.0,430.625,381.02325439453125,1631690
2013-08-13,M&M.NS,Mahindra & Mahindra,Auto & Turnaround Giant,435.1000061035156,449.20001220703125,433.125,436.875,386.5533752441406,7312106
2013-08-14,M&M.NS,Mahindra & Mahindra,Auto & Turnaround Giant,437.5,442.5,432.04998779296875,436.7250061035156,386.4206848144531,5129438
2013-08-16,M&M.NS,Mahindra & Mahindra,Auto & Turnaround Giant,436.5,436.5,414.4750061035156,420.04998779296875,371.6663513183594,7310122
2013-08-19,M&M.NS,Mahindra & Mahindra,Auto & Turnaround Giant,422.5,422.5,393.125,405.125,358.4605407714844,5474550
2013-08-20,M&M.NS,Mahindra & Mahindra,Auto & Turnaround Giant,399.0,402.0,388.79998779296875,395.75,350.165283203125,2451758
2013-08-21,M&M.NS,Mahindra & Mahindra,Auto & Turnaround Giant,404.0,407.79998779296875,387.5,391.9750061035156,346.8251647949219,4046642
2013-08-22,M&M.NS,Mahindra & Mahindra,Auto & Turnaround Giant,387.6000061035156,400.70001220703125,374.7749938964844,396.6000061035156,350.91741943359375,5914786
2013-08-23,M&M.NS,Mahindra & Mahindra,Auto & Turnaround Giant,395.5,409.8500061035156,392.7749938964844,406.8999938964844,360.031005859375,2387096
2013-08-26,M&M.NS,Mahindra & Mahindra,Auto & Turnaround Giant,410.0,410.875,398.75,403.95001220703125,357.4208068847656,2182110
2013-08-27,M&M.NS,Mahindra & Mahindra,Auto & Turnaround Giant,400.0,402.25,392.0,394.70001220703125,349.2362976074219,4255842
2013-08-28,M&M.NS,Mahindra & Mahindra,Auto & Turnaround Giant,390.0,392.7749938964844,370.07501220703125,387.95001220703125,343.2637634277344,3903860
2013-08-29,M&M.NS,Mahindra & Mahindra,Auto & Turnaround Giant,387.0,402.4750061035156,383.32501220703125,397.125,351.3819274902344,3233194
2013-08-30,M&M.NS,Mahindra & Mahindra,Auto & Turnaround Giant,399.4750061035156,400.79998779296875,384.125,391.625,346.5154724121094,4061386
2013-09-02,M&M.NS,Mahindra & Mahindra,Auto & Turnaround Giant,388.0,391.54998779296875,377.75,383.0249938964844,338.90606689453125,3730944
2013-09-03,M&M.NS,Mahindra & Mahindra,Auto & Turnaround Giant,384.0,387.3999938964844,380.0,384.0249938964844,339.7909240722656,2920674
2013-09-04,M&M.NS,Mahindra & Mahindra,Auto & Turnaround Giant,384.4750061035156,394.45001220703125,380.45001220703125,390.17498779296875,345.2325439453125,2228394
2013-09-05,M&M.NS,Mahindra & Mahindra,Auto & Turnaround Giant,396.0,399.125,386.79998779296875,388.5249938964844,343.7725524902344,3914814
2013-09-06,M&M.NS,Mahindra & Mahindra,Auto & Turnaround Giant,390.0,392.5249938964844,373.6000061035156,384.7250061035156,340.4102783203125,4822424
2013-09-10,M&M.NS,Mahindra & Mahindra,Auto & Turnaround Giant,389.3999938964844,408.3999938964844,383.2749938964844,406.4750061035156,359.6549987792969,3849196
2013-09-11,M&M.NS,Mahindra & Mahindra,Auto & Turnaround Giant,408.5,417.5,402.54998779296875,413.67498779296875,366.025634765625,2612550
2013-09-12,M&M.NS,Mahindra & Mahindra,Auto & Turnaround Giant,417.95001220703125,417.95001220703125,398.8999938964844,406.42498779296875,359.61077880859375,2683098
2013-09-13,M&M.NS,Mahindra & Mahindra,Auto & Turnaround Giant,407.45001220703125,417.5,405.70001220703125,415.1499938964844,367.33074951171875,2459686
2013-09-16,M&M.NS,Mahindra & Mahindra,Auto & Turnaround Giant,420.0,431.6499938964844,414.75,418.5,370.294921875,4538326
2013-09-17,M&M.NS,Mahindra & Mahindra,Auto & Turnaround Giant,417.0,425.29998779296875,413.3500061035156,422.20001220703125,373.5686950683594,1497692
2013-09-18,M&M.NS,Mahindra & Mahindra,Auto & Turnaround Giant,424.8999938964844,424.8999938964844,414.1000061035156,420.8999938964844,372.4183654785156,2230732
2013-09-19,M&M.NS,Mahindra & Mahindra,Auto & Turnaround Giant,431.0,446.0,430.07501220703125,433.7749938964844,383.8103942871094,4488298
2013-09-20,M&M.NS,Mahindra & Mahindra,Auto & Turnaround Giant,434.0,442.5,416.2749938964844,437.1000061035156,386.75244140625,3041998
2013-09-23,M&M.NS,Mahindra & Mahindra,Auto & Turnaround Giant,434.3999938964844,435.0,425.7250061035156,430.45001220703125,380.868408203125,1742988
2013-09-24,M&M.NS,Mahindra & Mahindra,Auto & Turnaround Giant,428.5,441.0,425.70001220703125,435.75,385.5578308105469,2064670
2013-09-25,M&M.NS,Mahindra & Mahindra,Auto & Turnaround Giant,437.5,439.0,416.5249938964844,425.04998779296875,376.0904235839844,2691988
2013-09-26,M&M.NS,Mahindra & Mahindra,Auto & Turnaround Giant,423.5,432.3999938964844,422.5,426.04998779296875,376.9752502441406,2564332
2013-09-27,M&M.NS,Mahindra & Mahindra,Auto & Turnaround Giant,429.0,429.0,419.5,422.0,373.3917236328125,1711676
2013-09-30,M&M.NS,Mahindra & Mahindra,Auto & Turnaround Giant,420.5,422.5,407.5,413.7250061035156,366.0699462890625,2953590
2013-10-01,M&M.NS,Mahindra & Mahindra,Auto & Turnaround Giant,417.25,423.25,410.67498779296875,415.8999938964844,367.99432373046875,2866908
2013-10-03,M&M.NS,Mahindra & Mahindra,Auto & Turnaround Giant,416.625,430.5,416.625,425.8999938964844,376.84246826171875,3033472
2013-10-04,M&M.NS,Mahindra & Mahindra,Auto & Turnaround Giant,425.8999938964844,435.70001220703125,425.5,429.3999938964844,379.9393310546875,3064158
2013-10-07,M&M.NS,Mahindra & Mahindra,Auto & Turnaround Giant,432.25,435.0,423.6000061035156,432.5,382.6822204589844,1558494
2013-10-08,M&M.NS,Mahindra & Mahindra,Auto & Turnaround Giant,432.5,437.1499938964844,429.0,431.57501220703125,381.86383056640625,1336004
2013-10-09,M&M.NS,Mahindra & Mahindra,Auto & Turnaround Giant,428.5,429.8500061035156,421.5,425.5,376.488525390625,2380630
2013-10-10,M&M.NS,Mahindra & Mahindra,Auto & Turnaround Giant,425.6000061035156,434.5,425.6000061035156,433.6000061035156,383.65557861328125,1778282
2013-10-11,M&M.NS,Mahindra & Mahindra,Auto & Turnaround Giant,437.5,443.75,432.7749938964844,436.25,386.0003356933594,2764482
2013-10-14,M&M.NS,Mahindra & Mahindra,Auto & Turnaround Giant,436.5,441.2250061035156,431.0,432.625,382.7928771972656,1649438
2013-10-15,M&M.NS,Mahindra & Mahindra,Auto & Turnaround Giant,433.5,440.625,429.625,433.79998779296875,383.83245849609375,2408832
2013-10-17,M&M.NS,Mahindra & Mahindra,Auto & Turnaround Giant,435.8500061035156,438.3999938964844,430.5,432.625,382.7928771972656,2141818
2013-10-18,M&M.NS,Mahindra & Mahindra,Auto & Turnaround Giant,434.29998779296875,444.0,434.29998779296875,441.3500061035156,390.51287841796875,2849200
2013-10-21,M&M.NS,Mahindra & Mahindra,Auto & Turnaround Giant,440.0,447.5,436.0249938964844,443.8500061035156,392.72491455078125,2234406
2013-10-22,M&M.NS,Mahindra & Mahindra,Auto & Turnaround Giant,446.875,447.45001220703125,437.0,437.8500061035156,387.4160461425781,1744880
2013-10-23,M&M.NS,Mahindra & Mahindra,Auto & Turnaround Giant,438.3500061035156,442.375,430.1000061035156,432.92498779296875,383.058349609375,1287454
2013-10-24,M&M.NS,Mahindra & Mahindra,Auto & Turnaround Giant,433.1000061035156,446.8999938964844,431.67498779296875,444.67498779296875,393.4549255371094,2461684
2013-10-25,M&M.NS,Mahindra & Mahindra,Auto & Turnaround Giant,441.125,442.1499938964844,432.5,433.875,383.89886474609375,2221828
2013-10-28,M&M.NS,Mahindra & Mahindra,Auto & Turnaround Giant,435.79998779296875,441.82501220703125,428.07501220703125,434.45001220703125,384.4076843261719,2174064
2013-10-29,M&M.NS,Mahindra & Mahindra,Auto & Turnaround Giant,437.0,451.5,430.54998779296875,450.3500061035156,398.47613525390625,2556270
2013-10-30,M&M.NS,Mahindra & Mahindra,Auto & Turnaround Giant,452.3999938964844,453.8999938964844,439.3500061035156,447.92498779296875,396.3305358886719,2564122
2013-10-31,M&M.NS,Mahindra & Mahindra,Auto & Turnaround Giant,447.5,448.4750061035156,437.8500061035156,443.92498779296875,392.79132080078125,2812436
2013-11-01,M&M.NS,Mahindra & Mahindra,Auto & Turnaround Giant,442.6000061035156,464.0,439.82501220703125,462.6499938964844,409.3594665527344,5918258
2013-11-05,M&M.NS,Mahindra & Mahindra,Auto & Turnaround Giant,457.5,461.375,451.0,453.32501220703125,401.1085510253906,2052830
2013-11-06,M&M.NS,Mahindra & Mahindra,Auto & Turnaround Giant,454.0249938964844,455.8500061035156,447.5,449.70001220703125,397.9010925292969,1222656
2013-11-07,M&M.NS,Mahindra & Mahindra,Auto & Turnaround Giant,449.0,458.3500061035156,447.0249938964844,449.0,397.28167724609375,1966708
2013-11-08,M&M.NS,Mahindra & Mahindra,Auto & Turnaround Giant,448.5,449.0,436.32501220703125,439.29998779296875,388.6990051269531,960318
2013-11-11,M&M.NS,Mahindra & Mahindra,Auto & Turnaround Giant,439.0,443.9750061035156,420.0,434.9750061035156,384.8721923828125,1449756
2013-11-12,M&M.NS,Mahindra & Mahindra,Auto & Turnaround Giant,437.8500061035156,442.1000061035156,432.07501220703125,439.95001220703125,389.274169921875,2766468
2013-11-13,M&M.NS,Mahindra & Mahindra,Auto & Turnaround Giant,438.0,450.0,437.5,447.67498779296875,396.10931396484375,4221190
2013-11-14,M&M.NS,Mahindra & Mahindra,Auto & Turnaround Giant,455.0,464.4750061035156,453.25,462.57501220703125,409.2930603027344,3641892
2013-11-18,M&M.NS,Mahindra & Mahindra,Auto & Turnaround Giant,465.0,474.0,457.5,472.3999938964844,417.986328125,2592024
2013-11-19,M&M.NS,Mahindra & Mahindra,Auto & Turnaround Giant,472.5,475.9750061035156,469.0,473.75,419.1808776855469,1896218
2013-11-20,M&M.NS,Mahindra & Mahindra,Auto & Turnaround Giant,472.5,479.32501220703125,467.5249938964844,470.9750061035156,416.7254943847656,3537004
2013-11-21,M&M.NS,Mahindra & Mahindra,Auto & Turnaround Giant,470.5,473.8999938964844,465.5,467.2250061035156,413.4075012207031,2057192
2013-11-22,M&M.NS,Mahindra & Mahindra,Auto & Turnaround Giant,469.0,473.375,464.54998779296875,468.2749938964844,414.3365173339844,1598272
2013-11-25,M&M.NS,Mahindra & Mahindra,Auto & Turnaround Giant,474.5,474.5,466.6000061035156,471.57501220703125,417.2563781738281,1601784
2013-11-26,M&M.NS,Mahindra & Mahindra,Auto & Turnaround Giant,471.54998779296875,476.5,469.04998779296875,472.6000061035156,418.1632995605469,1473916
2013-11-27,M&M.NS,Mahindra & Mahindra,Auto & Turnaround Giant,472.5,474.0,468.0,470.75,416.5264587402344,2109830
2013-11-28,M&M.NS,Mahindra & Mahindra,Auto & Turnaround Giant,473.5,482.3500061035156,473.0,479.42498779296875,424.2021789550781,2044766
2013-11-29,M&M.NS,Mahindra & Mahindra,Auto & Turnaround Giant,481.0,482.54998779296875,471.07501220703125,472.625,418.18548583984375,1311512
2013-12-02,M&M.NS,Mahindra & Mahindra,Auto & Turnaround Giant,469.5,481.7250061035156,466.25,480.1000061035156,424.7994689941406,2026714
2013-12-03,M&M.NS,Mahindra & Mahindra,Auto & Turnaround Giant,475.125,479.875,471.54998779296875,474.625,419.9550476074219,1262496
2013-12-04,M&M.NS,Mahindra & Mahindra,Auto & Turnaround Giant,473.1000061035156,476.8500061035156,470.0,471.8999938964844,417.5439147949219,1181472
2013-12-05,M&M.NS,Mahindra & Mahindra,Auto & Turnaround Giant,479.95001220703125,479.95001220703125,469.375,472.17498779296875,417.78729248046875,1390184
2013-12-06,M&M.NS,Mahindra & Mahindra,Auto & Turnaround Giant,471.1000061035156,478.7250061035156,471.1000061035156,472.6499938964844,418.20758056640625,1105716
2013-12-09,M&M.NS,Mahindra & Mahindra,Auto & Turnaround Giant,482.5,488.8500061035156,476.7250061035156,483.5,427.8078308105469,2411550
2013-12-10,M&M.NS,Mahindra & Mahindra,Auto & Turnaround Giant,483.57501220703125,485.8500061035156,473.95001220703125,476.5,421.6141662597656,1749224
2013-12-11,M&M.NS,Mahindra & Mahindra,Auto & Turnaround Giant,474.0,479.45001220703125,470.79998779296875,474.95001220703125,420.2426452636719,1094546
2013-12-12,M&M.NS,Mahindra & Mahindra,Auto & Turnaround Giant,472.5,476.0249938964844,470.0,470.8999938964844,416.6591491699219,2130544
2013-12-13,M&M.NS,Mahindra & Mahindra,Auto & Turnaround Giant,470.95001220703125,477.1499938964844,465.5249938964844,475.2749938964844,420.53021240234375,1485332
2013-12-16,M&M.NS,Mahindra & Mahindra,Auto & Turnaround Giant,476.0,476.0,461.5,463.29998779296875,409.9346008300781,1041084
2013-12-17,M&M.NS,Mahindra & Mahindra,Auto & Turnaround Giant,463.5,470.0,463.29998779296875,465.875,412.21295166015625,865728
2013-12-18,M&M.NS,Mahindra & Mahindra,Auto & Turnaround Giant,465.8500061035156,476.2250061035156,463.45001220703125,474.07501220703125,419.4684143066406,986716
2013-12-19,M&M.NS,Mahindra & Mahindra,Auto & Turnaround Giant,475.5,477.8500061035156,463.20001220703125,469.45001220703125,415.3761291503906,2101856
2013-12-20,M&M.NS,Mahindra & Mahindra,Auto & Turnaround Giant,468.5,486.0,464.75,484.8999938964844,429.0465087890625,2114490
2013-12-23,M&M.NS,Mahindra & Mahindra,Auto & Turnaround Giant,486.0,489.54998779296875,480.42498779296875,482.7250061035156,427.12213134765625,1096064
2013-12-24,M&M.NS,Mahindra & Mahindra,Auto & Turnaround Giant,482.5,487.5,480.32501220703125,481.75,426.2593994140625,554490
2013-12-26,M&M.NS,Mahindra & Mahindra,Auto & Turnaround Giant,482.0249938964844,484.8999938964844,477.875,480.42498779296875,425.0870666503906,1641748
2013-12-27,M&M.NS,Mahindra & Mahindra,Auto & Turnaround Giant,480.0,485.95001220703125,475.54998779296875,483.57501220703125,427.87420654296875,1541872
2013-12-30,M&M.NS,Mahindra & Mahindra,Auto & Turnaround Giant,484.04998779296875,486.29998779296875,471.1499938964844,474.20001220703125,419.57904052734375,1777974
2013-12-31,M&M.NS,Mahindra & Mahindra,Auto & Turnaround Giant,477.5,479.0,469.75,472.1000061035156,417.720947265625,854370
2014-01-01,M&M.NS,Mahindra & Mahindra,Auto & Turnaround Giant,474.0,476.5,471.25,474.0,419.40203857421875,623518
2014-01-02,M&M.NS,Mahindra & Mahindra,Auto & Turnaround Giant,472.0,479.5,465.0,468.04998779296875,414.137451171875,1007552
2014-01-03,M&M.NS,Mahindra & Mahindra,Auto & Turnaround Giant,464.0,467.0,448.75,450.125,398.2771301269531,2091942
2014-01-06,M&M.NS,Mahindra & Mahindra,Auto & Turnaround Giant,451.8500061035156,452.45001220703125,443.70001220703125,447.70001220703125,396.1314697265625,1276106
2014-01-07,M&M.NS,Mahindra & Mahindra,Auto & Turnaround Giant,448.0,454.0249938964844,445.04998779296875,451.54998779296875,399.5379333496094,1798394
2014-01-08,M&M.NS,Mahindra & Mahindra,Auto & Turnaround Giant,454.0,457.45001220703125,449.5249938964844,454.29998779296875,401.9711608886719,1176368
2014-01-09,M&M.NS,Mahindra & Mahindra,Auto & Turnaround Giant,455.0,458.7250061035156,445.0,447.17498779296875,395.6668395996094,918880
2014-01-10,M&M.NS,Mahindra & Mahindra,Auto & Turnaround Giant,447.0,448.0,432.3999938964844,437.2749938964844,386.9073181152344,1793254
2014-01-13,M&M.NS,Mahindra & Mahindra,Auto & Turnaround Giant,436.5,445.5249938964844,436.5,444.125,392.96826171875,1015350
2014-01-14,M&M.NS,Mahindra & Mahindra,Auto & Turnaround Giant,441.5,450.42498779296875,441.32501220703125,445.5249938964844,394.2070007324219,1343398
2014-01-15,M&M.NS,Mahindra & Mahindra,Auto & Turnaround Giant,445.75,453.5,443.4750061035156,452.45001220703125,400.3343200683594,1649988
2014-01-16,M&M.NS,Mahindra & Mahindra,Auto & Turnaround Giant,452.75,453.04998779296875,444.17498779296875,446.32501220703125,394.9148254394531,1652120
2014-01-17,M&M.NS,Mahindra & Mahindra,Auto & Turnaround Giant,445.5,452.70001220703125,445.5,449.7749938964844,397.9674377441406,1833502
2014-01-20,M&M.NS,Mahindra & Mahindra,Auto & Turnaround Giant,445.5,456.625,445.5,453.375,401.15277099609375,1016848
2014-01-21,M&M.NS,Mahindra & Mahindra,Auto & Turnaround Giant,453.0,460.875,449.0,451.79998779296875,399.7591857910156,1039276
2014-01-22,M&M.NS,Mahindra & Mahindra,Auto & Turnaround Giant,449.07501220703125,459.0,449.07501220703125,458.2250061035156,405.4441223144531,1911630
2014-01-23,M&M.NS,Mahindra & Mahindra,Auto & Turnaround Giant,458.2250061035156,458.5,443.3500061035156,445.04998779296875,393.7867126464844,2094830
2014-01-24,M&M.NS,Mahindra & Mahindra,Auto & Turnaround Giant,441.25,446.25,437.0,442.3999938964844,391.44189453125,3982058
2014-01-27,M&M.NS,Mahindra & Mahindra,Auto & Turnaround Giant,430.6000061035156,437.5,429.125,433.42498779296875,383.5007019042969,2608894
2014-01-28,M&M.NS,Mahindra & Mahindra,Auto & Turnaround Giant,432.5,440.0,431.5249938964844,437.54998779296875,387.1506042480469,2258654
2014-01-29,M&M.NS,Mahindra & Mahindra,Auto & Turnaround Giant,439.4750061035156,443.2749938964844,429.5,430.9750061035156,381.3328857421875,1569436
2014-01-30,M&M.NS,Mahindra & Mahindra,Auto & Turnaround Giant,429.5,439.0,424.9750061035156,433.95001220703125,383.9652404785156,1549420
2014-01-31,M&M.NS,Mahindra & Mahindra,Auto & Turnaround Giant,437.0,449.29998779296875,434.5249938964844,445.1000061035156,393.83087158203125,1884416
2014-02-03,M&M.NS,Mahindra & Mahindra,Auto & Turnaround Giant,441.1000061035156,445.79998779296875,433.5,442.42498779296875,391.46405029296875,1980024
2014-02-04,M&M.NS,Mahindra & Mahindra,Auto & Turnaround Giant,437.5,438.0,423.29998779296875,426.875,377.7051696777344,3645936
2014-02-05,M&M.NS,Mahindra & Mahindra,Auto & Turnaround Giant,428.5,440.5,428.0,439.17498779296875,388.58837890625,1835988
2014-02-06,M&M.NS,Mahindra & Mahindra,Auto & Turnaround Giant,437.75,449.8500061035156,433.45001220703125,448.4750061035156,396.81719970703125,2221996
2014-02-07,M&M.NS,Mahindra & Mahindra,Auto & Turnaround Giant,451.2749938964844,451.5,443.2250061035156,447.7749938964844,396.1978759765625,1443216
2014-02-10,M&M.NS,Mahindra & Mahindra,Auto & Turnaround Giant,447.625,451.25,443.5,447.1000061035156,395.6005859375,1580562
2014-02-11,M&M.NS,Mahindra & Mahindra,Auto & Turnaround Giant,449.04998779296875,451.1499938964844,443.5,448.5249938964844,396.86138916015625,1393540
2014-02-12,M&M.NS,Mahindra & Mahindra,Auto & Turnaround Giant,448.8500061035156,450.42498779296875,444.9750061035156,447.75,396.1756896972656,876740
2014-02-13,M&M.NS,Mahindra & Mahindra,Auto & Turnaround Giant,447.5,455.5,447.5,453.32501220703125,401.1085510253906,1609454
2014-02-14,M&M.NS,Mahindra & Mahindra,Auto & Turnaround Giant,453.5,456.8500061035156,443.32501220703125,452.20001220703125,400.11309814453125,2537296
2014-02-17,M&M.NS,Mahindra & Mahindra,Auto & Turnaround Giant,452.4750061035156,467.8500061035156,448.6499938964844,464.04998779296875,410.5981750488281,2243006
2014-02-18,M&M.NS,Mahindra & Mahindra,Auto & Turnaround Giant,467.5,469.95001220703125,462.25,467.57501220703125,413.7171630859375,2043648
2014-02-19,M&M.NS,Mahindra & Mahindra,Auto & Turnaround Giant,468.0,473.6499938964844,467.9750061035156,471.6000061035156,417.2785339355469,1783782
2014-02-20,M&M.NS,Mahindra & Mahindra,Auto & Turnaround Giant,468.07501220703125,470.79998779296875,463.54998779296875,464.9750061035156,411.4166564941406,1651326
2014-02-21,M&M.NS,Mahindra & Mahindra,Auto & Turnaround Giant,465.1499938964844,469.5,461.42498779296875,465.0,411.4386901855469,934626
2014-02-24,M&M.NS,Mahindra & Mahindra,Auto & Turnaround Giant,465.0,473.0,464.0249938964844,472.04998779296875,417.6766052246094,782596
2014-02-25,M&M.NS,Mahindra & Mahindra,Auto & Turnaround Giant,472.95001220703125,474.6499938964844,467.7749938964844,471.95001220703125,417.5882263183594,1910380
2014-02-26,M&M.NS,Mahindra & Mahindra,Auto & Turnaround Giant,471.5,485.0,468.2250061035156,482.3500061035156,426.7903137207031,1708188
2014-02-28,M&M.NS,Mahindra & Mahindra,Auto & Turnaround Giant,482.5,489.45001220703125,474.5,487.25,431.1258544921875,1907672
2014-03-03,M&M.NS,Mahindra & Mahindra,Auto & Turnaround Giant,486.3500061035156,488.9750061035156,475.0,476.125,421.2823181152344,1068942
2014-03-04,M&M.NS,Mahindra & Mahindra,Auto & Turnaround Giant,475.04998779296875,482.67498779296875,472.29998779296875,477.8999938964844,422.8528137207031,1150848
2014-03-05,M&M.NS,Mahindra & Mahindra,Auto & Turnaround Giant,478.75,479.375,470.1000061035156,474.2749938964844,419.6453857421875,1219512
2014-03-06,M&M.NS,Mahindra & Mahindra,Auto & Turnaround Giant,475.1499938964844,480.5,474.2749938964844,477.67498779296875,422.65380859375,1917512
2014-03-07,M&M.NS,Mahindra & Mahindra,Auto & Turnaround Giant,480.0,495.9750061035156,475.7749938964844,491.7749938964844,435.129638671875,2003428
2014-03-10,M&M.NS,Mahindra & Mahindra,Auto & Turnaround Giant,489.6499938964844,510.5,487.5,507.92498779296875,449.4194030761719,2469256
2014-03-11,M&M.NS,Mahindra & Mahindra,Auto & Turnaround Giant,506.0,510.92498779296875,492.04998779296875,497.25,439.9740905761719,1534812
2014-03-12,M&M.NS,Mahindra & Mahindra,Auto & Turnaround Giant,494.70001220703125,499.0,491.6499938964844,495.625,438.53619384765625,3267066
2014-03-13,M&M.NS,Mahindra & Mahindra,Auto & Turnaround Giant,500.95001220703125,512.5,497.17498779296875,508.0249938964844,449.5078430175781,2430098
2014-03-14,M&M.NS,Mahindra & Mahindra,Auto & Turnaround Giant,506.45001220703125,517.75,498.0,513.5,454.3522644042969,2474884
2014-03-18,M&M.NS,Mahindra & Mahindra,Auto & Turnaround Giant,514.2249755859375,527.4500122070312,502.5249938964844,504.79998779296875,446.654296875,2542738
2014-03-19,M&M.NS,Mahindra & Mahindra,Auto & Turnaround Giant,505.5,510.95001220703125,489.0,490.2250061035156,433.7581787109375,4050158
2014-03-20,M&M.NS,Mahindra & Mahindra,Auto & Turnaround Giant,491.45001220703125,496.0,486.125,489.1499938964844,432.8070068359375,1507352
2014-03-21,M&M.NS,Mahindra & Mahindra,Auto & Turnaround Giant,492.5,495.0,482.75,485.2250061035156,429.3340759277344,2147898
2014-03-24,M&M.NS,Mahindra & Mahindra,Auto & Turnaround Giant,490.0,497.5,488.2250061035156,493.8999938964844,437.0098571777344,2183452
2014-03-25,M&M.NS,Mahindra & Mahindra,Auto & Turnaround Giant,493.5,497.5,485.5,486.70001220703125,430.63922119140625,1514294
2014-03-26,M&M.NS,Mahindra & Mahindra,Auto & Turnaround Giant,490.0,491.6499938964844,476.0249938964844,479.4750061035156,424.2464599609375,2427292
2014-03-27,M&M.NS,Mahindra & Mahindra,Auto & Turnaround Giant,480.0,487.5,479.32501220703125,482.42498779296875,426.85662841796875,4435008
2014-03-28,M&M.NS,Mahindra & Mahindra,Auto & Turnaround Giant,484.5,486.5,477.75,484.125,428.36083984375,3124794
2014-03-31,M&M.NS,Mahindra & Mahindra,Auto & Turnaround Giant,486.1499938964844,492.5,483.0,490.3500061035156,433.8688049316406,3331040
2014-04-01,M&M.NS,Mahindra & Mahindra,Auto & Turnaround Giant,492.5,501.67498779296875,490.3500061035156,500.07501220703125,442.4736633300781,2151116
2014-04-02,M&M.NS,Mahindra & Mahindra,Auto & Turnaround Giant,503.25,504.5,496.0,501.0,443.2920837402344,2211080
2014-04-03,M&M.NS,Mahindra & Mahindra,Auto & Turnaround Giant,502.3500061035156,505.5,494.7749938964844,503.6000061035156,445.59259033203125,1286358
2014-04-04,M&M.NS,Mahindra & Mahindra,Auto & Turnaround Giant,503.0,503.0,495.57501220703125,499.5,441.96484375,1357998
2014-04-07,M&M.NS,Mahindra & Mahindra,Auto & Turnaround Giant,500.0,509.17498779296875,500.0,507.04998779296875,448.64520263671875,1798996
2014-04-09,M&M.NS,Mahindra & Mahindra,Auto & Turnaround Giant,509.0,512.5,505.7749938964844,511.57501220703125,452.64898681640625,1960936
2014-04-10,M&M.NS,Mahindra & Mahindra,Auto & Turnaround Giant,509.5,513.7999877929688,498.1000061035156,510.57501220703125,451.7641296386719,1858602
2014-04-11,M&M.NS,Mahindra & Mahindra,Auto & Turnaround Giant,506.04998779296875,509.5,500.0,502.75,444.8404846191406,1221984
2014-04-15,M&M.NS,Mahindra & Mahindra,Auto & Turnaround Giant,498.25,502.8500061035156,487.79998779296875,492.3500061035156,435.6383972167969,1704660
2014-04-16,M&M.NS,Mahindra & Mahindra,Auto & Turnaround Giant,492.5,496.6499938964844,482.5249938964844,488.2749938964844,432.0328063964844,2324426
2014-04-17,M&M.NS,Mahindra & Mahindra,Auto & Turnaround Giant,490.0,500.0,489.125,498.4750061035156,441.057861328125,1343906
2014-04-21,M&M.NS,Mahindra & Mahindra,Auto & Turnaround Giant,500.0,519.9500122070312,495.70001220703125,516.5750122070312,457.0730895996094,3012408
2014-04-22,M&M.NS,Mahindra & Mahindra,Auto & Turnaround Giant,517.5,523.0,510.5,513.2000122070312,454.0867919921875,1463862
2014-04-23,M&M.NS,Mahindra & Mahindra,Auto & Turnaround Giant,513.3250122070312,521.0,511.875,519.5750122070312,459.7275085449219,2422384
2014-04-24,M&M.NS,Mahindra & Mahindra,Auto & Turnaround Giant,519.5750122070312,519.5750122070312,519.5750122070312,519.5750122070312,459.7275085449219,0
2014-04-25,M&M.NS,Mahindra & Mahindra,Auto & Turnaround Giant,519.0,540.4500122070312,516.0250244140625,535.3499755859375,473.6854248046875,2642998
2014-04-28,M&M.NS,Mahindra & Mahindra,Auto & Turnaround Giant,532.5,537.0,528.4500122070312,533.5,472.0485534667969,1827654
2014-04-29,M&M.NS,Mahindra & Mahindra,Auto & Turnaround Giant,533.5,541.5,530.7999877929688,534.0,472.4909362792969,1710806
2014-04-30,M&M.NS,Mahindra & Mahindra,Auto & Turnaround Giant,535.0,545.9749755859375,531.0499877929688,537.0999755859375,475.2338562011719,2710352
2014-05-02,M&M.NS,Mahindra & Mahindra,Auto & Turnaround Giant,529.5,530.8250122070312,522.5499877929688,528.9249877929688,468.0005187988281,1596842
2014-05-05,M&M.NS,Mahindra & Mahindra,Auto & Turnaround Giant,525.0,536.2249755859375,525.0,529.7999877929688,468.77471923828125,1234584
2014-05-06,M&M.NS,Mahindra & Mahindra,Auto & Turnaround Giant,531.25,534.5,528.1500244140625,532.75,471.385009765625,656016
2014-05-07,M&M.NS,Mahindra & Mahindra,Auto & Turnaround Giant,533.0,536.5,530.0,530.9749755859375,469.81439208984375,822242
2014-05-08,M&M.NS,Mahindra & Mahindra,Auto & Turnaround Giant,532.5,536.8250122070312,528.5499877929688,532.0750122070312,470.78778076171875,979170
2014-05-09,M&M.NS,Mahindra & Mahindra,Auto & Turnaround Giant,535.0,555.0,530.5250244140625,551.2750244140625,487.77618408203125,1716590
2014-05-12,M&M.NS,Mahindra & Mahindra,Auto & Turnaround Giant,550.5,569.875,550.0,564.875,499.80963134765625,1622008
2014-05-13,M&M.NS,Mahindra & Mahindra,Auto & Turnaround Giant,570.5,588.6500244140625,553.0999755859375,561.4500122070312,496.7790222167969,1580544
2014-05-14,M&M.NS,Mahindra & Mahindra,Auto & Turnaround Giant,552.5,555.8250122070312,536.875,542.7249755859375,480.2109069824219,20408324
2014-05-15,M&M.NS,Mahindra & Mahindra,Auto & Turnaround Giant,540.0,556.7000122070312,539.75,552.2750244140625,488.66094970703125,2112808
2014-05-16,M&M.NS,Mahindra & Mahindra,Auto & Turnaround Giant,560.0,591.9500122070312,551.2000122070312,557.3499755859375,493.1512145996094,3352052
2014-05-19,M&M.NS,Mahindra & Mahindra,Auto & Turnaround Giant,569.9500122070312,569.9500122070312,538.4000244140625,549.7999877929688,486.4709777832031,2191014
2014-05-20,M&M.NS,Mahindra & Mahindra,Auto & Turnaround Giant,550.5,576.125,538.1500244140625,568.2249755859375,502.7737731933594,2059554
2014-05-21,M&M.NS,Mahindra & Mahindra,Auto & Turnaround Giant,563.5,581.6500244140625,561.0499877929688,575.1500244140625,508.9010925292969,1792354
2014-05-22,M&M.NS,Mahindra & Mahindra,Auto & Turnaround Giant,577.3499755859375,586.0,562.7750244140625,568.7999877929688,503.2825012207031,1662910
2014-05-23,M&M.NS,Mahindra & Mahindra,Auto & Turnaround Giant,566.5,582.9500122070312,566.5,579.6500244140625,512.8827514648438,1993708
2014-05-26,M&M.NS,Mahindra & Mahindra,Auto & Turnaround Giant,586.9500122070312,626.875,585.0,614.5750122070312,543.7849731445312,4540298
2014-05-27,M&M.NS,Mahindra & Mahindra,Auto & Turnaround Giant,620.0750122070312,620.0750122070312,586.875,599.0,530.0038452148438,1625424
2014-05-28,M&M.NS,Mahindra & Mahindra,Auto & Turnaround Giant,600.0,603.5,578.0499877929688,580.7999877929688,513.9002685546875,2355502
2014-05-29,M&M.NS,Mahindra & Mahindra,Auto & Turnaround Giant,582.5,592.0,582.1749877929688,588.4749755859375,520.6911010742188,2397058
2014-05-30,M&M.NS,Mahindra & Mahindra,Auto & Turnaround Giant,594.5,639.3499755859375,575.0,617.75,546.5941772460938,8431084
2014-06-02,M&M.NS,Mahindra & Mahindra,Auto & Turnaround Giant,617.5,634.75,599.0,619.625,548.253173828125,2156308
2014-06-03,M&M.NS,Mahindra & Mahindra,Auto & Turnaround Giant,620.25,621.0,609.25,615.375,544.49267578125,2081200
2014-06-04,M&M.NS,Mahindra & Mahindra,Auto & Turnaround Giant,615.5499877929688,624.0,601.5,609.9249877929688,539.6704711914062,1699872
2014-06-05,M&M.NS,Mahindra & Mahindra,Auto & Turnaround Giant,607.5,608.7000122070312,596.125,601.3499755859375,532.0831298828125,2174850
2014-06-06,M&M.NS,Mahindra & Mahindra,Auto & Turnaround Giant,603.5,619.9000244140625,597.625,616.4000244140625,545.399658203125,2537836
2014-06-09,M&M.NS,Mahindra & Mahindra,Auto & Turnaround Giant,620.0,620.0,603.125,612.0,541.5065307617188,1975974
2014-06-10,M&M.NS,Mahindra & Mahindra,Auto & Turnaround Giant,614.5,619.9500122070312,602.25,616.5750122070312,545.554443359375,1705904
2014-06-11,M&M.NS,Mahindra & Mahindra,Auto & Turnaround Giant,615.0,619.5,606.0,613.5499877929688,542.8779296875,1477054
2014-06-12,M&M.NS,Mahindra & Mahindra,Auto & Turnaround Giant,608.7000122070312,616.2000122070312,602.6500244140625,614.5,543.7185668945312,1023538
2014-06-13,M&M.NS,Mahindra & Mahindra,Auto & Turnaround Giant,616.0,627.5,605.6749877929688,614.4249877929688,543.6520385742188,2271998
2014-06-16,M&M.NS,Mahindra & Mahindra,Auto & Turnaround Giant,611.6500244140625,614.3499755859375,595.0,599.0,530.0038452148438,1937424
2014-06-17,M&M.NS,Mahindra & Mahindra,Auto & Turnaround Giant,597.3499755859375,597.3499755859375,584.0999755859375,590.4749755859375,522.4608154296875,2469364
2014-06-18,M&M.NS,Mahindra & Mahindra,Auto & Turnaround Giant,594.5,595.9249877929688,575.5,580.1500244140625,513.3250732421875,1851454
2014-06-19,M&M.NS,Mahindra & Mahindra,Auto & Turnaround Giant,583.0,592.4749755859375,579.5750122070312,588.0499877929688,520.315185546875,1036362
2014-06-20,M&M.NS,Mahindra & Mahindra,Auto & Turnaround Giant,588.0750122070312,588.875,569.0,571.9749755859375,506.0918273925781,1483562
2014-06-23,M&M.NS,Mahindra & Mahindra,Auto & Turnaround Giant,574.75,584.4500122070312,572.0,580.5999755859375,513.7232055664062,1845248
2014-06-24,M&M.NS,Mahindra & Mahindra,Auto & Turnaround Giant,580.25,591.5,580.0,583.5250244140625,516.3113403320312,1069250
2014-06-25,M&M.NS,Mahindra & Mahindra,Auto & Turnaround Giant,583.25,597.8250122070312,579.0,589.7249755859375,521.797119140625,1138482
2014-06-26,M&M.NS,Mahindra & Mahindra,Auto & Turnaround Giant,597.5,597.5,583.8250122070312,587.9500122070312,520.2267456054688,2526204
2014-06-27,M&M.NS,Mahindra & Mahindra,Auto & Turnaround Giant,588.0,588.0999755859375,574.9749755859375,576.75,510.3167724609375,2033818
2014-06-30,M&M.NS,Mahindra & Mahindra,Auto & Turnaround Giant,575.7999877929688,581.5,571.9749755859375,573.5999755859375,507.5295104980469,2625272
2014-07-01,M&M.NS,Mahindra & Mahindra,Auto & Turnaround Giant,575.0,598.9500122070312,575.0,597.1500244140625,528.3668823242188,1944486
2014-07-02,M&M.NS,Mahindra & Mahindra,Auto & Turnaround Giant,599.0,614.1749877929688,592.0499877929688,609.875,539.626220703125,2012020
2014-07-03,M&M.NS,Mahindra & Mahindra,Auto & Turnaround Giant,609.8250122070312,623.5,609.5,617.7750244140625,546.6163330078125,1783056
2014-07-04,M&M.NS,Mahindra & Mahindra,Auto & Turnaround Giant,617.5,617.5,604.75,615.0250244140625,544.18310546875,1067960
2014-07-07,M&M.NS,Mahindra & Mahindra,Auto & Turnaround Giant,619.9500122070312,623.4000244140625,612.5,619.7750244140625,548.3859252929688,1388010
2014-07-08,M&M.NS,Mahindra & Mahindra,Auto & Turnaround Giant,625.5,626.0750122070312,603.5,607.25,537.3035888671875,1443260
2014-07-09,M&M.NS,Mahindra & Mahindra,Auto & Turnaround Giant,607.5,607.5,576.0,589.2750244140625,521.3990478515625,2461348
2014-07-10,M&M.NS,Mahindra & Mahindra,Auto & Turnaround Giant,585.5499877929688,600.75,576.0,582.7750244140625,515.6478881835938,2633406
2014-07-11,M&M.NS,Mahindra & Mahindra,Auto & Turnaround Giant,582.2000122070312,586.5,564.7249755859375,582.1749877929688,515.1168823242188,2129542
2014-07-14,M&M.NS,Mahindra & Mahindra,Auto & Turnaround Giant,581.5750122070312,589.4249877929688,578.1500244140625,583.4749755859375,516.2672119140625,1823582
2014-07-15,M&M.NS,Mahindra & Mahindra,Auto & Turnaround Giant,586.5,602.3499755859375,586.5,600.1500244140625,531.0213623046875,1600810
2014-07-16,M&M.NS,Mahindra & Mahindra,Auto & Turnaround Giant,602.0,612.7999877929688,599.0,611.0250244140625,540.643798828125,2541006
2014-07-17,M&M.NS,Mahindra & Mahindra,Auto & Turnaround Giant,591.5,597.9500122070312,583.2999877929688,591.7249755859375,529.6343994140625,5309172
2014-07-18,M&M.NS,Mahindra & Mahindra,Auto & Turnaround Giant,589.4000244140625,596.9000244140625,586.0,591.8250122070312,529.723876953125,2962372
2014-07-21,M&M.NS,Mahindra & Mahindra,Auto & Turnaround Giant,594.0,598.4500122070312,591.5,594.3250122070312,531.961669921875,1454796
2014-07-22,M&M.NS,Mahindra & Mahindra,Auto & Turnaround Giant,594.3250122070312,597.0,586.0,589.75,527.86669921875,1169902
2014-07-23,M&M.NS,Mahindra & Mahindra,Auto & Turnaround Giant,592.5,600.8250122070312,589.0999755859375,597.375,534.6915283203125,2492700
2014-07-24,M&M.NS,Mahindra & Mahindra,Auto & Turnaround Giant,597.1500244140625,603.7999877929688,593.6500244140625,601.0999755859375,538.025634765625,1916146
2014-07-25,M&M.NS,Mahindra & Mahindra,Auto & Turnaround Giant,601.0,611.0,601.0,605.2999877929688,541.784912109375,1636728
2014-07-28,M&M.NS,Mahindra & Mahindra,Auto & Turnaround Giant,606.0,612.5,595.625,602.9249877929688,539.6593017578125,1336960
2014-07-30,M&M.NS,Mahindra & Mahindra,Auto & Turnaround Giant,604.3499755859375,612.5,601.5999755859375,610.8499755859375,546.7526245117188,3184402
2014-07-31,M&M.NS,Mahindra & Mahindra,Auto & Turnaround Giant,611.0,611.4500122070312,594.25,600.8250122070312,537.7794799804688,6176218
2014-08-01,M&M.NS,Mahindra & Mahindra,Auto & Turnaround Giant,592.6500244140625,595.9000244140625,581.0,587.0750122070312,525.4723510742188,2752838
2014-08-04,M&M.NS,Mahindra & Mahindra,Auto & Turnaround Giant,583.5,599.0,583.5,592.75,530.5519409179688,3269214
2014-08-05,M&M.NS,Mahindra & Mahindra,Auto & Turnaround Giant,593.4749755859375,616.0750122070312,593.4749755859375,615.0499877929688,550.5119018554688,3053002
2014-08-06,M&M.NS,Mahindra & Mahindra,Auto & Turnaround Giant,619.8499755859375,624.8250122070312,615.0,620.5750122070312,555.4570922851562,2703720
2014-08-07,M&M.NS,Mahindra & Mahindra,Auto & Turnaround Giant,619.9500122070312,629.5,612.875,624.7000122070312,559.1492919921875,1180246
2014-08-08,M&M.NS,Mahindra & Mahindra,Auto & Turnaround Giant,615.0,623.2000122070312,600.875,614.6749877929688,550.1762084960938,2483456
2014-08-11,M&M.NS,Mahindra & Mahindra,Auto & Turnaround Giant,620.0,661.9000244140625,618.5999755859375,654.2999877929688,585.643310546875,4557070
2014-08-12,M&M.NS,Mahindra & Mahindra,Auto & Turnaround Giant,657.5,660.5750122070312,645.6500244140625,655.0499877929688,586.314697265625,2807746
2014-08-13,M&M.NS,Mahindra & Mahindra,Auto & Turnaround Giant,649.125,662.5,648.9500122070312,658.125,589.0669555664062,2570182
2014-08-14,M&M.NS,Mahindra & Mahindra,Auto & Turnaround Giant,658.125,667.5,655.8250122070312,660.9249877929688,591.5731811523438,1765326
2014-08-18,M&M.NS,Mahindra & Mahindra,Auto & Turnaround Giant,659.0,665.75,655.0250244140625,663.0250244140625,593.452880859375,3994764
2014-08-19,M&M.NS,Mahindra & Mahindra,Auto & Turnaround Giant,662.9749755859375,690.0,658.75,687.0499877929688,614.956787109375,2722190
2014-08-20,M&M.NS,Mahindra & Mahindra,Auto & Turnaround Giant,687.0499877929688,690.9000244140625,677.2999877929688,678.6500244140625,607.4382934570312,1052734
2014-08-21,M&M.NS,Mahindra & Mahindra,Auto & Turnaround Giant,676.5,690.5,676.5,688.1500244140625,615.94140625,1613706
2014-08-22,M&M.NS,Mahindra & Mahindra,Auto & Turnaround Giant,689.9500122070312,699.0,681.7999877929688,695.9249877929688,622.9005737304688,1576730
2014-08-25,M&M.NS,Mahindra & Mahindra,Auto & Turnaround Giant,695.2999877929688,716.8499755859375,690.1749877929688,705.3499755859375,631.3365478515625,1164162
2014-08-26,M&M.NS,Mahindra & Mahindra,Auto & Turnaround Giant,699.0,703.0,693.5,699.7999877929688,626.3688354492188,1209158
2014-08-27,M&M.NS,Mahindra & Mahindra,Auto & Turnaround Giant,697.0,707.5,695.3250122070312,697.9500122070312,624.713134765625,1059010
2014-08-28,M&M.NS,Mahindra & Mahindra,Auto & Turnaround Giant,697.2249755859375,707.0,693.0250244140625,703.5999755859375,629.7702026367188,3022632
2014-09-01,M&M.NS,Mahindra & Mahindra,Auto & Turnaround Giant,705.0250244140625,709.3250122070312,696.5,701.6749877929688,628.0472412109375,2157758
2014-09-02,M&M.NS,Mahindra & Mahindra,Auto & Turnaround Giant,698.5,709.8499755859375,695.125,697.7999877929688,624.5787353515625,2369658
2014-09-03,M&M.NS,Mahindra & Mahindra,Auto & Turnaround Giant,697.7999877929688,711.2000122070312,693.0,705.7750244140625,631.7169799804688,2333062
2014-09-04,M&M.NS,Mahindra & Mahindra,Auto & Turnaround Giant,705.8499755859375,710.875,699.1749877929688,705.375,631.3590087890625,1586892
2014-09-05,M&M.NS,Mahindra & Mahindra,Auto & Turnaround Giant,703.1500244140625,709.2999877929688,698.125,704.0999755859375,630.2176513671875,892526
2014-09-08,M&M.NS,Mahindra & Mahindra,Auto & Turnaround Giant,709.5,709.9500122070312,693.25,697.4749755859375,624.2879638671875,2521044
2014-09-09,M&M.NS,Mahindra & Mahindra,Auto & Turnaround Giant,697.4749755859375,705.9749755859375,697.4749755859375,702.0,628.3380737304688,946316
2014-09-10,M&M.NS,Mahindra & Mahindra,Auto & Turnaround Giant,699.5499877929688,699.5499877929688,689.0499877929688,692.4500122070312,619.790283203125,1069184
2014-09-11,M&M.NS,Mahindra & Mahindra,Auto & Turnaround Giant,690.5,693.4749755859375,676.625,687.0499877929688,614.956787109375,2634266
2014-09-12,M&M.NS,Mahindra & Mahindra,Auto & Turnaround Giant,685.5750122070312,696.2999877929688,683.25,694.625,621.7369384765625,1956754
2014-09-15,M&M.NS,Mahindra & Mahindra,Auto & Turnaround Giant,688.5,691.5499877929688,682.3250122070312,684.9749755859375,613.0995483398438,887168
2014-09-16,M&M.NS,Mahindra & Mahindra,Auto & Turnaround Giant,685.0250244140625,689.3250122070312,680.2999877929688,686.1749877929688,614.173583984375,2003856
2014-09-17,M&M.NS,Mahindra & Mahindra,Auto & Turnaround Giant,689.9000244140625,700.0,686.0999755859375,690.0499877929688,617.64208984375,2595312
2014-09-18,M&M.NS,Mahindra & Mahindra,Auto & Turnaround Giant,685.5,697.5,684.0,695.75,622.743896484375,1932500
2014-09-19,M&M.NS,Mahindra & Mahindra,Auto & Turnaround Giant,698.0,701.0,682.625,686.7750244140625,614.710693359375,2373404
2014-09-22,M&M.NS,Mahindra & Mahindra,Auto & Turnaround Giant,686.0,688.0,676.0,686.1749877929688,614.173583984375,1692988
2014-09-23,M&M.NS,Mahindra & Mahindra,Auto & Turnaround Giant,684.0,684.0,667.75,673.7999877929688,603.09716796875,2545074
2014-09-24,M&M.NS,Mahindra & Mahindra,Auto & Turnaround Giant,673.0,683.3499755859375,671.4749755859375,678.625,607.4158325195312,1109336
2014-09-25,M&M.NS,Mahindra & Mahindra,Auto & Turnaround Giant,680.5,684.75,664.2000122070312,676.5,605.5138549804688,3655990
2014-09-26,M&M.NS,Mahindra & Mahindra,Auto & Turnaround Giant,671.8250122070312,699.9749755859375,671.8250122070312,696.7249755859375,623.6166381835938,1792468
2014-09-29,M&M.NS,Mahindra & Mahindra,Auto & Turnaround Giant,696.8499755859375,699.0,687.9000244140625,691.625,619.0516357421875,1236056
2014-09-30,M&M.NS,Mahindra & Mahindra,Auto & Turnaround Giant,691.3499755859375,695.4249877929688,674.4749755859375,680.4000244140625,609.0046997070312,1927940
2014-10-01,M&M.NS,Mahindra & Mahindra,Auto & Turnaround Giant,680.0,698.0,677.5,694.8250122070312,621.9159545898438,1399690
2014-10-07,M&M.NS,Mahindra & Mahindra,Auto & Turnaround Giant,697.5,699.9500122070312,672.5999755859375,678.2000122070312,607.0355834960938,2572744
2014-10-08,M&M.NS,Mahindra & Mahindra,Auto & Turnaround Giant,680.5,690.9000244140625,678.2249755859375,685.8499755859375,613.8828125,1184080
2014-10-09,M&M.NS,Mahindra & Mahindra,Auto & Turnaround Giant,688.5,692.9500122070312,677.75,683.5750122070312,611.846435546875,1023944
2014-10-10,M&M.NS,Mahindra & Mahindra,Auto & Turnaround Giant,680.0,681.6500244140625,657.4500122070312,658.7000122070312,589.5816650390625,1232604
2014-10-13,M&M.NS,Mahindra & Mahindra,Auto & Turnaround Giant,658.7000122070312,659.25,631.0499877929688,634.4749755859375,567.8984375,2384870
2014-10-14,M&M.NS,Mahindra & Mahindra,Auto & Turnaround Giant,642.5,642.5,632.5499877929688,637.0250244140625,570.1810302734375,1047968
2014-10-15,M&M.NS,Mahindra & Mahindra,Auto & Turnaround Giant,637.0250244140625,637.0250244140625,637.0250244140625,637.0250244140625,570.1810302734375,0
2014-10-16,M&M.NS,Mahindra & Mahindra,Auto & Turnaround Giant,637.5,639.625,605.1749877929688,609.5499877929688,545.589111328125,2075760
2014-10-17,M&M.NS,Mahindra & Mahindra,Auto & Turnaround Giant,611.5,634.0,611.5,626.875,561.0961303710938,1535146
2014-10-20,M&M.NS,Mahindra & Mahindra,Auto & Turnaround Giant,637.2999877929688,640.4000244140625,624.2000122070312,630.3499755859375,564.2063598632812,1308326
2014-10-21,M&M.NS,Mahindra & Mahindra,Auto & Turnaround Giant,630.0,630.0,611.0499877929688,614.5250244140625,550.0420532226562,2074688
2014-10-22,M&M.NS,Mahindra & Mahindra,Auto & Turnaround Giant,622.5,632.5,615.1500244140625,630.3250122070312,564.18408203125,2661394
2014-10-27,M&M.NS,Mahindra & Mahindra,Auto & Turnaround Giant,636.4500122070312,636.4500122070312,619.9000244140625,628.4000244140625,562.4609985351562,1816036
2014-10-28,M&M.NS,Mahindra & Mahindra,Auto & Turnaround Giant,628.4000244140625,639.8499755859375,626.1500244140625,638.6500244140625,571.635498046875,1261392
2014-10-29,M&M.NS,Mahindra & Mahindra,Auto & Turnaround Giant,644.0,656.9749755859375,641.6500244140625,649.1749877929688,581.05615234375,1781356
2014-10-30,M&M.NS,Mahindra & Mahindra,Auto & Turnaround Giant,648.1749877929688,651.0250244140625,635.5,643.875,576.312255859375,2277170
2014-10-31,M&M.NS,Mahindra & Mahindra,Auto & Turnaround Giant,646.2000122070312,661.5,641.875,653.0999755859375,584.5693359375,4043468
2014-11-03,M&M.NS,Mahindra & Mahindra,Auto & Turnaround Giant,653.0,653.0,629.2000122070312,633.7750244140625,567.2720947265625,2741470
2014-11-05,M&M.NS,Mahindra & Mahindra,Auto & Turnaround Giant,635.5,637.7750244140625,622.0750122070312,628.0499877929688,562.1477661132812,2573752
2014-11-07,M&M.NS,Mahindra & Mahindra,Auto & Turnaround Giant,620.2999877929688,627.4500122070312,615.125,619.5499877929688,554.5396728515625,2729494
2014-11-10,M&M.NS,Mahindra & Mahindra,Auto & Turnaround Giant,620.0499877929688,625.4749755859375,611.1749877929688,615.4500122070312,550.8699340820312,1817558
2014-11-11,M&M.NS,Mahindra & Mahindra,Auto & Turnaround Giant,617.5499877929688,633.0,616.3250122070312,630.2750244140625,564.1393432617188,2036522
2014-11-12,M&M.NS,Mahindra & Mahindra,Auto & Turnaround Giant,634.0,636.2000122070312,624.2000122070312,626.7999877929688,561.0288696289062,2298010
2014-11-13,M&M.NS,Mahindra & Mahindra,Auto & Turnaround Giant,630.2999877929688,631.5999755859375,620.0,627.5999755859375,561.7449340820312,1943662
2014-11-14,M&M.NS,Mahindra & Mahindra,Auto & Turnaround Giant,625.0,629.7000122070312,622.5,627.9249877929688,562.035888671875,891830
2014-11-17,M&M.NS,Mahindra & Mahindra,Auto & Turnaround Giant,630.0,630.0,619.125,625.1500244140625,559.5521240234375,1275834
2014-11-18,M&M.NS,Mahindra & Mahindra,Auto & Turnaround Giant,625.5499877929688,635.7249755859375,625.5499877929688,632.4249877929688,566.0636596679688,2556372
2014-11-19,M&M.NS,Mahindra & Mahindra,Auto & Turnaround Giant,632.5,634.5,620.0,622.5,557.1800537109375,2230532
2014-11-20,M&M.NS,Mahindra & Mahindra,Auto & Turnaround Giant,625.0499877929688,626.4249877929688,611.5,613.9500122070312,549.5274047851562,2922272
2014-11-21,M&M.NS,Mahindra & Mahindra,Auto & Turnaround Giant,615.4000244140625,625.6749877929688,613.0250244140625,623.3499755859375,557.94091796875,4689312
2014-11-24,M&M.NS,Mahindra & Mahindra,Auto & Turnaround Giant,622.5499877929688,628.5,614.6500244140625,625.3250122070312,559.7086791992188,3445088
2014-11-25,M&M.NS,Mahindra & Mahindra,Auto & Turnaround Giant,625.3250122070312,632.25,618.25,628.8250122070312,562.8414916992188,2330848
2014-11-26,M&M.NS,Mahindra & Mahindra,Auto & Turnaround Giant,629.4500122070312,639.0,629.4500122070312,636.875,570.046630859375,1721898
2014-11-27,M&M.NS,Mahindra & Mahindra,Auto & Turnaround Giant,641.25,650.0,637.5250244140625,646.5250244140625,578.6842041015625,2421828
2014-11-28,M&M.NS,Mahindra & Mahindra,Auto & Turnaround Giant,647.5,663.9500122070312,647.5,661.875,592.4235229492188,3399766
2014-12-01,M&M.NS,Mahindra & Mahindra,Auto & Turnaround Giant,663.4749755859375,669.0,643.3499755859375,647.5499877929688,579.6015625,2027214
2014-12-02,M&M.NS,Mahindra & Mahindra,Auto & Turnaround Giant,643.0499877929688,645.0,628.1500244140625,632.2750244140625,565.929443359375,1139618
2014-12-03,M&M.NS,Mahindra & Mahindra,Auto & Turnaround Giant,637.3499755859375,647.2000122070312,635.0750122070312,643.375,575.8648071289062,1167678
2014-12-04,M&M.NS,Mahindra & Mahindra,Auto & Turnaround Giant,648.0,649.4249877929688,630.7999877929688,632.5499877929688,566.1754760742188,1569834
2014-12-05,M&M.NS,Mahindra & Mahindra,Auto & Turnaround Giant,637.9500122070312,649.9000244140625,633.75,647.0250244140625,579.1317138671875,1647748
2014-12-08,M&M.NS,Mahindra & Mahindra,Auto & Turnaround Giant,652.25,652.5,621.9000244140625,624.375,558.8583374023438,2116276
2014-12-09,M&M.NS,Mahindra & Mahindra,Auto & Turnaround Giant,625.0999755859375,636.0,618.0,632.8250122070312,566.4215698242188,1878164
2014-12-10,M&M.NS,Mahindra & Mahindra,Auto & Turnaround Giant,629.0,638.9749755859375,626.625,633.25,566.8021240234375,1969950
2014-12-11,M&M.NS,Mahindra & Mahindra,Auto & Turnaround Giant,635.0,641.5,629.4249877929688,633.0499877929688,566.6231079101562,882384
2014-12-12,M&M.NS,Mahindra & Mahindra,Auto & Turnaround Giant,631.0250244140625,633.0750122070312,620.7999877929688,625.7000122070312,560.0444946289062,3716288
2014-12-15,M&M.NS,Mahindra & Mahindra,Auto & Turnaround Giant,625.0499877929688,630.0,617.5,626.1500244140625,560.4472045898438,2213146
2014-12-16,M&M.NS,Mahindra & Mahindra,Auto & Turnaround Giant,620.0999755859375,622.5,606.2750244140625,613.75,549.3483276367188,2114132
2014-12-17,M&M.NS,Mahindra & Mahindra,Auto & Turnaround Giant,604.1500244140625,614.4000244140625,600.0,609.5750122070312,545.6113891601562,2063130
2014-12-18,M&M.NS,Mahindra & Mahindra,Auto & Turnaround Giant,617.5,618.5,603.0250244140625,606.125,542.5233154296875,1778968
2014-12-19,M&M.NS,Mahindra & Mahindra,Auto & Turnaround Giant,611.0,626.0,609.6749877929688,611.125,546.9987182617188,1435300
2014-12-22,M&M.NS,Mahindra & Mahindra,Auto & Turnaround Giant,612.7000122070312,637.3499755859375,612.7000122070312,632.7000122070312,566.3099365234375,939758
2014-12-23,M&M.NS,Mahindra & Mahindra,Auto & Turnaround Giant,636.5,640.4749755859375,626.0,634.2249755859375,567.6747436523438,868296
2014-12-24,M&M.NS,Mahindra & Mahindra,Auto & Turnaround Giant,633.25,641.9000244140625,620.2999877929688,625.9749755859375,560.2904663085938,2831472
2014-12-26,M&M.NS,Mahindra & Mahindra,Auto & Turnaround Giant,627.125,631.2000122070312,617.5,627.6500244140625,561.789794921875,459322
2014-12-29,M&M.NS,Mahindra & Mahindra,Auto & Turnaround Giant,627.0,635.6749877929688,623.1749877929688,625.7999877929688,560.1337890625,450752
2014-12-30,M&M.NS,Mahindra & Mahindra,Auto & Turnaround Giant,626.2000122070312,632.4000244140625,625.0,628.875,562.88623046875,667652
2014-12-31,M&M.NS,Mahindra & Mahindra,Auto & Turnaround Giant,615.1500244140625,622.4000244140625,613.5,617.2249755859375,552.4586791992188,1295788
2015-01-01,M&M.NS,Mahindra & Mahindra,Auto & Turnaround Giant,619.0,621.9000244140625,615.0499877929688,618.5250244140625,553.6222534179688,713338
2015-01-02,M&M.NS,Mahindra & Mahindra,Auto & Turnaround Giant,615.125,621.8499755859375,611.25,612.3250122070312,548.0729370117188,1279856
2015-01-05,M&M.NS,Mahindra & Mahindra,Auto & Turnaround Giant,610.0499877929688,624.0,608.5,609.2249755859375,545.298095703125,1456708
2015-01-06,M&M.NS,Mahindra & Mahindra,Auto & Turnaround Giant,607.5,612.1749877929688,600.5,605.8250122070312,542.2550048828125,2579114
2015-01-07,M&M.NS,Mahindra & Mahindra,Auto & Turnaround Giant,606.0,615.7000122070312,601.25,612.0750122070312,547.84912109375,2189814
2015-01-08,M&M.NS,Mahindra & Mahindra,Auto & Turnaround Giant,615.0,623.375,615.0,618.7999877929688,553.8683471679688,1672412
2015-01-09,M&M.NS,Mahindra & Mahindra,Auto & Turnaround Giant,621.4000244140625,623.0,612.5999755859375,619.0999755859375,554.1370239257812,1532294
2015-01-12,M&M.NS,Mahindra & Mahindra,Auto & Turnaround Giant,617.1500244140625,618.9000244140625,608.5,616.5,551.809814453125,897684
2015-01-13,M&M.NS,Mahindra & Mahindra,Auto & Turnaround Giant,615.0,630.5499877929688,615.0,624.4000244140625,558.8807983398438,1478978
2015-01-14,M&M.NS,Mahindra & Mahindra,Auto & Turnaround Giant,622.6500244140625,631.25,612.2249755859375,618.4749755859375,553.5775146484375,2831716
2015-01-15,M&M.NS,Mahindra & Mahindra,Auto & Turnaround Giant,629.5,647.0,626.7000122070312,639.0499877929688,571.993408203125,2859036
2015-01-16,M&M.NS,Mahindra & Mahindra,Auto & Turnaround Giant,638.5,656.4249877929688,637.2750244140625,652.2999877929688,583.8532104492188,2131084
2015-01-19,M&M.NS,Mahindra & Mahindra,Auto & Turnaround Giant,652.4500122070312,667.5,648.0,666.0999755859375,596.2051391601562,1362458
2015-01-20,M&M.NS,Mahindra & Mahindra,Auto & Turnaround Giant,666.5999755859375,669.5,657.6500244140625,662.625,593.0947875976562,1838290
2015-01-21,M&M.NS,Mahindra & Mahindra,Auto & Turnaround Giant,669.0,670.0,657.5250244140625,662.5250244140625,593.00537109375,1391960
2015-01-22,M&M.NS,Mahindra & Mahindra,Auto & Turnaround Giant,662.5,668.0499877929688,657.5,664.9749755859375,595.1981201171875,1815350
2015-01-23,M&M.NS,Mahindra & Mahindra,Auto & Turnaround Giant,668.0,687.8250122070312,665.6500244140625,680.9500122070312,609.4968872070312,4563196
2015-01-27,M&M.NS,Mahindra & Mahindra,Auto & Turnaround Giant,679.8250122070312,680.0,656.5499877929688,662.2249755859375,592.7366943359375,2382932
2015-01-28,M&M.NS,Mahindra & Mahindra,Auto & Turnaround Giant,662.2249755859375,667.0,651.5,658.1500244140625,589.0892944335938,1659912
2015-01-29,M&M.NS,Mahindra & Mahindra,Auto & Turnaround Giant,658.25,659.9749755859375,641.2000122070312,648.4000244140625,580.362548828125,2952528
2015-01-30,M&M.NS,Mahindra & Mahindra,Auto & Turnaround Giant,650.5,650.9500122070312,630.0,632.5499877929688,566.1754760742188,1628740
2015-02-02,M&M.NS,Mahindra & Mahindra,Auto & Turnaround Giant,632.6500244140625,642.4749755859375,616.7999877929688,620.5999755859375,555.4794311523438,1455970
2015-02-03,M&M.NS,Mahindra & Mahindra,Auto & Turnaround Giant,621.0499877929688,624.4749755859375,596.0499877929688,599.5999755859375,536.6830444335938,4694416
2015-02-04,M&M.NS,Mahindra & Mahindra,Auto & Turnaround Giant,601.4500122070312,609.9500122070312,600.0,605.4749755859375,541.9415893554688,1828968
2015-02-05,M&M.NS,Mahindra & Mahindra,Auto & Turnaround Giant,605.5,607.625,587.625,589.8499755859375,527.9561157226562,4854858
2015-02-06,M&M.NS,Mahindra & Mahindra,Auto & Turnaround Giant,588.5499877929688,590.0999755859375,571.5,574.875,514.5525512695312,4184102
2015-02-09,M&M.NS,Mahindra & Mahindra,Auto & Turnaround Giant,566.5,567.2000122070312,553.1500244140625,556.7000122070312,498.28466796875,5283110
2015-02-10,M&M.NS,Mahindra & Mahindra,Auto & Turnaround Giant,554.5499877929688,576.375,551.0,570.0999755859375,510.2785949707031,4016676
2015-02-11,M&M.NS,Mahindra & Mahindra,Auto & Turnaround Giant,571.2000122070312,576.375,561.5,566.7000122070312,507.23529052734375,2159236
2015-02-12,M&M.NS,Mahindra & Mahindra,Auto & Turnaround Giant,573.4249877929688,577.2000122070312,565.8499755859375,567.2249755859375,507.7052307128906,2265072
2015-02-13,M&M.NS,Mahindra & Mahindra,Auto & Turnaround Giant,567.0,599.5,561.7999877929688,596.2750244140625,533.7069702148438,5989004
2015-02-16,M&M.NS,Mahindra & Mahindra,Auto & Turnaround Giant,599.8250122070312,614.0,588.2999877929688,605.2249755859375,541.7178344726562,4291626
2015-02-18,M&M.NS,Mahindra & Mahindra,Auto & Turnaround Giant,606.0,621.0,604.0250244140625,614.0999755859375,549.6615600585938,3603180
2015-02-19,M&M.NS,Mahindra & Mahindra,Auto & Turnaround Giant,618.5,629.4749755859375,610.5,624.9500122070312,559.3731079101562,2829468
2015-02-20,M&M.NS,Mahindra & Mahindra,Auto & Turnaround Giant,628.3499755859375,632.7249755859375,621.0,626.0,560.312744140625,1295648
2015-02-23,M&M.NS,Mahindra & Mahindra,Auto & Turnaround Giant,627.9249877929688,637.25,624.0250244140625,630.625,564.4524536132812,2705104
2015-02-24,M&M.NS,Mahindra & Mahindra,Auto & Turnaround Giant,630.5,634.5,622.6749877929688,629.3499755859375,563.311279296875,1833458
2015-02-25,M&M.NS,Mahindra & Mahindra,Auto & Turnaround Giant,630.0,640.5999755859375,630.0,633.5499877929688,567.0706787109375,1399182
2015-02-26,M&M.NS,Mahindra & Mahindra,Auto & Turnaround Giant,633.5,634.9749755859375,622.4749755859375,624.7999877929688,559.2388305664062,4445506
2015-02-27,M&M.NS,Mahindra & Mahindra,Auto & Turnaround Giant,627.9500122070312,644.0,625.0750122070312,640.25,573.067626953125,2313528
2015-03-02,M&M.NS,Mahindra & Mahindra,Auto & Turnaround Giant,647.5499877929688,654.4000244140625,629.2750244140625,639.0750122070312,572.0159301757812,2758186
2015-03-03,M&M.NS,Mahindra & Mahindra,Auto & Turnaround Giant,629.0,629.0,609.7750244140625,615.8250122070312,551.20556640625,2632558
2015-03-04,M&M.NS,Mahindra & Mahindra,Auto & Turnaround Giant,627.5,630.3250122070312,602.5999755859375,605.5499877929688,542.0087280273438,2727706
2015-03-05,M&M.NS,Mahindra & Mahindra,Auto & Turnaround Giant,609.5,616.7750244140625,602.0,614.3250122070312,549.8629760742188,1604900
2015-03-09,M&M.NS,Mahindra & Mahindra,Auto & Turnaround Giant,612.0,614.4000244140625,600.5,603.4000244140625,540.0844116210938,1868972
2015-03-10,M&M.NS,Mahindra & Mahindra,Auto & Turnaround Giant,605.0999755859375,622.25,605.0999755859375,614.125,549.6839599609375,1823950
2015-03-11,M&M.NS,Mahindra & Mahindra,Auto & Turnaround Giant,612.3499755859375,632.75,609.0999755859375,630.1500244140625,564.0274047851562,1966554
2015-03-12,M&M.NS,Mahindra & Mahindra,Auto & Turnaround Giant,630.1500244140625,630.625,616.625,620.5750122070312,555.4570922851562,1995764
2015-03-13,M&M.NS,Mahindra & Mahindra,Auto & Turnaround Giant,626.5,626.5,610.25,613.875,549.460205078125,1215886
2015-03-16,M&M.NS,Mahindra & Mahindra,Auto & Turnaround Giant,616.0,616.0,603.7750244140625,609.875,545.8799438476562,1130904
2015-03-17,M&M.NS,Mahindra & Mahindra,Auto & Turnaround Giant,612.625,619.125,602.875,616.125,551.47412109375,5156560
2015-03-18,M&M.NS,Mahindra & Mahindra,Auto & Turnaround Giant,615.0250244140625,616.4500122070312,605.0,607.75,543.9779663085938,1164304
2015-03-19,M&M.NS,Mahindra & Mahindra,Auto & Turnaround Giant,614.0,615.9249877929688,600.5,603.7000122070312,540.3528442382812,1550130
2015-03-20,M&M.NS,Mahindra & Mahindra,Auto & Turnaround Giant,602.5,602.5,577.2000122070312,582.6500244140625,521.5117797851562,3144054
2015-03-23,M&M.NS,Mahindra & Mahindra,Auto & Turnaround Giant,586.2249755859375,600.0,579.125,592.75,530.5519409179688,2470122
2015-03-24,M&M.NS,Mahindra & Mahindra,Auto & Turnaround Giant,587.5,611.6749877929688,587.0999755859375,596.0250244140625,533.4832153320312,2037534
2015-03-25,M&M.NS,Mahindra & Mahindra,Auto & Turnaround Giant,596.0250244140625,607.5,596.0250244140625,605.1749877929688,541.6731567382812,1495138
2015-03-26,M&M.NS,Mahindra & Mahindra,Auto & Turnaround Giant,602.1749877929688,611.0,583.4249877929688,600.5499877929688,537.5335083007812,5380628
2015-03-27,M&M.NS,Mahindra & Mahindra,Auto & Turnaround Giant,601.5999755859375,602.5,586.1500244140625,594.25,531.8944702148438,1580906
2015-03-30,M&M.NS,Mahindra & Mahindra,Auto & Turnaround Giant,599.0,606.2000122070312,591.7999877929688,600.1500244140625,537.17529296875,1381266
2015-03-31,M&M.NS,Mahindra & Mahindra,Auto & Turnaround Giant,601.25,605.0,590.0,593.9000244140625,531.5811767578125,1622908
2015-04-01,M&M.NS,Mahindra & Mahindra,Auto & Turnaround Giant,594.0,604.0,589.0750122070312,601.0499877929688,537.9808959960938,1379942
2015-04-06,M&M.NS,Mahindra & Mahindra,Auto & Turnaround Giant,597.9000244140625,622.5,595.4000244140625,621.3250122070312,556.1286010742188,1813774
2015-04-07,M&M.NS,Mahindra & Mahindra,Auto & Turnaround Giant,621.9500122070312,641.9000244140625,615.7750244140625,634.4249877929688,567.8538208007812,1322082
2015-04-08,M&M.NS,Mahindra & Mahindra,Auto & Turnaround Giant,637.5,640.8250122070312,628.5499877929688,637.0999755859375,570.2481079101562,1054736
2015-04-09,M&M.NS,Mahindra & Mahindra,Auto & Turnaround Giant,637.5,639.9249877929688,630.5,637.2750244140625,570.4048461914062,1213928
2015-04-10,M&M.NS,Mahindra & Mahindra,Auto & Turnaround Giant,637.0,645.0,633.0250244140625,643.375,575.8648071289062,928554
2015-04-13,M&M.NS,Mahindra & Mahindra,Auto & Turnaround Giant,641.4500122070312,641.4500122070312,620.5,623.9000244140625,558.433349609375,1573142
2015-04-15,M&M.NS,Mahindra & Mahindra,Auto & Turnaround Giant,622.0499877929688,623.0,601.9249877929688,604.4500122070312,541.0242309570312,3648224
2015-04-16,M&M.NS,Mahindra & Mahindra,Auto & Turnaround Giant,605.0250244140625,617.5,600.625,614.25,549.7959594726562,2282350
2015-04-17,M&M.NS,Mahindra & Mahindra,Auto & Turnaround Giant,616.0,619.0,607.0750122070312,612.25,548.0057983398438,914614
2015-04-20,M&M.NS,Mahindra & Mahindra,Auto & Turnaround Giant,609.0,612.25,591.2999877929688,593.8499755859375,531.5364379882812,3364204
2015-04-21,M&M.NS,Mahindra & Mahindra,Auto & Turnaround Giant,595.0,604.875,587.5,595.2249755859375,532.7670288085938,1125000
2015-04-22,M&M.NS,Mahindra & Mahindra,Auto & Turnaround Giant,597.5,610.5,588.2249755859375,606.4749755859375,542.836669921875,1662436
2015-04-23,M&M.NS,Mahindra & Mahindra,Auto & Turnaround Giant,610.5,610.5,591.5,599.4249877929688,536.5264282226562,1658818
2015-04-24,M&M.NS,Mahindra & Mahindra,Auto & Turnaround Giant,598.625,602.5,584.0,586.0499877929688,524.5548095703125,4042390
2015-04-27,M&M.NS,Mahindra & Mahindra,Auto & Turnaround Giant,584.0250244140625,591.125,574.4749755859375,582.9749755859375,521.802490234375,2429722
2015-04-28,M&M.NS,Mahindra & Mahindra,Auto & Turnaround Giant,583.3499755859375,596.0,575.0,591.0999755859375,529.074951171875,1349770
2015-04-29,M&M.NS,Mahindra & Mahindra,Auto & Turnaround Giant,591.5,592.3499755859375,580.5,586.3250122070312,524.8010864257812,1009096
2015-04-30,M&M.NS,Mahindra & Mahindra,Auto & Turnaround Giant,585.0,586.9749755859375,568.8499755859375,572.5,512.4266967773438,3247284
2015-05-04,M&M.NS,Mahindra & Mahindra,Auto & Turnaround Giant,575.5,604.4749755859375,575.5,601.25,538.1599731445312,1616036
2015-05-05,M&M.NS,Mahindra & Mahindra,Auto & Turnaround Giant,601.0,601.0,584.2249755859375,589.625,527.7547607421875,1315182
2015-05-06,M&M.NS,Mahindra & Mahindra,Auto & Turnaround Giant,589.625,593.0,579.2249755859375,581.5750122070312,520.5494995117188,2243846
2015-05-07,M&M.NS,Mahindra & Mahindra,Auto & Turnaround Giant,581.3250122070312,589.0,572.0,585.375,523.95068359375,1957782
2015-05-08,M&M.NS,Mahindra & Mahindra,Auto & Turnaround Giant,588.0,604.2999877929688,587.5,590.1749877929688,528.2470703125,954900
2015-05-11,M&M.NS,Mahindra & Mahindra,Auto & Turnaround Giant,591.5,605.0,591.5,597.125,534.4677734375,707060
2015-05-12,M&M.NS,Mahindra & Mahindra,Auto & Turnaround Giant,597.125,597.125,585.0,588.5499877929688,526.7926635742188,1630000
2015-05-13,M&M.NS,Mahindra & Mahindra,Auto & Turnaround Giant,594.5,613.625,588.5250244140625,603.4500122070312,540.129150390625,2096774
2015-05-14,M&M.NS,Mahindra & Mahindra,Auto & Turnaround Giant,603.9500122070312,615.7000122070312,597.7750244140625,613.5750122070312,549.1917724609375,2122604
2015-05-15,M&M.NS,Mahindra & Mahindra,Auto & Turnaround Giant,615.0,628.0999755859375,613.6749877929688,624.5250244140625,558.99267578125,1670000
2015-05-18,M&M.NS,Mahindra & Mahindra,Auto & Turnaround Giant,622.4749755859375,634.25,615.8250122070312,631.8250122070312,565.5267333984375,942950
2015-05-19,M&M.NS,Mahindra & Mahindra,Auto & Turnaround Giant,631.8250122070312,638.5,622.3250122070312,626.9249877929688,561.1408081054688,1390012
2015-05-20,M&M.NS,Mahindra & Mahindra,Auto & Turnaround Giant,626.9249877929688,633.6749877929688,618.0,625.375,559.7534790039062,1165122
2015-05-21,M&M.NS,Mahindra & Mahindra,Auto & Turnaround Giant,627.5,631.3499755859375,620.7750244140625,624.4749755859375,558.9479370117188,1292072
2015-05-22,M&M.NS,Mahindra & Mahindra,Auto & Turnaround Giant,627.5,629.8499755859375,621.9249877929688,627.8250122070312,561.946533203125,1502662
2015-05-25,M&M.NS,Mahindra & Mahindra,Auto & Turnaround Giant,627.8250122070312,636.7249755859375,624.3499755859375,629.9500122070312,563.848388671875,756930
2015-05-26,M&M.NS,Mahindra & Mahindra,Auto & Turnaround Giant,629.9500122070312,636.4500122070312,626.0,631.5250244140625,565.2581176757812,705404
2015-05-27,M&M.NS,Mahindra & Mahindra,Auto & Turnaround Giant,628.0,629.25,606.9749755859375,611.4000244140625,547.244873046875,1997572
2015-05-28,M&M.NS,Mahindra & Mahindra,Auto & Turnaround Giant,611.9749755859375,611.9749755859375,592.0250244140625,599.0750122070312,536.213134765625,2378236
2015-05-29,M&M.NS,Mahindra & Mahindra,Auto & Turnaround Giant,597.5,633.875,584.8250122070312,629.0499877929688,563.0429077148438,6907312
2015-06-01,M&M.NS,Mahindra & Mahindra,Auto & Turnaround Giant,629.0499877929688,635.0,620.0,629.0499877929688,563.0429077148438,1242246
2015-06-02,M&M.NS,Mahindra & Mahindra,Auto & Turnaround Giant,629.4500122070312,632.375,609.4500122070312,612.2999877929688,548.0504150390625,1425648
2015-06-03,M&M.NS,Mahindra & Mahindra,Auto & Turnaround Giant,613.125,614.25,600.0499877929688,602.4249877929688,539.211669921875,1276568
2015-06-04,M&M.NS,Mahindra & Mahindra,Auto & Turnaround Giant,603.5,608.875,590.0250244140625,597.7999877929688,535.0718994140625,1169336
2015-06-05,M&M.NS,Mahindra & Mahindra,Auto & Turnaround Giant,598.125,615.3499755859375,595.0499877929688,602.9249877929688,539.6593017578125,1311658
2015-06-08,M&M.NS,Mahindra & Mahindra,Auto & Turnaround Giant,604.0,610.5,594.3250122070312,603.2000122070312,539.9054565429688,1142562
2015-06-09,M&M.NS,Mahindra & Mahindra,Auto & Turnaround Giant,603.0499877929688,610.9249877929688,598.75,602.5999755859375,539.3682250976562,962068
2015-06-10,M&M.NS,Mahindra & Mahindra,Auto & Turnaround Giant,601.0,615.0,600.0999755859375,610.25,546.2155151367188,936760
2015-06-11,M&M.NS,Mahindra & Mahindra,Auto & Turnaround Giant,613.0,613.0,592.5,593.7999877929688,531.49169921875,1028418
2015-06-12,M&M.NS,Mahindra & Mahindra,Auto & Turnaround Giant,595.0,599.5,588.0,596.4749755859375,533.8860473632812,1206728
2015-06-15,M&M.NS,Mahindra & Mahindra,Auto & Turnaround Giant,597.5,614.125,595.5,610.1500244140625,546.1260986328125,1435222
2015-06-16,M&M.NS,Mahindra & Mahindra,Auto & Turnaround Giant,617.4749755859375,619.5,608.9249877929688,616.4749755859375,551.787353515625,1340132
2015-06-17,M&M.NS,Mahindra & Mahindra,Auto & Turnaround Giant,617.75,629.4749755859375,611.75,626.7750244140625,561.0065307617188,2391462
2015-06-18,M&M.NS,Mahindra & Mahindra,Auto & Turnaround Giant,627.5750122070312,633.7249755859375,622.5250244140625,626.9749755859375,561.185546875,1893300
2015-06-19,M&M.NS,Mahindra & Mahindra,Auto & Turnaround Giant,627.0,662.3499755859375,626.7999877929688,652.7750244140625,584.2783813476562,3766568
2015-06-22,M&M.NS,Mahindra & Mahindra,Auto & Turnaround Giant,655.0,661.2999877929688,649.0,656.0,587.1649169921875,1686240
2015-06-23,M&M.NS,Mahindra & Mahindra,Auto & Turnaround Giant,656.5,669.5,653.5,668.0499877929688,597.9505615234375,1157398
2015-06-24,M&M.NS,Mahindra & Mahindra,Auto & Turnaround Giant,669.9749755859375,670.9500122070312,646.7000122070312,651.1749877929688,582.8463134765625,1481094
2015-06-25,M&M.NS,Mahindra & Mahindra,Auto & Turnaround Giant,640.375,655.3499755859375,638.75,649.9000244140625,581.705078125,2473112
2015-06-26,M&M.NS,Mahindra & Mahindra,Auto & Turnaround Giant,650.0499877929688,658.9500122070312,646.5,652.0499877929688,583.6294555664062,1320310
2015-06-29,M&M.NS,Mahindra & Mahindra,Auto & Turnaround Giant,645.0,647.5,638.25,642.0750122070312,574.7012329101562,1287240
2015-06-30,M&M.NS,Mahindra & Mahindra,Auto & Turnaround Giant,644.0750122070312,644.7750244140625,632.5750122070312,641.1749877929688,573.8956298828125,2502056
2015-07-01,M&M.NS,Mahindra & Mahindra,Auto & Turnaround Giant,640.0,651.0,636.5250244140625,644.0,576.424072265625,1826964
2015-07-02,M&M.NS,Mahindra & Mahindra,Auto & Turnaround Giant,646.0,662.4000244140625,644.625,656.7249755859375,587.8138427734375,1513902
2015-07-03,M&M.NS,Mahindra & Mahindra,Auto & Turnaround Giant,660.0,664.9500122070312,654.0,656.3250122070312,587.4558715820312,1733252
2015-07-06,M&M.NS,Mahindra & Mahindra,Auto & Turnaround Giant,649.5,662.7249755859375,647.5,660.875,591.5283203125,1210678
2015-07-07,M&M.NS,Mahindra & Mahindra,Auto & Turnaround Giant,659.0,667.0,655.5,658.9000244140625,589.7606201171875,1246580
2015-07-08,M&M.NS,Mahindra & Mahindra,Auto & Turnaround Giant,656.0,656.0499877929688,637.25,639.5750122070312,572.4635009765625,2030192
2015-07-09,M&M.NS,Mahindra & Mahindra,Auto & Turnaround Giant,645.8250122070312,645.8250122070312,630.5,632.0,565.6832885742188,958292
2015-07-10,M&M.NS,Mahindra & Mahindra,Auto & Turnaround Giant,629.0,635.9249877929688,622.6749877929688,624.7750244140625,559.2164306640625,3604156
2015-07-13,M&M.NS,Mahindra & Mahindra,Auto & Turnaround Giant,635.0,636.0,625.5250244140625,633.7999877929688,567.2943725585938,1739946
2015-07-14,M&M.NS,Mahindra & Mahindra,Auto & Turnaround Giant,635.0,637.0,625.5,634.9749755859375,568.3460083007812,913798
2015-07-15,M&M.NS,Mahindra & Mahindra,Auto & Turnaround Giant,636.0,647.0,635.0250244140625,644.0,576.424072265625,1395890
2015-07-16,M&M.NS,Mahindra & Mahindra,Auto & Turnaround Giant,639.0,644.8499755859375,633.625,638.4249877929688,576.80810546875,1644288
2015-07-17,M&M.NS,Mahindra & Mahindra,Auto & Turnaround Giant,641.9500122070312,650.8499755859375,636.0,648.2999877929688,585.72998046875,2085314
2015-07-20,M&M.NS,Mahindra & Mahindra,Auto & Turnaround Giant,652.5,658.5,646.4500122070312,657.2000122070312,593.77099609375,1363818
2015-07-21,M&M.NS,Mahindra & Mahindra,Auto & Turnaround Giant,658.4500122070312,661.5,644.4000244140625,649.2999877929688,586.633544921875,836144
2015-07-22,M&M.NS,Mahindra & Mahindra,Auto & Turnaround Giant,649.0499877929688,675.0,647.5,671.125,606.35205078125,1867150
2015-07-23,M&M.NS,Mahindra & Mahindra,Auto & Turnaround Giant,674.0,684.0,672.7750244140625,679.4500122070312,613.8735961914062,2399756
2015-07-24,M&M.NS,Mahindra & Mahindra,Auto & Turnaround Giant,681.3499755859375,681.3499755859375,662.0,664.8499755859375,600.6827392578125,719700
2015-07-27,M&M.NS,Mahindra & Mahindra,Auto & Turnaround Giant,659.5,670.0,655.5499877929688,657.9749755859375,594.4713134765625,900076
2015-07-28,M&M.NS,Mahindra & Mahindra,Auto & Turnaround Giant,660.0,669.75,653.2750244140625,657.0,593.59033203125,1242534
2015-07-29,M&M.NS,Mahindra & Mahindra,Auto & Turnaround Giant,661.9500122070312,663.5,650.0,657.7750244140625,594.2906494140625,1372156
2015-07-30,M&M.NS,Mahindra & Mahindra,Auto & Turnaround Giant,662.8250122070312,671.75,655.5999755859375,658.875,595.284423828125,1368146
2015-07-31,M&M.NS,Mahindra & Mahindra,Auto & Turnaround Giant,664.2999877929688,691.0,661.5,681.7999877929688,615.996826171875,2508732
2015-08-03,M&M.NS,Mahindra & Mahindra,Auto & Turnaround Giant,677.0,677.0,666.0,668.9500122070312,604.3869018554688,831716
2015-08-04,M&M.NS,Mahindra & Mahindra,Auto & Turnaround Giant,670.6500244140625,684.9500122070312,668.4249877929688,682.1500244140625,616.3131103515625,1124208
2015-08-05,M&M.NS,Mahindra & Mahindra,Auto & Turnaround Giant,683.0,694.9749755859375,674.8250122070312,693.4249877929688,626.4998168945312,1282268
2015-08-06,M&M.NS,Mahindra & Mahindra,Auto & Turnaround Giant,693.25,703.7249755859375,686.8499755859375,698.625,631.197998046875,1255418
2015-08-07,M&M.NS,Mahindra & Mahindra,Auto & Turnaround Giant,697.5,721.0250244140625,692.5,695.1500244140625,628.058349609375,4958870
2015-08-10,M&M.NS,Mahindra & Mahindra,Auto & Turnaround Giant,690.0,697.4749755859375,676.0,679.8499755859375,614.2350463867188,1431622
2015-08-11,M&M.NS,Mahindra & Mahindra,Auto & Turnaround Giant,681.4500122070312,684.4749755859375,667.5,669.7750244140625,605.1324462890625,1486050
2015-08-12,M&M.NS,Mahindra & Mahindra,Auto & Turnaround Giant,669.5,669.75,647.5,649.7000122070312,586.994873046875,1515180
2015-08-13,M&M.NS,Mahindra & Mahindra,Auto & Turnaround Giant,651.5499877929688,674.0,650.5,669.7999877929688,605.1550903320312,1535240
2015-08-14,M&M.NS,Mahindra & Mahindra,Auto & Turnaround Giant,674.0,690.9000244140625,672.5,689.0750122070312,622.569580078125,1466162
2015-08-17,M&M.NS,Mahindra & Mahindra,Auto & Turnaround Giant,689.9500122070312,689.9500122070312,672.5999755859375,675.5250244140625,610.3275146484375,790168
2015-08-18,M&M.NS,Mahindra & Mahindra,Auto & Turnaround Giant,677.0499877929688,685.875,675.5499877929688,682.4749755859375,616.6066284179688,844484
2015-08-19,M&M.NS,Mahindra & Mahindra,Auto & Turnaround Giant,683.5,692.3499755859375,674.3499755859375,682.8250122070312,616.9229736328125,1065202
2015-08-20,M&M.NS,Mahindra & Mahindra,Auto & Turnaround Giant,685.0,687.5999755859375,663.8250122070312,667.375,602.9639892578125,1406780
2015-08-21,M&M.NS,Mahindra & Mahindra,Auto & Turnaround Giant,661.5,664.9000244140625,644.0,661.125,597.3172607421875,1548770
2015-08-24,M&M.NS,Mahindra & Mahindra,Auto & Turnaround Giant,642.4500122070312,649.0,612.5,621.625,561.6295776367188,2079760
2015-08-25,M&M.NS,Mahindra & Mahindra,Auto & Turnaround Giant,625.0,636.9749755859375,613.0,625.4749755859375,565.1079711914062,2133382
2015-08-26,M&M.NS,Mahindra & Mahindra,Auto & Turnaround Giant,627.5750122070312,631.0,602.5499877929688,607.75,549.09375,2001506
2015-08-27,M&M.NS,Mahindra & Mahindra,Auto & Turnaround Giant,623.3499755859375,623.5,607.5,615.0999755859375,555.7341918945312,4865668
2015-08-28,M&M.NS,Mahindra & Mahindra,Auto & Turnaround Giant,618.2999877929688,623.5250244140625,609.5,616.9749755859375,557.4282836914062,3995432
2015-08-31,M&M.NS,Mahindra & Mahindra,Auto & Turnaround Giant,615.5,621.0,605.8499755859375,610.4500122070312,551.5330810546875,3746160
2015-09-01,M&M.NS,Mahindra & Mahindra,Auto & Turnaround Giant,603.75,609.1749877929688,584.5,588.5999755859375,531.7919311523438,3174664
2015-09-02,M&M.NS,Mahindra & Mahindra,Auto & Turnaround Giant,592.5,593.9500122070312,562.75,567.2750244140625,512.5250244140625,4493220
2015-09-03,M&M.NS,Mahindra & Mahindra,Auto & Turnaround Giant,571.9749755859375,579.0,546.0750122070312,570.3250122070312,515.28076171875,2712720
2015-09-04,M&M.NS,Mahindra & Mahindra,Auto & Turnaround Giant,569.0,570.75,550.5,555.2999877929688,501.7057800292969,2989644
2015-09-07,M&M.NS,Mahindra & Mahindra,Auto & Turnaround Giant,555.5,561.2000122070312,546.375,555.4500122070312,501.84136962890625,1389426
2015-09-08,M&M.NS,Mahindra & Mahindra,Auto & Turnaround Giant,555.5,581.2000122070312,551.5,572.9500122070312,517.6524047851562,2745142
2015-09-09,M&M.NS,Mahindra & Mahindra,Auto & Turnaround Giant,582.5499877929688,591.9500122070312,575.5999755859375,585.2999877929688,528.8103637695312,3132170
2015-09-10,M&M.NS,Mahindra & Mahindra,Auto & Turnaround Giant,583.0,591.7750244140625,574.0499877929688,585.0499877929688,528.5845947265625,1425516
2015-09-11,M&M.NS,Mahindra & Mahindra,Auto & Turnaround Giant,591.4500122070312,597.4500122070312,580.0250244140625,583.25,526.958251953125,1622658
2015-09-14,M&M.NS,Mahindra & Mahindra,Auto & Turnaround Giant,585.2999877929688,589.9000244140625,576.5250244140625,586.375,529.7816772460938,1439596
2015-09-15,M&M.NS,Mahindra & Mahindra,Auto & Turnaround Giant,583.0499877929688,585.875,572.5499877929688,575.9500122070312,520.36279296875,1468462
2015-09-16,M&M.NS,Mahindra & Mahindra,Auto & Turnaround Giant,579.5,585.0,575.5250244140625,583.9749755859375,527.61328125,1953384
2015-09-18,M&M.NS,Mahindra & Mahindra,Auto & Turnaround Giant,587.5250244140625,607.4500122070312,584.875,599.625,541.7528076171875,5269170
2015-09-21,M&M.NS,Mahindra & Mahindra,Auto & Turnaround Giant,591.0,598.9749755859375,588.5250244140625,592.6500244140625,535.4510498046875,2274848
2015-09-22,M&M.NS,Mahindra & Mahindra,Auto & Turnaround Giant,598.5,601.2000122070312,589.375,593.7000122070312,536.3997192382812,4025672
2015-09-23,M&M.NS,Mahindra & Mahindra,Auto & Turnaround Giant,587.5,610.75,586.5250244140625,604.125,545.8185424804688,3068924
2015-09-24,M&M.NS,Mahindra & Mahindra,Auto & Turnaround Giant,602.5,616.5,598.75,610.5,551.5781860351562,4290468
2015-09-28,M&M.NS,Mahindra & Mahindra,Auto & Turnaround Giant,612.4749755859375,619.9000244140625,606.4249877929688,610.7999877929688,551.8493041992188,1689472
2015-09-29,M&M.NS,Mahindra & Mahindra,Auto & Turnaround Giant,603.0,639.5499877929688,600.7999877929688,624.8499755859375,564.5432739257812,6506062
2015-09-30,M&M.NS,Mahindra & Mahindra,Auto & Turnaround Giant,625.5499877929688,634.4249877929688,622.7999877929688,631.9000244140625,570.9129028320312,5297210
2015-10-01,M&M.NS,Mahindra & Mahindra,Auto & Turnaround Giant,638.5,639.0,621.5750122070312,625.0250244140625,564.701416015625,2110700
2015-10-05,M&M.NS,Mahindra & Mahindra,Auto & Turnaround Giant,627.75,640.0,627.75,635.3499755859375,574.0299072265625,2226118
2015-10-06,M&M.NS,Mahindra & Mahindra,Auto & Turnaround Giant,638.5,645.0,629.625,632.125,571.1160888671875,2787718
2015-10-07,M&M.NS,Mahindra & Mahindra,Auto & Turnaround Giant,630.5250244140625,649.4749755859375,630.0,643.9249877929688,581.7772827148438,1427976
2015-10-08,M&M.NS,Mahindra & Mahindra,Auto & Turnaround Giant,647.2249755859375,647.375,633.5999755859375,636.3250122070312,574.9108276367188,9205452
2015-10-09,M&M.NS,Mahindra & Mahindra,Auto & Turnaround Giant,640.0,643.7999877929688,633.2249755859375,636.6749877929688,575.2269897460938,1427498
2015-10-12,M&M.NS,Mahindra & Mahindra,Auto & Turnaround Giant,635.0750122070312,641.25,630.0,637.4500122070312,575.9271850585938,1496340
2015-10-13,M&M.NS,Mahindra & Mahindra,Auto & Turnaround Giant,636.0499877929688,645.0,635.0,641.4749755859375,579.563720703125,2852984
2015-10-14,M&M.NS,Mahindra & Mahindra,Auto & Turnaround Giant,641.4749755859375,645.0,636.5,644.0499877929688,581.8903198242188,567184
2015-10-15,M&M.NS,Mahindra & Mahindra,Auto & Turnaround Giant,646.0,650.7000122070312,633.6500244140625,637.4249877929688,575.9046630859375,2148492
2015-10-16,M&M.NS,Mahindra & Mahindra,Auto & Turnaround Giant,639.0,647.4749755859375,634.125,644.4249877929688,582.22900390625,1478824
2015-10-19,M&M.NS,Mahindra & Mahindra,Auto & Turnaround Giant,645.0,649.9500122070312,637.9749755859375,640.625,578.7957763671875,1646242
2015-10-20,M&M.NS,Mahindra & Mahindra,Auto & Turnaround Giant,641.0,642.0,623.5250244140625,625.3250122070312,564.9724731445312,3016880
2015-10-21,M&M.NS,Mahindra & Mahindra,Auto & Turnaround Giant,623.9749755859375,631.9000244140625,616.0,628.3250122070312,567.6829223632812,1502156
2015-10-23,M&M.NS,Mahindra & Mahindra,Auto & Turnaround Giant,633.2999877929688,639.9749755859375,620.2000122070312,623.3250122070312,563.1654663085938,1629182
2015-10-26,M&M.NS,Mahindra & Mahindra,Auto & Turnaround Giant,625.0,629.9500122070312,618.3250122070312,622.6500244140625,562.5557250976562,1165248
2015-10-27,M&M.NS,Mahindra & Mahindra,Auto & Turnaround Giant,621.0,630.1749877929688,616.6500244140625,625.0250244140625,564.701416015625,1624822
2015-10-28,M&M.NS,Mahindra & Mahindra,Auto & Turnaround Giant,621.0,626.5999755859375,610.0999755859375,613.4500122070312,554.2435302734375,3883340
2015-10-29,M&M.NS,Mahindra & Mahindra,Auto & Turnaround Giant,614.0,618.5,607.0,613.9000244140625,554.6500854492188,2387748
2015-10-30,M&M.NS,Mahindra & Mahindra,Auto & Turnaround Giant,611.25,613.4249877929688,586.6500244140625,591.7999877929688,534.68310546875,1933272
2015-11-02,M&M.NS,Mahindra & Mahindra,Auto & Turnaround Giant,600.0250244140625,618.25,600.0250244140625,604.4249877929688,546.0895385742188,2576854
2015-11-03,M&M.NS,Mahindra & Mahindra,Auto & Turnaround Giant,605.9500122070312,617.75,605.25,616.4749755859375,556.9765625,1311030
2015-11-04,M&M.NS,Mahindra & Mahindra,Auto & Turnaround Giant,616.4749755859375,629.75,616.4749755859375,627.1500244140625,566.6214599609375,908280
2015-11-05,M&M.NS,Mahindra & Mahindra,Auto & Turnaround Giant,625.5,634.875,622.7999877929688,629.875,569.0833129882812,1734508
2015-11-06,M&M.NS,Mahindra & Mahindra,Auto & Turnaround Giant,627.5,634.5,606.5,624.7750244140625,564.4754638671875,2328754
2015-11-09,M&M.NS,Mahindra & Mahindra,Auto & Turnaround Giant,610.5,632.5,607.2750244140625,624.5499877929688,564.2722778320312,1149942
2015-11-10,M&M.NS,Mahindra & Mahindra,Auto & Turnaround Giant,623.5499877929688,634.0,617.75,630.5750122070312,569.7156982421875,1205674
2015-11-13,M&M.NS,Mahindra & Mahindra,Auto & Turnaround Giant,622.7000122070312,629.75,621.3499755859375,625.7000122070312,565.311279296875,3279020
2015-11-16,M&M.NS,Mahindra & Mahindra,Auto & Turnaround Giant,625.0,644.3250122070312,619.0999755859375,638.9500122070312,577.2824096679688,4053098
2015-11-17,M&M.NS,Mahindra & Mahindra,Auto & Turnaround Giant,639.5,649.0,634.75,644.4000244140625,582.2064819335938,3017600
2015-11-18,M&M.NS,Mahindra & Mahindra,Auto & Turnaround Giant,642.5,652.0,637.1500244140625,639.1500244140625,577.4630737304688,1383404
2015-11-19,M&M.NS,Mahindra & Mahindra,Auto & Turnaround Giant,642.5499877929688,648.9749755859375,637.5750122070312,646.0499877929688,583.6971435546875,921622
2015-11-20,M&M.NS,Mahindra & Mahindra,Auto & Turnaround Giant,646.0499877929688,662.5,645.6500244140625,657.625,594.1549682617188,3969672
2015-11-23,M&M.NS,Mahindra & Mahindra,Auto & Turnaround Giant,657.625,667.1500244140625,653.5999755859375,661.75,597.8818969726562,1826316
2015-11-24,M&M.NS,Mahindra & Mahindra,Auto & Turnaround Giant,661.75,662.9749755859375,655.9000244140625,659.7750244140625,596.097412109375,2482202
2015-11-26,M&M.NS,Mahindra & Mahindra,Auto & Turnaround Giant,662.4749755859375,676.9749755859375,658.5,673.125,608.1589965820312,1818860
2015-11-27,M&M.NS,Mahindra & Mahindra,Auto & Turnaround Giant,678.0,686.0,674.7000122070312,675.5999755859375,610.395263671875,3275350
2015-11-30,M&M.NS,Mahindra & Mahindra,Auto & Turnaround Giant,676.5,684.9000244140625,675.8499755859375,682.75,616.8551635742188,4884086
2015-12-01,M&M.NS,Mahindra & Mahindra,Auto & Turnaround Giant,685.0,690.75,678.25,684.4500122070312,618.3910522460938,2366346
2015-12-02,M&M.NS,Mahindra & Mahindra,Auto & Turnaround Giant,687.5,688.4749755859375,681.75,685.2249755859375,619.0912475585938,2032040
2015-12-03,M&M.NS,Mahindra & Mahindra,Auto & Turnaround Giant,684.25,684.375,670.2999877929688,672.8499755859375,607.91064453125,1129668
2015-12-04,M&M.NS,Mahindra & Mahindra,Auto & Turnaround Giant,667.7999877929688,671.5999755859375,656.125,657.6500244140625,594.177734375,1567306
2015-12-07,M&M.NS,Mahindra & Mahindra,Auto & Turnaround Giant,659.25,665.7000122070312,653.8499755859375,661.8499755859375,597.97216796875,1126844
2015-12-08,M&M.NS,Mahindra & Mahindra,Auto & Turnaround Giant,660.0,666.4249877929688,651.0499877929688,657.125,593.7032470703125,1853618
2015-12-09,M&M.NS,Mahindra & Mahindra,Auto & Turnaround Giant,656.5,664.4000244140625,653.0750122070312,656.0499877929688,592.7320556640625,2248652
2015-12-10,M&M.NS,Mahindra & Mahindra,Auto & Turnaround Giant,657.0,659.875,642.0,645.3499755859375,583.0647583007812,1494658
2015-12-11,M&M.NS,Mahindra & Mahindra,Auto & Turnaround Giant,643.0,647.9500122070312,622.0,630.9500122070312,570.0545654296875,1292080
2015-12-14,M&M.NS,Mahindra & Mahindra,Auto & Turnaround Giant,615.5499877929688,648.1500244140625,614.25,642.4000244140625,580.3994140625,2761612
2015-12-15,M&M.NS,Mahindra & Mahindra,Auto & Turnaround Giant,647.5,652.2249755859375,639.0750122070312,644.5250244140625,582.3193969726562,1552806
2015-12-16,M&M.NS,Mahindra & Mahindra,Auto & Turnaround Giant,627.625,627.625,604.25,609.0250244140625,550.24560546875,6682490
2015-12-17,M&M.NS,Mahindra & Mahindra,Auto & Turnaround Giant,607.5,627.1500244140625,597.75,623.7750244140625,563.5721435546875,4996832
2015-12-18,M&M.NS,Mahindra & Mahindra,Auto & Turnaround Giant,622.5250244140625,629.2249755859375,617.5250244140625,621.6500244140625,561.6521606445312,2740974
2015-12-21,M&M.NS,Mahindra & Mahindra,Auto & Turnaround Giant,620.0,642.0,620.0,639.4249877929688,577.7115478515625,1876456
2015-12-22,M&M.NS,Mahindra & Mahindra,Auto & Turnaround Giant,638.4249877929688,638.4249877929688,626.5750122070312,628.2750244140625,567.6377563476562,1222278
2015-12-23,M&M.NS,Mahindra & Mahindra,Auto & Turnaround Giant,630.25,635.0999755859375,623.625,625.9249877929688,565.5145263671875,1002636
2015-12-24,M&M.NS,Mahindra & Mahindra,Auto & Turnaround Giant,626.125,635.5,626.125,628.875,568.1797485351562,693062
2015-12-28,M&M.NS,Mahindra & Mahindra,Auto & Turnaround Giant,630.0,633.0499877929688,622.5,624.7000122070312,564.4076538085938,1232286
2015-12-29,M&M.NS,Mahindra & Mahindra,Auto & Turnaround Giant,625.0,634.9500122070312,625.0,632.2999877929688,571.2742919921875,862010
2015-12-30,M&M.NS,Mahindra & Mahindra,Auto & Turnaround Giant,632.5250244140625,637.4500122070312,629.5250244140625,631.5,570.5515747070312,940950
2015-12-31,M&M.NS,Mahindra & Mahindra,Auto & Turnaround Giant,629.5,638.9249877929688,627.6500244140625,636.1749877929688,574.7752075195312,1163700
2016-01-01,M&M.NS,Mahindra & Mahindra,Auto & Turnaround Giant,635.9749755859375,639.7249755859375,630.0,632.6749877929688,571.613037109375,486818
2016-01-04,M&M.NS,Mahindra & Mahindra,Auto & Turnaround Giant,631.5,631.5,619.8499755859375,621.25,561.2907104492188,727368
2016-01-05,M&M.NS,Mahindra & Mahindra,Auto & Turnaround Giant,623.0,635.9500122070312,619.8499755859375,624.5999755859375,564.3173828125,1466066
2016-01-06,M&M.NS,Mahindra & Mahindra,Auto & Turnaround Giant,620.0499877929688,624.0999755859375,610.0,613.0750122070312,553.9047241210938,1178150
2016-01-07,M&M.NS,Mahindra & Mahindra,Auto & Turnaround Giant,609.5,609.5250244140625,587.5,598.7249755859375,540.939697265625,1954754
2016-01-08,M&M.NS,Mahindra & Mahindra,Auto & Turnaround Giant,599.5,604.1749877929688,595.8499755859375,599.0,541.1881103515625,3530992
2016-01-11,M&M.NS,Mahindra & Mahindra,Auto & Turnaround Giant,594.0,594.0,577.0499877929688,581.2999877929688,525.1963500976562,2263750
2016-01-12,M&M.NS,Mahindra & Mahindra,Auto & Turnaround Giant,582.0,593.4749755859375,578.0250244140625,590.9500122070312,533.9151000976562,1162522
2016-01-13,M&M.NS,Mahindra & Mahindra,Auto & Turnaround Giant,593.5499877929688,607.2249755859375,588.4500122070312,602.5250244140625,544.373046875,1652518
2016-01-14,M&M.NS,Mahindra & Mahindra,Auto & Turnaround Giant,596.5499877929688,599.9000244140625,576.2999877929688,594.2750244140625,536.9192504882812,1620082
2016-01-15,M&M.NS,Mahindra & Mahindra,Auto & Turnaround Giant,599.0,599.7750244140625,585.0,588.5999755859375,531.7919311523438,925828
2016-01-18,M&M.NS,Mahindra & Mahindra,Auto & Turnaround Giant,586.8499755859375,593.5499877929688,578.0750122070312,582.8250122070312,526.5743408203125,1228894
2016-01-19,M&M.NS,Mahindra & Mahindra,Auto & Turnaround Giant,583.4000244140625,583.4000244140625,566.7750244140625,576.25,520.6339111328125,2012000
2016-01-20,M&M.NS,Mahindra & Mahindra,Auto & Turnaround Giant,569.0,580.2999877929688,550.5,575.375,519.8432006835938,2616840
2016-01-21,M&M.NS,Mahindra & Mahindra,Auto & Turnaround Giant,577.5,581.7000122070312,566.0999755859375,569.3499755859375,514.3997192382812,1634526
2016-01-22,M&M.NS,Mahindra & Mahindra,Auto & Turnaround Giant,571.25,602.5,570.4249877929688,599.4500122070312,541.5947875976562,1505188
2016-01-25,M&M.NS,Mahindra & Mahindra,Auto & Turnaround Giant,603.0,609.0250244140625,587.0999755859375,589.1500244140625,532.288818359375,1650040
2016-01-27,M&M.NS,Mahindra & Mahindra,Auto & Turnaround Giant,589.7000122070312,598.9000244140625,575.0999755859375,588.3499755859375,531.5660400390625,2116716
2016-01-28,M&M.NS,Mahindra & Mahindra,Auto & Turnaround Giant,588.75,606.6749877929688,588.75,602.0750122070312,543.9664916992188,1347616
2016-01-29,M&M.NS,Mahindra & Mahindra,Auto & Turnaround Giant,606.0,620.0,601.1500244140625,616.625,557.1121215820312,2034158
2016-02-01,M&M.NS,Mahindra & Mahindra,Auto & Turnaround Giant,613.0,619.2000122070312,603.9249877929688,613.1749877929688,553.9949951171875,1027972
2016-02-02,M&M.NS,Mahindra & Mahindra,Auto & Turnaround Giant,613.9749755859375,620.6500244140625,600.0,603.3250122070312,545.0957641601562,1032894
2016-02-03,M&M.NS,Mahindra & Mahindra,Auto & Turnaround Giant,597.4000244140625,614.0,595.0,601.5,543.4468994140625,1042488
2016-02-04,M&M.NS,Mahindra & Mahindra,Auto & Turnaround Giant,604.0,610.9500122070312,594.5,602.25,544.1244506835938,887888
2016-02-05,M&M.NS,Mahindra & Mahindra,Auto & Turnaround Giant,602.0,611.6500244140625,597.3250122070312,609.75,550.900634765625,1290006
2016-02-08,M&M.NS,Mahindra & Mahindra,Auto & Turnaround Giant,614.0,618.8499755859375,596.9500122070312,600.875,542.8822021484375,1042654
2016-02-09,M&M.NS,Mahindra & Mahindra,Auto & Turnaround Giant,595.5,608.4000244140625,589.0,591.5999755859375,534.5023193359375,759394
2016-02-10,M&M.NS,Mahindra & Mahindra,Auto & Turnaround Giant,590.0,600.9749755859375,580.7249755859375,591.1500244140625,534.0958251953125,1233280
2016-02-11,M&M.NS,Mahindra & Mahindra,Auto & Turnaround Giant,588.5,590.5,558.9749755859375,563.2999877929688,508.9337158203125,1382986
2016-02-12,M&M.NS,Mahindra & Mahindra,Auto & Turnaround Giant,563.25,589.2750244140625,545.625,582.625,526.3935546875,4933968
2016-02-15,M&M.NS,Mahindra & Mahindra,Auto & Turnaround Giant,581.5,615.4749755859375,580.7999877929688,613.4000244140625,554.1984252929688,1493674
2016-02-16,M&M.NS,Mahindra & Mahindra,Auto & Turnaround Giant,614.5,620.2000122070312,600.0750122070312,603.0250244140625,544.8247680664062,1198744
2016-02-17,M&M.NS,Mahindra & Mahindra,Auto & Turnaround Giant,604.0,604.0,592.75,600.2000122070312,542.2723999023438,1079510
2016-02-18,M&M.NS,Mahindra & Mahindra,Auto & Turnaround Giant,606.25,611.4749755859375,594.1749877929688,606.7999877929688,548.2353515625,1406810
2016-02-19,M&M.NS,Mahindra & Mahindra,Auto & Turnaround Giant,605.0,624.4000244140625,600.7249755859375,615.125,555.7567749023438,1361338
2016-02-22,M&M.NS,Mahindra & Mahindra,Auto & Turnaround Giant,616.0,624.5,615.9000244140625,618.5250244140625,558.8286743164062,1101500
2016-02-23,M&M.NS,Mahindra & Mahindra,Auto & Turnaround Giant,618.5,620.5499877929688,601.8499755859375,604.3499755859375,546.021728515625,1709506
2016-02-24,M&M.NS,Mahindra & Mahindra,Auto & Turnaround Giant,600.0,612.0,597.3499755859375,609.2999877929688,550.4939575195312,1284148
2016-02-25,M&M.NS,Mahindra & Mahindra,Auto & Turnaround Giant,608.625,621.3250122070312,608.5250244140625,614.5250244140625,555.2147216796875,2585106
2016-02-26,M&M.NS,Mahindra & Mahindra,Auto & Turnaround Giant,619.0,623.9249877929688,613.9749755859375,615.0250244140625,555.6665649414062,1777842
2016-02-29,M&M.NS,Mahindra & Mahindra,Auto & Turnaround Giant,612.0999755859375,634.5,607.5250244140625,614.0499877929688,554.7855224609375,3427866
2016-03-01,M&M.NS,Mahindra & Mahindra,Auto & Turnaround Giant,608.625,639.8499755859375,604.0499877929688,634.0499877929688,572.855224609375,3171988
2016-03-02,M&M.NS,Mahindra & Mahindra,Auto & Turnaround Giant,635.0,635.0,594.8250122070312,599.5750122070312,541.7077026367188,4975766
2016-03-03,M&M.NS,Mahindra & Mahindra,Auto & Turnaround Giant,606.0,614.1500244140625,600.1749877929688,607.6749877929688,549.02587890625,2128882
2016-03-04,M&M.NS,Mahindra & Mahindra,Auto & Turnaround Giant,607.5,614.5,605.2750244140625,608.1749877929688,549.4777221679688,1402812
2016-03-08,M&M.NS,Mahindra & Mahindra,Auto & Turnaround Giant,612.5,617.0,607.4749755859375,609.7000122070312,550.8554077148438,1459818
2016-03-09,M&M.NS,Mahindra & Mahindra,Auto & Turnaround Giant,607.4500122070312,619.0,605.5999755859375,617.7750244140625,558.151123046875,1762268
2016-03-10,M&M.NS,Mahindra & Mahindra,Auto & Turnaround Giant,616.0,623.7000122070312,610.5,613.1749877929688,553.9949951171875,1316558
2016-03-11,M&M.NS,Mahindra & Mahindra,Auto & Turnaround Giant,609.2999877929688,617.8250122070312,608.0,610.25,551.3524169921875,1353850
2016-03-14,M&M.NS,Mahindra & Mahindra,Auto & Turnaround Giant,615.0,617.9749755859375,602.5,606.0250244140625,547.53515625,1425720
2016-03-15,M&M.NS,Mahindra & Mahindra,Auto & Turnaround Giant,607.4500122070312,608.625,598.7999877929688,602.5250244140625,544.373046875,1281014
2016-03-16,M&M.NS,Mahindra & Mahindra,Auto & Turnaround Giant,602.4500122070312,607.5,592.0,606.0499877929688,547.5578002929688,970990
2016-03-17,M&M.NS,Mahindra & Mahindra,Auto & Turnaround Giant,609.5499877929688,612.5,595.0,599.2249755859375,541.3914184570312,1315728
2016-03-18,M&M.NS,Mahindra & Mahindra,Auto & Turnaround Giant,600.0499877929688,613.5999755859375,597.5,611.2750244140625,552.278564453125,1669452
2016-03-21,M&M.NS,Mahindra & Mahindra,Auto & Turnaround Giant,614.5,615.0,608.0750122070312,613.9749755859375,554.7177734375,986906
2016-03-22,M&M.NS,Mahindra & Mahindra,Auto & Turnaround Giant,615.0,632.9249877929688,611.0,626.5750122070312,566.101806640625,1927934
2016-03-23,M&M.NS,Mahindra & Mahindra,Auto & Turnaround Giant,627.5,630.9000244140625,621.1500244140625,624.6749877929688,564.3851318359375,1591314
2016-03-28,M&M.NS,Mahindra & Mahindra,Auto & Turnaround Giant,631.0,633.0,618.6500244140625,621.9249877929688,561.9005737304688,2335552
2016-03-29,M&M.NS,Mahindra & Mahindra,Auto & Turnaround Giant,620.0999755859375,626.5999755859375,613.6749877929688,616.125,556.6602783203125,1942358
2016-03-30,M&M.NS,Mahindra & Mahindra,Auto & Turnaround Giant,622.0,624.4249877929688,607.8499755859375,609.875,551.0134887695312,3656452
2016-03-31,M&M.NS,Mahindra & Mahindra,Auto & Turnaround Giant,609.5,613.4000244140625,602.0,605.3499755859375,546.92529296875,5135346
2016-04-01,M&M.NS,Mahindra & Mahindra,Auto & Turnaround Giant,603.3499755859375,603.7000122070312,594.0,597.5999755859375,539.9232177734375,4983622
2016-04-04,M&M.NS,Mahindra & Mahindra,Auto & Turnaround Giant,598.7249755859375,624.7000122070312,593.3499755859375,622.9500122070312,562.8265991210938,2898226
2016-04-05,M&M.NS,Mahindra & Mahindra,Auto & Turnaround Giant,622.9500122070312,623.875,607.0999755859375,607.8499755859375,549.1838989257812,981922
2016-04-06,M&M.NS,Mahindra & Mahindra,Auto & Turnaround Giant,610.0,618.4500122070312,607.2999877929688,610.1749877929688,551.28466796875,1253168
2016-04-07,M&M.NS,Mahindra & Mahindra,Auto & Turnaround Giant,612.4500122070312,617.0,604.5,606.3250122070312,547.8060913085938,824062
2016-04-08,M&M.NS,Mahindra & Mahindra,Auto & Turnaround Giant,607.4500122070312,619.2999877929688,604.3499755859375,616.125,556.6602783203125,971094
2016-04-11,M&M.NS,Mahindra & Mahindra,Auto & Turnaround Giant,619.4500122070312,619.7000122070312,605.0250244140625,618.0,558.3543701171875,998468
2016-04-12,M&M.NS,Mahindra & Mahindra,Auto & Turnaround Giant,618.5,624.4000244140625,614.5499877929688,619.9749755859375,560.1386108398438,2127960
2016-04-13,M&M.NS,Mahindra & Mahindra,Auto & Turnaround Giant,627.0,674.875,625.5499877929688,666.2249755859375,601.9251098632812,5955162
2016-04-18,M&M.NS,Mahindra & Mahindra,Auto & Turnaround Giant,665.0,677.3499755859375,658.0499877929688,670.3250122070312,605.6293334960938,3446600
2016-04-20,M&M.NS,Mahindra & Mahindra,Auto & Turnaround Giant,672.4749755859375,672.4749755859375,652.1500244140625,663.0250244140625,599.0338745117188,3542876
2016-04-21,M&M.NS,Mahindra & Mahindra,Auto & Turnaround Giant,667.4749755859375,669.1749877929688,651.0750122070312,654.3250122070312,591.1734008789062,1693322
2016-04-22,M&M.NS,Mahindra & Mahindra,Auto & Turnaround Giant,655.0,667.5499877929688,651.3250122070312,663.0,599.01123046875,1421344
2016-04-25,M&M.NS,Mahindra & Mahindra,Auto & Turnaround Giant,662.6500244140625,666.9749755859375,658.625,663.25,599.2371215820312,1211802
2016-04-26,M&M.NS,Mahindra & Mahindra,Auto & Turnaround Giant,667.0,683.0,664.0750122070312,676.9249877929688,611.59228515625,2435670
2016-04-27,M&M.NS,Mahindra & Mahindra,Auto & Turnaround Giant,677.0,694.6749877929688,674.5999755859375,692.375,625.5512084960938,1671196
2016-04-28,M&M.NS,Mahindra & Mahindra,Auto & Turnaround Giant,694.6749877929688,698.5,670.5,672.25,607.3685913085938,3997186
2016-04-29,M&M.NS,Mahindra & Mahindra,Auto & Turnaround Giant,672.0,672.8250122070312,659.1500244140625,665.4749755859375,601.2474365234375,1806098
2016-05-02,M&M.NS,Mahindra & Mahindra,Auto & Turnaround Giant,659.5,672.5,656.5999755859375,668.2750244140625,603.777099609375,1204758
2016-05-03,M&M.NS,Mahindra & Mahindra,Auto & Turnaround Giant,668.5,676.1500244140625,658.0,662.9249877929688,598.9435424804688,1916636
2016-05-04,M&M.NS,Mahindra & Mahindra,Auto & Turnaround Giant,662.9500122070312,664.9500122070312,653.0,660.5,596.7525024414062,1044784
2016-05-05,M&M.NS,Mahindra & Mahindra,Auto & Turnaround Giant,662.5,665.5,653.125,660.4249877929688,596.6846923828125,1343540
2016-05-06,M&M.NS,Mahindra & Mahindra,Auto & Turnaround Giant,655.8499755859375,667.0,653.25,665.4000244140625,601.1796264648438,1092306
2016-05-09,M&M.NS,Mahindra & Mahindra,Auto & Turnaround Giant,665.5,678.25,665.4500122070312,674.7999877929688,609.67236328125,1891170
2016-05-10,M&M.NS,Mahindra & Mahindra,Auto & Turnaround Giant,673.75,677.4749755859375,666.0,674.9500122070312,609.8079223632812,1346258
2016-05-11,M&M.NS,Mahindra & Mahindra,Auto & Turnaround Giant,669.0,675.5,656.0750122070312,674.0999755859375,609.0399169921875,2414330
2016-05-12,M&M.NS,Mahindra & Mahindra,Auto & Turnaround Giant,679.1749877929688,681.5999755859375,665.625,667.2000122070312,602.8057861328125,1287602
2016-05-13,M&M.NS,Mahindra & Mahindra,Auto & Turnaround Giant,665.5,665.7999877929688,651.0,656.375,593.025634765625,1207170
2016-05-16,M&M.NS,Mahindra & Mahindra,Auto & Turnaround Giant,660.0,660.0,652.75,658.1500244140625,594.6293334960938,1124564
2016-05-17,M&M.NS,Mahindra & Mahindra,Auto & Turnaround Giant,661.5,675.7000122070312,659.25,670.9749755859375,606.2166137695312,1869828
2016-05-18,M&M.NS,Mahindra & Mahindra,Auto & Turnaround Giant,667.4500122070312,667.4500122070312,656.25,663.0,599.01123046875,1679064
2016-05-19,M&M.NS,Mahindra & Mahindra,Auto & Turnaround Giant,663.0,664.6500244140625,652.75,655.5250244140625,592.2578125,1311608
2016-05-20,M&M.NS,Mahindra & Mahindra,Auto & Turnaround Giant,656.4000244140625,661.0250244140625,644.1500244140625,646.5499877929688,584.14892578125,1558094
2016-05-23,M&M.NS,Mahindra & Mahindra,Auto & Turnaround Giant,650.5,650.5250244140625,640.0750122070312,642.4749755859375,580.4672241210938,732148
2016-05-24,M&M.NS,Mahindra & Mahindra,Auto & Turnaround Giant,635.875,651.4500122070312,629.625,647.4000244140625,584.9169921875,1391044
2016-05-25,M&M.NS,Mahindra & Mahindra,Auto & Turnaround Giant,650.9500122070312,659.0,650.0,655.875,592.5738525390625,1755228
2016-05-26,M&M.NS,Mahindra & Mahindra,Auto & Turnaround Giant,658.9749755859375,674.9749755859375,653.0,669.5499877929688,604.9291381835938,2812820
2016-05-27,M&M.NS,Mahindra & Mahindra,Auto & Turnaround Giant,669.5,681.0,663.7750244140625,666.8499755859375,602.4896850585938,1473552
2016-05-30,M&M.NS,Mahindra & Mahindra,Auto & Turnaround Giant,667.0,675.8499755859375,656.4000244140625,665.4249877929688,601.2023315429688,4824894
2016-05-31,M&M.NS,Mahindra & Mahindra,Auto & Turnaround Giant,667.3499755859375,672.6500244140625,657.125,661.1500244140625,597.3397216796875,2957786
2016-06-01,M&M.NS,Mahindra & Mahindra,Auto & Turnaround Giant,664.5,674.5,663.125,666.875,602.5122680664062,1890434
2016-06-02,M&M.NS,Mahindra & Mahindra,Auto & Turnaround Giant,671.0,672.9249877929688,665.2999877929688,666.625,602.286376953125,1523970
2016-06-03,M&M.NS,Mahindra & Mahindra,Auto & Turnaround Giant,672.5,679.2999877929688,671.375,677.0999755859375,611.7504272460938,3376508
2016-06-06,M&M.NS,Mahindra & Mahindra,Auto & Turnaround Giant,681.25,693.2999877929688,680.5250244140625,684.8499755859375,618.7523803710938,2434724
2016-06-07,M&M.NS,Mahindra & Mahindra,Auto & Turnaround Giant,687.5,693.4749755859375,686.5,688.9749755859375,622.4793090820312,3529094
2016-06-08,M&M.NS,Mahindra & Mahindra,Auto & Turnaround Giant,689.9749755859375,699.0,689.9749755859375,693.1500244140625,626.25146484375,2266562
2016-06-09,M&M.NS,Mahindra & Mahindra,Auto & Turnaround Giant,691.5,696.5999755859375,682.5999755859375,686.7000122070312,620.4239501953125,1386668
2016-06-10,M&M.NS,Mahindra & Mahindra,Auto & Turnaround Giant,684.375,702.4500122070312,681.7750244140625,687.9249877929688,621.5307006835938,2835080
2016-06-13,M&M.NS,Mahindra & Mahindra,Auto & Turnaround Giant,679.125,688.25,667.625,678.6749877929688,613.17333984375,2380866
2016-06-14,M&M.NS,Mahindra & Mahindra,Auto & Turnaround Giant,680.5,683.4249877929688,674.5499877929688,677.7999877929688,612.3829345703125,1174906
2016-06-15,M&M.NS,Mahindra & Mahindra,Auto & Turnaround Giant,679.0,684.4000244140625,675.0999755859375,677.7750244140625,612.3603515625,1365592
2016-06-16,M&M.NS,Mahindra & Mahindra,Auto & Turnaround Giant,678.5,682.0999755859375,669.5999755859375,671.9749755859375,607.1200561523438,1998934
2016-06-17,M&M.NS,Mahindra & Mahindra,Auto & Turnaround Giant,675.1500244140625,679.9000244140625,669.5999755859375,672.0,607.142578125,1931630
2016-06-20,M&M.NS,Mahindra & Mahindra,Auto & Turnaround Giant,670.0250244140625,677.0,665.0250244140625,675.4249877929688,610.2369995117188,2144048
2016-06-21,M&M.NS,Mahindra & Mahindra,Auto & Turnaround Giant,677.4000244140625,685.7999877929688,677.4000244140625,683.4249877929688,617.4649658203125,1986504
2016-06-22,M&M.NS,Mahindra & Mahindra,Auto & Turnaround Giant,682.9000244140625,690.375,674.5499877929688,679.75,614.1445922851562,1218652
2016-06-23,M&M.NS,Mahindra & Mahindra,Auto & Turnaround Giant,681.4249877929688,690.0250244140625,679.25,687.375,621.0338134765625,1998834
2016-06-24,M&M.NS,Mahindra & Mahindra,Auto & Turnaround Giant,669.0,698.9000244140625,657.5,694.4500122070312,627.4259643554688,2768948
2016-06-27,M&M.NS,Mahindra & Mahindra,Auto & Turnaround Giant,697.5750122070312,700.6500244140625,689.0,695.9000244140625,628.7359008789062,1746496
2016-06-28,M&M.NS,Mahindra & Mahindra,Auto & Turnaround Giant,695.0499877929688,707.0,693.4500122070312,704.2999877929688,636.3252563476562,2010980
2016-06-29,M&M.NS,Mahindra & Mahindra,Auto & Turnaround Giant,707.25,712.9249877929688,704.0,708.875,640.4586181640625,2111922
2016-06-30,M&M.NS,Mahindra & Mahindra,Auto & Turnaround Giant,715.5,718.5,707.75,714.9749755859375,645.9699096679688,4694178
2016-07-01,M&M.NS,Mahindra & Mahindra,Auto & Turnaround Giant,716.5,737.4500122070312,716.25,731.5499877929688,660.9452514648438,2329862
2016-07-04,M&M.NS,Mahindra & Mahindra,Auto & Turnaround Giant,736.3499755859375,738.7249755859375,726.2249755859375,732.7000122070312,661.984375,1728496
2016-07-05,M&M.NS,Mahindra & Mahindra,Auto & Turnaround Giant,736.3499755859375,742.0,727.6500244140625,729.8499755859375,659.4092407226562,970110
2016-07-07,M&M.NS,Mahindra & Mahindra,Auto & Turnaround Giant,727.5,734.8499755859375,725.0,728.4000244140625,658.0993041992188,1597782
2016-07-08,M&M.NS,Mahindra & Mahindra,Auto & Turnaround Giant,727.9500122070312,732.75,723.5250244140625,726.7249755859375,656.5858154296875,1428498
2016-07-11,M&M.NS,Mahindra & Mahindra,Auto & Turnaround Giant,733.9749755859375,739.7999877929688,730.5,735.9749755859375,664.9431762695312,1316600
2016-07-12,M&M.NS,Mahindra & Mahindra,Auto & Turnaround Giant,736.625,740.1500244140625,735.0250244140625,737.5750122070312,666.3887329101562,940948
2016-07-13,M&M.NS,Mahindra & Mahindra,Auto & Turnaround Giant,737.0,740.0,730.125,732.2249755859375,661.5551147460938,1505342
2016-07-14,M&M.NS,Mahindra & Mahindra,Auto & Turnaround Giant,727.7750244140625,730.5250244140625,714.8250122070312,723.625,653.7850341796875,1832622
2016-07-15,M&M.NS,Mahindra & Mahindra,Auto & Turnaround Giant,728.9500122070312,742.5999755859375,724.5499877929688,732.4000244140625,661.7131958007812,2521152
2016-07-18,M&M.NS,Mahindra & Mahindra,Auto & Turnaround Giant,735.0,740.8499755859375,731.75,734.3499755859375,663.4749145507812,1474504
2016-07-19,M&M.NS,Mahindra & Mahindra,Auto & Turnaround Giant,734.0999755859375,737.5,721.5999755859375,728.2999877929688,658.0089111328125,1392118
2016-07-20,M&M.NS,Mahindra & Mahindra,Auto & Turnaround Giant,732.0,735.875,729.0499877929688,730.7000122070312,660.1773681640625,1445068
2016-07-21,M&M.NS,Mahindra & Mahindra,Auto & Turnaround Giant,726.0,727.9500122070312,714.5250244140625,717.4249877929688,653.5499267578125,2491952
2016-07-22,M&M.NS,Mahindra & Mahindra,Auto & Turnaround Giant,718.5,723.3250122070312,718.2999877929688,720.2750244140625,656.1463012695312,2033726
2016-07-25,M&M.NS,Mahindra & Mahindra,Auto & Turnaround Giant,720.0,734.2000122070312,719.125,731.8250122070312,666.6679077148438,1919612
2016-07-26,M&M.NS,Mahindra & Mahindra,Auto & Turnaround Giant,734.0,734.8499755859375,722.0999755859375,724.4749755859375,659.9722290039062,2004548
2016-07-27,M&M.NS,Mahindra & Mahindra,Auto & Turnaround Giant,725.2750244140625,731.9249877929688,718.0,726.9000244140625,662.181396484375,1342568
2016-07-28,M&M.NS,Mahindra & Mahindra,Auto & Turnaround Giant,731.5,731.5,723.0750122070312,726.25,661.5892944335938,3059592
2016-07-29,M&M.NS,Mahindra & Mahindra,Auto & Turnaround Giant,727.0,739.9500122070312,726.25,733.375,668.0799560546875,3784502
2016-08-01,M&M.NS,Mahindra & Mahindra,Auto & Turnaround Giant,736.4500122070312,746.875,728.0250244140625,735.0750122070312,669.6285400390625,2556022
2016-08-02,M&M.NS,Mahindra & Mahindra,Auto & Turnaround Giant,740.0,744.3499755859375,725.9500122070312,728.9749755859375,664.0716552734375,1498848
2016-08-03,M&M.NS,Mahindra & Mahindra,Auto & Turnaround Giant,730.8499755859375,734.9500122070312,720.2999877929688,723.25,658.8563842773438,1345026
2016-08-04,M&M.NS,Mahindra & Mahindra,Auto & Turnaround Giant,729.9000244140625,732.4000244140625,715.5499877929688,717.8499755859375,653.9371337890625,1361794
2016-08-05,M&M.NS,Mahindra & Mahindra,Auto & Turnaround Giant,722.25,745.0,722.0,742.0,675.93701171875,1870776
2016-08-08,M&M.NS,Mahindra & Mahindra,Auto & Turnaround Giant,747.5,752.625,736.875,748.9249877929688,682.2454833984375,3560014
2016-08-09,M&M.NS,Mahindra & Mahindra,Auto & Turnaround Giant,753.5,754.4749755859375,733.9500122070312,740.375,674.4567260742188,1546836
2016-08-10,M&M.NS,Mahindra & Mahindra,Auto & Turnaround Giant,744.5,747.0,717.5,724.5750122070312,660.0633544921875,6602056
2016-08-11,M&M.NS,Mahindra & Mahindra,Auto & Turnaround Giant,722.5999755859375,726.3499755859375,705.5,710.7999877929688,647.514892578125,3344252
2016-08-12,M&M.NS,Mahindra & Mahindra,Auto & Turnaround Giant,714.0,738.5,712.0250244140625,725.4249877929688,660.8377075195312,3848548
2016-08-16,M&M.NS,Mahindra & Mahindra,Auto & Turnaround Giant,726.125,730.6749877929688,715.6749877929688,721.8250122070312,657.5582885742188,3017988
2016-08-17,M&M.NS,Mahindra & Mahindra,Auto & Turnaround Giant,721.8250122070312,728.2249755859375,717.8250122070312,725.25,660.6782836914062,1181104
2016-08-18,M&M.NS,Mahindra & Mahindra,Auto & Turnaround Giant,728.0499877929688,733.7249755859375,726.375,730.125,665.1192016601562,1371966
2016-08-19,M&M.NS,Mahindra & Mahindra,Auto & Turnaround Giant,731.0,734.2000122070312,725.7999877929688,729.4749755859375,664.5271606445312,1527874
2016-08-22,M&M.NS,Mahindra & Mahindra,Auto & Turnaround Giant,730.2000122070312,730.9749755859375,717.5250244140625,721.7750244140625,657.5126342773438,1207950
2016-08-23,M&M.NS,Mahindra & Mahindra,Auto & Turnaround Giant,723.9500122070312,724.375,715.5,721.3499755859375,657.1256103515625,900824
2016-08-24,M&M.NS,Mahindra & Mahindra,Auto & Turnaround Giant,721.4249877929688,725.7999877929688,716.0999755859375,717.4249877929688,653.5499267578125,1003038
2016-08-25,M&M.NS,Mahindra & Mahindra,Auto & Turnaround Giant,722.5,722.5,704.0,706.9249877929688,643.9848022460938,1965574
2016-08-26,M&M.NS,Mahindra & Mahindra,Auto & Turnaround Giant,709.4500122070312,716.125,707.5999755859375,712.4249877929688,648.9951171875,1336100
2016-08-29,M&M.NS,Mahindra & Mahindra,Auto & Turnaround Giant,714.0,714.4000244140625,706.75,711.2000122070312,647.8793334960938,1113022
2016-08-30,M&M.NS,Mahindra & Mahindra,Auto & Turnaround Giant,713.9749755859375,719.4749755859375,712.5,718.0,654.0736694335938,2720064
2016-08-31,M&M.NS,Mahindra & Mahindra,Auto & Turnaround Giant,721.0,724.1749877929688,715.2249755859375,718.2999877929688,654.34716796875,2587538
2016-09-01,M&M.NS,Mahindra & Mahindra,Auto & Turnaround Giant,719.5,732.5,719.0250244140625,726.7750244140625,662.0675659179688,2331330
2016-09-02,M&M.NS,Mahindra & Mahindra,Auto & Turnaround Giant,730.0,738.0,717.7999877929688,736.7999877929688,671.1998901367188,2816632
2016-09-06,M&M.NS,Mahindra & Mahindra,Auto & Turnaround Giant,740.0,747.5,739.5499877929688,744.9249877929688,678.6015625,2300042
2016-09-07,M&M.NS,Mahindra & Mahindra,Auto & Turnaround Giant,747.5,750.0,740.375,744.375,678.1005249023438,1940376
2016-09-08,M&M.NS,Mahindra & Mahindra,Auto & Turnaround Giant,747.0,750.0,741.2750244140625,746.0499877929688,679.6264038085938,1721426
2016-09-09,M&M.NS,Mahindra & Mahindra,Auto & Turnaround Giant,747.0250244140625,748.5,730.4500122070312,736.2249755859375,670.6762084960938,1298158
2016-09-12,M&M.NS,Mahindra & Mahindra,Auto & Turnaround Giant,728.25,729.0,708.0,712.9749755859375,649.4962158203125,1374956
2016-09-14,M&M.NS,Mahindra & Mahindra,Auto & Turnaround Giant,716.2000122070312,716.2000122070312,702.9000244140625,705.7750244140625,642.937255859375,2284122
2016-09-15,M&M.NS,Mahindra & Mahindra,Auto & Turnaround Giant,709.4500122070312,711.5499877929688,697.7750244140625,703.125,640.523193359375,1365672
2016-09-16,M&M.NS,Mahindra & Mahindra,Auto & Turnaround Giant,706.0,715.5999755859375,700.5250244140625,703.3250122070312,640.7053833007812,1548846
2016-09-19,M&M.NS,Mahindra & Mahindra,Auto & Turnaround Giant,708.9500122070312,714.75,703.5,708.5,645.419677734375,1107456
2016-09-20,M&M.NS,Mahindra & Mahindra,Auto & Turnaround Giant,711.5,713.3250122070312,702.75,704.9249877929688,642.1629028320312,1226474
2016-09-21,M&M.NS,Mahindra & Mahindra,Auto & Turnaround Giant,704.0,712.9749755859375,700.5999755859375,703.4500122070312,640.8192749023438,2095174
2016-09-22,M&M.NS,Mahindra & Mahindra,Auto & Turnaround Giant,710.0,711.25,704.0999755859375,706.7999877929688,643.8709716796875,1936070
2016-09-23,M&M.NS,Mahindra & Mahindra,Auto & Turnaround Giant,709.4500122070312,713.5,703.5250244140625,705.0499877929688,642.2767333984375,1472766
2016-09-26,M&M.NS,Mahindra & Mahindra,Auto & Turnaround Giant,705.0499877929688,705.0499877929688,688.0,690.0999755859375,628.6578369140625,1781186
2016-09-27,M&M.NS,Mahindra & Mahindra,Auto & Turnaround Giant,690.0,695.375,684.3250122070312,685.8499755859375,624.7862548828125,1958762
2016-09-28,M&M.NS,Mahindra & Mahindra,Auto & Turnaround Giant,687.8250122070312,694.9500122070312,685.0,688.375,627.0863647460938,2085302
2016-09-29,M&M.NS,Mahindra & Mahindra,Auto & Turnaround Giant,693.4500122070312,707.9749755859375,679.1749877929688,682.2000122070312,621.4612426757812,5270206
2016-09-30,M&M.NS,Mahindra & Mahindra,Auto & Turnaround Giant,685.25,707.6749877929688,675.0,702.8499755859375,640.2725830078125,2137750
2016-10-03,M&M.NS,Mahindra & Mahindra,Auto & Turnaround Giant,706.5,726.0,700.0250244140625,721.9249877929688,657.6492919921875,3603220
2016-10-04,M&M.NS,Mahindra & Mahindra,Auto & Turnaround Giant,725.25,727.375,705.5,707.6749877929688,644.6681518554688,3167876
2016-10-05,M&M.NS,Mahindra & Mahindra,Auto & Turnaround Giant,712.9500122070312,712.9500122070312,697.4000244140625,699.5999755859375,637.3119506835938,2300598
2016-10-06,M&M.NS,Mahindra & Mahindra,Auto & Turnaround Giant,703.9500122070312,703.9500122070312,682.75,686.4500122070312,625.3328857421875,2127622
2016-10-07,M&M.NS,Mahindra & Mahindra,Auto & Turnaround Giant,687.5,694.0,685.0,687.0,625.8338623046875,1374730
2016-10-10,M&M.NS,Mahindra & Mahindra,Auto & Turnaround Giant,689.0499877929688,694.0,687.4749755859375,688.4500122070312,627.1547241210938,729386
2016-10-13,M&M.NS,Mahindra & Mahindra,Auto & Turnaround Giant,680.0250244140625,692.4500122070312,676.5,684.875,623.8980102539062,1654226
2016-10-14,M&M.NS,Mahindra & Mahindra,Auto & Turnaround Giant,688.5,688.5,676.5499877929688,678.5499877929688,618.1361694335938,1595846
2016-10-17,M&M.NS,Mahindra & Mahindra,Auto & Turnaround Giant,679.8499755859375,680.2000122070312,654.0250244140625,656.5499877929688,598.0949096679688,1865522
2016-10-18,M&M.NS,Mahindra & Mahindra,Auto & Turnaround Giant,660.2000122070312,667.4500122070312,658.7750244140625,666.6749877929688,607.3184204101562,1576968
2016-10-19,M&M.NS,Mahindra & Mahindra,Auto & Turnaround Giant,669.3499755859375,669.3499755859375,656.0250244140625,663.9500122070312,604.8361206054688,2310602
2016-10-20,M&M.NS,Mahindra & Mahindra,Auto & Turnaround Giant,665.0,671.8499755859375,661.5,663.7000122070312,604.6083984375,1040256
2016-10-21,M&M.NS,Mahindra & Mahindra,Auto & Turnaround Giant,663.4500122070312,665.0,660.2000122070312,663.375,604.312255859375,812896
2016-10-24,M&M.NS,Mahindra & Mahindra,Auto & Turnaround Giant,664.25,671.5999755859375,660.1749877929688,669.625,610.0057983398438,1778610
2016-10-25,M&M.NS,Mahindra & Mahindra,Auto & Turnaround Giant,670.0,670.4249877929688,649.6500244140625,651.9500122070312,593.9044799804688,2905508
2016-10-26,M&M.NS,Mahindra & Mahindra,Auto & Turnaround Giant,650.0499877929688,662.5,646.3250122070312,654.4749755859375,596.2046508789062,1250544
2016-10-27,M&M.NS,Mahindra & Mahindra,Auto & Turnaround Giant,655.0,658.0499877929688,646.5,649.875,592.01416015625,1908564
2016-10-28,M&M.NS,Mahindra & Mahindra,Auto & Turnaround Giant,649.0,657.4249877929688,645.0,655.9000244140625,597.5028076171875,1498016
2016-11-01,M&M.NS,Mahindra & Mahindra,Auto & Turnaround Giant,660.4500122070312,668.9000244140625,652.0,663.1749877929688,604.1301879882812,1854896
2016-11-02,M&M.NS,Mahindra & Mahindra,Auto & Turnaround Giant,659.5,693.25,653.25,684.6500244140625,623.693115234375,6050492
2016-11-03,M&M.NS,Mahindra & Mahindra,Auto & Turnaround Giant,680.5250244140625,687.7750244140625,676.5,680.4749755859375,619.8897705078125,2224808
2016-11-04,M&M.NS,Mahindra & Mahindra,Auto & Turnaround Giant,680.0,696.0,673.125,686.1749877929688,625.0822143554688,3198050
2016-11-07,M&M.NS,Mahindra & Mahindra,Auto & Turnaround Giant,692.0,696.6749877929688,685.2999877929688,688.9749755859375,627.6328735351562,2123570
2016-11-08,M&M.NS,Mahindra & Mahindra,Auto & Turnaround Giant,692.0,694.2999877929688,683.5250244140625,692.2999877929688,630.6619262695312,884762
2016-11-09,M&M.NS,Mahindra & Mahindra,Auto & Turnaround Giant,657.0,679.5,626.9249877929688,666.6749877929688,607.3184204101562,3743020
2016-11-10,M&M.NS,Mahindra & Mahindra,Auto & Turnaround Giant,678.9749755859375,689.2249755859375,655.0,660.6500244140625,601.829833984375,2512840
2016-11-11,M&M.NS,Mahindra & Mahindra,Auto & Turnaround Giant,650.0,658.5,615.7999877929688,620.0999755859375,564.8901977539062,4555506
2016-11-15,M&M.NS,Mahindra & Mahindra,Auto & Turnaround Giant,621.0,628.9749755859375,584.625,619.1500244140625,564.02490234375,4130936
2016-11-16,M&M.NS,Mahindra & Mahindra,Auto & Turnaround Giant,626.0,639.1749877929688,609.7750244140625,618.6749877929688,563.592041015625,2696932
2016-11-17,M&M.NS,Mahindra & Mahindra,Auto & Turnaround Giant,615.0,622.5,605.5,609.8250122070312,555.530029296875,1058432
2016-11-18,M&M.NS,Mahindra & Mahindra,Auto & Turnaround Giant,611.125,623.5,610.5,619.9249877929688,564.730712890625,1094450
2016-11-21,M&M.NS,Mahindra & Mahindra,Auto & Turnaround Giant,622.2249755859375,622.8499755859375,595.0,599.7000122070312,546.3064575195312,1510636
2016-11-22,M&M.NS,Mahindra & Mahindra,Auto & Turnaround Giant,605.0,611.7999877929688,592.5,609.5499877929688,555.279541015625,1287998
2016-11-23,M&M.NS,Mahindra & Mahindra,Auto & Turnaround Giant,612.4749755859375,613.25,593.5499877929688,595.9000244140625,542.8447875976562,1161412
2016-11-24,M&M.NS,Mahindra & Mahindra,Auto & Turnaround Giant,594.0,599.9000244140625,579.0,581.8499755859375,530.0457763671875,3266868
2016-11-25,M&M.NS,Mahindra & Mahindra,Auto & Turnaround Giant,584.9500122070312,589.25,576.625,586.5,534.2817993164062,1527176
2016-11-28,M&M.NS,Mahindra & Mahindra,Auto & Turnaround Giant,587.5,591.9749755859375,578.0,581.25,529.4990844726562,1327884
2016-11-29,M&M.NS,Mahindra & Mahindra,Auto & Turnaround Giant,580.5,600.5,580.0250244140625,592.9249877929688,540.1346435546875,2076356
2016-11-30,M&M.NS,Mahindra & Mahindra,Auto & Turnaround Giant,596.0,598.9500122070312,590.2750244140625,592.5499877929688,539.7930297851562,1876180
2016-12-01,M&M.NS,Mahindra & Mahindra,Auto & Turnaround Giant,595.0,597.0,578.4500122070312,580.0499877929688,528.4059448242188,1331604
2016-12-02,M&M.NS,Mahindra & Mahindra,Auto & Turnaround Giant,579.0,582.0,570.8250122070312,572.7750244140625,521.77880859375,2193510
2016-12-05,M&M.NS,Mahindra & Mahindra,Auto & Turnaround Giant,578.9249877929688,592.7999877929688,575.0,590.6500244140625,538.062255859375,1325654
2016-12-06,M&M.NS,Mahindra & Mahindra,Auto & Turnaround Giant,593.0,596.2249755859375,586.0250244140625,587.7000122070312,535.3748779296875,1087404
2016-12-07,M&M.NS,Mahindra & Mahindra,Auto & Turnaround Giant,591.4500122070312,597.9500122070312,585.0,591.0,538.381103515625,1875400
2016-12-08,M&M.NS,Mahindra & Mahindra,Auto & Turnaround Giant,593.5,607.0999755859375,593.5,604.5999755859375,550.770263671875,1803138
2016-12-09,M&M.NS,Mahindra & Mahindra,Auto & Turnaround Giant,609.5,609.5,591.5,594.1749877929688,541.2733764648438,1954666
2016-12-12,M&M.NS,Mahindra & Mahindra,Auto & Turnaround Giant,593.5999755859375,597.7000122070312,581.0999755859375,582.7999877929688,530.9112548828125,1082646
2016-12-13,M&M.NS,Mahindra & Mahindra,Auto & Turnaround Giant,582.0,587.25,576.5499877929688,583.7000122070312,531.731201171875,1501832
2016-12-14,M&M.NS,Mahindra & Mahindra,Auto & Turnaround Giant,587.4000244140625,592.0,579.5250244140625,586.9749755859375,534.71435546875,1104776
2016-12-15,M&M.NS,Mahindra & Mahindra,Auto & Turnaround Giant,585.0,598.4000244140625,583.0499877929688,593.2750244140625,540.4535522460938,1923330
2016-12-16,M&M.NS,Mahindra & Mahindra,Auto & Turnaround Giant,592.5,594.4749755859375,583.9500122070312,590.5,537.9255981445312,1602460
2016-12-19,M&M.NS,Mahindra & Mahindra,Auto & Turnaround Giant,591.6500244140625,594.9000244140625,586.0,588.5250244140625,536.12646484375,1482614
2016-12-20,M&M.NS,Mahindra & Mahindra,Auto & Turnaround Giant,589.0499877929688,593.0250244140625,585.0,589.2999877929688,536.8323974609375,1064722
2016-12-21,M&M.NS,Mahindra & Mahindra,Auto & Turnaround Giant,593.0,602.3499755859375,587.5,595.2249755859375,542.2299194335938,1676032
2016-12-22,M&M.NS,Mahindra & Mahindra,Auto & Turnaround Giant,593.5,596.4500122070312,586.5250244140625,591.7999877929688,539.10986328125,1711402
2016-12-23,M&M.NS,Mahindra & Mahindra,Auto & Turnaround Giant,585.5,590.9000244140625,577.5,585.7999877929688,533.6439819335938,1540542
2016-12-26,M&M.NS,Mahindra & Mahindra,Auto & Turnaround Giant,586.0,586.5,572.875,574.3499755859375,523.2135009765625,2124360
2016-12-27,M&M.NS,Mahindra & Mahindra,Auto & Turnaround Giant,574.5,585.7249755859375,570.7000122070312,583.625,531.6627197265625,1161856
2016-12-28,M&M.NS,Mahindra & Mahindra,Auto & Turnaround Giant,585.5499877929688,592.4500122070312,585.0,587.0499877929688,534.7827758789062,2138830
2016-12-29,M&M.NS,Mahindra & Mahindra,Auto & Turnaround Giant,588.9000244140625,589.5,584.1749877929688,587.4749755859375,535.169921875,1667556
2016-12-30,M&M.NS,Mahindra & Mahindra,Auto & Turnaround Giant,589.125,594.4000244140625,586.0,592.3499755859375,539.6109008789062,1023018
2017-01-02,M&M.NS,Mahindra & Mahindra,Auto & Turnaround Giant,592.25,616.5,585.125,614.9000244140625,560.1532592773438,2106528
2017-01-03,M&M.NS,Mahindra & Mahindra,Auto & Turnaround Giant,615.0,616.125,607.5,611.2750244140625,556.8510131835938,1553022
2017-01-04,M&M.NS,Mahindra & Mahindra,Auto & Turnaround Giant,611.3250122070312,615.375,606.5,610.9749755859375,556.57763671875,1130816
2017-01-05,M&M.NS,Mahindra & Mahindra,Auto & Turnaround Giant,612.0,617.5,603.7000122070312,613.6749877929688,559.0372314453125,2508486
2017-01-06,M&M.NS,Mahindra & Mahindra,Auto & Turnaround Giant,619.5,619.5,608.5999755859375,610.2249755859375,555.8944702148438,2254066
2017-01-09,M&M.NS,Mahindra & Mahindra,Auto & Turnaround Giant,609.6500244140625,611.9749755859375,600.5,602.0,548.4017333984375,1042782
2017-01-10,M&M.NS,Mahindra & Mahindra,Auto & Turnaround Giant,600.5,608.2999877929688,600.5,606.75,552.728759765625,558120
2017-01-11,M&M.NS,Mahindra & Mahindra,Auto & Turnaround Giant,608.625,618.875,606.8250122070312,616.0,561.1552734375,1411696
2017-01-12,M&M.NS,Mahindra & Mahindra,Auto & Turnaround Giant,617.5,617.5750122070312,605.0999755859375,606.7000122070312,552.683349609375,655710
2017-01-13,M&M.NS,Mahindra & Mahindra,Auto & Turnaround Giant,610.9000244140625,613.5,607.8250122070312,608.9249877929688,554.710205078125,787588
2017-01-16,M&M.NS,Mahindra & Mahindra,Auto & Turnaround Giant,607.5,613.4000244140625,603.7000122070312,605.5,551.5902099609375,980302
2017-01-17,M&M.NS,Mahindra & Mahindra,Auto & Turnaround Giant,605.0,607.25,600.375,602.2249755859375,548.606689453125,957954
2017-01-18,M&M.NS,Mahindra & Mahindra,Auto & Turnaround Giant,602.5499877929688,610.2000122070312,601.1500244140625,607.2999877929688,553.2298583984375,1958376
2017-01-19,M&M.NS,Mahindra & Mahindra,Auto & Turnaround Giant,606.0,606.8250122070312,601.375,605.4000244140625,551.4989013671875,787858
2017-01-20,M&M.NS,Mahindra & Mahindra,Auto & Turnaround Giant,605.0,608.4000244140625,593.5499877929688,596.0250244140625,542.9586791992188,1537666
2017-01-23,M&M.NS,Mahindra & Mahindra,Auto & Turnaround Giant,598.0,602.25,588.6749877929688,594.4500122070312,541.5238647460938,1086802
2017-01-24,M&M.NS,Mahindra & Mahindra,Auto & Turnaround Giant,597.4500122070312,612.0999755859375,593.5,610.3499755859375,556.0081787109375,1587220
2017-01-25,M&M.NS,Mahindra & Mahindra,Auto & Turnaround Giant,616.5,624.2000122070312,606.0,621.9000244140625,566.5299682617188,3701216
2017-01-27,M&M.NS,Mahindra & Mahindra,Auto & Turnaround Giant,621.9000244140625,634.9249877929688,621.75,625.8499755859375,570.1282348632812,1632060
2017-01-30,M&M.NS,Mahindra & Mahindra,Auto & Turnaround Giant,625.8499755859375,626.625,617.0250244140625,622.7999877929688,567.3497314453125,880280
2017-01-31,M&M.NS,Mahindra & Mahindra,Auto & Turnaround Giant,620.5999755859375,624.2750244140625,615.125,620.0499877929688,564.8446044921875,1846324
2017-02-01,M&M.NS,Mahindra & Mahindra,Auto & Turnaround Giant,621.0,653.7999877929688,614.0,651.2000122070312,593.2212524414062,3047124
2017-02-02,M&M.NS,Mahindra & Mahindra,Auto & Turnaround Giant,648.5,648.7999877929688,629.3250122070312,632.4749755859375,576.1633911132812,2895658
2017-02-03,M&M.NS,Mahindra & Mahindra,Auto & Turnaround Giant,632.9749755859375,636.875,626.1500244140625,630.3499755859375,574.2275390625,2265052
2017-02-06,M&M.NS,Mahindra & Mahindra,Auto & Turnaround Giant,631.0,635.5,629.0,632.9500122070312,576.59619140625,1710456
2017-02-07,M&M.NS,Mahindra & Mahindra,Auto & Turnaround Giant,632.0750122070312,632.8499755859375,622.4000244140625,629.4749755859375,573.4305419921875,2674292
2017-02-08,M&M.NS,Mahindra & Mahindra,Auto & Turnaround Giant,630.1749877929688,640.5,630.0499877929688,638.6500244140625,581.7886962890625,1681180
2017-02-09,M&M.NS,Mahindra & Mahindra,Auto & Turnaround Giant,639.5,647.375,632.25,645.8499755859375,588.3475952148438,1524034
2017-02-10,M&M.NS,Mahindra & Mahindra,Auto & Turnaround Giant,646.5,653.9249877929688,636.2750244140625,638.8250122070312,581.9480590820312,3535424
2017-02-13,M&M.NS,Mahindra & Mahindra,Auto & Turnaround Giant,642.9749755859375,651.4749755859375,606.9000244140625,649.3250122070312,591.51318359375,1752192
2017-02-14,M&M.NS,Mahindra & Mahindra,Auto & Turnaround Giant,651.2000122070312,656.9500122070312,642.5,650.9249877929688,592.9708251953125,1834652
2017-02-15,M&M.NS,Mahindra & Mahindra,Auto & Turnaround Giant,650.0999755859375,659.4000244140625,649.0499877929688,650.4249877929688,592.5152587890625,2093830
2017-02-16,M&M.NS,Mahindra & Mahindra,Auto & Turnaround Giant,650.5,660.7999877929688,650.25,659.9249877929688,601.1693725585938,1932262
2017-02-17,M&M.NS,Mahindra & Mahindra,Auto & Turnaround Giant,661.0,664.9249877929688,655.9500122070312,658.5750122070312,599.9396362304688,1750224
2017-02-20,M&M.NS,Mahindra & Mahindra,Auto & Turnaround Giant,658.5,662.2750244140625,652.2999877929688,657.9749755859375,599.3930053710938,940842
2017-02-21,M&M.NS,Mahindra & Mahindra,Auto & Turnaround Giant,658.9749755859375,658.9749755859375,651.5,655.8250122070312,597.4344482421875,1125370
2017-02-22,M&M.NS,Mahindra & Mahindra,Auto & Turnaround Giant,657.2249755859375,658.0,652.1749877929688,655.5999755859375,597.2295532226562,1207634
2017-02-23,M&M.NS,Mahindra & Mahindra,Auto & Turnaround Giant,657.0,657.75,647.25,652.4249877929688,594.337158203125,4754094
2017-02-27,M&M.NS,Mahindra & Mahindra,Auto & Turnaround Giant,651.4500122070312,651.4500122070312,640.5,646.9249877929688,589.326904296875,1495124
2017-02-28,M&M.NS,Mahindra & Mahindra,Auto & Turnaround Giant,647.4500122070312,658.9000244140625,645.4500122070312,656.0750122070312,597.662353515625,1350030
2017-03-01,M&M.NS,Mahindra & Mahindra,Auto & Turnaround Giant,658.0,679.4000244140625,649.1500244140625,674.375,614.3328857421875,5875460
2017-03-02,M&M.NS,Mahindra & Mahindra,Auto & Turnaround Giant,677.4500122070312,680.5,656.5,662.5,603.51513671875,1599896
2017-03-03,M&M.NS,Mahindra & Mahindra,Auto & Turnaround Giant,661.5,666.0,657.1749877929688,661.0250244140625,602.1715698242188,714316
2017-03-06,M&M.NS,Mahindra & Mahindra,Auto & Turnaround Giant,661.0750122070312,669.5,658.0999755859375,664.9000244140625,605.7015380859375,2634892
2017-03-07,M&M.NS,Mahindra & Mahindra,Auto & Turnaround Giant,661.5499877929688,665.9000244140625,656.3499755859375,660.125,601.3516235351562,1357652
2017-03-08,M&M.NS,Mahindra & Mahindra,Auto & Turnaround Giant,661.5,661.5250244140625,649.9749755859375,651.7750244140625,593.7451171875,1755722
2017-03-09,M&M.NS,Mahindra & Mahindra,Auto & Turnaround Giant,651.0,655.9000244140625,649.0499877929688,651.9749755859375,593.9271850585938,1947556
2017-03-10,M&M.NS,Mahindra & Mahindra,Auto & Turnaround Giant,651.9749755859375,660.0,649.6749877929688,651.375,593.380615234375,921202
2017-03-14,M&M.NS,Mahindra & Mahindra,Auto & Turnaround Giant,662.7000122070312,678.6749877929688,657.5999755859375,663.0,603.9705810546875,1826798
2017-03-15,M&M.NS,Mahindra & Mahindra,Auto & Turnaround Giant,663.5,669.3250122070312,658.4500122070312,661.7750244140625,602.8547973632812,2281418
2017-03-16,M&M.NS,Mahindra & Mahindra,Auto & Turnaround Giant,663.2000122070312,666.5,659.2249755859375,660.4500122070312,601.647705078125,1868436
2017-03-17,M&M.NS,Mahindra & Mahindra,Auto & Turnaround Giant,661.5,665.9749755859375,650.0,651.9249877929688,593.8817138671875,2367164
2017-03-20,M&M.NS,Mahindra & Mahindra,Auto & Turnaround Giant,657.0,658.2249755859375,648.2000122070312,650.0999755859375,592.2192993164062,1482690
2017-03-21,M&M.NS,Mahindra & Mahindra,Auto & Turnaround Giant,650.6749877929688,653.0,635.5,647.2000122070312,589.577392578125,7791312
2017-03-22,M&M.NS,Mahindra & Mahindra,Auto & Turnaround Giant,644.0,644.0,628.8250122070312,635.4249877929688,578.8507080078125,2647756
2017-03-23,M&M.NS,Mahindra & Mahindra,Auto & Turnaround Giant,638.0,640.5,633.7000122070312,637.2750244140625,580.5360107421875,1991010
2017-03-24,M&M.NS,Mahindra & Mahindra,Auto & Turnaround Giant,637.0499877929688,643.5,635.6500244140625,637.9000244140625,581.1054077148438,1450556
2017-03-27,M&M.NS,Mahindra & Mahindra,Auto & Turnaround Giant,637.5,642.2000122070312,629.5250244140625,632.875,576.52783203125,2196248
2017-03-28,M&M.NS,Mahindra & Mahindra,Auto & Turnaround Giant,636.0499877929688,641.8250122070312,635.0,638.5,581.6519775390625,1746870
2017-03-29,M&M.NS,Mahindra & Mahindra,Auto & Turnaround Giant,642.3499755859375,642.3499755859375,631.5,635.3250122070312,578.759765625,2308496
2017-03-30,M&M.NS,Mahindra & Mahindra,Auto & Turnaround Giant,635.3499755859375,643.6500244140625,630.4749755859375,639.9249877929688,582.9500122070312,8849392
2017-03-31,M&M.NS,Mahindra & Mahindra,Auto & Turnaround Giant,638.5,647.5,636.25,643.4500122070312,586.1612548828125,2188282
2017-04-03,M&M.NS,Mahindra & Mahindra,Auto & Turnaround Giant,648.7999877929688,652.5,640.0,643.25,585.9790649414062,1935486
2017-04-05,M&M.NS,Mahindra & Mahindra,Auto & Turnaround Giant,643.75,647.0,634.9500122070312,645.375,587.9149780273438,3975030
2017-04-06,M&M.NS,Mahindra & Mahindra,Auto & Turnaround Giant,643.9500122070312,646.9500122070312,637.5750122070312,644.4500122070312,587.0722045898438,1084388
2017-04-07,M&M.NS,Mahindra & Mahindra,Auto & Turnaround Giant,642.0,644.875,634.375,637.7750244140625,580.991455078125,1710604
2017-04-10,M&M.NS,Mahindra & Mahindra,Auto & Turnaround Giant,640.0,641.4249877929688,633.75,640.4000244140625,583.3829345703125,1087208
2017-04-11,M&M.NS,Mahindra & Mahindra,Auto & Turnaround Giant,638.5,642.9000244140625,635.0250244140625,640.7750244140625,583.7244262695312,1414324
2017-04-12,M&M.NS,Mahindra & Mahindra,Auto & Turnaround Giant,643.0,643.0,634.4000244140625,639.9749755859375,582.99560546875,1663874
2017-04-13,M&M.NS,Mahindra & Mahindra,Auto & Turnaround Giant,636.5,640.8499755859375,634.5250244140625,640.25,583.2462158203125,1104418
2017-04-17,M&M.NS,Mahindra & Mahindra,Auto & Turnaround Giant,635.0250244140625,639.2249755859375,632.8250122070312,634.6749877929688,578.1675415039062,2118848
2017-04-18,M&M.NS,Mahindra & Mahindra,Auto & Turnaround Giant,636.9000244140625,636.9000244140625,629.2999877929688,631.5750122070312,575.3436279296875,1951614
2017-04-19,M&M.NS,Mahindra & Mahindra,Auto & Turnaround Giant,632.0,634.4500122070312,626.5,629.7249755859375,573.658203125,1718390
2017-04-20,M&M.NS,Mahindra & Mahindra,Auto & Turnaround Giant,629.0,638.5,629.0,635.8499755859375,579.238037109375,1324892
2017-04-21,M&M.NS,Mahindra & Mahindra,Auto & Turnaround Giant,635.0,637.3250122070312,627.5499877929688,629.0999755859375,573.0889282226562,1331830
2017-04-24,M&M.NS,Mahindra & Mahindra,Auto & Turnaround Giant,629.2999877929688,635.5,629.2999877929688,632.2999877929688,576.0039672851562,1137378
2017-04-25,M&M.NS,Mahindra & Mahindra,Auto & Turnaround Giant,642.5,655.4500122070312,639.8250122070312,653.7249755859375,595.5214233398438,11584768
2017-04-26,M&M.NS,Mahindra & Mahindra,Auto & Turnaround Giant,658.875,679.7999877929688,657.25,676.375,616.1548461914062,5752818
2017-04-27,M&M.NS,Mahindra & Mahindra,Auto & Turnaround Giant,676.8499755859375,681.8499755859375,666.0,668.5999755859375,609.0719604492188,2318584
2017-04-28,M&M.NS,Mahindra & Mahindra,Auto & Turnaround Giant,668.9000244140625,672.5999755859375,658.8250122070312,667.7750244140625,608.3204956054688,1052588
2017-05-02,M&M.NS,Mahindra & Mahindra,Auto & Turnaround Giant,666.5499877929688,676.375,663.1500244140625,670.4749755859375,610.7800903320312,1634378
2017-05-03,M&M.NS,Mahindra & Mahindra,Auto & Turnaround Giant,671.0,677.0999755859375,666.9749755859375,674.3250122070312,614.2874755859375,1811584
2017-05-04,M&M.NS,Mahindra & Mahindra,Auto & Turnaround Giant,670.5,675.5,664.8250122070312,667.4500122070312,608.0245971679688,1479754
2017-05-05,M&M.NS,Mahindra & Mahindra,Auto & Turnaround Giant,665.5,665.5,653.5,660.625,601.8070678710938,1791334
2017-05-08,M&M.NS,Mahindra & Mahindra,Auto & Turnaround Giant,661.25,672.8499755859375,656.5,666.6749877929688,607.3184204101562,1159430
2017-05-09,M&M.NS,Mahindra & Mahindra,Auto & Turnaround Giant,667.8499755859375,675.9500122070312,664.3250122070312,671.8250122070312,612.0099487304688,1183118
2017-05-10,M&M.NS,Mahindra & Mahindra,Auto & Turnaround Giant,676.0,689.8499755859375,674.0,688.2000122070312,626.9269409179688,2141724
2017-05-11,M&M.NS,Mahindra & Mahindra,Auto & Turnaround Giant,692.8499755859375,701.0999755859375,681.4000244140625,688.0750122070312,626.8131713867188,3489420
2017-05-12,M&M.NS,Mahindra & Mahindra,Auto & Turnaround Giant,689.0,689.0,680.8499755859375,683.9249877929688,623.0325317382812,3499498
2017-05-15,M&M.NS,Mahindra & Mahindra,Auto & Turnaround Giant,686.5,693.3250122070312,685.0,687.8250122070312,626.5855712890625,1116380
2017-05-16,M&M.NS,Mahindra & Mahindra,Auto & Turnaround Giant,688.5,690.25,681.5499877929688,683.1749877929688,622.3494262695312,1032024
2017-05-17,M&M.NS,Mahindra & Mahindra,Auto & Turnaround Giant,681.5,692.1749877929688,680.2000122070312,689.4000244140625,628.0202026367188,1841768
2017-05-18,M&M.NS,Mahindra & Mahindra,Auto & Turnaround Giant,684.5,686.0,673.75,676.4249877929688,616.2003784179688,2435692
2017-05-19,M&M.NS,Mahindra & Mahindra,Auto & Turnaround Giant,675.0,678.7999877929688,664.25,666.7000122070312,607.3411865234375,1953484
2017-05-22,M&M.NS,Mahindra & Mahindra,Auto & Turnaround Giant,670.0750122070312,670.9749755859375,650.5499877929688,653.125,594.974853515625,873594
2017-05-23,M&M.NS,Mahindra & Mahindra,Auto & Turnaround Giant,657.5,669.1749877929688,650.0,665.875,606.5896606445312,1560364
2017-05-24,M&M.NS,Mahindra & Mahindra,Auto & Turnaround Giant,665.75,669.4000244140625,650.7249755859375,654.3250122070312,596.068115234375,1251366
2017-05-25,M&M.NS,Mahindra & Mahindra,Auto & Turnaround Giant,655.5,667.9500122070312,652.0,663.75,604.6538696289062,2913396
2017-05-26,M&M.NS,Mahindra & Mahindra,Auto & Turnaround Giant,667.0,674.4500122070312,663.75,670.4249877929688,610.7345581054688,670446
2017-05-29,M&M.NS,Mahindra & Mahindra,Auto & Turnaround Giant,672.5,687.875,663.7000122070312,680.0250244140625,619.4798583984375,2117528
2017-05-30,M&M.NS,Mahindra & Mahindra,Auto & Turnaround Giant,682.0,689.5,671.1500244140625,680.5499877929688,619.9580688476562,4447770
2017-05-31,M&M.NS,Mahindra & Mahindra,Auto & Turnaround Giant,696.25,724.25,696.0,708.4749755859375,645.3967895507812,7883572
2017-06-01,M&M.NS,Mahindra & Mahindra,Auto & Turnaround Giant,715.0,720.5,708.0499877929688,712.625,649.1774291992188,3424678
2017-06-02,M&M.NS,Mahindra & Mahindra,Auto & Turnaround Giant,715.0,717.375,704.5,709.25,646.1028442382812,2884778
2017-06-05,M&M.NS,Mahindra & Mahindra,Auto & Turnaround Giant,712.4749755859375,716.25,710.5499877929688,711.8499755859375,648.4713134765625,2303902
2017-06-06,M&M.NS,Mahindra & Mahindra,Auto & Turnaround Giant,711.5250244140625,714.9249877929688,702.0750122070312,705.7249755859375,642.8916625976562,1607632
2017-06-07,M&M.NS,Mahindra & Mahindra,Auto & Turnaround Giant,711.5750122070312,725.5499877929688,706.7750244140625,715.9500122070312,652.206298828125,3809378
2017-06-08,M&M.NS,Mahindra & Mahindra,Auto & Turnaround Giant,716.75,720.0,705.0499877929688,708.75,645.6473388671875,1698402
2017-06-09,M&M.NS,Mahindra & Mahindra,Auto & Turnaround Giant,709.0,717.3499755859375,707.0499877929688,713.3499755859375,649.8378295898438,1817262
2017-06-12,M&M.NS,Mahindra & Mahindra,Auto & Turnaround Giant,717.5,729.4749755859375,707.5,711.7750244140625,648.4030151367188,3822974
2017-06-13,M&M.NS,Mahindra & Mahindra,Auto & Turnaround Giant,716.5,719.9249877929688,707.0,708.8250122070312,645.7156372070312,1966036
2017-06-14,M&M.NS,Mahindra & Mahindra,Auto & Turnaround Giant,715.0,716.4249877929688,700.5499877929688,702.5999755859375,640.0449829101562,1884770
2017-06-15,M&M.NS,Mahindra & Mahindra,Auto & Turnaround Giant,704.5,707.0,689.4249877929688,693.8250122070312,632.0510864257812,3134784
2017-06-16,M&M.NS,Mahindra & Mahindra,Auto & Turnaround Giant,699.0999755859375,704.6749877929688,691.6500244140625,693.6500244140625,631.8917846679688,3300750
2017-06-19,M&M.NS,Mahindra & Mahindra,Auto & Turnaround Giant,696.5,702.5,691.875,694.125,632.324462890625,2225100
2017-06-20,M&M.NS,Mahindra & Mahindra,Auto & Turnaround Giant,697.2999877929688,699.5,692.5,694.7249755859375,632.8710327148438,1879408
2017-06-21,M&M.NS,Mahindra & Mahindra,Auto & Turnaround Giant,696.3499755859375,697.7000122070312,690.4749755859375,693.5750122070312,631.8235473632812,2989436
2017-06-22,M&M.NS,Mahindra & Mahindra,Auto & Turnaround Giant,692.5,703.5999755859375,690.8499755859375,698.1500244140625,635.9911499023438,2256732
2017-06-23,M&M.NS,Mahindra & Mahindra,Auto & Turnaround Giant,700.0,709.125,685.0499877929688,688.0999755859375,626.8358764648438,2441604
2017-06-27,M&M.NS,Mahindra & Mahindra,Auto & Turnaround Giant,696.6500244140625,697.25,682.5,685.1500244140625,624.1484985351562,3336218
2017-06-28,M&M.NS,Mahindra & Mahindra,Auto & Turnaround Giant,685.0,687.5,674.375,678.0250244140625,617.6580200195312,1655834
2017-06-29,M&M.NS,Mahindra & Mahindra,Auto & Turnaround Giant,680.0,689.5499877929688,676.0750122070312,677.8250122070312,617.4757690429688,1873788
2017-06-30,M&M.NS,Mahindra & Mahindra,Auto & Turnaround Giant,677.5,679.4249877929688,672.5499877929688,674.2999877929688,614.2645874023438,1909516
2017-07-03,M&M.NS,Mahindra & Mahindra,Auto & Turnaround Giant,678.0,686.0,671.5,683.2249755859375,622.3949584960938,2047918
2017-07-04,M&M.NS,Mahindra & Mahindra,Auto & Turnaround Giant,682.5,688.5,675.8499755859375,677.5750122070312,617.2479858398438,860360
2017-07-05,M&M.NS,Mahindra & Mahindra,Auto & Turnaround Giant,682.5,697.7000122070312,680.75,692.5,630.8441162109375,2433212
2017-07-06,M&M.NS,Mahindra & Mahindra,Auto & Turnaround Giant,696.8499755859375,696.8499755859375,685.0,688.0250244140625,626.767578125,1561776
2017-07-07,M&M.NS,Mahindra & Mahindra,Auto & Turnaround Giant,685.2000122070312,696.9249877929688,685.2000122070312,688.0,626.7448120117188,1316700
2017-07-10,M&M.NS,Mahindra & Mahindra,Auto & Turnaround Giant,682.5,689.0,679.0,683.7000122070312,622.8277587890625,866646
2017-07-11,M&M.NS,Mahindra & Mahindra,Auto & Turnaround Giant,687.0,697.5,686.9749755859375,695.0750122070312,633.1898803710938,4146842
2017-07-12,M&M.NS,Mahindra & Mahindra,Auto & Turnaround Giant,697.5,698.0499877929688,687.5,688.3499755859375,627.0635986328125,1472052
2017-07-13,M&M.NS,Mahindra & Mahindra,Auto & Turnaround Giant,684.8499755859375,689.5,683.0250244140625,685.2000122070312,630.1444702148438,1589676
2017-07-14,M&M.NS,Mahindra & Mahindra,Auto & Turnaround Giant,688.9749755859375,691.2249755859375,684.5,687.7750244140625,632.5126342773438,1307346
2017-07-17,M&M.NS,Mahindra & Mahindra,Auto & Turnaround Giant,690.0,702.7000122070312,689.1500244140625,692.2999877929688,636.6738891601562,2626156
2017-07-18,M&M.NS,Mahindra & Mahindra,Auto & Turnaround Giant,690.9749755859375,700.9749755859375,688.5,690.0750122070312,634.6277465820312,1645736
2017-07-19,M&M.NS,Mahindra & Mahindra,Auto & Turnaround Giant,694.0,696.5,688.5750122070312,691.2000122070312,635.6624145507812,3795788
2017-07-20,M&M.NS,Mahindra & Mahindra,Auto & Turnaround Giant,693.5,698.9000244140625,690.6500244140625,696.7249755859375,640.7433471679688,1804436
2017-07-21,M&M.NS,Mahindra & Mahindra,Auto & Turnaround Giant,697.0,699.0,682.875,693.0250244140625,637.3408203125,1401986
2017-07-24,M&M.NS,Mahindra & Mahindra,Auto & Turnaround Giant,692.9000244140625,695.9749755859375,687.5,694.4749755859375,638.6741943359375,1161322
2017-07-25,M&M.NS,Mahindra & Mahindra,Auto & Turnaround Giant,695.5999755859375,698.0499877929688,693.1500244140625,694.9000244140625,639.0651245117188,1441876
2017-07-26,M&M.NS,Mahindra & Mahindra,Auto & Turnaround Giant,695.3499755859375,710.0999755859375,694.5250244140625,706.75,649.9629516601562,2535586
2017-07-27,M&M.NS,Mahindra & Mahindra,Auto & Turnaround Giant,710.0,711.875,697.5,699.0999755859375,642.9276733398438,3867130
2017-07-28,M&M.NS,Mahindra & Mahindra,Auto & Turnaround Giant,699.0,699.0,688.125,696.0999755859375,640.1686401367188,803316
2017-07-31,M&M.NS,Mahindra & Mahindra,Auto & Turnaround Giant,696.6500244140625,704.5,690.0499877929688,701.6500244140625,645.2725830078125,1021808
2017-08-01,M&M.NS,Mahindra & Mahindra,Auto & Turnaround Giant,707.5,716.7000122070312,701.6500244140625,714.625,657.2052001953125,3883480
2017-08-02,M&M.NS,Mahindra & Mahindra,Auto & Turnaround Giant,715.2999877929688,716.8250122070312,704.1500244140625,707.2999877929688,650.4688110351562,952938
2017-08-03,M&M.NS,Mahindra & Mahindra,Auto & Turnaround Giant,709.2000122070312,710.8250122070312,702.0499877929688,708.25,651.3424072265625,1126038
2017-08-04,M&M.NS,Mahindra & Mahindra,Auto & Turnaround Giant,710.0,712.2000122070312,697.5499877929688,709.0250244140625,652.0552368164062,4474648
2017-08-07,M&M.NS,Mahindra & Mahindra,Auto & Turnaround Giant,695.0,715.0,692.4749755859375,700.375,644.1001586914062,2987954
2017-08-08,M&M.NS,Mahindra & Mahindra,Auto & Turnaround Giant,700.0250244140625,708.2750244140625,695.125,700.0,643.7551879882812,1705654
2017-08-09,M&M.NS,Mahindra & Mahindra,Auto & Turnaround Giant,698.75,703.2999877929688,692.2000122070312,696.1500244140625,640.2146606445312,1542222
2017-08-10,M&M.NS,Mahindra & Mahindra,Auto & Turnaround Giant,693.0,697.9000244140625,690.0,693.5250244140625,637.8005981445312,1632346
2017-08-11,M&M.NS,Mahindra & Mahindra,Auto & Turnaround Giant,690.0,693.0499877929688,670.0,674.0250244140625,619.867431640625,2253020
2017-08-14,M&M.NS,Mahindra & Mahindra,Auto & Turnaround Giant,677.3499755859375,685.4500122070312,673.7999877929688,677.875,623.4081420898438,1370684
2017-08-16,M&M.NS,Mahindra & Mahindra,Auto & Turnaround Giant,680.9500122070312,688.2249755859375,674.1749877929688,685.5999755859375,630.5123291015625,1489816
2017-08-17,M&M.NS,Mahindra & Mahindra,Auto & Turnaround Giant,686.0,687.4749755859375,679.2999877929688,683.5,628.5811767578125,1223074
2017-08-18,M&M.NS,Mahindra & Mahindra,Auto & Turnaround Giant,682.0,689.75,680.3250122070312,685.0,629.9605102539062,1357710
2017-08-21,M&M.NS,Mahindra & Mahindra,Auto & Turnaround Giant,685.0999755859375,696.4749755859375,685.0750122070312,689.3250122070312,633.9380493164062,1405084
2017-08-22,M&M.NS,Mahindra & Mahindra,Auto & Turnaround Giant,691.3499755859375,692.9000244140625,685.5,687.3250122070312,632.0988159179688,584698
2017-08-23,M&M.NS,Mahindra & Mahindra,Auto & Turnaround Giant,689.0,693.5,683.5250244140625,687.0999755859375,631.891845703125,1578484
2017-08-24,M&M.NS,Mahindra & Mahindra,Auto & Turnaround Giant,687.5,691.5,683.9000244140625,687.5750122070312,632.32861328125,1580092
2017-08-28,M&M.NS,Mahindra & Mahindra,Auto & Turnaround Giant,690.0,690.2249755859375,683.25,686.5250244140625,631.363037109375,2070446
2017-08-29,M&M.NS,Mahindra & Mahindra,Auto & Turnaround Giant,687.625,689.5,683.5250244140625,688.4749755859375,633.1563720703125,1075712
2017-08-30,M&M.NS,Mahindra & Mahindra,Auto & Turnaround Giant,692.5,694.2750244140625,676.9249877929688,679.0750122070312,624.5115966796875,2110352
2017-08-31,M&M.NS,Mahindra & Mahindra,Auto & Turnaround Giant,679.0,680.1500244140625,666.5,672.4000244140625,618.3729248046875,3116004
2017-09-01,M&M.NS,Mahindra & Mahindra,Auto & Turnaround Giant,672.4000244140625,675.8250122070312,668.4500122070312,673.7999877929688,619.6605224609375,2174602
2017-09-04,M&M.NS,Mahindra & Mahindra,Auto & Turnaround Giant,674.0,674.0,662.0499877929688,664.1500244140625,610.7858276367188,814606
2017-09-05,M&M.NS,Mahindra & Mahindra,Auto & Turnaround Giant,664.5250244140625,665.7249755859375,656.7249755859375,662.3250122070312,609.1074829101562,1547776
2017-09-06,M&M.NS,Mahindra & Mahindra,Auto & Turnaround Giant,660.7000122070312,662.3250122070312,655.0,658.2750244140625,605.3829956054688,1298532
2017-09-07,M&M.NS,Mahindra & Mahindra,Auto & Turnaround Giant,659.3250122070312,671.5,659.3250122070312,669.9749755859375,616.1428833007812,2328682
2017-09-08,M&M.NS,Mahindra & Mahindra,Auto & Turnaround Giant,672.5,673.4249877929688,644.0999755859375,647.7000122070312,595.6575927734375,3938974
2017-09-11,M&M.NS,Mahindra & Mahindra,Auto & Turnaround Giant,650.0,665.0,639.0,640.0999755859375,588.6682739257812,3330838
2017-09-12,M&M.NS,Mahindra & Mahindra,Auto & Turnaround Giant,642.0,652.4500122070312,639.4749755859375,650.375,598.1177368164062,2122904
2017-09-13,M&M.NS,Mahindra & Mahindra,Auto & Turnaround Giant,655.0,660.0250244140625,651.5,653.6749877929688,601.1525268554688,4776058
2017-09-14,M&M.NS,Mahindra & Mahindra,Auto & Turnaround Giant,656.5,656.5,644.125,645.375,593.5194091796875,1431844
2017-09-15,M&M.NS,Mahindra & Mahindra,Auto & Turnaround Giant,645.0,652.0,642.5,647.125,595.1287841796875,1680374
2017-09-18,M&M.NS,Mahindra & Mahindra,Auto & Turnaround Giant,650.5,653.0999755859375,645.5,647.5,595.4736328125,1302442
2017-09-19,M&M.NS,Mahindra & Mahindra,Auto & Turnaround Giant,652.0,652.3499755859375,644.0499877929688,647.375,595.3587036132812,975052
2017-09-20,M&M.NS,Mahindra & Mahindra,Auto & Turnaround Giant,650.0499877929688,653.0999755859375,644.7999877929688,646.2249755859375,594.3010864257812,1676474
2017-09-21,M&M.NS,Mahindra & Mahindra,Auto & Turnaround Giant,646.75,648.3250122070312,640.0499877929688,645.7249755859375,593.84130859375,970210
2017-09-22,M&M.NS,Mahindra & Mahindra,Auto & Turnaround Giant,644.0,648.5,640.7750244140625,643.5750122070312,591.8640747070312,1716992
2017-09-25,M&M.NS,Mahindra & Mahindra,Auto & Turnaround Giant,641.2999877929688,646.0,623.0,630.0,579.3797607421875,2290416
2017-09-26,M&M.NS,Mahindra & Mahindra,Auto & Turnaround Giant,632.6500244140625,632.7249755859375,621.1749877929688,623.5750122070312,573.4711303710938,1314494
2017-09-27,M&M.NS,Mahindra & Mahindra,Auto & Turnaround Giant,626.5,627.7000122070312,612.0,616.0,566.504638671875,1420550
2017-09-28,M&M.NS,Mahindra & Mahindra,Auto & Turnaround Giant,616.0,624.5,612.5,615.2750244140625,565.837890625,3082168
2017-09-29,M&M.NS,Mahindra & Mahindra,Auto & Turnaround Giant,615.5,630.25,615.5,627.125,576.73583984375,2433430
2017-10-03,M&M.NS,Mahindra & Mahindra,Auto & Turnaround Giant,632.5,645.7249755859375,626.375,632.1500244140625,581.3570556640625,3570708
2017-10-04,M&M.NS,Mahindra & Mahindra,Auto & Turnaround Giant,632.0,645.9000244140625,628.125,644.375,592.5997924804688,2356486
2017-10-05,M&M.NS,Mahindra & Mahindra,Auto & Turnaround Giant,655.0,658.0,646.5,650.375,598.1177368164062,4212796
2017-10-06,M&M.NS,Mahindra & Mahindra,Auto & Turnaround Giant,654.9500122070312,660.5999755859375,649.625,651.5,599.1522827148438,1825894
2017-10-09,M&M.NS,Mahindra & Mahindra,Auto & Turnaround Giant,650.5250244140625,656.4500122070312,649.5,652.4249877929688,600.0028686523438,835364
2017-10-10,M&M.NS,Mahindra & Mahindra,Auto & Turnaround Giant,659.0,659.5,650.5750122070312,652.5499877929688,600.117919921875,1387442
2017-10-11,M&M.NS,Mahindra & Mahindra,Auto & Turnaround Giant,654.5,665.125,653.0,659.7249755859375,606.7163696289062,3285560
2017-10-12,M&M.NS,Mahindra & Mahindra,Auto & Turnaround Giant,660.125,670.7999877929688,657.0750122070312,669.0750122070312,615.315185546875,1648332
2017-10-13,M&M.NS,Mahindra & Mahindra,Auto & Turnaround Giant,669.0,672.8250122070312,661.5,662.6500244140625,609.4063110351562,1083280
2017-10-16,M&M.NS,Mahindra & Mahindra,Auto & Turnaround Giant,669.4500122070312,687.9500122070312,665.1500244140625,684.2999877929688,629.3167114257812,2340580
2017-10-17,M&M.NS,Mahindra & Mahindra,Auto & Turnaround Giant,686.9500122070312,687.75,671.75,686.6749877929688,631.5009765625,2047488
2017-10-18,M&M.NS,Mahindra & Mahindra,Auto & Turnaround Giant,686.0,689.25,681.0999755859375,685.2750244140625,630.2135009765625,1196844
2017-10-19,M&M.NS,Mahindra & Mahindra,Auto & Turnaround Giant,683.375,689.5,680.0499877929688,687.875,632.6044921875,350390
2017-10-23,M&M.NS,Mahindra & Mahindra,Auto & Turnaround Giant,690.0,696.9749755859375,673.2999877929688,683.5250244140625,628.6040649414062,1199328
2017-10-24,M&M.NS,Mahindra & Mahindra,Auto & Turnaround Giant,680.2750244140625,682.9500122070312,673.4749755859375,675.3250122070312,621.06298828125,781906
2017-10-25,M&M.NS,Mahindra & Mahindra,Auto & Turnaround Giant,677.0,686.7999877929688,674.4749755859375,682.3499755859375,627.5234375,1328304
2017-10-26,M&M.NS,Mahindra & Mahindra,Auto & Turnaround Giant,687.2249755859375,690.3499755859375,682.25,686.4749755859375,631.3170166015625,3304178
2017-10-27,M&M.NS,Mahindra & Mahindra,Auto & Turnaround Giant,686.4749755859375,695.3499755859375,685.7750244140625,693.8499755859375,638.0994262695312,1549084
2017-10-30,M&M.NS,Mahindra & Mahindra,Auto & Turnaround Giant,694.0,696.3250122070312,685.0250244140625,687.375,632.144775390625,1126068
2017-10-31,M&M.NS,Mahindra & Mahindra,Auto & Turnaround Giant,689.0,689.0,671.0499877929688,672.4000244140625,618.3729248046875,1599456
2017-11-01,M&M.NS,Mahindra & Mahindra,Auto & Turnaround Giant,673.625,681.5999755859375,668.0,675.375,621.10888671875,3930716
2017-11-02,M&M.NS,Mahindra & Mahindra,Auto & Turnaround Giant,671.5,674.7000122070312,665.5250244140625,667.6749877929688,614.027587890625,1740658
2017-11-03,M&M.NS,Mahindra & Mahindra,Auto & Turnaround Giant,669.5,671.4749755859375,660.0499877929688,665.375,611.912353515625,2168762
2017-11-06,M&M.NS,Mahindra & Mahindra,Auto & Turnaround Giant,673.9249877929688,688.8499755859375,671.6500244140625,683.0750122070312,628.1902465820312,5150692
2017-11-07,M&M.NS,Mahindra & Mahindra,Auto & Turnaround Giant,690.0,691.0,674.0,676.875,622.4884643554688,4427324
2017-11-08,M&M.NS,Mahindra & Mahindra,Auto & Turnaround Giant,680.5,687.5,677.0,683.5,628.5811767578125,1371018
2017-11-09,M&M.NS,Mahindra & Mahindra,Auto & Turnaround Giant,686.5,690.0250244140625,670.0,680.6500244140625,625.9600830078125,968514
2017-11-10,M&M.NS,Mahindra & Mahindra,Auto & Turnaround Giant,681.0499877929688,706.0750122070312,673.5999755859375,696.4749755859375,640.5135498046875,5939800
2017-11-13,M&M.NS,Mahindra & Mahindra,Auto & Turnaround Giant,704.0,715.875,704.0,705.5999755859375,648.9052734375,6476230
2017-11-14,M&M.NS,Mahindra & Mahindra,Auto & Turnaround Giant,709.5,719.0999755859375,707.5250244140625,714.7999877929688,657.3660888671875,3592110
2017-11-15,M&M.NS,Mahindra & Mahindra,Auto & Turnaround Giant,714.5,714.5,703.5,707.625,650.7676391601562,1994072
2017-11-16,M&M.NS,Mahindra & Mahindra,Auto & Turnaround Giant,707.5250244140625,713.0,704.0,706.9749755859375,650.1698608398438,1744892
2017-11-17,M&M.NS,Mahindra & Mahindra,Auto & Turnaround Giant,712.5,712.5,706.0,708.375,651.4573974609375,2896880
2017-11-20,M&M.NS,Mahindra & Mahindra,Auto & Turnaround Giant,709.875,710.0250244140625,700.0499877929688,704.0,647.4340209960938,2529602
2017-11-21,M&M.NS,Mahindra & Mahindra,Auto & Turnaround Giant,710.0,711.0,704.0999755859375,708.0,651.1126098632812,1707526
2017-11-22,M&M.NS,Mahindra & Mahindra,Auto & Turnaround Giant,712.0,720.9000244140625,709.7999877929688,714.75,657.3202514648438,2879234
2017-11-23,M&M.NS,Mahindra & Mahindra,Auto & Turnaround Giant,717.2000122070312,717.2000122070312,706.2750244140625,709.3250122070312,652.3310546875,980022
2017-11-24,M&M.NS,Mahindra & Mahindra,Auto & Turnaround Giant,712.5,719.9500122070312,710.0250244140625,717.0499877929688,659.435302734375,1933116
2017-11-27,M&M.NS,Mahindra & Mahindra,Auto & Turnaround Giant,717.5,722.0,712.5250244140625,715.5,658.0098876953125,1735164
2017-11-28,M&M.NS,Mahindra & Mahindra,Auto & Turnaround Giant,716.3250122070312,720.7249755859375,713.4000244140625,717.5,659.8491821289062,1487160
2017-11-29,M&M.NS,Mahindra & Mahindra,Auto & Turnaround Giant,719.4749755859375,721.5499877929688,715.0,716.7000122070312,659.1134643554688,1383574
2017-11-30,M&M.NS,Mahindra & Mahindra,Auto & Turnaround Giant,715.0,715.0,700.2750244140625,703.2750244140625,646.7672729492188,5367350
2017-12-01,M&M.NS,Mahindra & Mahindra,Auto & Turnaround Giant,707.0,713.4749755859375,703.0,704.7000122070312,648.0775756835938,2154686
2017-12-04,M&M.NS,Mahindra & Mahindra,Auto & Turnaround Giant,710.0,710.0,696.375,700.5,644.215087890625,2925628
2017-12-05,M&M.NS,Mahindra & Mahindra,Auto & Turnaround Giant,700.0,704.6749877929688,691.5,694.0999755859375,638.329345703125,2599242
2017-12-06,M&M.NS,Mahindra & Mahindra,Auto & Turnaround Giant,693.5,696.2000122070312,681.7249755859375,683.7249755859375,628.7879638671875,2369644
2017-12-07,M&M.NS,Mahindra & Mahindra,Auto & Turnaround Giant,688.4000244140625,691.25,684.0499877929688,689.7750244140625,634.3519287109375,3113720
2017-12-08,M&M.NS,Mahindra & Mahindra,Auto & Turnaround Giant,693.3499755859375,696.8250122070312,689.7000122070312,694.0750122070312,638.3064575195312,2399392
2017-12-11,M&M.NS,Mahindra & Mahindra,Auto & Turnaround Giant,697.9249877929688,713.9249877929688,696.25,709.125,652.147216796875,2646642
2017-12-12,M&M.NS,Mahindra & Mahindra,Auto & Turnaround Giant,709.9000244140625,714.25,705.5499877929688,709.5750122070312,652.5609741210938,2812240
2017-12-13,M&M.NS,Mahindra & Mahindra,Auto & Turnaround Giant,710.9000244140625,716.0,705.0,706.25,649.503173828125,3787148
2017-12-14,M&M.NS,Mahindra & Mahindra,Auto & Turnaround Giant,708.5,718.0,706.5,715.7999877929688,658.2857666015625,5505930
2017-12-15,M&M.NS,Mahindra & Mahindra,Auto & Turnaround Giant,721.25,745.0,720.5,741.7000122070312,682.104736328125,7105514
2017-12-18,M&M.NS,Mahindra & Mahindra,Auto & Turnaround Giant,742.0,769.5,727.5,760.7249755859375,699.60107421875,8530702
2017-12-19,M&M.NS,Mahindra & Mahindra,Auto & Turnaround Giant,767.5,780.4749755859375,761.0,778.1500244140625,715.6259765625,11347974
2017-12-20,M&M.NS,Mahindra & Mahindra,Auto & Turnaround Giant,780.0,785.7000122070312,766.5499877929688,770.875,708.935546875,9660028
2017-12-21,M&M.NS,Mahindra & Mahindra,Auto & Turnaround Giant,767.0,767.0,738.9500122070312,742.2000122070312,682.5645141601562,6803736
2017-12-22,M&M.NS,Mahindra & Mahindra,Auto & Turnaround Giant,747.0,753.4000244140625,743.0,746.2000122070312,686.2431640625,2338232
2017-12-26,M&M.NS,Mahindra & Mahindra,Auto & Turnaround Giant,748.0,749.9500122070312,736.7000122070312,741.5499877929688,681.9667358398438,3887128
2017-12-27,M&M.NS,Mahindra & Mahindra,Auto & Turnaround Giant,744.7999877929688,754.9000244140625,739.4500122070312,746.75,686.7489624023438,2523905
2017-12-28,M&M.NS,Mahindra & Mahindra,Auto & Turnaround Giant,747.0,753.9500122070312,745.3499755859375,749.9500122070312,689.6917724609375,5643656
2017-12-29,M&M.NS,Mahindra & Mahindra,Auto & Turnaround Giant,751.0,753.0,743.9000244140625,751.0999755859375,690.7493286132812,2055582
2018-01-01,M&M.NS,Mahindra & Mahindra,Auto & Turnaround Giant,751.0,758.9000244140625,743.0,744.6500244140625,684.8176879882812,2476302
2018-01-02,M&M.NS,Mahindra & Mahindra,Auto & Turnaround Giant,754.0,758.0,746.2999877929688,752.9000244140625,692.40478515625,3020597
2018-01-03,M&M.NS,Mahindra & Mahindra,Auto & Turnaround Giant,755.9000244140625,759.0,750.0,754.9000244140625,694.244140625,2256643
2018-01-04,M&M.NS,Mahindra & Mahindra,Auto & Turnaround Giant,761.0,761.0,750.5,756.0,695.2556762695312,1663380
2018-01-05,M&M.NS,Mahindra & Mahindra,Auto & Turnaround Giant,756.0,758.5,753.5999755859375,756.3499755859375,695.5775756835938,1255982
2018-01-08,M&M.NS,Mahindra & Mahindra,Auto & Turnaround Giant,757.0499877929688,760.0,756.5499877929688,759.9000244140625,698.84228515625,2309604
2018-01-09,M&M.NS,Mahindra & Mahindra,Auto & Turnaround Giant,760.0,766.0,757.2000122070312,762.4500122070312,701.1875,1947163
2018-01-10,M&M.NS,Mahindra & Mahindra,Auto & Turnaround Giant,762.0499877929688,765.0,754.2000122070312,759.8499755859375,698.79638671875,1275821
2018-01-11,M&M.NS,Mahindra & Mahindra,Auto & Turnaround Giant,760.2999877929688,768.9500122070312,755.5,766.6500244140625,705.0499877929688,2291617
2018-01-12,M&M.NS,Mahindra & Mahindra,Auto & Turnaround Giant,767.0999755859375,769.5,761.75,767.5,705.8317260742188,1363265
2018-01-15,M&M.NS,Mahindra & Mahindra,Auto & Turnaround Giant,770.0,775.6500244140625,755.6500244140625,759.2000122070312,698.1986083984375,2127778
2018-01-16,M&M.NS,Mahindra & Mahindra,Auto & Turnaround Giant,759.0,762.5499877929688,741.0,746.7000122070312,686.7030639648438,1611817
2018-01-17,M&M.NS,Mahindra & Mahindra,Auto & Turnaround Giant,747.0499877929688,754.0,738.8499755859375,745.3499755859375,685.4614868164062,1940533
2018-01-18,M&M.NS,Mahindra & Mahindra,Auto & Turnaround Giant,750.0,765.0,745.0,759.25,698.24462890625,2810014
2018-01-19,M&M.NS,Mahindra & Mahindra,Auto & Turnaround Giant,760.0,768.2999877929688,748.2999877929688,765.4000244140625,703.9005126953125,2005133
2018-01-22,M&M.NS,Mahindra & Mahindra,Auto & Turnaround Giant,762.0999755859375,769.0,756.0,759.5999755859375,698.5663452148438,934811
2018-01-23,M&M.NS,Mahindra & Mahindra,Auto & Turnaround Giant,761.9500122070312,773.0,761.4000244140625,769.0499877929688,707.2572021484375,2775928
2018-01-24,M&M.NS,Mahindra & Mahindra,Auto & Turnaround Giant,769.0499877929688,771.0,752.4000244140625,755.4000244140625,694.7040405273438,2080315
2018-01-25,M&M.NS,Mahindra & Mahindra,Auto & Turnaround Giant,756.5,762.0,748.3499755859375,757.7999877929688,696.9111938476562,2878048
2018-01-29,M&M.NS,Mahindra & Mahindra,Auto & Turnaround Giant,757.2999877929688,772.0,757.2999877929688,764.3499755859375,702.9347534179688,2074165
2018-01-30,M&M.NS,Mahindra & Mahindra,Auto & Turnaround Giant,764.0,768.6500244140625,753.0999755859375,764.9000244140625,703.4406127929688,1648188
2018-01-31,M&M.NS,Mahindra & Mahindra,Auto & Turnaround Giant,764.7999877929688,771.1500244140625,756.6500244140625,763.0499877929688,701.7392578125,2242045
2018-02-01,M&M.NS,Mahindra & Mahindra,Auto & Turnaround Giant,768.9000244140625,802.5499877929688,763.0,798.75,734.5707397460938,6896060
2018-02-02,M&M.NS,Mahindra & Mahindra,Auto & Turnaround Giant,798.75,800.0,765.5499877929688,770.25,708.3607177734375,3783976
2018-02-05,M&M.NS,Mahindra & Mahindra,Auto & Turnaround Giant,762.9000244140625,769.75,745.0,760.5,699.3942260742188,2018332
2018-02-06,M&M.NS,Mahindra & Mahindra,Auto & Turnaround Giant,743.7999877929688,759.9000244140625,730.75,751.7999877929688,691.3931884765625,5626253
2018-02-07,M&M.NS,Mahindra & Mahindra,Auto & Turnaround Giant,767.4000244140625,771.9500122070312,743.75,747.0999755859375,687.07080078125,1909559
2018-02-08,M&M.NS,Mahindra & Mahindra,Auto & Turnaround Giant,754.0,760.7000122070312,746.0,752.2000122070312,691.7610473632812,3024010
2018-02-09,M&M.NS,Mahindra & Mahindra,Auto & Turnaround Giant,747.0,753.2999877929688,742.0,750.0499877929688,689.7837524414062,2214895
2018-02-12,M&M.NS,Mahindra & Mahindra,Auto & Turnaround Giant,770.0,770.0,743.0,746.0,686.0592651367188,2662221
2018-02-14,M&M.NS,Mahindra & Mahindra,Auto & Turnaround Giant,751.7999877929688,753.9500122070312,742.0499877929688,746.9500122070312,686.9329833984375,1207191
2018-02-15,M&M.NS,Mahindra & Mahindra,Auto & Turnaround Giant,748.0999755859375,751.2999877929688,743.5,749.3499755859375,689.1400146484375,1652980
2018-02-16,M&M.NS,Mahindra & Mahindra,Auto & Turnaround Giant,752.6500244140625,753.75,742.0,743.75,683.989990234375,1042980
2018-02-19,M&M.NS,Mahindra & Mahindra,Auto & Turnaround Giant,744.0,744.7999877929688,716.0499877929688,724.6500244140625,666.4247436523438,1185926
2018-02-20,M&M.NS,Mahindra & Mahindra,Auto & Turnaround Giant,726.7999877929688,733.2000122070312,703.0,709.0,652.0321655273438,2981323
2018-02-21,M&M.NS,Mahindra & Mahindra,Auto & Turnaround Giant,716.0,716.0,701.0,708.4000244140625,651.4804077148438,2290218
2018-02-22,M&M.NS,Mahindra & Mahindra,Auto & Turnaround Giant,702.0,724.5,700.4000244140625,721.9500122070312,663.941650390625,3325355
2018-02-23,M&M.NS,Mahindra & Mahindra,Auto & Turnaround Giant,722.5499877929688,724.0,714.0,718.6500244140625,660.9069213867188,1648932
2018-02-26,M&M.NS,Mahindra & Mahindra,Auto & Turnaround Giant,722.0,737.0,719.25,735.4000244140625,676.3109130859375,1525511
2018-02-27,M&M.NS,Mahindra & Mahindra,Auto & Turnaround Giant,741.9000244140625,742.0,731.0,739.7999877929688,680.357421875,1429191
2018-02-28,M&M.NS,Mahindra & Mahindra,Auto & Turnaround Giant,734.0,734.9500122070312,725.0999755859375,728.3499755859375,669.8273315429688,1814444
2018-03-01,M&M.NS,Mahindra & Mahindra,Auto & Turnaround Giant,728.0,736.5,727.5,732.5499877929688,673.68994140625,1831321
2018-03-05,M&M.NS,Mahindra & Mahindra,Auto & Turnaround Giant,727.0,743.0,722.1500244140625,739.5999755859375,680.1734619140625,2170367
2018-03-06,M&M.NS,Mahindra & Mahindra,Auto & Turnaround Giant,743.0,743.0,716.0,719.9000244140625,662.0562744140625,1763292
2018-03-07,M&M.NS,Mahindra & Mahindra,Auto & Turnaround Giant,721.0,725.7999877929688,702.4500122070312,707.7999877929688,650.9285888671875,2343794
2018-03-08,M&M.NS,Mahindra & Mahindra,Auto & Turnaround Giant,710.5499877929688,729.2000122070312,707.0999755859375,726.6500244140625,668.26416015625,2500680
2018-03-09,M&M.NS,Mahindra & Mahindra,Auto & Turnaround Giant,726.9000244140625,739.7000122070312,723.4500122070312,728.5,669.9654541015625,2191343
2018-03-12,M&M.NS,Mahindra & Mahindra,Auto & Turnaround Giant,735.0499877929688,739.25,731.2000122070312,737.0999755859375,677.8743896484375,1867680
2018-03-13,M&M.NS,Mahindra & Mahindra,Auto & Turnaround Giant,736.9500122070312,741.0,730.4500122070312,733.0,674.1036987304688,1823994
2018-03-14,M&M.NS,Mahindra & Mahindra,Auto & Turnaround Giant,730.9500122070312,734.2999877929688,723.0999755859375,728.2000122070312,669.6895751953125,1366237
2018-03-15,M&M.NS,Mahindra & Mahindra,Auto & Turnaround Giant,731.0,737.9000244140625,729.7999877929688,734.8499755859375,675.8051147460938,1249262
2018-03-16,M&M.NS,Mahindra & Mahindra,Auto & Turnaround Giant,739.0,752.0,735.5499877929688,740.75,681.2310791015625,4929069
2018-03-19,M&M.NS,Mahindra & Mahindra,Auto & Turnaround Giant,741.75,749.0,739.0,742.7000122070312,683.0244140625,2081202
2018-03-20,M&M.NS,Mahindra & Mahindra,Auto & Turnaround Giant,740.4000244140625,744.0,732.0499877929688,740.9500122070312,681.4150390625,1248986
2018-03-21,M&M.NS,Mahindra & Mahindra,Auto & Turnaround Giant,743.0,750.75,739.5,745.3499755859375,685.4614868164062,2788242
2018-03-22,M&M.NS,Mahindra & Mahindra,Auto & Turnaround Giant,747.0499877929688,748.9000244140625,726.0,730.8499755859375,672.12646484375,1877037
2018-03-23,M&M.NS,Mahindra & Mahindra,Auto & Turnaround Giant,725.0,737.2999877929688,721.2000122070312,732.9000244140625,674.0118408203125,2276332
2018-03-26,M&M.NS,Mahindra & Mahindra,Auto & Turnaround Giant,734.3499755859375,750.0,727.0499877929688,746.5,686.51904296875,1890961
2018-03-27,M&M.NS,Mahindra & Mahindra,Auto & Turnaround Giant,749.0,752.0,741.5999755859375,744.9000244140625,685.0477294921875,2422064
2018-03-28,M&M.NS,Mahindra & Mahindra,Auto & Turnaround Giant,744.0,746.0,735.0,738.9000244140625,679.5297241210938,3301815
2018-04-02,M&M.NS,Mahindra & Mahindra,Auto & Turnaround Giant,748.9000244140625,751.8499755859375,737.2000122070312,748.0499877929688,687.944580078125,3567965
2018-04-03,M&M.NS,Mahindra & Mahindra,Auto & Turnaround Giant,748.0,771.4000244140625,745.0499877929688,770.0999755859375,708.2228393554688,2500384
2018-04-04,M&M.NS,Mahindra & Mahindra,Auto & Turnaround Giant,773.0,786.75,749.0999755859375,756.5499877929688,695.7615356445312,3295198
2018-04-05,M&M.NS,Mahindra & Mahindra,Auto & Turnaround Giant,770.0,781.0,766.5999755859375,774.5999755859375,712.3612060546875,2224647
2018-04-06,M&M.NS,Mahindra & Mahindra,Auto & Turnaround Giant,774.5999755859375,774.5999755859375,764.0499877929688,771.9500122070312,709.924072265625,1194886
2018-04-09,M&M.NS,Mahindra & Mahindra,Auto & Turnaround Giant,772.0,788.2000122070312,770.0,786.2000122070312,723.0291748046875,1813902
2018-04-10,M&M.NS,Mahindra & Mahindra,Auto & Turnaround Giant,776.5,785.0,768.4000244140625,777.5999755859375,715.1202392578125,2193150
2018-04-11,M&M.NS,Mahindra & Mahindra,Auto & Turnaround Giant,781.5,790.5999755859375,773.9500122070312,789.0,725.6041870117188,1448946
2018-04-12,M&M.NS,Mahindra & Mahindra,Auto & Turnaround Giant,789.4500122070312,794.5999755859375,780.6500244140625,787.8499755859375,724.5465698242188,1146053
2018-04-13,M&M.NS,Mahindra & Mahindra,Auto & Turnaround Giant,795.0,795.5,783.1500244140625,789.5999755859375,726.156005859375,2183881
2018-04-16,M&M.NS,Mahindra & Mahindra,Auto & Turnaround Giant,783.2000122070312,805.0,783.2000122070312,801.4500122070312,737.0538330078125,2896629
2018-04-17,M&M.NS,Mahindra & Mahindra,Auto & Turnaround Giant,816.0,818.7999877929688,806.5,809.3499755859375,744.319091796875,4339790
2018-04-18,M&M.NS,Mahindra & Mahindra,Auto & Turnaround Giant,813.0,813.0,795.7000122070312,798.2999877929688,734.1568603515625,1503151
2018-04-19,M&M.NS,Mahindra & Mahindra,Auto & Turnaround Giant,801.4000244140625,804.5,793.7000122070312,801.9000244140625,737.4676513671875,2590266
2018-04-20,M&M.NS,Mahindra & Mahindra,Auto & Turnaround Giant,791.9000244140625,804.4500122070312,791.9000244140625,799.5,735.2605590820312,2561105
2018-04-23,M&M.NS,Mahindra & Mahindra,Auto & Turnaround Giant,803.9000244140625,833.7999877929688,800.0499877929688,824.2999877929688,758.06787109375,2751312
2018-04-24,M&M.NS,Mahindra & Mahindra,Auto & Turnaround Giant,823.9000244140625,844.0,822.0999755859375,838.5499877929688,771.1728515625,2872669
2018-04-25,M&M.NS,Mahindra & Mahindra,Auto & Turnaround Giant,842.0,862.5,838.5499877929688,853.8499755859375,785.2435913085938,3602302
2018-04-26,M&M.NS,Mahindra & Mahindra,Auto & Turnaround Giant,859.0,868.75,851.0,858.1500244140625,789.1980590820312,5461957
2018-04-27,M&M.NS,Mahindra & Mahindra,Auto & Turnaround Giant,859.9000244140625,866.7999877929688,851.2000122070312,862.7000122070312,793.3823852539062,1087577
2018-04-30,M&M.NS,Mahindra & Mahindra,Auto & Turnaround Giant,864.4000244140625,878.9500122070312,864.0999755859375,873.2999877929688,803.1307373046875,1137366
2018-05-02,M&M.NS,Mahindra & Mahindra,Auto & Turnaround Giant,879.5,879.7999877929688,861.0,863.1500244140625,793.79638671875,1341643
2018-05-03,M&M.NS,Mahindra & Mahindra,Auto & Turnaround Giant,863.0,875.5,851.5999755859375,865.0999755859375,795.5895385742188,2126154
2018-05-04,M&M.NS,Mahindra & Mahindra,Auto & Turnaround Giant,864.9500122070312,868.5,852.3499755859375,854.2999877929688,785.657470703125,961238
2018-05-07,M&M.NS,Mahindra & Mahindra,Auto & Turnaround Giant,862.0,887.9000244140625,858.5,885.5999755859375,814.4424438476562,1916654
2018-05-08,M&M.NS,Mahindra & Mahindra,Auto & Turnaround Giant,886.0,886.5,859.5,865.2999877929688,795.7736206054688,1834833
2018-05-09,M&M.NS,Mahindra & Mahindra,Auto & Turnaround Giant,865.0,868.6500244140625,853.75,860.0999755859375,790.9913330078125,1630905
2018-05-10,M&M.NS,Mahindra & Mahindra,Auto & Turnaround Giant,860.0,872.75,852.1500244140625,856.5,787.6805419921875,1369399
2018-05-11,M&M.NS,Mahindra & Mahindra,Auto & Turnaround Giant,857.9500122070312,872.7999877929688,848.8499755859375,869.0999755859375,799.2681884765625,1304682
2018-05-14,M&M.NS,Mahindra & Mahindra,Auto & Turnaround Giant,872.0,874.0,850.0,852.6500244140625,784.1399536132812,1492933
2018-05-15,M&M.NS,Mahindra & Mahindra,Auto & Turnaround Giant,853.9000244140625,865.0,837.0999755859375,847.0499877929688,778.9898681640625,2060487
2018-05-16,M&M.NS,Mahindra & Mahindra,Auto & Turnaround Giant,845.5,857.75,834.2000122070312,853.0999755859375,784.5537719726562,1559853
2018-05-17,M&M.NS,Mahindra & Mahindra,Auto & Turnaround Giant,855.0499877929688,859.5,846.0,849.0,780.783203125,1065979
2018-05-18,M&M.NS,Mahindra & Mahindra,Auto & Turnaround Giant,848.25,853.7999877929688,828.0499877929688,836.0,768.8278198242188,1983383
2018-05-21,M&M.NS,Mahindra & Mahindra,Auto & Turnaround Giant,834.0,847.25,821.5999755859375,825.9500122070312,759.5852661132812,1670673
2018-05-22,M&M.NS,Mahindra & Mahindra,Auto & Turnaround Giant,822.2000122070312,837.0,812.25,830.2000122070312,763.4937744140625,1937535
2018-05-23,M&M.NS,Mahindra & Mahindra,Auto & Turnaround Giant,828.0999755859375,835.5,820.5499877929688,831.7999877929688,764.96533203125,1315364
2018-05-24,M&M.NS,Mahindra & Mahindra,Auto & Turnaround Giant,837.0,847.7999877929688,831.9000244140625,843.0499877929688,775.3114013671875,1394760
2018-05-25,M&M.NS,Mahindra & Mahindra,Auto & Turnaround Giant,845.0,860.9500122070312,844.0,857.7000122070312,788.7843017578125,2069467
2018-05-28,M&M.NS,Mahindra & Mahindra,Auto & Turnaround Giant,862.4000244140625,864.6500244140625,845.0499877929688,849.9500122070312,781.6569213867188,3096495
2018-05-29,M&M.NS,Mahindra & Mahindra,Auto & Turnaround Giant,854.0,875.7000122070312,850.0,870.25,800.3258056640625,4666224
2018-05-30,M&M.NS,Mahindra & Mahindra,Auto & Turnaround Giant,879.0,901.0,875.0499877929688,897.9500122070312,825.8001098632812,8212884
2018-05-31,M&M.NS,Mahindra & Mahindra,Auto & Turnaround Giant,900.0,933.5,891.0,922.9500122070312,848.7914428710938,9417129
2018-06-01,M&M.NS,Mahindra & Mahindra,Auto & Turnaround Giant,922.5,927.5,897.0499877929688,901.5999755859375,829.1567993164062,3431462
2018-06-04,M&M.NS,Mahindra & Mahindra,Auto & Turnaround Giant,908.0,918.3499755859375,906.0,914.5,841.0203857421875,3364222
2018-06-05,M&M.NS,Mahindra & Mahindra,Auto & Turnaround Giant,912.0,915.9000244140625,898.5,901.2999877929688,828.8809814453125,1836194
2018-06-06,M&M.NS,Mahindra & Mahindra,Auto & Turnaround Giant,902.4000244140625,917.0999755859375,896.8499755859375,914.2999877929688,840.83642578125,2102493
2018-06-07,M&M.NS,Mahindra & Mahindra,Auto & Turnaround Giant,919.0,927.9500122070312,916.0,920.2999877929688,846.3543090820312,2668799
2018-06-08,M&M.NS,Mahindra & Mahindra,Auto & Turnaround Giant,917.0,917.6500244140625,903.0999755859375,911.6500244140625,838.3994140625,1335422
2018-06-11,M&M.NS,Mahindra & Mahindra,Auto & Turnaround Giant,912.2000122070312,920.0,910.0,916.8499755859375,843.1815185546875,1747134
2018-06-12,M&M.NS,Mahindra & Mahindra,Auto & Turnaround Giant,920.0,926.4000244140625,914.0499877929688,917.5999755859375,843.8712158203125,2032546
2018-06-13,M&M.NS,Mahindra & Mahindra,Auto & Turnaround Giant,918.0,921.4000244140625,914.75,917.6500244140625,843.9171752929688,1353228
2018-06-14,M&M.NS,Mahindra & Mahindra,Auto & Turnaround Giant,914.0999755859375,925.0,909.5499877929688,922.0499877929688,847.9636840820312,1385264
2018-06-15,M&M.NS,Mahindra & Mahindra,Auto & Turnaround Giant,922.5499877929688,924.4000244140625,902.8499755859375,909.4500122070312,836.3760986328125,2619109
2018-06-18,M&M.NS,Mahindra & Mahindra,Auto & Turnaround Giant,915.0,921.0499877929688,909.0,913.9000244140625,840.4686279296875,1496081
2018-06-19,M&M.NS,Mahindra & Mahindra,Auto & Turnaround Giant,915.0,915.0499877929688,886.0,891.4000244140625,819.7764282226562,1878313
2018-06-20,M&M.NS,Mahindra & Mahindra,Auto & Turnaround Giant,896.0,908.8499755859375,892.4500122070312,904.4000244140625,831.7319946289062,2671370
2018-06-21,M&M.NS,Mahindra & Mahindra,Auto & Turnaround Giant,909.7999877929688,909.7999877929688,874.0999755859375,883.5999755859375,812.6030883789062,4202520
2018-06-22,M&M.NS,Mahindra & Mahindra,Auto & Turnaround Giant,882.7999877929688,912.7000122070312,882.0499877929688,908.2000122070312,835.2265014648438,4589148
2018-06-25,M&M.NS,Mahindra & Mahindra,Auto & Turnaround Giant,912.0,914.5,901.0,905.5999755859375,832.8353881835938,2984963
2018-06-26,M&M.NS,Mahindra & Mahindra,Auto & Turnaround Giant,905.0,915.0,891.0999755859375,898.0,825.8461303710938,2106484
2018-06-27,M&M.NS,Mahindra & Mahindra,Auto & Turnaround Giant,900.0,906.2999877929688,885.5499877929688,892.6500244140625,820.926025390625,2168303
2018-06-28,M&M.NS,Mahindra & Mahindra,Auto & Turnaround Giant,892.6500244140625,917.7000122070312,891.0499877929688,907.75,834.8126220703125,4493297
2018-06-29,M&M.NS,Mahindra & Mahindra,Auto & Turnaround Giant,909.0,914.9000244140625,894.8499755859375,897.7000122070312,825.5701904296875,2441612
2018-07-02,M&M.NS,Mahindra & Mahindra,Auto & Turnaround Giant,907.0,907.7000122070312,878.6500244140625,886.6500244140625,815.4081420898438,2180118
2018-07-03,M&M.NS,Mahindra & Mahindra,Auto & Turnaround Giant,886.9000244140625,898.5,879.0499877929688,894.2000122070312,822.3515014648438,1406654
2018-07-04,M&M.NS,Mahindra & Mahindra,Auto & Turnaround Giant,895.0,902.7000122070312,885.5,900.0999755859375,827.7774047851562,1457165
2018-07-05,M&M.NS,Mahindra & Mahindra,Auto & Turnaround Giant,901.5999755859375,916.0,901.5999755859375,912.3499755859375,839.04296875,1935437
2018-07-06,M&M.NS,Mahindra & Mahindra,Auto & Turnaround Giant,914.9500122070312,927.0,902.8499755859375,924.9500122070312,850.6307373046875,2998570
2018-07-09,M&M.NS,Mahindra & Mahindra,Auto & Turnaround Giant,931.0,940.0,927.5999755859375,932.75,857.803955078125,2472960
2018-07-10,M&M.NS,Mahindra & Mahindra,Auto & Turnaround Giant,937.4000244140625,937.5,926.4000244140625,930.5499877929688,855.78076171875,1617650
2018-07-11,M&M.NS,Mahindra & Mahindra,Auto & Turnaround Giant,928.9500122070312,939.7000122070312,926.4500122070312,931.0,856.194580078125,2732003
2018-07-12,M&M.NS,Mahindra & Mahindra,Auto & Turnaround Giant,931.0,931.0,910.0,915.7999877929688,849.0557861328125,2173358
2018-07-13,M&M.NS,Mahindra & Mahindra,Auto & Turnaround Giant,918.5,925.9000244140625,902.0,906.7000122070312,840.618896484375,2296504
2018-07-16,M&M.NS,Mahindra & Mahindra,Auto & Turnaround Giant,905.0,915.7000122070312,895.0,900.3499755859375,834.7317504882812,1901810
2018-07-17,M&M.NS,Mahindra & Mahindra,Auto & Turnaround Giant,903.0,925.2999877929688,901.0999755859375,922.4500122070312,855.22119140625,1791101
2018-07-18,M&M.NS,Mahindra & Mahindra,Auto & Turnaround Giant,926.5999755859375,929.7999877929688,900.0,902.4500122070312,836.6787719726562,1442856
2018-07-19,M&M.NS,Mahindra & Mahindra,Auto & Turnaround Giant,906.0,922.4000244140625,906.0,913.0,846.4598999023438,2040980
2018-07-20,M&M.NS,Mahindra & Mahindra,Auto & Turnaround Giant,913.0,915.2000122070312,904.0,909.75,843.4466552734375,1667834
2018-07-23,M&M.NS,Mahindra & Mahindra,Auto & Turnaround Giant,910.0,913.0,904.0,910.4000244140625,844.04931640625,1179253
2018-07-24,M&M.NS,Mahindra & Mahindra,Auto & Turnaround Giant,913.8499755859375,924.9000244140625,911.2000122070312,920.4000244140625,853.3204956054688,1982289
2018-07-25,M&M.NS,Mahindra & Mahindra,Auto & Turnaround Giant,924.9000244140625,925.0,908.7000122070312,910.0999755859375,843.7711791992188,1433236
2018-07-26,M&M.NS,Mahindra & Mahindra,Auto & Turnaround Giant,914.4000244140625,916.9000244140625,906.0,913.5999755859375,847.01611328125,2785063
2018-07-27,M&M.NS,Mahindra & Mahindra,Auto & Turnaround Giant,915.0,915.9000244140625,902.7999877929688,909.8499755859375,843.5393676757812,1658854
2018-07-30,M&M.NS,Mahindra & Mahindra,Auto & Turnaround Giant,916.0,935.0,912.0499877929688,933.25,865.2339477539062,2458481
2018-07-31,M&M.NS,Mahindra & Mahindra,Auto & Turnaround Giant,935.0,941.7999877929688,924.5499877929688,935.9500122070312,867.7371826171875,2011316
2018-08-01,M&M.NS,Mahindra & Mahindra,Auto & Turnaround Giant,939.5,943.4000244140625,926.0999755859375,929.75,861.989013671875,2000884
2018-08-02,M&M.NS,Mahindra & Mahindra,Auto & Turnaround Giant,925.75,925.75,910.0499877929688,911.2999877929688,844.8837890625,1652795
2018-08-03,M&M.NS,Mahindra & Mahindra,Auto & Turnaround Giant,914.0499877929688,925.0,914.0499877929688,920.6500244140625,853.55224609375,1575164
2018-08-06,M&M.NS,Mahindra & Mahindra,Auto & Turnaround Giant,921.9500122070312,935.7999877929688,920.5499877929688,932.4000244140625,864.4459838867188,1702042
2018-08-07,M&M.NS,Mahindra & Mahindra,Auto & Turnaround Giant,940.9500122070312,944.0,923.2999877929688,927.0,859.439453125,5202007
2018-08-08,M&M.NS,Mahindra & Mahindra,Auto & Turnaround Giant,936.9000244140625,938.9500122070312,924.0,928.2999877929688,860.6447143554688,2056171
2018-08-09,M&M.NS,Mahindra & Mahindra,Auto & Turnaround Giant,929.0,940.0,927.5,933.2000122070312,865.1876831054688,2452570
2018-08-10,M&M.NS,Mahindra & Mahindra,Auto & Turnaround Giant,932.0,952.7000122070312,929.1500244140625,945.9500122070312,877.0083618164062,3163115
2018-08-13,M&M.NS,Mahindra & Mahindra,Auto & Turnaround Giant,944.0,966.4000244140625,938.5999755859375,954.5,884.9351806640625,4285645
2018-08-14,M&M.NS,Mahindra & Mahindra,Auto & Turnaround Giant,958.9000244140625,961.9000244140625,948.0,950.4500122070312,881.1804809570312,1801054
2018-08-16,M&M.NS,Mahindra & Mahindra,Auto & Turnaround Giant,945.0,965.25,944.0,951.25,881.922119140625,1832039
2018-08-17,M&M.NS,Mahindra & Mahindra,Auto & Turnaround Giant,954.5499877929688,968.7999877929688,950.1500244140625,961.5,891.4251708984375,2246030
2018-08-20,M&M.NS,Mahindra & Mahindra,Auto & Turnaround Giant,967.6500244140625,982.25,962.0999755859375,969.5499877929688,898.8883666992188,1877608
2018-08-21,M&M.NS,Mahindra & Mahindra,Auto & Turnaround Giant,973.0,976.6500244140625,955.5,957.7999877929688,887.9948120117188,1557070
2018-08-23,M&M.NS,Mahindra & Mahindra,Auto & Turnaround Giant,960.0,970.0,954.2999877929688,963.0999755859375,892.908447265625,1978510
2018-08-24,M&M.NS,Mahindra & Mahindra,Auto & Turnaround Giant,966.2000122070312,972.4000244140625,961.1500244140625,968.2999877929688,897.7294311523438,1634893
2018-08-27,M&M.NS,Mahindra & Mahindra,Auto & Turnaround Giant,974.2999877929688,983.9000244140625,967.7999877929688,976.4500122070312,905.2857055664062,1635797
2018-08-28,M&M.NS,Mahindra & Mahindra,Auto & Turnaround Giant,982.0,987.6500244140625,974.0999755859375,980.5,909.0404663085938,1460036
2018-08-29,M&M.NS,Mahindra & Mahindra,Auto & Turnaround Giant,981.3499755859375,993.0,975.4500122070312,983.8499755859375,912.146240234375,1795568
2018-08-30,M&M.NS,Mahindra & Mahindra,Auto & Turnaround Giant,984.9500122070312,991.5999755859375,977.9000244140625,982.9500122070312,911.3118286132812,1831626
2018-08-31,M&M.NS,Mahindra & Mahindra,Auto & Turnaround Giant,982.0,988.0,959.1500244140625,965.2999877929688,894.9481201171875,2243187
2018-09-03,M&M.NS,Mahindra & Mahindra,Auto & Turnaround Giant,974.9000244140625,974.9500122070312,942.0,947.7999877929688,878.7235717773438,2189450
2018-09-04,M&M.NS,Mahindra & Mahindra,Auto & Turnaround Giant,952.2000122070312,955.7000122070312,928.0999755859375,931.75,863.84326171875,2067396
2018-09-05,M&M.NS,Mahindra & Mahindra,Auto & Turnaround Giant,930.0,945.0,914.4000244140625,929.4000244140625,861.66455078125,2133045
2018-09-06,M&M.NS,Mahindra & Mahindra,Auto & Turnaround Giant,935.0,943.7000122070312,927.5,934.9500122070312,866.8101196289062,2144816
2018-09-07,M&M.NS,Mahindra & Mahindra,Auto & Turnaround Giant,940.0999755859375,977.6500244140625,935.0499877929688,973.7000122070312,902.7360229492188,3132025
2018-09-10,M&M.NS,Mahindra & Mahindra,Auto & Turnaround Giant,970.6500244140625,976.1500244140625,934.5999755859375,937.3499755859375,869.0350341796875,2151834
2018-09-11,M&M.NS,Mahindra & Mahindra,Auto & Turnaround Giant,943.0,961.0,936.2999877929688,943.1500244140625,874.4124145507812,3909701
2018-09-12,M&M.NS,Mahindra & Mahindra,Auto & Turnaround Giant,948.4500122070312,951.0,912.4000244140625,938.1500244140625,869.77685546875,2787531
2018-09-14,M&M.NS,Mahindra & Mahindra,Auto & Turnaround Giant,941.2000122070312,954.7999877929688,928.0499877929688,951.9000244140625,882.5248413085938,2803861
2018-09-17,M&M.NS,Mahindra & Mahindra,Auto & Turnaround Giant,947.6500244140625,956.4000244140625,936.5999755859375,950.8499755859375,881.5512084960938,1978897
2018-09-18,M&M.NS,Mahindra & Mahindra,Auto & Turnaround Giant,949.4500122070312,961.0,940.4000244140625,946.5499877929688,877.5646362304688,2227889
2018-09-19,M&M.NS,Mahindra & Mahindra,Auto & Turnaround Giant,947.0,965.6500244140625,938.2000122070312,948.9000244140625,879.7433471679688,2083160
2018-09-21,M&M.NS,Mahindra & Mahindra,Auto & Turnaround Giant,963.0,976.7000122070312,870.0,959.9000244140625,889.9418334960938,4633394
2018-09-24,M&M.NS,Mahindra & Mahindra,Auto & Turnaround Giant,955.0,958.2000122070312,885.0,896.0499877929688,830.7451782226562,4569708
2018-09-25,M&M.NS,Mahindra & Mahindra,Auto & Turnaround Giant,896.0,900.0,865.25,893.0,827.91748046875,4269089
2018-09-26,M&M.NS,Mahindra & Mahindra,Auto & Turnaround Giant,903.0,917.8499755859375,885.2999877929688,893.3499755859375,828.2418823242188,2357565
2018-09-27,M&M.NS,Mahindra & Mahindra,Auto & Turnaround Giant,888.0,895.4500122070312,866.5,877.4500122070312,813.5006713867188,2588148
2018-09-28,M&M.NS,Mahindra & Mahindra,Auto & Turnaround Giant,877.4500122070312,880.9500122070312,839.5499877929688,860.9500122070312,798.2032470703125,4188699
2018-10-01,M&M.NS,Mahindra & Mahindra,Auto & Turnaround Giant,860.5,864.4500122070312,840.9500122070312,847.5999755859375,785.8262329101562,3060818
2018-10-03,M&M.NS,Mahindra & Mahindra,Auto & Turnaround Giant,845.5,845.5,787.0,791.5999755859375,733.9075317382812,6680994
2018-10-04,M&M.NS,Mahindra & Mahindra,Auto & Turnaround Giant,780.1500244140625,800.0,765.4500122070312,794.7000122070312,736.7816162109375,5036305
2018-10-05,M&M.NS,Mahindra & Mahindra,Auto & Turnaround Giant,791.0,795.75,752.9000244140625,769.5499877929688,713.464599609375,5157618
2018-10-08,M&M.NS,Mahindra & Mahindra,Auto & Turnaround Giant,768.75,780.9500122070312,753.2999877929688,774.8499755859375,718.3782958984375,3874262
2018-10-09,M&M.NS,Mahindra & Mahindra,Auto & Turnaround Giant,775.5499877929688,782.4500122070312,760.2999877929688,764.7999877929688,709.0606689453125,2933355
2018-10-10,M&M.NS,Mahindra & Mahindra,Auto & Turnaround Giant,768.0,774.5999755859375,750.9000244140625,764.0999755859375,708.4117431640625,7578601
2018-10-11,M&M.NS,Mahindra & Mahindra,Auto & Turnaround Giant,747.0,756.5,715.0,730.1500244140625,676.9360961914062,6199047
2018-10-12,M&M.NS,Mahindra & Mahindra,Auto & Turnaround Giant,738.5,775.9000244140625,735.5499877929688,768.5,712.4910888671875,4477653
2018-10-15,M&M.NS,Mahindra & Mahindra,Auto & Turnaround Giant,775.0,775.4500122070312,738.0,749.0,694.412353515625,5282462
2018-10-16,M&M.NS,Mahindra & Mahindra,Auto & Turnaround Giant,753.5999755859375,780.0,750.0999755859375,777.7000122070312,721.0205078125,4357854
2018-10-17,M&M.NS,Mahindra & Mahindra,Auto & Turnaround Giant,789.2000122070312,790.75,751.2000122070312,759.4000244140625,704.0543212890625,2634539
2018-10-19,M&M.NS,Mahindra & Mahindra,Auto & Turnaround Giant,748.0999755859375,758.0,732.0999755859375,741.2000122070312,687.1807250976562,2985488
2018-10-22,M&M.NS,Mahindra & Mahindra,Auto & Turnaround Giant,747.0,749.0,731.0,733.75,680.2737426757812,1842855
2018-10-23,M&M.NS,Mahindra & Mahindra,Auto & Turnaround Giant,730.5,734.4000244140625,716.2000122070312,729.9500122070312,676.7506103515625,2967082
2018-10-24,M&M.NS,Mahindra & Mahindra,Auto & Turnaround Giant,740.7999877929688,749.2000122070312,725.6500244140625,736.25,682.5914916992188,3729119
2018-10-25,M&M.NS,Mahindra & Mahindra,Auto & Turnaround Giant,728.0,744.5,724.0,733.75,680.2737426757812,3966709
2018-10-26,M&M.NS,Mahindra & Mahindra,Auto & Turnaround Giant,731.0,741.7999877929688,722.7000122070312,728.2000122070312,675.1282348632812,1813847
2018-10-29,M&M.NS,Mahindra & Mahindra,Auto & Turnaround Giant,728.0,752.8499755859375,728.0,749.5,694.8758544921875,1954444
2018-10-30,M&M.NS,Mahindra & Mahindra,Auto & Turnaround Giant,751.0,762.75,737.0,746.2999877929688,691.9089965820312,2756355
2018-10-31,M&M.NS,Mahindra & Mahindra,Auto & Turnaround Giant,749.0,769.0999755859375,735.1500244140625,765.9500122070312,710.1270141601562,3093083
2018-11-01,M&M.NS,Mahindra & Mahindra,Auto & Turnaround Giant,770.5,778.7000122070312,751.0,756.0499877929688,700.948486328125,4171044
2018-11-02,M&M.NS,Mahindra & Mahindra,Auto & Turnaround Giant,765.0499877929688,795.9000244140625,765.0499877929688,783.5499877929688,726.4442749023438,4117317
2018-11-05,M&M.NS,Mahindra & Mahindra,Auto & Turnaround Giant,784.0,784.6500244140625,770.0,775.4500122070312,718.9346313476562,2168486
2018-11-06,M&M.NS,Mahindra & Mahindra,Auto & Turnaround Giant,780.0,782.0,768.8499755859375,778.4000244140625,721.6695556640625,1839552
2018-11-07,M&M.NS,Mahindra & Mahindra,Auto & Turnaround Giant,788.0,794.0,783.6500244140625,792.9000244140625,735.1128540039062,731279
2018-11-09,M&M.NS,Mahindra & Mahindra,Auto & Turnaround Giant,800.0,805.9000244140625,791.0,795.25,737.2915649414062,3085813
2018-11-12,M&M.NS,Mahindra & Mahindra,Auto & Turnaround Giant,798.0,807.7000122070312,778.0999755859375,780.9000244140625,723.9874267578125,2101138
2018-11-13,M&M.NS,Mahindra & Mahindra,Auto & Turnaround Giant,775.5,793.7999877929688,773.8499755859375,790.0499877929688,732.4705200195312,3010295
2018-11-14,M&M.NS,Mahindra & Mahindra,Auto & Turnaround Giant,793.0999755859375,797.4000244140625,765.5,769.5999755859375,713.5108642578125,4237768
2018-11-15,M&M.NS,Mahindra & Mahindra,Auto & Turnaround Giant,774.0,775.7999877929688,755.0,766.5,710.6367797851562,4315301
2018-11-16,M&M.NS,Mahindra & Mahindra,Auto & Turnaround Giant,767.6500244140625,776.5,759.75,767.5999755859375,711.6566162109375,2373384
2018-11-19,M&M.NS,Mahindra & Mahindra,Auto & Turnaround Giant,775.2999877929688,783.5999755859375,770.0999755859375,781.3499755859375,724.404541015625,2681651
2018-11-20,M&M.NS,Mahindra & Mahindra,Auto & Turnaround Giant,780.0,792.4000244140625,773.3499755859375,782.5999755859375,725.5633544921875,2902880
2018-11-21,M&M.NS,Mahindra & Mahindra,Auto & Turnaround Giant,787.7999877929688,787.7999877929688,764.7000122070312,769.0999755859375,713.0473022460938,1851514
2018-11-22,M&M.NS,Mahindra & Mahindra,Auto & Turnaround Giant,770.0999755859375,772.9500122070312,743.0999755859375,746.0999755859375,691.7236328125,2578750
2018-11-26,M&M.NS,Mahindra & Mahindra,Auto & Turnaround Giant,748.0,755.0,739.25,747.9000244140625,693.3924560546875,2676798
2018-11-27,M&M.NS,Mahindra & Mahindra,Auto & Turnaround Giant,747.0,753.9000244140625,738.0999755859375,751.75,696.9619140625,2179714
2018-11-28,M&M.NS,Mahindra & Mahindra,Auto & Turnaround Giant,754.7000122070312,759.2000122070312,745.5499877929688,748.4000244140625,693.8560791015625,2007876
2018-11-29,M&M.NS,Mahindra & Mahindra,Auto & Turnaround Giant,756.0,780.2999877929688,752.0,773.2000122070312,716.8486328125,5038807
2018-11-30,M&M.NS,Mahindra & Mahindra,Auto & Turnaround Giant,778.0,796.0,776.7000122070312,790.9000244140625,733.2586059570312,5214780
2018-12-03,M&M.NS,Mahindra & Mahindra,Auto & Turnaround Giant,800.0,800.7999877929688,756.5999755859375,761.0499877929688,705.5840454101562,5839713
2018-12-04,M&M.NS,Mahindra & Mahindra,Auto & Turnaround Giant,762.0,762.0,738.5,740.2999877929688,686.3463745117188,7101096
2018-12-05,M&M.NS,Mahindra & Mahindra,Auto & Turnaround Giant,740.2999877929688,740.2999877929688,715.0999755859375,718.0499877929688,665.718017578125,4837874
2018-12-06,M&M.NS,Mahindra & Mahindra,Auto & Turnaround Giant,717.5,722.0,706.5,710.9500122070312,659.1354370117188,3970063
2018-12-07,M&M.NS,Mahindra & Mahindra,Auto & Turnaround Giant,726.7999877929688,726.7999877929688,709.5999755859375,721.0999755859375,668.5455932617188,2716587
2018-12-10,M&M.NS,Mahindra & Mahindra,Auto & Turnaround Giant,710.0,725.5,700.0,710.5499877929688,658.7645874023438,3150111
2018-12-11,M&M.NS,Mahindra & Mahindra,Auto & Turnaround Giant,699.9000244140625,729.9000244140625,694.0,722.3499755859375,669.70458984375,4383980
2018-12-12,M&M.NS,Mahindra & Mahindra,Auto & Turnaround Giant,725.0,753.0,721.25,750.7999877929688,696.0809936523438,3460143
2018-12-13,M&M.NS,Mahindra & Mahindra,Auto & Turnaround Giant,755.0,765.0999755859375,746.25,759.2000122070312,703.8690185546875,3510371
2018-12-14,M&M.NS,Mahindra & Mahindra,Auto & Turnaround Giant,753.0999755859375,764.0,751.5999755859375,757.25,702.06103515625,1760631
2018-12-17,M&M.NS,Mahindra & Mahindra,Auto & Turnaround Giant,760.0,763.0,750.5,756.3499755859375,701.2265625,2022203
2018-12-18,M&M.NS,Mahindra & Mahindra,Auto & Turnaround Giant,755.5999755859375,772.0,752.4000244140625,770.9500122070312,714.7625122070312,3600834
2018-12-19,M&M.NS,Mahindra & Mahindra,Auto & Turnaround Giant,775.0,787.0,767.0999755859375,782.6500244140625,725.6098022460938,3361238
2018-12-20,M&M.NS,Mahindra & Mahindra,Auto & Turnaround Giant,779.7000122070312,797.0,778.5,795.4500122070312,737.4769897460938,2707144
2018-12-21,M&M.NS,Mahindra & Mahindra,Auto & Turnaround Giant,795.0,814.0,777.7000122070312,781.1500244140625,724.2191772460938,6125095
2018-12-24,M&M.NS,Mahindra & Mahindra,Auto & Turnaround Giant,782.9000244140625,792.5,775.0,788.6500244140625,731.172607421875,2034516
2018-12-26,M&M.NS,Mahindra & Mahindra,Auto & Turnaround Giant,785.6500244140625,793.5,772.0,787.7000122070312,730.2918090820312,1683700
2018-12-27,M&M.NS,Mahindra & Mahindra,Auto & Turnaround Giant,794.5,802.0,788.0999755859375,795.6500244140625,737.6624755859375,3156130
2018-12-28,M&M.NS,Mahindra & Mahindra,Auto & Turnaround Giant,799.3499755859375,807.0,797.0,803.5499877929688,744.9866333007812,1820270
2018-12-31,M&M.NS,Mahindra & Mahindra,Auto & Turnaround Giant,808.9000244140625,810.0,801.2000122070312,803.8499755859375,745.2647094726562,2232551
2019-01-01,M&M.NS,Mahindra & Mahindra,Auto & Turnaround Giant,805.0,805.8499755859375,771.2999877929688,773.3499755859375,716.987548828125,3442903
2019-01-02,M&M.NS,Mahindra & Mahindra,Auto & Turnaround Giant,772.7999877929688,772.7999877929688,735.0999755859375,741.7000122070312,687.6443481445312,10596260
2019-01-03,M&M.NS,Mahindra & Mahindra,Auto & Turnaround Giant,743.4000244140625,744.8499755859375,716.2000122070312,718.2999877929688,665.94970703125,11084172
2019-01-04,M&M.NS,Mahindra & Mahindra,Auto & Turnaround Giant,720.0,728.2999877929688,712.5,725.5999755859375,672.7177124023438,5919404
2019-01-07,M&M.NS,Mahindra & Mahindra,Auto & Turnaround Giant,734.5499877929688,735.9000244140625,723.5499877929688,729.5499877929688,676.3798217773438,2792255
2019-01-08,M&M.NS,Mahindra & Mahindra,Auto & Turnaround Giant,720.0,733.2000122070312,717.5,723.4000244140625,670.6780395507812,4764487
2019-01-09,M&M.NS,Mahindra & Mahindra,Auto & Turnaround Giant,729.0,729.9500122070312,720.1500244140625,726.2999877929688,673.3666381835938,2569424
2019-01-10,M&M.NS,Mahindra & Mahindra,Auto & Turnaround Giant,728.0,734.8499755859375,722.7999877929688,733.2000122070312,679.7638549804688,2550750
2019-01-11,M&M.NS,Mahindra & Mahindra,Auto & Turnaround Giant,735.0,735.0,721.25,727.9000244140625,674.8500366210938,2215240
2019-01-14,M&M.NS,Mahindra & Mahindra,Auto & Turnaround Giant,725.0,726.4000244140625,714.2999877929688,724.5499877929688,671.744140625,1713221
2019-01-15,M&M.NS,Mahindra & Mahindra,Auto & Turnaround Giant,727.5,730.0,723.3499755859375,726.9000244140625,673.9229736328125,2138402
2019-01-16,M&M.NS,Mahindra & Mahindra,Auto & Turnaround Giant,727.2999877929688,732.5,724.5499877929688,726.25,673.3202514648438,1288969
2019-01-17,M&M.NS,Mahindra & Mahindra,Auto & Turnaround Giant,729.0,740.0,727.9500122070312,734.6500244140625,681.1082153320312,3318440
2019-01-18,M&M.NS,Mahindra & Mahindra,Auto & Turnaround Giant,734.5,737.9000244140625,728.0,734.9500122070312,681.38623046875,1601885
2019-01-21,M&M.NS,Mahindra & Mahindra,Auto & Turnaround Giant,738.0,738.0,727.3499755859375,730.2999877929688,677.0750732421875,1341152
2019-01-22,M&M.NS,Mahindra & Mahindra,Auto & Turnaround Giant,727.7000122070312,727.7000122070312,705.1500244140625,708.5,656.8638916015625,5097285
2019-01-23,M&M.NS,Mahindra & Mahindra,Auto & Turnaround Giant,708.5,709.75,693.5999755859375,695.8499755859375,645.1359252929688,4714919
2019-01-24,M&M.NS,Mahindra & Mahindra,Auto & Turnaround Giant,699.0,700.0499877929688,686.0499877929688,697.2999877929688,646.4801635742188,3891245
2019-01-25,M&M.NS,Mahindra & Mahindra,Auto & Turnaround Giant,702.0,703.5,681.0,683.5,633.6859741210938,3421228
2019-01-28,M&M.NS,Mahindra & Mahindra,Auto & Turnaround Giant,683.5,683.5,667.5,673.0499877929688,623.99755859375,5762442
2019-01-29,M&M.NS,Mahindra & Mahindra,Auto & Turnaround Giant,671.9500122070312,676.9000244140625,661.5999755859375,669.6500244140625,620.8453979492188,4860919
2019-01-30,M&M.NS,Mahindra & Mahindra,Auto & Turnaround Giant,671.9000244140625,680.0,670.2999877929688,678.6500244140625,629.189453125,2738163
2019-01-31,M&M.NS,Mahindra & Mahindra,Auto & Turnaround Giant,678.0,683.0,672.75,680.0499877929688,630.4873657226562,3496189
2019-02-01,M&M.NS,Mahindra & Mahindra,Auto & Turnaround Giant,689.0,715.4000244140625,680.5499877929688,688.4000244140625,638.2288208007812,8005192
2019-02-04,M&M.NS,Mahindra & Mahindra,Auto & Turnaround Giant,688.0,688.4000244140625,670.3499755859375,674.4500122070312,625.2955322265625,2652101
2019-02-05,M&M.NS,Mahindra & Mahindra,Auto & Turnaround Giant,675.25,692.5999755859375,672.6500244140625,684.9000244140625,634.9839477539062,3550741
2019-02-06,M&M.NS,Mahindra & Mahindra,Auto & Turnaround Giant,687.9000244140625,698.25,682.0499877929688,695.0999755859375,644.4404907226562,2221744
2019-02-07,M&M.NS,Mahindra & Mahindra,Auto & Turnaround Giant,695.0,708.9000244140625,693.0999755859375,700.9000244140625,649.81787109375,2710457
2019-02-08,M&M.NS,Mahindra & Mahindra,Auto & Turnaround Giant,702.0,706.7000122070312,678.5499877929688,682.0999755859375,632.3880615234375,10858152
2019-02-11,M&M.NS,Mahindra & Mahindra,Auto & Turnaround Giant,669.4000244140625,673.4000244140625,645.2000122070312,647.5499877929688,600.3560791015625,7931599
2019-02-12,M&M.NS,Mahindra & Mahindra,Auto & Turnaround Giant,647.0,657.7999877929688,644.0,648.7000122070312,601.4222412109375,3357448
2019-02-14,M&M.NS,Mahindra & Mahindra,Auto & Turnaround Giant,640.7000122070312,642.4000244140625,632.2999877929688,634.4000244140625,588.1644897460938,3530468
2019-02-15,M&M.NS,Mahindra & Mahindra,Auto & Turnaround Giant,635.0,636.9000244140625,618.7999877929688,627.5499877929688,581.8135986328125,5765467
2019-02-18,M&M.NS,Mahindra & Mahindra,Auto & Turnaround Giant,630.0,630.0,615.5999755859375,624.7000122070312,579.1713256835938,4750172
2019-02-19,M&M.NS,Mahindra & Mahindra,Auto & Turnaround Giant,627.0,642.0,625.25,632.5999755859375,586.4955444335938,3526711
2019-02-20,M&M.NS,Mahindra & Mahindra,Auto & Turnaround Giant,637.0,637.2999877929688,628.1500244140625,633.5499877929688,587.376220703125,2369483
2019-02-21,M&M.NS,Mahindra & Mahindra,Auto & Turnaround Giant,633.5499877929688,635.9500122070312,625.0,634.2000122070312,587.9789428710938,2813880
2019-02-22,M&M.NS,Mahindra & Mahindra,Auto & Turnaround Giant,635.0,648.5999755859375,632.25,646.5999755859375,599.4751586914062,4053346
2019-02-25,M&M.NS,Mahindra & Mahindra,Auto & Turnaround Giant,649.9000244140625,653.9500122070312,642.2999877929688,650.7000122070312,603.2763671875,1863303
2019-02-26,M&M.NS,Mahindra & Mahindra,Auto & Turnaround Giant,644.7999877929688,656.0,640.0,651.2999877929688,603.8327026367188,3862642
2019-02-27,M&M.NS,Mahindra & Mahindra,Auto & Turnaround Giant,654.5,662.0,647.1500244140625,656.1500244140625,608.329345703125,3193418
2019-02-28,M&M.NS,Mahindra & Mahindra,Auto & Turnaround Giant,663.75,663.75,642.5,645.9000244140625,598.8262939453125,3955320
2019-03-01,M&M.NS,Mahindra & Mahindra,Auto & Turnaround Giant,650.0,652.0,641.0,649.7000122070312,602.349365234375,3957539
2019-03-05,M&M.NS,Mahindra & Mahindra,Auto & Turnaround Giant,649.8499755859375,657.9000244140625,642.0499877929688,656.75,608.8855590820312,6039244
2019-03-06,M&M.NS,Mahindra & Mahindra,Auto & Turnaround Giant,660.0,664.8499755859375,654.0,658.9000244140625,610.8789672851562,7495708
2019-03-07,M&M.NS,Mahindra & Mahindra,Auto & Turnaround Giant,661.7000122070312,677.5,654.2000122070312,671.7999877929688,622.8387451171875,8703088
2019-03-08,M&M.NS,Mahindra & Mahindra,Auto & Turnaround Giant,672.0,679.7000122070312,666.4000244140625,670.1500244140625,621.3088989257812,3877059
2019-03-11,M&M.NS,Mahindra & Mahindra,Auto & Turnaround Giant,671.9500122070312,683.8499755859375,671.5,681.0499877929688,631.4144897460938,4027884
2019-03-12,M&M.NS,Mahindra & Mahindra,Auto & Turnaround Giant,686.9000244140625,693.0999755859375,683.3499755859375,687.9000244140625,637.7653198242188,3876498
2019-03-13,M&M.NS,Mahindra & Mahindra,Auto & Turnaround Giant,688.4000244140625,689.4000244140625,681.25,684.2000122070312,634.3349609375,1808059
2019-03-14,M&M.NS,Mahindra & Mahindra,Auto & Turnaround Giant,683.0,688.0,677.1500244140625,685.9000244140625,635.9111328125,1901877
2019-03-15,M&M.NS,Mahindra & Mahindra,Auto & Turnaround Giant,688.25,697.0,687.0,694.5999755859375,643.9769287109375,5208071
2019-03-18,M&M.NS,Mahindra & Mahindra,Auto & Turnaround Giant,696.0,704.2000122070312,682.0499877929688,684.2000122070312,634.3349609375,2600716
2019-03-19,M&M.NS,Mahindra & Mahindra,Auto & Turnaround Giant,686.0,693.7999877929688,675.0999755859375,689.4000244140625,639.156005859375,2331409
2019-03-20,M&M.NS,Mahindra & Mahindra,Auto & Turnaround Giant,689.0,694.3499755859375,676.1500244140625,678.5999755859375,629.14306640625,2369729
2019-03-22,M&M.NS,Mahindra & Mahindra,Auto & Turnaround Giant,678.7000122070312,684.5,670.0,678.7999877929688,629.3284912109375,2770303
2019-03-25,M&M.NS,Mahindra & Mahindra,Auto & Turnaround Giant,672.0,675.0,663.4000244140625,664.5999755859375,616.1633911132812,2337486
2019-03-26,M&M.NS,Mahindra & Mahindra,Auto & Turnaround Giant,664.6500244140625,672.4000244140625,661.0,669.5999755859375,620.7990112304688,2434715
2019-03-27,M&M.NS,Mahindra & Mahindra,Auto & Turnaround Giant,672.0499877929688,672.6500244140625,658.5499877929688,660.0499877929688,611.9450073242188,2426853
2019-03-28,M&M.NS,Mahindra & Mahindra,Auto & Turnaround Giant,659.0499877929688,662.75,653.5999755859375,655.9500122070312,608.1438598632812,3910004
2019-04-01,M&M.NS,Mahindra & Mahindra,Auto & Turnaround Giant,678.1500244140625,689.0,659.0,660.9000244140625,612.7330932617188,5458057
2019-04-02,M&M.NS,Mahindra & Mahindra,Auto & Turnaround Giant,665.0,670.9000244140625,661.4500122070312,668.5999755859375,619.871826171875,3802792
2019-04-03,M&M.NS,Mahindra & Mahindra,Auto & Turnaround Giant,672.7999877929688,676.75,656.9000244140625,658.4500122070312,610.461669921875,2745080
2019-04-04,M&M.NS,Mahindra & Mahindra,Auto & Turnaround Giant,661.0,662.7000122070312,651.2000122070312,653.3499755859375,605.7333984375,3684739
2019-04-05,M&M.NS,Mahindra & Mahindra,Auto & Turnaround Giant,657.5,663.0,654.0,658.2000122070312,610.2299194335938,2694077
2019-04-08,M&M.NS,Mahindra & Mahindra,Auto & Turnaround Giant,660.4000244140625,668.3499755859375,658.2999877929688,667.0,618.3885498046875,3413270
2019-04-09,M&M.NS,Mahindra & Mahindra,Auto & Turnaround Giant,667.7999877929688,669.7999877929688,660.4500122070312,667.8499755859375,619.1764526367188,2401571
2019-04-10,M&M.NS,Mahindra & Mahindra,Auto & Turnaround Giant,672.5999755859375,675.0,663.0999755859375,670.25,621.4016723632812,2499060
2019-04-11,M&M.NS,Mahindra & Mahindra,Auto & Turnaround Giant,669.2999877929688,679.75,669.2999877929688,672.75,623.7193603515625,4863931
2019-04-12,M&M.NS,Mahindra & Mahindra,Auto & Turnaround Giant,674.0,679.5,667.5499877929688,678.2000122070312,628.7722778320312,3302657
2019-04-15,M&M.NS,Mahindra & Mahindra,Auto & Turnaround Giant,680.0,686.0,673.2999877929688,683.2000122070312,633.4078979492188,2408677
2019-04-16,M&M.NS,Mahindra & Mahindra,Auto & Turnaround Giant,687.25,695.5,684.7999877929688,688.0999755859375,637.9507446289062,3002929
2019-04-18,M&M.NS,Mahindra & Mahindra,Auto & Turnaround Giant,689.5999755859375,691.9500122070312,681.25,684.6500244140625,634.752197265625,2996875
2019-04-22,M&M.NS,Mahindra & Mahindra,Auto & Turnaround Giant,681.0,685.75,670.9000244140625,673.4000244140625,624.3221435546875,1483513
2019-04-23,M&M.NS,Mahindra & Mahindra,Auto & Turnaround Giant,671.0,675.8499755859375,663.75,665.75,617.2296142578125,3248237
2019-04-24,M&M.NS,Mahindra & Mahindra,Auto & Turnaround Giant,668.0,669.2000122070312,662.25,668.1500244140625,619.4547119140625,2247998
2019-04-25,M&M.NS,Mahindra & Mahindra,Auto & Turnaround Giant,671.7999877929688,673.0,664.0,665.1500244140625,616.6734008789062,3169504
2019-04-26,M&M.NS,Mahindra & Mahindra,Auto & Turnaround Giant,666.5999755859375,668.4000244140625,651.5,659.4500122070312,611.3887329101562,3632433
2019-04-30,M&M.NS,Mahindra & Mahindra,Auto & Turnaround Giant,659.7000122070312,662.2000122070312,640.0,645.2999877929688,598.2699584960938,5042085
2019-05-02,M&M.NS,Mahindra & Mahindra,Auto & Turnaround Giant,646.0,660.7000122070312,635.2000122070312,645.9000244140625,598.8262939453125,3007579
2019-05-03,M&M.NS,Mahindra & Mahindra,Auto & Turnaround Giant,645.0499877929688,652.5,642.8499755859375,645.7999877929688,598.733642578125,2330580
2019-05-06,M&M.NS,Mahindra & Mahindra,Auto & Turnaround Giant,640.0,645.0,635.0999755859375,638.5,591.965576171875,1498420
2019-05-07,M&M.NS,Mahindra & Mahindra,Auto & Turnaround Giant,641.75,642.9000244140625,634.2000122070312,636.0,589.6478271484375,3160875
2019-05-08,M&M.NS,Mahindra & Mahindra,Auto & Turnaround Giant,635.5499877929688,637.0,619.0,621.6500244140625,576.3436279296875,3853705
2019-05-09,M&M.NS,Mahindra & Mahindra,Auto & Turnaround Giant,620.9000244140625,627.9500122070312,616.0999755859375,625.4500122070312,579.86669921875,1366143
2019-05-10,M&M.NS,Mahindra & Mahindra,Auto & Turnaround Giant,626.25,631.8499755859375,619.0,628.75,582.9261474609375,2093110
2019-05-13,M&M.NS,Mahindra & Mahindra,Auto & Turnaround Giant,628.7000122070312,628.7000122070312,615.0,617.5999755859375,572.5886840820312,1463136
2019-05-14,M&M.NS,Mahindra & Mahindra,Auto & Turnaround Giant,616.9000244140625,620.5499877929688,610.5499877929688,614.25,569.48291015625,2756314
2019-05-15,M&M.NS,Mahindra & Mahindra,Auto & Turnaround Giant,618.0,628.4000244140625,606.9500122070312,609.6500244140625,565.2181396484375,2805369
2019-05-16,M&M.NS,Mahindra & Mahindra,Auto & Turnaround Giant,610.0,612.6500244140625,597.2000122070312,605.25,561.138916015625,1940170
2019-05-17,M&M.NS,Mahindra & Mahindra,Auto & Turnaround Giant,607.0,622.5,607.0,619.6500244140625,574.4894409179688,2599966
2019-05-20,M&M.NS,Mahindra & Mahindra,Auto & Turnaround Giant,635.0,662.5,632.25,653.25,605.6406860351562,4938702
2019-05-21,M&M.NS,Mahindra & Mahindra,Auto & Turnaround Giant,660.0,662.7000122070312,634.4000244140625,639.1500244140625,592.5682983398438,2150188
2019-05-22,M&M.NS,Mahindra & Mahindra,Auto & Turnaround Giant,643.8499755859375,643.8499755859375,631.25,640.5499877929688,593.8662109375,1458607
2019-05-23,M&M.NS,Mahindra & Mahindra,Auto & Turnaround Giant,650.0,655.0,635.0999755859375,639.5,592.8927612304688,3161573
2019-05-24,M&M.NS,Mahindra & Mahindra,Auto & Turnaround Giant,644.75,667.5,637.8499755859375,665.4500122070312,616.9514770507812,3165620
2019-05-27,M&M.NS,Mahindra & Mahindra,Auto & Turnaround Giant,667.7000122070312,683.0,665.0,679.3499755859375,629.8384399414062,2987573
2019-05-28,M&M.NS,Mahindra & Mahindra,Auto & Turnaround Giant,680.0,682.25,667.25,670.5499877929688,621.6797485351562,5411769
2019-05-29,M&M.NS,Mahindra & Mahindra,Auto & Turnaround Giant,668.0,677.5,660.8499755859375,672.1500244140625,623.1632080078125,5418102
2019-05-30,M&M.NS,Mahindra & Mahindra,Auto & Turnaround Giant,660.0,667.5,656.3499755859375,661.7000122070312,613.4746704101562,5394745
2019-05-31,M&M.NS,Mahindra & Mahindra,Auto & Turnaround Giant,659.7000122070312,665.9500122070312,645.0999755859375,647.0499877929688,599.8925170898438,4226041
2019-06-03,M&M.NS,Mahindra & Mahindra,Auto & Turnaround Giant,647.0499877929688,659.0,635.0499877929688,653.4000244140625,605.7797241210938,4170532
2019-06-04,M&M.NS,Mahindra & Mahindra,Auto & Turnaround Giant,654.7999877929688,659.4000244140625,647.7999877929688,650.75,603.32275390625,1640476
2019-06-06,M&M.NS,Mahindra & Mahindra,Auto & Turnaround Giant,654.2999877929688,655.5,631.3499755859375,634.0999755859375,587.8862915039062,3846513
2019-06-07,M&M.NS,Mahindra & Mahindra,Auto & Turnaround Giant,640.0,645.7000122070312,630.0499877929688,644.0499877929688,597.111083984375,2173168
2019-06-10,M&M.NS,Mahindra & Mahindra,Auto & Turnaround Giant,643.4000244140625,649.4000244140625,638.2000122070312,646.9500122070312,599.7998046875,2306052
2019-06-11,M&M.NS,Mahindra & Mahindra,Auto & Turnaround Giant,647.9500122070312,647.9500122070312,636.0,636.8499755859375,590.4359130859375,2274832
2019-06-12,M&M.NS,Mahindra & Mahindra,Auto & Turnaround Giant,633.0,638.9000244140625,629.4500122070312,632.2000122070312,586.124755859375,1734002
2019-06-13,M&M.NS,Mahindra & Mahindra,Auto & Turnaround Giant,632.0,642.7000122070312,628.0999755859375,641.0499877929688,594.3297729492188,2141936
2019-06-14,M&M.NS,Mahindra & Mahindra,Auto & Turnaround Giant,640.0499877929688,641.0,633.4000244140625,637.25,590.806640625,1338649
2019-06-17,M&M.NS,Mahindra & Mahindra,Auto & Turnaround Giant,641.0,641.9500122070312,622.25,625.0499877929688,579.495849609375,2647789
2019-06-18,M&M.NS,Mahindra & Mahindra,Auto & Turnaround Giant,624.0,629.7999877929688,620.0999755859375,625.9000244140625,580.283935546875,2252507
2019-06-19,M&M.NS,Mahindra & Mahindra,Auto & Turnaround Giant,629.8499755859375,632.3499755859375,608.0,615.1500244140625,570.3173828125,2316163
2019-06-20,M&M.NS,Mahindra & Mahindra,Auto & Turnaround Giant,614.7999877929688,630.9500122070312,611.25,627.1500244140625,581.4428100585938,2283701
2019-06-21,M&M.NS,Mahindra & Mahindra,Auto & Turnaround Giant,627.0,633.4500122070312,622.25,627.4500122070312,581.720947265625,2713987
2019-06-24,M&M.NS,Mahindra & Mahindra,Auto & Turnaround Giant,626.0,637.0,626.0,634.8499755859375,588.5816650390625,2166403
2019-06-25,M&M.NS,Mahindra & Mahindra,Auto & Turnaround Giant,635.0,644.6500244140625,635.0,641.6500244140625,594.8860473632812,3352119
2019-06-26,M&M.NS,Mahindra & Mahindra,Auto & Turnaround Giant,640.0,647.5,640.0,643.5,596.6011962890625,2124949
2019-06-27,M&M.NS,Mahindra & Mahindra,Auto & Turnaround Giant,645.0,660.7999877929688,645.0,657.9000244140625,609.9517822265625,3744033
2019-06-28,M&M.NS,Mahindra & Mahindra,Auto & Turnaround Giant,659.7999877929688,662.4500122070312,651.5,655.3499755859375,607.5875244140625,3503838
2019-07-01,M&M.NS,Mahindra & Mahindra,Auto & Turnaround Giant,657.2999877929688,663.4500122070312,654.4500122070312,660.0,611.898681640625,3547891
2019-07-02,M&M.NS,Mahindra & Mahindra,Auto & Turnaround Giant,661.0,668.5,656.2999877929688,666.25,617.6931762695312,2275170
2019-07-03,M&M.NS,Mahindra & Mahindra,Auto & Turnaround Giant,668.9500122070312,675.0,663.2999877929688,669.25,620.4744873046875,2615478
2019-07-04,M&M.NS,Mahindra & Mahindra,Auto & Turnaround Giant,671.5,674.2000122070312,665.2999877929688,672.1500244140625,623.1632080078125,1777421
2019-07-05,M&M.NS,Mahindra & Mahindra,Auto & Turnaround Giant,672.0,675.2999877929688,638.5,642.0499877929688,595.2568969726562,3039710
2019-07-08,M&M.NS,Mahindra & Mahindra,Auto & Turnaround Giant,640.3499755859375,645.2000122070312,626.2000122070312,635.8499755859375,589.5087890625,3903971
2019-07-09,M&M.NS,Mahindra & Mahindra,Auto & Turnaround Giant,632.0,638.5,630.0,632.7000122070312,586.5882568359375,1260744
2019-07-10,M&M.NS,Mahindra & Mahindra,Auto & Turnaround Giant,630.0,636.0999755859375,619.0999755859375,621.6500244140625,576.3436279296875,2081711
2019-07-11,M&M.NS,Mahindra & Mahindra,Auto & Turnaround Giant,625.4000244140625,635.6500244140625,623.5999755859375,634.1500244140625,587.9326171875,1399434
2019-07-12,M&M.NS,Mahindra & Mahindra,Auto & Turnaround Giant,634.0999755859375,637.0,628.5,631.9000244140625,585.8466796875,1806912
2019-07-15,M&M.NS,Mahindra & Mahindra,Auto & Turnaround Giant,632.0499877929688,638.0,625.4500122070312,631.8499755859375,585.8001708984375,2223638
2019-07-16,M&M.NS,Mahindra & Mahindra,Auto & Turnaround Giant,624.7000122070312,627.9000244140625,618.8499755859375,622.9000244140625,577.5025024414062,3177195
2019-07-17,M&M.NS,Mahindra & Mahindra,Auto & Turnaround Giant,623.0,626.4500122070312,615.2999877929688,617.9500122070312,572.9132690429688,1881478
2019-07-18,M&M.NS,Mahindra & Mahindra,Auto & Turnaround Giant,613.9000244140625,616.4500122070312,595.0,597.4000244140625,561.585693359375,4915489
2019-07-19,M&M.NS,Mahindra & Mahindra,Auto & Turnaround Giant,601.1500244140625,601.5,570.0,571.2999877929688,537.0503540039062,6294798
2019-07-22,M&M.NS,Mahindra & Mahindra,Auto & Turnaround Giant,571.2999877929688,576.7000122070312,559.9000244140625,564.9000244140625,531.0341186523438,4198301
2019-07-23,M&M.NS,Mahindra & Mahindra,Auto & Turnaround Giant,566.0999755859375,567.0,555.8499755859375,559.0999755859375,525.581787109375,4805198
2019-07-24,M&M.NS,Mahindra & Mahindra,Auto & Turnaround Giant,557.0,557.9000244140625,546.0,550.0,517.02734375,3041526
2019-07-25,M&M.NS,Mahindra & Mahindra,Auto & Turnaround Giant,550.0,553.0,541.9000244140625,547.5499877929688,514.7241821289062,4763735
2019-07-26,M&M.NS,Mahindra & Mahindra,Auto & Turnaround Giant,545.9000244140625,566.4000244140625,545.0,564.4500122070312,530.611083984375,5063750
2019-07-29,M&M.NS,Mahindra & Mahindra,Auto & Turnaround Giant,564.0,565.0,552.1500244140625,553.1500244140625,519.9884033203125,2984154
2019-07-30,M&M.NS,Mahindra & Mahindra,Auto & Turnaround Giant,551.7999877929688,561.2999877929688,547.5499877929688,548.75,515.852294921875,3186153
2019-07-31,M&M.NS,Mahindra & Mahindra,Auto & Turnaround Giant,546.5999755859375,553.7999877929688,541.75,550.0,517.02734375,2986522
2019-08-01,M&M.NS,Mahindra & Mahindra,Auto & Turnaround Giant,546.0,551.7999877929688,539.2999877929688,548.5499877929688,515.6642456054688,2737518
2019-08-02,M&M.NS,Mahindra & Mahindra,Auto & Turnaround Giant,544.9000244140625,563.8499755859375,542.1500244140625,556.4500122070312,523.0906982421875,5848740
2019-08-05,M&M.NS,Mahindra & Mahindra,Auto & Turnaround Giant,550.4500122070312,554.25,542.3499755859375,545.4500122070312,512.7500610351562,3152495
2019-08-06,M&M.NS,Mahindra & Mahindra,Auto & Turnaround Giant,543.0,552.25,543.0,549.4500122070312,516.5101928710938,2811436
2019-08-07,M&M.NS,Mahindra & Mahindra,Auto & Turnaround Giant,551.5,551.5,515.0,518.2999877929688,487.227783203125,8411409
2019-08-08,M&M.NS,Mahindra & Mahindra,Auto & Turnaround Giant,518.5,541.5,516.3499755859375,539.5499877929688,507.2037658691406,5648169
2019-08-09,M&M.NS,Mahindra & Mahindra,Auto & Turnaround Giant,540.9000244140625,548.2999877929688,530.0,545.5499877929688,512.8441772460938,4313483
2019-08-13,M&M.NS,Mahindra & Mahindra,Auto & Turnaround Giant,545.0,545.0,510.25,512.4000244140625,481.6814880371094,3618940
2019-08-14,M&M.NS,Mahindra & Mahindra,Auto & Turnaround Giant,515.9000244140625,525.8499755859375,502.54998779296875,523.5499877929688,492.1629943847656,4641413
2019-08-16,M&M.NS,Mahindra & Mahindra,Auto & Turnaround Giant,524.7000122070312,531.9000244140625,515.5499877929688,527.8499755859375,496.2052307128906,3120580
2019-08-19,M&M.NS,Mahindra & Mahindra,Auto & Turnaround Giant,527.0,535.75,518.0,520.5499877929688,489.3428649902344,2998027
2019-08-20,M&M.NS,Mahindra & Mahindra,Auto & Turnaround Giant,522.9000244140625,535.0,517.5,527.7999877929688,496.158203125,3175896
2019-08-21,M&M.NS,Mahindra & Mahindra,Auto & Turnaround Giant,528.2999877929688,535.5999755859375,518.0999755859375,520.9000244140625,489.6719055175781,2709407
2019-08-22,M&M.NS,Mahindra & Mahindra,Auto & Turnaround Giant,521.5499877929688,523.75,509.8500061035156,511.79998779296875,481.1174011230469,2516270
2019-08-23,M&M.NS,Mahindra & Mahindra,Auto & Turnaround Giant,511.0,536.2999877929688,509.25,533.25,501.2815246582031,2807785
2019-08-26,M&M.NS,Mahindra & Mahindra,Auto & Turnaround Giant,552.7000122070312,552.7000122070312,528.9000244140625,544.2999877929688,511.6689758300781,4036331
2019-08-27,M&M.NS,Mahindra & Mahindra,Auto & Turnaround Giant,547.0,559.0,544.5,554.0499877929688,520.83447265625,4144339
2019-08-28,M&M.NS,Mahindra & Mahindra,Auto & Turnaround Giant,556.7000122070312,559.9000244140625,534.75,539.7000122070312,507.3448486328125,3322911
2019-08-29,M&M.NS,Mahindra & Mahindra,Auto & Turnaround Giant,536.0,544.2000122070312,524.25,528.0,496.3462219238281,4399017
2019-08-30,M&M.NS,Mahindra & Mahindra,Auto & Turnaround Giant,530.5999755859375,532.9000244140625,519.0499877929688,528.7999877929688,497.0982971191406,2929342
2019-09-03,M&M.NS,Mahindra & Mahindra,Auto & Turnaround Giant,518.6500244140625,521.9000244140625,513.0,515.4500122070312,484.5486145019531,3379359
2019-09-04,M&M.NS,Mahindra & Mahindra,Auto & Turnaround Giant,516.0,519.75,503.1499938964844,505.70001220703125,475.3832092285156,3431149
2019-09-05,M&M.NS,Mahindra & Mahindra,Auto & Turnaround Giant,506.8500061035156,519.5,506.70001220703125,517.0,486.0057067871094,2329699
2019-09-06,M&M.NS,Mahindra & Mahindra,Auto & Turnaround Giant,519.4500122070312,531.0,514.5999755859375,529.5,497.7563171386719,2670087
2019-09-09,M&M.NS,Mahindra & Mahindra,Auto & Turnaround Giant,523.6500244140625,536.75,522.0,532.5499877929688,500.62347412109375,3061953
2019-09-11,M&M.NS,Mahindra & Mahindra,Auto & Turnaround Giant,533.2000122070312,548.25,533.2000122070312,545.75,513.0321044921875,3224627
2019-09-12,M&M.NS,Mahindra & Mahindra,Auto & Turnaround Giant,546.0999755859375,551.9500122070312,540.25,543.5999755859375,511.0110168457031,3726538
2019-09-13,M&M.NS,Mahindra & Mahindra,Auto & Turnaround Giant,542.0,552.7999877929688,541.5,551.25,518.2024536132812,4358612
2019-09-16,M&M.NS,Mahindra & Mahindra,Auto & Turnaround Giant,545.0,550.5,535.6500244140625,536.9500122070312,504.75970458984375,2441611
2019-09-17,M&M.NS,Mahindra & Mahindra,Auto & Turnaround Giant,537.5,539.5,520.0,521.9500122070312,490.6589660644531,2445056
2019-09-18,M&M.NS,Mahindra & Mahindra,Auto & Turnaround Giant,525.0,531.3499755859375,518.2000122070312,527.0,495.40618896484375,2401637
2019-09-19,M&M.NS,Mahindra & Mahindra,Auto & Turnaround Giant,529.0,529.4500122070312,513.0,519.2999877929688,488.1678161621094,2336366
2019-09-20,M&M.NS,Mahindra & Mahindra,Auto & Turnaround Giant,524.4500122070312,574.0,518.6500244140625,568.9000244140625,534.7943115234375,14378491
2019-09-23,M&M.NS,Mahindra & Mahindra,Auto & Turnaround Giant,576.25,602.2000122070312,552.0,565.0,531.1281127929688,9599883
2019-09-24,M&M.NS,Mahindra & Mahindra,Auto & Turnaround Giant,563.9000244140625,575.4000244140625,554.5999755859375,558.75,525.2527465820312,3615703
2019-09-25,M&M.NS,Mahindra & Mahindra,Auto & Turnaround Giant,558.7000122070312,558.7000122070312,528.0,534.7000122070312,502.6446228027344,5044376
2019-09-26,M&M.NS,Mahindra & Mahindra,Auto & Turnaround Giant,537.9000244140625,569.75,536.0,566.9500122070312,532.961181640625,6270296
2019-09-27,M&M.NS,Mahindra & Mahindra,Auto & Turnaround Giant,562.7999877929688,567.7999877929688,549.1500244140625,555.0999755859375,521.8215942382812,4326078
2019-09-30,M&M.NS,Mahindra & Mahindra,Auto & Turnaround Giant,557.75,558.5499877929688,540.2999877929688,547.1500244140625,514.3482666015625,3381186
2019-10-01,M&M.NS,Mahindra & Mahindra,Auto & Turnaround Giant,551.0,566.0999755859375,536.5999755859375,556.7000122070312,523.3256225585938,5664019
2019-10-03,M&M.NS,Mahindra & Mahindra,Auto & Turnaround Giant,558.0,564.9500122070312,547.0999755859375,562.7000122070312,528.966064453125,3797753
2019-10-04,M&M.NS,Mahindra & Mahindra,Auto & Turnaround Giant,565.0499877929688,575.0,555.4500122070312,564.25,530.4230346679688,4653685
2019-10-07,M&M.NS,Mahindra & Mahindra,Auto & Turnaround Giant,561.0999755859375,562.9000244140625,546.5,552.9500122070312,519.800537109375,2367535
2019-10-09,M&M.NS,Mahindra & Mahindra,Auto & Turnaround Giant,556.0,578.7999877929688,550.9500122070312,576.5499877929688,541.985595703125,4863273
2019-10-10,M&M.NS,Mahindra & Mahindra,Auto & Turnaround Giant,576.0,576.0,559.25,566.0499877929688,532.1151733398438,2156410
2019-10-11,M&M.NS,Mahindra & Mahindra,Auto & Turnaround Giant,568.5499877929688,574.2999877929688,554.0999755859375,560.0999755859375,526.5217895507812,3133395
2019-10-14,M&M.NS,Mahindra & Mahindra,Auto & Turnaround Giant,562.9000244140625,572.3499755859375,554.5499877929688,568.6500244140625,534.5592651367188,2630640
2019-10-15,M&M.NS,Mahindra & Mahindra,Auto & Turnaround Giant,568.0,586.5499877929688,565.2000122070312,583.4000244140625,548.4251098632812,4967499
2019-10-16,M&M.NS,Mahindra & Mahindra,Auto & Turnaround Giant,582.5,586.9000244140625,575.3499755859375,584.25,549.2239990234375,2279203
2019-10-17,M&M.NS,Mahindra & Mahindra,Auto & Turnaround Giant,581.0999755859375,596.3499755859375,578.75,593.2999877929688,557.7315673828125,3744228
2019-10-18,M&M.NS,Mahindra & Mahindra,Auto & Turnaround Giant,589.0,595.5,583.5999755859375,593.2999877929688,557.7315673828125,2955289
2019-10-22,M&M.NS,Mahindra & Mahindra,Auto & Turnaround Giant,593.4000244140625,601.2000122070312,587.4500122070312,595.7999877929688,560.0816650390625,3494913
2019-10-23,M&M.NS,Mahindra & Mahindra,Auto & Turnaround Giant,596.9000244140625,599.6500244140625,587.1500244140625,591.8499755859375,556.368408203125,2371317
2019-10-24,M&M.NS,Mahindra & Mahindra,Auto & Turnaround Giant,592.0,595.5,578.5999755859375,581.0499877929688,546.2158813476562,2212393
2019-10-25,M&M.NS,Mahindra & Mahindra,Auto & Turnaround Giant,585.7000122070312,585.7000122070312,570.25,577.7000122070312,543.0667114257812,2284548
2019-10-27,M&M.NS,Mahindra & Mahindra,Auto & Turnaround Giant,584.4500122070312,595.0,580.0,591.5,556.039306640625,851951
2019-10-29,M&M.NS,Mahindra & Mahindra,Auto & Turnaround Giant,595.4500122070312,618.0,592.5,611.7999877929688,575.1223754882812,6543163
2019-10-30,M&M.NS,Mahindra & Mahindra,Auto & Turnaround Giant,617.2000122070312,619.9000244140625,605.0,616.5499877929688,579.5875854492188,4296705
2019-10-31,M&M.NS,Mahindra & Mahindra,Auto & Turnaround Giant,617.5999755859375,621.6500244140625,603.75,606.4500122070312,570.0931396484375,4595842
2019-11-01,M&M.NS,Mahindra & Mahindra,Auto & Turnaround Giant,609.0,609.75,581.0,589.75,554.3943481445312,7558094
2019-11-04,M&M.NS,Mahindra & Mahindra,Auto & Turnaround Giant,591.0,594.5499877929688,581.9000244140625,586.4000244140625,551.2451782226562,3128961
2019-11-05,M&M.NS,Mahindra & Mahindra,Auto & Turnaround Giant,583.2999877929688,590.5999755859375,577.0999755859375,580.1500244140625,545.3698120117188,2653917
2019-11-06,M&M.NS,Mahindra & Mahindra,Auto & Turnaround Giant,590.25,590.2999877929688,577.0999755859375,579.7999877929688,545.0408325195312,2763550
2019-11-07,M&M.NS,Mahindra & Mahindra,Auto & Turnaround Giant,579.7999877929688,583.5,572.0,580.3499755859375,545.557861328125,3279435
2019-11-08,M&M.NS,Mahindra & Mahindra,Auto & Turnaround Giant,578.0,596.5,576.8499755859375,580.0,545.2288818359375,8374614
2019-11-11,M&M.NS,Mahindra & Mahindra,Auto & Turnaround Giant,581.7000122070312,586.9500122070312,570.0,575.0,540.5286254882812,3492576
2019-11-13,M&M.NS,Mahindra & Mahindra,Auto & Turnaround Giant,574.0,580.9000244140625,572.0,574.7000122070312,540.2466430664062,3342543
2019-11-14,M&M.NS,Mahindra & Mahindra,Auto & Turnaround Giant,575.2000122070312,579.6500244140625,567.75,578.4500122070312,543.7717895507812,2193683
2019-11-15,M&M.NS,Mahindra & Mahindra,Auto & Turnaround Giant,583.75,590.8499755859375,579.75,583.0499877929688,548.0958862304688,3063043
2019-11-18,M&M.NS,Mahindra & Mahindra,Auto & Turnaround Giant,580.0999755859375,582.5999755859375,571.7999877929688,573.7000122070312,539.3064575195312,3212994
2019-11-19,M&M.NS,Mahindra & Mahindra,Auto & Turnaround Giant,573.75,575.0,559.6500244140625,560.6500244140625,527.0389404296875,3208662
2019-11-20,M&M.NS,Mahindra & Mahindra,Auto & Turnaround Giant,562.25,568.4500122070312,557.5,560.4500122070312,526.850830078125,2876499
2019-11-21,M&M.NS,Mahindra & Mahindra,Auto & Turnaround Giant,560.5,562.6500244140625,550.2000122070312,551.7999877929688,518.7193603515625,3346254
2019-11-22,M&M.NS,Mahindra & Mahindra,Auto & Turnaround Giant,554.75,555.0,539.2000122070312,546.0,513.2672119140625,2798026
2019-11-25,M&M.NS,Mahindra & Mahindra,Auto & Turnaround Giant,547.5,552.8499755859375,546.25,547.7999877929688,514.9591674804688,3054435
2019-11-26,M&M.NS,Mahindra & Mahindra,Auto & Turnaround Giant,550.0,552.9000244140625,536.9500122070312,538.5999755859375,506.31072998046875,4408905
2019-11-27,M&M.NS,Mahindra & Mahindra,Auto & Turnaround Giant,542.0,554.5,535.0,539.9500122070312,507.5798645019531,6630809
2019-11-28,M&M.NS,Mahindra & Mahindra,Auto & Turnaround Giant,541.9000244140625,543.2999877929688,536.25,541.9500122070312,509.45989990234375,2426425
2019-11-29,M&M.NS,Mahindra & Mahindra,Auto & Turnaround Giant,543.0,543.7999877929688,528.25,530.5499877929688,498.7433166503906,3328894
2019-12-02,M&M.NS,Mahindra & Mahindra,Auto & Turnaround Giant,525.0,537.5,523.5,534.1500244140625,502.1275634765625,4087250
2019-12-03,M&M.NS,Mahindra & Mahindra,Auto & Turnaround Giant,537.25,537.25,522.0,522.9000244140625,491.552001953125,3052238
2019-12-04,M&M.NS,Mahindra & Mahindra,Auto & Turnaround Giant,522.7999877929688,529.25,519.1500244140625,525.5499877929688,494.0431213378906,2612985
2019-12-05,M&M.NS,Mahindra & Mahindra,Auto & Turnaround Giant,525.5499877929688,531.1500244140625,522.0,524.75,493.2910461425781,2332044
2019-12-06,M&M.NS,Mahindra & Mahindra,Auto & Turnaround Giant,527.7999877929688,527.9000244140625,508.1000061035156,510.20001220703125,479.6134033203125,3409528
2019-12-09,M&M.NS,Mahindra & Mahindra,Auto & Turnaround Giant,510.20001220703125,518.5,510.04998779296875,513.6500244140625,482.8565368652344,2566094
2019-12-10,M&M.NS,Mahindra & Mahindra,Auto & Turnaround Giant,514.5999755859375,514.8499755859375,503.75,505.75,475.4301452636719,2462096
2019-12-11,M&M.NS,Mahindra & Mahindra,Auto & Turnaround Giant,507.6499938964844,511.3999938964844,502.6499938964844,507.75,477.3102722167969,2148791
2019-12-12,M&M.NS,Mahindra & Mahindra,Auto & Turnaround Giant,511.0,514.25,508.20001220703125,511.8999938964844,481.2114562988281,2994158
2019-12-13,M&M.NS,Mahindra & Mahindra,Auto & Turnaround Giant,514.5499877929688,522.7999877929688,513.75,516.2000122070312,485.253662109375,4066433
2019-12-16,M&M.NS,Mahindra & Mahindra,Auto & Turnaround Giant,516.0,519.7999877929688,507.6000061035156,508.8500061035156,478.34429931640625,2346317
2019-12-17,M&M.NS,Mahindra & Mahindra,Auto & Turnaround Giant,509.8999938964844,512.75,505.0,505.8500061035156,475.524169921875,3521314
2019-12-18,M&M.NS,Mahindra & Mahindra,Auto & Turnaround Giant,506.8999938964844,524.9000244140625,506.5,522.6500244140625,491.3170471191406,10092679
2019-12-19,M&M.NS,Mahindra & Mahindra,Auto & Turnaround Giant,524.5,538.7999877929688,524.5,535.4000244140625,503.30267333984375,10732682
2019-12-20,M&M.NS,Mahindra & Mahindra,Auto & Turnaround Giant,533.5,539.6500244140625,528.5,530.5999755859375,498.7903137207031,4746509
2019-12-23,M&M.NS,Mahindra & Mahindra,Auto & Turnaround Giant,529.9500122070312,535.9000244140625,524.7000122070312,525.9000244140625,494.3721008300781,2963573
2019-12-24,M&M.NS,Mahindra & Mahindra,Auto & Turnaround Giant,529.0,532.6500244140625,526.2000122070312,527.5,495.8762512207031,2372038
2019-12-26,M&M.NS,Mahindra & Mahindra,Auto & Turnaround Giant,530.0,536.2000122070312,527.0499877929688,528.3499755859375,496.67529296875,4623580
2019-12-27,M&M.NS,Mahindra & Mahindra,Auto & Turnaround Giant,529.9000244140625,532.75,525.0499877929688,530.1500244140625,498.36737060546875,3017840
2019-12-30,M&M.NS,Mahindra & Mahindra,Auto & Turnaround Giant,531.3499755859375,539.8499755859375,531.3499755859375,536.9000244140625,504.712646484375,4697710
2019-12-31,M&M.NS,Mahindra & Mahindra,Auto & Turnaround Giant,538.6500244140625,538.6500244140625,530.5999755859375,531.5499877929688,499.6833801269531,2502181
2020-01-01,M&M.NS,Mahindra & Mahindra,Auto & Turnaround Giant,532.9000244140625,538.0,529.5499877929688,536.5999755859375,504.4306335449219,2611808
2020-01-02,M&M.NS,Mahindra & Mahindra,Auto & Turnaround Giant,537.0,541.0,533.5,539.8499755859375,507.48577880859375,2776519
2020-01-03,M&M.NS,Mahindra & Mahindra,Auto & Turnaround Giant,538.9500122070312,539.0,530.4000244140625,532.75,500.8115234375,1930883
2020-01-06,M&M.NS,Mahindra & Mahindra,Auto & Turnaround Giant,529.9000244140625,530.0,520.5,524.5,493.0561218261719,2059404
2020-01-07,M&M.NS,Mahindra & Mahindra,Auto & Turnaround Giant,528.9000244140625,532.0,523.0499877929688,526.6500244140625,495.07720947265625,2111349
2020-01-08,M&M.NS,Mahindra & Mahindra,Auto & Turnaround Giant,520.9000244140625,526.4500122070312,519.0,524.6500244140625,493.1971130371094,1612378
2020-01-09,M&M.NS,Mahindra & Mahindra,Auto & Turnaround Giant,529.8499755859375,542.4500122070312,525.7000122070312,541.25,508.8018798828125,2897598
2020-01-10,M&M.NS,Mahindra & Mahindra,Auto & Turnaround Giant,544.0999755859375,547.5999755859375,539.25,546.5999755859375,513.8311157226562,2355888
2020-01-13,M&M.NS,Mahindra & Mahindra,Auto & Turnaround Giant,548.9000244140625,557.0,546.5999755859375,554.9500122070312,521.6806640625,3442869
2020-01-14,M&M.NS,Mahindra & Mahindra,Auto & Turnaround Giant,554.9500122070312,563.75,554.9500122070312,562.5,528.7779541015625,2793249
2020-01-15,M&M.NS,Mahindra & Mahindra,Auto & Turnaround Giant,562.0,571.0,556.7000122070312,569.75,535.5933227539062,2564513
2020-01-16,M&M.NS,Mahindra & Mahindra,Auto & Turnaround Giant,569.25,569.7999877929688,564.0499877929688,567.4500122070312,533.4312133789062,2243200
2020-01-17,M&M.NS,Mahindra & Mahindra,Auto & Turnaround Giant,566.7999877929688,574.0,565.1500244140625,569.2999877929688,535.1702270507812,2646260
2020-01-20,M&M.NS,Mahindra & Mahindra,Auto & Turnaround Giant,569.0,574.0,564.3499755859375,567.2000122070312,533.1962890625,1847978
2020-01-21,M&M.NS,Mahindra & Mahindra,Auto & Turnaround Giant,564.0,564.9000244140625,550.0999755859375,552.7999877929688,519.6594848632812,3101684
2020-01-22,M&M.NS,Mahindra & Mahindra,Auto & Turnaround Giant,553.5,556.5,549.0,553.5999755859375,520.4114990234375,1862669
2020-01-23,M&M.NS,Mahindra & Mahindra,Auto & Turnaround Giant,553.5,567.4000244140625,549.5499877929688,566.5,532.5381469726562,2113303
2020-01-24,M&M.NS,Mahindra & Mahindra,Auto & Turnaround Giant,566.0999755859375,572.0,564.0999755859375,567.75,533.7133178710938,2284717
2020-01-27,M&M.NS,Mahindra & Mahindra,Auto & Turnaround Giant,565.0,582.5,563.0,578.2999877929688,543.6307373046875,3654906
2020-01-28,M&M.NS,Mahindra & Mahindra,Auto & Turnaround Giant,581.25,589.75,568.5,572.5,538.1784057617188,3689004
2020-01-29,M&M.NS,Mahindra & Mahindra,Auto & Turnaround Giant,577.5,580.7000122070312,572.1500244140625,577.75,543.1137084960938,1934080
2020-01-30,M&M.NS,Mahindra & Mahindra,Auto & Turnaround Giant,578.0,587.5499877929688,563.8499755859375,567.8499755859375,533.8071899414062,2901951
2020-01-31,M&M.NS,Mahindra & Mahindra,Auto & Turnaround Giant,570.7999877929688,577.0,565.2999877929688,567.1500244140625,533.1492919921875,2352196
2020-02-03,M&M.NS,Mahindra & Mahindra,Auto & Turnaround Giant,545.0,565.75,535.2000122070312,558.7000122070312,525.2057495117188,3818209
2020-02-04,M&M.NS,Mahindra & Mahindra,Auto & Turnaround Giant,562.0,578.7999877929688,558.7999877929688,576.9000244140625,542.314697265625,2793702
2020-02-05,M&M.NS,Mahindra & Mahindra,Auto & Turnaround Giant,580.25,589.8499755859375,577.4000244140625,584.3499755859375,549.3179321289062,3320830
2020-02-06,M&M.NS,Mahindra & Mahindra,Auto & Turnaround Giant,585.0,589.1500244140625,576.0499877929688,580.1500244140625,545.3698120117188,2207104
2020-02-07,M&M.NS,Mahindra & Mahindra,Auto & Turnaround Giant,579.0,581.5,561.2999877929688,569.0999755859375,534.9822998046875,4083215
2020-02-10,M&M.NS,Mahindra & Mahindra,Auto & Turnaround Giant,566.7999877929688,567.0,526.0499877929688,528.4000244140625,496.7222900390625,9648880
2020-02-11,M&M.NS,Mahindra & Mahindra,Auto & Turnaround Giant,533.2000122070312,537.7000122070312,522.7000122070312,524.0499877929688,492.6330261230469,5404802
2020-02-12,M&M.NS,Mahindra & Mahindra,Auto & Turnaround Giant,526.6500244140625,534.2999877929688,523.9000244140625,531.0,499.1664123535156,3426829
2020-02-13,M&M.NS,Mahindra & Mahindra,Auto & Turnaround Giant,530.4500122070312,538.0,528.2999877929688,533.5999755859375,501.61053466796875,3392352
2020-02-14,M&M.NS,Mahindra & Mahindra,Auto & Turnaround Giant,535.25,536.9500122070312,520.6500244140625,523.0,491.64599609375,3507540
2020-02-17,M&M.NS,Mahindra & Mahindra,Auto & Turnaround Giant,524.0999755859375,525.4000244140625,516.0,522.75,491.4110107421875,2652464
2020-02-18,M&M.NS,Mahindra & Mahindra,Auto & Turnaround Giant,520.5,524.9000244140625,514.0999755859375,523.2000122070312,491.8340148925781,2868873
2020-02-19,M&M.NS,Mahindra & Mahindra,Auto & Turnaround Giant,528.1500244140625,529.6500244140625,521.7999877929688,526.4000244140625,494.8421936035156,1952880
2020-02-20,M&M.NS,Mahindra & Mahindra,Auto & Turnaround Giant,525.9000244140625,533.0,523.0,524.8499755859375,493.38507080078125,2077458
2020-02-24,M&M.NS,Mahindra & Mahindra,Auto & Turnaround Giant,522.0,522.0,511.1000061035156,513.2000122070312,482.43353271484375,1911411
2020-02-25,M&M.NS,Mahindra & Mahindra,Auto & Turnaround Giant,515.5499877929688,519.5,506.1000061035156,508.95001220703125,478.43829345703125,2105613
2020-02-26,M&M.NS,Mahindra & Mahindra,Auto & Turnaround Giant,507.70001220703125,512.4500122070312,500.0,503.0,472.844970703125,3058370
2020-02-27,M&M.NS,Mahindra & Mahindra,Auto & Turnaround Giant,504.0,504.0,487.54998779296875,493.5,463.91455078125,6039260
2020-02-28,M&M.NS,Mahindra & Mahindra,Auto & Turnaround Giant,485.0,485.0,453.6000061035156,457.04998779296875,429.64971923828125,8613275
2020-03-02,M&M.NS,Mahindra & Mahindra,Auto & Turnaround Giant,453.54998779296875,472.45001220703125,444.3500061035156,458.29998779296875,430.8247985839844,9225488
2020-03-03,M&M.NS,Mahindra & Mahindra,Auto & Turnaround Giant,462.0,471.0,455.25,466.25,438.29815673828125,4582866
2020-03-04,M&M.NS,Mahindra & Mahindra,Auto & Turnaround Giant,466.04998779296875,477.0,457.5,474.6499938964844,446.1946105957031,5912943
2020-03-05,M&M.NS,Mahindra & Mahindra,Auto & Turnaround Giant,472.70001220703125,482.5,469.0,479.29998779296875,450.5658264160156,4081050
2020-03-06,M&M.NS,Mahindra & Mahindra,Auto & Turnaround Giant,458.8500061035156,473.75,456.5,471.0,442.763427734375,4502562
2020-03-09,M&M.NS,Mahindra & Mahindra,Auto & Turnaround Giant,453.54998779296875,465.70001220703125,441.0,463.20001220703125,435.4310607910156,4540694
2020-03-11,M&M.NS,Mahindra & Mahindra,Auto & Turnaround Giant,462.8500061035156,469.6499938964844,449.70001220703125,451.6000061035156,424.52642822265625,5104905
2020-03-12,M&M.NS,Mahindra & Mahindra,Auto & Turnaround Giant,427.8999938964844,435.95001220703125,399.6499938964844,423.3500061035156,397.9700622558594,9408350
2020-03-13,M&M.NS,Mahindra & Mahindra,Auto & Turnaround Giant,400.5,449.75,345.6499938964844,428.8500061035156,403.1403503417969,6230411
2020-03-16,M&M.NS,Mahindra & Mahindra,Auto & Turnaround Giant,421.0,428.6000061035156,388.79998779296875,391.79998779296875,368.3114318847656,3156508
2020-03-17,M&M.NS,Mahindra & Mahindra,Auto & Turnaround Giant,392.0,408.0,369.95001220703125,373.3999938964844,351.0145568847656,4526913
2020-03-18,M&M.NS,Mahindra & Mahindra,Auto & Turnaround Giant,379.0,383.70001220703125,339.1000061035156,346.3999938964844,325.6331787109375,6595508
2020-03-19,M&M.NS,Mahindra & Mahindra,Auto & Turnaround Giant,331.75,331.79998779296875,302.0,314.20001220703125,295.3636474609375,10486153
2020-03-20,M&M.NS,Mahindra & Mahindra,Auto & Turnaround Giant,316.0,328.20001220703125,308.25,322.6000061035156,303.2600402832031,8819518
2020-03-23,M&M.NS,Mahindra & Mahindra,Auto & Turnaround Giant,299.0,303.8999938964844,280.6000061035156,293.3999938964844,275.8105773925781,6001358
2020-03-24,M&M.NS,Mahindra & Mahindra,Auto & Turnaround Giant,300.0,309.8999938964844,264.3999938964844,269.0,252.8733673095703,6690908
2020-03-25,M&M.NS,Mahindra & Mahindra,Auto & Turnaround Giant,263.3999938964844,288.3500061035156,245.39999389648438,277.8500061035156,261.1928405761719,9393732
2020-03-26,M&M.NS,Mahindra & Mahindra,Auto & Turnaround Giant,277.8500061035156,294.0,273.1000061035156,285.5,268.3841857910156,7557558
2020-03-27,M&M.NS,Mahindra & Mahindra,Auto & Turnaround Giant,297.0,305.0,280.79998779296875,294.5,276.8446350097656,9505126
2020-03-30,M&M.NS,Mahindra & Mahindra,Auto & Turnaround Giant,281.70001220703125,284.8500061035156,270.0,274.3999938964844,257.9496154785156,8942833
2020-03-31,M&M.NS,Mahindra & Mahindra,Auto & Turnaround Giant,283.8500061035156,287.20001220703125,277.79998779296875,284.95001220703125,267.8671875,6236559
2020-04-01,M&M.NS,Mahindra & Mahindra,Auto & Turnaround Giant,281.0,283.0,265.5,272.8500061035156,256.4925842285156,5980392
2020-04-03,M&M.NS,Mahindra & Mahindra,Auto & Turnaround Giant,274.0,290.0,271.3500061035156,280.70001220703125,263.8719787597656,6961905
2020-04-07,M&M.NS,Mahindra & Mahindra,Auto & Turnaround Giant,295.5,323.79998779296875,292.75,321.0,301.7559509277344,10795407
2020-04-08,M&M.NS,Mahindra & Mahindra,Auto & Turnaround Giant,315.0,350.3999938964844,312.79998779296875,326.3999938964844,306.83221435546875,8451195
2020-04-09,M&M.NS,Mahindra & Mahindra,Auto & Turnaround Giant,335.75,391.6499938964844,332.3999938964844,381.3999938964844,358.53497314453125,11027315
2020-04-13,M&M.NS,Mahindra & Mahindra,Auto & Turnaround Giant,380.0,380.0,355.0,362.8500061035156,341.0970153808594,7717484
2020-04-15,M&M.NS,Mahindra & Mahindra,Auto & Turnaround Giant,373.04998779296875,379.8999938964844,349.29998779296875,353.1499938964844,331.978515625,11300538
2020-04-16,M&M.NS,Mahindra & Mahindra,Auto & Turnaround Giant,343.1000061035156,360.45001220703125,343.0,356.70001220703125,335.31573486328125,6155773
2020-04-17,M&M.NS,Mahindra & Mahindra,Auto & Turnaround Giant,370.75,370.75,355.54998779296875,363.20001220703125,341.426025390625,6178483
2020-04-20,M&M.NS,Mahindra & Mahindra,Auto & Turnaround Giant,367.0,367.45001220703125,354.0,355.8500061035156,334.5167236328125,4834154
2020-04-21,M&M.NS,Mahindra & Mahindra,Auto & Turnaround Giant,349.04998779296875,349.04998779296875,323.5,332.04998779296875,312.1435241699219,8003757
2020-04-22,M&M.NS,Mahindra & Mahindra,Auto & Turnaround Giant,327.0,345.75,320.6000061035156,340.20001220703125,319.8049621582031,9071476
2020-04-23,M&M.NS,Mahindra & Mahindra,Auto & Turnaround Giant,338.0,349.6499938964844,331.54998779296875,347.5,326.6672668457031,6738333
2020-04-24,M&M.NS,Mahindra & Mahindra,Auto & Turnaround Giant,342.0,344.75,332.0,334.29998779296875,314.2585754394531,5754928
2020-04-27,M&M.NS,Mahindra & Mahindra,Auto & Turnaround Giant,337.54998779296875,343.3500061035156,328.1499938964844,330.29998779296875,310.4984436035156,5770537
2020-04-28,M&M.NS,Mahindra & Mahindra,Auto & Turnaround Giant,334.45001220703125,338.0,328.5,335.95001220703125,315.8097229003906,4244512
2020-04-29,M&M.NS,Mahindra & Mahindra,Auto & Turnaround Giant,337.0,351.79998779296875,336.25,348.0,327.1372985839844,7748491
2020-04-30,M&M.NS,Mahindra & Mahindra,Auto & Turnaround Giant,355.6499938964844,368.0,355.0,366.6499938964844,344.66925048828125,7422465
2020-05-04,M&M.NS,Mahindra & Mahindra,Auto & Turnaround Giant,350.04998779296875,362.3999938964844,341.1000061035156,357.04998779296875,335.64471435546875,7125034
2020-05-05,M&M.NS,Mahindra & Mahindra,Auto & Turnaround Giant,363.75,381.79998779296875,361.45001220703125,368.1499938964844,346.0792236328125,13401536
2020-05-06,M&M.NS,Mahindra & Mahindra,Auto & Turnaround Giant,371.5,393.0,358.25,387.1499938964844,363.94024658203125,7015473
2020-05-07,M&M.NS,Mahindra & Mahindra,Auto & Turnaround Giant,387.5,403.45001220703125,385.1000061035156,400.6499938964844,376.6308898925781,12971483
2020-05-08,M&M.NS,Mahindra & Mahindra,Auto & Turnaround Giant,405.0,407.8999938964844,380.70001220703125,386.70001220703125,363.5172424316406,9444781
2020-05-11,M&M.NS,Mahindra & Mahindra,Auto & Turnaround Giant,388.5,402.0,384.3500061035156,390.1000061035156,366.71337890625,7658595
2020-05-12,M&M.NS,Mahindra & Mahindra,Auto & Turnaround Giant,388.8999938964844,395.20001220703125,380.20001220703125,393.04998779296875,369.48651123046875,4686856
2020-05-13,M&M.NS,Mahindra & Mahindra,Auto & Turnaround Giant,415.0,418.8999938964844,404.25,413.04998779296875,388.28753662109375,7361621
2020-05-14,M&M.NS,Mahindra & Mahindra,Auto & Turnaround Giant,401.5,407.5,396.0,400.45001220703125,376.4429016113281,4765875
2020-05-15,M&M.NS,Mahindra & Mahindra,Auto & Turnaround Giant,402.75,403.95001220703125,373.20001220703125,381.29998779296875,358.44091796875,14226503
2020-05-18,M&M.NS,Mahindra & Mahindra,Auto & Turnaround Giant,382.1000061035156,383.5,367.25,377.20001220703125,354.5867614746094,7717665
2020-05-19,M&M.NS,Mahindra & Mahindra,Auto & Turnaround Giant,384.0,391.0,371.20001220703125,382.8999938964844,359.94500732421875,5950003
2020-05-20,M&M.NS,Mahindra & Mahindra,Auto & Turnaround Giant,382.8999938964844,413.70001220703125,379.70001220703125,405.04998779296875,380.7671203613281,10608175
2020-05-21,M&M.NS,Mahindra & Mahindra,Auto & Turnaround Giant,400.1499938964844,412.20001220703125,397.79998779296875,408.29998779296875,383.8222961425781,6249309
2020-05-22,M&M.NS,Mahindra & Mahindra,Auto & Turnaround Giant,404.0,430.3500061035156,398.70001220703125,426.3500061035156,400.7901916503906,10016203
2020-05-26,M&M.NS,Mahindra & Mahindra,Auto & Turnaround Giant,427.0,435.20001220703125,421.6499938964844,429.1499938964844,403.42230224609375,5895376
2020-05-27,M&M.NS,Mahindra & Mahindra,Auto & Turnaround Giant,426.5,434.95001220703125,415.0,432.5,406.5715026855469,7591278
2020-05-28,M&M.NS,Mahindra & Mahindra,Auto & Turnaround Giant,429.5,444.0,423.8500061035156,440.3999938964844,413.9978942871094,7449375
2020-05-29,M&M.NS,Mahindra & Mahindra,Auto & Turnaround Giant,434.0,450.0,431.1000061035156,436.3500061035156,410.1907043457031,9539035
2020-06-01,M&M.NS,Mahindra & Mahindra,Auto & Turnaround Giant,441.8500061035156,470.5,441.5,461.1000061035156,433.4569091796875,9668047
2020-06-02,M&M.NS,Mahindra & Mahindra,Auto & Turnaround Giant,465.1000061035156,478.8500061035156,460.8500061035156,462.8500061035156,435.10198974609375,8520940
2020-06-03,M&M.NS,Mahindra & Mahindra,Auto & Turnaround Giant,470.0,492.6000061035156,466.5,485.1000061035156,456.0180969238281,9873294
2020-06-04,M&M.NS,Mahindra & Mahindra,Auto & Turnaround Giant,485.29998779296875,486.25,469.3999938964844,478.45001220703125,449.7667541503906,5829493
2020-06-05,M&M.NS,Mahindra & Mahindra,Auto & Turnaround Giant,479.0,489.45001220703125,475.3999938964844,484.20001220703125,455.1720886230469,6265829
2020-06-08,M&M.NS,Mahindra & Mahindra,Auto & Turnaround Giant,485.5,494.1499938964844,468.25,470.8500061035156,442.62237548828125,5955200
2020-06-09,M&M.NS,Mahindra & Mahindra,Auto & Turnaround Giant,473.79998779296875,482.79998779296875,463.29998779296875,478.75,450.0487976074219,7656301
2020-06-10,M&M.NS,Mahindra & Mahindra,Auto & Turnaround Giant,476.1499938964844,483.70001220703125,468.8500061035156,472.04998779296875,443.7504577636719,4849036
2020-06-11,M&M.NS,Mahindra & Mahindra,Auto & Turnaround Giant,472.0,480.0,469.5,474.54998779296875,446.1005859375,4331683
2020-06-12,M&M.NS,Mahindra & Mahindra,Auto & Turnaround Giant,457.0,512.9000244140625,456.1000061035156,508.45001220703125,477.96826171875,18368009
2020-06-15,M&M.NS,Mahindra & Mahindra,Auto & Turnaround Giant,505.1499938964844,520.9500122070312,498.70001220703125,508.1499938964844,477.686279296875,17605860
2020-06-16,M&M.NS,Mahindra & Mahindra,Auto & Turnaround Giant,517.0999755859375,519.0,501.29998779296875,506.75,476.37017822265625,6712936
2020-06-17,M&M.NS,Mahindra & Mahindra,Auto & Turnaround Giant,504.8999938964844,504.8999938964844,492.5,497.6000061035156,467.7687072753906,9273745
2020-06-18,M&M.NS,Mahindra & Mahindra,Auto & Turnaround Giant,496.8999938964844,508.8999938964844,492.0,506.6000061035156,476.2291564941406,7114752
2020-06-19,M&M.NS,Mahindra & Mahindra,Auto & Turnaround Giant,506.6000061035156,506.6000061035156,496.3999938964844,500.04998779296875,470.0718688964844,9811021
2020-06-22,M&M.NS,Mahindra & Mahindra,Auto & Turnaround Giant,501.75,502.25,494.1000061035156,498.75,468.8498229980469,5149581
2020-06-23,M&M.NS,Mahindra & Mahindra,Auto & Turnaround Giant,500.0,519.9000244140625,497.6000061035156,516.4000244140625,485.44171142578125,9132472
2020-06-24,M&M.NS,Mahindra & Mahindra,Auto & Turnaround Giant,520.0,527.6500244140625,512.5499877929688,515.3499755859375,484.45458984375,7568963
2020-06-25,M&M.NS,Mahindra & Mahindra,Auto & Turnaround Giant,509.8999938964844,516.3499755859375,503.3500061035156,507.25,476.8401794433594,5248401
2020-06-26,M&M.NS,Mahindra & Mahindra,Auto & Turnaround Giant,515.0,515.25,498.70001220703125,501.3999938964844,471.3409423828125,4079405
2020-06-29,M&M.NS,Mahindra & Mahindra,Auto & Turnaround Giant,494.1000061035156,510.95001220703125,493.04998779296875,507.45001220703125,477.02825927734375,4459947
2020-06-30,M&M.NS,Mahindra & Mahindra,Auto & Turnaround Giant,509.0,515.5,507.1000061035156,510.70001220703125,480.08343505859375,5487685
2020-07-01,M&M.NS,Mahindra & Mahindra,Auto & Turnaround Giant,513.75,521.4000244140625,494.25,498.95001220703125,469.0378112792969,8990865
2020-07-02,M&M.NS,Mahindra & Mahindra,Auto & Turnaround Giant,506.5,532.0,504.3999938964844,529.7000122070312,497.9443359375,16513522
2020-07-03,M&M.NS,Mahindra & Mahindra,Auto & Turnaround Giant,531.4000244140625,535.5,524.2000122070312,530.5,498.69635009765625,7982179
2020-07-06,M&M.NS,Mahindra & Mahindra,Auto & Turnaround Giant,533.6500244140625,573.5499877929688,533.6500244140625,570.5499877929688,536.3453979492188,16728066
2020-07-07,M&M.NS,Mahindra & Mahindra,Auto & Turnaround Giant,565.0,568.0,551.6500244140625,560.0,526.4279174804688,9208254
2020-07-08,M&M.NS,Mahindra & Mahindra,Auto & Turnaround Giant,564.0,568.25,549.0,551.25,518.2024536132812,5172833
2020-07-09,M&M.NS,Mahindra & Mahindra,Auto & Turnaround Giant,554.0,564.2999877929688,548.0499877929688,560.2999877929688,526.7098388671875,4123902
2020-07-10,M&M.NS,Mahindra & Mahindra,Auto & Turnaround Giant,555.2999877929688,568.9500122070312,552.0,554.8499755859375,521.5866088867188,5752443
2020-07-13,M&M.NS,Mahindra & Mahindra,Auto & Turnaround Giant,560.0,560.5,549.2000122070312,555.8499755859375,522.526611328125,3165043
2020-07-14,M&M.NS,Mahindra & Mahindra,Auto & Turnaround Giant,553.0,553.9500122070312,538.0,545.2000122070312,512.5150756835938,3097258
2020-07-15,M&M.NS,Mahindra & Mahindra,Auto & Turnaround Giant,550.0,559.7000122070312,542.75,550.1500244140625,517.1683959960938,5671780
2020-07-16,M&M.NS,Mahindra & Mahindra,Auto & Turnaround Giant,547.0,574.5,542.5499877929688,570.9000244140625,538.9767456054688,11751032
2020-07-17,M&M.NS,Mahindra & Mahindra,Auto & Turnaround Giant,571.9500122070312,591.25,565.5,588.7999877929688,555.875732421875,9124092
2020-07-20,M&M.NS,Mahindra & Mahindra,Auto & Turnaround Giant,588.9000244140625,597.5999755859375,582.1500244140625,594.0,560.784912109375,5771917
2020-07-21,M&M.NS,Mahindra & Mahindra,Auto & Turnaround Giant,592.8499755859375,597.5,585.5,588.2999877929688,555.4036865234375,3850519
2020-07-22,M&M.NS,Mahindra & Mahindra,Auto & Turnaround Giant,588.5999755859375,612.0,582.0,592.0,558.8967895507812,11559026
2020-07-23,M&M.NS,Mahindra & Mahindra,Auto & Turnaround Giant,590.9500122070312,609.0,584.5,603.3499755859375,569.6121215820312,7605913
2020-07-24,M&M.NS,Mahindra & Mahindra,Auto & Turnaround Giant,594.0999755859375,600.9500122070312,590.0999755859375,598.7000122070312,565.2222290039062,3531702
2020-07-27,M&M.NS,Mahindra & Mahindra,Auto & Turnaround Giant,598.1500244140625,600.0,588.0,594.4000244140625,561.16259765625,3345182
2020-07-28,M&M.NS,Mahindra & Mahindra,Auto & Turnaround Giant,591.5999755859375,625.7999877929688,588.75,620.3499755859375,585.6614379882812,10289416
2020-07-29,M&M.NS,Mahindra & Mahindra,Auto & Turnaround Giant,620.0,624.9000244140625,601.0,604.8499755859375,571.0281982421875,5182915
2020-07-30,M&M.NS,Mahindra & Mahindra,Auto & Turnaround Giant,606.0,614.7999877929688,596.25,598.3499755859375,564.8917846679688,4958267
2020-07-31,M&M.NS,Mahindra & Mahindra,Auto & Turnaround Giant,599.9000244140625,610.8499755859375,592.1500244140625,606.4500122070312,572.538818359375,3962668
2020-08-03,M&M.NS,Mahindra & Mahindra,Auto & Turnaround Giant,610.0,620.5,594.2000122070312,597.1500244140625,563.7588500976562,5002825
2020-08-04,M&M.NS,Mahindra & Mahindra,Auto & Turnaround Giant,597.1500244140625,609.5999755859375,597.1500244140625,602.5999755859375,568.9041137695312,4889709
2020-08-05,M&M.NS,Mahindra & Mahindra,Auto & Turnaround Giant,605.9000244140625,620.0,603.2000122070312,614.25,579.9025268554688,3834812
2020-08-06,M&M.NS,Mahindra & Mahindra,Auto & Turnaround Giant,618.0,618.0,605.5499877929688,609.6500244140625,575.559814453125,3857553
2020-08-07,M&M.NS,Mahindra & Mahindra,Auto & Turnaround Giant,610.0999755859375,616.5,598.7000122070312,600.4500122070312,566.8742065429688,7679198
2020-08-10,M&M.NS,Mahindra & Mahindra,Auto & Turnaround Giant,605.0,640.7999877929688,605.0,628.9000244140625,593.7334594726562,12341769
2020-08-11,M&M.NS,Mahindra & Mahindra,Auto & Turnaround Giant,630.0,640.5999755859375,622.4000244140625,629.5499877929688,594.3471069335938,5128836
2020-08-12,M&M.NS,Mahindra & Mahindra,Auto & Turnaround Giant,628.0,648.5999755859375,624.3499755859375,634.9500122070312,599.4451904296875,8891590
2020-08-13,M&M.NS,Mahindra & Mahindra,Auto & Turnaround Giant,635.1500244140625,645.2999877929688,628.4000244140625,631.4500122070312,596.140869140625,5773589
2020-08-14,M&M.NS,Mahindra & Mahindra,Auto & Turnaround Giant,634.0,637.8499755859375,607.5499877929688,614.4500122070312,580.0914916992188,3622823
2020-08-17,M&M.NS,Mahindra & Mahindra,Auto & Turnaround Giant,628.0,632.0,613.7999877929688,623.5999755859375,588.7298583984375,5687622
2020-08-18,M&M.NS,Mahindra & Mahindra,Auto & Turnaround Giant,625.0,632.75,618.5999755859375,622.6500244140625,587.8330078125,3989439
2020-08-19,M&M.NS,Mahindra & Mahindra,Auto & Turnaround Giant,627.0,631.9000244140625,622.0,623.9000244140625,589.0130615234375,2762486
2020-08-20,M&M.NS,Mahindra & Mahindra,Auto & Turnaround Giant,620.0,623.0,610.0,612.0499877929688,577.82568359375,3165784
2020-08-21,M&M.NS,Mahindra & Mahindra,Auto & Turnaround Giant,620.0,620.9500122070312,608.0,609.7999877929688,575.7015380859375,4191258
2020-08-24,M&M.NS,Mahindra & Mahindra,Auto & Turnaround Giant,613.0,615.7000122070312,601.0,601.9500122070312,568.2904052734375,3707968
2020-08-25,M&M.NS,Mahindra & Mahindra,Auto & Turnaround Giant,605.0,612.4000244140625,601.5,609.3499755859375,575.276611328125,4248590
2020-08-26,M&M.NS,Mahindra & Mahindra,Auto & Turnaround Giant,613.0,625.5,610.5,613.3499755859375,579.0529174804688,5814785
2020-08-27,M&M.NS,Mahindra & Mahindra,Auto & Turnaround Giant,619.1500244140625,639.2999877929688,615.5999755859375,636.75,601.1444091796875,7637436
2020-08-28,M&M.NS,Mahindra & Mahindra,Auto & Turnaround Giant,642.25,647.0,629.3499755859375,631.4000244140625,596.0935668945312,7809917
2020-08-31,M&M.NS,Mahindra & Mahindra,Auto & Turnaround Giant,637.0,640.5,602.0999755859375,606.9000244140625,572.9637451171875,5012805
2020-09-01,M&M.NS,Mahindra & Mahindra,Auto & Turnaround Giant,610.0,621.5499877929688,605.0,607.5499877929688,573.5772705078125,5572232
2020-09-02,M&M.NS,Mahindra & Mahindra,Auto & Turnaround Giant,608.0,645.9000244140625,602.0499877929688,642.75,606.8089599609375,7887097
2020-09-03,M&M.NS,Mahindra & Mahindra,Auto & Turnaround Giant,640.5,656.0,632.0,644.6500244140625,608.602783203125,9194655
2020-09-04,M&M.NS,Mahindra & Mahindra,Auto & Turnaround Giant,629.0,649.7999877929688,626.2999877929688,632.0,596.66015625,5889085
2020-09-07,M&M.NS,Mahindra & Mahindra,Auto & Turnaround Giant,632.2999877929688,633.8499755859375,605.2999877929688,610.4500122070312,576.3151245117188,9387992
2020-09-08,M&M.NS,Mahindra & Mahindra,Auto & Turnaround Giant,611.0,624.5,605.2999877929688,608.5999755859375,574.5685424804688,6825892
2020-09-09,M&M.NS,Mahindra & Mahindra,Auto & Turnaround Giant,606.7999877929688,617.0,597.4000244140625,613.9000244140625,579.5722045898438,6589023
2020-09-10,M&M.NS,Mahindra & Mahindra,Auto & Turnaround Giant,619.5,623.9000244140625,612.9000244140625,615.4500122070312,581.0355224609375,4699612
2020-09-11,M&M.NS,Mahindra & Mahindra,Auto & Turnaround Giant,614.9000244140625,621.9000244140625,612.0999755859375,614.25,579.9025268554688,2837723
2020-09-14,M&M.NS,Mahindra & Mahindra,Auto & Turnaround Giant,615.0,629.4000244140625,611.9000244140625,615.2999877929688,580.8938598632812,4918699
2020-09-15,M&M.NS,Mahindra & Mahindra,Auto & Turnaround Giant,619.25,624.0,611.9500122070312,613.4500122070312,579.1473999023438,3805649
2020-09-16,M&M.NS,Mahindra & Mahindra,Auto & Turnaround Giant,616.0,649.7999877929688,616.0,639.4500122070312,603.6934814453125,18993356
2020-09-17,M&M.NS,Mahindra & Mahindra,Auto & Turnaround Giant,631.0,643.5,627.6500244140625,636.7999877929688,601.1917114257812,6363964
2020-09-18,M&M.NS,Mahindra & Mahindra,Auto & Turnaround Giant,640.0,659.4000244140625,634.5499877929688,654.1500244140625,617.571533203125,13518207
2020-09-21,M&M.NS,Mahindra & Mahindra,Auto & Turnaround Giant,657.0,666.5999755859375,615.4500122070312,622.4500122070312,587.6441040039062,9301954
2020-09-22,M&M.NS,Mahindra & Mahindra,Auto & Turnaround Giant,622.4500122070312,624.25,603.0,615.7999877929688,581.365966796875,5369370
2020-09-23,M&M.NS,Mahindra & Mahindra,Auto & Turnaround Giant,622.0499877929688,623.3499755859375,603.25,612.5999755859375,578.3449096679688,4116481
2020-09-24,M&M.NS,Mahindra & Mahindra,Auto & Turnaround Giant,605.0,606.4000244140625,567.5,575.0999755859375,542.9417114257812,8991885
2020-09-25,M&M.NS,Mahindra & Mahindra,Auto & Turnaround Giant,583.9000244140625,595.4500122070312,576.5999755859375,592.2999877929688,559.1800537109375,5415792
2020-09-28,M&M.NS,Mahindra & Mahindra,Auto & Turnaround Giant,595.0,618.0,593.0999755859375,615.25,580.8466796875,5494528
2020-09-29,M&M.NS,Mahindra & Mahindra,Auto & Turnaround Giant,615.25,626.5,603.0999755859375,613.2000122070312,578.911376953125,5747565
2020-09-30,M&M.NS,Mahindra & Mahindra,Auto & Turnaround Giant,615.9500122070312,623.0,605.5499877929688,607.9000244140625,573.9077758789062,4990827
2020-10-01,M&M.NS,Mahindra & Mahindra,Auto & Turnaround Giant,614.7000122070312,621.9000244140625,608.1500244140625,610.1500244140625,576.0319213867188,3842191
2020-10-05,M&M.NS,Mahindra & Mahindra,Auto & Turnaround Giant,615.0,616.25,597.0999755859375,607.0,573.0579833984375,5977261
2020-10-06,M&M.NS,Mahindra & Mahindra,Auto & Turnaround Giant,611.5999755859375,633.0,609.0,627.4000244140625,592.3173828125,9071955
2020-10-07,M&M.NS,Mahindra & Mahindra,Auto & Turnaround Giant,629.9000244140625,636.9000244140625,625.0,631.5999755859375,596.282470703125,6086867
2020-10-08,M&M.NS,Mahindra & Mahindra,Auto & Turnaround Giant,634.1500244140625,640.9500122070312,627.5999755859375,634.1500244140625,598.6898803710938,4683786
2020-10-09,M&M.NS,Mahindra & Mahindra,Auto & Turnaround Giant,634.1500244140625,647.4500122070312,628.2999877929688,633.2000122070312,597.7930297851562,4972397
2020-10-12,M&M.NS,Mahindra & Mahindra,Auto & Turnaround Giant,637.9000244140625,639.7000122070312,630.0,634.4000244140625,598.9259643554688,3247640
2020-10-13,M&M.NS,Mahindra & Mahindra,Auto & Turnaround Giant,634.3499755859375,642.0,624.3499755859375,627.9000244140625,592.7893676757812,3769222
2020-10-14,M&M.NS,Mahindra & Mahindra,Auto & Turnaround Giant,623.4000244140625,627.7999877929688,616.2999877929688,623.8499755859375,588.9657592773438,2776984
2020-10-15,M&M.NS,Mahindra & Mahindra,Auto & Turnaround Giant,620.9500122070312,633.0,614.0999755859375,617.2999877929688,582.7821044921875,3794955
2020-10-16,M&M.NS,Mahindra & Mahindra,Auto & Turnaround Giant,617.5,623.9500122070312,602.0499877929688,606.6500244140625,572.7276000976562,4274910
2020-10-19,M&M.NS,Mahindra & Mahindra,Auto & Turnaround Giant,612.7000122070312,614.5,595.2000122070312,597.4500122070312,564.0420532226562,3646287
2020-10-20,M&M.NS,Mahindra & Mahindra,Auto & Turnaround Giant,597.4000244140625,609.0,590.2999877929688,602.25,568.5736083984375,4377671
2020-10-21,M&M.NS,Mahindra & Mahindra,Auto & Turnaround Giant,606.9000244140625,610.7999877929688,592.2000122070312,600.8499755859375,567.251953125,3684706
2020-10-22,M&M.NS,Mahindra & Mahindra,Auto & Turnaround Giant,599.7999877929688,606.9500122070312,594.0999755859375,604.3499755859375,570.5562133789062,3818694
2020-10-23,M&M.NS,Mahindra & Mahindra,Auto & Turnaround Giant,609.75,628.0,605.3499755859375,625.1500244140625,590.1930541992188,6421723
2020-10-26,M&M.NS,Mahindra & Mahindra,Auto & Turnaround Giant,624.9500122070312,625.8499755859375,594.5999755859375,597.1500244140625,563.7588500976562,4800537
2020-10-27,M&M.NS,Mahindra & Mahindra,Auto & Turnaround Giant,600.4000244140625,605.0,593.5,597.1500244140625,563.7588500976562,5712121
2020-10-28,M&M.NS,Mahindra & Mahindra,Auto & Turnaround Giant,599.0,613.0,594.2000122070312,604.1500244140625,570.3673706054688,6811118
2020-10-29,M&M.NS,Mahindra & Mahindra,Auto & Turnaround Giant,598.2000122070312,604.1500244140625,590.25,591.9500122070312,558.8496704101562,3680773
2020-10-30,M&M.NS,Mahindra & Mahindra,Auto & Turnaround Giant,592.5499877929688,601.75,586.7999877929688,594.0,560.784912109375,4209087
2020-11-02,M&M.NS,Mahindra & Mahindra,Auto & Turnaround Giant,592.0,599.9000244140625,589.0,596.0499877929688,562.7203369140625,4085120
2020-11-03,M&M.NS,Mahindra & Mahindra,Auto & Turnaround Giant,599.2999877929688,605.4500122070312,594.0,595.7999877929688,562.484375,3669816
2020-11-04,M&M.NS,Mahindra & Mahindra,Auto & Turnaround Giant,597.7999877929688,603.6500244140625,592.0,596.7999877929688,563.4284057617188,2475177
2020-11-05,M&M.NS,Mahindra & Mahindra,Auto & Turnaround Giant,603.2999877929688,607.4000244140625,599.25,602.0999755859375,568.4320678710938,3794240
2020-11-06,M&M.NS,Mahindra & Mahindra,Auto & Turnaround Giant,603.0,619.2999877929688,601.7000122070312,613.5999755859375,579.2890014648438,5908936
2020-11-09,M&M.NS,Mahindra & Mahindra,Auto & Turnaround Giant,621.0,622.0,610.2000122070312,616.3499755859375,581.88525390625,3819808
2020-11-10,M&M.NS,Mahindra & Mahindra,Auto & Turnaround Giant,622.0,627.7000122070312,611.0,619.9500122070312,585.2838745117188,7876161
2020-11-11,M&M.NS,Mahindra & Mahindra,Auto & Turnaround Giant,625.0,644.5499877929688,622.1500244140625,633.2000122070312,597.7930297851562,7561527
2020-11-12,M&M.NS,Mahindra & Mahindra,Auto & Turnaround Giant,633.0499877929688,654.4000244140625,629.5,632.7000122070312,597.3209228515625,6913788
2020-11-13,M&M.NS,Mahindra & Mahindra,Auto & Turnaround Giant,633.9500122070312,638.9500122070312,628.0499877929688,629.8499755859375,594.6303100585938,4107823
2020-11-14,M&M.NS,Mahindra & Mahindra,Auto & Turnaround Giant,634.5,634.5,629.8499755859375,631.3499755859375,596.04638671875,295788
2020-11-17,M&M.NS,Mahindra & Mahindra,Auto & Turnaround Giant,639.0,646.0,633.6500244140625,637.25,601.6165161132812,6173551
2020-11-18,M&M.NS,Mahindra & Mahindra,Auto & Turnaround Giant,637.2000122070312,709.9500122070312,637.0,705.75,666.2862548828125,32986476
2020-11-19,M&M.NS,Mahindra & Mahindra,Auto & Turnaround Giant,699.0,728.4000244140625,692.2999877929688,703.9000244140625,664.5396118164062,15336768
2020-11-20,M&M.NS,Mahindra & Mahindra,Auto & Turnaround Giant,710.0,718.5499877929688,697.4000244140625,715.5999755859375,675.5853881835938,6730897
2020-11-23,M&M.NS,Mahindra & Mahindra,Auto & Turnaround Giant,716.4000244140625,720.75,699.0,705.4500122070312,666.0029907226562,4484068
2020-11-24,M&M.NS,Mahindra & Mahindra,Auto & Turnaround Giant,710.0,745.5,706.25,729.3499755859375,688.5664672851562,16121626
2020-11-25,M&M.NS,Mahindra & Mahindra,Auto & Turnaround Giant,732.0,732.9500122070312,716.0,719.9500122070312,679.6921997070312,5423034
2020-11-26,M&M.NS,Mahindra & Mahindra,Auto & Turnaround Giant,722.0,736.7999877929688,720.0,728.5,687.7640991210938,6798860
2020-11-27,M&M.NS,Mahindra & Mahindra,Auto & Turnaround Giant,736.9000244140625,742.9500122070312,711.0,722.0,681.6275024414062,11302666
2020-12-01,M&M.NS,Mahindra & Mahindra,Auto & Turnaround Giant,736.4000244140625,736.5,708.0499877929688,734.5499877929688,693.4757080078125,5710611
2020-12-02,M&M.NS,Mahindra & Mahindra,Auto & Turnaround Giant,734.0,758.0,730.5499877929688,753.5999755859375,711.4605102539062,6337698
2020-12-03,M&M.NS,Mahindra & Mahindra,Auto & Turnaround Giant,750.0499877929688,756.3499755859375,743.7000122070312,745.8499755859375,704.1439208984375,2957787
2020-12-04,M&M.NS,Mahindra & Mahindra,Auto & Turnaround Giant,749.0999755859375,764.4500122070312,743.2000122070312,750.5499877929688,708.5810546875,5356456
2020-12-07,M&M.NS,Mahindra & Mahindra,Auto & Turnaround Giant,750.0,755.8499755859375,744.0499877929688,752.2999877929688,710.233154296875,3525945
2020-12-08,M&M.NS,Mahindra & Mahindra,Auto & Turnaround Giant,753.3499755859375,764.0,743.5499877929688,754.0,711.8380737304688,4333519
2020-12-09,M&M.NS,Mahindra & Mahindra,Auto & Turnaround Giant,756.7999877929688,762.9500122070312,750.2000122070312,755.0,712.7822265625,3213975
2020-12-10,M&M.NS,Mahindra & Mahindra,Auto & Turnaround Giant,745.0,754.9500122070312,731.0499877929688,736.1500244140625,694.9862670898438,3814006
2020-12-11,M&M.NS,Mahindra & Mahindra,Auto & Turnaround Giant,738.9000244140625,746.7000122070312,722.0999755859375,727.5499877929688,686.8671264648438,4197494
2020-12-14,M&M.NS,Mahindra & Mahindra,Auto & Turnaround Giant,731.6500244140625,737.4000244140625,710.0,711.7000122070312,671.9035034179688,4183639
2020-12-15,M&M.NS,Mahindra & Mahindra,Auto & Turnaround Giant,710.0,720.0,701.0,717.9500122070312,677.8040161132812,5495877
2020-12-16,M&M.NS,Mahindra & Mahindra,Auto & Turnaround Giant,737.0999755859375,746.25,726.2000122070312,731.9500122070312,691.0211181640625,11262389
2020-12-17,M&M.NS,Mahindra & Mahindra,Auto & Turnaround Giant,735.0999755859375,738.4500122070312,725.3499755859375,730.6500244140625,689.7938232421875,3630553
2020-12-18,M&M.NS,Mahindra & Mahindra,Auto & Turnaround Giant,726.0999755859375,737.9500122070312,722.5499877929688,733.5999755859375,692.5787963867188,6671658
2020-12-21,M&M.NS,Mahindra & Mahindra,Auto & Turnaround Giant,729.0,730.0,660.25,685.9500122070312,647.5933837890625,9130116
2020-12-22,M&M.NS,Mahindra & Mahindra,Auto & Turnaround Giant,688.7999877929688,699.3499755859375,667.2999877929688,695.0499877929688,656.1845092773438,7305751
2020-12-23,M&M.NS,Mahindra & Mahindra,Auto & Turnaround Giant,693.0,715.0,688.25,711.5,671.7146606445312,4383472
2020-12-24,M&M.NS,Mahindra & Mahindra,Auto & Turnaround Giant,712.5,722.5499877929688,700.0999755859375,710.9000244140625,671.1481323242188,3373695
2020-12-28,M&M.NS,Mahindra & Mahindra,Auto & Turnaround Giant,715.4000244140625,718.7999877929688,707.2999877929688,710.9500122070312,671.1954345703125,2484872
2020-12-29,M&M.NS,Mahindra & Mahindra,Auto & Turnaround Giant,714.5,717.0,704.0,707.0499877929688,667.513427734375,2808820
2020-12-30,M&M.NS,Mahindra & Mahindra,Auto & Turnaround Giant,710.0,724.2999877929688,704.3499755859375,720.7000122070312,680.4002075195312,3219036
2020-12-31,M&M.NS,Mahindra & Mahindra,Auto & Turnaround Giant,719.75,725.5499877929688,713.5,720.5999755859375,680.3057861328125,3723205
2021-01-01,M&M.NS,Mahindra & Mahindra,Auto & Turnaround Giant,725.0,744.75,723.0,732.4500122070312,691.4931640625,9543128
2021-01-04,M&M.NS,Mahindra & Mahindra,Auto & Turnaround Giant,735.0,751.0,727.25,749.0999755859375,707.2120971679688,4547027
2021-01-05,M&M.NS,Mahindra & Mahindra,Auto & Turnaround Giant,748.0,748.0,730.0,740.0999755859375,698.7153930664062,3551554
2021-01-06,M&M.NS,Mahindra & Mahindra,Auto & Turnaround Giant,741.0,746.4500122070312,730.4500122070312,736.0999755859375,694.9390869140625,3601608
2021-01-07,M&M.NS,Mahindra & Mahindra,Auto & Turnaround Giant,743.0,755.0,740.0999755859375,744.4000244140625,702.7750244140625,4063641
2021-01-08,M&M.NS,Mahindra & Mahindra,Auto & Turnaround Giant,750.0,772.7999877929688,745.0,770.5,727.41552734375,5998381
2021-01-11,M&M.NS,Mahindra & Mahindra,Auto & Turnaround Giant,773.0499877929688,791.4000244140625,763.2000122070312,789.0999755859375,744.9755249023438,6643610
2021-01-12,M&M.NS,Mahindra & Mahindra,Auto & Turnaround Giant,789.9500122070312,796.75,777.4000244140625,779.8499755859375,736.2426147460938,5532160
2021-01-13,M&M.NS,Mahindra & Mahindra,Auto & Turnaround Giant,784.5999755859375,837.5,782.25,828.3499755859375,782.0306396484375,19610461
2021-01-14,M&M.NS,Mahindra & Mahindra,Auto & Turnaround Giant,828.9000244140625,843.8499755859375,827.3499755859375,829.9000244140625,783.4939575195312,8576718
2021-01-15,M&M.NS,Mahindra & Mahindra,Auto & Turnaround Giant,828.0,838.0,815.3499755859375,819.6500244140625,773.817138671875,4996951
2021-01-18,M&M.NS,Mahindra & Mahindra,Auto & Turnaround Giant,817.9000244140625,820.7999877929688,797.1500244140625,809.0,763.7626342773438,3955069
2021-01-19,M&M.NS,Mahindra & Mahindra,Auto & Turnaround Giant,810.0,819.5999755859375,801.5499877929688,808.0499877929688,762.8657836914062,3991167
2021-01-20,M&M.NS,Mahindra & Mahindra,Auto & Turnaround Giant,807.0,831.9500122070312,802.0,824.5,778.39599609375,4502291
2021-01-21,M&M.NS,Mahindra & Mahindra,Auto & Turnaround Giant,823.0,835.0,800.2999877929688,808.25,763.0546875,4455107
2021-01-22,M&M.NS,Mahindra & Mahindra,Auto & Turnaround Giant,808.0,826.7000122070312,795.0,798.4000244140625,753.7553100585938,5588252
2021-01-25,M&M.NS,Mahindra & Mahindra,Auto & Turnaround Giant,802.0999755859375,812.9500122070312,784.25,794.5499877929688,750.1206665039062,3353172
2021-01-27,M&M.NS,Mahindra & Mahindra,Auto & Turnaround Giant,797.0,817.0,763.4000244140625,769.9500122070312,726.896240234375,6585102
2021-01-28,M&M.NS,Mahindra & Mahindra,Auto & Turnaround Giant,758.0,778.0999755859375,756.0999755859375,765.0,722.2230834960938,4622634
2021-01-29,M&M.NS,Mahindra & Mahindra,Auto & Turnaround Giant,772.5499877929688,799.9500122070312,746.0,749.5999755859375,707.6841430664062,8761073
2021-02-01,M&M.NS,Mahindra & Mahindra,Auto & Turnaround Giant,753.0,808.8499755859375,741.5499877929688,795.1500244140625,750.6871948242188,6592083
2021-02-02,M&M.NS,Mahindra & Mahindra,Auto & Turnaround Giant,810.0,837.4000244140625,802.5999755859375,816.8499755859375,771.1737060546875,5334431
2021-02-03,M&M.NS,Mahindra & Mahindra,Auto & Turnaround Giant,821.0,858.9000244140625,818.0,833.2000122070312,786.6094970703125,8802838
2021-02-04,M&M.NS,Mahindra & Mahindra,Auto & Turnaround Giant,835.0,893.5499877929688,835.0,866.5,818.0474243164062,14706560
2021-02-05,M&M.NS,Mahindra & Mahindra,Auto & Turnaround Giant,879.9000244140625,881.7000122070312,841.2000122070312,865.5,817.1033325195312,15668083
2021-02-08,M&M.NS,Mahindra & Mahindra,Auto & Turnaround Giant,891.0,952.0499877929688,891.0,928.4000244140625,876.486083984375,21179625
2021-02-09,M&M.NS,Mahindra & Mahindra,Auto & Turnaround Giant,929.5,939.0,885.2000122070312,895.0,844.953857421875,9210613
2021-02-10,M&M.NS,Mahindra & Mahindra,Auto & Turnaround Giant,899.0,917.0,886.0999755859375,914.1500244140625,863.032958984375,6465767
2021-02-11,M&M.NS,Mahindra & Mahindra,Auto & Turnaround Giant,916.4500122070312,920.0499877929688,902.3499755859375,914.2000122070312,863.0802001953125,3640848
2021-02-12,M&M.NS,Mahindra & Mahindra,Auto & Turnaround Giant,916.0,918.5499877929688,905.0,908.5499877929688,857.7460327148438,2484145
2021-02-15,M&M.NS,Mahindra & Mahindra,Auto & Turnaround Giant,910.9000244140625,920.0,898.25,911.8499755859375,860.861572265625,4178613
2021-02-16,M&M.NS,Mahindra & Mahindra,Auto & Turnaround Giant,915.0,921.75,902.0999755859375,912.2000122070312,861.1919555664062,4223635
2021-02-17,M&M.NS,Mahindra & Mahindra,Auto & Turnaround Giant,905.0,920.1500244140625,904.5999755859375,914.9500122070312,863.7882080078125,3903522
2021-02-18,M&M.NS,Mahindra & Mahindra,Auto & Turnaround Giant,914.9500122070312,914.9500122070312,891.6500244140625,894.4500122070312,844.4345092773438,4616205
2021-02-19,M&M.NS,Mahindra & Mahindra,Auto & Turnaround Giant,890.0,905.6500244140625,862.8499755859375,879.25,830.08447265625,5171996
2021-02-22,M&M.NS,Mahindra & Mahindra,Auto & Turnaround Giant,880.0,882.5,833.0999755859375,837.0999755859375,790.2913208007812,5960870
2021-02-23,M&M.NS,Mahindra & Mahindra,Auto & Turnaround Giant,842.0999755859375,856.9500122070312,819.0999755859375,840.9500122070312,793.926025390625,7348084
2021-02-24,M&M.NS,Mahindra & Mahindra,Auto & Turnaround Giant,841.0999755859375,855.9000244140625,840.0,849.5999755859375,802.0924072265625,3184114
2021-02-25,M&M.NS,Mahindra & Mahindra,Auto & Turnaround Giant,853.0999755859375,866.5999755859375,842.0499877929688,859.0,810.9668579101562,6134649
2021-02-26,M&M.NS,Mahindra & Mahindra,Auto & Turnaround Giant,848.0499877929688,856.6500244140625,798.5,806.4000244140625,761.3080444335938,12073749
2021-03-01,M&M.NS,Mahindra & Mahindra,Auto & Turnaround Giant,821.0,852.7000122070312,816.2000122070312,819.4500122070312,773.6282958984375,9223619
2021-03-02,M&M.NS,Mahindra & Mahindra,Auto & Turnaround Giant,832.9500122070312,868.0,820.0499877929688,860.0499877929688,811.9580688476562,9706013
2021-03-03,M&M.NS,Mahindra & Mahindra,Auto & Turnaround Giant,866.9500122070312,868.0,847.0499877929688,852.0499877929688,804.4053955078125,5028771
2021-03-04,M&M.NS,Mahindra & Mahindra,Auto & Turnaround Giant,841.8499755859375,858.2999877929688,834.7999877929688,845.25,797.9856567382812,4574138
2021-03-05,M&M.NS,Mahindra & Mahindra,Auto & Turnaround Giant,840.0,860.75,838.3499755859375,840.4000244140625,793.4069213867188,5179108
2021-03-08,M&M.NS,Mahindra & Mahindra,Auto & Turnaround Giant,847.9500122070312,857.3499755859375,840.0,851.0,803.4141845703125,3474579
2021-03-09,M&M.NS,Mahindra & Mahindra,Auto & Turnaround Giant,853.0,865.7000122070312,842.0,852.0,804.3582763671875,3536262
2021-03-10,M&M.NS,Mahindra & Mahindra,Auto & Turnaround Giant,856.4000244140625,875.0,849.0,863.7999877929688,815.4984130859375,3971353
2021-03-12,M&M.NS,Mahindra & Mahindra,Auto & Turnaround Giant,869.5,876.2000122070312,844.1500244140625,855.7999877929688,807.9457397460938,4012449
2021-03-15,M&M.NS,Mahindra & Mahindra,Auto & Turnaround Giant,862.0,862.0,824.0,844.4000244140625,797.1832275390625,3069303
2021-03-16,M&M.NS,Mahindra & Mahindra,Auto & Turnaround Giant,852.0,856.5,840.0,842.8499755859375,795.7197875976562,2996797
2021-03-17,M&M.NS,Mahindra & Mahindra,Auto & Turnaround Giant,847.5999755859375,851.3499755859375,833.7000122070312,836.9500122070312,790.1498413085938,2034583
2021-03-18,M&M.NS,Mahindra & Mahindra,Auto & Turnaround Giant,842.0,860.5499877929688,834.0,845.6500244140625,798.36328125,5033325
2021-03-19,M&M.NS,Mahindra & Mahindra,Auto & Turnaround Giant,839.9500122070312,860.0,820.5499877929688,850.2999877929688,802.7533569335938,7538327
2021-03-22,M&M.NS,Mahindra & Mahindra,Auto & Turnaround Giant,849.7999877929688,859.3499755859375,832.1500244140625,853.0499877929688,805.3494873046875,2906300
2021-03-23,M&M.NS,Mahindra & Mahindra,Auto & Turnaround Giant,859.9500122070312,865.0,841.5,844.6500244140625,797.4192504882812,3925212
2021-03-24,M&M.NS,Mahindra & Mahindra,Auto & Turnaround Giant,836.25,845.0,808.5999755859375,811.4000244140625,766.0285034179688,4066262
2021-03-25,M&M.NS,Mahindra & Mahindra,Auto & Turnaround Giant,811.7999877929688,814.0,788.0999755859375,791.7000122070312,747.4300537109375,4501404
2021-03-26,M&M.NS,Mahindra & Mahindra,Auto & Turnaround Giant,799.8499755859375,814.6500244140625,792.1500244140625,799.3499755859375,754.6522216796875,4170972
2021-03-30,M&M.NS,Mahindra & Mahindra,Auto & Turnaround Giant,805.5499877929688,805.5499877929688,783.0,795.0,750.5454711914062,5670999
2021-03-31,M&M.NS,Mahindra & Mahindra,Auto & Turnaround Giant,795.0999755859375,805.75,790.0999755859375,795.25,750.7815551757812,3972382
2021-04-01,M&M.NS,Mahindra & Mahindra,Auto & Turnaround Giant,801.5,809.7999877929688,779.75,807.5999755859375,762.44091796875,5678798
2021-04-05,M&M.NS,Mahindra & Mahindra,Auto & Turnaround Giant,808.2999877929688,808.7999877929688,769.25,774.4500122070312,731.1446533203125,4176802
2021-04-06,M&M.NS,Mahindra & Mahindra,Auto & Turnaround Giant,784.0,791.5999755859375,775.0,781.0999755859375,737.4227905273438,2984229
2021-04-07,M&M.NS,Mahindra & Mahindra,Auto & Turnaround Giant,781.2999877929688,798.5999755859375,775.4000244140625,796.2999877929688,751.7728271484375,2271095
2021-04-08,M&M.NS,Mahindra & Mahindra,Auto & Turnaround Giant,802.0,811.0,793.0,795.1500244140625,750.6871948242188,3324494
2021-04-09,M&M.NS,Mahindra & Mahindra,Auto & Turnaround Giant,795.0,801.0,785.0,791.1500244140625,746.9107666015625,2065092
2021-04-12,M&M.NS,Mahindra & Mahindra,Auto & Turnaround Giant,779.0,779.0,738.5499877929688,751.5,709.4779052734375,4628388
2021-04-13,M&M.NS,Mahindra & Mahindra,Auto & Turnaround Giant,754.0,817.0,750.7999877929688,811.25,765.8869018554688,12501628
2021-04-15,M&M.NS,Mahindra & Mahindra,Auto & Turnaround Giant,805.0,808.9000244140625,785.1500244140625,805.0999755859375,760.0806884765625,5256004
2021-04-16,M&M.NS,Mahindra & Mahindra,Auto & Turnaround Giant,805.0999755859375,837.8499755859375,803.2000122070312,821.6500244140625,775.7053833007812,6915568
2021-04-19,M&M.NS,Mahindra & Mahindra,Auto & Turnaround Giant,785.0999755859375,807.0,785.0999755859375,794.9500122070312,750.4983520507812,4317341
2021-04-20,M&M.NS,Mahindra & Mahindra,Auto & Turnaround Giant,808.0,821.2000122070312,800.5499877929688,811.1500244140625,765.79248046875,4830957
2021-04-22,M&M.NS,Mahindra & Mahindra,Auto & Turnaround Giant,795.0,804.8499755859375,785.5,799.7000122070312,754.9827880859375,4576665
2021-04-23,M&M.NS,Mahindra & Mahindra,Auto & Turnaround Giant,796.0,805.5999755859375,774.0999755859375,777.9000244140625,734.4017333984375,4796085
2021-04-26,M&M.NS,Mahindra & Mahindra,Auto & Turnaround Giant,780.0,793.2999877929688,775.6500244140625,780.5,736.8563842773438,3528851
2021-04-27,M&M.NS,Mahindra & Mahindra,Auto & Turnaround Giant,781.0,787.9500122070312,777.0,778.4000244140625,734.8737182617188,3624649
2021-04-28,M&M.NS,Mahindra & Mahindra,Auto & Turnaround Giant,786.0,801.5999755859375,778.8499755859375,782.0999755859375,738.3668823242188,5214319
2021-04-29,M&M.NS,Mahindra & Mahindra,Auto & Turnaround Giant,788.0,792.0499877929688,768.5999755859375,774.5999755859375,731.2861938476562,3642323
2021-04-30,M&M.NS,Mahindra & Mahindra,Auto & Turnaround Giant,768.4000244140625,778.4000244140625,750.4500122070312,752.5499877929688,710.4691772460938,4466148
2021-05-03,M&M.NS,Mahindra & Mahindra,Auto & Turnaround Giant,744.9000244140625,766.5499877929688,740.0499877929688,752.9500122070312,710.8468627929688,3749870
2021-05-04,M&M.NS,Mahindra & Mahindra,Auto & Turnaround Giant,759.0,762.7000122070312,731.0999755859375,741.1500244140625,699.7066650390625,3820769
2021-05-05,M&M.NS,Mahindra & Mahindra,Auto & Turnaround Giant,743.1500244140625,749.0,737.3499755859375,747.5499877929688,705.7488403320312,3102424
2021-05-06,M&M.NS,Mahindra & Mahindra,Auto & Turnaround Giant,751.5,759.5,746.1500244140625,747.4000244140625,705.607177734375,3662506
2021-05-07,M&M.NS,Mahindra & Mahindra,Auto & Turnaround Giant,752.0,772.0,751.0,767.4000244140625,724.4888916015625,4833670
2021-05-10,M&M.NS,Mahindra & Mahindra,Auto & Turnaround Giant,772.0,783.7999877929688,768.6500244140625,780.4500122070312,736.8091430664062,2095644
2021-05-11,M&M.NS,Mahindra & Mahindra,Auto & Turnaround Giant,770.0,779.7000122070312,766.2000122070312,776.0,732.60791015625,2938331
2021-05-12,M&M.NS,Mahindra & Mahindra,Auto & Turnaround Giant,771.5,771.7000122070312,755.1500244140625,759.7000122070312,717.2194213867188,3480378
2021-05-14,M&M.NS,Mahindra & Mahindra,Auto & Turnaround Giant,763.0999755859375,763.7000122070312,736.0,741.5,700.0371704101562,4984389
2021-05-17,M&M.NS,Mahindra & Mahindra,Auto & Turnaround Giant,740.0,756.0,735.4000244140625,753.5499877929688,711.413330078125,3479938
2021-05-18,M&M.NS,Mahindra & Mahindra,Auto & Turnaround Giant,761.0,799.9500122070312,754.0,797.7000122070312,753.0945434570312,8634396
2021-05-19,M&M.NS,Mahindra & Mahindra,Auto & Turnaround Giant,794.0,794.0,778.0,784.7999877929688,740.9158935546875,4360320
2021-05-20,M&M.NS,Mahindra & Mahindra,Auto & Turnaround Giant,784.0499877929688,809.5499877929688,782.0,803.25,758.3341674804688,10092542
2021-05-21,M&M.NS,Mahindra & Mahindra,Auto & Turnaround Giant,804.0,821.0,800.75,818.9500122070312,773.1563110351562,5721630
2021-05-24,M&M.NS,Mahindra & Mahindra,Auto & Turnaround Giant,821.5,824.0,807.0,810.0,764.7067260742188,3495533
2021-05-25,M&M.NS,Mahindra & Mahindra,Auto & Turnaround Giant,819.6500244140625,828.0,808.3499755859375,811.25,765.8869018554688,5044078
2021-05-26,M&M.NS,Mahindra & Mahindra,Auto & Turnaround Giant,816.0,826.0,813.0,821.2000122070312,775.280517578125,3084558
2021-05-27,M&M.NS,Mahindra & Mahindra,Auto & Turnaround Giant,825.2999877929688,831.0,816.9000244140625,828.5999755859375,782.2666015625,6902630
2021-05-28,M&M.NS,Mahindra & Mahindra,Auto & Turnaround Giant,829.0,853.0,810.5,845.8499755859375,798.5521240234375,11638455
2021-05-31,M&M.NS,Mahindra & Mahindra,Auto & Turnaround Giant,824.0,824.0,790.0,807.9500122070312,762.7714233398438,17596018
2021-06-01,M&M.NS,Mahindra & Mahindra,Auto & Turnaround Giant,813.0,818.0,800.25,806.2999877929688,761.213623046875,7230033
2021-06-02,M&M.NS,Mahindra & Mahindra,Auto & Turnaround Giant,806.2999877929688,812.0,802.2999877929688,806.2000122070312,761.1192626953125,4244490
2021-06-03,M&M.NS,Mahindra & Mahindra,Auto & Turnaround Giant,812.0,813.2000122070312,798.0999755859375,802.0499877929688,757.2012939453125,5001405
2021-06-04,M&M.NS,Mahindra & Mahindra,Auto & Turnaround Giant,814.0,814.0,803.0999755859375,804.5999755859375,759.608642578125,5084092
2021-06-07,M&M.NS,Mahindra & Mahindra,Auto & Turnaround Giant,807.9000244140625,811.75,802.5999755859375,803.8499755859375,758.900634765625,2994862
2021-06-08,M&M.NS,Mahindra & Mahindra,Auto & Turnaround Giant,804.0999755859375,810.0,797.5,807.8499755859375,762.6769409179688,2960405
2021-06-09,M&M.NS,Mahindra & Mahindra,Auto & Turnaround Giant,808.0,816.75,801.0,804.4500122070312,759.4671020507812,4176767
2021-06-10,M&M.NS,Mahindra & Mahindra,Auto & Turnaround Giant,808.0,810.9500122070312,803.0499877929688,806.9500122070312,761.8273315429688,2264605
2021-06-11,M&M.NS,Mahindra & Mahindra,Auto & Turnaround Giant,809.0,815.8499755859375,805.5,809.0,763.7626342773438,1783272
2021-06-14,M&M.NS,Mahindra & Mahindra,Auto & Turnaround Giant,809.0,809.5,794.0,807.4500122070312,762.2993774414062,1598770
2021-06-15,M&M.NS,Mahindra & Mahindra,Auto & Turnaround Giant,807.3499755859375,813.5,806.0,808.5999755859375,763.385009765625,1640381
2021-06-16,M&M.NS,Mahindra & Mahindra,Auto & Turnaround Giant,808.7999877929688,821.8499755859375,801.5999755859375,806.1500244140625,761.072021484375,3863280
2021-06-17,M&M.NS,Mahindra & Mahindra,Auto & Turnaround Giant,802.0,809.9000244140625,792.5499877929688,805.7000122070312,760.647216796875,1988175
2021-06-18,M&M.NS,Mahindra & Mahindra,Auto & Turnaround Giant,806.0,808.9500122070312,773.0999755859375,781.5499877929688,737.84765625,5793496
2021-06-21,M&M.NS,Mahindra & Mahindra,Auto & Turnaround Giant,776.0,778.8499755859375,762.3499755859375,776.8499755859375,733.410400390625,3024852
2021-06-22,M&M.NS,Mahindra & Mahindra,Auto & Turnaround Giant,780.0999755859375,789.5499877929688,772.7000122070312,775.2000122070312,731.8526000976562,2925669
2021-06-23,M&M.NS,Mahindra & Mahindra,Auto & Turnaround Giant,781.9000244140625,786.0,775.0,781.9500122070312,738.2252807617188,2700327
2021-06-24,M&M.NS,Mahindra & Mahindra,Auto & Turnaround Giant,783.0,794.0,779.0,791.7999877929688,747.5244750976562,3251137
2021-06-25,M&M.NS,Mahindra & Mahindra,Auto & Turnaround Giant,793.2000122070312,801.9000244140625,790.0,794.25,749.8374633789062,1763201
2021-06-28,M&M.NS,Mahindra & Mahindra,Auto & Turnaround Giant,795.0,799.0,789.25,793.5,749.12939453125,1409432
2021-06-29,M&M.NS,Mahindra & Mahindra,Auto & Turnaround Giant,789.0,792.0,779.4000244140625,781.5999755859375,737.8948364257812,3167773
2021-06-30,M&M.NS,Mahindra & Mahindra,Auto & Turnaround Giant,784.9000244140625,789.4000244140625,775.4500122070312,777.7000122070312,734.212890625,2393862
2021-07-01,M&M.NS,Mahindra & Mahindra,Auto & Turnaround Giant,778.0,798.75,774.9000244140625,779.4500122070312,735.8650512695312,5697553
2021-07-02,M&M.NS,Mahindra & Mahindra,Auto & Turnaround Giant,786.0,787.2999877929688,777.0,782.5999755859375,738.8388671875,1963778
2021-07-05,M&M.NS,Mahindra & Mahindra,Auto & Turnaround Giant,786.0,793.5,784.5,791.75,747.4772338867188,1320469
2021-07-06,M&M.NS,Mahindra & Mahindra,Auto & Turnaround Giant,790.5999755859375,795.0,778.7000122070312,781.9000244140625,738.1781005859375,1420179
2021-07-07,M&M.NS,Mahindra & Mahindra,Auto & Turnaround Giant,777.7999877929688,781.9000244140625,768.5499877929688,778.9000244140625,735.3457641601562,3004815
2021-07-08,M&M.NS,Mahindra & Mahindra,Auto & Turnaround Giant,777.9500122070312,787.5999755859375,771.0,776.25,732.843994140625,2010027
2021-07-09,M&M.NS,Mahindra & Mahindra,Auto & Turnaround Giant,772.0,776.0,767.0,771.5499877929688,728.4067993164062,1658120
2021-07-12,M&M.NS,Mahindra & Mahindra,Auto & Turnaround Giant,776.0,781.0,768.5,772.8499755859375,729.6340942382812,2681410
2021-07-13,M&M.NS,Mahindra & Mahindra,Auto & Turnaround Giant,777.9000244140625,782.2000122070312,773.6500244140625,781.1500244140625,737.4700317382812,2189466
2021-07-14,M&M.NS,Mahindra & Mahindra,Auto & Turnaround Giant,780.0,787.0,777.0499877929688,786.1500244140625,742.1903686523438,2067565
2021-07-15,M&M.NS,Mahindra & Mahindra,Auto & Turnaround Giant,781.0,783.9500122070312,775.2000122070312,779.9000244140625,744.5771484375,2109663
2021-07-16,M&M.NS,Mahindra & Mahindra,Auto & Turnaround Giant,784.0,784.0,776.5,779.7999877929688,744.4817504882812,845054
2021-07-19,M&M.NS,Mahindra & Mahindra,Auto & Turnaround Giant,775.7999877929688,780.7000122070312,770.0,775.7999877929688,740.6629028320312,1265906
2021-07-20,M&M.NS,Mahindra & Mahindra,Auto & Turnaround Giant,775.0,775.7000122070312,752.3499755859375,760.2000122070312,725.7694702148438,2179910
2021-07-22,M&M.NS,Mahindra & Mahindra,Auto & Turnaround Giant,764.2000122070312,767.0999755859375,755.6500244140625,758.4500122070312,724.0986938476562,2182264
2021-07-23,M&M.NS,Mahindra & Mahindra,Auto & Turnaround Giant,758.5,767.8499755859375,758.25,764.2000122070312,729.5883178710938,1179241
2021-07-26,M&M.NS,Mahindra & Mahindra,Auto & Turnaround Giant,763.0,764.0999755859375,752.5,754.2999877929688,720.1365966796875,1187498
2021-07-27,M&M.NS,Mahindra & Mahindra,Auto & Turnaround Giant,756.0,760.0,742.6500244140625,745.5499877929688,711.782958984375,1732564
2021-07-28,M&M.NS,Mahindra & Mahindra,Auto & Turnaround Giant,750.7000122070312,750.7000122070312,724.6500244140625,728.7000122070312,695.6961059570312,4016758
2021-07-29,M&M.NS,Mahindra & Mahindra,Auto & Turnaround Giant,730.0,738.8499755859375,726.0999755859375,731.4500122070312,698.321533203125,2489035
2021-07-30,M&M.NS,Mahindra & Mahindra,Auto & Turnaround Giant,735.2000122070312,760.0,731.8499755859375,743.0999755859375,709.4439086914062,4642619
2021-08-02,M&M.NS,Mahindra & Mahindra,Auto & Turnaround Giant,750.0,759.0499877929688,744.5999755859375,757.7000122070312,723.3826293945312,2260861
2021-08-03,M&M.NS,Mahindra & Mahindra,Auto & Turnaround Giant,763.4000244140625,772.7000122070312,755.5,770.8499755859375,735.93701171875,3235393
2021-08-04,M&M.NS,Mahindra & Mahindra,Auto & Turnaround Giant,773.0,775.7999877929688,764.5499877929688,766.25,731.54541015625,2659372
2021-08-05,M&M.NS,Mahindra & Mahindra,Auto & Turnaround Giant,766.0,766.3499755859375,756.7000122070312,759.3499755859375,724.9578857421875,1451370
2021-08-06,M&M.NS,Mahindra & Mahindra,Auto & Turnaround Giant,763.7999877929688,772.2999877929688,755.0,758.25,723.9077758789062,4471604
2021-08-09,M&M.NS,Mahindra & Mahindra,Auto & Turnaround Giant,762.0,782.0,761.5,774.9500122070312,739.8514404296875,6700633
2021-08-10,M&M.NS,Mahindra & Mahindra,Auto & Turnaround Giant,776.9500122070312,789.7999877929688,775.1500244140625,786.2999877929688,750.6873168945312,4724852
2021-08-11,M&M.NS,Mahindra & Mahindra,Auto & Turnaround Giant,786.2999877929688,789.9500122070312,767.5,778.7000122070312,743.4315185546875,3147983
2021-08-12,M&M.NS,Mahindra & Mahindra,Auto & Turnaround Giant,781.0,794.6500244140625,773.75,776.2000122070312,741.0447387695312,3551026
2021-08-13,M&M.NS,Mahindra & Mahindra,Auto & Turnaround Giant,782.9500122070312,789.5,772.5999755859375,778.6500244140625,743.3838500976562,3391864
2021-08-16,M&M.NS,Mahindra & Mahindra,Auto & Turnaround Giant,780.4000244140625,803.9500122070312,780.25,799.2999877929688,763.0985107421875,7131928
2021-08-17,M&M.NS,Mahindra & Mahindra,Auto & Turnaround Giant,799.25,803.9500122070312,782.0,790.6500244140625,754.84033203125,3835522
2021-08-18,M&M.NS,Mahindra & Mahindra,Auto & Turnaround Giant,793.9000244140625,797.0,786.9000244140625,791.3499755859375,755.508544921875,2450964
2021-08-20,M&M.NS,Mahindra & Mahindra,Auto & Turnaround Giant,788.7999877929688,791.3499755859375,776.25,785.6500244140625,750.0667724609375,3050982
2021-08-23,M&M.NS,Mahindra & Mahindra,Auto & Turnaround Giant,790.0,793.4500122070312,763.6500244140625,765.9000244140625,731.2113037109375,2512960
2021-08-24,M&M.NS,Mahindra & Mahindra,Auto & Turnaround Giant,767.0,779.9000244140625,761.5999755859375,778.1500244140625,742.906494140625,1662376
2021-08-25,M&M.NS,Mahindra & Mahindra,Auto & Turnaround Giant,780.9500122070312,783.0,770.5499877929688,772.0499877929688,737.0827026367188,1693443
2021-08-26,M&M.NS,Mahindra & Mahindra,Auto & Turnaround Giant,771.0,782.9000244140625,767.25,781.4000244140625,746.0092163085938,2576883
2021-08-27,M&M.NS,Mahindra & Mahindra,Auto & Turnaround Giant,779.9000244140625,785.0,765.0,775.1500244140625,740.0422973632812,2907125
2021-08-30,M&M.NS,Mahindra & Mahindra,Auto & Turnaround Giant,783.9500122070312,794.1500244140625,783.0,791.5499877929688,755.6995239257812,3028708
2021-08-31,M&M.NS,Mahindra & Mahindra,Auto & Turnaround Giant,788.0,795.7999877929688,781.2999877929688,793.2999877929688,757.370361328125,3324467
2021-09-01,M&M.NS,Mahindra & Mahindra,Auto & Turnaround Giant,793.2999877929688,802.5,768.9000244140625,769.9000244140625,735.0301513671875,6031309
2021-09-02,M&M.NS,Mahindra & Mahindra,Auto & Turnaround Giant,772.8499755859375,774.1500244140625,750.0,752.4500122070312,718.370361328125,4879865
2021-09-03,M&M.NS,Mahindra & Mahindra,Auto & Turnaround Giant,756.0,757.0,745.0999755859375,749.9000244140625,715.93603515625,4257842
2021-09-06,M&M.NS,Mahindra & Mahindra,Auto & Turnaround Giant,753.0,759.7999877929688,747.0499877929688,754.75,720.5662841796875,3682183
2021-09-07,M&M.NS,Mahindra & Mahindra,Auto & Turnaround Giant,755.0999755859375,758.7000122070312,748.0999755859375,753.0999755859375,718.990966796875,2273976
2021-09-08,M&M.NS,Mahindra & Mahindra,Auto & Turnaround Giant,756.0,757.7999877929688,749.0,754.75,720.5662841796875,2380939
2021-09-09,M&M.NS,Mahindra & Mahindra,Auto & Turnaround Giant,750.0,756.5,747.5499877929688,750.75,716.7474975585938,3313559
2021-09-13,M&M.NS,Mahindra & Mahindra,Auto & Turnaround Giant,753.5,753.5,740.3499755859375,745.5499877929688,711.782958984375,3139833
2021-09-14,M&M.NS,Mahindra & Mahindra,Auto & Turnaround Giant,744.7999877929688,752.5499877929688,744.6500244140625,750.2000122070312,716.222412109375,3089381
2021-09-15,M&M.NS,Mahindra & Mahindra,Auto & Turnaround Giant,752.0,760.0,746.5,755.0999755859375,720.900390625,3336656
2021-09-16,M&M.NS,Mahindra & Mahindra,Auto & Turnaround Giant,759.8499755859375,761.0,751.3499755859375,756.9500122070312,722.6666259765625,2686018
2021-09-17,M&M.NS,Mahindra & Mahindra,Auto & Turnaround Giant,758.2000122070312,766.0,749.1500244140625,754.1500244140625,719.993408203125,5504398
2021-09-20,M&M.NS,Mahindra & Mahindra,Auto & Turnaround Giant,749.4000244140625,756.5,732.2000122070312,738.0499877929688,704.6226196289062,2933375
2021-09-21,M&M.NS,Mahindra & Mahindra,Auto & Turnaround Giant,740.0999755859375,740.9000244140625,729.5499877929688,738.4500122070312,705.0045776367188,2380834
2021-09-22,M&M.NS,Mahindra & Mahindra,Auto & Turnaround Giant,738.9000244140625,759.0,738.4500122070312,752.5,718.4181518554688,2287017
2021-09-23,M&M.NS,Mahindra & Mahindra,Auto & Turnaround Giant,756.5,762.0,752.75,758.4500122070312,724.0986938476562,1890322
2021-09-24,M&M.NS,Mahindra & Mahindra,Auto & Turnaround Giant,759.5,782.0499877929688,752.5499877929688,779.4500122070312,744.1475830078125,4967824
2021-09-27,M&M.NS,Mahindra & Mahindra,Auto & Turnaround Giant,789.5,813.75,783.0499877929688,811.3499755859375,774.6027221679688,9210666
2021-09-28,M&M.NS,Mahindra & Mahindra,Auto & Turnaround Giant,820.0,822.0,796.25,806.0499877929688,769.5429077148438,3853344
2021-09-29,M&M.NS,Mahindra & Mahindra,Auto & Turnaround Giant,800.0,815.7000122070312,799.0,812.0999755859375,775.3187255859375,2291977
2021-09-30,M&M.NS,Mahindra & Mahindra,Auto & Turnaround Giant,808.0499877929688,817.4000244140625,801.2999877929688,803.0499877929688,766.6787109375,3264689
2021-10-01,M&M.NS,Mahindra & Mahindra,Auto & Turnaround Giant,800.0,831.0,787.0,827.8499755859375,790.3554077148438,7704216
2021-10-04,M&M.NS,Mahindra & Mahindra,Auto & Turnaround Giant,832.5,852.0,828.0999755859375,841.1500244140625,803.0531005859375,6544700
2021-10-05,M&M.NS,Mahindra & Mahindra,Auto & Turnaround Giant,841.1500244140625,846.0,835.0499877929688,843.0499877929688,804.8670654296875,2647442
2021-10-06,M&M.NS,Mahindra & Mahindra,Auto & Turnaround Giant,846.0,854.9000244140625,829.0,834.0999755859375,796.3223876953125,3288323
2021-10-07,M&M.NS,Mahindra & Mahindra,Auto & Turnaround Giant,839.7000122070312,887.7999877929688,837.1500244140625,878.25,838.4727783203125,9515673
2021-10-08,M&M.NS,Mahindra & Mahindra,Auto & Turnaround Giant,893.7000122070312,895.0,872.5499877929688,877.7999877929688,838.0431518554688,3938358
2021-10-11,M&M.NS,Mahindra & Mahindra,Auto & Turnaround Giant,879.0,902.5,879.0,895.5999755859375,855.0369873046875,5493159
2021-10-12,M&M.NS,Mahindra & Mahindra,Auto & Turnaround Giant,888.0,894.6500244140625,877.0,890.0999755859375,849.7859497070312,3433345
2021-10-13,M&M.NS,Mahindra & Mahindra,Auto & Turnaround Giant,893.0,971.1500244140625,893.0,935.3499755859375,892.9866333007812,17519612
2021-10-14,M&M.NS,Mahindra & Mahindra,Auto & Turnaround Giant,938.5,946.25,922.2000122070312,931.4000244140625,889.215576171875,3354982
2021-10-18,M&M.NS,Mahindra & Mahindra,Auto & Turnaround Giant,958.0,958.0,908.2999877929688,910.9500122070312,869.6917724609375,2885649
2021-10-19,M&M.NS,Mahindra & Mahindra,Auto & Turnaround Giant,911.0,927.5999755859375,901.2000122070312,917.5,875.9450073242188,3476818
2021-10-20,M&M.NS,Mahindra & Mahindra,Auto & Turnaround Giant,913.0,924.9000244140625,894.6500244140625,899.3499755859375,858.6170654296875,3551282
2021-10-21,M&M.NS,Mahindra & Mahindra,Auto & Turnaround Giant,908.2999877929688,911.0999755859375,893.4000244140625,897.0,856.37353515625,2614538
2021-10-22,M&M.NS,Mahindra & Mahindra,Auto & Turnaround Giant,904.0,909.7999877929688,885.0999755859375,887.8499755859375,847.6378784179688,1999394
2021-10-25,M&M.NS,Mahindra & Mahindra,Auto & Turnaround Giant,883.0,905.9000244140625,883.0,890.7000122070312,850.35888671875,2833933
2021-10-26,M&M.NS,Mahindra & Mahindra,Auto & Turnaround Giant,893.4000244140625,900.0,884.0,894.5499877929688,854.0345458984375,3410657
2021-10-27,M&M.NS,Mahindra & Mahindra,Auto & Turnaround Giant,900.0,903.7999877929688,883.5,886.7999877929688,846.635498046875,3362019
2021-10-28,M&M.NS,Mahindra & Mahindra,Auto & Turnaround Giant,887.0,896.0,877.9000244140625,883.8499755859375,843.819091796875,2171227
2021-10-29,M&M.NS,Mahindra & Mahindra,Auto & Turnaround Giant,883.5,901.5,862.0,884.25,844.2009887695312,2482056
2021-11-01,M&M.NS,Mahindra & Mahindra,Auto & Turnaround Giant,884.25,887.9000244140625,860.4000244140625,870.3499755859375,830.9306030273438,4146270
2021-11-02,M&M.NS,Mahindra & Mahindra,Auto & Turnaround Giant,875.0,879.2999877929688,859.0,861.5,822.4814453125,3704926
2021-11-03,M&M.NS,Mahindra & Mahindra,Auto & Turnaround Giant,864.0,869.9000244140625,843.0,849.0,810.5474853515625,3288759
2021-11-04,M&M.NS,Mahindra & Mahindra,Auto & Turnaround Giant,855.75,875.0,853.0,872.8499755859375,833.3173828125,973315
2021-11-08,M&M.NS,Mahindra & Mahindra,Auto & Turnaround Giant,878.0,878.25,854.2999877929688,859.5,820.572021484375,4481883
2021-11-09,M&M.NS,Mahindra & Mahindra,Auto & Turnaround Giant,864.0,905.4000244140625,862.5999755859375,892.1500244140625,851.7432250976562,15376349
2021-11-10,M&M.NS,Mahindra & Mahindra,Auto & Turnaround Giant,905.9000244140625,925.0,895.0,919.6500244140625,877.997802734375,17083220
2021-11-11,M&M.NS,Mahindra & Mahindra,Auto & Turnaround Giant,918.9500122070312,928.7999877929688,911.0,924.75,882.86669921875,4935551
2021-11-12,M&M.NS,Mahindra & Mahindra,Auto & Turnaround Giant,934.0,939.5,925.0,937.7999877929688,895.3256225585938,6239600
2021-11-15,M&M.NS,Mahindra & Mahindra,Auto & Turnaround Giant,935.0,948.5499877929688,921.0999755859375,928.4000244140625,886.3513793945312,3757546
2021-11-16,M&M.NS,Mahindra & Mahindra,Auto & Turnaround Giant,928.4000244140625,965.9500122070312,925.5499877929688,960.2999877929688,916.8065795898438,7368780
2021-11-17,M&M.NS,Mahindra & Mahindra,Auto & Turnaround Giant,959.9500122070312,979.0,947.25,954.4500122070312,911.2214965820312,5416608
2021-11-18,M&M.NS,Mahindra & Mahindra,Auto & Turnaround Giant,955.0,955.0,918.2000122070312,923.7000122070312,881.8642578125,3463426
2021-11-22,M&M.NS,Mahindra & Mahindra,Auto & Turnaround Giant,926.4000244140625,930.25,893.7000122070312,900.8499755859375,860.0491333007812,3731367
2021-11-23,M&M.NS,Mahindra & Mahindra,Auto & Turnaround Giant,897.8499755859375,908.5,893.5999755859375,901.3499755859375,860.5264892578125,3195288
2021-11-24,M&M.NS,Mahindra & Mahindra,Auto & Turnaround Giant,907.7000122070312,907.7000122070312,890.0,893.2000122070312,852.7457275390625,2708554
2021-11-25,M&M.NS,Mahindra & Mahindra,Auto & Turnaround Giant,890.9000244140625,898.9000244140625,883.5,891.2000122070312,850.8363037109375,2288825
2021-11-26,M&M.NS,Mahindra & Mahindra,Auto & Turnaround Giant,885.0,885.0,843.0,853.75,815.0823974609375,3934155
2021-11-29,M&M.NS,Mahindra & Mahindra,Auto & Turnaround Giant,845.2000122070312,867.7999877929688,828.3499755859375,850.7999877929688,812.2659912109375,3936245
2021-11-30,M&M.NS,Mahindra & Mahindra,Auto & Turnaround Giant,850.7999877929688,860.7999877929688,828.5499877929688,835.5,797.6589965820312,6067618
2021-12-01,M&M.NS,Mahindra & Mahindra,Auto & Turnaround Giant,836.0,842.7000122070312,823.25,834.7000122070312,796.8952026367188,5121634
2021-12-02,M&M.NS,Mahindra & Mahindra,Auto & Turnaround Giant,835.7999877929688,859.9500122070312,835.0499877929688,849.5499877929688,811.0725708007812,4677008
2021-12-03,M&M.NS,Mahindra & Mahindra,Auto & Turnaround Giant,848.9500122070312,855.5999755859375,833.9500122070312,836.9500122070312,799.0433349609375,2933597
2021-12-06,M&M.NS,Mahindra & Mahindra,Auto & Turnaround Giant,838.0,840.5999755859375,820.0499877929688,822.1500244140625,784.9136962890625,1552749
2021-12-07,M&M.NS,Mahindra & Mahindra,Auto & Turnaround Giant,826.5,833.6500244140625,822.5,825.9500122070312,788.54150390625,1976433
2021-12-08,M&M.NS,Mahindra & Mahindra,Auto & Turnaround Giant,834.5,843.7000122070312,826.9500122070312,840.75,802.6712036132812,2346456
2021-12-09,M&M.NS,Mahindra & Mahindra,Auto & Turnaround Giant,857.4000244140625,857.4000244140625,836.0,851.0999755859375,812.5524291992188,4078098
2021-12-10,M&M.NS,Mahindra & Mahindra,Auto & Turnaround Giant,850.0999755859375,868.5999755859375,850.0999755859375,859.7000122070312,820.762939453125,3434165
2021-12-13,M&M.NS,Mahindra & Mahindra,Auto & Turnaround Giant,868.9500122070312,868.9500122070312,839.7000122070312,843.0999755859375,804.914794921875,2683048
2021-12-14,M&M.NS,Mahindra & Mahindra,Auto & Turnaround Giant,840.0,841.9500122070312,826.0,836.8499755859375,798.9478149414062,1979863
2021-12-15,M&M.NS,Mahindra & Mahindra,Auto & Turnaround Giant,844.0,853.7000122070312,838.2000122070312,846.2000122070312,807.8743286132812,3208613
2021-12-16,M&M.NS,Mahindra & Mahindra,Auto & Turnaround Giant,852.9000244140625,862.25,846.2000122070312,853.2999877929688,814.6527709960938,3965285
2021-12-17,M&M.NS,Mahindra & Mahindra,Auto & Turnaround Giant,848.0,852.25,830.0,834.5999755859375,796.7997436523438,2675800
2021-12-20,M&M.NS,Mahindra & Mahindra,Auto & Turnaround Giant,826.0,830.0,797.0,814.2999877929688,777.419189453125,2907378
2021-12-21,M&M.NS,Mahindra & Mahindra,Auto & Turnaround Giant,822.4000244140625,827.0,807.5,812.2000122070312,775.414306640625,1973119
2021-12-22,M&M.NS,Mahindra & Mahindra,Auto & Turnaround Giant,818.7999877929688,827.2000122070312,811.0,818.7000122070312,781.619873046875,1979912
2021-12-23,M&M.NS,Mahindra & Mahindra,Auto & Turnaround Giant,824.9000244140625,833.7999877929688,822.75,826.8499755859375,789.4007568359375,1495208
2021-12-24,M&M.NS,Mahindra & Mahindra,Auto & Turnaround Giant,831.0,832.0499877929688,808.0,812.6500244140625,775.8439331054688,1071730
2021-12-27,M&M.NS,Mahindra & Mahindra,Auto & Turnaround Giant,808.0,823.1500244140625,806.9500122070312,818.5499877929688,781.4766845703125,1492196
2021-12-28,M&M.NS,Mahindra & Mahindra,Auto & Turnaround Giant,824.0,840.0,819.0499877929688,838.7000122070312,800.714111328125,1677680
2021-12-29,M&M.NS,Mahindra & Mahindra,Auto & Turnaround Giant,843.4500122070312,843.4500122070312,830.8499755859375,832.7000122070312,794.9857788085938,1575343
2021-12-30,M&M.NS,Mahindra & Mahindra,Auto & Turnaround Giant,843.0,843.0,827.1500244140625,829.2999877929688,791.7398071289062,1874659
2021-12-31,M&M.NS,Mahindra & Mahindra,Auto & Turnaround Giant,834.7999877929688,845.0,830.2000122070312,837.1500244140625,799.2342529296875,1528983
2022-01-03,M&M.NS,Mahindra & Mahindra,Auto & Turnaround Giant,835.0,840.0,826.2999877929688,829.7999877929688,792.2171630859375,1537088
2022-01-04,M&M.NS,Mahindra & Mahindra,Auto & Turnaround Giant,837.9500122070312,842.0,825.6500244140625,831.8499755859375,794.1742553710938,1886453
2022-01-05,M&M.NS,Mahindra & Mahindra,Auto & Turnaround Giant,830.0,847.0,830.0,839.5,801.477783203125,2634010
2022-01-06,M&M.NS,Mahindra & Mahindra,Auto & Turnaround Giant,839.0,842.25,827.5,839.8499755859375,801.8118896484375,2962301
2022-01-07,M&M.NS,Mahindra & Mahindra,Auto & Turnaround Giant,841.0,849.75,822.5,829.0,791.453369140625,2531717
2022-01-10,M&M.NS,Mahindra & Mahindra,Auto & Turnaround Giant,835.9500122070312,846.75,829.7000122070312,841.9500122070312,803.8168334960938,3403434
2022-01-11,M&M.NS,Mahindra & Mahindra,Auto & Turnaround Giant,842.0,848.75,835.5499877929688,841.4000244140625,803.291748046875,2117911
2022-01-12,M&M.NS,Mahindra & Mahindra,Auto & Turnaround Giant,846.7999877929688,884.2000122070312,842.5,880.5499877929688,840.6686401367188,9022415
2022-01-13,M&M.NS,Mahindra & Mahindra,Auto & Turnaround Giant,880.5499877929688,909.5,868.0,896.0,855.4188232421875,5658001
2022-01-14,M&M.NS,Mahindra & Mahindra,Auto & Turnaround Giant,889.7999877929688,895.9500122070312,879.6500244140625,881.2000122070312,841.2891235351562,2027852
2022-01-17,M&M.NS,Mahindra & Mahindra,Auto & Turnaround Giant,884.2000122070312,904.0,882.6500244140625,900.7999877929688,860.0013427734375,3617269
2022-01-18,M&M.NS,Mahindra & Mahindra,Auto & Turnaround Giant,902.0,910.0999755859375,888.2999877929688,892.1500244140625,851.7432250976562,3468168
2022-01-19,M&M.NS,Mahindra & Mahindra,Auto & Turnaround Giant,908.9500122070312,908.9500122070312,880.7999877929688,894.4000244140625,853.8914184570312,4215758
2022-01-20,M&M.NS,Mahindra & Mahindra,Auto & Turnaround Giant,896.0,897.5999755859375,872.8499755859375,880.5,840.620849609375,2486026
2022-01-21,M&M.NS,Mahindra & Mahindra,Auto & Turnaround Giant,875.7999877929688,884.9000244140625,865.2000122070312,875.2000122070312,835.5609741210938,1872843
2022-01-24,M&M.NS,Mahindra & Mahindra,Auto & Turnaround Giant,871.2000122070312,878.3499755859375,848.0499877929688,854.7000122070312,815.9893798828125,3386669
2022-01-25,M&M.NS,Mahindra & Mahindra,Auto & Turnaround Giant,846.0999755859375,858.25,845.25,854.5,815.7984619140625,4742388
2022-01-27,M&M.NS,Mahindra & Mahindra,Auto & Turnaround Giant,845.5999755859375,862.8499755859375,841.2000122070312,858.0499877929688,819.1876220703125,2927566
2022-01-28,M&M.NS,Mahindra & Mahindra,Auto & Turnaround Giant,864.4000244140625,896.0,860.4000244140625,869.6500244140625,830.2623291015625,4208702
2022-01-31,M&M.NS,Mahindra & Mahindra,Auto & Turnaround Giant,878.9000244140625,888.8499755859375,872.0999755859375,885.7999877929688,845.6807861328125,2335040
2022-02-01,M&M.NS,Mahindra & Mahindra,Auto & Turnaround Giant,892.0,894.7000122070312,864.2000122070312,869.7000122070312,830.3099975585938,2921070
2022-02-02,M&M.NS,Mahindra & Mahindra,Auto & Turnaround Giant,875.7000122070312,880.2999877929688,865.1500244140625,869.3499755859375,829.975830078125,1341479
2022-02-03,M&M.NS,Mahindra & Mahindra,Auto & Turnaround Giant,868.0,882.4000244140625,852.1500244140625,856.2000122070312,817.4214477539062,2630289
2022-02-04,M&M.NS,Mahindra & Mahindra,Auto & Turnaround Giant,861.4000244140625,861.4000244140625,836.1500244140625,841.7000122070312,803.5781860351562,2080640
2022-02-07,M&M.NS,Mahindra & Mahindra,Auto & Turnaround Giant,841.0,844.7000122070312,822.2000122070312,829.5,791.9306640625,1801701
2022-02-08,M&M.NS,Mahindra & Mahindra,Auto & Turnaround Giant,830.0,837.7000122070312,817.1500244140625,832.0499877929688,794.365234375,2729631
2022-02-09,M&M.NS,Mahindra & Mahindra,Auto & Turnaround Giant,838.0,845.9500122070312,833.1500244140625,840.2000122070312,802.1461181640625,2165223
2022-02-10,M&M.NS,Mahindra & Mahindra,Auto & Turnaround Giant,844.0,857.75,830.1500244140625,853.0499877929688,814.4141235351562,6949276
2022-02-11,M&M.NS,Mahindra & Mahindra,Auto & Turnaround Giant,853.0,861.9500122070312,835.5999755859375,853.6500244140625,814.9869995117188,5146850
2022-02-14,M&M.NS,Mahindra & Mahindra,Auto & Turnaround Giant,841.75,845.4000244140625,780.7000122070312,825.0499877929688,787.6822509765625,4202165
2022-02-15,M&M.NS,Mahindra & Mahindra,Auto & Turnaround Giant,828.0,858.0,820.4000244140625,854.5999755859375,815.8939208984375,2728328
2022-02-16,M&M.NS,Mahindra & Mahindra,Auto & Turnaround Giant,854.5999755859375,878.5,854.5999755859375,864.25,825.1068725585938,4401342
2022-02-17,M&M.NS,Mahindra & Mahindra,Auto & Turnaround Giant,872.0,877.2999877929688,859.0,862.25,823.1974487304688,2041741
2022-02-18,M&M.NS,Mahindra & Mahindra,Auto & Turnaround Giant,857.2000122070312,869.75,847.1500244140625,852.0,813.4116821289062,1616856
2022-02-21,M&M.NS,Mahindra & Mahindra,Auto & Turnaround Giant,845.2000122070312,850.5,832.0,841.0999755859375,803.0053100585938,2255753
2022-02-22,M&M.NS,Mahindra & Mahindra,Auto & Turnaround Giant,827.0,856.0,823.3499755859375,853.25,814.6050415039062,2768989
2022-02-23,M&M.NS,Mahindra & Mahindra,Auto & Turnaround Giant,856.0,869.7000122070312,845.7000122070312,850.2999877929688,811.7886352539062,2265060
2022-02-24,M&M.NS,Mahindra & Mahindra,Auto & Turnaround Giant,818.0999755859375,831.9000244140625,790.5,795.7999877929688,759.757080078125,5677898
2022-02-25,M&M.NS,Mahindra & Mahindra,Auto & Turnaround Giant,812.7000122070312,825.0,802.0,807.5999755859375,771.0226440429688,3470318
2022-02-28,M&M.NS,Mahindra & Mahindra,Auto & Turnaround Giant,807.0,807.0,786.75,790.8499755859375,755.0311889648438,5026913
2022-03-02,M&M.NS,Mahindra & Mahindra,Auto & Turnaround Giant,785.5,810.75,769.0,778.3499755859375,743.0972900390625,5779175
2022-03-03,M&M.NS,Mahindra & Mahindra,Auto & Turnaround Giant,792.0,793.1500244140625,760.0499877929688,762.0499877929688,727.53564453125,2763929
2022-03-04,M&M.NS,Mahindra & Mahindra,Auto & Turnaround Giant,750.0,756.0,730.0,732.2999877929688,699.133056640625,4829850
2022-03-07,M&M.NS,Mahindra & Mahindra,Auto & Turnaround Giant,719.8499755859375,719.8499755859375,681.75,690.5499877929688,659.27392578125,7008637
2022-03-08,M&M.NS,Mahindra & Mahindra,Auto & Turnaround Giant,690.5499877929688,703.0499877929688,671.1500244140625,700.6500244140625,668.91650390625,4000294
2022-03-09,M&M.NS,Mahindra & Mahindra,Auto & Turnaround Giant,705.0,739.9000244140625,700.0,734.8499755859375,701.5675659179688,5490287
2022-03-10,M&M.NS,Mahindra & Mahindra,Auto & Turnaround Giant,761.9500122070312,762.5,735.0,738.8499755859375,705.3864135742188,4064470
2022-03-11,M&M.NS,Mahindra & Mahindra,Auto & Turnaround Giant,734.0,741.7999877929688,728.7000122070312,734.7999877929688,701.519775390625,2364792
2022-03-14,M&M.NS,Mahindra & Mahindra,Auto & Turnaround Giant,734.7999877929688,746.0,725.4500122070312,743.2000122070312,709.5393676757812,3563695
2022-03-15,M&M.NS,Mahindra & Mahindra,Auto & Turnaround Giant,745.0,769.2000122070312,745.0,761.2000122070312,726.7241821289062,4811450
2022-03-16,M&M.NS,Mahindra & Mahindra,Auto & Turnaround Giant,768.8499755859375,776.0,765.0,773.6500244140625,738.6102294921875,2277631
2022-03-17,M&M.NS,Mahindra & Mahindra,Auto & Turnaround Giant,785.0,799.9000244140625,777.0,794.4000244140625,758.4204711914062,3787641
2022-03-21,M&M.NS,Mahindra & Mahindra,Auto & Turnaround Giant,789.5999755859375,791.0999755859375,780.0999755859375,783.5,748.0140991210938,3008019
2022-03-22,M&M.NS,Mahindra & Mahindra,Auto & Turnaround Giant,783.0,789.0499877929688,769.0,785.5999755859375,750.0189819335938,5436875
2022-03-23,M&M.NS,Mahindra & Mahindra,Auto & Turnaround Giant,790.0,794.2000122070312,772.0999755859375,774.0999755859375,739.0398559570312,3277274
2022-03-24,M&M.NS,Mahindra & Mahindra,Auto & Turnaround Giant,773.7000122070312,780.0,762.6500244140625,765.6500244140625,730.9725952148438,2248114
2022-03-25,M&M.NS,Mahindra & Mahindra,Auto & Turnaround Giant,773.0,773.0,758.2000122070312,764.75,730.1133422851562,3148869
2022-03-28,M&M.NS,Mahindra & Mahindra,Auto & Turnaround Giant,764.9000244140625,772.7000122070312,751.2999877929688,769.25,734.4096069335938,4719388
2022-03-29,M&M.NS,Mahindra & Mahindra,Auto & Turnaround Giant,771.0,783.0,770.7000122070312,773.3499755859375,738.3237915039062,3519610
2022-03-30,M&M.NS,Mahindra & Mahindra,Auto & Turnaround Giant,779.2999877929688,795.0,775.9000244140625,793.3499755859375,757.4180297851562,4407033
2022-03-31,M&M.NS,Mahindra & Mahindra,Auto & Turnaround Giant,798.0,813.0,798.0,806.5499877929688,770.0202026367188,7059986
2022-04-01,M&M.NS,Mahindra & Mahindra,Auto & Turnaround Giant,811.0,829.5,807.7000122070312,826.5499877929688,789.1143188476562,3406177
2022-04-04,M&M.NS,Mahindra & Mahindra,Auto & Turnaround Giant,818.0,836.0,810.0,833.7000122070312,795.9404907226562,4163250
2022-04-05,M&M.NS,Mahindra & Mahindra,Auto & Turnaround Giant,837.0,852.0,833.7000122070312,836.5499877929688,798.661376953125,2669967
2022-04-06,M&M.NS,Mahindra & Mahindra,Auto & Turnaround Giant,838.7000122070312,838.7000122070312,822.9500122070312,827.8499755859375,790.3554077148438,2049292
2022-04-07,M&M.NS,Mahindra & Mahindra,Auto & Turnaround Giant,826.0,840.2999877929688,822.2999877929688,834.2999877929688,796.5133056640625,2913537
2022-04-08,M&M.NS,Mahindra & Mahindra,Auto & Turnaround Giant,830.0,860.6500244140625,827.0499877929688,857.4000244140625,818.5670776367188,4145522
2022-04-11,M&M.NS,Mahindra & Mahindra,Auto & Turnaround Giant,854.9500122070312,861.3499755859375,846.2000122070312,856.8499755859375,818.0419921875,2922901
2022-04-12,M&M.NS,Mahindra & Mahindra,Auto & Turnaround Giant,850.0,867.4000244140625,843.2999877929688,860.7999877929688,821.8130493164062,2961076
2022-04-13,M&M.NS,Mahindra & Mahindra,Auto & Turnaround Giant,862.5,875.0,862.3499755859375,866.0999755859375,826.8729858398438,3695363
2022-04-18,M&M.NS,Mahindra & Mahindra,Auto & Turnaround Giant,866.0999755859375,876.0,858.0999755859375,874.0999755859375,834.5106201171875,3076843
2022-04-19,M&M.NS,Mahindra & Mahindra,Auto & Turnaround Giant,878.0999755859375,887.7999877929688,865.0999755859375,872.5,832.9832153320312,3301212
2022-04-20,M&M.NS,Mahindra & Mahindra,Auto & Turnaround Giant,873.4500122070312,889.9000244140625,873.4500122070312,881.25,841.3368530273438,2208791
2022-04-21,M&M.NS,Mahindra & Mahindra,Auto & Turnaround Giant,881.25,914.0,880.75,911.0,869.7394409179688,3206906
2022-04-22,M&M.NS,Mahindra & Mahindra,Auto & Turnaround Giant,903.7999877929688,927.0499877929688,889.0499877929688,920.6500244140625,878.9524536132812,4924905
2022-04-25,M&M.NS,Mahindra & Mahindra,Auto & Turnaround Giant,914.3499755859375,928.0,895.0999755859375,904.0,863.0565185546875,5476626
2022-04-26,M&M.NS,Mahindra & Mahindra,Auto & Turnaround Giant,906.5999755859375,942.9000244140625,906.5999755859375,940.1500244140625,897.5692749023438,6384561
2022-04-27,M&M.NS,Mahindra & Mahindra,Auto & Turnaround Giant,930.0,940.7000122070312,922.9500122070312,926.8499755859375,884.87158203125,3154605
2022-04-28,M&M.NS,Mahindra & Mahindra,Auto & Turnaround Giant,945.0,945.0,918.5,922.9000244140625,881.1005249023438,2869224
2022-04-29,M&M.NS,Mahindra & Mahindra,Auto & Turnaround Giant,928.9000244140625,939.25,918.0,922.0999755859375,880.3367309570312,3467791
2022-05-02,M&M.NS,Mahindra & Mahindra,Auto & Turnaround Giant,915.0,933.7000122070312,909.7000122070312,921.3499755859375,879.62060546875,2740823
2022-05-04,M&M.NS,Mahindra & Mahindra,Auto & Turnaround Giant,917.9000244140625,923.9500122070312,891.0499877929688,896.0999755859375,855.5142822265625,2408261
2022-05-05,M&M.NS,Mahindra & Mahindra,Auto & Turnaround Giant,910.0,921.0,895.6500244140625,899.0499877929688,858.3306884765625,2690817
2022-05-06,M&M.NS,Mahindra & Mahindra,Auto & Turnaround Giant,890.0,914.7999877929688,887.2999877929688,893.8499755859375,853.3662109375,4247088
2022-05-09,M&M.NS,Mahindra & Mahindra,Auto & Turnaround Giant,880.0,901.9000244140625,875.0,895.2999877929688,854.75048828125,1790691
2022-05-10,M&M.NS,Mahindra & Mahindra,Auto & Turnaround Giant,895.2999877929688,910.9500122070312,884.0999755859375,888.3499755859375,848.115234375,2436623
2022-05-11,M&M.NS,Mahindra & Mahindra,Auto & Turnaround Giant,888.5999755859375,898.4000244140625,876.5,887.0499877929688,846.8742065429688,3048794
2022-05-12,M&M.NS,Mahindra & Mahindra,Auto & Turnaround Giant,884.9000244140625,889.0,853.7000122070312,865.25,826.0615844726562,4908042
2022-05-13,M&M.NS,Mahindra & Mahindra,Auto & Turnaround Giant,879.7999877929688,905.0,870.0999755859375,889.5,849.2132568359375,4956950
2022-05-16,M&M.NS,Mahindra & Mahindra,Auto & Turnaround Giant,895.0,908.9000244140625,892.7000122070312,903.3499755859375,862.4359130859375,2856221
2022-05-17,M&M.NS,Mahindra & Mahindra,Auto & Turnaround Giant,907.0,917.0,898.1500244140625,910.7999877929688,869.5485229492188,3469290
2022-05-18,M&M.NS,Mahindra & Mahindra,Auto & Turnaround Giant,910.0,922.75,905.2000122070312,913.2999877929688,871.9352416992188,3203522
2022-05-19,M&M.NS,Mahindra & Mahindra,Auto & Turnaround Giant,901.0,913.0,880.1500244140625,882.5499877929688,842.5780029296875,2658159
2022-05-20,M&M.NS,Mahindra & Mahindra,Auto & Turnaround Giant,896.9000244140625,911.3499755859375,888.6500244140625,903.7999877929688,862.8655395507812,3426756
2022-05-23,M&M.NS,Mahindra & Mahindra,Auto & Turnaround Giant,911.0,943.4500122070312,910.25,941.9000244140625,899.2399291992188,6613972
2022-05-24,M&M.NS,Mahindra & Mahindra,Auto & Turnaround Giant,949.0,960.4000244140625,943.0999755859375,946.8499755859375,903.9657592773438,4546511
2022-05-25,M&M.NS,Mahindra & Mahindra,Auto & Turnaround Giant,953.7999877929688,953.7999877929688,923.3499755859375,928.4000244140625,886.3513793945312,1363358
2022-05-26,M&M.NS,Mahindra & Mahindra,Auto & Turnaround Giant,930.0999755859375,933.5,914.7999877929688,929.7999877929688,887.68798828125,2384886
2022-05-27,M&M.NS,Mahindra & Mahindra,Auto & Turnaround Giant,940.0,958.0,923.0,952.8499755859375,909.6939697265625,3269005
2022-05-30,M&M.NS,Mahindra & Mahindra,Auto & Turnaround Giant,972.25,1011.75,957.0499877929688,998.3499755859375,953.13330078125,11690785
2022-05-31,M&M.NS,Mahindra & Mahindra,Auto & Turnaround Giant,997.9500122070312,1043.0,992.0,1034.3499755859375,987.502685546875,13301109
2022-06-01,M&M.NS,Mahindra & Mahindra,Auto & Turnaround Giant,1035.0,1057.25,1014.7999877929688,1047.3499755859375,999.9140014648438,7889745
2022-06-02,M&M.NS,Mahindra & Mahindra,Auto & Turnaround Giant,1044.949951171875,1057.949951171875,1035.0,1044.550048828125,997.2408447265625,4081658
2022-06-03,M&M.NS,Mahindra & Mahindra,Auto & Turnaround Giant,1050.0999755859375,1056.550048828125,1025.699951171875,1028.6500244140625,982.0609130859375,2660682
2022-06-06,M&M.NS,Mahindra & Mahindra,Auto & Turnaround Giant,1028.0,1048.5999755859375,1018.0,1035.949951171875,989.0302124023438,3443406
2022-06-07,M&M.NS,Mahindra & Mahindra,Auto & Turnaround Giant,1034.800048828125,1045.0,1018.0999755859375,1042.550048828125,995.3314819335938,2162861
2022-06-08,M&M.NS,Mahindra & Mahindra,Auto & Turnaround Giant,1056.949951171875,1056.949951171875,1034.25,1045.0,997.67041015625,4293398
2022-06-09,M&M.NS,Mahindra & Mahindra,Auto & Turnaround Giant,1036.0,1049.300048828125,1032.0,1045.0999755859375,997.7658081054688,2757706
2022-06-10,M&M.NS,Mahindra & Mahindra,Auto & Turnaround Giant,1033.0,1043.5,1026.5999755859375,1036.5,989.555419921875,2425545
2022-06-13,M&M.NS,Mahindra & Mahindra,Auto & Turnaround Giant,1023.6500244140625,1029.0,998.5499877929688,1004.2999877929688,958.8137817382812,4047155
2022-06-14,M&M.NS,Mahindra & Mahindra,Auto & Turnaround Giant,1000.0,1025.0,999.0499877929688,1019.25,973.0866088867188,3614327
2022-06-15,M&M.NS,Mahindra & Mahindra,Auto & Turnaround Giant,1024.6500244140625,1039.300048828125,1020.0,1025.5,979.0535888671875,3333753
2022-06-16,M&M.NS,Mahindra & Mahindra,Auto & Turnaround Giant,1037.699951171875,1037.699951171875,997.0,1005.25,959.720703125,3255301
2022-06-17,M&M.NS,Mahindra & Mahindra,Auto & Turnaround Giant,1000.0,1007.9500122070312,983.1500244140625,997.6500244140625,952.4650268554688,5318310
2022-06-20,M&M.NS,Mahindra & Mahindra,Auto & Turnaround Giant,1005.0,1008.0,979.0999755859375,982.7000122070312,938.1920776367188,3722583
2022-06-21,M&M.NS,Mahindra & Mahindra,Auto & Turnaround Giant,982.7000122070312,1004.75,981.7999877929688,997.9500122070312,952.7514038085938,6263423
2022-06-22,M&M.NS,Mahindra & Mahindra,Auto & Turnaround Giant,995.1500244140625,1003.9500122070312,972.6500244140625,983.7999877929688,939.2422485351562,2629024
2022-06-23,M&M.NS,Mahindra & Mahindra,Auto & Turnaround Giant,986.0,1031.5999755859375,985.2000122070312,1027.699951171875,981.1539306640625,7303072
2022-06-24,M&M.NS,Mahindra & Mahindra,Auto & Turnaround Giant,1036.9000244140625,1074.5,1031.5999755859375,1072.050048828125,1023.495361328125,7273273
2022-06-27,M&M.NS,Mahindra & Mahindra,Auto & Turnaround Giant,1089.800048828125,1095.0,1072.050048828125,1082.699951171875,1033.6629638671875,6316257
2022-06-28,M&M.NS,Mahindra & Mahindra,Auto & Turnaround Giant,1082.0,1121.449951171875,1079.449951171875,1112.0,1061.6358642578125,11020641
2022-06-29,M&M.NS,Mahindra & Mahindra,Auto & Turnaround Giant,1106.0,1115.449951171875,1090.699951171875,1111.75,1061.397216796875,5052023
2022-06-30,M&M.NS,Mahindra & Mahindra,Auto & Turnaround Giant,1109.300048828125,1117.5,1088.050048828125,1093.1500244140625,1043.6396484375,4165189
2022-07-01,M&M.NS,Mahindra & Mahindra,Auto & Turnaround Giant,1092.4000244140625,1113.3499755859375,1064.0,1107.3499755859375,1057.1964111328125,2839545
2022-07-04,M&M.NS,Mahindra & Mahindra,Auto & Turnaround Giant,1101.0,1102.0,1079.4000244140625,1091.199951171875,1041.77783203125,2784613
2022-07-05,M&M.NS,Mahindra & Mahindra,Auto & Turnaround Giant,1091.0,1102.0,1078.0,1081.949951171875,1032.9468994140625,3675577
2022-07-06,M&M.NS,Mahindra & Mahindra,Auto & Turnaround Giant,1082.699951171875,1112.0,1080.5999755859375,1104.550048828125,1054.5233154296875,4957228
2022-07-07,M&M.NS,Mahindra & Mahindra,Auto & Turnaround Giant,1119.0,1138.949951171875,1114.5999755859375,1133.300048828125,1081.97119140625,4917004
2022-07-08,M&M.NS,Mahindra & Mahindra,Auto & Turnaround Giant,1184.949951171875,1194.9000244140625,1126.1500244140625,1133.5999755859375,1082.2576904296875,10482265
2022-07-11,M&M.NS,Mahindra & Mahindra,Auto & Turnaround Giant,1128.949951171875,1167.9000244140625,1122.6500244140625,1165.050048828125,1112.283203125,4520273
2022-07-12,M&M.NS,Mahindra & Mahindra,Auto & Turnaround Giant,1164.0,1164.449951171875,1142.0,1146.6500244140625,1094.716552734375,2452632
2022-07-13,M&M.NS,Mahindra & Mahindra,Auto & Turnaround Giant,1153.199951171875,1156.5,1138.0999755859375,1140.3499755859375,1088.7017822265625,3379695
2022-07-14,M&M.NS,Mahindra & Mahindra,Auto & Turnaround Giant,1134.800048828125,1151.3499755859375,1131.199951171875,1142.6500244140625,1102.0599365234375,2423203
2022-07-15,M&M.NS,Mahindra & Mahindra,Auto & Turnaround Giant,1143.0,1175.9000244140625,1140.4000244140625,1172.5,1130.8494873046875,3879759
2022-07-18,M&M.NS,Mahindra & Mahindra,Auto & Turnaround Giant,1179.5,1179.5,1159.25,1163.4000244140625,1122.07275390625,3480683
2022-07-19,M&M.NS,Mahindra & Mahindra,Auto & Turnaround Giant,1161.9000244140625,1189.5,1161.0,1186.25,1144.1112060546875,4056414
2022-07-20,M&M.NS,Mahindra & Mahindra,Auto & Turnaround Giant,1195.0,1195.0,1162.5,1165.6500244140625,1124.242919921875,3028752
2022-07-21,M&M.NS,Mahindra & Mahindra,Auto & Turnaround Giant,1167.0999755859375,1180.0,1164.800048828125,1175.1500244140625,1133.405517578125,2062279
2022-07-22,M&M.NS,Mahindra & Mahindra,Auto & Turnaround Giant,1180.0,1185.9000244140625,1170.300048828125,1181.0999755859375,1139.14404296875,1983433
2022-07-25,M&M.NS,Mahindra & Mahindra,Auto & Turnaround Giant,1185.0,1185.0,1132.0,1135.8499755859375,1095.50146484375,4380502
2022-07-26,M&M.NS,Mahindra & Mahindra,Auto & Turnaround Giant,1134.0,1146.0,1125.1500244140625,1136.0,1095.6461181640625,2598868
2022-07-27,M&M.NS,Mahindra & Mahindra,Auto & Turnaround Giant,1140.0,1150.300048828125,1126.800048828125,1138.0999755859375,1097.6715087890625,1647876
2022-07-28,M&M.NS,Mahindra & Mahindra,Auto & Turnaround Giant,1142.0999755859375,1152.0,1135.3499755859375,1149.1500244140625,1108.3289794921875,1929675
2022-07-29,M&M.NS,Mahindra & Mahindra,Auto & Turnaround Giant,1158.800048828125,1184.199951171875,1153.25,1164.449951171875,1123.08544921875,2230572
2022-08-01,M&M.NS,Mahindra & Mahindra,Auto & Turnaround Giant,1189.4000244140625,1248.699951171875,1184.25,1237.75,1193.7816162109375,12673841
2022-08-02,M&M.NS,Mahindra & Mahindra,Auto & Turnaround Giant,1237.699951171875,1259.75,1226.199951171875,1254.5,1209.9366455078125,5626351
2022-08-03,M&M.NS,Mahindra & Mahindra,Auto & Turnaround Giant,1259.949951171875,1259.949951171875,1231.0,1253.699951171875,1209.1650390625,3820503
2022-08-04,M&M.NS,Mahindra & Mahindra,Auto & Turnaround Giant,1264.9000244140625,1265.0,1239.050048828125,1261.800048828125,1216.977294921875,3075648
2022-08-05,M&M.NS,Mahindra & Mahindra,Auto & Turnaround Giant,1278.199951171875,1278.5,1231.25,1235.9000244140625,1191.99755859375,5766297
2022-08-08,M&M.NS,Mahindra & Mahindra,Auto & Turnaround Giant,1245.0,1280.0,1242.6500244140625,1276.699951171875,1231.347900390625,5412651
2022-08-10,M&M.NS,Mahindra & Mahindra,Auto & Turnaround Giant,1277.0,1279.699951171875,1260.25,1268.050048828125,1223.00537109375,2530492
2022-08-11,M&M.NS,Mahindra & Mahindra,Auto & Turnaround Giant,1277.0,1278.949951171875,1254.0,1266.199951171875,1221.220947265625,3077633
2022-08-12,M&M.NS,Mahindra & Mahindra,Auto & Turnaround Giant,1265.0,1268.9000244140625,1249.300048828125,1259.449951171875,1214.7108154296875,3355489
2022-08-16,M&M.NS,Mahindra & Mahindra,Auto & Turnaround Giant,1280.5999755859375,1298.699951171875,1274.6500244140625,1288.300048828125,1242.5361328125,4085782
2022-08-17,M&M.NS,Mahindra & Mahindra,Auto & Turnaround Giant,1294.0,1294.0,1270.050048828125,1274.25,1228.985107421875,2197165
2022-08-18,M&M.NS,Mahindra & Mahindra,Auto & Turnaround Giant,1274.0,1278.3499755859375,1254.699951171875,1261.1500244140625,1216.3504638671875,2659857
2022-08-19,M&M.NS,Mahindra & Mahindra,Auto & Turnaround Giant,1270.0,1272.6500244140625,1235.5,1239.4000244140625,1195.373046875,2513148
2022-08-22,M&M.NS,Mahindra & Mahindra,Auto & Turnaround Giant,1239.4000244140625,1247.4000244140625,1219.050048828125,1226.699951171875,1183.1240234375,2443323
2022-08-23,M&M.NS,Mahindra & Mahindra,Auto & Turnaround Giant,1219.949951171875,1277.0,1218.0,1273.0999755859375,1227.8759765625,4449168
2022-08-24,M&M.NS,Mahindra & Mahindra,Auto & Turnaround Giant,1274.949951171875,1283.5,1261.0,1268.300048828125,1223.2464599609375,2570071
2022-08-25,M&M.NS,Mahindra & Mahindra,Auto & Turnaround Giant,1274.0,1277.449951171875,1256.699951171875,1259.6500244140625,1214.90380859375,1769049
2022-08-26,M&M.NS,Mahindra & Mahindra,Auto & Turnaround Giant,1279.9000244140625,1299.0,1268.800048828125,1274.6500244140625,1229.370849609375,4325600
2022-08-29,M&M.NS,Mahindra & Mahindra,Auto & Turnaround Giant,1249.0,1280.800048828125,1242.1500244140625,1276.800048828125,1231.444580078125,2554692
2022-08-30,M&M.NS,Mahindra & Mahindra,Auto & Turnaround Giant,1284.0,1315.0,1284.0,1308.699951171875,1262.2113037109375,5078317
2022-09-01,M&M.NS,Mahindra & Mahindra,Auto & Turnaround Giant,1280.0,1325.699951171875,1280.0,1312.050048828125,1265.4423828125,4913035
2022-09-02,M&M.NS,Mahindra & Mahindra,Auto & Turnaround Giant,1318.6500244140625,1330.6500244140625,1311.199951171875,1315.949951171875,1269.2037353515625,2316436
2022-09-05,M&M.NS,Mahindra & Mahindra,Auto & Turnaround Giant,1319.0,1324.449951171875,1301.0999755859375,1320.550048828125,1273.6405029296875,2271837
2022-09-06,M&M.NS,Mahindra & Mahindra,Auto & Turnaround Giant,1325.0,1327.0,1300.5999755859375,1306.4000244140625,1259.9930419921875,1930221
2022-09-07,M&M.NS,Mahindra & Mahindra,Auto & Turnaround Giant,1291.0,1311.949951171875,1281.199951171875,1289.699951171875,1243.88623046875,3162428
2022-09-08,M&M.NS,Mahindra & Mahindra,Auto & Turnaround Giant,1305.0,1331.949951171875,1302.0,1321.9000244140625,1274.9425048828125,4026323
2022-09-09,M&M.NS,Mahindra & Mahindra,Auto & Turnaround Giant,1338.0,1338.0,1294.050048828125,1301.25,1255.0260009765625,3415016
2022-09-12,M&M.NS,Mahindra & Mahindra,Auto & Turnaround Giant,1308.0,1315.5999755859375,1295.0,1297.050048828125,1250.97509765625,3077887
2022-09-13,M&M.NS,Mahindra & Mahindra,Auto & Turnaround Giant,1309.949951171875,1309.949951171875,1291.0,1299.8499755859375,1253.67578125,2460291
2022-09-14,M&M.NS,Mahindra & Mahindra,Auto & Turnaround Giant,1283.949951171875,1313.8499755859375,1280.0,1298.050048828125,1251.9398193359375,2955136
2022-09-15,M&M.NS,Mahindra & Mahindra,Auto & Turnaround Giant,1305.0,1314.25,1289.050048828125,1297.050048828125,1250.97509765625,2555055
2022-09-16,M&M.NS,Mahindra & Mahindra,Auto & Turnaround Giant,1291.25,1297.0,1234.5,1250.0999755859375,1205.6929931640625,9047956
2022-09-19,M&M.NS,Mahindra & Mahindra,Auto & Turnaround Giant,1259.9000244140625,1298.449951171875,1250.0999755859375,1288.6500244140625,1242.8736572265625,4476773
2022-09-20,M&M.NS,Mahindra & Mahindra,Auto & Turnaround Giant,1300.0,1312.0,1296.550048828125,1302.949951171875,1256.66552734375,3780649
2022-09-21,M&M.NS,Mahindra & Mahindra,Auto & Turnaround Giant,1308.949951171875,1323.0,1293.5999755859375,1306.6500244140625,1260.2342529296875,2887754
2022-09-22,M&M.NS,Mahindra & Mahindra,Auto & Turnaround Giant,1297.0,1320.550048828125,1293.0,1310.4000244140625,1263.8509521484375,2010645
2022-09-23,M&M.NS,Mahindra & Mahindra,Auto & Turnaround Giant,1305.0,1318.0999755859375,1261.0,1272.300048828125,1227.1044921875,4639618
2022-09-26,M&M.NS,Mahindra & Mahindra,Auto & Turnaround Giant,1250.0,1258.949951171875,1216.300048828125,1236.4000244140625,1192.479736328125,3345338
2022-09-27,M&M.NS,Mahindra & Mahindra,Auto & Turnaround Giant,1242.5999755859375,1252.9000244140625,1221.199951171875,1235.75,1191.852783203125,3588217
2022-09-28,M&M.NS,Mahindra & Mahindra,Auto & Turnaround Giant,1233.0999755859375,1261.75,1211.25,1242.4000244140625,1198.2666015625,3361451
2022-09-29,M&M.NS,Mahindra & Mahindra,Auto & Turnaround Giant,1255.0,1267.949951171875,1245.699951171875,1258.3499755859375,1213.6500244140625,3474302
2022-09-30,M&M.NS,Mahindra & Mahindra,Auto & Turnaround Giant,1256.949951171875,1282.699951171875,1233.050048828125,1268.199951171875,1223.14990234375,3320684
2022-10-03,M&M.NS,Mahindra & Mahindra,Auto & Turnaround Giant,1269.949951171875,1276.0999755859375,1242.050048828125,1251.3499755859375,1206.8985595703125,3150821
2022-10-04,M&M.NS,Mahindra & Mahindra,Auto & Turnaround Giant,1265.0,1277.949951171875,1255.0,1260.3499755859375,1215.578857421875,3011962
2022-10-06,M&M.NS,Mahindra & Mahindra,Auto & Turnaround Giant,1268.0,1277.0,1254.5,1256.9000244140625,1212.25146484375,3531469
2022-10-07,M&M.NS,Mahindra & Mahindra,Auto & Turnaround Giant,1260.0,1261.949951171875,1232.949951171875,1238.8499755859375,1194.8426513671875,3501889
2022-10-10,M&M.NS,Mahindra & Mahindra,Auto & Turnaround Giant,1234.0,1246.550048828125,1218.0,1243.0,1198.8453369140625,2230590
2022-10-11,M&M.NS,Mahindra & Mahindra,Auto & Turnaround Giant,1249.25,1249.25,1225.5,1229.550048828125,1185.873046875,1569478
2022-10-12,M&M.NS,Mahindra & Mahindra,Auto & Turnaround Giant,1235.6500244140625,1259.3499755859375,1230.0999755859375,1247.9000244140625,1203.5711669921875,2884899
2022-10-13,M&M.NS,Mahindra & Mahindra,Auto & Turnaround Giant,1255.0,1274.1500244140625,1240.5,1248.199951171875,1203.8604736328125,2137351
2022-10-14,M&M.NS,Mahindra & Mahindra,Auto & Turnaround Giant,1267.75,1272.0,1228.0,1230.300048828125,1186.5963134765625,1696759
2022-10-17,M&M.NS,Mahindra & Mahindra,Auto & Turnaround Giant,1227.0,1238.75,1196.5,1230.0,1186.3070068359375,2158727
2022-10-18,M&M.NS,Mahindra & Mahindra,Auto & Turnaround Giant,1236.1500244140625,1267.3499755859375,1233.5,1253.800048828125,1209.26171875,2722206
2022-10-19,M&M.NS,Mahindra & Mahindra,Auto & Turnaround Giant,1259.949951171875,1264.800048828125,1244.0,1248.4000244140625,1204.053466796875,1449579
2022-10-20,M&M.NS,Mahindra & Mahindra,Auto & Turnaround Giant,1241.199951171875,1254.0,1223.550048828125,1250.0,1205.5965576171875,1831346
2022-10-21,M&M.NS,Mahindra & Mahindra,Auto & Turnaround Giant,1253.0999755859375,1268.9000244140625,1244.1500244140625,1256.75,1212.1068115234375,1750934
2022-10-24,M&M.NS,Mahindra & Mahindra,Auto & Turnaround Giant,1261.0,1278.0,1261.0,1270.949951171875,1225.8023681640625,318933
2022-10-25,M&M.NS,Mahindra & Mahindra,Auto & Turnaround Giant,1270.949951171875,1283.8499755859375,1259.5999755859375,1281.4000244140625,1235.881103515625,2809493
2022-10-27,M&M.NS,Mahindra & Mahindra,Auto & Turnaround Giant,1283.300048828125,1299.8499755859375,1279.050048828125,1294.1500244140625,1248.17822265625,3279938
2022-10-28,M&M.NS,Mahindra & Mahindra,Auto & Turnaround Giant,1300.6500244140625,1315.9000244140625,1290.0,1311.6500244140625,1265.056640625,2111224
2022-10-31,M&M.NS,Mahindra & Mahindra,Auto & Turnaround Giant,1318.25,1358.5,1316.5999755859375,1348.5999755859375,1300.6939697265625,4306893
2022-11-01,M&M.NS,Mahindra & Mahindra,Auto & Turnaround Giant,1361.0,1366.550048828125,1349.3499755859375,1354.050048828125,1305.950439453125,3405472
2022-11-02,M&M.NS,Mahindra & Mahindra,Auto & Turnaround Giant,1354.050048828125,1361.0,1338.5999755859375,1352.3499755859375,1304.3106689453125,2298917
2022-11-03,M&M.NS,Mahindra & Mahindra,Auto & Turnaround Giant,1340.0,1355.0,1328.550048828125,1335.4000244140625,1287.9630126953125,1931917
2022-11-04,M&M.NS,Mahindra & Mahindra,Auto & Turnaround Giant,1338.0,1352.0,1331.0,1338.300048828125,1290.7598876953125,2204968
2022-11-07,M&M.NS,Mahindra & Mahindra,Auto & Turnaround Giant,1345.0,1355.5999755859375,1336.5999755859375,1351.300048828125,1303.298095703125,2599224
2022-11-09,M&M.NS,Mahindra & Mahindra,Auto & Turnaround Giant,1364.8499755859375,1364.8499755859375,1331.0,1337.550048828125,1290.0364990234375,2459869
2022-11-10,M&M.NS,Mahindra & Mahindra,Auto & Turnaround Giant,1339.0,1339.0,1290.5999755859375,1298.199951171875,1252.0843505859375,2792546
2022-11-11,M&M.NS,Mahindra & Mahindra,Auto & Turnaround Giant,1305.0999755859375,1318.75,1278.550048828125,1287.0999755859375,1241.3785400390625,5308986
2022-11-14,M&M.NS,Mahindra & Mahindra,Auto & Turnaround Giant,1304.0,1309.699951171875,1268.050048828125,1278.1500244140625,1232.7467041015625,3794391
2022-11-15,M&M.NS,Mahindra & Mahindra,Auto & Turnaround Giant,1284.550048828125,1296.300048828125,1275.25,1291.699951171875,1245.8150634765625,3192070
2022-11-16,M&M.NS,Mahindra & Mahindra,Auto & Turnaround Giant,1288.949951171875,1295.0,1276.0,1286.699951171875,1240.9927978515625,2478281
2022-11-17,M&M.NS,Mahindra & Mahindra,Auto & Turnaround Giant,1280.199951171875,1285.0,1254.1500244140625,1259.3499755859375,1214.6143798828125,2319979
2022-11-18,M&M.NS,Mahindra & Mahindra,Auto & Turnaround Giant,1250.050048828125,1255.949951171875,1217.25,1227.1500244140625,1183.5582275390625,4525364
2022-11-21,M&M.NS,Mahindra & Mahindra,Auto & Turnaround Giant,1218.0,1234.9000244140625,1202.0,1218.25,1174.9744873046875,4120736
2022-11-22,M&M.NS,Mahindra & Mahindra,Auto & Turnaround Giant,1220.6500244140625,1235.449951171875,1215.949951171875,1228.449951171875,1184.8118896484375,2469455
2022-11-23,M&M.NS,Mahindra & Mahindra,Auto & Turnaround Giant,1234.5999755859375,1240.3499755859375,1224.0,1235.699951171875,1191.8045654296875,2396267
2022-11-24,M&M.NS,Mahindra & Mahindra,Auto & Turnaround Giant,1241.9000244140625,1257.0,1238.6500244140625,1254.050048828125,1209.5028076171875,2133523
2022-11-25,M&M.NS,Mahindra & Mahindra,Auto & Turnaround Giant,1258.0,1267.699951171875,1246.0,1260.800048828125,1216.012939453125,1370326
2022-11-28,M&M.NS,Mahindra & Mahindra,Auto & Turnaround Giant,1258.9000244140625,1272.0,1246.0,1250.699951171875,1206.2716064453125,2126619
2022-11-29,M&M.NS,Mahindra & Mahindra,Auto & Turnaround Giant,1256.0,1265.0,1248.550048828125,1257.0999755859375,1212.4442138671875,2435651
2022-11-30,M&M.NS,Mahindra & Mahindra,Auto & Turnaround Giant,1262.0999755859375,1316.0,1257.6500244140625,1305.5999755859375,1259.221435546875,7536690
2022-12-01,M&M.NS,Mahindra & Mahindra,Auto & Turnaround Giant,1315.0,1316.949951171875,1288.0,1293.449951171875,1247.503173828125,2613761
2022-12-02,M&M.NS,Mahindra & Mahindra,Auto & Turnaround Giant,1286.449951171875,1293.800048828125,1260.0,1264.5999755859375,1219.677978515625,2892150
2022-12-05,M&M.NS,Mahindra & Mahindra,Auto & Turnaround Giant,1269.449951171875,1269.449951171875,1252.5999755859375,1259.800048828125,1215.0484619140625,2764806
2022-12-06,M&M.NS,Mahindra & Mahindra,Auto & Turnaround Giant,1248.5,1265.449951171875,1248.5,1263.050048828125,1218.18310546875,1686075
2022-12-07,M&M.NS,Mahindra & Mahindra,Auto & Turnaround Giant,1262.0,1268.9000244140625,1252.4000244140625,1266.5999755859375,1221.60693359375,1731982
2022-12-08,M&M.NS,Mahindra & Mahindra,Auto & Turnaround Giant,1272.949951171875,1282.0,1269.5,1274.3499755859375,1229.08154296875,1906386
2022-12-09,M&M.NS,Mahindra & Mahindra,Auto & Turnaround Giant,1281.5,1284.6500244140625,1256.5,1265.4000244140625,1220.4495849609375,1308941
2022-12-12,M&M.NS,Mahindra & Mahindra,Auto & Turnaround Giant,1263.9000244140625,1277.300048828125,1256.5,1264.0,1219.0992431640625,1723401
2022-12-13,M&M.NS,Mahindra & Mahindra,Auto & Turnaround Giant,1268.0,1285.949951171875,1267.0,1283.3499755859375,1237.7618408203125,2164600
2022-12-14,M&M.NS,Mahindra & Mahindra,Auto & Turnaround Giant,1287.0,1291.0,1276.449951171875,1286.449951171875,1240.7518310546875,1436837
2022-12-15,M&M.NS,Mahindra & Mahindra,Auto & Turnaround Giant,1285.9000244140625,1293.5,1281.75,1286.949951171875,1241.2340087890625,2417555
2022-12-16,M&M.NS,Mahindra & Mahindra,Auto & Turnaround Giant,1277.949951171875,1287.0,1250.0,1251.5999755859375,1207.1397705078125,2136354
2022-12-19,M&M.NS,Mahindra & Mahindra,Auto & Turnaround Giant,1250.9000244140625,1294.9000244140625,1245.050048828125,1290.6500244140625,1244.802490234375,2767603
2022-12-20,M&M.NS,Mahindra & Mahindra,Auto & Turnaround Giant,1287.949951171875,1288.0,1263.0999755859375,1275.25,1229.9495849609375,1286604
2022-12-21,M&M.NS,Mahindra & Mahindra,Auto & Turnaround Giant,1279.9000244140625,1284.5,1258.5,1265.699951171875,1220.7386474609375,1251993
2022-12-22,M&M.NS,Mahindra & Mahindra,Auto & Turnaround Giant,1265.699951171875,1277.6500244140625,1229.300048828125,1233.949951171875,1190.1165771484375,1557590
2022-12-23,M&M.NS,Mahindra & Mahindra,Auto & Turnaround Giant,1220.0,1230.0,1208.0,1224.5999755859375,1181.0986328125,1913648
2022-12-26,M&M.NS,Mahindra & Mahindra,Auto & Turnaround Giant,1224.5999755859375,1247.4000244140625,1216.300048828125,1237.050048828125,1193.1064453125,1677560
2022-12-27,M&M.NS,Mahindra & Mahindra,Auto & Turnaround Giant,1243.25,1248.5,1223.949951171875,1234.25,1190.406005859375,1304940
2022-12-28,M&M.NS,Mahindra & Mahindra,Auto & Turnaround Giant,1229.8499755859375,1255.0,1225.0,1252.3499755859375,1207.8631591796875,1959508
2022-12-29,M&M.NS,Mahindra & Mahindra,Auto & Turnaround Giant,1247.699951171875,1267.5999755859375,1238.550048828125,1262.3499755859375,1217.5079345703125,1289676
2022-12-30,M&M.NS,Mahindra & Mahindra,Auto & Turnaround Giant,1265.3499755859375,1265.3499755859375,1245.0,1249.199951171875,1204.824951171875,1372710
2023-01-02,M&M.NS,Mahindra & Mahindra,Auto & Turnaround Giant,1251.0,1271.0,1242.5999755859375,1262.8499755859375,1217.989990234375,1718385
2023-01-03,M&M.NS,Mahindra & Mahindra,Auto & Turnaround Giant,1263.0,1265.0,1246.699951171875,1249.300048828125,1204.92138671875,1510751
2023-01-04,M&M.NS,Mahindra & Mahindra,Auto & Turnaround Giant,1252.3499755859375,1255.800048828125,1231.0,1236.199951171875,1192.286865234375,1344532
2023-01-05,M&M.NS,Mahindra & Mahindra,Auto & Turnaround Giant,1240.0,1255.0,1231.0,1252.6500244140625,1208.15234375,2745160
2023-01-06,M&M.NS,Mahindra & Mahindra,Auto & Turnaround Giant,1252.6500244140625,1274.949951171875,1248.1500244140625,1264.9000244140625,1219.9671630859375,2214972
2023-01-09,M&M.NS,Mahindra & Mahindra,Auto & Turnaround Giant,1272.949951171875,1313.9000244140625,1271.6500244140625,1310.3499755859375,1263.8026123046875,3634805
2023-01-10,M&M.NS,Mahindra & Mahindra,Auto & Turnaround Giant,1310.5,1326.4000244140625,1305.75,1314.9000244140625,1268.191162109375,3139930
2023-01-11,M&M.NS,Mahindra & Mahindra,Auto & Turnaround Giant,1315.5,1320.0,1300.5,1312.5999755859375,1265.9727783203125,2041750
2023-01-12,M&M.NS,Mahindra & Mahindra,Auto & Turnaround Giant,1316.0,1327.0,1310.0,1319.9000244140625,1273.0135498046875,2448619
2023-01-13,M&M.NS,Mahindra & Mahindra,Auto & Turnaround Giant,1325.0,1337.0,1311.5999755859375,1328.1500244140625,1280.9703369140625,2600139
2023-01-16,M&M.NS,Mahindra & Mahindra,Auto & Turnaround Giant,1333.0,1335.25,1302.949951171875,1315.5999755859375,1268.8663330078125,1651972
2023-01-17,M&M.NS,Mahindra & Mahindra,Auto & Turnaround Giant,1318.949951171875,1323.8499755859375,1304.0999755859375,1320.8499755859375,1273.9296875,1607137
2023-01-18,M&M.NS,Mahindra & Mahindra,Auto & Turnaround Giant,1320.3499755859375,1325.0,1308.0999755859375,1322.1500244140625,1275.18359375,1179938
2023-01-19,M&M.NS,Mahindra & Mahindra,Auto & Turnaround Giant,1317.5999755859375,1328.699951171875,1312.300048828125,1319.550048828125,1272.676025390625,2066881
2023-01-20,M&M.NS,Mahindra & Mahindra,Auto & Turnaround Giant,1324.050048828125,1325.0,1311.6500244140625,1314.75,1268.04638671875,1332666
2023-01-23,M&M.NS,Mahindra & Mahindra,Auto & Turnaround Giant,1321.3499755859375,1345.949951171875,1312.300048828125,1328.449951171875,1281.259765625,1681075
2023-01-24,M&M.NS,Mahindra & Mahindra,Auto & Turnaround Giant,1335.0999755859375,1335.0999755859375,1321.050048828125,1323.9000244140625,1276.8714599609375,1408040
2023-01-25,M&M.NS,Mahindra & Mahindra,Auto & Turnaround Giant,1324.9000244140625,1332.0,1306.050048828125,1311.5,1264.911865234375,1359090
2023-01-27,M&M.NS,Mahindra & Mahindra,Auto & Turnaround Giant,1318.0999755859375,1339.800048828125,1286.6500244140625,1320.199951171875,1273.3028564453125,1914769
2023-01-30,M&M.NS,Mahindra & Mahindra,Auto & Turnaround Giant,1320.0999755859375,1342.0,1305.0,1331.5999755859375,1284.2978515625,2402331
2023-01-31,M&M.NS,Mahindra & Mahindra,Auto & Turnaround Giant,1350.300048828125,1385.5,1335.300048828125,1378.75,1329.77294921875,5265862
2023-02-01,M&M.NS,Mahindra & Mahindra,Auto & Turnaround Giant,1386.550048828125,1390.0,1322.0,1352.050048828125,1304.0216064453125,3010838
2023-02-02,M&M.NS,Mahindra & Mahindra,Auto & Turnaround Giant,1348.050048828125,1378.199951171875,1330.5,1352.4000244140625,1304.3590087890625,2029111
2023-02-03,M&M.NS,Mahindra & Mahindra,Auto & Turnaround Giant,1359.199951171875,1391.949951171875,1350.550048828125,1388.0,1338.6944580078125,1803085
2023-02-06,M&M.NS,Mahindra & Mahindra,Auto & Turnaround Giant,1391.9000244140625,1391.9000244140625,1360.0,1376.0,1327.1207275390625,1504382
2023-02-07,M&M.NS,Mahindra & Mahindra,Auto & Turnaround Giant,1382.9000244140625,1385.0,1361.0,1366.699951171875,1318.1510009765625,1413825
2023-02-08,M&M.NS,Mahindra & Mahindra,Auto & Turnaround Giant,1373.550048828125,1380.0,1360.0,1373.050048828125,1324.2755126953125,1241238
2023-02-09,M&M.NS,Mahindra & Mahindra,Auto & Turnaround Giant,1372.0,1386.0,1363.0,1372.199951171875,1323.45556640625,1866387
2023-02-10,M&M.NS,Mahindra & Mahindra,Auto & Turnaround Giant,1378.550048828125,1386.949951171875,1350.800048828125,1365.449951171875,1316.9453125,3282665
2023-02-13,M&M.NS,Mahindra & Mahindra,Auto & Turnaround Giant,1375.0,1384.0,1325.050048828125,1353.0,1304.937744140625,4401219
2023-02-14,M&M.NS,Mahindra & Mahindra,Auto & Turnaround Giant,1358.0,1377.0,1350.0,1363.1500244140625,1314.7271728515625,2373179
2023-02-15,M&M.NS,Mahindra & Mahindra,Auto & Turnaround Giant,1364.199951171875,1383.1500244140625,1360.050048828125,1379.3499755859375,1330.3516845703125,2007214
2023-02-16,M&M.NS,Mahindra & Mahindra,Auto & Turnaround Giant,1380.0999755859375,1397.0,1363.199951171875,1368.1500244140625,1319.5496826171875,2646301
2023-02-17,M&M.NS,Mahindra & Mahindra,Auto & Turnaround Giant,1359.949951171875,1372.550048828125,1332.300048828125,1341.5,1293.84619140625,2150027
2023-02-20,M&M.NS,Mahindra & Mahindra,Auto & Turnaround Giant,1342.0999755859375,1354.949951171875,1332.5999755859375,1346.25,1298.4276123046875,1497314
2023-02-21,M&M.NS,Mahindra & Mahindra,Auto & Turnaround Giant,1354.5,1362.4000244140625,1341.0,1351.8499755859375,1303.8284912109375,2118816
2023-02-22,M&M.NS,Mahindra & Mahindra,Auto & Turnaround Giant,1346.9000244140625,1352.8499755859375,1311.1500244140625,1319.75,1272.868896484375,2196484
2023-02-23,M&M.NS,Mahindra & Mahindra,Auto & Turnaround Giant,1325.25,1326.25,1305.0,1313.949951171875,1267.2747802734375,1847879
2023-02-24,M&M.NS,Mahindra & Mahindra,Auto & Turnaround Giant,1320.199951171875,1320.550048828125,1278.199951171875,1280.199951171875,1234.723876953125,2824384
2023-02-27,M&M.NS,Mahindra & Mahindra,Auto & Turnaround Giant,1270.050048828125,1285.4000244140625,1248.4000244140625,1257.4000244140625,1212.7335205078125,2019964
2023-02-28,M&M.NS,Mahindra & Mahindra,Auto & Turnaround Giant,1263.699951171875,1293.25,1260.0,1269.5999755859375,1224.500244140625,3407211
2023-03-01,M&M.NS,Mahindra & Mahindra,Auto & Turnaround Giant,1275.949951171875,1305.550048828125,1269.050048828125,1272.1500244140625,1226.959716796875,2338935
2023-03-02,M&M.NS,Mahindra & Mahindra,Auto & Turnaround Giant,1278.550048828125,1278.550048828125,1250.0,1251.550048828125,1207.0916748046875,1563750
2023-03-03,M&M.NS,Mahindra & Mahindra,Auto & Turnaround Giant,1257.9000244140625,1276.949951171875,1253.25,1268.5999755859375,1223.5357666015625,1493291
2023-03-06,M&M.NS,Mahindra & Mahindra,Auto & Turnaround Giant,1269.550048828125,1284.25,1268.0,1270.449951171875,1225.320068359375,1570410
2023-03-08,M&M.NS,Mahindra & Mahindra,Auto & Turnaround Giant,1270.0,1291.949951171875,1258.300048828125,1289.949951171875,1244.1273193359375,2370800
2023-03-09,M&M.NS,Mahindra & Mahindra,Auto & Turnaround Giant,1291.0,1294.800048828125,1244.949951171875,1248.1500244140625,1203.812255859375,3596577
2023-03-10,M&M.NS,Mahindra & Mahindra,Auto & Turnaround Giant,1249.0,1256.699951171875,1225.3499755859375,1226.699951171875,1183.1240234375,2664696
2023-03-13,M&M.NS,Mahindra & Mahindra,Auto & Turnaround Giant,1222.699951171875,1231.0,1182.449951171875,1193.449951171875,1151.05517578125,3842775
2023-03-14,M&M.NS,Mahindra & Mahindra,Auto & Turnaround Giant,1192.300048828125,1192.4000244140625,1156.8499755859375,1160.800048828125,1119.5653076171875,5379592
2023-03-15,M&M.NS,Mahindra & Mahindra,Auto & Turnaround Giant,1167.0,1174.4000244140625,1153.199951171875,1160.3499755859375,1119.131103515625,2226887
2023-03-16,M&M.NS,Mahindra & Mahindra,Auto & Turnaround Giant,1160.0,1175.25,1140.1500244140625,1167.050048828125,1125.5931396484375,3604480
2023-03-17,M&M.NS,Mahindra & Mahindra,Auto & Turnaround Giant,1172.9000244140625,1186.25,1152.0,1171.5,1129.885009765625,3683701
2023-03-20,M&M.NS,Mahindra & Mahindra,Auto & Turnaround Giant,1169.949951171875,1179.1500244140625,1145.0,1167.6500244140625,1126.1719970703125,2082268
2023-03-21,M&M.NS,Mahindra & Mahindra,Auto & Turnaround Giant,1170.5999755859375,1175.0,1156.4000244140625,1160.300048828125,1119.0828857421875,2209422
2023-03-22,M&M.NS,Mahindra & Mahindra,Auto & Turnaround Giant,1167.5,1180.5,1159.1500244140625,1164.0999755859375,1122.748046875,2211909
2023-03-23,M&M.NS,Mahindra & Mahindra,Auto & Turnaround Giant,1161.0,1175.0,1153.800048828125,1164.949951171875,1123.567626953125,2594282
2023-03-24,M&M.NS,Mahindra & Mahindra,Auto & Turnaround Giant,1160.550048828125,1170.550048828125,1147.0999755859375,1150.800048828125,1109.9205322265625,1839876
2023-03-27,M&M.NS,Mahindra & Mahindra,Auto & Turnaround Giant,1141.5,1150.5999755859375,1125.5,1137.9000244140625,1097.4786376953125,2446528
2023-03-28,M&M.NS,Mahindra & Mahindra,Auto & Turnaround Giant,1143.5999755859375,1149.0,1123.4000244140625,1128.300048828125,1088.2197265625,1903339
2023-03-29,M&M.NS,Mahindra & Mahindra,Auto & Turnaround Giant,1133.949951171875,1152.449951171875,1132.0,1144.300048828125,1103.6513671875,4003003
2023-03-31,M&M.NS,Mahindra & Mahindra,Auto & Turnaround Giant,1147.5999755859375,1163.0,1145.8499755859375,1158.699951171875,1117.539794921875,2343070
2023-04-03,M&M.NS,Mahindra & Mahindra,Auto & Turnaround Giant,1161.300048828125,1180.0,1155.300048828125,1169.9000244140625,1128.3419189453125,2546562
2023-04-05,M&M.NS,Mahindra & Mahindra,Auto & Turnaround Giant,1172.0,1173.300048828125,1151.949951171875,1155.449951171875,1114.4051513671875,2028469
2023-04-06,M&M.NS,Mahindra & Mahindra,Auto & Turnaround Giant,1154.0,1175.0,1148.300048828125,1171.25,1129.6439208984375,2029418
2023-04-10,M&M.NS,Mahindra & Mahindra,Auto & Turnaround Giant,1171.25,1191.0,1171.25,1188.5999755859375,1146.377685546875,2586918
2023-04-11,M&M.NS,Mahindra & Mahindra,Auto & Turnaround Giant,1200.0,1204.199951171875,1188.199951171875,1201.699951171875,1159.01220703125,2443384
2023-04-12,M&M.NS,Mahindra & Mahindra,Auto & Turnaround Giant,1203.5,1212.949951171875,1198.5999755859375,1207.3499755859375,1164.4615478515625,2469405
2023-04-13,M&M.NS,Mahindra & Mahindra,Auto & Turnaround Giant,1213.449951171875,1222.199951171875,1199.550048828125,1204.550048828125,1161.760986328125,4470196
2023-04-17,M&M.NS,Mahindra & Mahindra,Auto & Turnaround Giant,1218.949951171875,1218.949951171875,1203.4000244140625,1212.949951171875,1169.8626708984375,1956198
2023-04-18,M&M.NS,Mahindra & Mahindra,Auto & Turnaround Giant,1213.0,1217.9000244140625,1202.5999755859375,1204.699951171875,1161.9056396484375,2075066
2023-04-19,M&M.NS,Mahindra & Mahindra,Auto & Turnaround Giant,1204.6500244140625,1217.949951171875,1203.4000244140625,1215.5,1172.322021484375,1818732
2023-04-20,M&M.NS,Mahindra & Mahindra,Auto & Turnaround Giant,1218.0,1224.9000244140625,1214.550048828125,1218.5999755859375,1175.3118896484375,2172677
2023-04-21,M&M.NS,Mahindra & Mahindra,Auto & Turnaround Giant,1221.949951171875,1221.949951171875,1209.050048828125,1212.75,1169.669677734375,1015815
2023-04-24,M&M.NS,Mahindra & Mahindra,Auto & Turnaround Giant,1210.4000244140625,1217.0999755859375,1196.0,1207.75,1164.847412109375,1389756
2023-04-25,M&M.NS,Mahindra & Mahindra,Auto & Turnaround Giant,1207.75,1215.0,1199.4000244140625,1209.8499755859375,1166.872802734375,1360260
2023-04-26,M&M.NS,Mahindra & Mahindra,Auto & Turnaround Giant,1212.0,1217.25,1205.300048828125,1213.550048828125,1170.44140625,1708865
2023-04-27,M&M.NS,Mahindra & Mahindra,Auto & Turnaround Giant,1210.050048828125,1225.0,1210.050048828125,1224.0,1180.5201416015625,1340045
2023-04-28,M&M.NS,Mahindra & Mahindra,Auto & Turnaround Giant,1225.0,1228.75,1211.5,1226.9000244140625,1183.317138671875,2333102
2023-05-02,M&M.NS,Mahindra & Mahindra,Auto & Turnaround Giant,1230.0,1240.800048828125,1217.5,1237.300048828125,1193.34765625,2607580
2023-05-03,M&M.NS,Mahindra & Mahindra,Auto & Turnaround Giant,1237.300048828125,1242.0,1230.0999755859375,1235.449951171875,1191.5633544921875,1307304
2023-05-04,M&M.NS,Mahindra & Mahindra,Auto & Turnaround Giant,1235.0,1238.050048828125,1228.0,1231.699951171875,1187.946533203125,1541188
2023-05-05,M&M.NS,Mahindra & Mahindra,Auto & Turnaround Giant,1232.800048828125,1242.3499755859375,1208.050048828125,1211.199951171875,1168.1748046875,4753718
2023-05-08,M&M.NS,Mahindra & Mahindra,Auto & Turnaround Giant,1216.949951171875,1239.8499755859375,1213.699951171875,1231.800048828125,1188.043212890625,3513667
2023-05-09,M&M.NS,Mahindra & Mahindra,Auto & Turnaround Giant,1239.0,1250.0,1234.050048828125,1245.449951171875,1201.2081298828125,1846359
2023-05-10,M&M.NS,Mahindra & Mahindra,Auto & Turnaround Giant,1250.0,1255.800048828125,1235.0,1248.6500244140625,1204.2945556640625,2108081
2023-05-11,M&M.NS,Mahindra & Mahindra,Auto & Turnaround Giant,1250.0,1260.8499755859375,1244.1500244140625,1251.300048828125,1206.8505859375,4100467
2023-05-12,M&M.NS,Mahindra & Mahindra,Auto & Turnaround Giant,1256.4000244140625,1278.800048828125,1251.300048828125,1275.949951171875,1230.624755859375,2427624
2023-05-15,M&M.NS,Mahindra & Mahindra,Auto & Turnaround Giant,1279.9000244140625,1287.75,1272.5999755859375,1285.6500244140625,1239.9801025390625,2647630
2023-05-16,M&M.NS,Mahindra & Mahindra,Auto & Turnaround Giant,1287.0,1291.699951171875,1258.8499755859375,1262.449951171875,1217.604248046875,1571371
2023-05-17,M&M.NS,Mahindra & Mahindra,Auto & Turnaround Giant,1265.0,1271.699951171875,1260.699951171875,1263.0999755859375,1218.231201171875,1643851
2023-05-18,M&M.NS,Mahindra & Mahindra,Auto & Turnaround Giant,1269.949951171875,1269.949951171875,1241.25,1245.5,1201.2564697265625,1900447
2023-05-19,M&M.NS,Mahindra & Mahindra,Auto & Turnaround Giant,1252.9000244140625,1262.449951171875,1237.449951171875,1260.4000244140625,1215.627197265625,1588996
2023-05-22,M&M.NS,Mahindra & Mahindra,Auto & Turnaround Giant,1259.25,1269.449951171875,1251.300048828125,1265.550048828125,1220.59423828125,917769
2023-05-23,M&M.NS,Mahindra & Mahindra,Auto & Turnaround Giant,1265.550048828125,1270.75,1256.550048828125,1268.550048828125,1223.487548828125,1803955
2023-05-24,M&M.NS,Mahindra & Mahindra,Auto & Turnaround Giant,1260.0,1278.0,1254.5,1275.699951171875,1230.383544921875,1369297
2023-05-25,M&M.NS,Mahindra & Mahindra,Auto & Turnaround Giant,1280.0,1280.800048828125,1257.550048828125,1277.800048828125,1232.4090576171875,2040166
2023-05-26,M&M.NS,Mahindra & Mahindra,Auto & Turnaround Giant,1290.0,1292.800048828125,1268.3499755859375,1281.8499755859375,1236.3150634765625,3508112
2023-05-29,M&M.NS,Mahindra & Mahindra,Auto & Turnaround Giant,1321.5,1350.0,1298.0,1330.1500244140625,1282.8994140625,6185862
2023-05-30,M&M.NS,Mahindra & Mahindra,Auto & Turnaround Giant,1329.949951171875,1335.300048828125,1320.0,1328.449951171875,1281.259765625,2493657
2023-05-31,M&M.NS,Mahindra & Mahindra,Auto & Turnaround Giant,1325.0,1328.25,1303.25,1319.0,1272.1455078125,5629378
2023-06-01,M&M.NS,Mahindra & Mahindra,Auto & Turnaround Giant,1319.0,1337.699951171875,1312.800048828125,1318.9000244140625,1272.0489501953125,2364455
2023-06-02,M&M.NS,Mahindra & Mahindra,Auto & Turnaround Giant,1324.8499755859375,1345.0,1320.300048828125,1341.4000244140625,1293.749755859375,2313841
2023-06-05,M&M.NS,Mahindra & Mahindra,Auto & Turnaround Giant,1349.800048828125,1401.0,1346.3499755859375,1395.4000244140625,1345.83154296875,5105293
2023-06-06,M&M.NS,Mahindra & Mahindra,Auto & Turnaround Giant,1395.4000244140625,1414.9000244140625,1388.050048828125,1411.199951171875,1361.0701904296875,2335838
2023-06-07,M&M.NS,Mahindra & Mahindra,Auto & Turnaround Giant,1422.800048828125,1422.800048828125,1395.0,1406.4000244140625,1356.4407958984375,2491079
2023-06-08,M&M.NS,Mahindra & Mahindra,Auto & Turnaround Giant,1412.699951171875,1415.550048828125,1377.5,1381.050048828125,1331.9912109375,1776230
2023-06-09,M&M.NS,Mahindra & Mahindra,Auto & Turnaround Giant,1380.75,1387.0,1363.0,1370.6500244140625,1321.9608154296875,1881329
2023-06-12,M&M.NS,Mahindra & Mahindra,Auto & Turnaround Giant,1377.9000244140625,1384.800048828125,1369.300048828125,1381.4000244140625,1332.328857421875,1389300
2023-06-13,M&M.NS,Mahindra & Mahindra,Auto & Turnaround Giant,1383.1500244140625,1388.5,1368.199951171875,1373.1500244140625,1324.3720703125,2516583
2023-06-14,M&M.NS,Mahindra & Mahindra,Auto & Turnaround Giant,1374.0,1381.0,1366.0,1378.6500244140625,1329.676513671875,905086
2023-06-15,M&M.NS,Mahindra & Mahindra,Auto & Turnaround Giant,1381.800048828125,1407.199951171875,1371.5,1392.75,1343.2757568359375,1720070
2023-06-16,M&M.NS,Mahindra & Mahindra,Auto & Turnaround Giant,1399.0,1409.800048828125,1393.4000244140625,1403.8499755859375,1353.9814453125,2132678
2023-06-19,M&M.NS,Mahindra & Mahindra,Auto & Turnaround Giant,1409.5,1415.3499755859375,1396.0,1402.550048828125,1352.7275390625,1476764
2023-06-20,M&M.NS,Mahindra & Mahindra,Auto & Turnaround Giant,1402.5999755859375,1409.9000244140625,1380.699951171875,1396.449951171875,1346.8441162109375,1042428
2023-06-21,M&M.NS,Mahindra & Mahindra,Auto & Turnaround Giant,1394.050048828125,1403.4000244140625,1370.6500244140625,1374.25,1325.4327392578125,2008628
2023-06-22,M&M.NS,Mahindra & Mahindra,Auto & Turnaround Giant,1379.0,1392.0,1374.6500244140625,1378.699951171875,1329.724609375,1296616
2023-06-23,M&M.NS,Mahindra & Mahindra,Auto & Turnaround Giant,1376.9000244140625,1379.5999755859375,1368.5,1373.25,1324.4683837890625,1258590
2023-06-26,M&M.NS,Mahindra & Mahindra,Auto & Turnaround Giant,1375.0,1404.9000244140625,1369.949951171875,1397.6500244140625,1348.0015869140625,2281046
2023-06-27,M&M.NS,Mahindra & Mahindra,Auto & Turnaround Giant,1406.699951171875,1417.0,1393.5999755859375,1402.4000244140625,1352.5828857421875,2737379
2023-06-28,M&M.NS,Mahindra & Mahindra,Auto & Turnaround Giant,1408.949951171875,1413.75,1390.1500244140625,1395.0,1345.44580078125,2611913
2023-06-30,M&M.NS,Mahindra & Mahindra,Auto & Turnaround Giant,1402.6500244140625,1461.0,1400.0,1453.5999755859375,1401.9639892578125,4114865
2023-07-03,M&M.NS,Mahindra & Mahindra,Auto & Turnaround Giant,1470.0,1498.050048828125,1459.300048828125,1467.949951171875,1415.80419921875,3615176
2023-07-04,M&M.NS,Mahindra & Mahindra,Auto & Turnaround Giant,1487.0,1487.0,1462.0999755859375,1464.449951171875,1412.4285888671875,1595700
2023-07-05,M&M.NS,Mahindra & Mahindra,Auto & Turnaround Giant,1463.949951171875,1478.0,1457.0999755859375,1475.3499755859375,1422.9415283203125,1456527
2023-07-06,M&M.NS,Mahindra & Mahindra,Auto & Turnaround Giant,1477.8499755859375,1552.9000244140625,1472.6500244140625,1548.800048828125,1493.782470703125,5628945
2023-07-07,M&M.NS,Mahindra & Mahindra,Auto & Turnaround Giant,1546.9000244140625,1591.949951171875,1539.300048828125,1564.1500244140625,1508.587158203125,6905845
2023-07-10,M&M.NS,Mahindra & Mahindra,Auto & Turnaround Giant,1567.0,1579.0,1545.949951171875,1551.4000244140625,1496.2901611328125,2276342
2023-07-11,M&M.NS,Mahindra & Mahindra,Auto & Turnaround Giant,1558.25,1576.0,1550.4000244140625,1569.449951171875,1513.69873046875,1563376
2023-07-12,M&M.NS,Mahindra & Mahindra,Auto & Turnaround Giant,1569.0,1579.6500244140625,1541.6500244140625,1570.8499755859375,1515.049072265625,2658457
2023-07-13,M&M.NS,Mahindra & Mahindra,Auto & Turnaround Giant,1576.0,1594.800048828125,1558.449951171875,1566.9000244140625,1511.2393798828125,1859405
2023-07-14,M&M.NS,Mahindra & Mahindra,Auto & Turnaround Giant,1562.699951171875,1566.9000244140625,1542.699951171875,1546.550048828125,1507.24365234375,2174792
2023-07-17,M&M.NS,Mahindra & Mahindra,Auto & Turnaround Giant,1559.0,1559.0,1529.5,1536.300048828125,1497.254150390625,1520990
2023-07-18,M&M.NS,Mahindra & Mahindra,Auto & Turnaround Giant,1536.0,1542.1500244140625,1526.0,1534.699951171875,1495.6947021484375,1059058
2023-07-19,M&M.NS,Mahindra & Mahindra,Auto & Turnaround Giant,1530.199951171875,1549.5,1524.0,1544.449951171875,1505.1968994140625,1081196
2023-07-20,M&M.NS,Mahindra & Mahindra,Auto & Turnaround Giant,1550.050048828125,1553.75,1530.550048828125,1545.3499755859375,1506.0740966796875,1538263
2023-07-21,M&M.NS,Mahindra & Mahindra,Auto & Turnaround Giant,1548.949951171875,1552.5999755859375,1518.8499755859375,1523.5,1484.7794189453125,1668783
2023-07-24,M&M.NS,Mahindra & Mahindra,Auto & Turnaround Giant,1522.0,1557.0,1514.949951171875,1546.8499755859375,1507.535888671875,2129706
2023-07-25,M&M.NS,Mahindra & Mahindra,Auto & Turnaround Giant,1551.449951171875,1569.5,1548.050048828125,1565.75,1525.95556640625,1996604
2023-07-26,M&M.NS,Mahindra & Mahindra,Auto & Turnaround Giant,1570.1500244140625,1574.0,1532.0,1544.8499755859375,1505.5867919921875,2100855
2023-07-27,M&M.NS,Mahindra & Mahindra,Auto & Turnaround Giant,1499.0,1500.0,1438.3499755859375,1447.4000244140625,1410.613525390625,11879512
2023-07-28,M&M.NS,Mahindra & Mahindra,Auto & Turnaround Giant,1460.0,1471.0,1450.0,1467.800048828125,1430.4951171875,4714146
2023-07-31,M&M.NS,Mahindra & Mahindra,Auto & Turnaround Giant,1476.800048828125,1479.0,1457.5999755859375,1475.199951171875,1437.7069091796875,2460789
2023-08-01,M&M.NS,Mahindra & Mahindra,Auto & Turnaround Giant,1475.199951171875,1504.0,1470.199951171875,1493.3499755859375,1455.3956298828125,4184243
2023-08-02,M&M.NS,Mahindra & Mahindra,Auto & Turnaround Giant,1493.3499755859375,1497.0,1465.25,1485.300048828125,1447.5504150390625,3188395
2023-08-03,M&M.NS,Mahindra & Mahindra,Auto & Turnaround Giant,1485.0,1501.550048828125,1447.5999755859375,1469.1500244140625,1431.810791015625,2222395
2023-08-04,M&M.NS,Mahindra & Mahindra,Auto & Turnaround Giant,1481.0,1502.449951171875,1415.75,1464.6500244140625,1427.425048828125,8066091
2023-08-07,M&M.NS,Mahindra & Mahindra,Auto & Turnaround Giant,1489.0,1531.0,1480.75,1526.9000244140625,1488.0931396484375,9257291
2023-08-08,M&M.NS,Mahindra & Mahindra,Auto & Turnaround Giant,1530.0,1534.0,1485.0,1499.699951171875,1461.584228515625,3426948
2023-08-09,M&M.NS,Mahindra & Mahindra,Auto & Turnaround Giant,1505.0,1537.550048828125,1492.25,1534.75,1495.7435302734375,3713003
2023-08-10,M&M.NS,Mahindra & Mahindra,Auto & Turnaround Giant,1534.5,1556.050048828125,1531.800048828125,1545.4000244140625,1506.122802734375,3600607
2023-08-11,M&M.NS,Mahindra & Mahindra,Auto & Turnaround Giant,1548.550048828125,1559.5999755859375,1533.050048828125,1546.449951171875,1507.14599609375,2402812
2023-08-14,M&M.NS,Mahindra & Mahindra,Auto & Turnaround Giant,1544.949951171875,1550.75,1524.0,1546.8499755859375,1507.535888671875,1875450
2023-08-16,M&M.NS,Mahindra & Mahindra,Auto & Turnaround Giant,1559.050048828125,1573.0,1538.5999755859375,1570.5999755859375,1530.6822509765625,2361632
2023-08-17,M&M.NS,Mahindra & Mahindra,Auto & Turnaround Giant,1573.0,1579.050048828125,1560.1500244140625,1573.5,1533.5086669921875,2377711
2023-08-18,M&M.NS,Mahindra & Mahindra,Auto & Turnaround Giant,1568.75,1582.550048828125,1544.5999755859375,1552.6500244140625,1513.1885986328125,2202570
2023-08-21,M&M.NS,Mahindra & Mahindra,Auto & Turnaround Giant,1546.0,1552.6500244140625,1531.75,1538.550048828125,1499.4468994140625,1487526
2023-08-22,M&M.NS,Mahindra & Mahindra,Auto & Turnaround Giant,1538.0,1555.0,1534.75,1550.5,1511.0931396484375,975607
2023-08-23,M&M.NS,Mahindra & Mahindra,Auto & Turnaround Giant,1546.050048828125,1554.8499755859375,1536.0999755859375,1542.449951171875,1503.247802734375,1405076
2023-08-24,M&M.NS,Mahindra & Mahindra,Auto & Turnaround Giant,1550.050048828125,1554.949951171875,1528.050048828125,1542.199951171875,1503.004150390625,2111147
2023-08-25,M&M.NS,Mahindra & Mahindra,Auto & Turnaround Giant,1530.9000244140625,1547.25,1508.199951171875,1520.050048828125,1481.417236328125,1455320
2023-08-28,M&M.NS,Mahindra & Mahindra,Auto & Turnaround Giant,1528.0,1553.0,1524.0999755859375,1549.25,1509.875,2132512
2023-08-29,M&M.NS,Mahindra & Mahindra,Auto & Turnaround Giant,1554.9000244140625,1564.3499755859375,1540.0,1560.8499755859375,1521.1800537109375,1325882
2023-08-30,M&M.NS,Mahindra & Mahindra,Auto & Turnaround Giant,1569.0,1589.0,1559.800048828125,1583.199951171875,1542.9620361328125,3140040
2023-08-31,M&M.NS,Mahindra & Mahindra,Auto & Turnaround Giant,1588.949951171875,1590.0,1567.1500244140625,1575.4000244140625,1535.3604736328125,3512885
2023-09-01,M&M.NS,Mahindra & Mahindra,Auto & Turnaround Giant,1577.0,1604.5,1575.0,1591.949951171875,1551.4896240234375,2147299
2023-09-04,M&M.NS,Mahindra & Mahindra,Auto & Turnaround Giant,1605.9000244140625,1605.9000244140625,1564.199951171875,1576.4000244140625,1536.3349609375,2200142
2023-09-05,M&M.NS,Mahindra & Mahindra,Auto & Turnaround Giant,1577.5999755859375,1584.0999755859375,1565.25,1571.1500244140625,1531.2183837890625,1078759
2023-09-06,M&M.NS,Mahindra & Mahindra,Auto & Turnaround Giant,1577.0,1580.9000244140625,1558.699951171875,1577.0,1536.9195556640625,1301466
2023-09-07,M&M.NS,Mahindra & Mahindra,Auto & Turnaround Giant,1572.199951171875,1577.9000244140625,1560.25,1565.75,1525.95556640625,1514369
2023-09-08,M&M.NS,Mahindra & Mahindra,Auto & Turnaround Giant,1565.0999755859375,1578.0,1560.0,1567.550048828125,1527.7099609375,1223910
2023-09-11,M&M.NS,Mahindra & Mahindra,Auto & Turnaround Giant,1567.6500244140625,1589.0,1564.0,1582.0999755859375,1541.89013671875,1921950
2023-09-12,M&M.NS,Mahindra & Mahindra,Auto & Turnaround Giant,1582.199951171875,1589.449951171875,1513.050048828125,1557.949951171875,1518.3538818359375,3770868
2023-09-13,M&M.NS,Mahindra & Mahindra,Auto & Turnaround Giant,1564.0,1568.5999755859375,1530.0999755859375,1536.949951171875,1497.887451171875,2382637
2023-09-14,M&M.NS,Mahindra & Mahindra,Auto & Turnaround Giant,1545.0,1575.4000244140625,1538.3499755859375,1566.0,1526.19921875,2220196
2023-09-15,M&M.NS,Mahindra & Mahindra,Auto & Turnaround Giant,1579.6500244140625,1610.699951171875,1571.8499755859375,1601.0999755859375,1560.4071044921875,5425897
2023-09-18,M&M.NS,Mahindra & Mahindra,Auto & Turnaround Giant,1608.75,1670.0,1602.0999755859375,1641.449951171875,1599.731689453125,6887528
2023-09-20,M&M.NS,Mahindra & Mahindra,Auto & Turnaround Giant,1620.0999755859375,1665.0,1620.0999755859375,1634.0,1592.470947265625,6116670
2023-09-21,M&M.NS,Mahindra & Mahindra,Auto & Turnaround Giant,1637.800048828125,1656.199951171875,1575.0999755859375,1583.25,1543.0107421875,2898266
2023-09-22,M&M.NS,Mahindra & Mahindra,Auto & Turnaround Giant,1580.0,1617.949951171875,1566.0999755859375,1607.1500244140625,1566.303466796875,3827771
2023-09-25,M&M.NS,Mahindra & Mahindra,Auto & Turnaround Giant,1612.949951171875,1620.0,1582.3499755859375,1589.449951171875,1549.05322265625,3231962
2023-09-26,M&M.NS,Mahindra & Mahindra,Auto & Turnaround Giant,1589.449951171875,1606.5999755859375,1582.0,1595.199951171875,1554.6571044921875,1479841
2023-09-27,M&M.NS,Mahindra & Mahindra,Auto & Turnaround Giant,1594.8499755859375,1599.5999755859375,1583.25,1589.199951171875,1548.8096923828125,1991198
2023-09-28,M&M.NS,Mahindra & Mahindra,Auto & Turnaround Giant,1595.949951171875,1596.9000244140625,1544.0,1556.050048828125,1516.502197265625,2369699
2023-09-29,M&M.NS,Mahindra & Mahindra,Auto & Turnaround Giant,1574.0,1576.5,1550.0999755859375,1554.25,1514.7479248046875,1254881
2023-10-03,M&M.NS,Mahindra & Mahindra,Auto & Turnaround Giant,1597.199951171875,1598.0,1533.050048828125,1537.4000244140625,1498.326171875,3436776
2023-10-04,M&M.NS,Mahindra & Mahindra,Auto & Turnaround Giant,1531.800048828125,1537.9000244140625,1501.75,1522.0999755859375,1483.4149169921875,2580901
2023-10-05,M&M.NS,Mahindra & Mahindra,Auto & Turnaround Giant,1533.0,1550.800048828125,1513.050048828125,1537.949951171875,1498.862060546875,1991367
2023-10-06,M&M.NS,Mahindra & Mahindra,Auto & Turnaround Giant,1545.0,1554.0,1540.3499755859375,1548.8499755859375,1509.4852294921875,1743027
2023-10-09,M&M.NS,Mahindra & Mahindra,Auto & Turnaround Giant,1540.0,1541.25,1514.0,1515.199951171875,1476.6903076171875,2123175
2023-10-10,M&M.NS,Mahindra & Mahindra,Auto & Turnaround Giant,1521.449951171875,1543.8499755859375,1519.199951171875,1537.8499755859375,1498.7647705078125,1956653
2023-10-11,M&M.NS,Mahindra & Mahindra,Auto & Turnaround Giant,1540.0,1559.1500244140625,1540.0,1556.300048828125,1516.745849609375,1536986
2023-10-12,M&M.NS,Mahindra & Mahindra,Auto & Turnaround Giant,1559.0,1570.050048828125,1555.5999755859375,1566.6500244140625,1526.832763671875,1731806
2023-10-13,M&M.NS,Mahindra & Mahindra,Auto & Turnaround Giant,1560.5,1574.4000244140625,1550.300048828125,1562.449951171875,1522.7393798828125,1465554
2023-10-16,M&M.NS,Mahindra & Mahindra,Auto & Turnaround Giant,1562.8499755859375,1577.25,1558.5,1574.550048828125,1534.531982421875,1089610
2023-10-17,M&M.NS,Mahindra & Mahindra,Auto & Turnaround Giant,1575.0,1583.9000244140625,1568.5999755859375,1576.5999755859375,1536.52978515625,997962
2023-10-18,M&M.NS,Mahindra & Mahindra,Auto & Turnaround Giant,1576.5999755859375,1579.449951171875,1561.75,1574.8499755859375,1534.8243408203125,1212994
2023-10-19,M&M.NS,Mahindra & Mahindra,Auto & Turnaround Giant,1553.3499755859375,1578.9000244140625,1553.3499755859375,1569.550048828125,1529.6590576171875,1239578
2023-10-20,M&M.NS,Mahindra & Mahindra,Auto & Turnaround Giant,1566.0,1575.0,1545.0999755859375,1558.25,1518.646240234375,1435102
2023-10-23,M&M.NS,Mahindra & Mahindra,Auto & Turnaround Giant,1548.25,1574.9000244140625,1546.5,1565.1500244140625,1525.370849609375,4069167
2023-10-25,M&M.NS,Mahindra & Mahindra,Auto & Turnaround Giant,1574.0,1576.5999755859375,1547.0,1569.0999755859375,1529.220458984375,2510769
2023-10-26,M&M.NS,Mahindra & Mahindra,Auto & Turnaround Giant,1554.0,1558.199951171875,1500.0,1506.0999755859375,1467.8216552734375,3343802
2023-10-27,M&M.NS,Mahindra & Mahindra,Auto & Turnaround Giant,1508.3499755859375,1533.949951171875,1507.300048828125,1510.800048828125,1472.4022216796875,3341111
2023-10-30,M&M.NS,Mahindra & Mahindra,Auto & Turnaround Giant,1502.0999755859375,1515.449951171875,1463.199951171875,1497.800048828125,1459.732666015625,2637486
2023-10-31,M&M.NS,Mahindra & Mahindra,Auto & Turnaround Giant,1494.199951171875,1497.300048828125,1455.550048828125,1458.5999755859375,1421.52880859375,2555737
2023-11-01,M&M.NS,Mahindra & Mahindra,Auto & Turnaround Giant,1464.9000244140625,1485.0,1450.0,1454.5999755859375,1417.630615234375,2627536
2023-11-02,M&M.NS,Mahindra & Mahindra,Auto & Turnaround Giant,1465.0,1477.5,1452.5,1469.699951171875,1432.3468017578125,2091122
2023-11-03,M&M.NS,Mahindra & Mahindra,Auto & Turnaround Giant,1480.0,1488.0999755859375,1460.449951171875,1469.0,1431.6644287109375,2456723
2023-11-06,M&M.NS,Mahindra & Mahindra,Auto & Turnaround Giant,1481.800048828125,1492.199951171875,1473.550048828125,1488.300048828125,1450.4739990234375,1271868
2023-11-07,M&M.NS,Mahindra & Mahindra,Auto & Turnaround Giant,1488.25,1497.0,1475.0,1479.75,1442.141357421875,1940908
2023-11-08,M&M.NS,Mahindra & Mahindra,Auto & Turnaround Giant,1485.050048828125,1489.4000244140625,1474.0,1487.4000244140625,1449.5970458984375,1342202
2023-11-09,M&M.NS,Mahindra & Mahindra,Auto & Turnaround Giant,1487.4000244140625,1558.699951171875,1487.4000244140625,1552.050048828125,1512.603759765625,4831782
2023-11-10,M&M.NS,Mahindra & Mahindra,Auto & Turnaround Giant,1550.0,1551.0,1515.300048828125,1524.0999755859375,1485.3641357421875,4872228
2023-11-13,M&M.NS,Mahindra & Mahindra,Auto & Turnaround Giant,1526.25,1543.300048828125,1513.050048828125,1540.25,1501.103759765625,1968032
2023-11-15,M&M.NS,Mahindra & Mahindra,Auto & Turnaround Giant,1549.0,1550.800048828125,1533.550048828125,1544.1500244140625,1504.904541015625,2782942
2023-11-16,M&M.NS,Mahindra & Mahindra,Auto & Turnaround Giant,1544.199951171875,1583.949951171875,1538.5,1569.5,1529.6102294921875,3224223
2023-11-17,M&M.NS,Mahindra & Mahindra,Auto & Turnaround Giant,1575.0,1596.0,1572.6500244140625,1584.550048828125,1544.27783203125,2035309
2023-11-20,M&M.NS,Mahindra & Mahindra,Auto & Turnaround Giant,1589.800048828125,1589.800048828125,1540.5999755859375,1552.199951171875,1512.75,2918577
2023-11-21,M&M.NS,Mahindra & Mahindra,Auto & Turnaround Giant,1553.0,1571.4000244140625,1549.1500244140625,1559.75,1520.108154296875,2213144
2023-11-22,M&M.NS,Mahindra & Mahindra,Auto & Turnaround Giant,1560.0,1564.6500244140625,1535.0,1543.449951171875,1504.2222900390625,1269475
2023-11-23,M&M.NS,Mahindra & Mahindra,Auto & Turnaround Giant,1556.5999755859375,1560.949951171875,1535.0999755859375,1545.8499755859375,1506.561279296875,1552635
2023-11-24,M&M.NS,Mahindra & Mahindra,Auto & Turnaround Giant,1549.0,1559.5,1547.5,1553.199951171875,1513.724609375,1239270
2023-11-28,M&M.NS,Mahindra & Mahindra,Auto & Turnaround Giant,1553.199951171875,1572.0,1542.1500244140625,1566.050048828125,1526.2479248046875,2596766
2023-11-29,M&M.NS,Mahindra & Mahindra,Auto & Turnaround Giant,1576.0,1623.4000244140625,1567.25,1619.0999755859375,1577.94970703125,3581220
2023-11-30,M&M.NS,Mahindra & Mahindra,Auto & Turnaround Giant,1615.050048828125,1660.0,1613.699951171875,1647.75,1605.87158203125,5214960
2023-12-01,M&M.NS,Mahindra & Mahindra,Auto & Turnaround Giant,1656.0,1666.0,1621.199951171875,1625.5,1584.18701171875,2489755
2023-12-04,M&M.NS,Mahindra & Mahindra,Auto & Turnaround Giant,1662.8499755859375,1675.0,1639.449951171875,1656.8499755859375,1614.7403564453125,3001010
2023-12-05,M&M.NS,Mahindra & Mahindra,Auto & Turnaround Giant,1660.9000244140625,1708.0,1640.5999755859375,1686.050048828125,1643.1981201171875,3423953
2023-12-06,M&M.NS,Mahindra & Mahindra,Auto & Turnaround Giant,1688.0999755859375,1710.449951171875,1684.1500244140625,1702.4000244140625,1659.132568359375,2279220
2023-12-07,M&M.NS,Mahindra & Mahindra,Auto & Turnaround Giant,1703.0,1706.0,1681.6500244140625,1692.6500244140625,1649.63037109375,2461051
2023-12-08,M&M.NS,Mahindra & Mahindra,Auto & Turnaround Giant,1699.0,1708.1500244140625,1662.550048828125,1668.550048828125,1626.1429443359375,1942667
2023-12-11,M&M.NS,Mahindra & Mahindra,Auto & Turnaround Giant,1674.0,1674.449951171875,1647.0999755859375,1652.199951171875,1610.208251953125,2037178
2023-12-12,M&M.NS,Mahindra & Mahindra,Auto & Turnaround Giant,1663.0,1670.0,1626.5,1635.4000244140625,1593.83544921875,2051527
2023-12-13,M&M.NS,Mahindra & Mahindra,Auto & Turnaround Giant,1639.0,1670.5,1629.550048828125,1666.1500244140625,1623.803955078125,2247441
2023-12-14,M&M.NS,Mahindra & Mahindra,Auto & Turnaround Giant,1676.0,1709.8499755859375,1671.050048828125,1703.550048828125,1660.25341796875,3326228
2023-12-15,M&M.NS,Mahindra & Mahindra,Auto & Turnaround Giant,1727.9000244140625,1739.5999755859375,1698.0,1724.949951171875,1681.109375,3858594
2023-12-18,M&M.NS,Mahindra & Mahindra,Auto & Turnaround Giant,1720.0,1731.8499755859375,1698.75,1710.800048828125,1667.319091796875,1739425
2023-12-19,M&M.NS,Mahindra & Mahindra,Auto & Turnaround Giant,1720.0,1723.8499755859375,1691.300048828125,1699.3499755859375,1656.1600341796875,1660221
2023-12-20,M&M.NS,Mahindra & Mahindra,Auto & Turnaround Giant,1710.0,1711.949951171875,1640.5999755859375,1646.949951171875,1605.091796875,3047660
2023-12-21,M&M.NS,Mahindra & Mahindra,Auto & Turnaround Giant,1635.0,1653.1500244140625,1620.4000244140625,1633.8499755859375,1592.32470703125,3211338
2023-12-22,M&M.NS,Mahindra & Mahindra,Auto & Turnaround Giant,1630.0,1652.0,1622.75,1634.25,1592.714599609375,2751274
2023-12-26,M&M.NS,Mahindra & Mahindra,Auto & Turnaround Giant,1640.9000244140625,1669.0,1634.5,1662.25,1620.0030517578125,1203594
2023-12-27,M&M.NS,Mahindra & Mahindra,Auto & Turnaround Giant,1670.0,1691.800048828125,1660.25,1687.949951171875,1645.0498046875,1793638
2023-12-28,M&M.NS,Mahindra & Mahindra,Auto & Turnaround Giant,1688.949951171875,1739.949951171875,1688.4000244140625,1734.449951171875,1690.367919921875,2963938
2023-12-29,M&M.NS,Mahindra & Mahindra,Auto & Turnaround Giant,1730.0,1758.0,1715.0,1729.4000244140625,1685.4462890625,2273255
2024-01-01,M&M.NS,Mahindra & Mahindra,Auto & Turnaround Giant,1729.4000244140625,1730.0,1699.0,1703.300048828125,1660.009765625,1307485
2024-01-02,M&M.NS,Mahindra & Mahindra,Auto & Turnaround Giant,1703.5999755859375,1705.0,1649.449951171875,1656.199951171875,1614.106689453125,2857334
2024-01-03,M&M.NS,Mahindra & Mahindra,Auto & Turnaround Giant,1672.0,1678.199951171875,1648.050048828125,1655.25,1613.180908203125,1927812
2024-01-04,M&M.NS,Mahindra & Mahindra,Auto & Turnaround Giant,1666.9000244140625,1674.449951171875,1638.199951171875,1641.699951171875,1599.975341796875,2835768
2024-01-05,M&M.NS,Mahindra & Mahindra,Auto & Turnaround Giant,1647.949951171875,1661.5,1636.5,1642.0,1600.2677001953125,1709313
2024-01-08,M&M.NS,Mahindra & Mahindra,Auto & Turnaround Giant,1648.1500244140625,1653.4000244140625,1606.0999755859375,1616.1500244140625,1575.07470703125,1492195
2024-01-09,M&M.NS,Mahindra & Mahindra,Auto & Turnaround Giant,1625.0,1636.800048828125,1615.0,1629.9000244140625,1588.47509765625,2542484
2024-01-10,M&M.NS,Mahindra & Mahindra,Auto & Turnaround Giant,1645.0,1647.449951171875,1621.3499755859375,1632.800048828125,1591.3016357421875,1954233
2024-01-11,M&M.NS,Mahindra & Mahindra,Auto & Turnaround Giant,1643.9000244140625,1651.25,1625.8499755859375,1628.6500244140625,1587.257080078125,2228002
2024-01-12,M&M.NS,Mahindra & Mahindra,Auto & Turnaround Giant,1630.0,1633.8499755859375,1601.5,1624.449951171875,1583.1636962890625,3061539
2024-01-15,M&M.NS,Mahindra & Mahindra,Auto & Turnaround Giant,1635.0,1640.9000244140625,1616.0999755859375,1635.550048828125,1593.9815673828125,1405514
2024-01-16,M&M.NS,Mahindra & Mahindra,Auto & Turnaround Giant,1638.0,1640.0,1617.550048828125,1620.3499755859375,1579.1678466796875,2236688
2024-01-17,M&M.NS,Mahindra & Mahindra,Auto & Turnaround Giant,1612.0,1615.0,1591.0,1597.699951171875,1557.0936279296875,2548169
2024-01-18,M&M.NS,Mahindra & Mahindra,Auto & Turnaround Giant,1600.0,1623.300048828125,1580.6500244140625,1617.25,1576.146728515625,2328588
2024-01-19,M&M.NS,Mahindra & Mahindra,Auto & Turnaround Giant,1624.949951171875,1659.0,1622.25,1655.550048828125,1613.473388671875,2836976
2024-01-23,M&M.NS,Mahindra & Mahindra,Auto & Turnaround Giant,1619.0,1647.5999755859375,1588.25,1595.199951171875,1554.6571044921875,2772880
2024-01-24,M&M.NS,Mahindra & Mahindra,Auto & Turnaround Giant,1595.0,1632.300048828125,1575.0,1628.0999755859375,1586.720947265625,2543323
2024-01-25,M&M.NS,Mahindra & Mahindra,Auto & Turnaround Giant,1631.5999755859375,1642.75,1603.9000244140625,1635.5,1593.9329833984375,2038472
2024-01-29,M&M.NS,Mahindra & Mahindra,Auto & Turnaround Giant,1635.5,1645.0,1625.0,1640.0,1598.3184814453125,3075670
2024-01-30,M&M.NS,Mahindra & Mahindra,Auto & Turnaround Giant,1649.949951171875,1659.5,1614.449951171875,1620.3499755859375,1579.1678466796875,2569098
2024-01-31,M&M.NS,Mahindra & Mahindra,Auto & Turnaround Giant,1615.050048828125,1658.300048828125,1609.050048828125,1651.550048828125,1609.574951171875,3154787
2024-02-01,M&M.NS,Mahindra & Mahindra,Auto & Turnaround Giant,1659.25,1702.5999755859375,1645.550048828125,1651.1500244140625,1609.1851806640625,4065784
2024-02-02,M&M.NS,Mahindra & Mahindra,Auto & Turnaround Giant,1655.0,1687.050048828125,1650.0,1660.75,1618.5411376953125,3304158
2024-02-05,M&M.NS,Mahindra & Mahindra,Auto & Turnaround Giant,1676.699951171875,1712.8499755859375,1665.0999755859375,1703.550048828125,1660.25341796875,3525423
2024-02-06,M&M.NS,Mahindra & Mahindra,Auto & Turnaround Giant,1710.949951171875,1730.0,1706.0,1727.6500244140625,1683.740966796875,2219874
2024-02-07,M&M.NS,Mahindra & Mahindra,Auto & Turnaround Giant,1731.449951171875,1752.0,1715.699951171875,1721.0,1677.2598876953125,1213661
2024-02-08,M&M.NS,Mahindra & Mahindra,Auto & Turnaround Giant,1729.0,1743.9000244140625,1675.550048828125,1685.9000244140625,1643.052001953125,2550690
2024-02-09,M&M.NS,Mahindra & Mahindra,Auto & Turnaround Giant,1686.0,1689.75,1628.0,1646.4000244140625,1604.555908203125,2033950
2024-02-12,M&M.NS,Mahindra & Mahindra,Auto & Turnaround Giant,1654.0,1675.050048828125,1640.550048828125,1660.449951171875,1618.2486572265625,1197925
2024-02-13,M&M.NS,Mahindra & Mahindra,Auto & Turnaround Giant,1670.0,1679.4000244140625,1623.449951171875,1646.75,1604.8968505859375,2075130
2024-02-14,M&M.NS,Mahindra & Mahindra,Auto & Turnaround Giant,1631.0,1679.6500244140625,1623.9000244140625,1657.050048828125,1614.935302734375,4368695
2024-02-15,M&M.NS,Mahindra & Mahindra,Auto & Turnaround Giant,1681.050048828125,1784.9000244140625,1668.0999755859375,1765.050048828125,1720.1904296875,9887134
2024-02-16,M&M.NS,Mahindra & Mahindra,Auto & Turnaround Giant,1788.0,1864.6500244140625,1776.8499755859375,1835.550048828125,1788.8985595703125,7188957
2024-02-19,M&M.NS,Mahindra & Mahindra,Auto & Turnaround Giant,1836.050048828125,1856.449951171875,1820.0,1848.550048828125,1801.568115234375,2682236
2024-02-20,M&M.NS,Mahindra & Mahindra,Auto & Turnaround Giant,1837.4000244140625,1860.0,1820.5,1853.6500244140625,1806.53857421875,1830562
2024-02-21,M&M.NS,Mahindra & Mahindra,Auto & Turnaround Giant,1849.9000244140625,1889.699951171875,1846.699951171875,1859.6500244140625,1812.385986328125,4466234
2024-02-22,M&M.NS,Mahindra & Mahindra,Auto & Turnaround Giant,1870.949951171875,1917.0,1853.0,1910.3499755859375,1861.7974853515625,3360123
2024-02-23,M&M.NS,Mahindra & Mahindra,Auto & Turnaround Giant,1926.3499755859375,1947.8499755859375,1901.0999755859375,1929.949951171875,1880.8990478515625,3323441
2024-02-26,M&M.NS,Mahindra & Mahindra,Auto & Turnaround Giant,1935.0,1951.0,1925.199951171875,1929.800048828125,1880.7530517578125,2436063
2024-02-27,M&M.NS,Mahindra & Mahindra,Auto & Turnaround Giant,1926.0,1956.949951171875,1915.050048828125,1950.5999755859375,1901.0244140625,2821465
2024-02-28,M&M.NS,Mahindra & Mahindra,Auto & Turnaround Giant,1951.949951171875,1953.1500244140625,1897.050048828125,1901.6500244140625,1853.318603515625,2010429
2024-02-29,M&M.NS,Mahindra & Mahindra,Auto & Turnaround Giant,1902.8499755859375,1950.9000244140625,1892.550048828125,1932.4000244140625,1883.287109375,5539065
2024-03-01,M&M.NS,Mahindra & Mahindra,Auto & Turnaround Giant,1933.5999755859375,1982.300048828125,1930.5,1972.949951171875,1922.8062744140625,3384932
2024-03-04,M&M.NS,Mahindra & Mahindra,Auto & Turnaround Giant,1967.0,1974.949951171875,1919.050048828125,1921.050048828125,1872.2254638671875,1645331
2024-03-05,M&M.NS,Mahindra & Mahindra,Auto & Turnaround Giant,1925.0,1968.0,1923.050048828125,1939.25,1889.9630126953125,2208384
2024-03-06,M&M.NS,Mahindra & Mahindra,Auto & Turnaround Giant,1945.0,1979.9000244140625,1922.0,1970.6500244140625,1920.5648193359375,1673183
2024-03-07,M&M.NS,Mahindra & Mahindra,Auto & Turnaround Giant,1930.1500244140625,1932.1500244140625,1884.300048828125,1897.550048828125,1849.3228759765625,18323831
2024-03-11,M&M.NS,Mahindra & Mahindra,Auto & Turnaround Giant,1913.0,1913.699951171875,1873.300048828125,1894.3499755859375,1846.2039794921875,3250782
2024-03-12,M&M.NS,Mahindra & Mahindra,Auto & Turnaround Giant,1892.0,1898.3499755859375,1876.6500244140625,1895.1500244140625,1846.9837646484375,3186510
2024-03-13,M&M.NS,Mahindra & Mahindra,Auto & Turnaround Giant,1896.0,1901.4000244140625,1844.25,1853.699951171875,1806.587158203125,4270994
2024-03-14,M&M.NS,Mahindra & Mahindra,Auto & Turnaround Giant,1853.699951171875,1895.5999755859375,1844.5999755859375,1890.550048828125,1842.500732421875,2388133
2024-03-15,M&M.NS,Mahindra & Mahindra,Auto & Turnaround Giant,1875.0,1882.0999755859375,1788.800048828125,1799.5,1753.7647705078125,5504948
2024-03-18,M&M.NS,Mahindra & Mahindra,Auto & Turnaround Giant,1807.949951171875,1867.4000244140625,1801.050048828125,1856.050048828125,1808.87744140625,3404076
2024-03-19,M&M.NS,Mahindra & Mahindra,Auto & Turnaround Giant,1856.050048828125,1865.0,1826.800048828125,1843.9000244140625,1797.0362548828125,2189225
2024-03-20,M&M.NS,Mahindra & Mahindra,Auto & Turnaround Giant,1851.949951171875,1859.050048828125,1820.550048828125,1844.4000244140625,1797.5235595703125,1550415
2024-03-21,M&M.NS,Mahindra & Mahindra,Auto & Turnaround Giant,1859.949951171875,1875.0,1845.0,1865.8499755859375,1818.4283447265625,2072960
2024-03-22,M&M.NS,Mahindra & Mahindra,Auto & Turnaround Giant,1865.8499755859375,1905.449951171875,1847.25,1878.800048828125,1831.04931640625,3786990
2024-03-26,M&M.NS,Mahindra & Mahindra,Auto & Turnaround Giant,1878.199951171875,1917.5,1861.0999755859375,1863.949951171875,1816.57666015625,4092744
2024-03-27,M&M.NS,Mahindra & Mahindra,Auto & Turnaround Giant,1869.9000244140625,1899.9000244140625,1855.300048828125,1881.1500244140625,1833.3394775390625,4196597
2024-03-28,M&M.NS,Mahindra & Mahindra,Auto & Turnaround Giant,1881.1500244140625,1962.949951171875,1870.3499755859375,1921.3499755859375,1872.517822265625,3790854
2024-04-01,M&M.NS,Mahindra & Mahindra,Auto & Turnaround Giant,1938.0,1963.8499755859375,1891.800048828125,1915.949951171875,1867.2550048828125,2765845
2024-04-02,M&M.NS,Mahindra & Mahindra,Auto & Turnaround Giant,1915.949951171875,1977.5,1901.449951171875,1971.949951171875,1921.831787109375,3431715
2024-04-03,M&M.NS,Mahindra & Mahindra,Auto & Turnaround Giant,1967.0,2003.300048828125,1956.199951171875,1989.300048828125,1938.7408447265625,3615370
2024-04-04,M&M.NS,Mahindra & Mahindra,Auto & Turnaround Giant,1999.0,2015.0,1963.199951171875,2002.699951171875,1951.8001708984375,3007920
2024-04-05,M&M.NS,Mahindra & Mahindra,Auto & Turnaround Giant,1995.3499755859375,2027.449951171875,1992.25,2013.300048828125,1962.130859375,2767027
2024-04-08,M&M.NS,Mahindra & Mahindra,Auto & Turnaround Giant,2018.0,2087.0,2016.9000244140625,2078.10009765625,2025.283935546875,2781568
2024-04-09,M&M.NS,Mahindra & Mahindra,Auto & Turnaround Giant,2095.0,2098.64990234375,2070.10009765625,2090.89990234375,2037.7584228515625,2853137
2024-04-10,M&M.NS,Mahindra & Mahindra,Auto & Turnaround Giant,2098.449951171875,2108.60009765625,2070.0,2076.199951171875,2023.4322509765625,2280814
2024-04-12,M&M.NS,Mahindra & Mahindra,Auto & Turnaround Giant,2084.0,2087.5,2051.64990234375,2070.949951171875,2018.3155517578125,4008660
2024-04-15,M&M.NS,Mahindra & Mahindra,Auto & Turnaround Giant,2055.25,2083.89990234375,2035.0,2053.449951171875,2001.2603759765625,2024919
2024-04-16,M&M.NS,Mahindra & Mahindra,Auto & Turnaround Giant,2047.050048828125,2073.75,2027.75,2031.300048828125,1979.67333984375,1981730
2024-04-18,M&M.NS,Mahindra & Mahindra,Auto & Turnaround Giant,2031.300048828125,2087.0,2016.5,2024.949951171875,1973.4847412109375,3539862
2024-04-19,M&M.NS,Mahindra & Mahindra,Auto & Turnaround Giant,2034.0,2087.0,1998.199951171875,2082.89990234375,2029.961669921875,3253248
2024-04-22,M&M.NS,Mahindra & Mahindra,Auto & Turnaround Giant,2124.550048828125,2133.0,2065.0,2090.64990234375,2037.514892578125,2449171
2024-04-23,M&M.NS,Mahindra & Mahindra,Auto & Turnaround Giant,2096.0,2114.0,2056.85009765625,2062.60009765625,2010.1781005859375,2886136
2024-04-24,M&M.NS,Mahindra & Mahindra,Auto & Turnaround Giant,2055.0,2090.85009765625,2052.949951171875,2058.449951171875,2006.1334228515625,1929834
2024-04-25,M&M.NS,Mahindra & Mahindra,Auto & Turnaround Giant,2060.0,2113.949951171875,2041.9000244140625,2096.85009765625,2043.557373046875,3084498
2024-04-26,M&M.NS,Mahindra & Mahindra,Auto & Turnaround Giant,2099.550048828125,2103.0,2038.800048828125,2044.9000244140625,1992.9278564453125,2952484
2024-04-29,M&M.NS,Mahindra & Mahindra,Auto & Turnaround Giant,2045.5,2068.35009765625,2001.0,2062.050048828125,2009.641845703125,2724604
2024-04-30,M&M.NS,Mahindra & Mahindra,Auto & Turnaround Giant,2073.050048828125,2169.0,2073.050048828125,2156.35009765625,2101.54541015625,5745143
2024-05-02,M&M.NS,Mahindra & Mahindra,Auto & Turnaround Giant,2165.10009765625,2204.0,2165.10009765625,2185.14990234375,2129.613037109375,3347541
2024-05-03,M&M.NS,Mahindra & Mahindra,Auto & Turnaround Giant,2210.0,2210.0,2172.35009765625,2193.0,2137.263427734375,3859227
2024-05-06,M&M.NS,Mahindra & Mahindra,Auto & Turnaround Giant,2200.449951171875,2240.0,2190.0,2224.949951171875,2168.401611328125,2111447
2024-05-07,M&M.NS,Mahindra & Mahindra,Auto & Turnaround Giant,2236.0,2236.89990234375,2164.85009765625,2191.5,2135.8017578125,1727823
2024-05-08,M&M.NS,Mahindra & Mahindra,Auto & Turnaround Giant,2191.699951171875,2195.0,2160.0,2182.39990234375,2126.93310546875,1993202
2024-05-09,M&M.NS,Mahindra & Mahindra,Auto & Turnaround Giant,2185.550048828125,2256.75,2185.0,2212.550048828125,2156.31689453125,3998822
2024-05-10,M&M.NS,Mahindra & Mahindra,Auto & Turnaround Giant,2211.85009765625,2231.64990234375,2183.0,2193.050048828125,2137.3125,3045912
2024-05-13,M&M.NS,Mahindra & Mahindra,Auto & Turnaround Giant,2208.0,2208.050048828125,2160.0,2184.25,2128.736083984375,2575573
2024-05-14,M&M.NS,Mahindra & Mahindra,Auto & Turnaround Giant,2175.0,2280.35009765625,2175.0,2269.89990234375,2212.209228515625,3830189
2024-05-15,M&M.NS,Mahindra & Mahindra,Auto & Turnaround Giant,2281.300048828125,2317.14990234375,2256.0,2302.300048828125,2243.78564453125,2569084
2024-05-16,M&M.NS,Mahindra & Mahindra,Auto & Turnaround Giant,2319.449951171875,2393.89990234375,2286.199951171875,2371.75,2311.470458984375,7444517
2024-05-17,M&M.NS,Mahindra & Mahindra,Auto & Turnaround Giant,2425.35009765625,2557.949951171875,2425.35009765625,2514.60009765625,2450.690185546875,9796445
2024-05-21,M&M.NS,Mahindra & Mahindra,Auto & Turnaround Giant,2503.0,2536.949951171875,2467.0,2522.64990234375,2458.535400390625,3747292
2024-05-22,M&M.NS,Mahindra & Mahindra,Auto & Turnaround Giant,2521.699951171875,2535.0,2490.0,2521.050048828125,2456.97607421875,2974921
2024-05-23,M&M.NS,Mahindra & Mahindra,Auto & Turnaround Giant,2520.0,2617.39990234375,2500.25,2609.199951171875,2542.8857421875,4715263
2024-05-24,M&M.NS,Mahindra & Mahindra,Auto & Turnaround Giant,2589.800048828125,2605.0,2572.39990234375,2579.75,2514.184326171875,2919241
2024-05-27,M&M.NS,Mahindra & Mahindra,Auto & Turnaround Giant,2581.14990234375,2589.75,2541.0,2549.10009765625,2484.313232421875,3328559
2024-05-28,M&M.NS,Mahindra & Mahindra,Auto & Turnaround Giant,2550.0,2581.949951171875,2548.0,2552.800048828125,2487.919189453125,1549203
2024-05-29,M&M.NS,Mahindra & Mahindra,Auto & Turnaround Giant,2510.25,2547.0,2500.60009765625,2533.64990234375,2469.255859375,2720451
2024-05-30,M&M.NS,Mahindra & Mahindra,Auto & Turnaround Giant,2518.0,2531.449951171875,2478.0,2493.5,2430.12646484375,3367101
2024-05-31,M&M.NS,Mahindra & Mahindra,Auto & Turnaround Giant,2517.75,2569.199951171875,2495.14990234375,2506.25,2442.552490234375,8769724
2024-06-03,M&M.NS,Mahindra & Mahindra,Auto & Turnaround Giant,2575.050048828125,2654.35009765625,2570.39990234375,2634.0,2567.05517578125,2701157
2024-06-04,M&M.NS,Mahindra & Mahindra,Auto & Turnaround Giant,2634.25,2639.0,2448.199951171875,2572.89990234375,2507.508544921875,6372249
2024-06-05,M&M.NS,Mahindra & Mahindra,Auto & Turnaround Giant,2572.89990234375,2753.699951171875,2571.800048828125,2740.949951171875,2671.287109375,4242881
2024-06-06,M&M.NS,Mahindra & Mahindra,Auto & Turnaround Giant,2745.0,2761.89990234375,2670.89990234375,2699.85009765625,2631.23193359375,4992660
2024-06-07,M&M.NS,Mahindra & Mahindra,Auto & Turnaround Giant,2668.35009765625,2867.60009765625,2668.35009765625,2857.449951171875,2784.826416015625,6447821
2024-06-10,M&M.NS,Mahindra & Mahindra,Auto & Turnaround Giant,2861.0,2886.0,2800.0,2807.550048828125,2736.194580078125,2021106
2024-06-11,M&M.NS,Mahindra & Mahindra,Auto & Turnaround Giant,2821.0,2855.0,2813.39990234375,2835.550048828125,2763.483154296875,2298974
2024-06-12,M&M.NS,Mahindra & Mahindra,Auto & Turnaround Giant,2835.550048828125,2848.60009765625,2782.050048828125,2787.550048828125,2716.702880859375,2580846
2024-06-13,M&M.NS,Mahindra & Mahindra,Auto & Turnaround Giant,2850.0,2879.10009765625,2788.64990234375,2861.699951171875,2788.96826171875,2492637
2024-06-14,M&M.NS,Mahindra & Mahindra,Auto & Turnaround Giant,2875.0,2946.0,2865.0,2928.60009765625,2854.16796875,3515019
2024-06-18,M&M.NS,Mahindra & Mahindra,Auto & Turnaround Giant,2965.0,3013.5,2956.64990234375,2961.89990234375,2886.62158203125,4887512
2024-06-19,M&M.NS,Mahindra & Mahindra,Auto & Turnaround Giant,2975.0,2977.0,2926.449951171875,2933.85009765625,2859.28466796875,3512298
2024-06-20,M&M.NS,Mahindra & Mahindra,Auto & Turnaround Giant,2945.050048828125,2954.75,2857.300048828125,2871.199951171875,2798.226806640625,4024418
2024-06-21,M&M.NS,Mahindra & Mahindra,Auto & Turnaround Giant,2884.75,2920.89990234375,2825.050048828125,2839.949951171875,2767.771240234375,8400461
2024-06-24,M&M.NS,Mahindra & Mahindra,Auto & Turnaround Giant,2836.5,2923.949951171875,2813.050048828125,2915.800048828125,2841.693359375,2699784
2024-06-25,M&M.NS,Mahindra & Mahindra,Auto & Turnaround Giant,2921.199951171875,2947.0,2891.050048828125,2909.39990234375,2835.455810546875,1910886
2024-06-26,M&M.NS,Mahindra & Mahindra,Auto & Turnaround Giant,2907.050048828125,2912.949951171875,2844.60009765625,2851.5,2779.027587890625,3282318
2024-06-27,M&M.NS,Mahindra & Mahindra,Auto & Turnaround Giant,2842.0,2905.0,2793.050048828125,2888.949951171875,2815.52587890625,6900180
2024-06-28,M&M.NS,Mahindra & Mahindra,Auto & Turnaround Giant,2855.0,2896.0,2855.0,2866.64990234375,2793.79248046875,2548169
2024-07-01,M&M.NS,Mahindra & Mahindra,Auto & Turnaround Giant,2841.0,2894.050048828125,2838.25,2875.85009765625,2802.759033203125,1718501
2024-07-02,M&M.NS,Mahindra & Mahindra,Auto & Turnaround Giant,2890.199951171875,2891.0,2850.0,2865.14990234375,2792.330322265625,1507890
2024-07-03,M&M.NS,Mahindra & Mahindra,Auto & Turnaround Giant,2871.0,2895.0,2865.10009765625,2877.949951171875,2804.80517578125,1019710
2024-07-04,M&M.NS,Mahindra & Mahindra,Auto & Turnaround Giant,2890.0,2922.0,2885.050048828125,2902.800048828125,2829.023681640625,1502213
2024-07-05,M&M.NS,Mahindra & Mahindra,Auto & Turnaround Giant,2886.0,2886.0,2840.0,2880.60009765625,2827.94384765625,1966103
2024-07-08,M&M.NS,Mahindra & Mahindra,Auto & Turnaround Giant,2880.60009765625,2918.60009765625,2847.5,2851.35009765625,2799.228759765625,1631998
2024-07-09,M&M.NS,Mahindra & Mahindra,Auto & Turnaround Giant,2855.35009765625,2940.0,2837.25,2925.5,2872.02294921875,2902129
2024-07-10,M&M.NS,Mahindra & Mahindra,Auto & Turnaround Giant,2930.0,2930.0,2697.89990234375,2732.0,2682.06005859375,14481615
2024-07-11,M&M.NS,Mahindra & Mahindra,Auto & Turnaround Giant,2757.949951171875,2757.949951171875,2691.0,2698.050048828125,2648.730712890625,4314565
2024-07-12,M&M.NS,Mahindra & Mahindra,Auto & Turnaround Giant,2689.64990234375,2722.300048828125,2687.14990234375,2703.949951171875,2654.52294921875,3398732
2024-07-15,M&M.NS,Mahindra & Mahindra,Auto & Turnaround Giant,2722.85009765625,2739.0,2708.10009765625,2731.050048828125,2681.127685546875,2017720
2024-07-16,M&M.NS,Mahindra & Mahindra,Auto & Turnaround Giant,2754.949951171875,2766.85009765625,2740.0,2756.75,2706.357666015625,1925983
2024-07-18,M&M.NS,Mahindra & Mahindra,Auto & Turnaround Giant,2756.0,2825.949951171875,2736.5,2819.449951171875,2767.91162109375,4122844
2024-07-19,M&M.NS,Mahindra & Mahindra,Auto & Turnaround Giant,2819.949951171875,2819.949951171875,2743.0,2749.300048828125,2699.0439453125,2042568
2024-07-22,M&M.NS,Mahindra & Mahindra,Auto & Turnaround Giant,2751.050048828125,2819.0,2725.0,2804.75,2753.480224609375,2208103
2024-07-23,M&M.NS,Mahindra & Mahindra,Auto & Turnaround Giant,2824.0,2854.5,2743.39990234375,2821.35009765625,2769.77685546875,2572524
2024-07-24,M&M.NS,Mahindra & Mahindra,Auto & Turnaround Giant,2823.0,2830.39990234375,2763.64990234375,2805.5,2754.216796875,2276082
2024-07-25,M&M.NS,Mahindra & Mahindra,Auto & Turnaround Giant,2799.800048828125,2827.0,2781.800048828125,2811.39990234375,2760.0087890625,1857122
2024-07-26,M&M.NS,Mahindra & Mahindra,Auto & Turnaround Giant,2821.60009765625,2897.39990234375,2790.0,2887.800048828125,2835.01220703125,2352661
2024-07-29,M&M.NS,Mahindra & Mahindra,Auto & Turnaround Giant,2900.0,2945.0,2875.5,2933.0,2879.385986328125,2388937
2024-07-30,M&M.NS,Mahindra & Mahindra,Auto & Turnaround Giant,2945.0,2950.0,2904.60009765625,2922.10009765625,2868.685302734375,2290006
2024-07-31,M&M.NS,Mahindra & Mahindra,Auto & Turnaround Giant,2937.0,2979.60009765625,2872.949951171875,2907.800048828125,2854.646728515625,4238740
2024-08-01,M&M.NS,Mahindra & Mahindra,Auto & Turnaround Giant,2926.5,2926.5,2820.10009765625,2828.39990234375,2776.697998046875,4971708
2024-08-02,M&M.NS,Mahindra & Mahindra,Auto & Turnaround Giant,2810.300048828125,2810.300048828125,2733.85009765625,2749.64990234375,2699.387451171875,3041513
2024-08-05,M&M.NS,Mahindra & Mahindra,Auto & Turnaround Giant,2679.64990234375,2729.199951171875,2635.800048828125,2678.949951171875,2629.97998046875,3731770
2024-08-06,M&M.NS,Mahindra & Mahindra,Auto & Turnaround Giant,2688.300048828125,2748.75,2625.699951171875,2632.949951171875,2584.82080078125,3069277
2024-08-07,M&M.NS,Mahindra & Mahindra,Auto & Turnaround Giant,2697.5,2704.75,2661.0,2680.85009765625,2631.84521484375,2479171
2024-08-08,M&M.NS,Mahindra & Mahindra,Auto & Turnaround Giant,2660.5,2716.5,2656.5,2682.949951171875,2633.90673828125,2673182
2024-08-09,M&M.NS,Mahindra & Mahindra,Auto & Turnaround Giant,2734.0,2765.0,2705.0,2749.14990234375,2698.896484375,2279076
2024-08-12,M&M.NS,Mahindra & Mahindra,Auto & Turnaround Giant,2749.14990234375,2757.0,2708.699951171875,2717.64990234375,2667.972412109375,2321474
2024-08-13,M&M.NS,Mahindra & Mahindra,Auto & Turnaround Giant,2718.10009765625,2738.64990234375,2704.10009765625,2718.050048828125,2668.365478515625,1292521
2024-08-14,M&M.NS,Mahindra & Mahindra,Auto & Turnaround Giant,2728.800048828125,2771.949951171875,2715.300048828125,2745.25,2695.068115234375,2609359
2024-08-16,M&M.NS,Mahindra & Mahindra,Auto & Turnaround Giant,2789.0,2845.050048828125,2776.14990234375,2840.449951171875,2788.52783203125,4376092
2024-08-19,M&M.NS,Mahindra & Mahindra,Auto & Turnaround Giant,2859.89990234375,2859.89990234375,2760.0,2765.14990234375,2714.604248046875,2500718
2024-08-20,M&M.NS,Mahindra & Mahindra,Auto & Turnaround Giant,2779.75,2783.199951171875,2748.5,2771.300048828125,2720.641845703125,1762399
2024-08-21,M&M.NS,Mahindra & Mahindra,Auto & Turnaround Giant,2774.0,2780.949951171875,2755.0,2769.39990234375,2718.7763671875,1497501
2024-08-22,M&M.NS,Mahindra & Mahindra,Auto & Turnaround Giant,2771.10009765625,2775.75,2724.050048828125,2732.949951171875,2682.99267578125,2346622
2024-08-23,M&M.NS,Mahindra & Mahindra,Auto & Turnaround Giant,2732.949951171875,2769.0,2725.300048828125,2759.0,2708.566650390625,1943539
2024-08-26,M&M.NS,Mahindra & Mahindra,Auto & Turnaround Giant,2764.949951171875,2799.0,2753.10009765625,2793.10009765625,2742.04345703125,2765969
2024-08-27,M&M.NS,Mahindra & Mahindra,Auto & Turnaround Giant,2797.949951171875,2800.0,2773.949951171875,2780.800048828125,2729.96826171875,1604159
2024-08-28,M&M.NS,Mahindra & Mahindra,Auto & Turnaround Giant,2781.89990234375,2827.0,2780.800048828125,2798.0,2746.853759765625,1851275
2024-08-29,M&M.NS,Mahindra & Mahindra,Auto & Turnaround Giant,2789.35009765625,2801.64990234375,2741.64990234375,2757.60009765625,2707.192138671875,2237121
2024-08-30,M&M.NS,Mahindra & Mahindra,Auto & Turnaround Giant,2780.0,2821.550048828125,2765.0,2805.39990234375,2754.118408203125,4895220
2024-09-02,M&M.NS,Mahindra & Mahindra,Auto & Turnaround Giant,2848.800048828125,2848.800048828125,2756.5,2777.0,2726.237548828125,2270687
2024-09-03,M&M.NS,Mahindra & Mahindra,Auto & Turnaround Giant,2780.0,2798.10009765625,2772.60009765625,2784.85009765625,2733.9443359375,1592710
2024-09-04,M&M.NS,Mahindra & Mahindra,Auto & Turnaround Giant,2761.0,2779.89990234375,2731.10009765625,2749.60009765625,2699.338623046875,1697000
2024-09-05,M&M.NS,Mahindra & Mahindra,Auto & Turnaround Giant,2756.199951171875,2760.0,2711.89990234375,2723.10009765625,2673.322998046875,2360312
2024-09-06,M&M.NS,Mahindra & Mahindra,Auto & Turnaround Giant,2723.0,2738.89990234375,2680.10009765625,2698.10009765625,2648.780029296875,2835519
2024-09-09,M&M.NS,Mahindra & Mahindra,Auto & Turnaround Giant,2688.14990234375,2714.300048828125,2660.050048828125,2708.85009765625,2659.33349609375,1269082
2024-09-10,M&M.NS,Mahindra & Mahindra,Auto & Turnaround Giant,2691.25,2715.0,2677.0,2690.0,2640.827880859375,2034126
2024-09-11,M&M.NS,Mahindra & Mahindra,Auto & Turnaround Giant,2681.5,2708.0,2644.10009765625,2654.25,2605.7314453125,2034245
2024-09-12,M&M.NS,Mahindra & Mahindra,Auto & Turnaround Giant,2665.0,2751.60009765625,2635.60009765625,2740.89990234375,2690.797607421875,3730285
2024-09-13,M&M.NS,Mahindra & Mahindra,Auto & Turnaround Giant,2755.0,2758.550048828125,2711.75,2739.10009765625,2689.030517578125,2102332
2024-09-16,M&M.NS,Mahindra & Mahindra,Auto & Turnaround Giant,2740.199951171875,2784.300048828125,2732.050048828125,2757.39990234375,2706.995849609375,1234752
2024-09-17,M&M.NS,Mahindra & Mahindra,Auto & Turnaround Giant,2765.0,2793.5,2745.300048828125,2787.64990234375,2736.692626953125,1387175
2024-09-18,M&M.NS,Mahindra & Mahindra,Auto & Turnaround Giant,2781.5,2848.0,2777.64990234375,2808.199951171875,2756.867431640625,2526756
2024-09-19,M&M.NS,Mahindra & Mahindra,Auto & Turnaround Giant,2812.0,2852.0,2792.199951171875,2797.5,2746.363037109375,2807727
2024-09-20,M&M.NS,Mahindra & Mahindra,Auto & Turnaround Giant,2798.699951171875,2960.0,2798.5,2950.85009765625,2896.909912109375,12492909
2024-09-23,M&M.NS,Mahindra & Mahindra,Auto & Turnaround Giant,2962.75,3056.89990234375,2956.14990234375,3049.800048828125,2994.05078125,3925490
2024-09-24,M&M.NS,Mahindra & Mahindra,Auto & Turnaround Giant,3020.0,3098.550048828125,3020.0,3074.300048828125,3018.103271484375,3697722
2024-09-25,M&M.NS,Mahindra & Mahindra,Auto & Turnaround Giant,3045.0,3149.0,3034.550048828125,3091.050048828125,3034.547119140625,4218815
2024-09-26,M&M.NS,Mahindra & Mahindra,Auto & Turnaround Giant,3072.0,3197.199951171875,3045.64990234375,3181.10009765625,3122.950927734375,4753617
2024-09-27,M&M.NS,Mahindra & Mahindra,Auto & Turnaround Giant,3171.0,3222.10009765625,3152.550048828125,3183.64990234375,3125.4541015625,6803795
2024-09-30,M&M.NS,Mahindra & Mahindra,Auto & Turnaround Giant,3163.14990234375,3179.0,3087.0,3094.89990234375,3038.326416015625,3554400
2024-10-01,M&M.NS,Mahindra & Mahindra,Auto & Turnaround Giant,3105.5,3185.449951171875,3095.800048828125,3165.5,3107.635986328125,4028211
2024-10-03,M&M.NS,Mahindra & Mahindra,Auto & Turnaround Giant,3085.0,3171.0,3072.449951171875,3129.85009765625,3072.6376953125,3237011
2024-10-04,M&M.NS,Mahindra & Mahindra,Auto & Turnaround Giant,3127.050048828125,3157.60009765625,3009.5,3017.449951171875,2962.292236328125,4281562
2024-10-07,M&M.NS,Mahindra & Mahindra,Auto & Turnaround Giant,3028.0,3066.949951171875,2982.89990234375,3060.199951171875,3004.2607421875,2732276
2024-10-08,M&M.NS,Mahindra & Mahindra,Auto & Turnaround Giant,3074.0,3176.89990234375,3066.0,3165.85009765625,3107.979736328125,6060165
2024-10-09,M&M.NS,Mahindra & Mahindra,Auto & Turnaround Giant,3164.800048828125,3204.300048828125,3145.0,3153.0,3095.364501953125,2432656
2024-10-10,M&M.NS,Mahindra & Mahindra,Auto & Turnaround Giant,3156.0,3220.300048828125,3155.0,3194.300048828125,3135.909423828125,2507231
2024-10-11,M&M.NS,Mahindra & Mahindra,Auto & Turnaround Giant,3200.0,3210.5,3121.0,3134.35009765625,3077.055419921875,1652856
2024-10-14,M&M.NS,Mahindra & Mahindra,Auto & Turnaround Giant,3151.0,3174.0,3115.0,3154.89990234375,3097.2294921875,2425178
2024-10-15,M&M.NS,Mahindra & Mahindra,Auto & Turnaround Giant,3177.0,3192.949951171875,3086.550048828125,3155.800048828125,3098.11328125,2245701
2024-10-16,M&M.NS,Mahindra & Mahindra,Auto & Turnaround Giant,3138.0,3147.89990234375,3052.14990234375,3068.0,3011.918212890625,1972106
2024-10-17,M&M.NS,Mahindra & Mahindra,Auto & Turnaround Giant,3055.0,3065.300048828125,2952.199951171875,2964.60009765625,2910.408447265625,3622197
2024-10-18,M&M.NS,Mahindra & Mahindra,Auto & Turnaround Giant,2945.35009765625,2988.85009765625,2914.699951171875,2964.25,2910.064697265625,3407751
2024-10-21,M&M.NS,Mahindra & Mahindra,Auto & Turnaround Giant,2959.75,3001.39990234375,2892.89990234375,2998.199951171875,2943.39404296875,5059952
2024-10-22,M&M.NS,Mahindra & Mahindra,Auto & Turnaround Giant,3005.0,3008.949951171875,2878.199951171875,2887.199951171875,2834.42333984375,4195638
2024-10-23,M&M.NS,Mahindra & Mahindra,Auto & Turnaround Giant,2876.14990234375,2924.89990234375,2781.25,2793.5,2742.435791015625,7913897
2024-10-24,M&M.NS,Mahindra & Mahindra,Auto & Turnaround Giant,2763.0,2842.199951171875,2763.0,2826.35009765625,2774.685546875,3992102
2024-10-25,M&M.NS,Mahindra & Mahindra,Auto & Turnaround Giant,2825.0,2825.050048828125,2679.300048828125,2720.85009765625,2671.114013671875,4532596
2024-10-28,M&M.NS,Mahindra & Mahindra,Auto & Turnaround Giant,2730.0,2834.89990234375,2713.89990234375,2781.0,2730.16455078125,2813985
2024-10-29,M&M.NS,Mahindra & Mahindra,Auto & Turnaround Giant,2762.0,2797.949951171875,2702.550048828125,2746.89990234375,2696.687744140625,3156567
2024-10-30,M&M.NS,Mahindra & Mahindra,Auto & Turnaround Giant,2689.25,2755.85009765625,2669.050048828125,2707.699951171875,2658.204345703125,5677865
2024-10-31,M&M.NS,Mahindra & Mahindra,Auto & Turnaround Giant,2707.699951171875,2752.0,2671.60009765625,2728.550048828125,2678.67333984375,3833325
2024-11-01,M&M.NS,Mahindra & Mahindra,Auto & Turnaround Giant,2780.0,2840.89990234375,2780.0,2817.64990234375,2766.14453125,1061709
2024-11-04,M&M.NS,Mahindra & Mahindra,Auto & Turnaround Giant,2804.5,2971.75,2804.5,2883.949951171875,2831.232666015625,7559263
2024-11-05,M&M.NS,Mahindra & Mahindra,Auto & Turnaround Giant,2875.5,2908.0,2822.10009765625,2899.449951171875,2846.44921875,3562624
2024-11-06,M&M.NS,Mahindra & Mahindra,Auto & Turnaround Giant,2910.0,2953.800048828125,2885.39990234375,2934.550048828125,2880.90771484375,2902347
2024-11-07,M&M.NS,Mahindra & Mahindra,Auto & Turnaround Giant,2971.75,2972.550048828125,2857.949951171875,2891.35009765625,2838.497314453125,4251557
2024-11-08,M&M.NS,Mahindra & Mahindra,Auto & Turnaround Giant,2910.0,2990.949951171875,2851.25,2974.89990234375,2920.52001953125,4455563
2024-11-11,M&M.NS,Mahindra & Mahindra,Auto & Turnaround Giant,2962.35009765625,3009.60009765625,2889.050048828125,2930.60009765625,2877.030029296875,2628672
2024-11-12,M&M.NS,Mahindra & Mahindra,Auto & Turnaround Giant,2931.199951171875,2945.89990234375,2880.0,2898.550048828125,2845.565673828125,2414528
2024-11-13,M&M.NS,Mahindra & Mahindra,Auto & Turnaround Giant,2876.0,2895.0,2782.89990234375,2798.949951171875,2747.786376953125,3949602
2024-11-14,M&M.NS,Mahindra & Mahindra,Auto & Turnaround Giant,2815.0,2842.39990234375,2736.25,2807.199951171875,2755.885498046875,2478112
2024-11-18,M&M.NS,Mahindra & Mahindra,Auto & Turnaround Giant,2844.0,2874.699951171875,2800.050048828125,2846.89990234375,2794.859619140625,2405351
2024-11-19,M&M.NS,Mahindra & Mahindra,Auto & Turnaround Giant,2845.0,2998.0,2845.0,2948.949951171875,2895.04443359375,5230405
2024-11-21,M&M.NS,Mahindra & Mahindra,Auto & Turnaround Giant,2962.5,2974.0,2918.0,2936.25,2882.576416015625,3821808
2024-11-22,M&M.NS,Mahindra & Mahindra,Auto & Turnaround Giant,2944.0,3063.5,2896.699951171875,3012.949951171875,2957.87451171875,4827125
2024-11-25,M&M.NS,Mahindra & Mahindra,Auto & Turnaround Giant,3075.0,3149.64990234375,3022.39990234375,3045.60009765625,2989.927978515625,6299837
2024-11-26,M&M.NS,Mahindra & Mahindra,Auto & Turnaround Giant,3053.5,3068.10009765625,2952.5,2985.199951171875,2930.631591796875,2144702
2024-11-27,M&M.NS,Mahindra & Mahindra,Auto & Turnaround Giant,3025.949951171875,3070.0,2986.050048828125,3004.800048828125,2949.873779296875,3593911
2024-11-28,M&M.NS,Mahindra & Mahindra,Auto & Turnaround Giant,2995.0,2999.949951171875,2892.0,2898.699951171875,2845.712890625,4457143
2024-11-29,M&M.NS,Mahindra & Mahindra,Auto & Turnaround Giant,2903.0,2991.64990234375,2903.0,2966.10009765625,2911.881103515625,3542836
2024-12-02,M&M.NS,Mahindra & Mahindra,Auto & Turnaround Giant,2984.0,3026.25,2961.89990234375,3016.39990234375,2961.261474609375,2318823
2024-12-03,M&M.NS,Mahindra & Mahindra,Auto & Turnaround Giant,3041.699951171875,3041.699951171875,2987.64990234375,3027.300048828125,2971.96240234375,2308865
2024-12-04,M&M.NS,Mahindra & Mahindra,Auto & Turnaround Giant,3003.0,3051.85009765625,3003.0,3031.75,2976.3310546875,3364025
2024-12-05,M&M.NS,Mahindra & Mahindra,Auto & Turnaround Giant,3049.949951171875,3099.0,3016.050048828125,3071.60009765625,3015.45263671875,3797063
2024-12-06,M&M.NS,Mahindra & Mahindra,Auto & Turnaround Giant,3075.5,3099.0,3065.949951171875,3073.0,3016.826904296875,2688767
2024-12-09,M&M.NS,Mahindra & Mahindra,Auto & Turnaround Giant,3063.39990234375,3073.0,3040.0,3051.25,2995.474365234375,1879542
2024-12-10,M&M.NS,Mahindra & Mahindra,Auto & Turnaround Giant,3047.949951171875,3081.25,3005.300048828125,3066.89990234375,3010.838134765625,2061909
2024-12-11,M&M.NS,Mahindra & Mahindra,Auto & Turnaround Giant,3052.0,3115.0,3047.800048828125,3072.050048828125,3015.894287109375,2409385
2024-12-12,M&M.NS,Mahindra & Mahindra,Auto & Turnaround Giant,3084.800048828125,3086.0,3045.0,3067.449951171875,3011.378173828125,1958999
2024-12-13,M&M.NS,Mahindra & Mahindra,Auto & Turnaround Giant,3051.0,3093.10009765625,3000.0,3081.39990234375,3025.0732421875,2467964
2024-12-16,M&M.NS,Mahindra & Mahindra,Auto & Turnaround Giant,3089.39990234375,3092.14990234375,3040.0,3084.85009765625,3028.460205078125,2300493
2024-12-17,M&M.NS,Mahindra & Mahindra,Auto & Turnaround Giant,3055.10009765625,3093.75,3028.0,3041.5,2985.902587890625,2564201
2024-12-18,M&M.NS,Mahindra & Mahindra,Auto & Turnaround Giant,3026.10009765625,3062.0,3024.550048828125,3051.199951171875,2995.42529296875,2014105
2024-12-19,M&M.NS,Mahindra & Mahindra,Auto & Turnaround Giant,3006.0,3045.0,2970.5,3014.64990234375,2959.54345703125,2372390
2024-12-20,M&M.NS,Mahindra & Mahindra,Auto & Turnaround Giant,3014.64990234375,3025.0,2886.35009765625,2906.35009765625,2853.22314453125,8046336
2024-12-23,M&M.NS,Mahindra & Mahindra,Auto & Turnaround Giant,2918.0,2942.39990234375,2891.10009765625,2909.300048828125,2856.119140625,2142508
2024-12-24,M&M.NS,Mahindra & Mahindra,Auto & Turnaround Giant,2909.39990234375,2950.199951171875,2900.800048828125,2928.699951171875,2875.16455078125,1858546
2024-12-26,M&M.NS,Mahindra & Mahindra,Auto & Turnaround Giant,2925.0,2984.449951171875,2923.35009765625,2975.64990234375,2921.25634765625,2162163
2024-12-27,M&M.NS,Mahindra & Mahindra,Auto & Turnaround Giant,2987.199951171875,3064.0,2978.050048828125,3049.449951171875,2993.707275390625,2290315
2024-12-30,M&M.NS,Mahindra & Mahindra,Auto & Turnaround Giant,3028.050048828125,3044.60009765625,2991.050048828125,3002.89990234375,2948.00830078125,2336275
2024-12-31,M&M.NS,Mahindra & Mahindra,Auto & Turnaround Giant,2994.39990234375,3018.89990234375,2971.199951171875,3007.10009765625,2952.131591796875,1536411
2025-01-01,M&M.NS,Mahindra & Mahindra,Auto & Turnaround Giant,3007.10009765625,3086.949951171875,2995.199951171875,3082.0,3025.662353515625,1686613
2025-01-02,M&M.NS,Mahindra & Mahindra,Auto & Turnaround Giant,3100.0,3228.10009765625,3085.050048828125,3211.10009765625,3152.402587890625,4298090
2025-01-03,M&M.NS,Mahindra & Mahindra,Auto & Turnaround Giant,3215.0,3237.050048828125,3175.699951171875,3190.550048828125,3132.228271484375,2257218
2025-01-06,M&M.NS,Mahindra & Mahindra,Auto & Turnaround Giant,3209.60009765625,3235.0,3090.10009765625,3105.699951171875,3048.92919921875,2657204
2025-01-07,M&M.NS,Mahindra & Mahindra,Auto & Turnaround Giant,3110.0,3131.300048828125,3081.75,3108.85009765625,3052.021728515625,1978328
2025-01-08,M&M.NS,Mahindra & Mahindra,Auto & Turnaround Giant,3135.0,3135.0,3057.0,3086.10009765625,3029.6875,2715102
2025-01-09,M&M.NS,Mahindra & Mahindra,Auto & Turnaround Giant,3103.800048828125,3157.89990234375,3085.35009765625,3126.5,3069.34912109375,2434207
2025-01-10,M&M.NS,Mahindra & Mahindra,Auto & Turnaround Giant,3110.0,3149.60009765625,3055.0,3092.85009765625,3036.314208984375,2341303
2025-01-13,M&M.NS,Mahindra & Mahindra,Auto & Turnaround Giant,3053.64990234375,3066.85009765625,2993.449951171875,2999.64990234375,2944.817626953125,2207294
2025-01-14,M&M.NS,Mahindra & Mahindra,Auto & Turnaround Giant,3000.0,3078.449951171875,2999.64990234375,3049.5,2993.75634765625,2851530
2025-01-15,M&M.NS,Mahindra & Mahindra,Auto & Turnaround Giant,3057.10009765625,3063.949951171875,2951.0,2960.25,2906.137939453125,2440803
2025-01-16,M&M.NS,Mahindra & Mahindra,Auto & Turnaround Giant,2978.14990234375,2997.39990234375,2945.0,2980.60009765625,2926.1162109375,2598449
2025-01-17,M&M.NS,Mahindra & Mahindra,Auto & Turnaround Giant,2969.949951171875,2970.35009765625,2903.10009765625,2917.35009765625,2864.022216796875,2002830
2025-01-20,M&M.NS,Mahindra & Mahindra,Auto & Turnaround Giant,2910.0,2935.949951171875,2877.300048828125,2888.10009765625,2835.306884765625,2905527
2025-01-21,M&M.NS,Mahindra & Mahindra,Auto & Turnaround Giant,2900.10009765625,2907.0,2808.89990234375,2821.300048828125,2769.727783203125,3381309
2025-01-22,M&M.NS,Mahindra & Mahindra,Auto & Turnaround Giant,2848.0,2851.89990234375,2805.85009765625,2826.449951171875,2774.78369140625,3133157
2025-01-23,M&M.NS,Mahindra & Mahindra,Auto & Turnaround Giant,2826.449951171875,2899.39990234375,2810.0,2886.449951171875,2833.686767578125,2650506
2025-01-24,M&M.NS,Mahindra & Mahindra,Auto & Turnaround Giant,2875.0,2896.0,2790.0,2801.39990234375,2750.191650390625,2665366
2025-01-27,M&M.NS,Mahindra & Mahindra,Auto & Turnaround Giant,2772.300048828125,2846.89990234375,2754.14990234375,2831.60009765625,2779.83984375,2022141
2025-01-28,M&M.NS,Mahindra & Mahindra,Auto & Turnaround Giant,2835.0,2925.0,2784.0,2870.60009765625,2818.126953125,2432787
2025-01-29,M&M.NS,Mahindra & Mahindra,Auto & Turnaround Giant,2883.949951171875,2933.5,2856.300048828125,2924.35009765625,2870.894287109375,1808565
2025-01-30,M&M.NS,Mahindra & Mahindra,Auto & Turnaround Giant,2924.35009765625,3008.89990234375,2919.0,2971.449951171875,2917.133056640625,3055352
2025-01-31,M&M.NS,Mahindra & Mahindra,Auto & Turnaround Giant,2970.0,3049.85009765625,2955.10009765625,2989.85009765625,2935.197021484375,2412370
2025-02-01,M&M.NS,Mahindra & Mahindra,Auto & Turnaround Giant,2990.0,3098.949951171875,2990.0,3076.75,3020.50830078125,2674573
2025-02-03,M&M.NS,Mahindra & Mahindra,Auto & Turnaround Giant,3056.60009765625,3187.949951171875,3044.75,3173.300048828125,3115.29345703125,3664084
2025-02-04,M&M.NS,Mahindra & Mahindra,Auto & Turnaround Giant,3225.0,3270.550048828125,3137.85009765625,3189.050048828125,3130.755615234375,3862456
2025-02-05,M&M.NS,Mahindra & Mahindra,Auto & Turnaround Giant,3189.050048828125,3218.64990234375,3142.0,3178.75,3120.643798828125,2264208
2025-02-06,M&M.NS,Mahindra & Mahindra,Auto & Turnaround Giant,3170.0,3180.85009765625,3121.25,3139.949951171875,3082.55322265625,2341341
2025-02-07,M&M.NS,Mahindra & Mahindra,Auto & Turnaround Giant,3168.0,3219.949951171875,3110.0,3198.449951171875,3139.983642578125,4790111
2025-02-10,M&M.NS,Mahindra & Mahindra,Auto & Turnaround Giant,3209.199951171875,3270.949951171875,3128.800048828125,3137.25,3079.902587890625,3852783
2025-02-11,M&M.NS,Mahindra & Mahindra,Auto & Turnaround Giant,3146.85009765625,3154.0,3071.10009765625,3085.949951171875,3029.5400390625,2470280
2025-02-12,M&M.NS,Mahindra & Mahindra,Auto & Turnaround Giant,3068.550048828125,3075.0,2955.10009765625,2987.199951171875,2932.59521484375,4609887
2025-02-13,M&M.NS,Mahindra & Mahindra,Auto & Turnaround Giant,3024.949951171875,3047.0,2971.050048828125,2978.0,2923.563232421875,2481783
2025-02-14,M&M.NS,Mahindra & Mahindra,Auto & Turnaround Giant,2999.0,3020.0,2907.050048828125,2942.60009765625,2888.810546875,1959802
2025-02-17,M&M.NS,Mahindra & Mahindra,Auto & Turnaround Giant,2940.800048828125,2955.0,2792.25,2831.949951171875,2780.18310546875,4773279
2025-02-18,M&M.NS,Mahindra & Mahindra,Auto & Turnaround Giant,2844.0,2845.0,2755.89990234375,2790.050048828125,2739.049072265625,2301836
2025-02-19,M&M.NS,Mahindra & Mahindra,Auto & Turnaround Giant,2750.0,2782.64990234375,2728.0,2757.39990234375,2706.995849609375,2671072
2025-02-20,M&M.NS,Mahindra & Mahindra,Auto & Turnaround Giant,2745.10009765625,2844.5,2690.050048828125,2839.449951171875,2787.5458984375,3799854
2025-02-21,M&M.NS,Mahindra & Mahindra,Auto & Turnaround Giant,2815.199951171875,2815.199951171875,2653.35009765625,2669.35009765625,2620.555419921875,8940621
2025-02-24,M&M.NS,Mahindra & Mahindra,Auto & Turnaround Giant,2669.0,2716.800048828125,2631.14990234375,2709.199951171875,2659.6767578125,6167313
2025-02-25,M&M.NS,Mahindra & Mahindra,Auto & Turnaround Giant,2740.0,2803.949951171875,2728.14990234375,2777.85009765625,2727.072021484375,4916248
2025-02-27,M&M.NS,Mahindra & Mahindra,Auto & Turnaround Giant,2837.0,2840.0,2703.5,2726.550048828125,2676.7099609375,2669767
2025-02-28,M&M.NS,Mahindra & Mahindra,Auto & Turnaround Giant,2695.10009765625,2699.0,2572.199951171875,2585.10009765625,2537.845703125,7549863
2025-03-03,M&M.NS,Mahindra & Mahindra,Auto & Turnaround Giant,2613.800048828125,2695.949951171875,2595.0,2611.89990234375,2564.155517578125,4340806
2025-03-04,M&M.NS,Mahindra & Mahindra,Auto & Turnaround Giant,2561.0,2627.300048828125,2550.0,2613.35009765625,2565.5791015625,1984876
2025-03-05,M&M.NS,Mahindra & Mahindra,Auto & Turnaround Giant,2661.949951171875,2736.89990234375,2642.64990234375,2726.60009765625,2676.7587890625,3665710
2025-03-06,M&M.NS,Mahindra & Mahindra,Auto & Turnaround Giant,2748.0,2766.85009765625,2695.0,2742.39990234375,2692.27001953125,3706264
2025-03-07,M&M.NS,Mahindra & Mahindra,Auto & Turnaround Giant,2721.300048828125,2765.949951171875,2708.10009765625,2727.85009765625,2677.986328125,1886774
2025-03-10,M&M.NS,Mahindra & Mahindra,Auto & Turnaround Giant,2695.0,2734.64990234375,2665.10009765625,2702.60009765625,2653.19775390625,2520931
2025-03-11,M&M.NS,Mahindra & Mahindra,Auto & Turnaround Giant,2684.75,2685.0,2613.14990234375,2645.60009765625,2597.23974609375,3616140
2025-03-12,M&M.NS,Mahindra & Mahindra,Auto & Turnaround Giant,2645.60009765625,2678.0,2636.10009765625,2653.300048828125,2604.798828125,3447155
2025-03-13,M&M.NS,Mahindra & Mahindra,Auto & Turnaround Giant,2677.10009765625,2686.35009765625,2618.300048828125,2643.5,2595.177978515625,2446428
2025-03-17,M&M.NS,Mahindra & Mahindra,Auto & Turnaround Giant,2635.0,2727.050048828125,2635.0,2705.14990234375,2655.700927734375,2527623
2025-03-18,M&M.NS,Mahindra & Mahindra,Auto & Turnaround Giant,2705.14990234375,2705.14990234375,2705.14990234375,2705.14990234375,2655.700927734375,0
2025-03-19,M&M.NS,Mahindra & Mahindra,Auto & Turnaround Giant,2795.0,2831.89990234375,2779.550048828125,2789.10009765625,2738.116455078125,2438912
2025-03-20,M&M.NS,Mahindra & Mahindra,Auto & Turnaround Giant,2803.75,2847.0,2801.0,2828.10009765625,2776.403564453125,2354374
2025-03-21,M&M.NS,Mahindra & Mahindra,Auto & Turnaround Giant,2839.10009765625,2893.0,2781.25,2801.85009765625,2750.633544921875,3824316
2025-03-24,M&M.NS,Mahindra & Mahindra,Auto & Turnaround Giant,2815.300048828125,2822.14990234375,2709.39990234375,2774.699951171875,2723.9794921875,5395134
2025-03-25,M&M.NS,Mahindra & Mahindra,Auto & Turnaround Giant,2774.699951171875,2802.449951171875,2725.050048828125,2736.0,2685.9873046875,3576766
2025-03-26,M&M.NS,Mahindra & Mahindra,Auto & Turnaround Giant,2751.300048828125,2795.0,2737.050048828125,2742.25,2692.123046875,3111504
2025-03-27,M&M.NS,Mahindra & Mahindra,Auto & Turnaround Giant,2735.0,2751.0,2695.550048828125,2733.0,2683.041748046875,4325599
2025-03-28,M&M.NS,Mahindra & Mahindra,Auto & Turnaround Giant,2735.800048828125,2739.699951171875,2635.0,2665.800048828125,2617.0703125,6074446
2025-04-01,M&M.NS,Mahindra & Mahindra,Auto & Turnaround Giant,2652.800048828125,2728.0,2623.14990234375,2637.89990234375,2589.68017578125,3300417
2025-04-02,M&M.NS,Mahindra & Mahindra,Auto & Turnaround Giant,2631.10009765625,2660.0,2625.300048828125,2637.550048828125,2589.336669921875,2243574
2025-04-03,M&M.NS,Mahindra & Mahindra,Auto & Turnaround Giant,2607.75,2652.39990234375,2600.25,2611.449951171875,2563.7138671875,2361203
2025-04-04,M&M.NS,Mahindra & Mahindra,Auto & Turnaround Giant,2614.949951171875,2631.5,2557.050048828125,2596.550048828125,2549.086181640625,3598415
2025-04-07,M&M.NS,Mahindra & Mahindra,Auto & Turnaround Giant,2425.0,2524.64990234375,2425.0,2491.25,2445.7109375,3937471
2025-04-08,M&M.NS,Mahindra & Mahindra,Auto & Turnaround Giant,2510.0,2550.0,2454.0,2523.64990234375,2477.518798828125,4253527
2025-04-09,M&M.NS,Mahindra & Mahindra,Auto & Turnaround Giant,2540.0,2571.949951171875,2515.949951171875,2523.10009765625,2476.97900390625,3347213
2025-04-11,M&M.NS,Mahindra & Mahindra,Auto & Turnaround Giant,2549.0,2604.0,2532.050048828125,2580.35009765625,2533.182373046875,3600209
2025-04-15,M&M.NS,Mahindra & Mahindra,Auto & Turnaround Giant,2606.0,2690.0,2606.0,2646.0,2597.63232421875,3287861
2025-04-16,M&M.NS,Mahindra & Mahindra,Auto & Turnaround Giant,2660.0,2665.0,2618.300048828125,2634.60009765625,2586.440673828125,3070954
2025-04-17,M&M.NS,Mahindra & Mahindra,Auto & Turnaround Giant,2632.0,2682.800048828125,2602.39990234375,2679.39990234375,2630.421630859375,2638979
2025-04-21,M&M.NS,Mahindra & Mahindra,Auto & Turnaround Giant,2699.89990234375,2774.0,2665.89990234375,2764.0,2713.47509765625,3120955
2025-04-22,M&M.NS,Mahindra & Mahindra,Auto & Turnaround Giant,2765.0,2822.0,2756.0,2817.10009765625,2765.604736328125,3193757
2025-04-23,M&M.NS,Mahindra & Mahindra,Auto & Turnaround Giant,2830.0,2923.0,2826.0,2917.800048828125,2864.4638671875,3906215
2025-04-24,M&M.NS,Mahindra & Mahindra,Auto & Turnaround Giant,2917.800048828125,2928.0,2865.0,2901.39990234375,2848.363525390625,2488496
2025-04-25,M&M.NS,Mahindra & Mahindra,Auto & Turnaround Giant,2901.39990234375,2939.60009765625,2831.10009765625,2864.199951171875,2811.843505859375,2299310
2025-04-28,M&M.NS,Mahindra & Mahindra,Auto & Turnaround Giant,2918.89990234375,2945.0,2882.300048828125,2930.60009765625,2877.030029296875,1864672
2025-04-29,M&M.NS,Mahindra & Mahindra,Auto & Turnaround Giant,2950.0,2969.5,2901.800048828125,2909.60009765625,2856.413818359375,2051228
2025-04-30,M&M.NS,Mahindra & Mahindra,Auto & Turnaround Giant,2908.800048828125,2948.89990234375,2887.0,2928.800048828125,2875.262939453125,2689753
2025-05-02,M&M.NS,Mahindra & Mahindra,Auto & Turnaround Giant,2950.0,3000.0,2910.199951171875,2917.199951171875,2863.874755859375,2868096
2025-05-05,M&M.NS,Mahindra & Mahindra,Auto & Turnaround Giant,2948.89990234375,3044.0,2937.699951171875,3021.5,2966.26806640625,4049197
2025-05-06,M&M.NS,Mahindra & Mahindra,Auto & Turnaround Giant,3150.60009765625,3159.699951171875,3056.0,3068.39990234375,3012.310791015625,5683215
2025-05-07,M&M.NS,Mahindra & Mahindra,Auto & Turnaround Giant,3021.89990234375,3125.0,3021.89990234375,3119.89990234375,3062.869384765625,2942902
2025-05-08,M&M.NS,Mahindra & Mahindra,Auto & Turnaround Giant,3127.39990234375,3137.0,3008.5,3033.10009765625,2977.656494140625,3323894
2025-05-09,M&M.NS,Mahindra & Mahindra,Auto & Turnaround Giant,2961.60009765625,3057.10009765625,2955.0,2982.10009765625,2927.588623046875,2308852
2025-05-12,M&M.NS,Mahindra & Mahindra,Auto & Turnaround Giant,3044.699951171875,3112.199951171875,3033.699951171875,3104.699951171875,3047.947265625,2166730
2025-05-13,M&M.NS,Mahindra & Mahindra,Auto & Turnaround Giant,3050.0,3111.0,3035.0,3053.800048828125,2997.97802734375,2681662
2025-05-14,M&M.NS,Mahindra & Mahindra,Auto & Turnaround Giant,3037.5,3110.0,3018.0,3101.800048828125,3045.1005859375,2236302
2025-05-15,M&M.NS,Mahindra & Mahindra,Auto & Turnaround Giant,3085.0,3170.699951171875,3073.0,3144.300048828125,3086.823486328125,3590003
2025-05-16,M&M.NS,Mahindra & Mahindra,Auto & Turnaround Giant,3135.0,3149.5,3115.0,3135.60009765625,3078.28271484375,2269659
2025-05-19,M&M.NS,Mahindra & Mahindra,Auto & Turnaround Giant,3115.0,3157.0,3103.60009765625,3128.0,3070.821533203125,2011149
2025-05-20,M&M.NS,Mahindra & Mahindra,Auto & Turnaround Giant,3128.199951171875,3135.300048828125,3049.10009765625,3063.5,3007.50048828125,2667772
2025-05-21,M&M.NS,Mahindra & Mahindra,Auto & Turnaround Giant,3063.0,3132.0,3048.10009765625,3090.699951171875,3034.203125,1395136
2025-05-22,M&M.NS,Mahindra & Mahindra,Auto & Turnaround Giant,3076.60009765625,3089.800048828125,2980.5,3006.300048828125,2951.34619140625,3870830
2025-05-23,M&M.NS,Mahindra & Mahindra,Auto & Turnaround Giant,3020.0,3030.800048828125,2984.199951171875,3012.699951171875,2957.629150390625,1828093
2025-05-26,M&M.NS,Mahindra & Mahindra,Auto & Turnaround Giant,3038.0,3101.0,3027.699951171875,3080.199951171875,3023.895263671875,2164190
2025-05-27,M&M.NS,Mahindra & Mahindra,Auto & Turnaround Giant,3080.199951171875,3085.0,3014.60009765625,3039.800048828125,2984.23388671875,2599143
2025-05-28,M&M.NS,Mahindra & Mahindra,Auto & Turnaround Giant,3039.699951171875,3044.800048828125,2993.0,2997.800048828125,2943.00146484375,1491995
2025-05-29,M&M.NS,Mahindra & Mahindra,Auto & Turnaround Giant,2999.0,3028.89990234375,2987.199951171875,3009.0,2953.99658203125,2093429
2025-05-30,M&M.NS,Mahindra & Mahindra,Auto & Turnaround Giant,3005.0,3017.39990234375,2957.0,2976.800048828125,2922.385498046875,3700191
2025-06-02,M&M.NS,Mahindra & Mahindra,Auto & Turnaround Giant,2976.800048828125,3038.5,2962.300048828125,3025.89990234375,2970.587890625,2967741
2025-06-03,M&M.NS,Mahindra & Mahindra,Auto & Turnaround Giant,3042.0,3064.800048828125,3027.0,3046.5,2990.811279296875,3204094
2025-06-04,M&M.NS,Mahindra & Mahindra,Auto & Turnaround Giant,3045.10009765625,3087.0,3040.10009765625,3053.39990234375,2997.5849609375,1584653
2025-06-05,M&M.NS,Mahindra & Mahindra,Auto & Turnaround Giant,3078.0,3095.0,2994.800048828125,3041.60009765625,2986.0009765625,3504632
2025-06-06,M&M.NS,Mahindra & Mahindra,Auto & Turnaround Giant,3041.60009765625,3112.89990234375,3027.0,3106.5,3049.71435546875,2028071
2025-06-09,M&M.NS,Mahindra & Mahindra,Auto & Turnaround Giant,3130.0,3141.0,3078.0,3087.39990234375,3030.963623046875,1364639
2025-06-10,M&M.NS,Mahindra & Mahindra,Auto & Turnaround Giant,3102.0,3106.89990234375,3059.800048828125,3067.5,3011.427490234375,1787253
2025-06-11,M&M.NS,Mahindra & Mahindra,Auto & Turnaround Giant,3085.0,3124.0,3076.0,3080.699951171875,3024.38623046875,1749787
2025-06-12,M&M.NS,Mahindra & Mahindra,Auto & Turnaround Giant,3088.0,3094.0,3007.0,3019.199951171875,2964.01025390625,2278398
2025-06-13,M&M.NS,Mahindra & Mahindra,Auto & Turnaround Giant,2932.0,3018.5,2932.0,3006.0,2951.051513671875,2003184
2025-06-16,M&M.NS,Mahindra & Mahindra,Auto & Turnaround Giant,3001.0,3045.0,2988.10009765625,3023.60009765625,2968.330078125,1673726
2025-06-17,M&M.NS,Mahindra & Mahindra,Auto & Turnaround Giant,3043.0,3043.0,2994.0,3007.199951171875,2952.2294921875,1455355
2025-06-18,M&M.NS,Mahindra & Mahindra,Auto & Turnaround Giant,3000.0,3074.89990234375,2986.60009765625,3041.10009765625,2985.510009765625,2161043
2025-06-19,M&M.NS,Mahindra & Mahindra,Auto & Turnaround Giant,3038.0,3106.89990234375,3034.199951171875,3094.800048828125,3038.228271484375,2482920
2025-06-20,M&M.NS,Mahindra & Mahindra,Auto & Turnaround Giant,3100.0,3203.0,3090.300048828125,3184.39990234375,3126.1904296875,8315834
2025-06-23,M&M.NS,Mahindra & Mahindra,Auto & Turnaround Giant,3163.60009765625,3184.39990234375,3122.699951171875,3135.0,3077.693603515625,1731432
2025-06-24,M&M.NS,Mahindra & Mahindra,Auto & Turnaround Giant,3155.10009765625,3216.60009765625,3136.800048828125,3150.10009765625,3092.517578125,2834887
2025-06-25,M&M.NS,Mahindra & Mahindra,Auto & Turnaround Giant,3180.0,3225.5,3160.5,3215.5,3156.721923828125,2078771
2025-06-26,M&M.NS,Mahindra & Mahindra,Auto & Turnaround Giant,3225.89990234375,3238.0,3183.5,3215.800048828125,3157.0166015625,2907261
2025-06-27,M&M.NS,Mahindra & Mahindra,Auto & Turnaround Giant,3205.0,3241.5,3187.10009765625,3203.300048828125,3144.744873046875,5098406
2025-06-30,M&M.NS,Mahindra & Mahindra,Auto & Turnaround Giant,3205.39990234375,3219.800048828125,3161.0,3183.199951171875,3125.012451171875,2083572
2025-07-01,M&M.NS,Mahindra & Mahindra,Auto & Turnaround Giant,3188.0,3218.0,3168.199951171875,3176.10009765625,3118.042236328125,1407074
2025-07-02,M&M.NS,Mahindra & Mahindra,Auto & Turnaround Giant,3168.0,3202.699951171875,3153.699951171875,3165.199951171875,3107.34130859375,1559309
2025-07-03,M&M.NS,Mahindra & Mahindra,Auto & Turnaround Giant,3165.199951171875,3221.0,3164.800048828125,3174.39990234375,3116.373291015625,2102806
2025-07-04,M&M.NS,Mahindra & Mahindra,Auto & Turnaround Giant,3161.10009765625,3177.0,3134.10009765625,3162.5,3129.634033203125,968006
2025-07-07,M&M.NS,Mahindra & Mahindra,Auto & Turnaround Giant,3162.5,3173.0,3152.10009765625,3160.199951171875,3127.35791015625,853459
2025-07-08,M&M.NS,Mahindra & Mahindra,Auto & Turnaround Giant,3150.0,3168.0,3123.0,3157.89990234375,3125.081787109375,1513129
2025-07-09,M&M.NS,Mahindra & Mahindra,Auto & Turnaround Giant,3145.0,3189.0,3141.0,3176.300048828125,3143.290771484375,1245661
2025-07-10,M&M.NS,Mahindra & Mahindra,Auto & Turnaround Giant,3172.10009765625,3192.60009765625,3137.60009765625,3162.39990234375,3129.53515625,1701384
2025-07-11,M&M.NS,Mahindra & Mahindra,Auto & Turnaround Giant,3158.0,3162.39990234375,3062.39990234375,3073.199951171875,3041.26220703125,3041614
2025-07-14,M&M.NS,Mahindra & Mahindra,Auto & Turnaround Giant,3072.800048828125,3104.800048828125,3053.60009765625,3092.10009765625,3059.9658203125,2958843
2025-07-15,M&M.NS,Mahindra & Mahindra,Auto & Turnaround Giant,3086.10009765625,3148.300048828125,3082.89990234375,3128.60009765625,3096.08642578125,2826720
2025-07-16,M&M.NS,Mahindra & Mahindra,Auto & Turnaround Giant,3128.60009765625,3210.0,3082.39990234375,3196.5,3163.28076171875,2892812
2025-07-17,M&M.NS,Mahindra & Mahindra,Auto & Turnaround Giant,3186.300048828125,3238.0,3171.0,3195.0,3161.79638671875,3267180
2025-07-18,M&M.NS,Mahindra & Mahindra,Auto & Turnaround Giant,3208.0,3252.0,3176.699951171875,3192.39990234375,3159.223388671875,2040381
2025-07-21,M&M.NS,Mahindra & Mahindra,Auto & Turnaround Giant,3177.0,3253.60009765625,3152.800048828125,3246.699951171875,3212.958984375,2436535
2025-07-22,M&M.NS,Mahindra & Mahindra,Auto & Turnaround Giant,3246.699951171875,3271.89990234375,3210.5,3257.199951171875,3223.349853515625,1854072
2025-07-23,M&M.NS,Mahindra & Mahindra,Auto & Turnaround Giant,3260.0,3303.0,3248.0,3268.800048828125,3234.82958984375,2159800
2025-07-24,M&M.NS,Mahindra & Mahindra,Auto & Turnaround Giant,3255.0,3286.5,3243.699951171875,3260.89990234375,3227.011474609375,1469406
2025-07-25,M&M.NS,Mahindra & Mahindra,Auto & Turnaround Giant,3256.0,3259.0,3214.0,3246.39990234375,3212.662109375,1475856
2025-07-28,M&M.NS,Mahindra & Mahindra,Auto & Turnaround Giant,3246.39990234375,3256.89990234375,3199.199951171875,3209.800048828125,3176.442626953125,1939520
2025-07-29,M&M.NS,Mahindra & Mahindra,Auto & Turnaround Giant,3203.0,3225.89990234375,3186.60009765625,3199.39990234375,3166.150634765625,1824673
2025-07-30,M&M.NS,Mahindra & Mahindra,Auto & Turnaround Giant,3195.0,3241.60009765625,3151.89990234375,3208.89990234375,3175.5517578125,2199654
2025-07-31,M&M.NS,Mahindra & Mahindra,Auto & Turnaround Giant,3225.0,3238.199951171875,3135.60009765625,3203.10009765625,3169.812255859375,4465859
2025-08-01,M&M.NS,Mahindra & Mahindra,Auto & Turnaround Giant,3205.0,3205.0,3116.699951171875,3159.300048828125,3126.467529296875,3781457
2025-08-04,M&M.NS,Mahindra & Mahindra,Auto & Turnaround Giant,3170.0,3223.0,3160.0,3200.199951171875,3166.9423828125,2684012
2025-08-05,M&M.NS,Mahindra & Mahindra,Auto & Turnaround Giant,3195.0,3222.0,3170.10009765625,3212.199951171875,3178.817626953125,1805644
2025-08-06,M&M.NS,Mahindra & Mahindra,Auto & Turnaround Giant,3212.199951171875,3240.10009765625,3178.60009765625,3227.5,3193.958740234375,1866321
2025-08-07,M&M.NS,Mahindra & Mahindra,Auto & Turnaround Giant,3198.0,3229.60009765625,3161.10009765625,3211.10009765625,3177.729248046875,2374621
2025-08-08,M&M.NS,Mahindra & Mahindra,Auto & Turnaround Giant,3207.0,3214.89990234375,3135.60009765625,3144.199951171875,3111.524169921875,1721037
2025-08-11,M&M.NS,Mahindra & Mahindra,Auto & Turnaround Giant,3150.89990234375,3230.0,3130.300048828125,3186.199951171875,3153.087890625,2046761
2025-08-12,M&M.NS,Mahindra & Mahindra,Auto & Turnaround Giant,3186.10009765625,3253.0,3185.10009765625,3236.5,3202.864990234375,3315978
2025-08-13,M&M.NS,Mahindra & Mahindra,Auto & Turnaround Giant,3255.0,3300.0,3238.699951171875,3282.199951171875,3248.090087890625,2436029
2025-08-14,M&M.NS,Mahindra & Mahindra,Auto & Turnaround Giant,3273.199951171875,3313.5,3262.0,3265.39990234375,3231.464599609375,1508721
2025-08-18,M&M.NS,Mahindra & Mahindra,Auto & Turnaround Giant,3350.0,3432.0,3335.300048828125,3383.10009765625,3347.941650390625,5787481
2025-08-19,M&M.NS,Mahindra & Mahindra,Auto & Turnaround Giant,3400.0,3403.89990234375,3338.10009765625,3354.0,3319.14404296875,2596242
2025-08-20,M&M.NS,Mahindra & Mahindra,Auto & Turnaround Giant,3354.10009765625,3404.199951171875,3335.0,3395.60009765625,3360.311767578125,2957816
2025-08-21,M&M.NS,Mahindra & Mahindra,Auto & Turnaround Giant,3410.0,3410.0,3370.0,3375.10009765625,3340.02490234375,1964795
2025-08-22,M&M.NS,Mahindra & Mahindra,Auto & Turnaround Giant,3380.0,3420.0,3375.39990234375,3403.0,3367.634765625,2509867
2025-08-25,M&M.NS,Mahindra & Mahindra,Auto & Turnaround Giant,3428.0,3429.0,3381.800048828125,3398.89990234375,3363.577392578125,1859862
2025-08-26,M&M.NS,Mahindra & Mahindra,Auto & Turnaround Giant,3395.0,3414.0,3318.10009765625,3330.800048828125,3296.18505859375,3122442
2025-08-28,M&M.NS,Mahindra & Mahindra,Auto & Turnaround Giant,3375.0,3375.0,3287.300048828125,3295.300048828125,3261.05419921875,2936428
2025-08-29,M&M.NS,Mahindra & Mahindra,Auto & Turnaround Giant,3271.0,3280.0,3187.0,3199.5,3166.24951171875,3017625
2025-09-01,M&M.NS,Mahindra & Mahindra,Auto & Turnaround Giant,3191.10009765625,3324.89990234375,3191.10009765625,3315.39990234375,3280.945068359375,3525726
2025-09-02,M&M.NS,Mahindra & Mahindra,Auto & Turnaround Giant,3325.0,3330.0,3223.0,3234.5,3200.885986328125,3073407
2025-09-03,M&M.NS,Mahindra & Mahindra,Auto & Turnaround Giant,3269.0,3293.699951171875,3232.800048828125,3286.0,3251.8505859375,2672659
2025-09-04,M&M.NS,Mahindra & Mahindra,Auto & Turnaround Giant,3527.0,3550.0,3463.39990234375,3481.5,3445.319091796875,7600320
2025-09-05,M&M.NS,Mahindra & Mahindra,Auto & Turnaround Giant,3511.0,3577.800048828125,3481.5,3561.300048828125,3524.289794921875,3700943
2025-09-08,M&M.NS,Mahindra & Mahindra,Auto & Turnaround Giant,3561.300048828125,3561.300048828125,3561.300048828125,3561.300048828125,3524.289794921875,0
2025-09-09,M&M.NS,Mahindra & Mahindra,Auto & Turnaround Giant,3702.199951171875,3723.800048828125,3673.10009765625,3696.300048828125,3657.88671875,2879258
2025-09-10,M&M.NS,Mahindra & Mahindra,Auto & Turnaround Giant,3702.0,3708.89990234375,3591.39990234375,3604.39990234375,3566.941650390625,2298202
2025-09-11,M&M.NS,Mahindra & Mahindra,Auto & Turnaround Giant,3620.0,3647.89990234375,3580.0,3595.699951171875,3558.33203125,1949934
2025-09-12,M&M.NS,Mahindra & Mahindra,Auto & Turnaround Giant,3594.89990234375,3641.0,3582.0,3589.89990234375,3552.59228515625,2839264
2025-09-15,M&M.NS,Mahindra & Mahindra,Auto & Turnaround Giant,3590.0,3603.39990234375,3526.60009765625,3530.300048828125,3493.61181640625,2550444
2025-09-16,M&M.NS,Mahindra & Mahindra,Auto & Turnaround Giant,3545.0,3619.89990234375,3528.89990234375,3608.0,3570.50439453125,2465043
2025-09-17,M&M.NS,Mahindra & Mahindra,Auto & Turnaround Giant,3608.0,3644.89990234375,3593.10009765625,3633.199951171875,3595.4423828125,2237804
2025-09-18,M&M.NS,Mahindra & Mahindra,Auto & Turnaround Giant,3636.10009765625,3650.0,3603.300048828125,3642.199951171875,3604.348876953125,2480472
2025-09-19,M&M.NS,Mahindra & Mahindra,Auto & Turnaround Giant,3601.0,3636.699951171875,3584.5,3592.10009765625,3554.769775390625,4018342
2025-09-22,M&M.NS,Mahindra & Mahindra,Auto & Turnaround Giant,3600.0,3616.60009765625,3569.300048828125,3584.800048828125,3547.54541015625,1664133
2025-09-23,M&M.NS,Mahindra & Mahindra,Auto & Turnaround Giant,3610.0,3679.199951171875,3606.800048828125,3614.60009765625,3577.035888671875,2523224
2025-09-24,M&M.NS,Mahindra & Mahindra,Auto & Turnaround Giant,3614.5,3626.300048828125,3568.0,3574.89990234375,3537.748291015625,1320014
2025-09-25,M&M.NS,Mahindra & Mahindra,Auto & Turnaround Giant,3579.89990234375,3584.10009765625,3521.800048828125,3530.0,3493.31494140625,2106344
2025-09-26,M&M.NS,Mahindra & Mahindra,Auto & Turnaround Giant,3510.0,3547.5,3391.60009765625,3396.5,3361.202392578125,3046760
2025-09-29,M&M.NS,Mahindra & Mahindra,Auto & Turnaround Giant,3419.0,3458.0,3405.0,3418.10009765625,3382.577880859375,3175716
2025-09-30,M&M.NS,Mahindra & Mahindra,Auto & Turnaround Giant,3420.0,3454.0,3393.10009765625,3427.0,3391.38525390625,2611078
2025-10-01,M&M.NS,Mahindra & Mahindra,Auto & Turnaround Giant,3419.199951171875,3501.0,3415.5,3463.39990234375,3427.406982421875,2364844
2025-10-03,M&M.NS,Mahindra & Mahindra,Auto & Turnaround Giant,3462.10009765625,3492.39990234375,3404.199951171875,3462.0,3426.021728515625,2357702
2025-10-06,M&M.NS,Mahindra & Mahindra,Auto & Turnaround Giant,3462.0,3480.0,3425.10009765625,3472.0,3435.917724609375,1156082
2025-10-07,M&M.NS,Mahindra & Mahindra,Auto & Turnaround Giant,3468.10009765625,3521.39990234375,3465.10009765625,3492.800048828125,3456.50146484375,1508939
2025-10-08,M&M.NS,Mahindra & Mahindra,Auto & Turnaround Giant,3500.0,3509.699951171875,3422.60009765625,3426.5,3390.890625,1444911
2025-10-09,M&M.NS,Mahindra & Mahindra,Auto & Turnaround Giant,3450.0,3475.0,3424.0,3442.89990234375,3407.1201171875,1997853
2025-10-10,M&M.NS,Mahindra & Mahindra,Auto & Turnaround Giant,3425.0,3473.89990234375,3395.699951171875,3454.89990234375,3418.995361328125,1416272
2025-10-13,M&M.NS,Mahindra & Mahindra,Auto & Turnaround Giant,3432.0,3470.0,3432.0,3459.699951171875,3423.745361328125,1090517
2025-10-14,M&M.NS,Mahindra & Mahindra,Auto & Turnaround Giant,3469.89990234375,3487.10009765625,3428.0,3459.800048828125,3423.844482421875,1518505
2025-10-15,M&M.NS,Mahindra & Mahindra,Auto & Turnaround Giant,3461.0,3500.0,3460.0,3497.199951171875,3460.855712890625,1319445
2025-10-16,M&M.NS,Mahindra & Mahindra,Auto & Turnaround Giant,3503.0,3573.199951171875,3498.300048828125,3560.800048828125,3523.794921875,2125552
2025-10-17,M&M.NS,Mahindra & Mahindra,Auto & Turnaround Giant,3561.0,3656.0,3560.10009765625,3647.199951171875,3609.296875,3339579
2025-10-20,M&M.NS,Mahindra & Mahindra,Auto & Turnaround Giant,3674.0,3676.0,3593.0,3599.10009765625,3561.697021484375,2827250
2025-10-21,M&M.NS,Mahindra & Mahindra,Auto & Turnaround Giant,3608.199951171875,3628.10009765625,3604.300048828125,3621.199951171875,3583.567138671875,286950
2025-10-23,M&M.NS,Mahindra & Mahindra,Auto & Turnaround Giant,3632.10009765625,3650.0,3600.0,3623.60009765625,3585.9423828125,3724956
2025-10-24,M&M.NS,Mahindra & Mahindra,Auto & Turnaround Giant,3630.0,3655.300048828125,3615.10009765625,3625.0,3587.32763671875,1654500
2025-10-27,M&M.NS,Mahindra & Mahindra,Auto & Turnaround Giant,3626.800048828125,3635.300048828125,3593.0,3611.60009765625,3574.067138671875,1440893
2025-10-28,M&M.NS,Mahindra & Mahindra,Auto & Turnaround Giant,3605.0,3624.89990234375,3562.0,3579.10009765625,3541.90478515625,2851093
2025-10-29,M&M.NS,Mahindra & Mahindra,Auto & Turnaround Giant,3580.0,3583.5,3522.10009765625,3534.699951171875,3497.966064453125,2526473
2025-10-30,M&M.NS,Mahindra & Mahindra,Auto & Turnaround Giant,3540.0,3550.0,3496.0,3502.10009765625,3465.705078125,2103351
2025-10-31,M&M.NS,Mahindra & Mahindra,Auto & Turnaround Giant,3516.10009765625,3526.699951171875,3483.699951171875,3487.199951171875,3450.959716796875,1915577
2025-11-03,M&M.NS,Mahindra & Mahindra,Auto & Turnaround Giant,3511.0,3590.0,3511.0,3548.89990234375,3512.018310546875,1776510
2025-11-04,M&M.NS,Mahindra & Mahindra,Auto & Turnaround Giant,3548.60009765625,3632.800048828125,3537.199951171875,3581.199951171875,3543.98291015625,3494428
2025-11-06,M&M.NS,Mahindra & Mahindra,Auto & Turnaround Giant,3625.0,3674.699951171875,3586.300048828125,3618.5,3580.895263671875,4535984
2025-11-07,M&M.NS,Mahindra & Mahindra,Auto & Turnaround Giant,3615.60009765625,3718.0,3566.800048828125,3690.199951171875,3651.85009765625,2595934
2025-11-10,M&M.NS,Mahindra & Mahindra,Auto & Turnaround Giant,3690.199951171875,3715.800048828125,3645.10009765625,3663.89990234375,3625.8232421875,1620889
2025-11-11,M&M.NS,Mahindra & Mahindra,Auto & Turnaround Giant,3699.89990234375,3759.0,3670.0,3749.10009765625,3710.13818359375,3044040
2025-11-12,M&M.NS,Mahindra & Mahindra,Auto & Turnaround Giant,3761.0,3781.0,3740.0,3754.300048828125,3715.283935546875,1984901
2025-11-13,M&M.NS,Mahindra & Mahindra,Auto & Turnaround Giant,3748.199951171875,3754.10009765625,3690.199951171875,3699.5,3661.053466796875,1599079
2025-11-14,M&M.NS,Mahindra & Mahindra,Auto & Turnaround Giant,3700.0,3716.800048828125,3660.5,3698.60009765625,3660.162841796875,1847028
2025-11-17,M&M.NS,Mahindra & Mahindra,Auto & Turnaround Giant,3710.0,3754.5,3682.300048828125,3734.89990234375,3696.08544921875,2094008
2025-11-18,M&M.NS,Mahindra & Mahindra,Auto & Turnaround Giant,3718.5,3732.699951171875,3688.0,3694.800048828125,3656.40234375,2613743
2025-11-19,M&M.NS,Mahindra & Mahindra,Auto & Turnaround Giant,3695.0,3746.5,3667.800048828125,3722.5,3683.814453125,1626043
2025-11-20,M&M.NS,Mahindra & Mahindra,Auto & Turnaround Giant,3744.800048828125,3759.0,3711.10009765625,3716.699951171875,3678.07470703125,1815617
2025-11-21,M&M.NS,Mahindra & Mahindra,Auto & Turnaround Giant,3730.0,3779.0,3726.0,3749.60009765625,3710.6328125,3184145
2025-11-24,M&M.NS,Mahindra & Mahindra,Auto & Turnaround Giant,3745.10009765625,3749.5,3677.199951171875,3690.800048828125,3652.44384765625,4059935
2025-11-25,M&M.NS,Mahindra & Mahindra,Auto & Turnaround Giant,3687.0,3695.800048828125,3653.0,3669.300048828125,3631.167236328125,1714176
2025-11-26,M&M.NS,Mahindra & Mahindra,Auto & Turnaround Giant,3681.0,3708.0,3669.300048828125,3686.39990234375,3648.089599609375,2116524
2025-11-27,M&M.NS,Mahindra & Mahindra,Auto & Turnaround Giant,3701.5,3717.60009765625,3665.0,3681.199951171875,3642.943603515625,1993274
2025-11-28,M&M.NS,Mahindra & Mahindra,Auto & Turnaround Giant,3692.0,3768.89990234375,3690.10009765625,3757.300048828125,3718.252685546875,2944457
2025-12-01,M&M.NS,Mahindra & Mahindra,Auto & Turnaround Giant,3790.0,3795.0,3730.0,3741.60009765625,3702.716064453125,1830158
2025-12-02,M&M.NS,Mahindra & Mahindra,Auto & Turnaround Giant,3722.800048828125,3748.0,3705.5,3716.5,3677.876708984375,2285922
2025-12-03,M&M.NS,Mahindra & Mahindra,Auto & Turnaround Giant,3736.0,3740.0,3640.0,3649.39990234375,3611.473876953125,2002476
2025-12-04,M&M.NS,Mahindra & Mahindra,Auto & Turnaround Giant,3675.0,3678.199951171875,3620.199951171875,3671.60009765625,3633.443359375,1984001
2025-12-05,M&M.NS,Mahindra & Mahindra,Auto & Turnaround Giant,3659.300048828125,3721.5,3642.5,3717.10009765625,3678.470703125,2393280
2025-12-08,M&M.NS,Mahindra & Mahindra,Auto & Turnaround Giant,3720.0,3725.0,3671.60009765625,3681.699951171875,3643.4384765625,1500195
2025-12-09,M&M.NS,Mahindra & Mahindra,Auto & Turnaround Giant,3658.0,3674.39990234375,3604.5,3635.89990234375,3598.1142578125,3901255
2025-12-10,M&M.NS,Mahindra & Mahindra,Auto & Turnaround Giant,3660.0,3694.89990234375,3626.199951171875,3630.0,3592.275634765625,1593915
2025-12-11,M&M.NS,Mahindra & Mahindra,Auto & Turnaround Giant,3623.39990234375,3669.10009765625,3615.89990234375,3665.199951171875,3627.10986328125,981456
2025-12-12,M&M.NS,Mahindra & Mahindra,Auto & Turnaround Giant,3665.39990234375,3695.0,3661.300048828125,3679.60009765625,3641.3603515625,1078982
2025-12-15,M&M.NS,Mahindra & Mahindra,Auto & Turnaround Giant,3632.0,3665.39990234375,3603.60009765625,3608.0,3570.50439453125,1704069
2025-12-16,M&M.NS,Mahindra & Mahindra,Auto & Turnaround Giant,3581.0,3633.5,3577.89990234375,3621.0,3583.369140625,1394406
2025-12-17,M&M.NS,Mahindra & Mahindra,Auto & Turnaround Giant,3647.89990234375,3647.89990234375,3594.0,3612.800048828125,3575.25439453125,1209367
2025-12-18,M&M.NS,Mahindra & Mahindra,Auto & Turnaround Giant,3600.0,3611.89990234375,3540.10009765625,3586.60009765625,3549.326904296875,2446168
2025-12-19,M&M.NS,Mahindra & Mahindra,Auto & Turnaround Giant,3571.0,3615.0,3560.0,3603.60009765625,3566.150146484375,1647819
2025-12-22,M&M.NS,Mahindra & Mahindra,Auto & Turnaround Giant,3600.0,3625.0,3576.89990234375,3616.699951171875,3579.11376953125,1400786
2025-12-23,M&M.NS,Mahindra & Mahindra,Auto & Turnaround Giant,3619.199951171875,3637.5,3605.0,3625.10009765625,3587.4267578125,1413628
2025-12-24,M&M.NS,Mahindra & Mahindra,Auto & Turnaround Giant,3624.60009765625,3658.0,3612.10009765625,3636.699951171875,3598.906005859375,842897
2025-12-26,M&M.NS,Mahindra & Mahindra,Auto & Turnaround Giant,3636.699951171875,3647.0,3614.60009765625,3623.10009765625,3585.447509765625,829910
2025-12-29,M&M.NS,Mahindra & Mahindra,Auto & Turnaround Giant,3622.699951171875,3640.199951171875,3588.10009765625,3592.10009765625,3554.769775390625,1034692
2025-12-30,M&M.NS,Mahindra & Mahindra,Auto & Turnaround Giant,3590.0,3666.0,3575.199951171875,3660.300048828125,3622.260986328125,2063179
2025-12-31,M&M.NS,Mahindra & Mahindra,Auto & Turnaround Giant,3653.0,3723.60009765625,3640.39990234375,3709.199951171875,3670.652587890625,1868363
2026-01-01,M&M.NS,Mahindra & Mahindra,Auto & Turnaround Giant,3725.0,3774.0,3721.10009765625,3761.0,3721.914306640625,1498161
2026-01-02,M&M.NS,Mahindra & Mahindra,Auto & Turnaround Giant,3759.89990234375,3812.0,3743.199951171875,3802.39990234375,3762.884033203125,1478292
2026-01-05,M&M.NS,Mahindra & Mahindra,Auto & Turnaround Giant,3805.89990234375,3839.89990234375,3785.0,3790.300048828125,3750.909912109375,1574098
2026-01-06,M&M.NS,Mahindra & Mahindra,Auto & Turnaround Giant,3788.0,3819.10009765625,3758.10009765625,3785.60009765625,3746.2587890625,1299489
2026-01-07,M&M.NS,Mahindra & Mahindra,Auto & Turnaround Giant,3800.0,3808.60009765625,3718.5,3748.800048828125,3709.841064453125,1046776
2026-01-08,M&M.NS,Mahindra & Mahindra,Auto & Turnaround Giant,3730.0,3756.800048828125,3693.199951171875,3724.0,3685.298828125,1261005
2026-01-09,M&M.NS,Mahindra & Mahindra,Auto & Turnaround Giant,3712.10009765625,3748.5,3667.10009765625,3677.300048828125,3639.084228515625,1235928
2026-01-12,M&M.NS,Mahindra & Mahindra,Auto & Turnaround Giant,3675.300048828125,3717.0,3598.800048828125,3682.0,3643.7353515625,1665237
2026-01-13,M&M.NS,Mahindra & Mahindra,Auto & Turnaround Giant,3717.0,3717.0,3631.5,3661.5,3623.4482421875,1700985
2026-01-14,M&M.NS,Mahindra & Mahindra,Auto & Turnaround Giant,3663.0,3682.0,3635.10009765625,3649.5,3611.572998046875,1573135
2026-01-15,M&M.NS,Mahindra & Mahindra,Auto & Turnaround Giant,3649.5,3649.5,3649.5,3649.5,3611.572998046875,0
2026-01-16,M&M.NS,Mahindra & Mahindra,Auto & Turnaround Giant,3650.10009765625,3729.89990234375,3650.10009765625,3658.199951171875,3620.1826171875,2089943
2026-01-19,M&M.NS,Mahindra & Mahindra,Auto & Turnaround Giant,3689.0,3689.0,3614.0,3657.39990234375,3619.390869140625,1715818
2026-01-20,M&M.NS,Mahindra & Mahindra,Auto & Turnaround Giant,3646.0,3677.5,3540.0,3557.5,3520.529052734375,1753439
2026-01-21,M&M.NS,Mahindra & Mahindra,Auto & Turnaround Giant,3543.0,3586.699951171875,3517.10009765625,3553.300048828125,3516.372802734375,1587467
2026-01-22,M&M.NS,Mahindra & Mahindra,Auto & Turnaround Giant,3600.0,3620.0,3533.39990234375,3573.699951171875,3536.560791015625,2107171
2026-01-23,M&M.NS,Mahindra & Mahindra,Auto & Turnaround Giant,3573.699951171875,3596.0,3534.800048828125,3543.39990234375,3506.57568359375,1922549
2026-01-27,M&M.NS,Mahindra & Mahindra,Auto & Turnaround Giant,3437.199951171875,3497.699951171875,3344.10009765625,3393.5,3358.2333984375,7139715
2026-01-28,M&M.NS,Mahindra & Mahindra,Auto & Turnaround Giant,3379.0,3456.89990234375,3376.0,3449.199951171875,3413.3544921875,3964878
2026-01-29,M&M.NS,Mahindra & Mahindra,Auto & Turnaround Giant,3449.199951171875,3479.60009765625,3321.0,3384.39990234375,3349.22802734375,5592638
2026-01-30,M&M.NS,Mahindra & Mahindra,Auto & Turnaround Giant,3283.0,3452.39990234375,3282.800048828125,3431.800048828125,3396.135498046875,5291090
2026-02-02,M&M.NS,Mahindra & Mahindra,Auto & Turnaround Giant,3355.0,3472.10009765625,3343.699951171875,3463.199951171875,3427.208984375,2950641
2026-02-03,M&M.NS,Mahindra & Mahindra,Auto & Turnaround Giant,3638.0,3643.800048828125,3513.0,3527.89990234375,3491.236572265625,5492214
2026-02-04,M&M.NS,Mahindra & Mahindra,Auto & Turnaround Giant,3549.0,3620.0,3519.10009765625,3574.0,3536.857666015625,2395062
2026-02-05,M&M.NS,Mahindra & Mahindra,Auto & Turnaround Giant,3592.0,3598.800048828125,3528.10009765625,3572.0,3534.87841796875,1251428
2026-02-06,M&M.NS,Mahindra & Mahindra,Auto & Turnaround Giant,3577.0,3590.0,3530.60009765625,3578.0,3540.816162109375,1462031
2026-02-09,M&M.NS,Mahindra & Mahindra,Auto & Turnaround Giant,3593.800048828125,3619.10009765625,3557.10009765625,3609.60009765625,3572.087890625,1294690
2026-02-10,M&M.NS,Mahindra & Mahindra,Auto & Turnaround Giant,3616.300048828125,3699.0,3601.0,3675.800048828125,3637.599853515625,1917432
2026-02-11,M&M.NS,Mahindra & Mahindra,Auto & Turnaround Giant,3704.699951171875,3787.0,3666.10009765625,3674.89990234375,3636.708984375,4787745
2026-02-12,M&M.NS,Mahindra & Mahindra,Auto & Turnaround Giant,3698.199951171875,3699.0,3582.199951171875,3593.10009765625,3555.75927734375,2554236
2026-02-13,M&M.NS,Mahindra & Mahindra,Auto & Turnaround Giant,3530.0,3596.5,3520.300048828125,3533.39990234375,3496.679443359375,1632115
2026-02-16,M&M.NS,Mahindra & Mahindra,Auto & Turnaround Giant,3535.0,3549.5,3469.0,3509.699951171875,3473.225830078125,1562001
2026-02-17,M&M.NS,Mahindra & Mahindra,Auto & Turnaround Giant,3509.699951171875,3515.800048828125,3462.0,3489.199951171875,3452.93896484375,1991583
2026-02-18,M&M.NS,Mahindra & Mahindra,Auto & Turnaround Giant,3491.10009765625,3545.0,3483.199951171875,3530.5,3493.809814453125,1682427
2026-02-19,M&M.NS,Mahindra & Mahindra,Auto & Turnaround Giant,3534.89990234375,3546.5,3421.300048828125,3431.800048828125,3396.135498046875,2479531
2026-02-20,M&M.NS,Mahindra & Mahindra,Auto & Turnaround Giant,3443.0,3449.89990234375,3402.5,3412.800048828125,3377.3330078125,2260853
2026-02-23,M&M.NS,Mahindra & Mahindra,Auto & Turnaround Giant,3425.0,3457.60009765625,3416.89990234375,3447.10009765625,3411.276611328125,1789276
2026-02-24,M&M.NS,Mahindra & Mahindra,Auto & Turnaround Giant,3415.0,3441.0,3390.0,3433.199951171875,3397.52099609375,1929400
2026-02-25,M&M.NS,Mahindra & Mahindra,Auto & Turnaround Giant,3435.0,3500.89990234375,3425.39990234375,3491.300048828125,3455.01708984375,2273269
2026-02-26,M&M.NS,Mahindra & Mahindra,Auto & Turnaround Giant,3505.0,3507.0,3461.60009765625,3484.60009765625,3448.386962890625,1998012
2026-02-27,M&M.NS,Mahindra & Mahindra,Auto & Turnaround Giant,3460.0,3488.10009765625,3381.10009765625,3397.39990234375,3362.0927734375,3765500
2026-03-02,M&M.NS,Mahindra & Mahindra,Auto & Turnaround Giant,3299.89990234375,3374.89990234375,3283.0,3334.300048828125,3299.648681640625,2997529
2026-03-04,M&M.NS,Mahindra & Mahindra,Auto & Turnaround Giant,3240.0,3278.10009765625,3207.89990234375,3264.300048828125,3230.376220703125,4537215
2026-03-05,M&M.NS,Mahindra & Mahindra,Auto & Turnaround Giant,3277.300048828125,3360.60009765625,3276.199951171875,3348.0,3313.206298828125,2304760
2026-03-06,M&M.NS,Mahindra & Mahindra,Auto & Turnaround Giant,3315.0,3367.0,3315.0,3332.5,3297.867431640625,2084605
2026-03-09,M&M.NS,Mahindra & Mahindra,Auto & Turnaround Giant,3250.0,3250.0,3142.89990234375,3187.60009765625,3154.473388671875,3961149
2026-03-10,M&M.NS,Mahindra & Mahindra,Auto & Turnaround Giant,3278.0,3309.39990234375,3228.89990234375,3293.699951171875,3259.470703125,2672336
2026-03-11,M&M.NS,Mahindra & Mahindra,Auto & Turnaround Giant,3276.0,3292.89990234375,3156.0,3168.199951171875,3135.27490234375,4574950
2026-03-12,M&M.NS,Mahindra & Mahindra,Auto & Turnaround Giant,3115.10009765625,3142.800048828125,3020.0,3031.199951171875,2999.698486328125,6968585
2026-03-13,M&M.NS,Mahindra & Mahindra,Auto & Turnaround Giant,2965.0,3025.0,2922.60009765625,2931.10009765625,2900.638916015625,7217643
2026-03-16,M&M.NS,Mahindra & Mahindra,Auto & Turnaround Giant,2902.0,3043.699951171875,2896.0,3036.10009765625,3004.5478515625,5378638
2026-03-17,M&M.NS,Mahindra & Mahindra,Auto & Turnaround Giant,3052.0,3139.300048828125,3024.5,3128.89990234375,3096.38330078125,3491894
2026-03-18,M&M.NS,Mahindra & Mahindra,Auto & Turnaround Giant,3140.10009765625,3236.199951171875,3140.10009765625,3214.60009765625,3181.19287109375,3746758
2026-03-19,M&M.NS,Mahindra & Mahindra,Auto & Turnaround Giant,3136.300048828125,3147.89990234375,3032.60009765625,3045.39990234375,3013.7509765625,3059501
2026-03-20,M&M.NS,Mahindra & Mahindra,Auto & Turnaround Giant,3059.199951171875,3106.60009765625,3043.199951171875,3066.10009765625,3034.236083984375,4471960
2026-03-23,M&M.NS,Mahindra & Mahindra,Auto & Turnaround Giant,3015.10009765625,3019.699951171875,2935.0,2955.800048828125,2925.082275390625,3978740
2026-03-24,M&M.NS,Mahindra & Mahindra,Auto & Turnaround Giant,3030.0,3057.300048828125,2965.89990234375,3031.300048828125,2999.797607421875,3944279
2026-03-25,M&M.NS,Mahindra & Mahindra,Auto & Turnaround Giant,3099.89990234375,3157.89990234375,3082.89990234375,3128.10009765625,3095.591796875,3328790
2026-03-27,M&M.NS,Mahindra & Mahindra,Auto & Turnaround Giant,3100.0,3105.199951171875,3030.0,3041.300048828125,3009.69384765625,3155168
2026-03-30,M&M.NS,Mahindra & Mahindra,Auto & Turnaround Giant,2980.0,3023.699951171875,2945.0,2954.699951171875,2923.99365234375,5416854
2026-04-01,M&M.NS,Mahindra & Mahindra,Auto & Turnaround Giant,3079.89990234375,3079.89990234375,3010.10009765625,3031.5,2999.99560546875,3522875
2026-04-02,M&M.NS,Mahindra & Mahindra,Auto & Turnaround Giant,2975.0,3028.800048828125,2928.10009765625,3011.699951171875,2980.4013671875,3297975
2026-04-06,M&M.NS,Mahindra & Mahindra,Auto & Turnaround Giant,3006.10009765625,3030.0,2961.0,3021.60009765625,2990.198486328125,2554900
2026-04-07,M&M.NS,Mahindra & Mahindra,Auto & Turnaround Giant,3001.60009765625,3017.0,2949.5,3006.60009765625,2975.3544921875,2292715
2026-04-08,M&M.NS,Mahindra & Mahindra,Auto & Turnaround Giant,3125.0,3231.0,3109.0,3210.10009765625,3176.739501953125,4227961
2026-04-09,M&M.NS,Mahindra & Mahindra,Auto & Turnaround Giant,3179.89990234375,3199.89990234375,3131.0,3166.800048828125,3133.889404296875,3039565
2026-04-10,M&M.NS,Mahindra & Mahindra,Auto & Turnaround Giant,3180.0,3270.0,3180.0,3259.800048828125,3225.923095703125,2801451
2026-04-13,M&M.NS,Mahindra & Mahindra,Auto & Turnaround Giant,3194.60009765625,3249.199951171875,3183.10009765625,3220.199951171875,3186.734375,3183080
2026-04-15,M&M.NS,Mahindra & Mahindra,Auto & Turnaround Giant,3250.0,3301.89990234375,3225.0,3256.5,3222.6572265625,2591177
2026-04-16,M&M.NS,Mahindra & Mahindra,Auto & Turnaround Giant,3273.0,3288.0,3201.0,3222.300048828125,3188.812744140625,2678634
2026-04-17,M&M.NS,Mahindra & Mahindra,Auto & Turnaround Giant,3210.0,3242.5,3185.0,3200.199951171875,3166.9423828125,2180404
2026-04-20,M&M.NS,Mahindra & Mahindra,Auto & Turnaround Giant,3207.0,3235.5,3162.60009765625,3221.60009765625,3188.1201171875,3201466
2026-04-21,M&M.NS,Mahindra & Mahindra,Auto & Turnaround Giant,3212.0,3262.300048828125,3212.0,3247.300048828125,3213.552978515625,1972188
2026-04-22,M&M.NS,Mahindra & Mahindra,Auto & Turnaround Giant,3214.10009765625,3249.89990234375,3143.0,3149.699951171875,3116.967041015625,3096787
2026-04-23,M&M.NS,Mahindra & Mahindra,Auto & Turnaround Giant,3105.0,3114.699951171875,3032.199951171875,3047.699951171875,3016.027099609375,4540875
2026-04-24,M&M.NS,Mahindra & Mahindra,Auto & Turnaround Giant,3047.699951171875,3089.0,3035.0,3038.39990234375,3006.82373046875,2300917
2026-04-27,M&M.NS,Mahindra & Mahindra,Auto & Turnaround Giant,3050.0,3114.0,3050.0,3102.39990234375,3070.15869140625,1816150
2026-04-28,M&M.NS,Mahindra & Mahindra,Auto & Turnaround Giant,3115.89990234375,3144.0,3075.0,3088.10009765625,3056.00732421875,2645344
2026-04-29,M&M.NS,Mahindra & Mahindra,Auto & Turnaround Giant,3100.0,3192.0,3092.0,3152.300048828125,3119.540283203125,3917359
2026-04-30,M&M.NS,Mahindra & Mahindra,Auto & Turnaround Giant,3105.39990234375,3117.300048828125,3047.0,3097.5,3065.3095703125,3331158
2026-05-01,M&M.NS,Mahindra & Mahindra,Auto & Turnaround Giant,3097.5,3097.5,3097.5,3097.5,3065.3095703125,0
2026-05-04,M&M.NS,Mahindra & Mahindra,Auto & Turnaround Giant,3131.5,3172.0,3081.5,3106.5,3074.216064453125,2873467
2026-05-05,M&M.NS,Mahindra & Mahindra,Auto & Turnaround Giant,3114.0,3222.0,3070.199951171875,3210.800048828125,3177.43212890625,6454419
2026-05-06,M&M.NS,Mahindra & Mahindra,Auto & Turnaround Giant,3245.0,3315.699951171875,3243.5,3300.800048828125,3266.496826171875,6007370
2026-05-07,M&M.NS,Mahindra & Mahindra,Auto & Turnaround Giant,3311.89990234375,3399.0,3305.0,3370.699951171875,3335.67041015625,4916193
2026-05-08,M&M.NS,Mahindra & Mahindra,Auto & Turnaround Giant,3357.800048828125,3363.0,3317.60009765625,3330.39990234375,3295.7890625,2071348
2026-05-11,M&M.NS,Mahindra & Mahindra,Auto & Turnaround Giant,3235.0,3292.0,3224.199951171875,3245.89990234375,3212.167236328125,2320887
2026-05-12,M&M.NS,Mahindra & Mahindra,Auto & Turnaround Giant,3240.0,3261.60009765625,3166.300048828125,3176.0,3142.993896484375,2638081
2026-05-13,M&M.NS,Mahindra & Mahindra,Auto & Turnaround Giant,3176.0,3189.60009765625,3103.60009765625,3111.800048828125,3079.461181640625,2692484
2026-05-14,M&M.NS,Mahindra & Mahindra,Auto & Turnaround Giant,3137.0,3181.0,3101.10009765625,3173.89990234375,3140.91552734375,2167959
2026-05-15,M&M.NS,Mahindra & Mahindra,Auto & Turnaround Giant,3170.0,3188.89990234375,3111.0,3123.10009765625,3090.643798828125,2196383
2026-05-18,M&M.NS,Mahindra & Mahindra,Auto & Turnaround Giant,3100.0,3111.699951171875,3050.0,3083.699951171875,3051.653076171875,1962357
2026-05-19,M&M.NS,Mahindra & Mahindra,Auto & Turnaround Giant,3099.10009765625,3158.800048828125,3075.0,3092.300048828125,3060.163818359375,3151874
2026-05-20,M&M.NS,Mahindra & Mahindra,Auto & Turnaround Giant,3078.0,3142.800048828125,3033.0,3122.199951171875,3089.7529296875,2330606
2026-05-21,M&M.NS,Mahindra & Mahindra,Auto & Turnaround Giant,3147.0,3157.699951171875,3079.800048828125,3099.0,3066.7939453125,1877207
2026-05-22,M&M.NS,Mahindra & Mahindra,Auto & Turnaround Giant,3095.0,3131.699951171875,3072.60009765625,3081.300048828125,3049.278076171875,2407171
2026-05-25,M&M.NS,Mahindra & Mahindra,Auto & Turnaround Giant,3134.699951171875,3173.699951171875,3111.39990234375,3139.0,3106.37841796875,2423710
2026-05-26,M&M.NS,Mahindra & Mahindra,Auto & Turnaround Giant,3122.0,3159.199951171875,3103.0,3107.300048828125,3075.0078125,1791919
2026-05-27,M&M.NS,Mahindra & Mahindra,Auto & Turnaround Giant,3110.89990234375,3141.300048828125,3104.0,3121.60009765625,3089.1591796875,1408612
2026-05-28,M&M.NS,Mahindra & Mahindra,Auto & Turnaround Giant,3121.60009765625,3121.60009765625,3121.60009765625,3121.60009765625,3089.1591796875,0
2026-05-29,M&M.NS,Mahindra & Mahindra,Auto & Turnaround Giant,3119.60009765625,3150.800048828125,3005.10009765625,3045.60009765625,3013.94921875,11402867
2026-06-01,M&M.NS,Mahindra & Mahindra,Auto & Turnaround Giant,3050.0,3068.89990234375,2961.0,2970.199951171875,2939.33251953125,5763247
2026-06-02,M&M.NS,Mahindra & Mahindra,Auto & Turnaround Giant,2913.10009765625,3008.699951171875,2913.10009765625,2998.300048828125,2967.140625,4045354
2026-06-03,M&M.NS,Mahindra & Mahindra,Auto & Turnaround Giant,2996.0,3029.5,2965.0,3011.10009765625,2979.8076171875,3110137
2026-06-04,M&M.NS,Mahindra & Mahindra,Auto & Turnaround Giant,2985.0,3067.10009765625,2974.199951171875,3016.10009765625,2984.755615234375,2788572
2026-06-05,M&M.NS,Mahindra & Mahindra,Auto & Turnaround Giant,3039.89990234375,3059.0,3012.699951171875,3040.5,3008.902099609375,1685633
2026-06-08,M&M.NS,Mahindra & Mahindra,Auto & Turnaround Giant,2985.0,3006.0,2948.0,2966.0,2935.17626953125,2415904
2026-06-09,M&M.NS,Mahindra & Mahindra,Auto & Turnaround Giant,2995.89990234375,3015.89990234375,2974.0,2990.10009765625,2959.02587890625,2527267
2026-06-10,M&M.NS,Mahindra & Mahindra,Auto & Turnaround Giant,2980.0,3000.0,2943.199951171875,2952.5,2921.816650390625,2281551
2026-06-11,M&M.NS,Mahindra & Mahindra,Auto & Turnaround Giant,2930.0,3012.199951171875,2900.39990234375,3000.89990234375,2969.71337890625,3177902
2026-06-12,M&M.NS,Mahindra & Mahindra,Auto & Turnaround Giant,3025.10009765625,3050.0,2982.60009765625,3042.89990234375,3011.27685546875,3557496
2026-06-15,M&M.NS,Mahindra & Mahindra,Auto & Turnaround Giant,3090.0,3167.0,3078.0,3134.300048828125,3101.727294921875,5286854
2026-06-16,M&M.NS,Mahindra & Mahindra,Auto & Turnaround Giant,3163.0,3163.0,3108.0,3137.89990234375,3105.289794921875,3551761
2026-06-17,M&M.NS,Mahindra & Mahindra,Auto & Turnaround Giant,3145.0,3165.0,3090.0,3132.89990234375,3100.341552734375,3186836
2026-06-18,M&M.NS,Mahindra & Mahindra,Auto & Turnaround Giant,3137.0,3151.0,3115.0,3136.5,3103.904296875,2432013
2026-06-19,M&M.NS,Mahindra & Mahindra,Auto & Turnaround Giant,3110.0,3130.0,3059.0,3074.800048828125,3042.845703125,3408840
2026-06-22,M&M.NS,Mahindra & Mahindra,Auto & Turnaround Giant,3085.0,3102.0,3053.800048828125,3063.39990234375,3031.56396484375,2186778
2026-06-23,M&M.NS,Mahindra & Mahindra,Auto & Turnaround Giant,3063.39990234375,3092.199951171875,3031.800048828125,3037.300048828125,3005.7353515625,2828392
2026-06-24,M&M.NS,Mahindra & Mahindra,Auto & Turnaround Giant,3044.0,3097.89990234375,3025.0,3064.5,3032.652587890625,2179193
2026-06-25,M&M.NS,Mahindra & Mahindra,Auto & Turnaround Giant,3090.0,3208.5,3086.0,3182.199951171875,3149.12939453125,5346892
2026-06-26,M&M.NS,Mahindra & Mahindra,Auto & Turnaround Giant,3182.199951171875,3182.199951171875,3182.199951171875,3182.199951171875,3149.12939453125,0
2026-06-29,M&M.NS,Mahindra & Mahindra,Auto & Turnaround Giant,3143.39990234375,3174.300048828125,3085.5,3093.0,3060.8564453125,3700623
2026-06-30,M&M.NS,Mahindra & Mahindra,Auto & Turnaround Giant,3105.0,3122.89990234375,3061.800048828125,3068.800048828125,3036.907958984375,3882185
2026-07-01,M&M.NS,Mahindra & Mahindra,Auto & Turnaround Giant,3088.0,3166.300048828125,3088.0,3130.0,3097.471923828125,2754707
2026-07-02,M&M.NS,Mahindra & Mahindra,Auto & Turnaround Giant,3136.800048828125,3190.0,3111.5,3175.39990234375,3142.39990234375,2624368
2026-07-03,M&M.NS,Mahindra & Mahindra,Auto & Turnaround Giant,3194.0,3197.0,3127.300048828125,3136.89990234375,3136.89990234375,2414988
2026-07-06,M&M.NS,Mahindra & Mahindra,Auto & Turnaround Giant,3157.89990234375,3212.699951171875,3124.89990234375,3201.199951171875,3201.199951171875,2637740
2026-07-07,M&M.NS,Mahindra & Mahindra,Auto & Turnaround Giant,3210.800048828125,3217.10009765625,3181.0,3196.39990234375,3196.39990234375,2426521
2026-07-08,M&M.NS,Mahindra & Mahindra,Auto & Turnaround Giant,3175.0,3200.89990234375,3088.199951171875,3102.5,3102.5,2933765
2026-07-09,M&M.NS,Mahindra & Mahindra,Auto & Turnaround Giant,3101.0,3139.699951171875,3080.300048828125,3085.39990234375,3085.39990234375,2922682
2026-07-10,M&M.NS,Mahindra & Mahindra,Auto & Turnaround Giant,3109.0,3135.0,3105.199951171875,3129.39990234375,3129.39990234375,1814898
2026-07-13,M&M.NS,Mahindra & Mahindra,Auto & Turnaround Giant,3088.800048828125,3169.0,3082.0,3160.39990234375,3160.39990234375,1770170
2026-07-14,M&M.NS,Mahindra & Mahindra,Auto & Turnaround Giant,3121.0,3130.0,3082.199951171875,3093.300048828125,3093.300048828125,2376410
2026-07-15,M&M.NS,Mahindra & Mahindra,Auto & Turnaround Giant,3088.800048828125,3119.89990234375,3079.39990234375,3082.89990234375,3082.89990234375,2377390
2026-07-16,M&M.NS,Mahindra & Mahindra,Auto & Turnaround Giant,3117.0,3146.0,3089.39990234375,3117.800048828125,3117.800048828125,1978238
2026-07-17,M&M.NS,Mahindra & Mahindra,Auto & Turnaround Giant,3119.0,3183.199951171875,3119.0,3179.199951171875,3179.199951171875,1627877
2026-07-20,M&M.NS,Mahindra & Mahindra,Auto & Turnaround Giant,3179.199951171875,3183.5,3140.5,3165.5,3165.5,1768417
2026-07-21,M&M.NS,Mahindra & Mahindra,Auto & Turnaround Giant,3153.800048828125,3212.0,3143.0,3201.699951171875,3201.699951171875,1776773
2026-07-22,M&M.NS,Mahindra & Mahindra,Auto & Turnaround Giant,3198.0,3219.89990234375,3166.89990234375,3175.300048828125,3175.300048828125,1784375
2026-07-23,M&M.NS,Mahindra & Mahindra,Auto & Turnaround Giant,3156.0,3250.0,3156.0,3229.699951171875,3229.699951171875,2705691
2026-07-24,M&M.NS,Mahindra & Mahindra,Auto & Turnaround Giant,3215.300048828125,3217.0,3135.10009765625,3161.39990234375,3161.39990234375,2135688
2026-07-27,M&M.NS,Mahindra & Mahindra,Auto & Turnaround Giant,3183.0,3246.800048828125,3179.0,3238.60009765625,3238.60009765625,2264570
2026-07-28,M&M.NS,Mahindra & Mahindra,Auto & Turnaround Giant,3225.0,3284.699951171875,3222.0,3271.199951171875,3271.199951171875,2208579
2026-07-29,M&M.NS,Mahindra & Mahindra,Auto & Turnaround Giant,3280.10009765625,3321.199951171875,3211.800048828125,3221.800048828125,3221.800048828125,3693381
2026-07-30,M&M.NS,Mahindra & Mahindra,Auto & Turnaround Giant,3220.0,3327.0,3197.5,3283.699951171875,3283.699951171875,4851980
2026-07-31,M&M.NS,Mahindra & Mahindra,Auto & Turnaround Giant,3379.89990234375,3457.0,3243.300048828125,3398.5,3398.5,6131873
2026-08-03,M&M.NS,Mahindra & Mahindra,Auto & Turnaround Giant,3465.0,3465.0,3386.199951171875,3428.60009765625,3428.60009765625,2169303
2026-08-04,M&M.NS,Mahindra & Mahindra,Auto & Turnaround Giant,3401.0,3434.10009765625,3384.60009765625,3433.0,3433.0,2450782
2026-08-05,M&M.NS,Mahindra & Mahindra,Auto & Turnaround Giant,3470.0,3485.800048828125,3435.0,3455.39990234375,3455.39990234375,1970549
2026-08-06,M&M.NS,Mahindra & Mahindra,Auto & Turnaround Giant,3449.0,3449.0,3406.0,3406.0,3406.0,1656879
2026-08-07,M&M.NS,Mahindra & Mahindra,Auto & Turnaround Giant,3405.0,3504.89990234375,3402.10009765625,3502.0,3502.0,3299237
2026-08-10,M&M.NS,Mahindra & Mahindra,Auto & Turnaround Giant,3509.0,3534.60009765625,3491.10009765625,3517.0,3517.0,2434928
2026-08-11,M&M.NS,Mahindra & Mahindra,Auto & Turnaround Giant,3505.39990234375,3514.60009765625,3455.10009765625,3460.10009765625,3460.10009765625,2269936
2026-08-12,M&M.NS,Mahindra & Mahindra,Auto & Turnaround Giant,3460.0,3471.800048828125,3403.60009765625,3403.60009765625,3403.60009765625,1834082
2026-08-13,M&M.NS,Mahindra & Mahindra,Auto & Turnaround Giant,3405.0,3440.0,3396.5,3428.199951171875,3428.199951171875,2288322
2026-08-14,M&M.NS,Mahindra & Mahindra,Auto & Turnaround Giant,3425.0,3430.0,3378.300048828125,3428.300048828125,3428.300048828125,1032969
2026-08-17,M&M.NS,Mahindra & Mahindra,Auto & Turnaround Giant,3428.300048828125,3451.89990234375,3388.300048828125,3390.39990234375,3390.39990234375,1756791
2026-08-18,M&M.NS,Mahindra & Mahindra,Auto & Turnaround Giant,3390.39990234375,3435.0,3390.199951171875,3421.5,3421.5,1371664
2026-08-19,M&M.NS,Mahindra & Mahindra,Auto & Turnaround Giant,3396.199951171875,3425.60009765625,3371.10009765625,3415.0,3415.0,1601024
2026-08-20,M&M.NS,Mahindra & Mahindra,Auto & Turnaround Giant,3424.0,3456.39990234375,3401.0,3424.800048828125,3424.800048828125,1279093
2026-08-21,M&M.NS,Mahindra & Mahindra,Auto & Turnaround Giant,3431.199951171875,3453.89990234375,3412.199951171875,3412.199951171875,3412.199951171875,1730623
2026-08-24,M&M.NS,Mahindra & Mahindra,Auto & Turnaround Giant,3419.89990234375,3444.699951171875,3400.0,3414.10009765625,3414.10009765625,1168624
2026-08-25,M&M.NS,Mahindra & Mahindra,Auto & Turnaround Giant,3414.10009765625,3443.0,3396.800048828125,3443.0,3443.0,1078022
2026-08-26,M&M.NS,Mahindra & Mahindra,Auto & Turnaround Giant,3435.0,3447.89990234375,3398.199951171875,3398.199951171875,3398.199951171875,687761
2026-08-27,M&M.NS,Mahindra & Mahindra,Auto & Turnaround Giant,3410.0,3420.0,3330.0,3330.0,3330.0,1853016
2026-08-28,M&M.NS,Mahindra & Mahindra,Auto & Turnaround Giant,3331.0,3351.699951171875,3302.0,3334.0,3334.0,1744074
2026-08-31,M&M.NS,Mahindra & Mahindra,Auto & Turnaround Giant,3320.0,3365.0,3282.0,3282.0,3282.0,3613080
2026-09-01,M&M.NS,Mahindra & Mahindra,Auto & Turnaround Giant,3367.0,3368.0,3223.0,3259.0,3259.0,1887247
2026-09-02,M&M.NS,Mahindra & Mahindra,Auto & Turnaround Giant,3223.5,3229.60009765625,3142.5,3190.0,3190.0,2883166
2026-09-03,M&M.NS,Mahindra & Mahindra,Auto & Turnaround Giant,3200.0,3210.0,3150.0,3150.0,3150.0,1826312
2026-09-04,M&M.NS,Mahindra & Mahindra,Auto & Turnaround Giant,3158.699951171875,3185.300048828125,3144.199951171875,3170.0,3170.0,1489449
2026-09-07,M&M.NS,Mahindra & Mahindra,Auto & Turnaround Giant,3154.10009765625,3178.0,3145.0,3160.0,3160.0,1715004
2026-09-08,M&M.NS,Mahindra & Mahindra,Auto & Turnaround Giant,3145.0,3163.0,3096.300048828125,3160.0,3160.0,1784671
2026-09-09,M&M.NS,Mahindra & Mahindra,Auto & Turnaround Giant,3135.300048828125,3151.300048828125,3118.0,3150.0,3150.0,1050769
2026-09-10,M&M.NS,Mahindra & Mahindra,Auto & Turnaround Giant,3141.699951171875,3146.89990234375,3097.699951171875,3123.800048828125,3123.800048828125,2140618
2026-09-11,M&M.NS,Mahindra & Mahindra,Auto & Turnaround Giant,3110.0,3124.199951171875,3069.10009765625,3107.0,3107.0,1311484
