Date,Ticker,Company_Name,Category,Open,High,Low,Close,Adj_Close,Volume
2010-01-04,SUZLON.NS,Suzlon Energy,Retail Hype / Turnaround,84.0165786743164,84.0165786743164,81.9046859741211,82.50152587890625,82.50152587890625,22576657
2010-01-05,SUZLON.NS,Suzlon Energy,Retail Hype / Turnaround,82.96063232421875,85.62345123291016,82.96063232421875,84.88887786865234,84.88887786865234,38561060
2010-01-06,SUZLON.NS,Suzlon Energy,Retail Hype / Turnaround,85.53163146972656,86.26620483398438,84.29204559326172,85.66936492919922,85.66936492919922,32289584
2010-01-07,SUZLON.NS,Suzlon Energy,Retail Hype / Turnaround,85.99073791503906,85.99073791503906,83.32791900634766,84.42977142333984,84.42977142333984,21782582
2010-01-08,SUZLON.NS,Suzlon Energy,Retail Hype / Turnaround,84.5675048828125,86.58757781982422,84.5675048828125,85.11843872070312,85.11843872070312,25676237
2010-01-11,SUZLON.NS,Suzlon Energy,Retail Hype / Turnaround,85.99073791503906,87.41397094726562,85.4857177734375,87.00077056884766,87.00077056884766,29657207
2010-01-12,SUZLON.NS,Suzlon Energy,Retail Hype / Turnaround,87.32215118408203,87.59761047363281,83.78702545166016,84.5675048828125,84.5675048828125,25142697
2010-01-13,SUZLON.NS,Suzlon Energy,Retail Hype / Turnaround,84.29204559326172,85.80709838867188,82.40970611572266,85.3938980102539,85.3938980102539,27717641
2010-01-14,SUZLON.NS,Suzlon Energy,Retail Hype / Turnaround,86.12847137451172,86.26620483398438,83.5574722290039,83.7411117553711,83.7411117553711,19274030
2010-01-15,SUZLON.NS,Suzlon Energy,Retail Hype / Turnaround,84.2002182006836,84.75115203857422,81.26193237304688,81.8128662109375,81.8128662109375,25493914
2010-01-18,SUZLON.NS,Suzlon Energy,Retail Hype / Turnaround,82.6392593383789,83.78702545166016,81.4455795288086,82.77699279785156,82.77699279785156,17957024
2010-01-19,SUZLON.NS,Suzlon Energy,Retail Hype / Turnaround,83.0983657836914,83.190185546875,79.6091537475586,80.0682601928711,80.0682601928711,17547664
2010-01-20,SUZLON.NS,Suzlon Energy,Retail Hype / Turnaround,80.75691986083984,81.17011260986328,78.50729370117188,79.1500473022461,79.1500473022461,16034775
2010-01-21,SUZLON.NS,Suzlon Energy,Retail Hype / Turnaround,78.59911346435547,79.05821990966797,75.61492156982422,76.02811431884766,76.02811431884766,27369638
2010-01-22,SUZLON.NS,Suzlon Energy,Retail Hype / Turnaround,74.37532806396484,74.78852844238281,71.71250915527344,72.90618896484375,72.90618896484375,33601305
2010-01-25,SUZLON.NS,Suzlon Energy,Retail Hype / Turnaround,73.45711517333984,73.45711517333984,69.32515716552734,69.83016967773438,69.83016967773438,27441963
2010-01-27,SUZLON.NS,Suzlon Energy,Retail Hype / Turnaround,68.86605072021484,71.52886962890625,66.11140441894531,67.21326446533203,67.21326446533203,38316393
2010-01-28,SUZLON.NS,Suzlon Energy,Retail Hype / Turnaround,69.32515716552734,70.19745635986328,66.84597778320312,68.31511688232422,68.31511688232422,32146877
2010-01-29,SUZLON.NS,Suzlon Energy,Retail Hype / Turnaround,67.81010437011719,71.43704223632812,66.15731811523438,70.9320297241211,70.9320297241211,30973133
2010-02-01,SUZLON.NS,Suzlon Energy,Retail Hype / Turnaround,71.16158294677734,73.08982849121094,69.92198944091797,72.1257095336914,72.1257095336914,34958196
2010-02-02,SUZLON.NS,Suzlon Energy,Retail Hype / Turnaround,72.99800872802734,73.77849578857422,69.41697692871094,69.92198944091797,69.92198944091797,33609127
2010-02-03,SUZLON.NS,Suzlon Energy,Retail Hype / Turnaround,70.24337005615234,71.98797607421875,70.24337005615234,70.97793579101562,70.97793579101562,17844717
2010-02-04,SUZLON.NS,Suzlon Energy,Retail Hype / Turnaround,71.11566925048828,71.11566925048828,66.89188385009766,67.25917053222656,67.25917053222656,22853470
2010-02-05,SUZLON.NS,Suzlon Energy,Retail Hype / Turnaround,64.8259048461914,66.6623306274414,63.40267562866211,65.56047821044922,65.56047821044922,29886881
2010-02-08,SUZLON.NS,Suzlon Energy,Retail Hype / Turnaround,67.94783020019531,69.32515716552734,65.8359375,68.86605072021484,68.86605072021484,26084569
2010-02-09,SUZLON.NS,Suzlon Energy,Retail Hype / Turnaround,68.77422332763672,69.18742370605469,67.12144470214844,67.71827697753906,67.71827697753906,16520585
2010-02-10,SUZLON.NS,Suzlon Energy,Retail Hype / Turnaround,69.04969024658203,69.5547103881836,66.47869110107422,66.93779754638672,66.93779754638672,18747503
2010-02-11,SUZLON.NS,Suzlon Energy,Retail Hype / Turnaround,67.94783020019531,68.31511688232422,67.21326446533203,67.71827697753906,67.71827697753906,12714419
2010-02-15,SUZLON.NS,Suzlon Energy,Retail Hype / Turnaround,68.86605072021484,68.86605072021484,66.34095764160156,66.89188385009766,66.89188385009766,15501328
2010-02-16,SUZLON.NS,Suzlon Energy,Retail Hype / Turnaround,67.02961730957031,68.22329711914062,66.34095764160156,67.90192413330078,67.90192413330078,12741693
2010-02-17,SUZLON.NS,Suzlon Energy,Retail Hype / Turnaround,68.68240356445312,69.46288299560547,66.89188385009766,67.21326446533203,67.21326446533203,22317880
2010-02-18,SUZLON.NS,Suzlon Energy,Retail Hype / Turnaround,66.93779754638672,67.85601043701172,64.64226531982422,64.917724609375,64.917724609375,30266845
2010-02-19,SUZLON.NS,Suzlon Energy,Retail Hype / Turnaround,64.4586181640625,65.7441177368164,63.448585510253906,64.917724609375,64.917724609375,23147439
2010-02-22,SUZLON.NS,Suzlon Energy,Retail Hype / Turnaround,66.47869110107422,66.80006408691406,63.81586837768555,64.22906494140625,64.22906494140625,16377912
2010-02-23,SUZLON.NS,Suzlon Energy,Retail Hype / Turnaround,64.22906494140625,64.64226531982422,63.35676193237305,63.86178207397461,63.86178207397461,14606060
2010-02-24,SUZLON.NS,Suzlon Energy,Retail Hype / Turnaround,63.5863151550293,64.27497863769531,62.5762825012207,63.40267562866211,63.40267562866211,15522847
2010-02-25,SUZLON.NS,Suzlon Energy,Retail Hype / Turnaround,64.18315887451172,64.18315887451172,62.6681022644043,62.80583572387695,62.80583572387695,16391739
2010-02-26,SUZLON.NS,Suzlon Energy,Retail Hype / Turnaround,62.6221923828125,66.80006408691406,62.484458923339844,65.97367095947266,65.97367095947266,34282832
2010-03-02,SUZLON.NS,Suzlon Energy,Retail Hype / Turnaround,67.02961730957031,67.35099029541016,66.11140441894531,66.70824432373047,66.70824432373047,16899895
2010-03-03,SUZLON.NS,Suzlon Energy,Retail Hype / Turnaround,67.12144470214844,68.59058380126953,66.61642456054688,68.26921081542969,68.26921081542969,22117759
2010-03-04,SUZLON.NS,Suzlon Energy,Retail Hype / Turnaround,68.40693664550781,71.94206237792969,68.13147735595703,71.29931640625,71.29931640625,39415754
2010-03-05,SUZLON.NS,Suzlon Energy,Retail Hype / Turnaround,71.62068939208984,74.65079498291016,71.29931640625,73.87031555175781,73.87031555175781,56862733
2010-03-08,SUZLON.NS,Suzlon Energy,Retail Hype / Turnaround,75.93629455566406,75.93629455566406,72.5848159790039,72.86027526855469,72.86027526855469,29605519
2010-03-09,SUZLON.NS,Suzlon Energy,Retail Hype / Turnaround,72.81436920166016,73.18165588378906,70.42700958251953,70.79429626464844,70.79429626464844,22304504
2010-03-10,SUZLON.NS,Suzlon Energy,Retail Hype / Turnaround,71.16158294677734,71.94206237792969,69.96790313720703,70.88611602783203,70.88611602783203,20995683
2010-03-11,SUZLON.NS,Suzlon Energy,Retail Hype / Turnaround,70.88611602783203,72.07979583740234,70.15155029296875,70.74838256835938,70.74838256835938,20876879
2010-03-12,SUZLON.NS,Suzlon Energy,Retail Hype / Turnaround,70.79429626464844,71.48295593261719,69.23332977294922,69.50879669189453,69.50879669189453,16828068
2010-03-15,SUZLON.NS,Suzlon Energy,Retail Hype / Turnaround,69.27924346923828,69.27924346923828,67.30508422851562,67.58055114746094,67.58055114746094,16015252
2010-03-16,SUZLON.NS,Suzlon Energy,Retail Hype / Turnaround,67.85601043701172,69.41697692871094,67.48872375488281,69.0956039428711,69.0956039428711,14567330
2010-03-17,SUZLON.NS,Suzlon Energy,Retail Hype / Turnaround,70.28927612304688,70.4729232788086,68.03965759277344,68.40693664550781,68.40693664550781,16722119
2010-03-18,SUZLON.NS,Suzlon Energy,Retail Hype / Turnaround,68.82013702392578,69.41697692871094,67.94783020019531,68.77422332763672,68.77422332763672,12746220
2010-03-19,SUZLON.NS,Suzlon Energy,Retail Hype / Turnaround,67.94783020019531,70.15155029296875,67.94783020019531,69.69243621826172,69.69243621826172,14366242
2010-03-22,SUZLON.NS,Suzlon Energy,Retail Hype / Turnaround,68.86605072021484,68.86605072021484,66.89188385009766,67.12144470214844,67.12144470214844,13715396
2010-03-23,SUZLON.NS,Suzlon Energy,Retail Hype / Turnaround,67.39690399169922,68.68240356445312,66.93779754638672,67.44281768798828,67.44281768798828,17804613
2010-03-25,SUZLON.NS,Suzlon Energy,Retail Hype / Turnaround,67.02961730957031,67.48872375488281,66.6623306274414,66.98371124267578,66.98371124267578,11889897
2010-03-26,SUZLON.NS,Suzlon Energy,Retail Hype / Turnaround,67.67237091064453,67.85601043701172,66.29505157470703,66.84597778320312,66.84597778320312,12068357
2010-03-29,SUZLON.NS,Suzlon Energy,Retail Hype / Turnaround,67.48872375488281,67.48872375488281,66.38687133789062,66.70824432373047,66.70824432373047,13826125
2010-03-30,SUZLON.NS,Suzlon Energy,Retail Hype / Turnaround,67.48872375488281,68.17738342285156,65.8359375,66.24913787841797,66.24913787841797,16224520
2010-03-31,SUZLON.NS,Suzlon Energy,Retail Hype / Turnaround,65.88185119628906,66.84597778320312,65.7441177368164,65.97367095947266,65.97367095947266,10342313
2010-04-01,SUZLON.NS,Suzlon Energy,Retail Hype / Turnaround,66.57051086425781,67.39690399169922,66.29505157470703,66.61642456054688,66.61642456054688,10504001
2010-04-05,SUZLON.NS,Suzlon Energy,Retail Hype / Turnaround,67.02961730957031,67.58055114746094,66.75415802001953,67.30508422851562,67.30508422851562,10225762
2010-04-06,SUZLON.NS,Suzlon Energy,Retail Hype / Turnaround,67.53463745117188,69.60061645507812,67.48872375488281,68.86605072021484,68.86605072021484,25561222
2010-04-07,SUZLON.NS,Suzlon Energy,Retail Hype / Turnaround,69.78426361083984,69.96790313720703,68.13147735595703,69.04969024658203,69.04969024658203,17110394
2010-04-08,SUZLON.NS,Suzlon Energy,Retail Hype / Turnaround,69.04969024658203,69.78426361083984,68.26921081542969,68.6364974975586,68.6364974975586,17259959
2010-04-09,SUZLON.NS,Suzlon Energy,Retail Hype / Turnaround,69.0956039428711,69.60061645507812,68.68240356445312,69.00377655029297,69.00377655029297,10982438
2010-04-12,SUZLON.NS,Suzlon Energy,Retail Hype / Turnaround,69.32515716552734,69.64653015136719,67.48872375488281,68.03965759277344,68.03965759277344,11486538
2010-04-13,SUZLON.NS,Suzlon Energy,Retail Hype / Turnaround,67.94783020019531,68.31511688232422,66.93779754638672,67.12144470214844,67.12144470214844,9368893
2010-04-15,SUZLON.NS,Suzlon Energy,Retail Hype / Turnaround,67.85601043701172,68.77422332763672,66.11140441894531,66.52460479736328,66.52460479736328,16213680
2010-04-16,SUZLON.NS,Suzlon Energy,Retail Hype / Turnaround,66.11140441894531,66.6623306274414,65.23910522460938,65.65229797363281,65.65229797363281,17538100
2010-04-19,SUZLON.NS,Suzlon Energy,Retail Hype / Turnaround,65.10137176513672,65.19319152832031,63.81586837768555,64.0913314819336,64.0913314819336,15555652
2010-04-20,SUZLON.NS,Suzlon Energy,Retail Hype / Turnaround,64.64226531982422,66.80006408691406,64.27497863769531,66.11140441894531,66.11140441894531,18953385
2010-04-21,SUZLON.NS,Suzlon Energy,Retail Hype / Turnaround,66.6623306274414,67.25917053222656,65.65229797363281,66.01958465576172,66.01958465576172,14611660
2010-04-22,SUZLON.NS,Suzlon Energy,Retail Hype / Turnaround,66.11140441894531,66.89188385009766,65.42274475097656,65.88185119628906,65.88185119628906,11972207
2010-04-23,SUZLON.NS,Suzlon Energy,Retail Hype / Turnaround,66.11140441894531,66.57051086425781,64.59635162353516,65.2850112915039,65.2850112915039,17062098
2010-04-26,SUZLON.NS,Suzlon Energy,Retail Hype / Turnaround,66.47869110107422,66.47869110107422,65.05545806884766,65.23910522460938,65.23910522460938,12439171
2010-04-27,SUZLON.NS,Suzlon Energy,Retail Hype / Turnaround,65.19319152832031,65.42274475097656,64.3667984008789,64.55044555664062,64.55044555664062,10269089
2010-04-28,SUZLON.NS,Suzlon Energy,Retail Hype / Turnaround,64.18315887451172,64.27497863769531,62.759925842285156,63.0353889465332,63.0353889465332,14399163
2010-04-29,SUZLON.NS,Suzlon Energy,Retail Hype / Turnaround,63.1272087097168,63.76995849609375,62.1171760559082,62.30081558227539,62.30081558227539,17056194
2010-04-30,SUZLON.NS,Suzlon Energy,Retail Hype / Turnaround,62.89765548706055,63.9536018371582,62.5762825012207,63.31085205078125,63.31085205078125,14602607
2010-05-03,SUZLON.NS,Suzlon Energy,Retail Hype / Turnaround,63.448585510253906,64.18315887451172,62.759925842285156,63.63222885131836,63.63222885131836,12611356
2010-05-04,SUZLON.NS,Suzlon Energy,Retail Hype / Turnaround,64.27497863769531,64.68817138671875,62.39263916015625,62.5762825012207,62.5762825012207,16626890
2010-05-05,SUZLON.NS,Suzlon Energy,Retail Hype / Turnaround,61.336692810058594,62.5762825012207,60.46438980102539,62.2089958190918,62.2089958190918,15311780
2010-05-06,SUZLON.NS,Suzlon Energy,Retail Hype / Turnaround,62.43854904174805,65.88185119628906,61.795799255371094,65.42274475097656,65.42274475097656,53734481
2010-05-07,SUZLON.NS,Suzlon Energy,Retail Hype / Turnaround,65.19319152832031,65.19319152832031,61.244869232177734,62.1171760559082,62.1171760559082,32795828
2010-05-10,SUZLON.NS,Suzlon Energy,Retail Hype / Turnaround,62.43854904174805,64.917724609375,62.43854904174805,64.13724517822266,64.13724517822266,22567898
2010-05-11,SUZLON.NS,Suzlon Energy,Retail Hype / Turnaround,64.27497863769531,64.68817138671875,62.1630859375,62.39263916015625,62.39263916015625,19494663
2010-05-12,SUZLON.NS,Suzlon Energy,Retail Hype / Turnaround,62.43854904174805,63.1272087097168,60.51029968261719,61.42851257324219,61.42851257324219,18088888
2010-05-13,SUZLON.NS,Suzlon Energy,Retail Hype / Turnaround,61.7039794921875,62.80583572387695,61.107139587402344,61.336692810058594,61.336692810058594,11657682
2010-05-14,SUZLON.NS,Suzlon Energy,Retail Hype / Turnaround,61.336692810058594,61.88762283325195,59.72981643676758,60.23483657836914,60.23483657836914,13123093
2010-05-17,SUZLON.NS,Suzlon Energy,Retail Hype / Turnaround,59.68390655517578,59.77573013305664,56.97517776489258,59.31662368774414,59.31662368774414,19823039
2010-05-18,SUZLON.NS,Suzlon Energy,Retail Hype / Turnaround,58.76569366455078,60.23483657836914,58.260677337646484,58.719783782958984,58.719783782958984,13625198
2010-05-19,SUZLON.NS,Suzlon Energy,Retail Hype / Turnaround,57.84748077392578,58.30658721923828,54.26644515991211,55.001014709472656,55.001014709472656,21407276
2010-05-20,SUZLON.NS,Suzlon Energy,Retail Hype / Turnaround,55.092838287353516,56.011051177978516,53.945068359375,54.404178619384766,54.404178619384766,16125520
2010-05-21,SUZLON.NS,Suzlon Energy,Retail Hype / Turnaround,53.80733871459961,54.404178619384766,51.83317947387695,53.8991584777832,53.8991584777832,16408466
2010-05-24,SUZLON.NS,Suzlon Energy,Retail Hype / Turnaround,54.633731842041016,55.91923141479492,53.4859619140625,53.99098205566406,53.99098205566406,14580738
2010-05-25,SUZLON.NS,Suzlon Energy,Retail Hype / Turnaround,53.4400520324707,54.58781814575195,52.5677490234375,53.25640869140625,53.25640869140625,17745669
2010-05-26,SUZLON.NS,Suzlon Energy,Retail Hype / Turnaround,53.71551513671875,54.58781814575195,53.4400520324707,53.945068359375,53.945068359375,9625155
2010-05-27,SUZLON.NS,Suzlon Energy,Retail Hype / Turnaround,54.174625396728516,54.26644515991211,52.75139236450195,53.34823226928711,53.34823226928711,18000006
2010-05-28,SUZLON.NS,Suzlon Energy,Retail Hype / Turnaround,53.8991584777832,56.470157623291016,53.8991584777832,56.05696105957031,56.05696105957031,22108493
2010-05-31,SUZLON.NS,Suzlon Energy,Retail Hype / Turnaround,55.59785461425781,56.42424774169922,51.052696228027344,51.6495361328125,51.6495361328125,42147004
2010-06-01,SUZLON.NS,Suzlon Energy,Retail Hype / Turnaround,51.41998291015625,52.9809455871582,50.68540954589844,51.052696228027344,51.052696228027344,25048364
2010-06-02,SUZLON.NS,Suzlon Energy,Retail Hype / Turnaround,51.41998291015625,51.87908935546875,49.07853698730469,49.76719665527344,49.76719665527344,28408742
2010-06-03,SUZLON.NS,Suzlon Energy,Retail Hype / Turnaround,50.501766204833984,51.2363395690918,50.134483337402344,50.7772331237793,50.7772331237793,16644531
2010-06-04,SUZLON.NS,Suzlon Energy,Retail Hype / Turnaround,50.86905288696289,51.78726577758789,49.95083999633789,51.2363395690918,51.2363395690918,18083342
2010-06-07,SUZLON.NS,Suzlon Energy,Retail Hype / Turnaround,50.501766204833984,50.501766204833984,48.75716018676758,50.134483337402344,50.134483337402344,15281381
2010-06-08,SUZLON.NS,Suzlon Energy,Retail Hype / Turnaround,50.134483337402344,50.68540954589844,49.124446868896484,49.21626663208008,49.21626663208008,12680046
2010-06-09,SUZLON.NS,Suzlon Energy,Retail Hype / Turnaround,48.75716018676758,50.134483337402344,48.57352066040039,49.124446868896484,49.124446868896484,15831803
2010-06-10,SUZLON.NS,Suzlon Energy,Retail Hype / Turnaround,49.124446868896484,49.85901641845703,47.83894729614258,49.49173355102539,49.49173355102539,25015411
2010-06-11,SUZLON.NS,Suzlon Energy,Retail Hype / Turnaround,50.042659759521484,50.593589782714844,49.124446868896484,49.445823669433594,49.445823669433594,16205045
2010-06-14,SUZLON.NS,Suzlon Energy,Retail Hype / Turnaround,49.72128677368164,50.45585632324219,49.124446868896484,50.22630310058594,50.22630310058594,12631031
2010-06-15,SUZLON.NS,Suzlon Energy,Retail Hype / Turnaround,50.45585632324219,53.0727653503418,49.904930114746094,52.6136589050293,52.6136589050293,40478730
2010-06-16,SUZLON.NS,Suzlon Energy,Retail Hype / Turnaround,53.25640869140625,53.76142883300781,52.33819580078125,52.6136589050293,52.6136589050293,18931055
2010-06-17,SUZLON.NS,Suzlon Energy,Retail Hype / Turnaround,52.79730224609375,53.4400520324707,51.87908935546875,52.75139236450195,52.75139236450195,13822948
2010-06-18,SUZLON.NS,Suzlon Energy,Retail Hype / Turnaround,52.9809455871582,53.25640869140625,51.6036262512207,51.87908935546875,51.87908935546875,11818502
2010-06-21,SUZLON.NS,Suzlon Energy,Retail Hype / Turnaround,52.33819580078125,53.0727653503418,52.29228591918945,52.705482482910156,52.705482482910156,9008840
2010-06-22,SUZLON.NS,Suzlon Energy,Retail Hype / Turnaround,52.33819580078125,52.5218391418457,51.6495361328125,51.83317947387695,51.83317947387695,11313114
2010-06-23,SUZLON.NS,Suzlon Energy,Retail Hype / Turnaround,51.41998291015625,53.11867904663086,51.41998291015625,52.88912582397461,52.88912582397461,15488290
2010-06-24,SUZLON.NS,Suzlon Energy,Retail Hype / Turnaround,52.5677490234375,54.26644515991211,52.5677490234375,52.935035705566406,52.935035705566406,26506789
2010-06-25,SUZLON.NS,Suzlon Energy,Retail Hype / Turnaround,53.25640869140625,53.80733871459961,52.84321212768555,53.0727653503418,53.0727653503418,13453738
2010-06-28,SUZLON.NS,Suzlon Energy,Retail Hype / Turnaround,53.394142150878906,53.71551513671875,52.29228591918945,53.30231857299805,53.30231857299805,15284190
2010-06-29,SUZLON.NS,Suzlon Energy,Retail Hype / Turnaround,53.25640869140625,53.623695373535156,52.430015563964844,52.6136589050293,52.6136589050293,10412751
2010-06-30,SUZLON.NS,Suzlon Energy,Retail Hype / Turnaround,51.92499923706055,53.34823226928711,51.87908935546875,53.164588928222656,53.164588928222656,13467481
2010-07-01,SUZLON.NS,Suzlon Energy,Retail Hype / Turnaround,52.475929260253906,53.0727653503418,52.475929260253906,52.65957260131836,52.65957260131836,6891035
2010-07-02,SUZLON.NS,Suzlon Energy,Retail Hype / Turnaround,52.79730224609375,54.863285064697266,52.5677490234375,53.71551513671875,53.71551513671875,22762176
2010-07-05,SUZLON.NS,Suzlon Energy,Retail Hype / Turnaround,53.25640869140625,54.12871170043945,52.79730224609375,53.30231857299805,53.30231857299805,8506896
2010-07-06,SUZLON.NS,Suzlon Energy,Retail Hype / Turnaround,53.164588928222656,53.623695373535156,52.84321212768555,53.30231857299805,53.30231857299805,7989810
2010-07-07,SUZLON.NS,Suzlon Energy,Retail Hype / Turnaround,53.25640869140625,54.45008850097656,53.02685546875,53.30231857299805,53.30231857299805,21574422
2010-07-08,SUZLON.NS,Suzlon Energy,Retail Hype / Turnaround,53.945068359375,54.22053527832031,53.394142150878906,53.53187561035156,53.53187561035156,10222020
2010-07-09,SUZLON.NS,Suzlon Energy,Retail Hype / Turnaround,53.71551513671875,54.35826873779297,53.71551513671875,53.99098205566406,53.99098205566406,8798150
2010-07-12,SUZLON.NS,Suzlon Energy,Retail Hype / Turnaround,54.174625396728516,54.633731842041016,53.76142883300781,54.12871170043945,54.12871170043945,10122775
2010-07-13,SUZLON.NS,Suzlon Energy,Retail Hype / Turnaround,47.56348419189453,56.88335418701172,47.56348419189453,56.470157623291016,56.470157623291016,37518104
2010-07-14,SUZLON.NS,Suzlon Energy,Retail Hype / Turnaround,56.92926788330078,57.34246063232422,55.092838287353516,55.36830139160156,55.36830139160156,17268391
2010-07-15,SUZLON.NS,Suzlon Energy,Retail Hype / Turnaround,55.551944732666016,56.42424774169922,54.81737518310547,55.13874816894531,55.13874816894531,14235862
2010-07-16,SUZLON.NS,Suzlon Energy,Retail Hype / Turnaround,55.64376449584961,55.82740783691406,54.863285064697266,55.092838287353516,55.092838287353516,8351207
2010-07-19,SUZLON.NS,Suzlon Energy,Retail Hype / Turnaround,54.95510482788086,55.36830139160156,54.633731842041016,54.81737518310547,54.81737518310547,8431151
2010-07-20,SUZLON.NS,Suzlon Energy,Retail Hype / Turnaround,54.863285064697266,55.460121154785156,53.99098205566406,54.174625396728516,54.174625396728516,10572696
2010-07-21,SUZLON.NS,Suzlon Energy,Retail Hype / Turnaround,54.633731842041016,54.95510482788086,54.12871170043945,54.633731842041016,54.633731842041016,8486937
2010-07-22,SUZLON.NS,Suzlon Energy,Retail Hype / Turnaround,54.633731842041016,55.41421127319336,53.945068359375,55.322391510009766,55.322391510009766,10593626
2010-07-23,SUZLON.NS,Suzlon Energy,Retail Hype / Turnaround,55.551944732666016,55.73558807373047,54.404178619384766,54.58781814575195,54.58781814575195,10912363
2010-07-26,SUZLON.NS,Suzlon Energy,Retail Hype / Turnaround,55.04692840576172,55.41421127319336,54.12871170043945,54.404178619384766,54.404178619384766,9266905
2010-07-27,SUZLON.NS,Suzlon Energy,Retail Hype / Turnaround,54.81737518310547,55.001014709472656,53.945068359375,54.22053527832031,54.22053527832031,7335713
2010-07-28,SUZLON.NS,Suzlon Energy,Retail Hype / Turnaround,54.45008850097656,54.67964172363281,53.4400520324707,53.71551513671875,53.71551513671875,9239928
2010-07-29,SUZLON.NS,Suzlon Energy,Retail Hype / Turnaround,53.4400520324707,53.80733871459961,51.6036262512207,51.741355895996094,51.741355895996094,15419070
2010-07-30,SUZLON.NS,Suzlon Energy,Retail Hype / Turnaround,51.970909118652344,52.705482482910156,51.6495361328125,51.87908935546875,51.87908935546875,7951474
2010-08-02,SUZLON.NS,Suzlon Energy,Retail Hype / Turnaround,52.24637222290039,52.705482482910156,52.0627326965332,52.430015563964844,52.430015563964844,5816082
2010-08-03,SUZLON.NS,Suzlon Energy,Retail Hype / Turnaround,52.79730224609375,52.88912582397461,51.41998291015625,51.83317947387695,51.83317947387695,8710893
2010-08-04,SUZLON.NS,Suzlon Energy,Retail Hype / Turnaround,51.83317947387695,52.430015563964844,51.55771255493164,52.016822814941406,52.016822814941406,7032444
2010-08-05,SUZLON.NS,Suzlon Energy,Retail Hype / Turnaround,52.1545524597168,52.33819580078125,51.6954460144043,51.83317947387695,51.83317947387695,6260207
2010-08-06,SUZLON.NS,Suzlon Energy,Retail Hype / Turnaround,51.92499923706055,52.5218391418457,51.1445198059082,51.37406921386719,51.37406921386719,8450170
2010-08-09,SUZLON.NS,Suzlon Energy,Retail Hype / Turnaround,51.41998291015625,52.430015563964844,51.2363395690918,52.0627326965332,52.0627326965332,9422914
2010-08-10,SUZLON.NS,Suzlon Energy,Retail Hype / Turnaround,52.33819580078125,54.03689193725586,51.92499923706055,53.34823226928711,53.34823226928711,13591467
2010-08-11,SUZLON.NS,Suzlon Energy,Retail Hype / Turnaround,53.623695373535156,54.082801818847656,52.38410568237305,52.5677490234375,52.5677490234375,9946506
2010-08-12,SUZLON.NS,Suzlon Energy,Retail Hype / Turnaround,52.33819580078125,53.21049880981445,51.83317947387695,52.84321212768555,52.84321212768555,8773701
2010-08-13,SUZLON.NS,Suzlon Energy,Retail Hype / Turnaround,54.174625396728516,54.174625396728516,51.46589279174805,51.83317947387695,51.83317947387695,15204247
2010-08-16,SUZLON.NS,Suzlon Energy,Retail Hype / Turnaround,50.68540954589844,50.823143005371094,46.507537841796875,48.06850051879883,48.06850051879883,26673257
2010-08-17,SUZLON.NS,Suzlon Energy,Retail Hype / Turnaround,48.206233978271484,48.61943054199219,46.82891082763672,46.966644287109375,46.966644287109375,15905461
2010-08-18,SUZLON.NS,Suzlon Energy,Retail Hype / Turnaround,46.966644287109375,47.56348419189453,44.85475158691406,45.45159149169922,45.45159149169922,24944547
2010-08-19,SUZLON.NS,Suzlon Energy,Retail Hype / Turnaround,44.99248504638672,46.36980438232422,44.07426834106445,46.09434127807617,46.09434127807617,32909757
2010-08-20,SUZLON.NS,Suzlon Energy,Retail Hype / Turnaround,45.54341125488281,45.91069793701172,44.579288482666016,45.359771728515625,45.359771728515625,16895722
2010-08-23,SUZLON.NS,Suzlon Energy,Retail Hype / Turnaround,45.45159149169922,46.69118118286133,44.99248504638672,46.14025115966797,46.14025115966797,11922208
2010-08-24,SUZLON.NS,Suzlon Energy,Retail Hype / Turnaround,46.277984619140625,47.425750732421875,45.267948150634766,46.09434127807617,46.09434127807617,16420683
2010-08-25,SUZLON.NS,Suzlon Energy,Retail Hype / Turnaround,45.91069793701172,46.507537841796875,45.13021469116211,45.54341125488281,45.54341125488281,15431881
2010-08-26,SUZLON.NS,Suzlon Energy,Retail Hype / Turnaround,45.86478805541992,45.956607818603516,43.93653869628906,44.257911682128906,44.257911682128906,23351276
2010-08-27,SUZLON.NS,Suzlon Energy,Retail Hype / Turnaround,44.07426834106445,44.76293182373047,43.47743225097656,43.798805236816406,43.798805236816406,14207827
2010-08-30,SUZLON.NS,Suzlon Energy,Retail Hype / Turnaround,44.39564514160156,44.44155502319336,42.5133056640625,42.880592346191406,42.880592346191406,14843543
2010-08-31,SUZLON.NS,Suzlon Energy,Retail Hype / Turnaround,42.69694900512695,42.83468246459961,42.1001091003418,42.4673957824707,42.4673957824707,9504486
2010-09-01,SUZLON.NS,Suzlon Energy,Retail Hype / Turnaround,42.69694900512695,43.110145568847656,42.191932678222656,42.78876876831055,42.78876876831055,11250920
2010-09-02,SUZLON.NS,Suzlon Energy,Retail Hype / Turnaround,42.5133056640625,48.75716018676758,42.421485900878906,47.10437774658203,47.10437774658203,40287986
2010-09-03,SUZLON.NS,Suzlon Energy,Retail Hype / Turnaround,47.47166061401367,47.70121383666992,44.349735260009766,45.956607818603516,45.956607818603516,50197659
2010-09-06,SUZLON.NS,Suzlon Energy,Retail Hype / Turnaround,46.36980438232422,47.425750732421875,45.818878173828125,46.415714263916016,46.415714263916016,19593903
2010-09-07,SUZLON.NS,Suzlon Energy,Retail Hype / Turnaround,46.87482452392578,48.206233978271484,46.23207473754883,47.47166061401367,47.47166061401367,32046042
2010-09-08,SUZLON.NS,Suzlon Energy,Retail Hype / Turnaround,47.15028762817383,48.02259063720703,46.82891082763672,47.33393096923828,47.33393096923828,15942848
2010-09-09,SUZLON.NS,Suzlon Energy,Retail Hype / Turnaround,47.51757049560547,47.93077087402344,47.01255416870117,47.15028762817383,47.15028762817383,9870013
2010-09-13,SUZLON.NS,Suzlon Energy,Retail Hype / Turnaround,47.28801727294922,47.747127532958984,46.59935760498047,46.82891082763672,46.82891082763672,10629634
2010-09-14,SUZLON.NS,Suzlon Energy,Retail Hype / Turnaround,47.747127532958984,50.042659759521484,47.05846405029297,47.37984085083008,47.37984085083008,23947999
2010-09-15,SUZLON.NS,Suzlon Energy,Retail Hype / Turnaround,47.47166061401367,48.114410400390625,47.37984085083008,47.425750732421875,47.425750732421875,11651478
2010-09-16,SUZLON.NS,Suzlon Energy,Retail Hype / Turnaround,47.70121383666992,49.39990997314453,47.37984085083008,48.84898376464844,48.84898376464844,38869990
2010-09-17,SUZLON.NS,Suzlon Energy,Retail Hype / Turnaround,54.174625396728516,54.174625396728516,49.032623291015625,49.99674987792969,49.99674987792969,24556931
2010-09-20,SUZLON.NS,Suzlon Energy,Retail Hype / Turnaround,50.3181266784668,52.33819580078125,50.134483337402344,52.016822814941406,52.016822814941406,28160436
2010-09-21,SUZLON.NS,Suzlon Energy,Retail Hype / Turnaround,52.33819580078125,53.164588928222656,50.45585632324219,50.731319427490234,50.731319427490234,27108679
2010-09-22,SUZLON.NS,Suzlon Energy,Retail Hype / Turnaround,51.55771255493164,51.741355895996094,49.95083999633789,50.364036560058594,50.364036560058594,17416309
2010-09-23,SUZLON.NS,Suzlon Energy,Retail Hype / Turnaround,50.501766204833984,50.823143005371094,48.84898376464844,49.26218032836914,49.26218032836914,14868836
2010-09-24,SUZLON.NS,Suzlon Energy,Retail Hype / Turnaround,49.39990997314453,50.45585632324219,49.17035675048828,49.904930114746094,49.904930114746094,10541904
2010-09-27,SUZLON.NS,Suzlon Energy,Retail Hype / Turnaround,50.40994644165039,50.593589782714844,48.894893646240234,49.07853698730469,49.07853698730469,10191575
2010-09-28,SUZLON.NS,Suzlon Energy,Retail Hype / Turnaround,49.675376892089844,50.364036560058594,48.94080352783203,49.354000091552734,49.354000091552734,12358555
2010-09-29,SUZLON.NS,Suzlon Energy,Retail Hype / Turnaround,49.813106536865234,49.813106536865234,48.206233978271484,48.435787200927734,48.435787200927734,12689522
2010-09-30,SUZLON.NS,Suzlon Energy,Retail Hype / Turnaround,48.57352066040039,48.75716018676758,47.15028762817383,48.114410400390625,48.114410400390625,17117477
2010-10-01,SUZLON.NS,Suzlon Energy,Retail Hype / Turnaround,49.07853698730469,50.501766204833984,48.71125030517578,49.95083999633789,49.95083999633789,22331017
2010-10-04,SUZLON.NS,Suzlon Energy,Retail Hype / Turnaround,50.272212982177734,53.853248596191406,50.272212982177734,53.53187561035156,53.53187561035156,56232244
2010-10-05,SUZLON.NS,Suzlon Energy,Retail Hype / Turnaround,54.174625396728516,54.541908264160156,52.705482482910156,52.88912582397461,52.88912582397461,20786366
2010-10-06,SUZLON.NS,Suzlon Energy,Retail Hype / Turnaround,53.34823226928711,54.12871170043945,52.935035705566406,53.394142150878906,53.394142150878906,12905730
2010-10-07,SUZLON.NS,Suzlon Energy,Retail Hype / Turnaround,54.541908264160156,55.551944732666016,52.79730224609375,53.164588928222656,53.164588928222656,25714927
2010-10-08,SUZLON.NS,Suzlon Energy,Retail Hype / Turnaround,53.80733871459961,54.082801818847656,52.1545524597168,52.75139236450195,52.75139236450195,15197851
2010-10-11,SUZLON.NS,Suzlon Energy,Retail Hype / Turnaround,55.36830139160156,55.36830139160156,53.0727653503418,53.71551513671875,53.71551513671875,17250893
2010-10-12,SUZLON.NS,Suzlon Energy,Retail Hype / Turnaround,53.99098205566406,54.771461486816406,52.9809455871582,53.394142150878906,53.394142150878906,15795673
2010-10-13,SUZLON.NS,Suzlon Energy,Retail Hype / Turnaround,53.71551513671875,54.541908264160156,53.21049880981445,54.082801818847656,54.082801818847656,14412841
2010-10-14,SUZLON.NS,Suzlon Energy,Retail Hype / Turnaround,54.633731842041016,54.90919494628906,53.25640869140625,53.4859619140625,53.4859619140625,15681094
2010-10-15,SUZLON.NS,Suzlon Energy,Retail Hype / Turnaround,54.082801818847656,54.312355041503906,52.6136589050293,52.79730224609375,52.79730224609375,11074139
2010-10-18,SUZLON.NS,Suzlon Energy,Retail Hype / Turnaround,53.25640869140625,54.58781814575195,51.970909118652344,54.082801818847656,54.082801818847656,20519306
2010-10-19,SUZLON.NS,Suzlon Energy,Retail Hype / Turnaround,54.771461486816406,55.91923141479492,53.394142150878906,54.03689193725586,54.03689193725586,30749309
2010-10-20,SUZLON.NS,Suzlon Energy,Retail Hype / Turnaround,53.99098205566406,53.99098205566406,51.6495361328125,52.705482482910156,52.705482482910156,19832789
2010-10-21,SUZLON.NS,Suzlon Energy,Retail Hype / Turnaround,53.30231857299805,54.58781814575195,52.79730224609375,54.12871170043945,54.12871170043945,19190036
2010-10-22,SUZLON.NS,Suzlon Energy,Retail Hype / Turnaround,54.312355041503906,55.092838287353516,53.8991584777832,54.67964172363281,54.67964172363281,17254014
2010-10-25,SUZLON.NS,Suzlon Energy,Retail Hype / Turnaround,55.001014709472656,55.27648162841797,53.4859619140625,53.8991584777832,53.8991584777832,14531667
2010-10-26,SUZLON.NS,Suzlon Energy,Retail Hype / Turnaround,53.8991584777832,54.174625396728516,53.25640869140625,53.4400520324707,53.4400520324707,7539178
2010-10-27,SUZLON.NS,Suzlon Energy,Retail Hype / Turnaround,53.4400520324707,53.4400520324707,52.475929260253906,52.935035705566406,52.935035705566406,9651551
2010-10-28,SUZLON.NS,Suzlon Energy,Retail Hype / Turnaround,53.164588928222656,53.25640869140625,51.92499923706055,52.38410568237305,52.38410568237305,12901686
2010-10-29,SUZLON.NS,Suzlon Energy,Retail Hype / Turnaround,52.475929260253906,52.79730224609375,50.18039321899414,50.91496276855469,50.91496276855469,11435517
2010-11-01,SUZLON.NS,Suzlon Energy,Retail Hype / Turnaround,51.41998291015625,54.082801818847656,50.593589782714844,53.66960525512695,53.66960525512695,24121976
2010-11-02,SUZLON.NS,Suzlon Energy,Retail Hype / Turnaround,53.8991584777832,54.082801818847656,51.78726577758789,52.016822814941406,52.016822814941406,17332378
2010-11-03,SUZLON.NS,Suzlon Energy,Retail Hype / Turnaround,52.5218391418457,52.9809455871582,51.83317947387695,52.1545524597168,52.1545524597168,12425194
2010-11-04,SUZLON.NS,Suzlon Energy,Retail Hype / Turnaround,52.705482482910156,53.71551513671875,52.1545524597168,53.02685546875,53.02685546875,11735712
2010-11-08,SUZLON.NS,Suzlon Energy,Retail Hype / Turnaround,53.164588928222656,53.66960525512695,52.33819580078125,53.164588928222656,53.164588928222656,7721719
2010-11-09,SUZLON.NS,Suzlon Energy,Retail Hype / Turnaround,52.79730224609375,53.66960525512695,52.5218391418457,52.84321212768555,52.84321212768555,7918122
2010-11-10,SUZLON.NS,Suzlon Energy,Retail Hype / Turnaround,53.02685546875,53.4859619140625,52.5677490234375,53.164588928222656,53.164588928222656,8721621
2010-11-11,SUZLON.NS,Suzlon Energy,Retail Hype / Turnaround,52.65957260131836,53.8991584777832,52.200462341308594,52.430015563964844,52.430015563964844,10981160
2010-11-12,SUZLON.NS,Suzlon Energy,Retail Hype / Turnaround,52.5218391418457,52.705482482910156,50.22630310058594,50.501766204833984,50.501766204833984,10487894
2010-11-15,SUZLON.NS,Suzlon Energy,Retail Hype / Turnaround,50.63949966430664,50.731319427490234,48.94080352783203,49.583553314208984,49.583553314208984,13541389
2010-11-16,SUZLON.NS,Suzlon Energy,Retail Hype / Turnaround,49.39990997314453,50.40994644165039,47.51757049560547,47.79303741455078,47.79303741455078,13656216
2010-11-18,SUZLON.NS,Suzlon Energy,Retail Hype / Turnaround,48.435787200927734,49.95083999633789,47.93077087402344,48.98671340942383,48.98671340942383,20914157
2010-11-19,SUZLON.NS,Suzlon Energy,Retail Hype / Turnaround,49.30809020996094,49.30809020996094,47.01255416870117,47.47166061401367,47.47166061401367,10959355
2010-11-22,SUZLON.NS,Suzlon Energy,Retail Hype / Turnaround,47.884857177734375,48.71125030517578,47.60939407348633,47.976680755615234,47.976680755615234,7283465
2010-11-23,SUZLON.NS,Suzlon Energy,Retail Hype / Turnaround,47.56348419189453,47.60939407348633,45.727054595947266,46.32389450073242,46.32389450073242,13970901
2010-11-24,SUZLON.NS,Suzlon Energy,Retail Hype / Turnaround,46.78300094604492,47.425750732421875,45.956607818603516,46.277984619140625,46.277984619140625,9161025
2010-11-25,SUZLON.NS,Suzlon Energy,Retail Hype / Turnaround,45.956607818603516,46.00251770019531,42.375572204589844,42.83468246459961,42.83468246459961,24982170
2010-11-26,SUZLON.NS,Suzlon Energy,Retail Hype / Turnaround,43.01832580566406,43.06423568725586,39.48320007324219,41.227806091308594,41.227806091308594,29998962
2010-11-29,SUZLON.NS,Suzlon Energy,Retail Hype / Turnaround,41.41144943237305,43.01832580566406,40.44732666015625,42.421485900878906,42.421485900878906,12767483
2010-11-30,SUZLON.NS,Suzlon Energy,Retail Hype / Turnaround,42.23784255981445,44.39564514160156,40.95234298706055,43.8447151184082,43.8447151184082,20254826
2010-12-01,SUZLON.NS,Suzlon Energy,Retail Hype / Turnaround,44.028358459472656,47.747127532958984,43.47743225097656,47.33393096923828,47.33393096923828,26806162
2010-12-02,SUZLON.NS,Suzlon Energy,Retail Hype / Turnaround,48.665340423583984,49.53764343261719,48.206233978271484,48.61943054199219,48.61943054199219,22129519
2010-12-03,SUZLON.NS,Suzlon Energy,Retail Hype / Turnaround,49.032623291015625,49.032623291015625,46.645267486572266,47.47166061401367,47.47166061401367,12756783
2010-12-06,SUZLON.NS,Suzlon Energy,Retail Hype / Turnaround,48.16032028198242,49.95083999633789,47.56348419189453,47.976680755615234,47.976680755615234,16407309
2010-12-07,SUZLON.NS,Suzlon Energy,Retail Hype / Turnaround,48.114410400390625,48.57352066040039,46.277984619140625,46.87482452392578,46.87482452392578,19644512
2010-12-08,SUZLON.NS,Suzlon Energy,Retail Hype / Turnaround,47.15028762817383,47.15028762817383,45.91069793701172,46.23207473754883,46.23207473754883,9686469
2010-12-09,SUZLON.NS,Suzlon Energy,Retail Hype / Turnaround,46.36980438232422,46.59935760498047,43.15605545043945,43.47743225097656,43.47743225097656,15819207
2010-12-10,SUZLON.NS,Suzlon Energy,Retail Hype / Turnaround,43.29378890991211,45.08430480957031,42.23784255981445,44.487464904785156,44.487464904785156,16302546
2010-12-13,SUZLON.NS,Suzlon Energy,Retail Hype / Turnaround,44.99248504638672,45.86478805541992,43.24787521362305,45.54341125488281,45.54341125488281,14839146
2010-12-14,SUZLON.NS,Suzlon Energy,Retail Hype / Turnaround,46.048431396484375,46.507537841796875,45.31385803222656,46.09434127807617,46.09434127807617,10437702
2010-12-15,SUZLON.NS,Suzlon Energy,Retail Hype / Turnaround,46.186161041259766,46.277984619140625,43.70698547363281,44.257911682128906,44.257911682128906,12447740
2010-12-16,SUZLON.NS,Suzlon Energy,Retail Hype / Turnaround,44.257911682128906,47.28801727294922,43.8447151184082,46.78300094604492,46.78300094604492,15906425
2010-12-20,SUZLON.NS,Suzlon Energy,Retail Hype / Turnaround,46.69118118286133,47.70121383666992,45.956607818603516,47.10437774658203,47.10437774658203,11964723
2010-12-21,SUZLON.NS,Suzlon Energy,Retail Hype / Turnaround,47.51757049560547,47.655303955078125,45.45159149169922,46.507537841796875,46.507537841796875,13846175
2010-12-22,SUZLON.NS,Suzlon Energy,Retail Hype / Turnaround,46.737091064453125,47.01255416870117,45.22203826904297,45.58932113647461,45.58932113647461,10368293
2010-12-23,SUZLON.NS,Suzlon Energy,Retail Hype / Turnaround,45.58932113647461,45.63523483276367,44.717018127441406,45.31385803222656,45.31385803222656,11170827
2010-12-24,SUZLON.NS,Suzlon Energy,Retail Hype / Turnaround,44.76293182373047,47.47166061401367,44.21200180053711,47.15028762817383,47.15028762817383,22561182
2010-12-27,SUZLON.NS,Suzlon Energy,Retail Hype / Turnaround,47.15028762817383,48.435787200927734,46.09434127807617,46.55344772338867,46.55344772338867,21597226
2010-12-28,SUZLON.NS,Suzlon Energy,Retail Hype / Turnaround,46.69118118286133,48.114410400390625,46.09434127807617,47.79303741455078,47.79303741455078,17999401
2010-12-29,SUZLON.NS,Suzlon Energy,Retail Hype / Turnaround,48.02259063720703,48.29805374145508,47.28801727294922,47.51757049560547,47.51757049560547,14749547
2010-12-30,SUZLON.NS,Suzlon Energy,Retail Hype / Turnaround,47.56348419189453,50.40994644165039,47.56348419189453,50.134483337402344,50.134483337402344,41471000
2010-12-31,SUZLON.NS,Suzlon Energy,Retail Hype / Turnaround,50.823143005371094,50.823143005371094,49.675376892089844,50.22630310058594,50.22630310058594,17009623
2011-01-03,SUZLON.NS,Suzlon Energy,Retail Hype / Turnaround,50.593589782714844,50.7772331237793,49.62946319580078,49.76719665527344,49.76719665527344,12568285
2011-01-04,SUZLON.NS,Suzlon Energy,Retail Hype / Turnaround,49.76719665527344,52.6136589050293,49.354000091552734,51.09860610961914,51.09860610961914,56033734
2011-01-05,SUZLON.NS,Suzlon Energy,Retail Hype / Turnaround,51.32815933227539,51.6036262512207,49.675376892089844,49.99674987792969,49.99674987792969,25009579
2011-01-06,SUZLON.NS,Suzlon Energy,Retail Hype / Turnaround,50.134483337402344,51.09860610961914,48.75716018676758,49.124446868896484,49.124446868896484,28289050
2011-01-07,SUZLON.NS,Suzlon Energy,Retail Hype / Turnaround,49.354000091552734,49.85901641845703,46.59935760498047,46.87482452392578,46.87482452392578,23247819
2011-01-10,SUZLON.NS,Suzlon Energy,Retail Hype / Turnaround,47.24210739135742,47.24210739135742,45.038394927978516,45.40568161010742,45.40568161010742,19744821
2011-01-11,SUZLON.NS,Suzlon Energy,Retail Hype / Turnaround,45.267948150634766,46.32389450073242,42.5592155456543,43.61516189575195,43.61516189575195,21223570
2011-01-12,SUZLON.NS,Suzlon Energy,Retail Hype / Turnaround,44.62519836425781,50.08857345581055,44.30382537841797,49.26218032836914,49.26218032836914,47953410
2011-01-13,SUZLON.NS,Suzlon Energy,Retail Hype / Turnaround,49.354000091552734,50.501766204833984,47.884857177734375,48.38987731933594,48.38987731933594,38664013
2011-01-14,SUZLON.NS,Suzlon Energy,Retail Hype / Turnaround,48.38987731933594,50.18039321899414,47.60939407348633,48.06850051879883,48.06850051879883,38872534
2011-01-17,SUZLON.NS,Suzlon Energy,Retail Hype / Turnaround,48.343963623046875,49.21626663208008,47.24210739135742,47.47166061401367,47.47166061401367,22747008
2011-01-18,SUZLON.NS,Suzlon Energy,Retail Hype / Turnaround,48.114410400390625,49.032623291015625,46.92073440551758,48.75716018676758,48.75716018676758,22607395
2011-01-19,SUZLON.NS,Suzlon Energy,Retail Hype / Turnaround,49.07853698730469,49.07853698730469,46.737091064453125,47.56348419189453,47.56348419189453,18815608
2011-01-20,SUZLON.NS,Suzlon Energy,Retail Hype / Turnaround,47.10437774658203,48.206233978271484,46.92073440551758,47.60939407348633,47.60939407348633,13011057
2011-01-21,SUZLON.NS,Suzlon Energy,Retail Hype / Turnaround,47.655303955078125,48.94080352783203,47.47166061401367,48.52760696411133,48.52760696411133,19652873
2011-01-24,SUZLON.NS,Suzlon Energy,Retail Hype / Turnaround,48.98671340942383,49.07853698730469,48.02259063720703,48.61943054199219,48.61943054199219,12405168
2011-01-25,SUZLON.NS,Suzlon Energy,Retail Hype / Turnaround,48.75716018676758,48.94080352783203,47.28801727294922,47.425750732421875,47.425750732421875,13220095
2011-01-27,SUZLON.NS,Suzlon Energy,Retail Hype / Turnaround,47.655303955078125,47.83894729614258,45.58932113647461,46.048431396484375,46.048431396484375,15806404
2011-01-28,SUZLON.NS,Suzlon Energy,Retail Hype / Turnaround,46.645267486572266,47.05846405029297,44.717018127441406,45.63523483276367,45.63523483276367,22010970
2011-01-31,SUZLON.NS,Suzlon Energy,Retail Hype / Turnaround,45.40568161010742,46.048431396484375,44.717018127441406,45.359771728515625,45.359771728515625,15478513
2011-02-01,SUZLON.NS,Suzlon Energy,Retail Hype / Turnaround,45.68114471435547,45.77296447753906,43.339698791503906,43.661075592041016,43.661075592041016,15291503
2011-02-02,SUZLON.NS,Suzlon Energy,Retail Hype / Turnaround,44.30382537841797,45.54341125488281,43.70698547363281,44.120182037353516,44.120182037353516,15876935
2011-02-03,SUZLON.NS,Suzlon Energy,Retail Hype / Turnaround,44.30382537841797,45.08430480957031,43.890628814697266,44.808841705322266,44.808841705322266,13906859
2011-02-04,SUZLON.NS,Suzlon Energy,Retail Hype / Turnaround,45.22203826904297,46.645267486572266,43.661075592041016,44.120182037353516,44.120182037353516,24745364
2011-02-07,SUZLON.NS,Suzlon Energy,Retail Hype / Turnaround,43.15605545043945,46.14025115966797,41.87055587768555,45.54341125488281,45.54341125488281,37778023
2011-02-08,SUZLON.NS,Suzlon Energy,Retail Hype / Turnaround,46.00251770019531,47.47166061401367,44.53337860107422,44.85475158691406,44.85475158691406,33022421
2011-02-09,SUZLON.NS,Suzlon Energy,Retail Hype / Turnaround,44.717018127441406,44.85475158691406,39.620933532714844,41.0900764465332,41.0900764465332,25598864
2011-02-10,SUZLON.NS,Suzlon Energy,Retail Hype / Turnaround,41.31962966918945,42.5133056640625,39.299556732177734,41.916465759277344,41.916465759277344,28115199
2011-02-11,SUZLON.NS,Suzlon Energy,Retail Hype / Turnaround,40.49323654174805,42.23784255981445,39.94230651855469,42.0082893371582,42.0082893371582,20827819
2011-02-14,SUZLON.NS,Suzlon Energy,Retail Hype / Turnaround,42.5592155456543,45.17612838745117,42.375572204589844,44.76293182373047,44.76293182373047,19836809
2011-02-15,SUZLON.NS,Suzlon Energy,Retail Hype / Turnaround,45.22203826904297,45.22203826904297,43.3856086730957,44.028358459472656,44.028358459472656,12838926
2011-02-16,SUZLON.NS,Suzlon Energy,Retail Hype / Turnaround,43.70698547363281,44.946571350097656,43.47743225097656,44.39564514160156,44.39564514160156,12887398
2011-02-17,SUZLON.NS,Suzlon Energy,Retail Hype / Turnaround,44.44155502319336,46.69118118286133,44.16609191894531,46.32389450073242,46.32389450073242,22112993
2011-02-18,SUZLON.NS,Suzlon Energy,Retail Hype / Turnaround,46.55344772338867,46.645267486572266,43.52334213256836,43.798805236816406,43.798805236816406,19561537
2011-02-21,SUZLON.NS,Suzlon Energy,Retail Hype / Turnaround,43.70698547363281,43.798805236816406,42.375572204589844,43.52334213256836,43.52334213256836,11286416
2011-02-22,SUZLON.NS,Suzlon Energy,Retail Hype / Turnaround,43.20196533203125,43.20196533203125,41.5491828918457,42.0082893371582,42.0082893371582,15760728
2011-02-23,SUZLON.NS,Suzlon Energy,Retail Hype / Turnaround,42.05419921875,42.421485900878906,41.36553955078125,41.50326919555664,41.50326919555664,11864529
2011-02-24,SUZLON.NS,Suzlon Energy,Retail Hype / Turnaround,42.05419921875,42.23784255981445,40.44732666015625,41.686912536621094,41.686912536621094,25659714
2011-02-25,SUZLON.NS,Suzlon Energy,Retail Hype / Turnaround,42.1001091003418,43.15605545043945,41.41144943237305,42.421485900878906,42.421485900878906,16353323
2011-02-28,SUZLON.NS,Suzlon Energy,Retail Hype / Turnaround,42.651039123535156,44.487464904785156,42.60512924194336,42.83468246459961,42.83468246459961,17914623
2011-03-01,SUZLON.NS,Suzlon Energy,Retail Hype / Turnaround,43.339698791503906,45.91069793701172,43.110145568847656,45.58932113647461,45.58932113647461,35297820
2011-03-03,SUZLON.NS,Suzlon Energy,Retail Hype / Turnaround,45.267948150634766,45.68114471435547,43.661075592041016,44.44155502319336,44.44155502319336,26047780
2011-03-04,SUZLON.NS,Suzlon Energy,Retail Hype / Turnaround,44.579288482666016,44.99248504638672,43.339698791503906,43.661075592041016,43.661075592041016,15084822
2011-03-07,SUZLON.NS,Suzlon Energy,Retail Hype / Turnaround,43.06423568725586,43.47743225097656,42.14602279663086,42.69694900512695,42.69694900512695,14478325
2011-03-08,SUZLON.NS,Suzlon Energy,Retail Hype / Turnaround,42.74285888671875,44.21200180053711,42.69694900512695,43.890628814697266,43.890628814697266,12055507
2011-03-09,SUZLON.NS,Suzlon Energy,Retail Hype / Turnaround,44.53337860107422,44.717018127441406,43.20196533203125,43.70698547363281,43.70698547363281,18974215
2011-03-10,SUZLON.NS,Suzlon Energy,Retail Hype / Turnaround,43.47743225097656,44.90066146850586,43.06423568725586,44.579288482666016,44.579288482666016,20068493
2011-03-11,SUZLON.NS,Suzlon Energy,Retail Hype / Turnaround,43.98244857788086,44.67110824584961,43.4315185546875,43.70698547363281,43.70698547363281,12054559
2011-03-14,SUZLON.NS,Suzlon Energy,Retail Hype / Turnaround,43.4315185546875,44.21200180053711,41.0900764465332,42.651039123535156,42.651039123535156,71321640
2011-03-15,SUZLON.NS,Suzlon Energy,Retail Hype / Turnaround,41.5491828918457,43.01832580566406,40.49323654174805,42.375572204589844,42.375572204589844,31695810
2011-03-16,SUZLON.NS,Suzlon Energy,Retail Hype / Turnaround,42.69694900512695,43.61516189575195,42.28375244140625,42.4673957824707,42.4673957824707,12304897
2011-03-17,SUZLON.NS,Suzlon Energy,Retail Hype / Turnaround,42.23784255981445,42.74285888671875,41.87055587768555,42.05419921875,42.05419921875,10538074
2011-03-18,SUZLON.NS,Suzlon Energy,Retail Hype / Turnaround,42.32966232299805,42.5133056640625,41.41144943237305,41.6410026550293,41.6410026550293,8213107
2011-03-21,SUZLON.NS,Suzlon Energy,Retail Hype / Turnaround,41.686912536621094,42.60512924194336,41.36553955078125,42.191932678222656,42.191932678222656,14514146
2011-03-22,SUZLON.NS,Suzlon Energy,Retail Hype / Turnaround,42.32966232299805,42.60512924194336,41.5950927734375,41.77873611450195,41.77873611450195,7469068
2011-03-23,SUZLON.NS,Suzlon Energy,Retail Hype / Turnaround,41.77873611450195,42.23784255981445,41.0900764465332,42.05419921875,42.05419921875,7977574
2011-03-24,SUZLON.NS,Suzlon Energy,Retail Hype / Turnaround,42.1001091003418,42.23784255981445,41.41144943237305,41.82464599609375,41.82464599609375,14132930
2011-03-25,SUZLON.NS,Suzlon Energy,Retail Hype / Turnaround,42.0082893371582,42.375572204589844,41.6410026550293,41.77873611450195,41.77873611450195,8303506
2011-03-28,SUZLON.NS,Suzlon Energy,Retail Hype / Turnaround,41.77873611450195,42.05419921875,39.850486755371094,40.49323654174805,40.49323654174805,18600741
2011-03-29,SUZLON.NS,Suzlon Energy,Retail Hype / Turnaround,40.81460952758789,41.27371597290039,40.40141296386719,40.49323654174805,40.49323654174805,11321128
2011-03-30,SUZLON.NS,Suzlon Energy,Retail Hype / Turnaround,40.6768798828125,41.227806091308594,40.40141296386719,40.58505630493164,40.58505630493164,7214825
2011-03-31,SUZLON.NS,Suzlon Energy,Retail Hype / Turnaround,40.768699645996094,41.41144943237305,40.40141296386719,40.95234298706055,40.95234298706055,17894803
2011-04-01,SUZLON.NS,Suzlon Energy,Retail Hype / Turnaround,41.135986328125,44.99248504638672,41.135986328125,44.67110824584961,44.67110824584961,51618804
2011-04-04,SUZLON.NS,Suzlon Energy,Retail Hype / Turnaround,44.90066146850586,46.277984619140625,43.661075592041016,45.63523483276367,45.63523483276367,24157277
2011-04-05,SUZLON.NS,Suzlon Energy,Retail Hype / Turnaround,46.277984619140625,46.36980438232422,43.890628814697266,45.08430480957031,45.08430480957031,42777361
2011-04-06,SUZLON.NS,Suzlon Energy,Retail Hype / Turnaround,45.40568161010742,49.21626663208008,45.13021469116211,48.57352066040039,48.57352066040039,66999415
2011-04-07,SUZLON.NS,Suzlon Energy,Retail Hype / Turnaround,48.206233978271484,49.583553314208984,46.78300094604492,49.07853698730469,49.07853698730469,31058301
2011-04-08,SUZLON.NS,Suzlon Energy,Retail Hype / Turnaround,49.49173355102539,51.741355895996094,49.21626663208008,50.63949966430664,50.63949966430664,69262316
2011-04-11,SUZLON.NS,Suzlon Energy,Retail Hype / Turnaround,50.3181266784668,52.0627326965332,49.675376892089844,49.95083999633789,49.95083999633789,34478438
2011-04-13,SUZLON.NS,Suzlon Energy,Retail Hype / Turnaround,49.26218032836914,51.970909118652344,49.124446868896484,51.6036262512207,51.6036262512207,25676829
2011-04-15,SUZLON.NS,Suzlon Energy,Retail Hype / Turnaround,51.37406921386719,52.0627326965332,49.49173355102539,49.72128677368164,49.72128677368164,21353751
2011-04-18,SUZLON.NS,Suzlon Energy,Retail Hype / Turnaround,50.042659759521484,51.87908935546875,49.17035675048828,49.39990997314453,49.39990997314453,23215779
2011-04-19,SUZLON.NS,Suzlon Energy,Retail Hype / Turnaround,49.583553314208984,50.40994644165039,48.25214385986328,49.85901641845703,49.85901641845703,14453028
2011-04-20,SUZLON.NS,Suzlon Energy,Retail Hype / Turnaround,50.86905288696289,52.935035705566406,50.18039321899414,52.705482482910156,52.705482482910156,43686905
2011-04-21,SUZLON.NS,Suzlon Energy,Retail Hype / Turnaround,53.164588928222656,53.66960525512695,51.92499923706055,53.02685546875,53.02685546875,31405990
2011-04-25,SUZLON.NS,Suzlon Energy,Retail Hype / Turnaround,52.33819580078125,52.79730224609375,50.54767990112305,50.68540954589844,50.68540954589844,21767259
2011-04-26,SUZLON.NS,Suzlon Energy,Retail Hype / Turnaround,50.96087646484375,50.96087646484375,49.39990997314453,50.364036560058594,50.364036560058594,19010540
2011-04-27,SUZLON.NS,Suzlon Energy,Retail Hype / Turnaround,50.68540954589844,51.2363395690918,49.62946319580078,49.904930114746094,49.904930114746094,13002339
2011-04-28,SUZLON.NS,Suzlon Energy,Retail Hype / Turnaround,50.22630310058594,51.87908935546875,49.49173355102539,51.09860610961914,51.09860610961914,31258290
2011-04-29,SUZLON.NS,Suzlon Energy,Retail Hype / Turnaround,51.09860610961914,51.09860610961914,48.435787200927734,48.80307388305664,48.80307388305664,19442337
2011-05-02,SUZLON.NS,Suzlon Energy,Retail Hype / Turnaround,48.98671340942383,49.39990997314453,47.51757049560547,48.71125030517578,48.71125030517578,13931905
2011-05-03,SUZLON.NS,Suzlon Energy,Retail Hype / Turnaround,48.57352066040039,48.84898376464844,45.68114471435547,45.956607818603516,45.956607818603516,18412078
2011-05-04,SUZLON.NS,Suzlon Energy,Retail Hype / Turnaround,46.00251770019531,47.37984085083008,45.77296447753906,46.277984619140625,46.277984619140625,19057025
2011-05-05,SUZLON.NS,Suzlon Energy,Retail Hype / Turnaround,46.507537841796875,47.28801727294922,44.579288482666016,44.90066146850586,44.90066146850586,17047917
2011-05-06,SUZLON.NS,Suzlon Energy,Retail Hype / Turnaround,44.99248504638672,45.68114471435547,43.98244857788086,44.53337860107422,44.53337860107422,17775846
2011-05-09,SUZLON.NS,Suzlon Energy,Retail Hype / Turnaround,44.99248504638672,45.77296447753906,43.339698791503906,44.90066146850586,44.90066146850586,20891106
2011-05-10,SUZLON.NS,Suzlon Energy,Retail Hype / Turnaround,44.717018127441406,46.277984619140625,44.349735260009766,46.00251770019531,46.00251770019531,16903558
2011-05-11,SUZLON.NS,Suzlon Energy,Retail Hype / Turnaround,46.36980438232422,47.60939407348633,46.14025115966797,47.37984085083008,47.37984085083008,17735523
2011-05-12,SUZLON.NS,Suzlon Energy,Retail Hype / Turnaround,47.28801727294922,47.976680755615234,46.46162414550781,46.82891082763672,46.82891082763672,13014368
2011-05-13,SUZLON.NS,Suzlon Energy,Retail Hype / Turnaround,46.59935760498047,49.124446868896484,46.59935760498047,48.48169708251953,48.48169708251953,23311628
2011-05-16,SUZLON.NS,Suzlon Energy,Retail Hype / Turnaround,50.40994644165039,50.731319427490234,48.16032028198242,48.52760696411133,48.52760696411133,34264950
2011-05-17,SUZLON.NS,Suzlon Energy,Retail Hype / Turnaround,48.665340423583984,49.445823669433594,46.645267486572266,47.10437774658203,47.10437774658203,27996510
2011-05-18,SUZLON.NS,Suzlon Energy,Retail Hype / Turnaround,47.28801727294922,48.48169708251953,47.15028762817383,48.16032028198242,48.16032028198242,18523458
2011-05-19,SUZLON.NS,Suzlon Energy,Retail Hype / Turnaround,48.29805374145508,48.57352066040039,46.645267486572266,47.01255416870117,47.01255416870117,10573682
2011-05-20,SUZLON.NS,Suzlon Energy,Retail Hype / Turnaround,47.28801727294922,47.79303741455078,46.32389450073242,46.55344772338867,46.55344772338867,8792984
2011-05-23,SUZLON.NS,Suzlon Energy,Retail Hype / Turnaround,46.36980438232422,46.36980438232422,42.375572204589844,44.579288482666016,44.579288482666016,16170761
2011-05-24,SUZLON.NS,Suzlon Energy,Retail Hype / Turnaround,44.579288482666016,45.40568161010742,44.53337860107422,45.13021469116211,45.13021469116211,9222744
2011-05-25,SUZLON.NS,Suzlon Energy,Retail Hype / Turnaround,44.946571350097656,46.36980438232422,44.487464904785156,46.09434127807617,46.09434127807617,21120579
2011-05-26,SUZLON.NS,Suzlon Energy,Retail Hype / Turnaround,46.277984619140625,46.737091064453125,45.58932113647461,45.956607818603516,45.956607818603516,22374314
2011-05-27,SUZLON.NS,Suzlon Energy,Retail Hype / Turnaround,45.727054595947266,46.92073440551758,45.727054595947266,46.645267486572266,46.645267486572266,8411966
2011-05-30,SUZLON.NS,Suzlon Energy,Retail Hype / Turnaround,46.82891082763672,47.196197509765625,46.277984619140625,46.92073440551758,46.92073440551758,7174288
2011-05-31,SUZLON.NS,Suzlon Energy,Retail Hype / Turnaround,47.15028762817383,49.675376892089844,47.01255416870117,49.49173355102539,49.49173355102539,25324839
2011-06-01,SUZLON.NS,Suzlon Energy,Retail Hype / Turnaround,49.813106536865234,49.904930114746094,48.57352066040039,48.84898376464844,48.84898376464844,12342049
2011-06-02,SUZLON.NS,Suzlon Energy,Retail Hype / Turnaround,48.16032028198242,49.17035675048828,47.60939407348633,48.06850051879883,48.06850051879883,13526721
2011-06-03,SUZLON.NS,Suzlon Energy,Retail Hype / Turnaround,48.29805374145508,49.124446868896484,46.507537841796875,46.92073440551758,46.92073440551758,20426940
2011-06-06,SUZLON.NS,Suzlon Energy,Retail Hype / Turnaround,46.78300094604492,47.28801727294922,46.00251770019531,47.10437774658203,47.10437774658203,11915771
2011-06-07,SUZLON.NS,Suzlon Energy,Retail Hype / Turnaround,46.92073440551758,48.57352066040039,46.78300094604492,48.29805374145508,48.29805374145508,10791617
2011-06-08,SUZLON.NS,Suzlon Energy,Retail Hype / Turnaround,47.976680755615234,48.57352066040039,47.47166061401367,47.976680755615234,47.976680755615234,10267224
2011-06-09,SUZLON.NS,Suzlon Energy,Retail Hype / Turnaround,48.06850051879883,48.94080352783203,47.655303955078125,48.48169708251953,48.48169708251953,14987857
2011-06-10,SUZLON.NS,Suzlon Energy,Retail Hype / Turnaround,48.57352066040039,48.57352066040039,47.28801727294922,47.655303955078125,47.655303955078125,11558352
2011-06-13,SUZLON.NS,Suzlon Energy,Retail Hype / Turnaround,47.70121383666992,48.343963623046875,46.92073440551758,48.206233978271484,48.206233978271484,11279181
2011-06-14,SUZLON.NS,Suzlon Energy,Retail Hype / Turnaround,48.52760696411133,49.39990997314453,48.29805374145508,48.61943054199219,48.61943054199219,16589542
2011-06-15,SUZLON.NS,Suzlon Energy,Retail Hype / Turnaround,48.665340423583984,48.665340423583984,47.425750732421875,47.747127532958984,47.747127532958984,7632677
2011-06-16,SUZLON.NS,Suzlon Energy,Retail Hype / Turnaround,47.47166061401367,48.435787200927734,47.05846405029297,47.747127532958984,47.747127532958984,12625775
2011-06-17,SUZLON.NS,Suzlon Energy,Retail Hype / Turnaround,47.93077087402344,48.29805374145508,46.966644287109375,47.10437774658203,47.10437774658203,10619158
2011-06-20,SUZLON.NS,Suzlon Energy,Retail Hype / Turnaround,47.33393096923828,47.37984085083008,43.661075592041016,44.120182037353516,44.120182037353516,16470774
2011-06-21,SUZLON.NS,Suzlon Energy,Retail Hype / Turnaround,44.44155502319336,45.17612838745117,41.6410026550293,42.651039123535156,42.651039123535156,13426776
2011-06-22,SUZLON.NS,Suzlon Energy,Retail Hype / Turnaround,42.972412109375,43.24787521362305,40.86051940917969,41.27371597290039,41.27371597290039,22071355
2011-06-23,SUZLON.NS,Suzlon Energy,Retail Hype / Turnaround,41.31962966918945,41.87055587768555,40.2636833190918,41.6410026550293,41.6410026550293,17126761
2011-06-24,SUZLON.NS,Suzlon Energy,Retail Hype / Turnaround,42.191932678222656,43.75289535522461,42.1001091003418,43.47743225097656,43.47743225097656,13772541
2011-06-27,SUZLON.NS,Suzlon Energy,Retail Hype / Turnaround,43.29378890991211,44.257911682128906,43.01832580566406,43.98244857788086,43.98244857788086,11990586
2011-06-28,SUZLON.NS,Suzlon Energy,Retail Hype / Turnaround,44.257911682128906,44.90066146850586,43.569252014160156,44.53337860107422,44.53337860107422,11100860
2011-06-29,SUZLON.NS,Suzlon Energy,Retail Hype / Turnaround,44.808841705322266,45.31385803222656,44.579288482666016,44.85475158691406,44.85475158691406,7585087
2011-06-30,SUZLON.NS,Suzlon Energy,Retail Hype / Turnaround,44.99248504638672,44.99248504638672,43.798805236816406,44.028358459472656,44.028358459472656,11080714
2011-07-01,SUZLON.NS,Suzlon Energy,Retail Hype / Turnaround,44.53337860107422,45.63523483276367,44.257911682128906,45.22203826904297,45.22203826904297,11585688
2011-07-04,SUZLON.NS,Suzlon Energy,Retail Hype / Turnaround,45.359771728515625,46.09434127807617,44.30382537841797,45.68114471435547,45.68114471435547,11443875
2011-07-05,SUZLON.NS,Suzlon Energy,Retail Hype / Turnaround,45.91069793701172,46.507537841796875,45.17612838745117,46.23207473754883,46.23207473754883,19318833
2011-07-06,SUZLON.NS,Suzlon Energy,Retail Hype / Turnaround,46.36980438232422,47.884857177734375,45.956607818603516,47.56348419189453,47.56348419189453,29106971
2011-07-07,SUZLON.NS,Suzlon Energy,Retail Hype / Turnaround,47.37984085083008,48.02259063720703,47.24210739135742,47.79303741455078,47.79303741455078,11419783
2011-07-08,SUZLON.NS,Suzlon Energy,Retail Hype / Turnaround,47.93077087402344,48.61943054199219,47.56348419189453,47.747127532958984,47.747127532958984,15580579
2011-07-11,SUZLON.NS,Suzlon Energy,Retail Hype / Turnaround,47.655303955078125,47.655303955078125,46.23207473754883,46.46162414550781,46.46162414550781,7989671
2011-07-12,SUZLON.NS,Suzlon Energy,Retail Hype / Turnaround,46.048431396484375,46.277984619140625,44.44155502319336,45.22203826904297,45.22203826904297,14595625
2011-07-13,SUZLON.NS,Suzlon Energy,Retail Hype / Turnaround,45.45159149169922,46.186161041259766,45.17612838745117,45.497501373291016,45.497501373291016,9590462
2011-07-14,SUZLON.NS,Suzlon Energy,Retail Hype / Turnaround,45.58932113647461,46.46162414550781,45.22203826904297,45.956607818603516,45.956607818603516,8547403
2011-07-15,SUZLON.NS,Suzlon Energy,Retail Hype / Turnaround,46.36980438232422,46.737091064453125,45.68114471435547,46.00251770019531,46.00251770019531,9110176
2011-07-18,SUZLON.NS,Suzlon Energy,Retail Hype / Turnaround,46.186161041259766,47.10437774658203,46.14025115966797,46.737091064453125,46.737091064453125,7118754
2011-07-19,SUZLON.NS,Suzlon Energy,Retail Hype / Turnaround,46.82891082763672,47.10437774658203,46.277984619140625,46.966644287109375,46.966644287109375,7980380
2011-07-20,SUZLON.NS,Suzlon Energy,Retail Hype / Turnaround,47.10437774658203,47.425750732421875,46.507537841796875,46.645267486572266,46.645267486572266,7108275
2011-07-21,SUZLON.NS,Suzlon Energy,Retail Hype / Turnaround,46.415714263916016,48.98671340942383,46.048431396484375,48.29805374145508,48.29805374145508,26363992
2011-07-22,SUZLON.NS,Suzlon Energy,Retail Hype / Turnaround,49.07853698730469,49.354000091552734,48.206233978271484,48.61943054199219,48.61943054199219,21656976
2011-07-25,SUZLON.NS,Suzlon Energy,Retail Hype / Turnaround,48.435787200927734,51.2363395690918,48.114410400390625,50.08857345581055,50.08857345581055,32999284
2011-07-26,SUZLON.NS,Suzlon Energy,Retail Hype / Turnaround,50.40994644165039,50.731319427490234,48.114410400390625,48.29805374145508,48.29805374145508,23148766
2011-07-27,SUZLON.NS,Suzlon Energy,Retail Hype / Turnaround,48.206233978271484,48.206233978271484,46.46162414550781,47.01255416870117,47.01255416870117,17144261
2011-07-28,SUZLON.NS,Suzlon Energy,Retail Hype / Turnaround,46.737091064453125,48.57352066040039,46.23207473754883,48.206233978271484,48.206233978271484,17680010
2011-07-29,SUZLON.NS,Suzlon Energy,Retail Hype / Turnaround,47.83894729614258,49.124446868896484,47.79303741455078,48.114410400390625,48.114410400390625,13018166
2011-08-01,SUZLON.NS,Suzlon Energy,Retail Hype / Turnaround,50.042659759521484,50.40994644165039,48.84898376464844,49.85901641845703,49.85901641845703,38269080
2011-08-02,SUZLON.NS,Suzlon Energy,Retail Hype / Turnaround,49.445823669433594,49.445823669433594,47.655303955078125,47.884857177734375,47.884857177734375,13693378
2011-08-03,SUZLON.NS,Suzlon Energy,Retail Hype / Turnaround,47.425750732421875,48.894893646240234,46.87482452392578,48.48169708251953,48.48169708251953,13637599
2011-08-04,SUZLON.NS,Suzlon Energy,Retail Hype / Turnaround,48.894893646240234,49.124446868896484,47.196197509765625,47.51757049560547,47.51757049560547,12702037
2011-08-05,SUZLON.NS,Suzlon Energy,Retail Hype / Turnaround,45.77296447753906,46.048431396484375,43.24787521362305,44.62519836425781,44.62519836425781,24811187
2011-08-08,SUZLON.NS,Suzlon Energy,Retail Hype / Turnaround,43.15605545043945,43.569252014160156,41.36553955078125,41.5491828918457,41.5491828918457,41741302
2011-08-09,SUZLON.NS,Suzlon Energy,Retail Hype / Turnaround,40.309593200683594,40.7227897644043,36.54491424560547,36.95811080932617,36.95811080932617,64546803
2011-08-10,SUZLON.NS,Suzlon Energy,Retail Hype / Turnaround,38.70271682739258,39.391380310058594,38.10588073730469,38.56498718261719,38.56498718261719,30693901
2011-08-11,SUZLON.NS,Suzlon Energy,Retail Hype / Turnaround,38.47316360473633,39.48320007324219,38.10588073730469,38.74863052368164,38.74863052368164,16627632
2011-08-12,SUZLON.NS,Suzlon Energy,Retail Hype / Turnaround,39.620933532714844,39.66684341430664,37.692684173583984,37.922237396240234,37.922237396240234,14334827
2011-08-16,SUZLON.NS,Suzlon Energy,Retail Hype / Turnaround,38.932273864746094,38.932273864746094,34.89213180541992,35.25941467285156,35.25941467285156,23035332
2011-08-17,SUZLON.NS,Suzlon Energy,Retail Hype / Turnaround,34.983951568603516,35.672611236572266,33.744361877441406,34.065738677978516,34.065738677978516,25457324
2011-08-18,SUZLON.NS,Suzlon Energy,Retail Hype / Turnaround,34.433021545410156,36.453094482421875,34.433021545410156,35.94807434082031,35.94807434082031,32392481
2011-08-19,SUZLON.NS,Suzlon Energy,Retail Hype / Turnaround,34.93804168701172,35.48896789550781,33.19343566894531,34.01982879638672,34.01982879638672,40467225
2011-08-22,SUZLON.NS,Suzlon Energy,Retail Hype / Turnaround,34.38711166381836,36.17763137817383,33.836185455322266,35.81034469604492,35.81034469604492,18884764
2011-08-23,SUZLON.NS,Suzlon Energy,Retail Hype / Turnaround,36.453094482421875,36.453094482421875,34.983951568603516,35.62670135498047,35.62670135498047,18540404
2011-08-24,SUZLON.NS,Suzlon Energy,Retail Hype / Turnaround,35.71852111816406,36.17763137817383,34.203468322753906,34.433021545410156,34.433021545410156,22213966
2011-08-25,SUZLON.NS,Suzlon Energy,Retail Hype / Turnaround,34.983951568603516,35.07577133178711,32.68841552734375,32.91796875,32.91796875,36191163
2011-08-26,SUZLON.NS,Suzlon Energy,Retail Hype / Turnaround,33.055702209472656,33.147525787353516,31.219274520874023,31.448827743530273,31.448827743530273,23837136
2011-08-29,SUZLON.NS,Suzlon Energy,Retail Hype / Turnaround,32.0456657409668,33.00979232788086,31.953845977783203,32.68841552734375,32.68841552734375,18942291
2011-08-30,SUZLON.NS,Suzlon Energy,Retail Hype / Turnaround,33.3770751953125,34.065738677978516,33.00979232788086,33.836185455322266,33.836185455322266,17907162
2011-09-02,SUZLON.NS,Suzlon Energy,Retail Hype / Turnaround,34.433021545410156,35.12168502807617,33.514808654785156,34.84621810913086,34.84621810913086,19158784
2011-09-05,SUZLON.NS,Suzlon Energy,Retail Hype / Turnaround,34.754398345947266,36.77446746826172,33.973915100097656,36.63673782348633,36.63673782348633,29986372
2011-09-06,SUZLON.NS,Suzlon Energy,Retail Hype / Turnaround,36.63673782348633,37.46312713623047,34.983951568603516,37.04993438720703,37.04993438720703,25217645
2011-09-07,SUZLON.NS,Suzlon Energy,Retail Hype / Turnaround,37.18766403198242,38.151790618896484,37.04993438720703,37.96814727783203,37.96814727783203,18688646
2011-09-08,SUZLON.NS,Suzlon Energy,Retail Hype / Turnaround,38.19770050048828,39.070003509521484,37.55495071411133,38.56498718261719,38.56498718261719,23993032
2011-09-09,SUZLON.NS,Suzlon Energy,Retail Hype / Turnaround,38.56498718261719,39.02409362792969,37.371307373046875,37.64677047729492,37.64677047729492,17252549
2011-09-12,SUZLON.NS,Suzlon Energy,Retail Hype / Turnaround,36.95811080932617,37.18766403198242,35.534881591796875,35.94807434082031,35.94807434082031,14674732
2011-09-13,SUZLON.NS,Suzlon Energy,Retail Hype / Turnaround,36.36127471923828,37.32539749145508,35.71852111816406,35.993988037109375,35.993988037109375,15201359
2011-09-14,SUZLON.NS,Suzlon Energy,Retail Hype / Turnaround,36.36127471923828,36.54491424560547,35.35123825073242,35.902164459228516,35.902164459228516,12266773
2011-09-15,SUZLON.NS,Suzlon Energy,Retail Hype / Turnaround,36.49900436401367,37.27948760986328,36.03989791870117,37.09584426879883,37.09584426879883,10788516
2011-09-16,SUZLON.NS,Suzlon Energy,Retail Hype / Turnaround,37.64677047729492,37.64677047729492,35.902164459228516,36.26945114135742,36.26945114135742,14474150
2011-09-19,SUZLON.NS,Suzlon Energy,Retail Hype / Turnaround,36.17763137817383,37.141754150390625,35.85625457763672,36.131717681884766,36.131717681884766,7395081
2011-09-20,SUZLON.NS,Suzlon Energy,Retail Hype / Turnaround,36.36127471923828,37.371307373046875,36.26945114135742,37.141754150390625,37.141754150390625,9348727
2011-09-21,SUZLON.NS,Suzlon Energy,Retail Hype / Turnaround,36.72855758666992,38.01405715942383,36.40718460083008,37.830413818359375,37.830413818359375,16142285
2011-09-22,SUZLON.NS,Suzlon Energy,Retail Hype / Turnaround,36.912200927734375,37.09584426879883,34.66257858276367,34.93804168701172,34.93804168701172,18938457
2011-09-23,SUZLON.NS,Suzlon Energy,Retail Hype / Turnaround,34.01982879638672,35.764434814453125,33.836185455322266,35.25941467285156,35.25941467285156,18101467
2011-09-26,SUZLON.NS,Suzlon Energy,Retail Hype / Turnaround,35.71852111816406,35.71852111816406,33.3770751953125,34.38711166381836,34.38711166381836,15024263
2011-09-27,SUZLON.NS,Suzlon Energy,Retail Hype / Turnaround,35.35123825073242,35.534881591796875,34.89213180541992,35.02986145019531,35.02986145019531,10006137
2011-09-28,SUZLON.NS,Suzlon Energy,Retail Hype / Turnaround,35.443058013916016,35.443058013916016,33.744361877441406,33.973915100097656,33.973915100097656,11143833
2011-09-29,SUZLON.NS,Suzlon Energy,Retail Hype / Turnaround,33.744361877441406,34.80030822753906,33.514808654785156,34.61666488647461,34.61666488647461,11989265
2011-09-30,SUZLON.NS,Suzlon Energy,Retail Hype / Turnaround,34.524845123291016,35.07577133178711,33.10161209106445,33.46889877319336,33.46889877319336,12638511
2011-10-03,SUZLON.NS,Suzlon Energy,Retail Hype / Turnaround,33.285255432128906,33.92800521850586,32.8720588684082,33.23934555053711,33.23934555053711,9744185
2011-10-04,SUZLON.NS,Suzlon Energy,Retail Hype / Turnaround,32.73432922363281,33.973915100097656,32.4588623046875,32.68841552734375,32.68841552734375,10653493
2011-10-05,SUZLON.NS,Suzlon Energy,Retail Hype / Turnaround,33.23934555053711,33.46889877319336,31.77020263671875,31.999755859375,31.999755859375,11462369
2011-10-07,SUZLON.NS,Suzlon Energy,Retail Hype / Turnaround,33.23934555053711,33.56071853637695,32.5047721862793,33.00979232788086,33.00979232788086,9578948
2011-10-10,SUZLON.NS,Suzlon Energy,Retail Hype / Turnaround,33.00979232788086,34.524845123291016,32.96388244628906,34.34120178222656,34.34120178222656,11232002
2011-10-11,SUZLON.NS,Suzlon Energy,Retail Hype / Turnaround,34.80030822753906,34.983951568603516,33.88209533691406,34.203468322753906,34.203468322753906,12845781
2011-10-12,SUZLON.NS,Suzlon Energy,Retail Hype / Turnaround,34.57075500488281,35.07577133178711,34.38711166381836,34.93804168701172,34.93804168701172,9444920
2011-10-13,SUZLON.NS,Suzlon Energy,Retail Hype / Turnaround,35.213504791259766,35.35123825073242,34.524845123291016,34.66257858276367,34.66257858276367,10899626
2011-10-14,SUZLON.NS,Suzlon Energy,Retail Hype / Turnaround,34.66257858276367,35.07577133178711,34.47893524169922,34.70848846435547,34.70848846435547,6657694
2011-10-17,SUZLON.NS,Suzlon Energy,Retail Hype / Turnaround,34.93804168701172,35.35123825073242,34.433021545410156,34.754398345947266,34.754398345947266,6745323
2011-10-18,SUZLON.NS,Suzlon Energy,Retail Hype / Turnaround,34.47893524169922,34.47893524169922,33.514808654785156,33.79027557373047,33.79027557373047,6729966
2011-10-19,SUZLON.NS,Suzlon Energy,Retail Hype / Turnaround,34.38711166381836,34.47893524169922,32.91796875,33.514808654785156,33.514808654785156,12019380
2011-10-20,SUZLON.NS,Suzlon Energy,Retail Hype / Turnaround,33.3311653137207,33.744361877441406,32.8720588684082,33.3311653137207,33.3311653137207,8464635
2011-10-21,SUZLON.NS,Suzlon Energy,Retail Hype / Turnaround,33.606632232666016,34.11164855957031,33.00979232788086,33.23934555053711,33.23934555053711,10571202
2011-10-24,SUZLON.NS,Suzlon Energy,Retail Hype / Turnaround,34.433021545410156,34.84621810913086,33.514808654785156,33.69845199584961,33.69845199584961,12108762
2011-10-25,SUZLON.NS,Suzlon Energy,Retail Hype / Turnaround,33.744361877441406,33.973915100097656,33.10161209106445,33.65254211425781,33.65254211425781,8068959
2011-10-28,SUZLON.NS,Suzlon Energy,Retail Hype / Turnaround,34.61666488647461,35.534881591796875,34.433021545410156,35.35123825073242,35.35123825073242,12261834
2011-10-31,SUZLON.NS,Suzlon Energy,Retail Hype / Turnaround,35.48896789550781,35.902164459228516,34.66257858276367,35.39714813232422,35.39714813232422,15441430
2011-11-01,SUZLON.NS,Suzlon Energy,Retail Hype / Turnaround,35.07577133178711,35.443058013916016,33.92800521850586,34.203468322753906,34.203468322753906,10369640
2011-11-02,SUZLON.NS,Suzlon Energy,Retail Hype / Turnaround,33.973915100097656,34.34120178222656,33.514808654785156,33.606632232666016,33.606632232666016,13580285
2011-11-03,SUZLON.NS,Suzlon Energy,Retail Hype / Turnaround,33.56071853637695,33.88209533691406,33.10161209106445,33.46889877319336,33.46889877319336,12585677
2011-11-04,SUZLON.NS,Suzlon Energy,Retail Hype / Turnaround,33.92800521850586,34.34120178222656,33.65254211425781,33.836185455322266,33.836185455322266,8139255
2011-11-08,SUZLON.NS,Suzlon Energy,Retail Hype / Turnaround,33.973915100097656,34.295291900634766,33.46889877319336,34.11164855957031,34.11164855957031,9083767
2011-11-09,SUZLON.NS,Suzlon Energy,Retail Hype / Turnaround,34.203468322753906,34.295291900634766,32.596595764160156,32.78023910522461,32.78023910522461,13203655
2011-11-11,SUZLON.NS,Suzlon Energy,Retail Hype / Turnaround,32.826148986816406,33.00979232788086,31.678380966186523,31.77020263671875,31.77020263671875,12347951
2011-11-14,SUZLON.NS,Suzlon Energy,Retail Hype / Turnaround,32.367042541503906,32.4588623046875,30.025596618652344,30.209238052368164,30.209238052368164,12093010
2011-11-15,SUZLON.NS,Suzlon Energy,Retail Hype / Turnaround,30.11741828918457,30.530614852905273,28.41872215270996,28.786006927490234,28.786006927490234,11529617
2011-11-16,SUZLON.NS,Suzlon Energy,Retail Hype / Turnaround,28.831918716430664,28.969650268554688,26.398651123046875,26.76593780517578,26.76593780517578,25520648
2011-11-17,SUZLON.NS,Suzlon Energy,Retail Hype / Turnaround,26.9495792388916,27.041400909423828,23.276723861694336,23.552188873291016,23.552188873291016,88270336
2011-11-18,SUZLON.NS,Suzlon Energy,Retail Hype / Turnaround,23.368545532226562,23.368545532226562,20.705724716186523,21.899402618408203,21.899402618408203,63339536
2011-11-21,SUZLON.NS,Suzlon Energy,Retail Hype / Turnaround,21.99122428894043,22.404420852661133,19.282493591308594,19.60386848449707,19.60386848449707,47204533
2011-11-22,SUZLON.NS,Suzlon Energy,Retail Hype / Turnaround,19.925243377685547,21.30256462097168,19.695688247680664,20.246618270874023,20.246618270874023,58985647
2011-11-23,SUZLON.NS,Suzlon Energy,Retail Hype / Turnaround,20.200706481933594,20.613903045654297,19.374313354492188,20.108884811401367,20.108884811401367,43669283
2011-11-24,SUZLON.NS,Suzlon Energy,Retail Hype / Turnaround,20.384349822998047,21.76167106628418,20.246618270874023,21.440296173095703,21.440296173095703,57193465
2011-11-25,SUZLON.NS,Suzlon Energy,Retail Hype / Turnaround,21.394384384155273,21.71575927734375,20.29252815246582,20.476171493530273,20.476171493530273,33772912
2011-11-28,SUZLON.NS,Suzlon Energy,Retail Hype / Turnaround,21.118921279907227,21.4862060546875,20.981189727783203,21.25665283203125,21.25665283203125,22199106
2011-11-29,SUZLON.NS,Suzlon Energy,Retail Hype / Turnaround,21.53211784362793,22.312599182128906,21.210742950439453,21.348474502563477,21.348474502563477,31819303
2011-11-30,SUZLON.NS,Suzlon Energy,Retail Hype / Turnaround,21.348474502563477,21.4862060546875,20.613903045654297,21.30256462097168,21.30256462097168,25196602
2011-12-01,SUZLON.NS,Suzlon Energy,Retail Hype / Turnaround,22.22077751159668,22.49624252319336,21.164831161499023,21.53211784362793,21.53211784362793,22523590
2011-12-02,SUZLON.NS,Suzlon Energy,Retail Hype / Turnaround,21.53211784362793,21.99122428894043,21.027099609375,21.853492736816406,21.853492736816406,18453054
2011-12-05,SUZLON.NS,Suzlon Energy,Retail Hype / Turnaround,21.9453125,22.174867630004883,21.4862060546875,21.76167106628418,21.76167106628418,17621022
2011-12-07,SUZLON.NS,Suzlon Energy,Retail Hype / Turnaround,22.128955841064453,22.266687393188477,21.578027725219727,21.807580947875977,21.807580947875977,17899873
2011-12-08,SUZLON.NS,Suzlon Energy,Retail Hype / Turnaround,21.853492736816406,22.037134170532227,20.935277938842773,21.073009490966797,21.073009490966797,22737890
2011-12-09,SUZLON.NS,Suzlon Energy,Retail Hype / Turnaround,20.659814834594727,21.027099609375,20.200706481933594,20.567991256713867,20.567991256713867,18828778
2011-12-12,SUZLON.NS,Suzlon Energy,Retail Hype / Turnaround,20.981189727783203,21.027099609375,19.787511825561523,19.925243377685547,19.925243377685547,18420633
2011-12-13,SUZLON.NS,Suzlon Energy,Retail Hype / Turnaround,19.83342170715332,20.200706481933594,19.60386848449707,19.971153259277344,19.971153259277344,16807903
2011-12-14,SUZLON.NS,Suzlon Energy,Retail Hype / Turnaround,19.787511825561523,20.29252815246582,19.55795669555664,19.695688247680664,19.695688247680664,14444983
2011-12-15,SUZLON.NS,Suzlon Energy,Retail Hype / Turnaround,19.420225143432617,19.420225143432617,18.13472557067871,18.685653686523438,18.685653686523438,25449732
2011-12-16,SUZLON.NS,Suzlon Energy,Retail Hype / Turnaround,18.915206909179688,19.190671920776367,17.354244232177734,17.491975784301758,17.491975784301758,23992437
2011-12-19,SUZLON.NS,Suzlon Energy,Retail Hype / Turnaround,17.537885665893555,17.583797454833984,16.25238609313965,16.573762893676758,16.573762893676758,25487491
2011-12-20,SUZLON.NS,Suzlon Energy,Retail Hype / Turnaround,16.94104766845703,16.94104766845703,16.0228328704834,16.25238609313965,16.25238609313965,19967019
2011-12-21,SUZLON.NS,Suzlon Energy,Retail Hype / Turnaround,16.986957550048828,17.032869338989258,16.160564422607422,16.4360294342041,16.4360294342041,23234097
2011-12-22,SUZLON.NS,Suzlon Energy,Retail Hype / Turnaround,16.298297882080078,17.354244232177734,16.068744659423828,17.12468910217285,17.12468910217285,29281079
2011-12-23,SUZLON.NS,Suzlon Energy,Retail Hype / Turnaround,17.40015411376953,17.85926055908203,17.216510772705078,17.40015411376953,17.40015411376953,20400367
2011-12-26,SUZLON.NS,Suzlon Energy,Retail Hype / Turnaround,17.44606590270996,18.226547241210938,17.354244232177734,17.951082229614258,17.951082229614258,15913111
2011-12-27,SUZLON.NS,Suzlon Energy,Retail Hype / Turnaround,18.180635452270508,18.180635452270508,17.17060089111328,17.40015411376953,17.40015411376953,16173076
2011-12-28,SUZLON.NS,Suzlon Energy,Retail Hype / Turnaround,17.354244232177734,17.813350677490234,16.94104766845703,17.62970733642578,17.62970733642578,18715613
2011-12-29,SUZLON.NS,Suzlon Energy,Retail Hype / Turnaround,17.216510772705078,17.40015411376953,16.0228328704834,16.20647621154785,16.20647621154785,33624149
2011-12-30,SUZLON.NS,Suzlon Energy,Retail Hype / Turnaround,16.4360294342041,16.66558265686035,16.20647621154785,16.527851104736328,16.527851104736328,19257759
2012-01-02,SUZLON.NS,Suzlon Energy,Retail Hype / Turnaround,16.757404327392578,16.803314208984375,15.793279647827148,16.573762893676758,16.573762893676758,20244706
2012-01-03,SUZLON.NS,Suzlon Energy,Retail Hype / Turnaround,16.986957550048828,17.40015411376953,16.849225997924805,17.308332443237305,17.308332443237305,15251880
2012-01-04,SUZLON.NS,Suzlon Energy,Retail Hype / Turnaround,17.44606590270996,17.44606590270996,16.71149444580078,16.895137786865234,16.895137786865234,21482934
2012-01-05,SUZLON.NS,Suzlon Energy,Retail Hype / Turnaround,16.895137786865234,17.675617218017578,16.619672775268555,16.757404327392578,16.757404327392578,33412677
2012-01-06,SUZLON.NS,Suzlon Energy,Retail Hype / Turnaround,16.619672775268555,17.078779220581055,16.160564422607422,16.71149444580078,16.71149444580078,28819526
2012-01-09,SUZLON.NS,Suzlon Energy,Retail Hype / Turnaround,16.895137786865234,17.40015411376953,16.298297882080078,17.308332443237305,17.308332443237305,25327705
2012-01-10,SUZLON.NS,Suzlon Energy,Retail Hype / Turnaround,17.44606590270996,18.180635452270508,17.354244232177734,18.042903900146484,18.042903900146484,25508299
2012-01-11,SUZLON.NS,Suzlon Energy,Retail Hype / Turnaround,18.318368911743164,19.007028579711914,17.951082229614258,18.82338523864746,18.82338523864746,32853925
2012-01-12,SUZLON.NS,Suzlon Energy,Retail Hype / Turnaround,18.82338523864746,19.466136932373047,18.456100463867188,18.961118698120117,18.961118698120117,27614177
2012-01-13,SUZLON.NS,Suzlon Energy,Retail Hype / Turnaround,19.236581802368164,20.843456268310547,19.05293846130371,20.613903045654297,20.613903045654297,51589584
2012-01-16,SUZLON.NS,Suzlon Energy,Retail Hype / Turnaround,20.889366149902344,21.25665283203125,20.108884811401367,20.659814834594727,20.659814834594727,31792359
2012-01-17,SUZLON.NS,Suzlon Energy,Retail Hype / Turnaround,21.118921279907227,21.4862060546875,20.705724716186523,21.073009490966797,21.073009490966797,32415207
2012-01-18,SUZLON.NS,Suzlon Energy,Retail Hype / Turnaround,21.394384384155273,21.394384384155273,20.200706481933594,20.33843994140625,20.33843994140625,21222549
2012-01-19,SUZLON.NS,Suzlon Energy,Retail Hype / Turnaround,20.75163459777832,21.027099609375,20.567991256713867,20.843456268310547,20.843456268310547,16025984
2012-01-20,SUZLON.NS,Suzlon Energy,Retail Hype / Turnaround,20.981189727783203,22.771705627441406,20.843456268310547,22.588062286376953,22.588062286376953,41489412
2012-01-23,SUZLON.NS,Suzlon Energy,Retail Hype / Turnaround,22.542152404785156,24.286758422851562,22.404420852661133,23.965383529663086,23.965383529663086,54107606
2012-01-24,SUZLON.NS,Suzlon Energy,Retail Hype / Turnaround,24.240848541259766,24.975418090820312,24.057205200195312,24.37858009338379,24.37858009338379,42902872
2012-01-25,SUZLON.NS,Suzlon Energy,Retail Hype / Turnaround,24.60813331604004,25.480436325073242,24.60813331604004,25.021329879760742,25.021329879760742,46154201
2012-01-27,SUZLON.NS,Suzlon Energy,Retail Hype / Turnaround,25.34270477294922,26.72002601623535,25.250883102416992,26.26091957092285,26.26091957092285,46447020
2012-01-30,SUZLON.NS,Suzlon Energy,Retail Hype / Turnaround,26.26091957092285,26.26091957092285,23.965383529663086,24.19493865966797,24.19493865966797,41237612
2012-01-31,SUZLON.NS,Suzlon Energy,Retail Hype / Turnaround,24.60813331604004,25.893632888793945,24.42449188232422,25.709991455078125,25.709991455078125,28755651
2012-02-01,SUZLON.NS,Suzlon Energy,Retail Hype / Turnaround,25.664079666137695,27.316865921020508,25.38861656188965,27.133222579956055,27.133222579956055,43872824
2012-02-02,SUZLON.NS,Suzlon Energy,Retail Hype / Turnaround,27.45459747314453,28.18916893005371,26.76593780517578,27.133222579956055,27.133222579956055,38981557
2012-02-03,SUZLON.NS,Suzlon Energy,Retail Hype / Turnaround,27.17913246154785,27.362775802612305,26.5363826751709,27.041400909423828,27.041400909423828,23263164
2012-02-06,SUZLON.NS,Suzlon Energy,Retail Hype / Turnaround,27.362775802612305,28.14325714111328,27.087312698364258,27.45459747314453,27.45459747314453,22782079
2012-02-07,SUZLON.NS,Suzlon Energy,Retail Hype / Turnaround,27.592329025268555,27.95961570739746,26.444562911987305,26.76593780517578,26.76593780517578,19358456
2012-02-08,SUZLON.NS,Suzlon Energy,Retail Hype / Turnaround,27.041400909423828,27.775972366333008,26.76593780517578,27.316865921020508,27.316865921020508,19472342
2012-02-09,SUZLON.NS,Suzlon Energy,Retail Hype / Turnaround,27.087312698364258,29.10738182067871,26.857757568359375,28.87782859802246,28.87782859802246,40771116
2012-02-10,SUZLON.NS,Suzlon Energy,Retail Hype / Turnaround,29.061471939086914,29.750131607055664,27.45459747314453,28.280990600585938,28.280990600585938,45164865
2012-02-13,SUZLON.NS,Suzlon Energy,Retail Hype / Turnaround,27.638240814208984,27.775972366333008,25.526348114013672,26.123186111450195,26.123186111450195,43317164
2012-02-14,SUZLON.NS,Suzlon Energy,Retail Hype / Turnaround,25.709991455078125,25.84772300720215,24.88359832763672,25.296794891357422,25.296794891357422,33483107
2012-02-15,SUZLON.NS,Suzlon Energy,Retail Hype / Turnaround,25.893632888793945,27.041400909423828,25.84772300720215,26.582294464111328,26.582294464111328,34466325
2012-02-16,SUZLON.NS,Suzlon Energy,Retail Hype / Turnaround,26.30682945251465,27.68415069580078,26.215007781982422,27.041400909423828,27.041400909423828,30309534
2012-02-17,SUZLON.NS,Suzlon Energy,Retail Hype / Turnaround,27.546419143676758,28.510543823242188,26.215007781982422,26.674114227294922,26.674114227294922,37637342
2012-02-21,SUZLON.NS,Suzlon Energy,Retail Hype / Turnaround,26.811847686767578,28.326900482177734,26.811847686767578,28.097347259521484,28.097347259521484,36728795
2012-02-22,SUZLON.NS,Suzlon Energy,Retail Hype / Turnaround,28.46463394165039,29.38284683227539,25.664079666137695,26.0772762298584,26.0772762298584,56240454
2012-02-23,SUZLON.NS,Suzlon Energy,Retail Hype / Turnaround,25.985454559326172,26.72002601623535,25.021329879760742,25.664079666137695,25.664079666137695,39847512
2012-02-24,SUZLON.NS,Suzlon Energy,Retail Hype / Turnaround,25.709991455078125,26.215007781982422,24.332670211791992,24.562223434448242,24.562223434448242,36705024
2012-02-27,SUZLON.NS,Suzlon Energy,Retail Hype / Turnaround,24.60813331604004,24.791776657104492,22.128955841064453,22.49624252319336,22.49624252319336,30671553
2012-02-28,SUZLON.NS,Suzlon Energy,Retail Hype / Turnaround,22.95534896850586,24.286758422851562,22.863527297973633,24.10311508178711,24.10311508178711,31199308
2012-02-29,SUZLON.NS,Suzlon Energy,Retail Hype / Turnaround,24.745866775512695,25.204973220825195,23.598098754882812,24.42449188232422,24.42449188232422,32718964
2012-03-01,SUZLON.NS,Suzlon Energy,Retail Hype / Turnaround,24.14902687072754,28.005525588989258,23.506277084350586,27.22504425048828,27.22504425048828,95598674
2012-03-02,SUZLON.NS,Suzlon Energy,Retail Hype / Turnaround,27.546419143676758,28.18916893005371,26.4904727935791,26.811847686767578,26.811847686767578,66344248
2012-03-05,SUZLON.NS,Suzlon Energy,Retail Hype / Turnaround,26.5363826751709,27.17913246154785,25.250883102416992,25.526348114013672,25.526348114013672,39067237
2012-03-06,SUZLON.NS,Suzlon Energy,Retail Hype / Turnaround,24.83768653869629,26.169097900390625,24.516311645507812,24.975418090820312,24.975418090820312,29641172
2012-03-07,SUZLON.NS,Suzlon Energy,Retail Hype / Turnaround,24.791776657104492,25.434526443481445,24.332670211791992,24.929508209228516,24.929508209228516,20366323
2012-03-09,SUZLON.NS,Suzlon Energy,Retail Hype / Turnaround,25.434526443481445,25.80181121826172,24.83768653869629,25.34270477294922,25.34270477294922,25221645
2012-03-12,SUZLON.NS,Suzlon Energy,Retail Hype / Turnaround,25.84772300720215,26.169097900390625,25.159061431884766,25.939544677734375,25.939544677734375,21882767
2012-03-13,SUZLON.NS,Suzlon Energy,Retail Hype / Turnaround,26.30682945251465,27.775972366333008,26.0313663482666,26.811847686767578,26.811847686767578,58479815
2012-03-14,SUZLON.NS,Suzlon Energy,Retail Hype / Turnaround,27.316865921020508,28.280990600585938,26.9954891204834,27.546419143676758,27.546419143676758,49234002
2012-03-15,SUZLON.NS,Suzlon Energy,Retail Hype / Turnaround,27.730060577392578,27.775972366333008,26.169097900390625,26.4904727935791,26.4904727935791,39037724
2012-03-16,SUZLON.NS,Suzlon Energy,Retail Hype / Turnaround,26.72002601623535,27.45459747314453,25.434526443481445,25.985454559326172,25.985454559326172,37934340
2012-03-19,SUZLON.NS,Suzlon Energy,Retail Hype / Turnaround,26.0772762298584,26.352739334106445,24.975418090820312,25.11315155029297,25.11315155029297,22365599
2012-03-20,SUZLON.NS,Suzlon Energy,Retail Hype / Turnaround,25.159061431884766,25.664079666137695,24.791776657104492,25.296794891357422,25.296794891357422,16623147
2012-03-21,SUZLON.NS,Suzlon Energy,Retail Hype / Turnaround,25.296794891357422,26.903669357299805,25.021329879760742,26.76593780517578,26.76593780517578,31619511
2012-03-22,SUZLON.NS,Suzlon Energy,Retail Hype / Turnaround,26.811847686767578,26.811847686767578,24.975418090820312,25.159061431884766,25.159061431884766,28088421
2012-03-23,SUZLON.NS,Suzlon Energy,Retail Hype / Turnaround,25.250883102416992,26.123186111450195,24.791776657104492,25.709991455078125,25.709991455078125,23834303
2012-03-26,SUZLON.NS,Suzlon Energy,Retail Hype / Turnaround,25.5722599029541,25.755901336669922,24.791776657104492,24.929508209228516,24.929508209228516,23376598
2012-03-27,SUZLON.NS,Suzlon Energy,Retail Hype / Turnaround,25.526348114013672,25.664079666137695,24.975418090820312,25.204973220825195,25.204973220825195,21337267
2012-03-28,SUZLON.NS,Suzlon Energy,Retail Hype / Turnaround,25.159061431884766,25.80181121826172,24.516311645507812,24.699954986572266,24.699954986572266,22958098
2012-03-29,SUZLON.NS,Suzlon Energy,Retail Hype / Turnaround,24.60813331604004,24.60813331604004,23.873563766479492,23.965383529663086,23.965383529663086,23113075
2012-03-30,SUZLON.NS,Suzlon Energy,Retail Hype / Turnaround,24.240848541259766,24.516311645507812,22.863527297973633,23.18490219116211,23.18490219116211,42930344
2012-04-02,SUZLON.NS,Suzlon Energy,Retail Hype / Turnaround,23.322633743286133,24.011295318603516,23.230812072753906,23.68992042541504,23.68992042541504,26503084
2012-04-03,SUZLON.NS,Suzlon Energy,Retail Hype / Turnaround,23.781740188598633,24.240848541259766,23.276723861694336,23.506277084350586,23.506277084350586,29199735
2012-04-04,SUZLON.NS,Suzlon Energy,Retail Hype / Turnaround,23.322633743286133,23.781740188598633,22.817617416381836,23.093080520629883,23.093080520629883,26642996
2012-04-09,SUZLON.NS,Suzlon Energy,Retail Hype / Turnaround,23.047170639038086,23.460365295410156,22.312599182128906,22.404420852661133,22.404420852661133,34407038
2012-04-10,SUZLON.NS,Suzlon Energy,Retail Hype / Turnaround,22.49624252319336,22.679885864257812,22.037134170532227,22.312599182128906,22.312599182128906,19184675
2012-04-11,SUZLON.NS,Suzlon Energy,Retail Hype / Turnaround,22.037134170532227,23.047170639038086,21.71575927734375,22.404420852661133,22.404420852661133,31398214
2012-04-12,SUZLON.NS,Suzlon Energy,Retail Hype / Turnaround,22.45033073425293,22.817617416381836,22.266687393188477,22.49624252319336,22.49624252319336,20514364
2012-04-13,SUZLON.NS,Suzlon Energy,Retail Hype / Turnaround,22.49624252319336,23.047170639038086,22.083044052124023,22.174867630004883,22.174867630004883,18464428
2012-04-16,SUZLON.NS,Suzlon Energy,Retail Hype / Turnaround,22.037134170532227,22.404420852661133,21.899402618408203,22.128955841064453,22.128955841064453,10582089
2012-04-17,SUZLON.NS,Suzlon Energy,Retail Hype / Turnaround,22.037134170532227,22.542152404785156,22.037134170532227,22.312599182128906,22.312599182128906,10767842
2012-04-18,SUZLON.NS,Suzlon Energy,Retail Hype / Turnaround,22.312599182128906,22.49624252319336,21.9453125,22.128955841064453,22.128955841064453,13664750
2012-04-19,SUZLON.NS,Suzlon Energy,Retail Hype / Turnaround,22.037134170532227,22.266687393188477,21.899402618408203,22.037134170532227,22.037134170532227,7876121
2012-04-20,SUZLON.NS,Suzlon Energy,Retail Hype / Turnaround,21.99122428894043,22.037134170532227,21.210742950439453,21.4862060546875,21.4862060546875,15582754
2012-04-23,SUZLON.NS,Suzlon Energy,Retail Hype / Turnaround,21.623937606811523,21.76167106628418,20.567991256713867,20.79754638671875,20.79754638671875,18794569
2012-04-24,SUZLON.NS,Suzlon Energy,Retail Hype / Turnaround,20.79754638671875,21.25665283203125,20.384349822998047,20.843456268310547,20.843456268310547,14214965
2012-04-25,SUZLON.NS,Suzlon Energy,Retail Hype / Turnaround,20.659814834594727,20.889366149902344,20.01706314086914,20.567991256713867,20.567991256713867,16965191
2012-04-26,SUZLON.NS,Suzlon Energy,Retail Hype / Turnaround,20.29252815246582,20.705724716186523,20.06297492980957,20.476171493530273,20.476171493530273,20286739
2012-04-27,SUZLON.NS,Suzlon Energy,Retail Hype / Turnaround,20.200706481933594,20.567991256713867,19.32840347290039,19.60386848449707,19.60386848449707,16812077
2012-04-30,SUZLON.NS,Suzlon Energy,Retail Hype / Turnaround,20.200706481933594,21.25665283203125,20.108884811401367,20.889366149902344,20.889366149902344,17975192
2012-05-02,SUZLON.NS,Suzlon Energy,Retail Hype / Turnaround,21.118921279907227,21.30256462097168,20.384349822998047,20.567991256713867,20.567991256713867,16637225
2012-05-03,SUZLON.NS,Suzlon Energy,Retail Hype / Turnaround,20.200706481933594,20.430259704589844,19.55795669555664,19.83342170715332,19.83342170715332,19174155
2012-05-04,SUZLON.NS,Suzlon Energy,Retail Hype / Turnaround,19.60386848449707,20.659814834594727,19.512046813964844,20.246618270874023,20.246618270874023,25573366
2012-05-07,SUZLON.NS,Suzlon Energy,Retail Hype / Turnaround,19.787511825561523,20.33843994140625,19.190671920776367,20.154796600341797,20.154796600341797,20400901
2012-05-08,SUZLON.NS,Suzlon Energy,Retail Hype / Turnaround,20.246618270874023,20.659814834594727,19.282493591308594,19.55795669555664,19.55795669555664,21125303
2012-05-09,SUZLON.NS,Suzlon Energy,Retail Hype / Turnaround,19.282493591308594,19.60386848449707,18.547922134399414,18.82338523864746,18.82338523864746,21054315
2012-05-10,SUZLON.NS,Suzlon Energy,Retail Hype / Turnaround,18.731563568115234,19.09885025024414,17.721529006958008,17.85926055908203,17.85926055908203,31895335
2012-05-11,SUZLON.NS,Suzlon Energy,Retail Hype / Turnaround,17.583797454833984,17.90517234802246,17.216510772705078,17.40015411376953,17.40015411376953,30348315
2012-05-14,SUZLON.NS,Suzlon Energy,Retail Hype / Turnaround,17.44606590270996,18.088815689086914,17.44606590270996,17.62970733642578,17.62970733642578,16638857
2012-05-15,SUZLON.NS,Suzlon Energy,Retail Hype / Turnaround,17.44606590270996,18.63974380493164,17.12468910217285,18.180635452270508,18.180635452270508,26225462
2012-05-16,SUZLON.NS,Suzlon Energy,Retail Hype / Turnaround,17.537885665893555,18.226547241210938,17.032869338989258,17.721529006958008,17.721529006958008,32039422
2012-05-17,SUZLON.NS,Suzlon Energy,Retail Hype / Turnaround,17.721529006958008,18.547922134399414,17.537885665893555,18.36427879333496,18.36427879333496,20605488
2012-05-18,SUZLON.NS,Suzlon Energy,Retail Hype / Turnaround,17.90517234802246,18.685653686523438,17.675617218017578,18.456100463867188,18.456100463867188,25199388
2012-05-21,SUZLON.NS,Suzlon Energy,Retail Hype / Turnaround,18.59383201599121,20.01706314086914,18.59383201599121,19.695688247680664,19.695688247680664,31896858
2012-05-22,SUZLON.NS,Suzlon Energy,Retail Hype / Turnaround,20.01706314086914,20.29252815246582,19.55795669555664,19.741600036621094,19.741600036621094,26015235
2012-05-23,SUZLON.NS,Suzlon Energy,Retail Hype / Turnaround,19.466136932373047,19.649778366088867,18.961118698120117,19.236581802368164,19.236581802368164,17143998
2012-05-24,SUZLON.NS,Suzlon Energy,Retail Hype / Turnaround,19.374313354492188,19.741600036621094,19.007028579711914,19.190671920776367,19.190671920776367,16092571
2012-05-25,SUZLON.NS,Suzlon Energy,Retail Hype / Turnaround,19.282493591308594,19.60386848449707,18.915206909179688,19.144760131835938,19.144760131835938,11939819
2012-05-28,SUZLON.NS,Suzlon Energy,Retail Hype / Turnaround,18.777475357055664,19.09885025024414,17.90517234802246,18.961118698120117,18.961118698120117,31768033
2012-05-29,SUZLON.NS,Suzlon Energy,Retail Hype / Turnaround,19.32840347290039,19.649778366088867,18.915206909179688,19.282493591308594,19.282493591308594,25137118
2012-05-30,SUZLON.NS,Suzlon Energy,Retail Hype / Turnaround,19.282493591308594,19.32840347290039,17.996992111206055,18.13472557067871,18.13472557067871,30636660
2012-05-31,SUZLON.NS,Suzlon Energy,Retail Hype / Turnaround,17.85926055908203,17.90517234802246,16.298297882080078,16.4360294342041,16.4360294342041,109047318
2012-06-01,SUZLON.NS,Suzlon Energy,Retail Hype / Turnaround,16.527851104736328,16.757404327392578,16.0228328704834,16.114654541015625,16.114654541015625,40205793
2012-06-04,SUZLON.NS,Suzlon Energy,Retail Hype / Turnaround,15.976922988891602,16.25238609313965,15.609637260437012,15.839189529418945,15.839189529418945,22824559
2012-06-05,SUZLON.NS,Suzlon Energy,Retail Hype / Turnaround,16.0228328704834,16.114654541015625,15.609637260437012,15.747368812561035,15.747368812561035,24326317
2012-06-06,SUZLON.NS,Suzlon Energy,Retail Hype / Turnaround,15.931012153625488,16.390119552612305,15.885101318359375,16.114654541015625,16.114654541015625,25001202
2012-06-07,SUZLON.NS,Suzlon Energy,Retail Hype / Turnaround,16.527851104736328,17.078779220581055,16.0228328704834,16.71149444580078,16.71149444580078,39642713
2012-06-08,SUZLON.NS,Suzlon Energy,Retail Hype / Turnaround,16.573762893676758,17.032869338989258,16.298297882080078,16.527851104736328,16.527851104736328,31170577
2012-06-11,SUZLON.NS,Suzlon Energy,Retail Hype / Turnaround,16.71149444580078,17.216510772705078,16.573762893676758,16.71149444580078,16.71149444580078,30124558
2012-06-12,SUZLON.NS,Suzlon Energy,Retail Hype / Turnaround,16.573762893676758,16.619672775268555,16.20647621154785,16.344207763671875,16.344207763671875,33217215
2012-06-13,SUZLON.NS,Suzlon Energy,Retail Hype / Turnaround,16.344207763671875,16.66558265686035,16.20647621154785,16.390119552612305,16.390119552612305,19691378
2012-06-14,SUZLON.NS,Suzlon Energy,Retail Hype / Turnaround,16.4819393157959,16.573762893676758,16.114654541015625,16.25238609313965,16.25238609313965,15221813
2012-06-15,SUZLON.NS,Suzlon Energy,Retail Hype / Turnaround,16.298297882080078,16.757404327392578,16.068744659423828,16.4819393157959,16.4819393157959,22179074
2012-06-18,SUZLON.NS,Suzlon Energy,Retail Hype / Turnaround,16.527851104736328,16.66558265686035,15.931012153625488,16.160564422607422,16.160564422607422,19816396
2012-06-19,SUZLON.NS,Suzlon Energy,Retail Hype / Turnaround,15.976922988891602,16.160564422607422,15.793279647827148,15.885101318359375,15.885101318359375,13044380
2012-06-20,SUZLON.NS,Suzlon Energy,Retail Hype / Turnaround,15.885101318359375,16.20647621154785,15.885101318359375,16.0228328704834,16.0228328704834,8626049
2012-06-21,SUZLON.NS,Suzlon Energy,Retail Hype / Turnaround,15.885101318359375,16.25238609313965,15.885101318359375,16.114654541015625,16.114654541015625,12931956
2012-06-22,SUZLON.NS,Suzlon Energy,Retail Hype / Turnaround,15.976922988891602,16.068744659423828,15.839189529418945,15.976922988891602,15.976922988891602,12935680
2012-06-25,SUZLON.NS,Suzlon Energy,Retail Hype / Turnaround,16.25238609313965,16.66558265686035,16.20647621154785,16.298297882080078,16.298297882080078,22662531
2012-06-26,SUZLON.NS,Suzlon Energy,Retail Hype / Turnaround,16.390119552612305,16.619672775268555,16.160564422607422,16.4360294342041,16.4360294342041,17626329
2012-06-27,SUZLON.NS,Suzlon Energy,Retail Hype / Turnaround,16.527851104736328,16.757404327392578,16.4360294342041,16.619672775268555,16.619672775268555,22408464
2012-06-28,SUZLON.NS,Suzlon Energy,Retail Hype / Turnaround,16.71149444580078,17.12468910217285,16.344207763671875,16.4819393157959,16.4819393157959,30998607
2012-06-29,SUZLON.NS,Suzlon Energy,Retail Hype / Turnaround,16.71149444580078,17.17060089111328,16.71149444580078,17.078779220581055,17.078779220581055,22562079
2012-07-02,SUZLON.NS,Suzlon Energy,Retail Hype / Turnaround,17.262422561645508,17.491975784301758,16.757404327392578,17.354244232177734,17.354244232177734,22584133
2012-07-03,SUZLON.NS,Suzlon Energy,Retail Hype / Turnaround,17.44606590270996,17.62970733642578,17.032869338989258,17.308332443237305,17.308332443237305,21605154
2012-07-04,SUZLON.NS,Suzlon Energy,Retail Hype / Turnaround,17.40015411376953,17.767440795898438,17.262422561645508,17.491975784301758,17.491975784301758,18750505
2012-07-05,SUZLON.NS,Suzlon Energy,Retail Hype / Turnaround,17.44606590270996,17.85926055908203,17.40015411376953,17.721529006958008,17.721529006958008,20688827
2012-07-06,SUZLON.NS,Suzlon Energy,Retail Hype / Turnaround,17.721529006958008,18.318368911743164,17.491975784301758,18.13472557067871,18.13472557067871,35258180
2012-07-09,SUZLON.NS,Suzlon Energy,Retail Hype / Turnaround,18.042903900146484,18.13472557067871,17.491975784301758,17.767440795898438,17.767440795898438,22745403
2012-07-10,SUZLON.NS,Suzlon Energy,Retail Hype / Turnaround,17.721529006958008,18.088815689086914,17.721529006958008,17.951082229614258,17.951082229614258,12449350
2012-07-11,SUZLON.NS,Suzlon Energy,Retail Hype / Turnaround,17.951082229614258,18.59383201599121,17.813350677490234,18.13472557067871,18.13472557067871,32710505
2012-07-12,SUZLON.NS,Suzlon Energy,Retail Hype / Turnaround,17.951082229614258,18.13472557067871,17.675617218017578,17.813350677490234,17.813350677490234,14597014
2012-07-13,SUZLON.NS,Suzlon Energy,Retail Hype / Turnaround,17.85926055908203,18.180635452270508,17.62970733642578,17.721529006958008,17.721529006958008,11012938
2012-07-16,SUZLON.NS,Suzlon Energy,Retail Hype / Turnaround,17.62970733642578,17.90517234802246,17.262422561645508,17.40015411376953,17.40015411376953,11268914
2012-07-17,SUZLON.NS,Suzlon Energy,Retail Hype / Turnaround,17.44606590270996,17.583797454833984,16.527851104736328,16.71149444580078,16.71149444580078,16114528
2012-07-18,SUZLON.NS,Suzlon Energy,Retail Hype / Turnaround,16.527851104736328,16.849225997924805,16.390119552612305,16.66558265686035,16.66558265686035,9977627
2012-07-19,SUZLON.NS,Suzlon Energy,Retail Hype / Turnaround,16.757404327392578,17.032869338989258,16.527851104736328,16.573762893676758,16.573762893676758,13264725
2012-07-20,SUZLON.NS,Suzlon Energy,Retail Hype / Turnaround,16.527851104736328,16.66558265686035,16.344207763671875,16.4360294342041,16.4360294342041,8574298
2012-07-23,SUZLON.NS,Suzlon Energy,Retail Hype / Turnaround,16.298297882080078,16.344207763671875,16.0228328704834,16.068744659423828,16.068744659423828,9556629
2012-07-24,SUZLON.NS,Suzlon Energy,Retail Hype / Turnaround,16.068744659423828,16.344207763671875,15.747368812561035,16.114654541015625,16.114654541015625,14745800
2012-07-25,SUZLON.NS,Suzlon Energy,Retail Hype / Turnaround,15.931012153625488,16.160564422607422,15.701457977294922,15.839189529418945,15.839189529418945,18719724
2012-07-26,SUZLON.NS,Suzlon Energy,Retail Hype / Turnaround,16.0228328704834,16.390119552612305,15.701457977294922,15.839189529418945,15.839189529418945,22839809
2012-07-27,SUZLON.NS,Suzlon Energy,Retail Hype / Turnaround,16.0228328704834,16.298297882080078,15.609637260437012,15.747368812561035,15.747368812561035,14824529
2012-07-30,SUZLON.NS,Suzlon Energy,Retail Hype / Turnaround,15.976922988891602,17.675617218017578,15.839189529418945,17.537885665893555,17.537885665893555,40242188
2012-07-31,SUZLON.NS,Suzlon Energy,Retail Hype / Turnaround,17.813350677490234,17.813350677490234,16.849225997924805,16.94104766845703,16.94104766845703,29528477
2012-08-01,SUZLON.NS,Suzlon Energy,Retail Hype / Turnaround,16.986957550048828,17.40015411376953,16.895137786865234,17.078779220581055,17.078779220581055,16417532
2012-08-02,SUZLON.NS,Suzlon Energy,Retail Hype / Turnaround,17.078779220581055,17.216510772705078,16.803314208984375,16.94104766845703,16.94104766845703,6909814
2012-08-03,SUZLON.NS,Suzlon Energy,Retail Hype / Turnaround,16.757404327392578,16.849225997924805,16.298297882080078,16.4360294342041,16.4360294342041,13617513
2012-08-06,SUZLON.NS,Suzlon Energy,Retail Hype / Turnaround,16.71149444580078,16.849225997924805,16.344207763671875,16.4360294342041,16.4360294342041,11925113
2012-08-07,SUZLON.NS,Suzlon Energy,Retail Hype / Turnaround,16.527851104736328,16.66558265686035,16.344207763671875,16.4360294342041,16.4360294342041,10204394
2012-08-08,SUZLON.NS,Suzlon Energy,Retail Hype / Turnaround,16.527851104736328,16.619672775268555,15.931012153625488,16.0228328704834,16.0228328704834,13601859
2012-08-09,SUZLON.NS,Suzlon Energy,Retail Hype / Turnaround,16.114654541015625,16.25238609313965,15.655548095703125,15.793279647827148,15.793279647827148,12880979
2012-08-10,SUZLON.NS,Suzlon Energy,Retail Hype / Turnaround,15.747368812561035,16.160564422607422,15.747368812561035,15.839189529418945,15.839189529418945,7660746
2012-08-13,SUZLON.NS,Suzlon Energy,Retail Hype / Turnaround,15.885101318359375,16.4819393157959,15.885101318359375,16.25238609313965,16.25238609313965,12136014
2012-08-14,SUZLON.NS,Suzlon Energy,Retail Hype / Turnaround,14.783244132995605,15.885101318359375,14.783244132995605,15.609637260437012,15.609637260437012,23833151
2012-08-16,SUZLON.NS,Suzlon Energy,Retail Hype / Turnaround,15.655548095703125,15.885101318359375,15.563726425170898,15.609637260437012,15.609637260437012,9010394
2012-08-17,SUZLON.NS,Suzlon Energy,Retail Hype / Turnaround,15.609637260437012,15.885101318359375,15.288262367248535,15.425993919372559,15.425993919372559,10370909
2012-08-21,SUZLON.NS,Suzlon Energy,Retail Hype / Turnaround,15.425993919372559,15.701457977294922,15.288262367248535,15.425993919372559,15.425993919372559,9177316
2012-08-22,SUZLON.NS,Suzlon Energy,Retail Hype / Turnaround,15.334173202514648,15.609637260437012,14.966887474060059,15.196440696716309,15.196440696716309,12931963
2012-08-23,SUZLON.NS,Suzlon Energy,Retail Hype / Turnaround,15.150529861450195,15.380083084106445,15.058709144592285,15.196440696716309,15.196440696716309,8360142
2012-08-24,SUZLON.NS,Suzlon Energy,Retail Hype / Turnaround,15.104619026184082,15.242350578308105,14.691423416137695,14.829154968261719,14.829154968261719,14813922
2012-08-27,SUZLON.NS,Suzlon Energy,Retail Hype / Turnaround,14.737334251403809,14.920976638793945,13.956851959228516,14.048672676086426,14.048672676086426,23363618
2012-08-28,SUZLON.NS,Suzlon Energy,Retail Hype / Turnaround,13.956851959228516,14.278226852416992,13.72729778289795,13.865030288696289,13.865030288696289,17802830
2012-08-29,SUZLON.NS,Suzlon Energy,Retail Hype / Turnaround,13.819120407104492,14.002762794494629,13.589566230773926,13.72729778289795,13.72729778289795,15802858
2012-08-30,SUZLON.NS,Suzlon Energy,Retail Hype / Turnaround,13.72729778289795,14.140495300292969,13.589566230773926,13.773208618164062,13.773208618164062,14226457
2012-08-31,SUZLON.NS,Suzlon Energy,Retail Hype / Turnaround,13.72729778289795,13.956851959228516,13.543656349182129,13.773208618164062,13.773208618164062,13949655
2012-09-03,SUZLON.NS,Suzlon Energy,Retail Hype / Turnaround,13.865030288696289,14.461870193481445,13.589566230773926,13.773208618164062,13.773208618164062,19576821
2012-09-04,SUZLON.NS,Suzlon Energy,Retail Hype / Turnaround,13.956851959228516,14.140495300292969,13.865030288696289,14.002762794494629,14.002762794494629,8833652
2012-09-05,SUZLON.NS,Suzlon Energy,Retail Hype / Turnaround,13.819120407104492,14.048672676086426,13.819120407104492,13.910941123962402,13.910941123962402,7034989
2012-09-06,SUZLON.NS,Suzlon Energy,Retail Hype / Turnaround,13.773208618164062,14.186405181884766,13.773208618164062,13.956851959228516,13.956851959228516,8025723
2012-09-07,SUZLON.NS,Suzlon Energy,Retail Hype / Turnaround,14.048672676086426,14.232316017150879,14.002762794494629,14.094584465026855,14.094584465026855,8677723
2012-09-10,SUZLON.NS,Suzlon Energy,Retail Hype / Turnaround,14.002762794494629,14.140495300292969,13.956851959228516,14.048672676086426,14.048672676086426,4646645
2012-09-11,SUZLON.NS,Suzlon Energy,Retail Hype / Turnaround,14.002762794494629,14.232316017150879,13.910941123962402,14.186405181884766,14.186405181884766,5550037
2012-09-12,SUZLON.NS,Suzlon Energy,Retail Hype / Turnaround,14.140495300292969,14.691423416137695,14.140495300292969,14.599601745605469,14.599601745605469,10244395
2012-09-13,SUZLON.NS,Suzlon Energy,Retail Hype / Turnaround,14.691423416137695,14.829154968261719,14.370047569274902,14.645511627197266,14.645511627197266,7606877
2012-09-14,SUZLON.NS,Suzlon Energy,Retail Hype / Turnaround,14.875065803527832,15.150529861450195,14.645511627197266,14.783244132995605,14.783244132995605,17788054
2012-09-17,SUZLON.NS,Suzlon Energy,Retail Hype / Turnaround,14.966887474060059,15.793279647827148,14.920976638793945,15.334173202514648,15.334173202514648,18582338
2012-09-18,SUZLON.NS,Suzlon Energy,Retail Hype / Turnaround,15.380083084106445,16.068744659423828,15.288262367248535,15.747368812561035,15.747368812561035,15149720
2012-09-20,SUZLON.NS,Suzlon Energy,Retail Hype / Turnaround,15.609637260437012,15.609637260437012,14.920976638793945,15.150529861450195,15.150529861450195,13934733
2012-09-21,SUZLON.NS,Suzlon Energy,Retail Hype / Turnaround,15.242350578308105,16.068744659423828,15.058709144592285,15.885101318359375,15.885101318359375,19015934
2012-09-24,SUZLON.NS,Suzlon Energy,Retail Hype / Turnaround,15.976922988891602,17.40015411376953,15.885101318359375,16.986957550048828,16.986957550048828,42138812
2012-09-25,SUZLON.NS,Suzlon Energy,Retail Hype / Turnaround,17.354244232177734,17.62970733642578,16.71149444580078,17.032869338989258,17.032869338989258,30369246
2012-09-26,SUZLON.NS,Suzlon Energy,Retail Hype / Turnaround,16.895137786865234,17.262422561645508,16.4360294342041,16.527851104736328,16.527851104736328,21442979
2012-09-27,SUZLON.NS,Suzlon Energy,Retail Hype / Turnaround,16.619672775268555,16.849225997924805,16.298297882080078,16.4360294342041,16.4360294342041,20785883
2012-09-28,SUZLON.NS,Suzlon Energy,Retail Hype / Turnaround,16.527851104736328,16.94104766845703,16.20647621154785,16.298297882080078,16.298297882080078,15120115
2012-10-01,SUZLON.NS,Suzlon Energy,Retail Hype / Turnaround,16.527851104736328,16.619672775268555,15.976922988891602,16.4819393157959,16.4819393157959,21499212
2012-10-03,SUZLON.NS,Suzlon Energy,Retail Hype / Turnaround,16.4819393157959,16.66558265686035,16.160564422607422,16.298297882080078,16.298297882080078,10630670
2012-10-04,SUZLON.NS,Suzlon Energy,Retail Hype / Turnaround,16.390119552612305,16.895137786865234,16.344207763671875,16.4360294342041,16.4360294342041,15635336
2012-10-05,SUZLON.NS,Suzlon Energy,Retail Hype / Turnaround,16.527851104736328,16.71149444580078,15.885101318359375,16.114654541015625,16.114654541015625,9671261
2012-10-08,SUZLON.NS,Suzlon Energy,Retail Hype / Turnaround,16.160564422607422,16.390119552612305,15.839189529418945,15.931012153625488,15.931012153625488,7110771
2012-10-09,SUZLON.NS,Suzlon Energy,Retail Hype / Turnaround,16.0228328704834,16.25238609313965,15.655548095703125,15.747368812561035,15.747368812561035,7426889
2012-10-10,SUZLON.NS,Suzlon Energy,Retail Hype / Turnaround,15.609637260437012,15.609637260437012,15.150529861450195,15.196440696716309,15.196440696716309,9968617
2012-10-11,SUZLON.NS,Suzlon Energy,Retail Hype / Turnaround,14.966887474060059,15.012798309326172,14.415959358215332,14.829154968261719,14.829154968261719,25143082
2012-10-12,SUZLON.NS,Suzlon Energy,Retail Hype / Turnaround,14.691423416137695,15.196440696716309,14.415959358215332,14.599601745605469,14.599601745605469,21606499
2012-10-15,SUZLON.NS,Suzlon Energy,Retail Hype / Turnaround,14.599601745605469,14.920976638793945,14.461870193481445,14.599601745605469,14.599601745605469,15005555
2012-10-16,SUZLON.NS,Suzlon Energy,Retail Hype / Turnaround,14.691423416137695,14.783244132995605,14.278226852416992,14.415959358215332,14.415959358215332,10429248
2012-10-17,SUZLON.NS,Suzlon Energy,Retail Hype / Turnaround,14.645511627197266,14.691423416137695,14.232316017150879,14.370047569274902,14.370047569274902,10574107
2012-10-18,SUZLON.NS,Suzlon Energy,Retail Hype / Turnaround,14.415959358215332,14.599601745605469,14.370047569274902,14.461870193481445,14.461870193481445,8324554
2012-10-19,SUZLON.NS,Suzlon Energy,Retail Hype / Turnaround,14.553690910339355,14.553690910339355,14.232316017150879,14.370047569274902,14.370047569274902,8691980
2012-10-22,SUZLON.NS,Suzlon Energy,Retail Hype / Turnaround,14.278226852416992,15.012798309326172,14.278226852416992,14.691423416137695,14.691423416137695,16885042
2012-10-23,SUZLON.NS,Suzlon Energy,Retail Hype / Turnaround,14.691423416137695,14.783244132995605,14.186405181884766,14.278226852416992,14.278226852416992,18884766
2012-10-25,SUZLON.NS,Suzlon Energy,Retail Hype / Turnaround,14.186405181884766,14.737334251403809,13.956851959228516,14.553690910339355,14.553690910339355,26683697
2012-10-29,SUZLON.NS,Suzlon Energy,Retail Hype / Turnaround,14.324136734008789,14.783244132995605,14.002762794494629,14.599601745605469,14.599601745605469,12050279
2012-10-30,SUZLON.NS,Suzlon Energy,Retail Hype / Turnaround,14.966887474060059,15.334173202514648,14.140495300292969,14.507780075073242,14.507780075073242,23916368
2012-10-31,SUZLON.NS,Suzlon Energy,Retail Hype / Turnaround,14.599601745605469,14.599601745605469,14.370047569274902,14.507780075073242,14.507780075073242,8122368
2012-11-01,SUZLON.NS,Suzlon Energy,Retail Hype / Turnaround,14.553690910339355,14.691423416137695,14.324136734008789,14.461870193481445,14.461870193481445,9438688
2012-11-02,SUZLON.NS,Suzlon Energy,Retail Hype / Turnaround,14.553690910339355,14.737334251403809,14.232316017150879,14.370047569274902,14.370047569274902,9258667
2012-11-05,SUZLON.NS,Suzlon Energy,Retail Hype / Turnaround,14.324136734008789,14.507780075073242,14.232316017150879,14.324136734008789,14.324136734008789,6583713
2012-11-06,SUZLON.NS,Suzlon Energy,Retail Hype / Turnaround,14.140495300292969,14.461870193481445,14.140495300292969,14.324136734008789,14.324136734008789,5473497
2012-11-07,SUZLON.NS,Suzlon Energy,Retail Hype / Turnaround,14.232316017150879,14.507780075073242,14.232316017150879,14.370047569274902,14.370047569274902,6629699
2012-11-08,SUZLON.NS,Suzlon Energy,Retail Hype / Turnaround,14.278226852416992,14.370047569274902,14.140495300292969,14.278226852416992,14.278226852416992,6258686
2012-11-09,SUZLON.NS,Suzlon Energy,Retail Hype / Turnaround,14.232316017150879,14.553690910339355,14.140495300292969,14.232316017150879,14.232316017150879,10701175
2012-11-12,SUZLON.NS,Suzlon Energy,Retail Hype / Turnaround,14.048672676086426,14.232316017150879,13.819120407104492,14.048672676086426,14.048672676086426,8364309
2012-11-15,SUZLON.NS,Suzlon Energy,Retail Hype / Turnaround,14.140495300292969,14.829154968261719,14.048672676086426,14.415959358215332,14.415959358215332,9944716
2012-11-16,SUZLON.NS,Suzlon Energy,Retail Hype / Turnaround,14.324136734008789,14.507780075073242,14.094584465026855,14.186405181884766,14.186405181884766,8859331
2012-11-19,SUZLON.NS,Suzlon Energy,Retail Hype / Turnaround,14.324136734008789,14.553690910339355,14.140495300292969,14.186405181884766,14.186405181884766,8019396
2012-11-20,SUZLON.NS,Suzlon Energy,Retail Hype / Turnaround,14.278226852416992,14.691423416137695,14.140495300292969,14.232316017150879,14.232316017150879,12743941
2012-11-21,SUZLON.NS,Suzlon Energy,Retail Hype / Turnaround,14.232316017150879,14.370047569274902,14.048672676086426,14.094584465026855,14.094584465026855,5966586
2012-11-22,SUZLON.NS,Suzlon Energy,Retail Hype / Turnaround,14.094584465026855,14.232316017150879,13.956851959228516,14.002762794494629,14.002762794494629,5728029
2012-11-23,SUZLON.NS,Suzlon Energy,Retail Hype / Turnaround,13.956851959228516,14.186405181884766,13.910941123962402,14.002762794494629,14.002762794494629,5740302
2012-11-26,SUZLON.NS,Suzlon Energy,Retail Hype / Turnaround,14.048672676086426,14.370047569274902,13.956851959228516,14.186405181884766,14.186405181884766,10905391
2012-11-27,SUZLON.NS,Suzlon Energy,Retail Hype / Turnaround,14.186405181884766,15.976922988891602,14.186405181884766,15.701457977294922,15.701457977294922,56062005
2012-11-29,SUZLON.NS,Suzlon Energy,Retail Hype / Turnaround,15.885101318359375,17.354244232177734,15.793279647827148,17.032869338989258,17.032869338989258,75146042
2012-11-30,SUZLON.NS,Suzlon Energy,Retail Hype / Turnaround,17.354244232177734,18.731563568115234,17.216510772705078,17.951082229614258,17.951082229614258,106431397
2012-12-03,SUZLON.NS,Suzlon Energy,Retail Hype / Turnaround,18.226547241210938,18.59383201599121,17.767440795898438,17.951082229614258,17.951082229614258,40146509
2012-12-04,SUZLON.NS,Suzlon Energy,Retail Hype / Turnaround,18.088815689086914,18.088815689086914,17.12468910217285,17.308332443237305,17.308332443237305,28040787
2012-12-05,SUZLON.NS,Suzlon Energy,Retail Hype / Turnaround,17.12468910217285,17.951082229614258,17.078779220581055,17.44606590270996,17.44606590270996,26198184
2012-12-06,SUZLON.NS,Suzlon Energy,Retail Hype / Turnaround,17.675617218017578,17.675617218017578,17.17060089111328,17.491975784301758,17.491975784301758,18215173
2012-12-07,SUZLON.NS,Suzlon Energy,Retail Hype / Turnaround,17.40015411376953,17.767440795898438,17.12468910217285,17.17060089111328,17.17060089111328,15553076
2012-12-10,SUZLON.NS,Suzlon Energy,Retail Hype / Turnaround,17.262422561645508,17.583797454833984,17.12468910217285,17.17060089111328,17.17060089111328,10557803
2012-12-11,SUZLON.NS,Suzlon Energy,Retail Hype / Turnaround,17.308332443237305,17.44606590270996,16.66558265686035,16.895137786865234,16.895137786865234,12593372
2012-12-12,SUZLON.NS,Suzlon Energy,Retail Hype / Turnaround,16.986957550048828,17.032869338989258,16.573762893676758,16.803314208984375,16.803314208984375,8462742
2012-12-13,SUZLON.NS,Suzlon Energy,Retail Hype / Turnaround,16.803314208984375,17.44606590270996,16.66558265686035,16.803314208984375,16.803314208984375,20900948
2012-12-14,SUZLON.NS,Suzlon Energy,Retail Hype / Turnaround,16.895137786865234,17.308332443237305,16.849225997924805,17.12468910217285,17.12468910217285,16109844
2012-12-17,SUZLON.NS,Suzlon Energy,Retail Hype / Turnaround,17.216510772705078,17.675617218017578,17.17060089111328,17.308332443237305,17.308332443237305,15053574
2012-12-18,SUZLON.NS,Suzlon Energy,Retail Hype / Turnaround,17.40015411376953,17.583797454833984,16.803314208984375,16.986957550048828,16.986957550048828,17742073
2012-12-19,SUZLON.NS,Suzlon Energy,Retail Hype / Turnaround,16.986957550048828,17.44606590270996,16.527851104736328,17.17060089111328,17.17060089111328,27489281
2012-12-20,SUZLON.NS,Suzlon Energy,Retail Hype / Turnaround,17.262422561645508,17.62970733642578,16.94104766845703,17.12468910217285,17.12468910217285,39802147
2012-12-21,SUZLON.NS,Suzlon Energy,Retail Hype / Turnaround,16.94104766845703,17.17060089111328,16.66558265686035,16.757404327392578,16.757404327392578,22730908
2012-12-24,SUZLON.NS,Suzlon Energy,Retail Hype / Turnaround,16.757404327392578,16.986957550048828,16.344207763671875,16.4360294342041,16.4360294342041,14518905
2012-12-26,SUZLON.NS,Suzlon Energy,Retail Hype / Turnaround,16.4819393157959,16.4819393157959,15.380083084106445,16.160564422607422,16.160564422607422,86020934
2012-12-27,SUZLON.NS,Suzlon Energy,Retail Hype / Turnaround,16.25238609313965,16.757404327392578,16.0228328704834,16.4819393157959,16.4819393157959,40382842
2012-12-28,SUZLON.NS,Suzlon Energy,Retail Hype / Turnaround,16.527851104736328,18.36427879333496,16.527851104736328,17.767440795898438,17.767440795898438,108719254
2012-12-31,SUZLON.NS,Suzlon Energy,Retail Hype / Turnaround,17.85926055908203,17.996992111206055,16.94104766845703,17.032869338989258,17.032869338989258,37205651
2013-01-01,SUZLON.NS,Suzlon Energy,Retail Hype / Turnaround,17.354244232177734,17.491975784301758,17.17060089111328,17.262422561645508,17.262422561645508,16238898
2013-01-02,SUZLON.NS,Suzlon Energy,Retail Hype / Turnaround,17.40015411376953,17.491975784301758,17.032869338989258,17.12468910217285,17.12468910217285,25997481
2013-01-03,SUZLON.NS,Suzlon Energy,Retail Hype / Turnaround,17.17060089111328,17.262422561645508,16.757404327392578,16.803314208984375,16.803314208984375,18713528
2013-01-04,SUZLON.NS,Suzlon Energy,Retail Hype / Turnaround,16.94104766845703,17.216510772705078,16.849225997924805,16.895137786865234,16.895137786865234,30175894
2013-01-07,SUZLON.NS,Suzlon Energy,Retail Hype / Turnaround,17.40015411376953,17.675617218017578,17.12468910217285,17.216510772705078,17.216510772705078,30931344
2013-01-08,SUZLON.NS,Suzlon Energy,Retail Hype / Turnaround,17.262422561645508,17.308332443237305,16.849225997924805,16.94104766845703,16.94104766845703,19529094
2013-01-09,SUZLON.NS,Suzlon Energy,Retail Hype / Turnaround,16.986957550048828,18.318368911743164,16.94104766845703,18.13472557067871,18.13472557067871,98131756
2013-01-10,SUZLON.NS,Suzlon Energy,Retail Hype / Turnaround,18.36427879333496,19.190671920776367,18.272457122802734,18.685653686523438,18.685653686523438,117813257
2013-01-11,SUZLON.NS,Suzlon Energy,Retail Hype / Turnaround,18.82338523864746,19.007028579711914,17.62970733642578,17.721529006958008,17.721529006958008,63828336
2013-01-14,SUZLON.NS,Suzlon Energy,Retail Hype / Turnaround,17.90517234802246,18.272457122802734,17.354244232177734,18.180635452270508,18.180635452270508,33277689
2013-01-15,SUZLON.NS,Suzlon Energy,Retail Hype / Turnaround,18.318368911743164,18.547922134399414,17.90517234802246,17.951082229614258,17.951082229614258,24713133
2013-01-16,SUZLON.NS,Suzlon Energy,Retail Hype / Turnaround,17.951082229614258,18.226547241210938,17.354244232177734,17.44606590270996,17.44606590270996,23965515
2013-01-17,SUZLON.NS,Suzlon Energy,Retail Hype / Turnaround,18.088815689086914,18.272457122802734,17.721529006958008,17.813350677490234,17.813350677490234,28848729
2013-01-18,SUZLON.NS,Suzlon Energy,Retail Hype / Turnaround,17.996992111206055,18.088815689086914,17.354244232177734,17.44606590270996,17.44606590270996,20033944
2013-01-21,SUZLON.NS,Suzlon Energy,Retail Hype / Turnaround,17.491975784301758,17.813350677490234,17.308332443237305,17.44606590270996,17.44606590270996,21853935
2013-01-22,SUZLON.NS,Suzlon Energy,Retail Hype / Turnaround,17.491975784301758,17.62970733642578,17.078779220581055,17.216510772705078,17.216510772705078,14530957
2013-01-23,SUZLON.NS,Suzlon Energy,Retail Hype / Turnaround,17.44606590270996,17.62970733642578,16.849225997924805,17.12468910217285,17.12468910217285,27939229
2013-01-24,SUZLON.NS,Suzlon Energy,Retail Hype / Turnaround,17.12468910217285,17.40015411376953,16.4360294342041,16.573762893676758,16.573762893676758,24031214
2013-01-25,SUZLON.NS,Suzlon Energy,Retail Hype / Turnaround,17.032869338989258,19.55795669555664,16.986957550048828,19.374313354492188,19.374313354492188,112372439
2013-01-28,SUZLON.NS,Suzlon Energy,Retail Hype / Turnaround,19.512046813964844,20.154796600341797,18.961118698120117,19.741600036621094,19.741600036621094,66744871
2013-01-29,SUZLON.NS,Suzlon Energy,Retail Hype / Turnaround,19.649778366088867,20.108884811401367,19.007028579711914,19.32840347290039,19.32840347290039,46640892
2013-01-30,SUZLON.NS,Suzlon Energy,Retail Hype / Turnaround,19.512046813964844,19.83342170715332,19.144760131835938,19.466136932373047,19.466136932373047,28527024
2013-01-31,SUZLON.NS,Suzlon Energy,Retail Hype / Turnaround,19.879331588745117,23.598098754882812,19.83342170715332,22.542152404785156,22.542152404785156,202128035
2013-02-01,SUZLON.NS,Suzlon Energy,Retail Hype / Turnaround,23.18490219116211,24.37858009338379,22.863527297973633,23.093080520629883,23.093080520629883,118825600
2013-02-04,SUZLON.NS,Suzlon Energy,Retail Hype / Turnaround,23.322633743286133,23.552188873291016,22.358509063720703,22.633974075317383,22.633974075317383,81576735
2013-02-05,SUZLON.NS,Suzlon Energy,Retail Hype / Turnaround,22.49624252319336,23.68992042541504,22.22077751159668,23.41445541381836,23.41445541381836,68730438
2013-02-06,SUZLON.NS,Suzlon Energy,Retail Hype / Turnaround,23.552188873291016,24.745866775512695,23.368545532226562,24.562223434448242,24.562223434448242,81883985
2013-02-07,SUZLON.NS,Suzlon Energy,Retail Hype / Turnaround,24.286758422851562,24.516311645507812,23.230812072753906,23.41445541381836,23.41445541381836,48971649
2013-02-08,SUZLON.NS,Suzlon Energy,Retail Hype / Turnaround,23.230812072753906,23.368545532226562,22.771705627441406,22.90943717956543,22.90943717956543,39606534
2013-02-11,SUZLON.NS,Suzlon Energy,Retail Hype / Turnaround,22.863527297973633,23.18490219116211,22.312599182128906,22.817617416381836,22.817617416381836,34909923
2013-02-12,SUZLON.NS,Suzlon Energy,Retail Hype / Turnaround,22.72579574584961,22.817617416381836,21.76167106628418,21.9453125,21.9453125,25725865
2013-02-13,SUZLON.NS,Suzlon Energy,Retail Hype / Turnaround,22.037134170532227,22.358509063720703,20.79754638671875,21.027099609375,21.027099609375,22137385
2013-02-14,SUZLON.NS,Suzlon Energy,Retail Hype / Turnaround,20.981189727783203,22.49624252319336,19.971153259277344,21.807580947875977,21.807580947875977,45815718
2013-02-15,SUZLON.NS,Suzlon Energy,Retail Hype / Turnaround,19.649778366088867,20.29252815246582,18.13472557067871,19.925243377685547,19.925243377685547,79641218
2013-02-18,SUZLON.NS,Suzlon Energy,Retail Hype / Turnaround,19.695688247680664,20.75163459777832,19.649778366088867,20.52208137512207,20.52208137512207,22537165
2013-02-19,SUZLON.NS,Suzlon Energy,Retail Hype / Turnaround,20.52208137512207,21.394384384155273,20.476171493530273,21.118921279907227,21.118921279907227,34070582
2013-02-20,SUZLON.NS,Suzlon Energy,Retail Hype / Turnaround,21.30256462097168,22.083044052124023,21.210742950439453,21.623937606811523,21.623937606811523,30490778
2013-02-21,SUZLON.NS,Suzlon Energy,Retail Hype / Turnaround,21.118921279907227,21.899402618408203,20.981189727783203,21.210742950439453,21.210742950439453,24543134
2013-02-22,SUZLON.NS,Suzlon Energy,Retail Hype / Turnaround,21.118921279907227,21.669849395751953,21.118921279907227,21.30256462097168,21.30256462097168,18374166
2013-02-25,SUZLON.NS,Suzlon Energy,Retail Hype / Turnaround,21.53211784362793,21.71575927734375,19.55795669555664,20.430259704589844,20.430259704589844,29932467
2013-02-26,SUZLON.NS,Suzlon Energy,Retail Hype / Turnaround,20.430259704589844,20.75163459777832,19.374313354492188,19.512046813964844,19.512046813964844,30238213
2013-02-27,SUZLON.NS,Suzlon Energy,Retail Hype / Turnaround,19.925243377685547,22.863527297973633,19.787511825561523,22.266687393188477,22.266687393188477,96113006
2013-02-28,SUZLON.NS,Suzlon Energy,Retail Hype / Turnaround,22.49624252319336,23.276723861694336,12.258155822753906,14.691423416137695,14.691423416137695,349335566
2013-03-01,SUZLON.NS,Suzlon Energy,Retail Hype / Turnaround,16.160564422607422,19.05293846130371,16.160564422607422,17.40015411376953,17.40015411376953,86486878
2013-03-04,SUZLON.NS,Suzlon Energy,Retail Hype / Turnaround,17.491975784301758,17.813350677490234,14.920976638793945,16.160564422607422,16.160564422607422,35501867
2013-03-05,SUZLON.NS,Suzlon Energy,Retail Hype / Turnaround,16.527851104736328,16.94104766845703,16.068744659423828,16.25238609313965,16.25238609313965,18087611
2013-03-06,SUZLON.NS,Suzlon Energy,Retail Hype / Turnaround,16.757404327392578,16.895137786865234,16.068744659423828,16.20647621154785,16.20647621154785,20500643
2013-03-07,SUZLON.NS,Suzlon Energy,Retail Hype / Turnaround,16.25238609313965,16.4360294342041,15.425993919372559,15.609637260437012,15.609637260437012,20603641
2013-03-08,SUZLON.NS,Suzlon Energy,Retail Hype / Turnaround,15.976922988891602,16.344207763671875,15.425993919372559,15.517815589904785,15.517815589904785,21690368
2013-03-11,SUZLON.NS,Suzlon Energy,Retail Hype / Turnaround,15.976922988891602,16.0228328704834,15.425993919372559,15.517815589904785,15.517815589904785,18780391
2013-03-12,SUZLON.NS,Suzlon Energy,Retail Hype / Turnaround,15.609637260437012,15.609637260437012,14.737334251403809,14.920976638793945,14.920976638793945,22728525
2013-03-13,SUZLON.NS,Suzlon Energy,Retail Hype / Turnaround,14.691423416137695,14.875065803527832,14.186405181884766,14.324136734008789,14.324136734008789,26847738
2013-03-14,SUZLON.NS,Suzlon Energy,Retail Hype / Turnaround,14.507780075073242,14.507780075073242,13.681387901306152,13.865030288696289,13.865030288696289,32463744
2013-03-15,SUZLON.NS,Suzlon Energy,Retail Hype / Turnaround,14.278226852416992,14.324136734008789,13.589566230773926,13.72729778289795,13.72729778289795,26853340
2013-03-18,SUZLON.NS,Suzlon Energy,Retail Hype / Turnaround,13.773208618164062,14.002762794494629,13.405922889709473,13.72729778289795,13.72729778289795,14010564
2013-03-19,SUZLON.NS,Suzlon Energy,Retail Hype / Turnaround,13.773208618164062,14.002762794494629,13.314102172851562,13.405922889709473,13.405922889709473,19530718
2013-03-20,SUZLON.NS,Suzlon Energy,Retail Hype / Turnaround,13.405922889709473,13.543656349182129,12.854994773864746,12.946816444396973,12.946816444396973,16714486
2013-03-21,SUZLON.NS,Suzlon Energy,Retail Hype / Turnaround,13.13045883178711,13.26819133758545,12.487709045410156,12.53361988067627,12.53361988067627,29451028
2013-03-22,SUZLON.NS,Suzlon Energy,Retail Hype / Turnaround,12.579530715942383,12.854994773864746,12.120424270629883,12.349976539611816,12.349976539611816,26914122
2013-03-25,SUZLON.NS,Suzlon Energy,Retail Hype / Turnaround,12.809083938598633,13.084548950195312,12.212244987487793,12.395888328552246,12.395888328552246,29225127
2013-03-26,SUZLON.NS,Suzlon Energy,Retail Hype / Turnaround,12.395888328552246,12.717263221740723,12.212244987487793,12.30406665802002,12.30406665802002,16732186
2013-03-28,SUZLON.NS,Suzlon Energy,Retail Hype / Turnaround,12.349976539611816,12.67135238647461,12.166335105895996,12.487709045410156,12.487709045410156,15530054
2013-04-01,SUZLON.NS,Suzlon Energy,Retail Hype / Turnaround,12.67135238647461,13.0386381149292,12.579530715942383,12.67135238647461,12.67135238647461,18232568
2013-04-02,SUZLON.NS,Suzlon Energy,Retail Hype / Turnaround,12.809083938598633,12.90090560913086,12.625441551208496,12.809083938598633,12.809083938598633,13494241
2013-04-03,SUZLON.NS,Suzlon Energy,Retail Hype / Turnaround,12.854994773864746,13.405922889709473,12.763174057006836,12.809083938598633,12.809083938598633,23972317
2013-04-04,SUZLON.NS,Suzlon Energy,Retail Hype / Turnaround,12.809083938598633,12.809083938598633,12.349976539611816,12.487709045410156,12.487709045410156,11415163
2013-04-05,SUZLON.NS,Suzlon Energy,Retail Hype / Turnaround,12.395888328552246,12.67135238647461,12.395888328552246,12.487709045410156,12.487709045410156,4941010
2013-04-08,SUZLON.NS,Suzlon Energy,Retail Hype / Turnaround,12.625441551208496,12.625441551208496,12.349976539611816,12.395888328552246,12.395888328552246,4602364
2013-04-09,SUZLON.NS,Suzlon Energy,Retail Hype / Turnaround,12.67135238647461,12.67135238647461,12.349976539611816,12.395888328552246,12.395888328552246,6514481
2013-04-10,SUZLON.NS,Suzlon Energy,Retail Hype / Turnaround,12.395888328552246,12.53361988067627,12.212244987487793,12.349976539611816,12.349976539611816,7736468
2013-04-11,SUZLON.NS,Suzlon Energy,Retail Hype / Turnaround,12.395888328552246,12.487709045410156,12.30406665802002,12.349976539611816,12.349976539611816,3683047
2013-04-12,SUZLON.NS,Suzlon Energy,Retail Hype / Turnaround,12.349976539611816,12.487709045410156,12.166335105895996,12.349976539611816,12.349976539611816,6850378
2013-04-15,SUZLON.NS,Suzlon Energy,Retail Hype / Turnaround,12.53361988067627,12.809083938598633,12.487709045410156,12.579530715942383,12.579530715942383,10239668
2013-04-16,SUZLON.NS,Suzlon Energy,Retail Hype / Turnaround,12.487709045410156,12.717263221740723,12.44179916381836,12.67135238647461,12.67135238647461,7308936
2013-04-17,SUZLON.NS,Suzlon Energy,Retail Hype / Turnaround,12.854994773864746,13.26819133758545,12.625441551208496,12.854994773864746,12.854994773864746,16543368
2013-04-18,SUZLON.NS,Suzlon Energy,Retail Hype / Turnaround,12.90090560913086,13.222281455993652,12.90090560913086,13.0386381149292,13.0386381149292,11427749
2013-04-22,SUZLON.NS,Suzlon Energy,Retail Hype / Turnaround,13.0386381149292,13.865030288696289,12.717263221740723,13.451833724975586,13.451833724975586,18807663
2013-04-23,SUZLON.NS,Suzlon Energy,Retail Hype / Turnaround,13.543656349182129,13.589566230773926,13.084548950195312,13.176369667053223,13.176369667053223,7631697
2013-04-25,SUZLON.NS,Suzlon Energy,Retail Hype / Turnaround,13.405922889709473,13.4977445602417,12.946816444396973,13.0386381149292,13.0386381149292,10505936
2013-04-26,SUZLON.NS,Suzlon Energy,Retail Hype / Turnaround,13.084548950195312,13.26819133758545,12.625441551208496,12.809083938598633,12.809083938598633,10333332
2013-04-29,SUZLON.NS,Suzlon Energy,Retail Hype / Turnaround,12.992727279663086,13.314102172851562,12.946816444396973,13.084548950195312,13.084548950195312,10700022
2013-04-30,SUZLON.NS,Suzlon Energy,Retail Hype / Turnaround,13.222281455993652,13.681387901306152,12.763174057006836,13.360013008117676,13.360013008117676,17720166
2013-05-02,SUZLON.NS,Suzlon Energy,Retail Hype / Turnaround,13.405922889709473,13.543656349182129,13.13045883178711,13.314102172851562,13.314102172851562,15025801
2013-05-03,SUZLON.NS,Suzlon Energy,Retail Hype / Turnaround,13.405922889709473,13.451833724975586,12.90090560913086,13.0386381149292,13.0386381149292,6137492
2013-05-06,SUZLON.NS,Suzlon Energy,Retail Hype / Turnaround,13.314102172851562,13.405922889709473,13.176369667053223,13.314102172851562,13.314102172851562,8899041
2013-05-07,SUZLON.NS,Suzlon Energy,Retail Hype / Turnaround,13.4977445602417,13.635477066040039,13.314102172851562,13.4977445602417,13.4977445602417,9857500
2013-05-08,SUZLON.NS,Suzlon Energy,Retail Hype / Turnaround,13.635477066040039,13.635477066040039,13.176369667053223,13.360013008117676,13.360013008117676,6638822
2013-05-09,SUZLON.NS,Suzlon Energy,Retail Hype / Turnaround,13.405922889709473,13.451833724975586,13.13045883178711,13.176369667053223,13.176369667053223,4050124
2013-05-10,SUZLON.NS,Suzlon Energy,Retail Hype / Turnaround,13.176369667053223,13.360013008117676,13.13045883178711,13.222281455993652,13.222281455993652,3033966
2013-05-13,SUZLON.NS,Suzlon Energy,Retail Hype / Turnaround,13.222281455993652,13.222281455993652,12.809083938598633,12.854994773864746,12.854994773864746,4738136
2013-05-14,SUZLON.NS,Suzlon Energy,Retail Hype / Turnaround,12.946816444396973,13.084548950195312,12.854994773864746,12.946816444396973,12.946816444396973,3541260
2013-05-15,SUZLON.NS,Suzlon Energy,Retail Hype / Turnaround,13.0386381149292,13.26819133758545,12.992727279663086,13.13045883178711,13.13045883178711,4392299
2013-05-16,SUZLON.NS,Suzlon Energy,Retail Hype / Turnaround,13.13045883178711,13.26819133758545,12.90090560913086,12.992727279663086,12.992727279663086,4029933
2013-05-17,SUZLON.NS,Suzlon Energy,Retail Hype / Turnaround,12.992727279663086,13.4977445602417,12.946816444396973,13.26819133758545,13.26819133758545,7056438
2013-05-20,SUZLON.NS,Suzlon Energy,Retail Hype / Turnaround,13.26819133758545,13.681387901306152,13.13045883178711,13.176369667053223,13.176369667053223,5587515
2013-05-21,SUZLON.NS,Suzlon Energy,Retail Hype / Turnaround,13.176369667053223,13.26819133758545,12.854994773864746,12.946816444396973,12.946816444396973,2680170
2013-05-22,SUZLON.NS,Suzlon Energy,Retail Hype / Turnaround,12.992727279663086,13.13045883178711,12.763174057006836,12.809083938598633,12.809083938598633,3150754
2013-05-23,SUZLON.NS,Suzlon Energy,Retail Hype / Turnaround,12.763174057006836,12.763174057006836,12.212244987487793,12.258155822753906,12.258155822753906,6686607
2013-05-24,SUZLON.NS,Suzlon Energy,Retail Hype / Turnaround,12.395888328552246,12.487709045410156,12.07451343536377,12.166335105895996,12.166335105895996,5940303
2013-05-27,SUZLON.NS,Suzlon Energy,Retail Hype / Turnaround,12.166335105895996,12.349976539611816,12.120424270629883,12.166335105895996,12.166335105895996,3500240
2013-05-28,SUZLON.NS,Suzlon Energy,Retail Hype / Turnaround,12.30406665802002,12.44179916381836,12.212244987487793,12.258155822753906,12.258155822753906,3551064
2013-05-29,SUZLON.NS,Suzlon Energy,Retail Hype / Turnaround,12.166335105895996,12.30406665802002,12.028602600097656,12.120424270629883,12.120424270629883,4355945
2013-05-30,SUZLON.NS,Suzlon Energy,Retail Hype / Turnaround,12.07451343536377,12.166335105895996,11.890870094299316,11.982691764831543,11.982691764831543,3363865
2013-05-31,SUZLON.NS,Suzlon Energy,Retail Hype / Turnaround,11.753137588500977,11.890870094299316,10.789013862609863,10.789013862609863,10.789013862609863,21317629
2013-06-03,SUZLON.NS,Suzlon Energy,Retail Hype / Turnaround,10.83492374420166,10.83492374420166,9.733068466186523,9.733068466186523,9.733068466186523,16026699
2013-06-04,SUZLON.NS,Suzlon Energy,Retail Hype / Turnaround,9.733068466186523,10.192174911499023,9.54942512512207,9.870800018310547,9.870800018310547,16707196
2013-06-05,SUZLON.NS,Suzlon Energy,Retail Hype / Turnaround,9.870800018310547,10.283995628356934,9.77897834777832,10.100353240966797,10.100353240966797,7477315
2013-06-06,SUZLON.NS,Suzlon Energy,Retail Hype / Turnaround,10.100353240966797,10.14626407623291,9.916709899902344,10.054442405700684,10.054442405700684,3912806
2013-06-07,SUZLON.NS,Suzlon Energy,Retail Hype / Turnaround,10.054442405700684,10.100353240966797,9.77897834777832,9.870800018310547,9.870800018310547,5631648
2013-06-10,SUZLON.NS,Suzlon Energy,Retail Hype / Turnaround,9.916709899902344,10.00853157043457,9.64124584197998,9.687156677246094,9.687156677246094,3974793
2013-06-11,SUZLON.NS,Suzlon Energy,Retail Hype / Turnaround,9.457603454589844,9.595335006713867,8.998496055603027,9.04440689086914,9.04440689086914,9154402
2013-06-12,SUZLON.NS,Suzlon Energy,Retail Hype / Turnaround,9.090317726135254,9.090317726135254,8.723031997680664,8.81485366821289,8.81485366821289,7132280
2013-06-13,SUZLON.NS,Suzlon Energy,Retail Hype / Turnaround,8.768942832946777,8.768942832946777,8.4475679397583,8.493478775024414,8.493478775024414,5983884
2013-06-14,SUZLON.NS,Suzlon Energy,Retail Hype / Turnaround,8.58530044555664,8.906675338745117,8.58530044555664,8.860763549804688,8.860763549804688,12907043
2013-06-17,SUZLON.NS,Suzlon Energy,Retail Hype / Turnaround,9.136228561401367,9.136228561401367,8.677122116088867,8.860763549804688,8.860763549804688,4467698
2013-06-18,SUZLON.NS,Suzlon Energy,Retail Hype / Turnaround,8.860763549804688,8.998496055603027,8.631211280822754,8.81485366821289,8.81485366821289,5087640
2013-06-19,SUZLON.NS,Suzlon Energy,Retail Hype / Turnaround,8.906675338745117,8.998496055603027,8.723031997680664,8.906675338745117,8.906675338745117,4185766
2013-06-20,SUZLON.NS,Suzlon Energy,Retail Hype / Turnaround,8.81485366821289,8.81485366821289,8.58530044555664,8.58530044555664,8.58530044555664,3811304
2013-06-21,SUZLON.NS,Suzlon Energy,Retail Hype / Turnaround,8.539388656616211,8.860763549804688,8.401657104492188,8.58530044555664,8.58530044555664,9309888
2013-06-24,SUZLON.NS,Suzlon Energy,Retail Hype / Turnaround,8.768942832946777,8.768942832946777,8.263924598693848,8.309836387634277,8.309836387634277,6257432
2013-06-25,SUZLON.NS,Suzlon Energy,Retail Hype / Turnaround,8.309836387634277,8.35574722290039,8.080282211303711,8.263924598693848,8.263924598693848,4962442
2013-06-26,SUZLON.NS,Suzlon Energy,Retail Hype / Turnaround,8.263924598693848,8.4475679397583,8.034372329711914,8.126193046569824,8.126193046569824,4153394
2013-06-27,SUZLON.NS,Suzlon Energy,Retail Hype / Turnaround,8.35574722290039,8.401657104492188,8.126193046569824,8.172103881835938,8.172103881835938,2475984
2013-06-28,SUZLON.NS,Suzlon Energy,Retail Hype / Turnaround,8.263924598693848,8.4475679397583,8.263924598693848,8.401657104492188,8.401657104492188,4975526
2013-07-01,SUZLON.NS,Suzlon Energy,Retail Hype / Turnaround,8.401657104492188,8.768942832946777,8.35574722290039,8.677122116088867,8.677122116088867,5886884
2013-07-02,SUZLON.NS,Suzlon Energy,Retail Hype / Turnaround,8.493478775024414,8.95258617401123,8.493478775024414,8.58530044555664,8.58530044555664,4544514
2013-07-03,SUZLON.NS,Suzlon Energy,Retail Hype / Turnaround,8.309836387634277,8.493478775024414,8.172103881835938,8.21801471710205,8.21801471710205,4047615
2013-07-04,SUZLON.NS,Suzlon Energy,Retail Hype / Turnaround,8.263924598693848,8.58530044555664,8.21801471710205,8.35574722290039,8.35574722290039,8091608
2013-07-05,SUZLON.NS,Suzlon Energy,Retail Hype / Turnaround,8.4475679397583,8.58530044555664,8.309836387634277,8.35574722290039,8.35574722290039,4446692
2013-07-08,SUZLON.NS,Suzlon Energy,Retail Hype / Turnaround,8.35574722290039,8.35574722290039,8.172103881835938,8.263924598693848,8.263924598693848,3311079
2013-07-09,SUZLON.NS,Suzlon Energy,Retail Hype / Turnaround,8.401657104492188,8.401657104492188,8.263924598693848,8.309836387634277,8.309836387634277,1905841
2013-07-10,SUZLON.NS,Suzlon Energy,Retail Hype / Turnaround,8.309836387634277,8.723031997680664,8.21801471710205,8.263924598693848,8.263924598693848,5030281
2013-07-11,SUZLON.NS,Suzlon Energy,Retail Hype / Turnaround,8.4475679397583,8.493478775024414,8.21801471710205,8.263924598693848,8.263924598693848,2755540
2013-07-12,SUZLON.NS,Suzlon Energy,Retail Hype / Turnaround,8.309836387634277,8.35574722290039,8.034372329711914,8.126193046569824,8.126193046569824,3030948
2013-07-15,SUZLON.NS,Suzlon Energy,Retail Hype / Turnaround,8.034372329711914,8.263924598693848,7.988461017608643,8.21801471710205,8.21801471710205,3866752
2013-07-16,SUZLON.NS,Suzlon Energy,Retail Hype / Turnaround,8.172103881835938,8.172103881835938,8.034372329711914,8.080282211303711,8.080282211303711,2892446
2013-07-17,SUZLON.NS,Suzlon Energy,Retail Hype / Turnaround,8.126193046569824,8.172103881835938,7.575264930725098,7.712996959686279,7.712996959686279,5568357
2013-07-18,SUZLON.NS,Suzlon Energy,Retail Hype / Turnaround,7.667086124420166,7.758907794952393,7.483442783355713,7.6211748123168945,7.6211748123168945,3421345
2013-07-19,SUZLON.NS,Suzlon Energy,Retail Hype / Turnaround,7.6211748123168945,7.667086124420166,7.391622066497803,7.437532901763916,7.437532901763916,3253775
2013-07-22,SUZLON.NS,Suzlon Energy,Retail Hype / Turnaround,7.3457112312316895,7.529354095458984,7.3457112312316895,7.391622066497803,7.391622066497803,2711720
2013-07-23,SUZLON.NS,Suzlon Energy,Retail Hype / Turnaround,7.391622066497803,7.529354095458984,7.391622066497803,7.391622066497803,7.391622066497803,2670671
2013-07-24,SUZLON.NS,Suzlon Energy,Retail Hype / Turnaround,7.3457112312316895,7.391622066497803,6.9325151443481445,7.207979202270508,7.207979202270508,5167756
2013-07-25,SUZLON.NS,Suzlon Energy,Retail Hype / Turnaround,7.162067890167236,7.253890037536621,7.024335861206055,7.070247173309326,7.070247173309326,3773911
2013-07-26,SUZLON.NS,Suzlon Energy,Retail Hype / Turnaround,7.162067890167236,7.162067890167236,6.886603832244873,6.9325151443481445,6.9325151443481445,3126916
2013-07-29,SUZLON.NS,Suzlon Energy,Retail Hype / Turnaround,6.9325151443481445,7.024335861206055,6.5652289390563965,6.61113977432251,6.61113977432251,4390429
2013-07-30,SUZLON.NS,Suzlon Energy,Retail Hype / Turnaround,6.61113977432251,6.61113977432251,6.289764881134033,6.381587028503418,6.381587028503418,4190444
2013-07-31,SUZLON.NS,Suzlon Energy,Retail Hype / Turnaround,6.381587028503418,6.657051086425781,5.784748077392578,6.381587028503418,6.381587028503418,21682466
2013-08-01,SUZLON.NS,Suzlon Energy,Retail Hype / Turnaround,6.978425979614258,6.978425979614258,6.24385404586792,6.427496910095215,6.427496910095215,7711400
2013-08-02,SUZLON.NS,Suzlon Energy,Retail Hype / Turnaround,6.473408222198486,6.5652289390563965,6.060212135314941,6.152032852172852,6.152032852172852,5377600
2013-08-05,SUZLON.NS,Suzlon Energy,Retail Hype / Turnaround,6.152032852172852,6.381587028503418,6.060212135314941,6.289764881134033,6.289764881134033,6036944
2013-08-06,SUZLON.NS,Suzlon Energy,Retail Hype / Turnaround,6.24385404586792,6.24385404586792,6.060212135314941,6.152032852172852,6.152032852172852,6102190
2013-08-07,SUZLON.NS,Suzlon Energy,Retail Hype / Turnaround,6.197944164276123,6.197944164276123,5.92248010635376,6.152032852172852,6.152032852172852,5460631
2013-08-08,SUZLON.NS,Suzlon Energy,Retail Hype / Turnaround,6.335676193237305,6.335676193237305,6.106122016906738,6.152032852172852,6.152032852172852,3477633
2013-08-12,SUZLON.NS,Suzlon Energy,Retail Hype / Turnaround,6.335676193237305,6.335676193237305,6.197944164276123,6.24385404586792,6.24385404586792,3779247
2013-08-13,SUZLON.NS,Suzlon Energy,Retail Hype / Turnaround,6.289764881134033,6.794783115386963,6.24385404586792,6.5193190574646,6.5193190574646,14066548
2013-08-14,SUZLON.NS,Suzlon Energy,Retail Hype / Turnaround,6.5193190574646,6.657051086425781,6.335676193237305,6.381587028503418,6.381587028503418,5323943
2013-08-16,SUZLON.NS,Suzlon Energy,Retail Hype / Turnaround,6.381587028503418,6.381587028503418,6.060212135314941,6.106122016906738,6.106122016906738,5501231
2013-08-19,SUZLON.NS,Suzlon Energy,Retail Hype / Turnaround,6.197944164276123,6.197944164276123,5.876568794250488,6.060212135314941,6.060212135314941,4996175
2013-08-20,SUZLON.NS,Suzlon Energy,Retail Hype / Turnaround,6.060212135314941,6.152032852172852,5.876568794250488,6.106122016906738,6.106122016906738,5158963
2013-08-21,SUZLON.NS,Suzlon Energy,Retail Hype / Turnaround,6.152032852172852,6.197944164276123,5.92248010635376,5.968389987945557,5.968389987945557,5591777
2013-08-22,SUZLON.NS,Suzlon Energy,Retail Hype / Turnaround,5.92248010635376,6.060212135314941,5.784748077392578,5.876568794250488,5.876568794250488,3562058
2013-08-23,SUZLON.NS,Suzlon Energy,Retail Hype / Turnaround,5.876568794250488,6.01430082321167,5.784748077392578,5.830657958984375,5.830657958984375,3621242
2013-08-26,SUZLON.NS,Suzlon Energy,Retail Hype / Turnaround,5.92248010635376,6.060212135314941,5.784748077392578,5.830657958984375,5.830657958984375,3327447
2013-08-27,SUZLON.NS,Suzlon Energy,Retail Hype / Turnaround,5.784748077392578,5.876568794250488,5.738836765289307,5.784748077392578,5.784748077392578,3745293
2013-08-28,SUZLON.NS,Suzlon Energy,Retail Hype / Turnaround,5.692925930023193,5.784748077392578,5.233819007873535,5.279729843139648,5.279729843139648,12471051
2013-08-29,SUZLON.NS,Suzlon Energy,Retail Hype / Turnaround,5.279729843139648,5.509283065795898,5.279729843139648,5.463373184204102,5.463373184204102,4031058
2013-08-30,SUZLON.NS,Suzlon Energy,Retail Hype / Turnaround,5.509283065795898,5.555193901062012,5.41746187210083,5.463373184204102,5.463373184204102,4460494
2013-09-02,SUZLON.NS,Suzlon Energy,Retail Hype / Turnaround,5.555193901062012,5.555193901062012,5.463373184204102,5.509283065795898,5.509283065795898,3672664
2013-09-03,SUZLON.NS,Suzlon Energy,Retail Hype / Turnaround,5.509283065795898,5.738836765289307,5.509283065795898,5.555193901062012,5.555193901062012,5633777
2013-09-04,SUZLON.NS,Suzlon Energy,Retail Hype / Turnaround,5.64701509475708,5.692925930023193,5.509283065795898,5.601105213165283,5.601105213165283,3541192
2013-09-05,SUZLON.NS,Suzlon Energy,Retail Hype / Turnaround,5.738836765289307,5.968389987945557,5.64701509475708,5.784748077392578,5.784748077392578,6548213
2013-09-06,SUZLON.NS,Suzlon Energy,Retail Hype / Turnaround,5.876568794250488,5.92248010635376,5.692925930023193,5.738836765289307,5.738836765289307,4198300
2013-09-10,SUZLON.NS,Suzlon Energy,Retail Hype / Turnaround,5.92248010635376,5.92248010635376,5.738836765289307,5.830657958984375,5.830657958984375,6619818
2013-09-11,SUZLON.NS,Suzlon Energy,Retail Hype / Turnaround,5.830657958984375,6.106122016906738,5.784748077392578,5.876568794250488,5.876568794250488,10448028
2013-09-12,SUZLON.NS,Suzlon Energy,Retail Hype / Turnaround,5.968389987945557,6.24385404586792,5.876568794250488,6.106122016906738,6.106122016906738,17698455
2013-09-13,SUZLON.NS,Suzlon Energy,Retail Hype / Turnaround,6.197944164276123,6.381587028503418,6.060212135314941,6.24385404586792,6.24385404586792,14563192
2013-09-16,SUZLON.NS,Suzlon Energy,Retail Hype / Turnaround,6.427496910095215,6.427496910095215,6.01430082321167,6.01430082321167,6.01430082321167,6946392
2013-09-17,SUZLON.NS,Suzlon Energy,Retail Hype / Turnaround,6.060212135314941,6.152032852172852,5.738836765289307,5.876568794250488,5.876568794250488,6635659
2013-09-18,SUZLON.NS,Suzlon Energy,Retail Hype / Turnaround,5.968389987945557,6.106122016906738,5.876568794250488,6.01430082321167,6.01430082321167,7507232
2013-09-19,SUZLON.NS,Suzlon Energy,Retail Hype / Turnaround,6.197944164276123,6.381587028503418,6.152032852172852,6.24385404586792,6.24385404586792,11904094
2013-09-20,SUZLON.NS,Suzlon Energy,Retail Hype / Turnaround,6.289764881134033,6.289764881134033,5.830657958984375,5.92248010635376,5.92248010635376,8886490
2013-09-23,SUZLON.NS,Suzlon Energy,Retail Hype / Turnaround,5.876568794250488,5.92248010635376,5.738836765289307,5.876568794250488,5.876568794250488,3259726
2013-09-24,SUZLON.NS,Suzlon Energy,Retail Hype / Turnaround,5.876568794250488,6.01430082321167,5.830657958984375,5.968389987945557,5.968389987945557,3272492
2013-09-25,SUZLON.NS,Suzlon Energy,Retail Hype / Turnaround,5.784748077392578,6.106122016906738,5.784748077392578,6.01430082321167,6.01430082321167,3717525
2013-09-26,SUZLON.NS,Suzlon Energy,Retail Hype / Turnaround,6.01430082321167,6.106122016906738,5.968389987945557,6.060212135314941,6.060212135314941,3536416
2013-09-27,SUZLON.NS,Suzlon Energy,Retail Hype / Turnaround,6.060212135314941,6.152032852172852,5.968389987945557,6.01430082321167,6.01430082321167,2913215
2013-09-30,SUZLON.NS,Suzlon Energy,Retail Hype / Turnaround,6.01430082321167,6.060212135314941,5.876568794250488,6.01430082321167,6.01430082321167,3097508
2013-10-01,SUZLON.NS,Suzlon Energy,Retail Hype / Turnaround,6.01430082321167,6.060212135314941,5.968389987945557,5.968389987945557,5.968389987945557,2089797
2013-10-03,SUZLON.NS,Suzlon Energy,Retail Hype / Turnaround,6.01430082321167,6.106122016906738,5.968389987945557,6.060212135314941,6.060212135314941,2866575
2013-10-04,SUZLON.NS,Suzlon Energy,Retail Hype / Turnaround,6.060212135314941,6.106122016906738,5.968389987945557,5.968389987945557,5.968389987945557,2476085
2013-10-07,SUZLON.NS,Suzlon Energy,Retail Hype / Turnaround,5.968389987945557,6.152032852172852,5.876568794250488,6.060212135314941,6.060212135314941,3298413
2013-10-08,SUZLON.NS,Suzlon Energy,Retail Hype / Turnaround,6.106122016906738,6.473408222198486,6.01430082321167,6.24385404586792,6.24385404586792,6653395
2013-10-09,SUZLON.NS,Suzlon Energy,Retail Hype / Turnaround,6.289764881134033,6.840693950653076,6.152032852172852,6.381587028503418,6.381587028503418,22757137
2013-10-10,SUZLON.NS,Suzlon Energy,Retail Hype / Turnaround,6.427496910095215,6.5652289390563965,6.24385404586792,6.381587028503418,6.381587028503418,12552316
2013-10-11,SUZLON.NS,Suzlon Energy,Retail Hype / Turnaround,6.473408222198486,6.61113977432251,6.289764881134033,6.381587028503418,6.381587028503418,8505094
2013-10-14,SUZLON.NS,Suzlon Energy,Retail Hype / Turnaround,6.473408222198486,6.840693950653076,6.427496910095215,6.702960968017578,6.702960968017578,9487037
2013-10-15,SUZLON.NS,Suzlon Energy,Retail Hype / Turnaround,6.886603832244873,6.978425979614258,6.61113977432251,6.794783115386963,6.794783115386963,8192423
2013-10-17,SUZLON.NS,Suzlon Energy,Retail Hype / Turnaround,6.886603832244873,7.024335861206055,6.702960968017578,6.9325151443481445,6.9325151443481445,8691457
2013-10-18,SUZLON.NS,Suzlon Energy,Retail Hype / Turnaround,6.978425979614258,7.162067890167236,6.9325151443481445,7.070247173309326,7.070247173309326,6524197
2013-10-21,SUZLON.NS,Suzlon Energy,Retail Hype / Turnaround,7.1161580085754395,7.758907794952393,7.070247173309326,7.758907794952393,7.758907794952393,22332018
2013-10-22,SUZLON.NS,Suzlon Energy,Retail Hype / Turnaround,8.080282211303711,8.493478775024414,8.034372329711914,8.493478775024414,8.493478775024414,13442050
2013-10-23,SUZLON.NS,Suzlon Energy,Retail Hype / Turnaround,8.906675338745117,8.906675338745117,8.768942832946777,8.906675338745117,8.906675338745117,5607463
2013-10-24,SUZLON.NS,Suzlon Energy,Retail Hype / Turnaround,9.090317726135254,9.319870948791504,8.723031997680664,9.319870948791504,9.319870948791504,17574591
2013-10-25,SUZLON.NS,Suzlon Energy,Retail Hype / Turnaround,9.595335006713867,9.77897834777832,9.54942512512207,9.77897834777832,9.77897834777832,3653944
2013-10-28,SUZLON.NS,Suzlon Energy,Retail Hype / Turnaround,10.23808479309082,10.23808479309082,10.23808479309082,10.23808479309082,10.23808479309082,1563081
2013-10-29,SUZLON.NS,Suzlon Energy,Retail Hype / Turnaround,10.74310302734375,10.74310302734375,9.733068466186523,9.733068466186523,9.733068466186523,11431954
2013-10-30,SUZLON.NS,Suzlon Energy,Retail Hype / Turnaround,9.273961067199707,9.273961067199707,9.273961067199707,9.273961067199707,9.273961067199707,1396667
2013-10-31,SUZLON.NS,Suzlon Energy,Retail Hype / Turnaround,9.090317726135254,9.273961067199707,8.81485366821289,8.81485366821289,8.81485366821289,28602010
2013-11-01,SUZLON.NS,Suzlon Energy,Retail Hype / Turnaround,8.4475679397583,9.228050231933594,8.401657104492188,9.04440689086914,9.04440689086914,34623073
2013-11-05,SUZLON.NS,Suzlon Energy,Retail Hype / Turnaround,9.228050231933594,9.503514289855957,8.81485366821289,9.365781784057617,9.365781784057617,9905100
2013-11-06,SUZLON.NS,Suzlon Energy,Retail Hype / Turnaround,9.273961067199707,9.54942512512207,9.136228561401367,9.136228561401367,9.136228561401367,6094800
2013-11-07,SUZLON.NS,Suzlon Energy,Retail Hype / Turnaround,9.18213939666748,9.365781784057617,8.723031997680664,8.81485366821289,8.81485366821289,4731224
2013-11-08,SUZLON.NS,Suzlon Energy,Retail Hype / Turnaround,8.81485366821289,8.860763549804688,8.35574722290039,8.4475679397583,8.4475679397583,5810140
2013-11-11,SUZLON.NS,Suzlon Energy,Retail Hype / Turnaround,8.263924598693848,8.493478775024414,8.172103881835938,8.21801471710205,8.21801471710205,4279929
2013-11-12,SUZLON.NS,Suzlon Energy,Retail Hype / Turnaround,8.080282211303711,8.35574722290039,7.896639823913574,7.942550182342529,7.942550182342529,5130882
2013-11-13,SUZLON.NS,Suzlon Energy,Retail Hype / Turnaround,7.804818153381348,7.942550182342529,7.575264930725098,7.6211748123168945,7.6211748123168945,4961051
2013-11-14,SUZLON.NS,Suzlon Energy,Retail Hype / Turnaround,7.575264930725098,8.35574722290039,7.575264930725098,8.35574722290039,8.35574722290039,8135996
2013-11-18,SUZLON.NS,Suzlon Energy,Retail Hype / Turnaround,8.723031997680664,9.18213939666748,8.723031997680664,9.18213939666748,9.18213939666748,10099017
2013-11-19,SUZLON.NS,Suzlon Energy,Retail Hype / Turnaround,9.595335006713867,9.824889183044434,8.768942832946777,9.090317726135254,9.090317726135254,15071276
2013-11-20,SUZLON.NS,Suzlon Energy,Retail Hype / Turnaround,9.090317726135254,9.365781784057617,8.906675338745117,8.95258617401123,8.95258617401123,6858031
2013-11-21,SUZLON.NS,Suzlon Energy,Retail Hype / Turnaround,8.95258617401123,9.273961067199707,8.677122116088867,8.95258617401123,8.95258617401123,6964883
2013-11-22,SUZLON.NS,Suzlon Energy,Retail Hype / Turnaround,9.04440689086914,9.273961067199707,8.81485366821289,8.906675338745117,8.906675338745117,4997288
2013-11-25,SUZLON.NS,Suzlon Energy,Retail Hype / Turnaround,8.95258617401123,9.136228561401367,8.860763549804688,8.906675338745117,8.906675338745117,4113424
2013-11-26,SUZLON.NS,Suzlon Energy,Retail Hype / Turnaround,8.95258617401123,9.04440689086914,8.539388656616211,8.58530044555664,8.58530044555664,4972026
2013-11-27,SUZLON.NS,Suzlon Energy,Retail Hype / Turnaround,8.58530044555664,8.768942832946777,8.172103881835938,8.401657104492188,8.401657104492188,6096871
2013-11-28,SUZLON.NS,Suzlon Energy,Retail Hype / Turnaround,8.401657104492188,9.228050231933594,8.35574722290039,9.136228561401367,9.136228561401367,17177455
2013-11-29,SUZLON.NS,Suzlon Energy,Retail Hype / Turnaround,9.365781784057617,9.41169261932373,8.906675338745117,9.04440689086914,9.04440689086914,9910168
2013-12-02,SUZLON.NS,Suzlon Energy,Retail Hype / Turnaround,9.136228561401367,9.18213939666748,8.906675338745117,8.998496055603027,8.998496055603027,3838487
2013-12-03,SUZLON.NS,Suzlon Energy,Retail Hype / Turnaround,8.95258617401123,9.273961067199707,8.906675338745117,8.95258617401123,8.95258617401123,6584667
2013-12-04,SUZLON.NS,Suzlon Energy,Retail Hype / Turnaround,8.95258617401123,9.136228561401367,8.81485366821289,8.95258617401123,8.95258617401123,4276181
2013-12-05,SUZLON.NS,Suzlon Energy,Retail Hype / Turnaround,9.136228561401367,9.136228561401367,8.860763549804688,8.906675338745117,8.906675338745117,3427601
2013-12-06,SUZLON.NS,Suzlon Energy,Retail Hype / Turnaround,9.04440689086914,9.090317726135254,8.81485366821289,8.860763549804688,8.860763549804688,3346181
2013-12-09,SUZLON.NS,Suzlon Energy,Retail Hype / Turnaround,9.136228561401367,9.18213939666748,8.860763549804688,8.906675338745117,8.906675338745117,3449083
2013-12-10,SUZLON.NS,Suzlon Energy,Retail Hype / Turnaround,8.860763549804688,8.906675338745117,8.493478775024414,8.677122116088867,8.677122116088867,4049934
2013-12-11,SUZLON.NS,Suzlon Energy,Retail Hype / Turnaround,8.631211280822754,9.319870948791504,8.493478775024414,9.18213939666748,9.18213939666748,15291422
2013-12-12,SUZLON.NS,Suzlon Energy,Retail Hype / Turnaround,9.136228561401367,9.136228561401367,8.860763549804688,8.906675338745117,8.906675338745117,3930672
2013-12-13,SUZLON.NS,Suzlon Energy,Retail Hype / Turnaround,8.906675338745117,9.228050231933594,8.58530044555664,8.631211280822754,8.631211280822754,10876987
2013-12-16,SUZLON.NS,Suzlon Energy,Retail Hype / Turnaround,8.631211280822754,8.723031997680664,8.4475679397583,8.539388656616211,8.539388656616211,4613818
2013-12-17,SUZLON.NS,Suzlon Energy,Retail Hype / Turnaround,8.58530044555664,8.723031997680664,8.4475679397583,8.493478775024414,8.493478775024414,3694803
2013-12-18,SUZLON.NS,Suzlon Energy,Retail Hype / Turnaround,8.539388656616211,8.677122116088867,8.493478775024414,8.58530044555664,8.58530044555664,2590988
2013-12-19,SUZLON.NS,Suzlon Energy,Retail Hype / Turnaround,8.723031997680664,8.906675338745117,8.58530044555664,8.81485366821289,8.81485366821289,6329264
2013-12-20,SUZLON.NS,Suzlon Energy,Retail Hype / Turnaround,8.906675338745117,9.365781784057617,8.631211280822754,9.228050231933594,9.228050231933594,11050853
2013-12-23,SUZLON.NS,Suzlon Energy,Retail Hype / Turnaround,9.228050231933594,9.319870948791504,9.090317726135254,9.136228561401367,9.136228561401367,5608984
2013-12-24,SUZLON.NS,Suzlon Energy,Retail Hype / Turnaround,9.18213939666748,9.319870948791504,8.998496055603027,9.228050231933594,9.228050231933594,5063336
2013-12-26,SUZLON.NS,Suzlon Energy,Retail Hype / Turnaround,9.18213939666748,10.14626407623291,9.090317726135254,10.054442405700684,10.054442405700684,29206200
2013-12-27,SUZLON.NS,Suzlon Energy,Retail Hype / Turnaround,10.054442405700684,10.329907417297363,9.595335006713867,9.687156677246094,9.687156677246094,12600378
2013-12-30,SUZLON.NS,Suzlon Energy,Retail Hype / Turnaround,9.77897834777832,9.870800018310547,9.54942512512207,9.595335006713867,9.595335006713867,5292132
2013-12-31,SUZLON.NS,Suzlon Energy,Retail Hype / Turnaround,9.64124584197998,9.733068466186523,9.41169261932373,9.457603454589844,9.457603454589844,3674281
2014-01-01,SUZLON.NS,Suzlon Energy,Retail Hype / Turnaround,9.595335006713867,10.37581729888916,9.503514289855957,10.37581729888916,10.37581729888916,11095922
2014-01-02,SUZLON.NS,Suzlon Energy,Retail Hype / Turnaround,10.37581729888916,10.697192192077637,9.54942512512207,9.687156677246094,9.687156677246094,24812140
2014-01-03,SUZLON.NS,Suzlon Energy,Retail Hype / Turnaround,9.733068466186523,10.054442405700684,9.595335006713867,9.962620735168457,9.962620735168457,6820393
2014-01-06,SUZLON.NS,Suzlon Energy,Retail Hype / Turnaround,10.100353240966797,10.283995628356934,9.870800018310547,10.100353240966797,10.100353240966797,7882632
2014-01-07,SUZLON.NS,Suzlon Energy,Retail Hype / Turnaround,10.100353240966797,11.064477920532227,10.054442405700684,10.697192192077637,10.697192192077637,33810929
2014-01-08,SUZLON.NS,Suzlon Energy,Retail Hype / Turnaround,10.97265625,11.294031143188477,10.74310302734375,10.83492374420166,10.83492374420166,20570480
2014-01-09,SUZLON.NS,Suzlon Energy,Retail Hype / Turnaround,11.202210426330566,11.202210426330566,10.467638969421387,10.513548851013184,10.513548851013184,9840000
2014-01-10,SUZLON.NS,Suzlon Energy,Retail Hype / Turnaround,10.559459686279297,10.789013862609863,10.23808479309082,10.329907417297363,10.329907417297363,7096675
2014-01-13,SUZLON.NS,Suzlon Energy,Retail Hype / Turnaround,10.192174911499023,10.513548851013184,10.192174911499023,10.283995628356934,10.283995628356934,6674847
2014-01-14,SUZLON.NS,Suzlon Energy,Retail Hype / Turnaround,10.283995628356934,10.329907417297363,10.00853157043457,10.054442405700684,10.054442405700684,4253791
2014-01-15,SUZLON.NS,Suzlon Energy,Retail Hype / Turnaround,10.100353240966797,10.421728134155273,10.054442405700684,10.14626407623291,10.14626407623291,5044678
2014-01-16,SUZLON.NS,Suzlon Energy,Retail Hype / Turnaround,10.14626407623291,10.23808479309082,9.870800018310547,9.916709899902344,9.916709899902344,3904574
2014-01-17,SUZLON.NS,Suzlon Energy,Retail Hype / Turnaround,9.916709899902344,10.00853157043457,9.64124584197998,9.64124584197998,9.64124584197998,4636086
2014-01-20,SUZLON.NS,Suzlon Energy,Retail Hype / Turnaround,9.687156677246094,9.962620735168457,9.64124584197998,9.733068466186523,9.733068466186523,3803850
2014-01-21,SUZLON.NS,Suzlon Energy,Retail Hype / Turnaround,9.77897834777832,10.467638969421387,9.77897834777832,10.329907417297363,10.329907417297363,16318530
2014-01-22,SUZLON.NS,Suzlon Energy,Retail Hype / Turnaround,10.421728134155273,10.605371475219727,10.329907417297363,10.37581729888916,10.37581729888916,7671971
2014-01-23,SUZLON.NS,Suzlon Energy,Retail Hype / Turnaround,10.192174911499023,10.329907417297363,10.00853157043457,10.054442405700684,10.054442405700684,4207989
2014-01-24,SUZLON.NS,Suzlon Energy,Retail Hype / Turnaround,10.00853157043457,10.054442405700684,9.77897834777832,9.870800018310547,9.870800018310547,3995787
2014-01-27,SUZLON.NS,Suzlon Energy,Retail Hype / Turnaround,9.687156677246094,9.77897834777832,9.365781784057617,9.41169261932373,9.41169261932373,4928670
2014-01-28,SUZLON.NS,Suzlon Energy,Retail Hype / Turnaround,9.41169261932373,9.733068466186523,8.539388656616211,8.95258617401123,8.95258617401123,11881550
2014-01-29,SUZLON.NS,Suzlon Energy,Retail Hype / Turnaround,9.090317726135254,9.503514289855957,9.04440689086914,9.228050231933594,9.228050231933594,7162031
2014-01-30,SUZLON.NS,Suzlon Energy,Retail Hype / Turnaround,9.090317726135254,9.18213939666748,8.906675338745117,8.95258617401123,8.95258617401123,3771074
2014-01-31,SUZLON.NS,Suzlon Energy,Retail Hype / Turnaround,9.136228561401367,9.824889183044434,9.136228561401367,9.824889183044434,9.824889183044434,12169201
2014-02-03,SUZLON.NS,Suzlon Energy,Retail Hype / Turnaround,9.870800018310547,10.467638969421387,9.824889183044434,10.14626407623291,10.14626407623291,13039742
2014-02-04,SUZLON.NS,Suzlon Energy,Retail Hype / Turnaround,9.916709899902344,10.65128231048584,9.870800018310547,10.559459686279297,10.559459686279297,11548309
2014-02-05,SUZLON.NS,Suzlon Energy,Retail Hype / Turnaround,10.559459686279297,10.83492374420166,10.421728134155273,10.513548851013184,10.513548851013184,9136919
2014-02-06,SUZLON.NS,Suzlon Energy,Retail Hype / Turnaround,10.467638969421387,10.65128231048584,10.192174911499023,10.421728134155273,10.421728134155273,8261085
2014-02-07,SUZLON.NS,Suzlon Energy,Retail Hype / Turnaround,10.513548851013184,10.605371475219727,10.192174911499023,10.329907417297363,10.329907417297363,4565508
2014-02-10,SUZLON.NS,Suzlon Energy,Retail Hype / Turnaround,10.37581729888916,10.559459686279297,10.054442405700684,10.100353240966797,10.100353240966797,3825280
2014-02-11,SUZLON.NS,Suzlon Energy,Retail Hype / Turnaround,10.14626407623291,10.192174911499023,10.00853157043457,10.054442405700684,10.054442405700684,2547529
2014-02-12,SUZLON.NS,Suzlon Energy,Retail Hype / Turnaround,10.14626407623291,10.329907417297363,10.054442405700684,10.23808479309082,10.23808479309082,4059701
2014-02-13,SUZLON.NS,Suzlon Energy,Retail Hype / Turnaround,10.14626407623291,10.37581729888916,10.00853157043457,10.14626407623291,10.14626407623291,4225023
2014-02-14,SUZLON.NS,Suzlon Energy,Retail Hype / Turnaround,10.14626407623291,10.329907417297363,9.916709899902344,10.054442405700684,10.054442405700684,3218440
2014-02-17,SUZLON.NS,Suzlon Energy,Retail Hype / Turnaround,9.870800018310547,9.870800018310547,9.136228561401367,9.595335006713867,9.595335006713867,7581666
2014-02-18,SUZLON.NS,Suzlon Energy,Retail Hype / Turnaround,9.457603454589844,9.64124584197998,9.319870948791504,9.365781784057617,9.365781784057617,3878444
2014-02-19,SUZLON.NS,Suzlon Energy,Retail Hype / Turnaround,9.273961067199707,9.503514289855957,9.273961067199707,9.319870948791504,9.319870948791504,2601611
2014-02-20,SUZLON.NS,Suzlon Energy,Retail Hype / Turnaround,9.273961067199707,9.457603454589844,9.273961067199707,9.273961067199707,9.273961067199707,1684231
2014-02-21,SUZLON.NS,Suzlon Energy,Retail Hype / Turnaround,9.319870948791504,9.503514289855957,9.273961067199707,9.319870948791504,9.319870948791504,2729550
2014-02-24,SUZLON.NS,Suzlon Energy,Retail Hype / Turnaround,9.273961067199707,9.41169261932373,9.228050231933594,9.365781784057617,9.365781784057617,2522412
2014-02-25,SUZLON.NS,Suzlon Energy,Retail Hype / Turnaround,9.41169261932373,9.54942512512207,9.365781784057617,9.41169261932373,9.41169261932373,1849939
2014-02-26,SUZLON.NS,Suzlon Energy,Retail Hype / Turnaround,9.365781784057617,9.54942512512207,9.365781784057617,9.41169261932373,9.41169261932373,2626144
2014-02-28,SUZLON.NS,Suzlon Energy,Retail Hype / Turnaround,9.365781784057617,9.503514289855957,9.18213939666748,9.273961067199707,9.273961067199707,2191858
2014-03-03,SUZLON.NS,Suzlon Energy,Retail Hype / Turnaround,9.18213939666748,9.457603454589844,9.136228561401367,9.18213939666748,9.18213939666748,2895938
2014-03-04,SUZLON.NS,Suzlon Energy,Retail Hype / Turnaround,9.18213939666748,9.687156677246094,9.18213939666748,9.457603454589844,9.457603454589844,5099107
2014-03-05,SUZLON.NS,Suzlon Energy,Retail Hype / Turnaround,9.503514289855957,10.14626407623291,9.457603454589844,9.77897834777832,9.77897834777832,8454149
2014-03-06,SUZLON.NS,Suzlon Energy,Retail Hype / Turnaround,9.77897834777832,9.962620735168457,9.64124584197998,9.77897834777832,9.77897834777832,3259376
2014-03-07,SUZLON.NS,Suzlon Energy,Retail Hype / Turnaround,9.824889183044434,10.192174911499023,9.64124584197998,9.733068466186523,9.733068466186523,6856026
2014-03-10,SUZLON.NS,Suzlon Energy,Retail Hype / Turnaround,9.824889183044434,9.916709899902344,9.54942512512207,9.687156677246094,9.687156677246094,3609142
2014-03-11,SUZLON.NS,Suzlon Energy,Retail Hype / Turnaround,9.64124584197998,9.77897834777832,9.273961067199707,9.365781784057617,9.365781784057617,4964881
2014-03-12,SUZLON.NS,Suzlon Energy,Retail Hype / Turnaround,9.365781784057617,9.595335006713867,9.273961067199707,9.319870948791504,9.319870948791504,3486283
2014-03-13,SUZLON.NS,Suzlon Energy,Retail Hype / Turnaround,9.365781784057617,9.457603454589844,9.18213939666748,9.18213939666748,9.18213939666748,4359407
2014-03-14,SUZLON.NS,Suzlon Energy,Retail Hype / Turnaround,9.18213939666748,9.319870948791504,9.136228561401367,9.18213939666748,9.18213939666748,3868510
2014-03-18,SUZLON.NS,Suzlon Energy,Retail Hype / Turnaround,9.273961067199707,9.41169261932373,8.998496055603027,9.04440689086914,9.04440689086914,5092032
2014-03-19,SUZLON.NS,Suzlon Energy,Retail Hype / Turnaround,9.18213939666748,9.273961067199707,9.136228561401367,9.18213939666748,9.18213939666748,2194872
2014-03-20,SUZLON.NS,Suzlon Energy,Retail Hype / Turnaround,9.18213939666748,9.228050231933594,8.906675338745117,8.95258617401123,8.95258617401123,3977304
2014-03-21,SUZLON.NS,Suzlon Energy,Retail Hype / Turnaround,8.906675338745117,9.41169261932373,8.906675338745117,9.365781784057617,9.365781784057617,5310610
2014-03-24,SUZLON.NS,Suzlon Energy,Retail Hype / Turnaround,9.273961067199707,9.365781784057617,8.998496055603027,9.090317726135254,9.090317726135254,2818893
2014-03-25,SUZLON.NS,Suzlon Energy,Retail Hype / Turnaround,9.090317726135254,9.228050231933594,8.906675338745117,8.998496055603027,8.998496055603027,5243393
2014-03-26,SUZLON.NS,Suzlon Energy,Retail Hype / Turnaround,8.95258617401123,9.18213939666748,8.95258617401123,9.04440689086914,9.04440689086914,6449144
2014-03-27,SUZLON.NS,Suzlon Energy,Retail Hype / Turnaround,9.04440689086914,9.503514289855957,8.677122116088867,8.81485366821289,8.81485366821289,13454167
2014-03-28,SUZLON.NS,Suzlon Energy,Retail Hype / Turnaround,8.95258617401123,9.136228561401367,8.95258617401123,9.04440689086914,9.04440689086914,6155393
2014-03-31,SUZLON.NS,Suzlon Energy,Retail Hype / Turnaround,9.503514289855957,10.37581729888916,9.503514289855957,10.192174911499023,10.192174911499023,28099137
2014-04-01,SUZLON.NS,Suzlon Energy,Retail Hype / Turnaround,10.467638969421387,10.559459686279297,10.100353240966797,10.37581729888916,10.37581729888916,13254657
2014-04-02,SUZLON.NS,Suzlon Energy,Retail Hype / Turnaround,10.37581729888916,10.74310302734375,10.192174911499023,10.421728134155273,10.421728134155273,15048126
2014-04-03,SUZLON.NS,Suzlon Energy,Retail Hype / Turnaround,10.513548851013184,10.559459686279297,10.100353240966797,10.283995628356934,10.283995628356934,9331157
2014-04-04,SUZLON.NS,Suzlon Energy,Retail Hype / Turnaround,10.283995628356934,11.70722770690918,10.14626407623291,11.4317626953125,11.4317626953125,36062102
2014-04-07,SUZLON.NS,Suzlon Energy,Retail Hype / Turnaround,11.4317626953125,13.084548950195312,11.385852813720703,12.809083938598633,12.809083938598633,50874518
2014-04-09,SUZLON.NS,Suzlon Energy,Retail Hype / Turnaround,13.26819133758545,14.094584465026855,13.26819133758545,13.72729778289795,13.72729778289795,60311965
2014-04-10,SUZLON.NS,Suzlon Energy,Retail Hype / Turnaround,13.956851959228516,14.324136734008789,13.589566230773926,13.72729778289795,13.72729778289795,47970470
2014-04-11,SUZLON.NS,Suzlon Energy,Retail Hype / Turnaround,13.819120407104492,13.956851959228516,13.451833724975586,13.635477066040039,13.635477066040039,22149578
2014-04-15,SUZLON.NS,Suzlon Energy,Retail Hype / Turnaround,13.681387901306152,13.773208618164062,12.349976539611816,12.717263221740723,12.717263221740723,20188565
2014-04-16,SUZLON.NS,Suzlon Energy,Retail Hype / Turnaround,12.625441551208496,12.946816444396973,11.93678092956543,12.028602600097656,12.028602600097656,19195743
2014-04-17,SUZLON.NS,Suzlon Energy,Retail Hype / Turnaround,12.579530715942383,12.579530715942383,11.982691764831543,12.30406665802002,12.30406665802002,18149837
2014-04-21,SUZLON.NS,Suzlon Energy,Retail Hype / Turnaround,12.395888328552246,13.360013008117676,12.258155822753906,13.084548950195312,13.084548950195312,25950822
2014-04-22,SUZLON.NS,Suzlon Energy,Retail Hype / Turnaround,13.176369667053223,13.589566230773926,12.992727279663086,13.360013008117676,13.360013008117676,21038869
2014-04-23,SUZLON.NS,Suzlon Energy,Retail Hype / Turnaround,13.773208618164062,13.773208618164062,12.992727279663086,13.084548950195312,13.084548950195312,22116231
2014-04-24,SUZLON.NS,Suzlon Energy,Retail Hype / Turnaround,13.084548950195312,13.084548950195312,13.084548950195312,13.084548950195312,13.084548950195312,0
2014-04-25,SUZLON.NS,Suzlon Energy,Retail Hype / Turnaround,12.946816444396973,13.451833724975586,12.579530715942383,13.222281455993652,13.222281455993652,21712875
2014-04-28,SUZLON.NS,Suzlon Energy,Retail Hype / Turnaround,13.405922889709473,13.773208618164062,13.084548950195312,13.176369667053223,13.176369667053223,19286234
2014-04-29,SUZLON.NS,Suzlon Energy,Retail Hype / Turnaround,13.26819133758545,13.635477066040039,12.854994773864746,13.084548950195312,13.084548950195312,14316319
2014-04-30,SUZLON.NS,Suzlon Energy,Retail Hype / Turnaround,13.084548950195312,13.314102172851562,11.753137588500977,11.982691764831543,11.982691764831543,20803892
2014-05-02,SUZLON.NS,Suzlon Energy,Retail Hype / Turnaround,12.120424270629883,12.90090560913086,12.120424270629883,12.30406665802002,12.30406665802002,10821637
2014-05-05,SUZLON.NS,Suzlon Energy,Retail Hype / Turnaround,12.67135238647461,13.773208618164062,12.625441551208496,12.992727279663086,12.992727279663086,19838210
2014-05-06,SUZLON.NS,Suzlon Energy,Retail Hype / Turnaround,13.222281455993652,13.360013008117676,12.625441551208496,12.809083938598633,12.809083938598633,14743136
2014-05-07,SUZLON.NS,Suzlon Energy,Retail Hype / Turnaround,12.809083938598633,13.0386381149292,12.579530715942383,12.717263221740723,12.717263221740723,12082278
2014-05-08,SUZLON.NS,Suzlon Energy,Retail Hype / Turnaround,12.854994773864746,12.992727279663086,12.44179916381836,12.579530715942383,12.579530715942383,9797218
2014-05-09,SUZLON.NS,Suzlon Energy,Retail Hype / Turnaround,12.625441551208496,12.90090560913086,12.53361988067627,12.809083938598633,12.809083938598633,11809244
2014-05-12,SUZLON.NS,Suzlon Energy,Retail Hype / Turnaround,12.854994773864746,13.405922889709473,12.854994773864746,12.90090560913086,12.90090560913086,13629290
2014-05-13,SUZLON.NS,Suzlon Energy,Retail Hype / Turnaround,13.176369667053223,13.72729778289795,12.946816444396973,13.543656349182129,13.543656349182129,24463861
2014-05-14,SUZLON.NS,Suzlon Energy,Retail Hype / Turnaround,13.819120407104492,13.956851959228516,13.314102172851562,13.819120407104492,13.819120407104492,26936375
2014-05-15,SUZLON.NS,Suzlon Energy,Retail Hype / Turnaround,13.865030288696289,13.956851959228516,13.084548950195312,13.222281455993652,13.222281455993652,17612888
2014-05-16,SUZLON.NS,Suzlon Energy,Retail Hype / Turnaround,13.589566230773926,13.956851959228516,13.222281455993652,13.405922889709473,13.405922889709473,27211894
2014-05-19,SUZLON.NS,Suzlon Energy,Retail Hype / Turnaround,13.589566230773926,16.068744659423828,13.589566230773926,16.068744659423828,16.068744659423828,86429164
2014-05-20,SUZLON.NS,Suzlon Energy,Retail Hype / Turnaround,16.4360294342041,18.502010345458984,16.298297882080078,17.813350677490234,17.813350677490234,57734463
2014-05-21,SUZLON.NS,Suzlon Energy,Retail Hype / Turnaround,18.042903900146484,18.36427879333496,16.849225997924805,17.537885665893555,17.537885665893555,28061625
2014-05-22,SUZLON.NS,Suzlon Energy,Retail Hype / Turnaround,17.675617218017578,20.52208137512207,17.675617218017578,20.154796600341797,20.154796600341797,75039079
2014-05-23,SUZLON.NS,Suzlon Energy,Retail Hype / Turnaround,21.30256462097168,22.128955841064453,21.118921279907227,22.128955841064453,22.128955841064453,19170354
2014-05-26,SUZLON.NS,Suzlon Energy,Retail Hype / Turnaround,23.322633743286133,24.286758422851562,20.246618270874023,21.4862060546875,21.4862060546875,79964204
2014-05-27,SUZLON.NS,Suzlon Energy,Retail Hype / Turnaround,21.4862060546875,21.71575927734375,19.374313354492188,19.649778366088867,19.649778366088867,43299892
2014-05-28,SUZLON.NS,Suzlon Energy,Retail Hype / Turnaround,19.60386848449707,20.705724716186523,18.82338523864746,20.01706314086914,20.01706314086914,29130261
2014-05-29,SUZLON.NS,Suzlon Energy,Retail Hype / Turnaround,20.33843994140625,21.30256462097168,20.06297492980957,20.384349822998047,20.384349822998047,29733679
2014-05-30,SUZLON.NS,Suzlon Energy,Retail Hype / Turnaround,20.384349822998047,20.613903045654297,19.420225143432617,20.200706481933594,20.200706481933594,18591821
2014-06-02,SUZLON.NS,Suzlon Energy,Retail Hype / Turnaround,22.037134170532227,22.22077751159668,21.623937606811523,22.22077751159668,22.22077751159668,41042544
2014-06-03,SUZLON.NS,Suzlon Energy,Retail Hype / Turnaround,23.41445541381836,24.10311508178711,22.542152404785156,23.781740188598633,23.781740188598633,62144912
2014-06-04,SUZLON.NS,Suzlon Energy,Retail Hype / Turnaround,24.10311508178711,26.123186111450195,24.057205200195312,26.123186111450195,26.123186111450195,66758985
2014-06-05,SUZLON.NS,Suzlon Energy,Retail Hype / Turnaround,26.582294464111328,27.408687591552734,26.444562911987305,27.408687591552734,27.408687591552734,48152360
2014-06-06,SUZLON.NS,Suzlon Energy,Retail Hype / Turnaround,28.41872215270996,28.740097045898438,27.730060577392578,28.740097045898438,28.740097045898438,46588034
2014-06-09,SUZLON.NS,Suzlon Energy,Retail Hype / Turnaround,29.84195327758789,30.163328170776367,29.61240005493164,30.163328170776367,30.163328170776367,18229895
2014-06-10,SUZLON.NS,Suzlon Energy,Retail Hype / Turnaround,31.632471084594727,31.632471084594727,30.76016616821289,31.632471084594727,31.632471084594727,27163910
2014-06-11,SUZLON.NS,Suzlon Energy,Retail Hype / Turnaround,33.19343566894531,33.19343566894531,33.19343566894531,33.19343566894531,33.19343566894531,5797435
2014-06-12,SUZLON.NS,Suzlon Energy,Retail Hype / Turnaround,33.744361877441406,33.744361877441406,31.5406494140625,31.5406494140625,31.5406494140625,9246754
2014-06-13,SUZLON.NS,Suzlon Energy,Retail Hype / Turnaround,29.979686737060547,29.979686737060547,29.979686737060547,29.979686737060547,29.979686737060547,1625359
2014-06-16,SUZLON.NS,Suzlon Energy,Retail Hype / Turnaround,28.510543823242188,28.510543823242188,28.510543823242188,28.510543823242188,28.510543823242188,1170817
2014-06-17,SUZLON.NS,Suzlon Energy,Retail Hype / Turnaround,27.087312698364258,27.087312698364258,27.087312698364258,27.087312698364258,27.087312698364258,2930113
2014-06-18,SUZLON.NS,Suzlon Energy,Retail Hype / Turnaround,27.638240814208984,28.41872215270996,25.755901336669922,25.893632888793945,25.893632888793945,115057448
2014-06-19,SUZLON.NS,Suzlon Energy,Retail Hype / Turnaround,26.215007781982422,26.9495792388916,25.021329879760742,25.434526443481445,25.434526443481445,27820581
2014-06-20,SUZLON.NS,Suzlon Energy,Retail Hype / Turnaround,25.434526443481445,26.582294464111328,24.42449188232422,26.215007781982422,26.215007781982422,45081863
2014-06-23,SUZLON.NS,Suzlon Energy,Retail Hype / Turnaround,26.30682945251465,27.500507354736328,25.84772300720215,27.500507354736328,27.500507354736328,35829121
2014-06-24,SUZLON.NS,Suzlon Energy,Retail Hype / Turnaround,27.821882247924805,28.64827537536621,27.592329025268555,28.005525588989258,28.005525588989258,18819185
2014-06-25,SUZLON.NS,Suzlon Energy,Retail Hype / Turnaround,28.051435470581055,28.37281036376953,26.9954891204834,27.408687591552734,27.408687591552734,13051289
2014-06-26,SUZLON.NS,Suzlon Energy,Retail Hype / Turnaround,27.087312698364258,27.362775802612305,26.123186111450195,26.30682945251465,26.30682945251465,17723180
2014-06-27,SUZLON.NS,Suzlon Energy,Retail Hype / Turnaround,26.0772762298584,26.352739334106445,25.480436325073242,25.709991455078125,25.709991455078125,11301439
2014-06-30,SUZLON.NS,Suzlon Energy,Retail Hype / Turnaround,25.893632888793945,26.5363826751709,25.250883102416992,26.0313663482666,26.0313663482666,3758129
2014-07-01,SUZLON.NS,Suzlon Energy,Retail Hype / Turnaround,25.526348114013672,26.444562911987305,25.250883102416992,25.38861656188965,25.38861656188965,3546425
2014-07-02,SUZLON.NS,Suzlon Energy,Retail Hype / Turnaround,25.709991455078125,26.4904727935791,25.5722599029541,25.84772300720215,25.84772300720215,4160910
2014-07-03,SUZLON.NS,Suzlon Energy,Retail Hype / Turnaround,26.169097900390625,26.169097900390625,24.975418090820312,25.296794891357422,25.296794891357422,2835873
2014-07-04,SUZLON.NS,Suzlon Energy,Retail Hype / Turnaround,25.664079666137695,25.985454559326172,24.791776657104492,25.755901336669922,25.755901336669922,3369109
2014-07-07,SUZLON.NS,Suzlon Energy,Retail Hype / Turnaround,25.985454559326172,26.352739334106445,25.250883102416992,25.5722599029541,25.5722599029541,3061433
2014-07-08,SUZLON.NS,Suzlon Energy,Retail Hype / Turnaround,25.5722599029541,26.0772762298584,24.332670211791992,24.332670211791992,24.332670211791992,3630589
2014-07-09,SUZLON.NS,Suzlon Energy,Retail Hype / Turnaround,23.138992309570312,24.286758422851562,23.138992309570312,23.138992309570312,23.138992309570312,5486771
2014-07-10,SUZLON.NS,Suzlon Energy,Retail Hype / Turnaround,22.95534896850586,24.286758422851562,22.22077751159668,23.41445541381836,23.41445541381836,9901977
2014-07-11,SUZLON.NS,Suzlon Energy,Retail Hype / Turnaround,23.322633743286133,23.322633743286133,22.266687393188477,22.266687393188477,22.266687393188477,4175127
2014-07-14,SUZLON.NS,Suzlon Energy,Retail Hype / Turnaround,21.394384384155273,21.807580947875977,21.164831161499023,21.164831161499023,21.164831161499023,1368372
2014-07-15,SUZLON.NS,Suzlon Energy,Retail Hype / Turnaround,20.476171493530273,21.4862060546875,20.108884811401367,21.027099609375,21.027099609375,8150823
2014-07-16,SUZLON.NS,Suzlon Energy,Retail Hype / Turnaround,21.118921279907227,22.037134170532227,20.567991256713867,22.037134170532227,22.037134170532227,4030277
2014-07-17,SUZLON.NS,Suzlon Energy,Retail Hype / Turnaround,22.358509063720703,22.45033073425293,21.623937606811523,21.9453125,21.9453125,3363724
2014-07-18,SUZLON.NS,Suzlon Energy,Retail Hype / Turnaround,21.76167106628418,23.001258850097656,20.889366149902344,22.72579574584961,22.72579574584961,5225597
2014-07-21,SUZLON.NS,Suzlon Energy,Retail Hype / Turnaround,23.827651977539062,23.827651977539062,23.41445541381836,23.781740188598633,23.781740188598633,6132346
2014-07-22,SUZLON.NS,Suzlon Energy,Retail Hype / Turnaround,24.057205200195312,24.057205200195312,22.633974075317383,22.817617416381836,22.817617416381836,4383188
2014-07-23,SUZLON.NS,Suzlon Energy,Retail Hype / Turnaround,22.49624252319336,22.95534896850586,21.853492736816406,22.72579574584961,22.72579574584961,3836074
2014-07-24,SUZLON.NS,Suzlon Energy,Retail Hype / Turnaround,22.863527297973633,22.863527297973633,21.9453125,22.174867630004883,22.174867630004883,2219868
2014-07-25,SUZLON.NS,Suzlon Energy,Retail Hype / Turnaround,22.128955841064453,22.174867630004883,21.164831161499023,21.578027725219727,21.578027725219727,3167298
2014-07-28,SUZLON.NS,Suzlon Energy,Retail Hype / Turnaround,21.53211784362793,21.53211784362793,20.52208137512207,20.659814834594727,20.659814834594727,4411813
2014-07-30,SUZLON.NS,Suzlon Energy,Retail Hype / Turnaround,20.384349822998047,20.430259704589844,19.649778366088867,19.741600036621094,19.741600036621094,2806440
2014-07-31,SUZLON.NS,Suzlon Energy,Retail Hype / Turnaround,19.649778366088867,20.430259704589844,18.777475357055664,19.925243377685547,19.925243377685547,4137131
2014-08-01,SUZLON.NS,Suzlon Energy,Retail Hype / Turnaround,19.55795669555664,20.06297492980957,18.961118698120117,19.05293846130371,19.05293846130371,4161710
2014-08-04,SUZLON.NS,Suzlon Energy,Retail Hype / Turnaround,19.971153259277344,19.971153259277344,19.649778366088867,19.971153259277344,19.971153259277344,5602735
2014-08-05,SUZLON.NS,Suzlon Energy,Retail Hype / Turnaround,20.108884811401367,20.935277938842773,19.971153259277344,20.935277938842773,20.935277938842773,4193975
2014-08-06,SUZLON.NS,Suzlon Energy,Retail Hype / Turnaround,21.4862060546875,21.9453125,21.4862060546875,21.9453125,21.9453125,4578981
2014-08-07,SUZLON.NS,Suzlon Energy,Retail Hype / Turnaround,22.404420852661133,22.863527297973633,21.348474502563477,21.853492736816406,21.853492736816406,18295526
2014-08-08,SUZLON.NS,Suzlon Energy,Retail Hype / Turnaround,21.118921279907227,21.669849395751953,20.843456268310547,21.440296173095703,21.440296173095703,12044699
2014-08-11,SUZLON.NS,Suzlon Energy,Retail Hype / Turnaround,21.9453125,22.174867630004883,20.981189727783203,21.118921279907227,21.118921279907227,4043281
2014-08-12,SUZLON.NS,Suzlon Energy,Retail Hype / Turnaround,21.118921279907227,21.669849395751953,20.705724716186523,20.843456268310547,20.843456268310547,4169392
2014-08-13,SUZLON.NS,Suzlon Energy,Retail Hype / Turnaround,20.476171493530273,20.843456268310547,19.83342170715332,19.83342170715332,19.83342170715332,6807249
2014-08-14,SUZLON.NS,Suzlon Energy,Retail Hype / Turnaround,19.282493591308594,19.741600036621094,18.86929702758789,18.961118698120117,18.961118698120117,12849801
2014-08-18,SUZLON.NS,Suzlon Energy,Retail Hype / Turnaround,19.09885025024414,19.879331588745117,19.09885025024414,19.879331588745117,19.879331588745117,3071372
2014-08-19,SUZLON.NS,Suzlon Energy,Retail Hype / Turnaround,20.567991256713867,20.843456268310547,20.33843994140625,20.843456268310547,20.843456268310547,11108014
2014-08-20,SUZLON.NS,Suzlon Energy,Retail Hype / Turnaround,21.118921279907227,21.118921279907227,20.06297492980957,20.384349822998047,20.384349822998047,7028845
2014-08-21,SUZLON.NS,Suzlon Energy,Retail Hype / Turnaround,20.33843994140625,20.843456268310547,20.29252815246582,20.430259704589844,20.430259704589844,4882894
2014-08-22,SUZLON.NS,Suzlon Energy,Retail Hype / Turnaround,20.476171493530273,21.440296173095703,20.33843994140625,21.348474502563477,21.348474502563477,10243239
2014-08-25,SUZLON.NS,Suzlon Energy,Retail Hype / Turnaround,21.027099609375,21.578027725219727,20.567991256713867,20.889366149902344,20.889366149902344,9680229
2014-08-26,SUZLON.NS,Suzlon Energy,Retail Hype / Turnaround,20.889366149902344,21.073009490966797,19.879331588745117,19.925243377685547,19.925243377685547,5300942
2014-08-27,SUZLON.NS,Suzlon Energy,Retail Hype / Turnaround,19.879331588745117,20.384349822998047,19.466136932373047,19.741600036621094,19.741600036621094,3699407
2014-08-28,SUZLON.NS,Suzlon Energy,Retail Hype / Turnaround,19.60386848449707,20.108884811401367,19.60386848449707,19.787511825561523,19.787511825561523,3374163
2014-09-01,SUZLON.NS,Suzlon Energy,Retail Hype / Turnaround,19.971153259277344,20.75163459777832,19.925243377685547,20.75163459777832,20.75163459777832,4954959
2014-09-02,SUZLON.NS,Suzlon Energy,Retail Hype / Turnaround,21.30256462097168,21.76167106628418,20.981189727783203,21.76167106628418,21.76167106628418,12856226
2014-09-03,SUZLON.NS,Suzlon Energy,Retail Hype / Turnaround,21.807580947875977,22.404420852661133,21.348474502563477,21.53211784362793,21.53211784362793,8781896
2014-09-04,SUZLON.NS,Suzlon Energy,Retail Hype / Turnaround,21.394384384155273,21.440296173095703,20.476171493530273,20.476171493530273,20.476171493530273,4904670
2014-09-05,SUZLON.NS,Suzlon Energy,Retail Hype / Turnaround,20.476171493530273,20.889366149902344,19.32840347290039,19.649778366088867,19.649778366088867,6588272
2014-09-08,SUZLON.NS,Suzlon Energy,Retail Hype / Turnaround,19.466136932373047,20.613903045654297,19.466136932373047,20.200706481933594,20.200706481933594,4732422
2014-09-09,SUZLON.NS,Suzlon Energy,Retail Hype / Turnaround,20.154796600341797,20.476171493530273,19.420225143432617,19.925243377685547,19.925243377685547,6229096
2014-09-10,SUZLON.NS,Suzlon Energy,Retail Hype / Turnaround,19.649778366088867,21.899402618408203,19.512046813964844,21.899402618408203,21.899402618408203,22619385
2014-09-11,SUZLON.NS,Suzlon Energy,Retail Hype / Turnaround,22.128955841064453,22.45033073425293,21.164831161499023,21.210742950439453,21.210742950439453,9028210
2014-09-12,SUZLON.NS,Suzlon Energy,Retail Hype / Turnaround,21.4862060546875,21.807580947875977,21.073009490966797,21.210742950439453,21.210742950439453,5664097
2014-09-15,SUZLON.NS,Suzlon Energy,Retail Hype / Turnaround,21.118921279907227,21.210742950439453,20.613903045654297,20.981189727783203,20.981189727783203,4059577
2014-09-16,SUZLON.NS,Suzlon Energy,Retail Hype / Turnaround,20.843456268310547,21.9453125,19.879331588745117,20.154796600341797,20.154796600341797,7645350
2014-09-17,SUZLON.NS,Suzlon Energy,Retail Hype / Turnaround,20.430259704589844,20.705724716186523,19.971153259277344,20.06297492980957,20.06297492980957,4862846
2014-09-18,SUZLON.NS,Suzlon Energy,Retail Hype / Turnaround,20.29252815246582,21.25665283203125,19.971153259277344,20.75163459777832,20.75163459777832,7079122
2014-09-19,SUZLON.NS,Suzlon Energy,Retail Hype / Turnaround,19.649778366088867,19.741600036621094,18.685653686523438,18.685653686523438,18.685653686523438,10042776
2014-09-22,SUZLON.NS,Suzlon Energy,Retail Hype / Turnaround,16.849225997924805,16.849225997924805,16.849225997924805,16.849225997924805,16.849225997924805,3721059
2014-09-23,SUZLON.NS,Suzlon Energy,Retail Hype / Turnaround,15.196440696716309,15.196440696716309,15.196440696716309,15.196440696716309,15.196440696716309,6330850
2014-09-24,SUZLON.NS,Suzlon Energy,Retail Hype / Turnaround,14.461870193481445,14.461870193481445,14.461870193481445,14.461870193481445,14.461870193481445,3447953
2014-09-25,SUZLON.NS,Suzlon Energy,Retail Hype / Turnaround,13.773208618164062,13.773208618164062,13.773208618164062,13.773208618164062,13.773208618164062,1945570
2014-09-26,SUZLON.NS,Suzlon Energy,Retail Hype / Turnaround,13.084548950195312,13.084548950195312,13.084548950195312,13.084548950195312,13.084548950195312,2535052
2014-09-29,SUZLON.NS,Suzlon Energy,Retail Hype / Turnaround,12.44179916381836,12.44179916381836,12.44179916381836,12.44179916381836,12.44179916381836,1885154
2014-09-30,SUZLON.NS,Suzlon Energy,Retail Hype / Turnaround,11.84496021270752,11.84496021270752,11.84496021270752,11.84496021270752,11.84496021270752,5363839
2014-10-01,SUZLON.NS,Suzlon Energy,Retail Hype / Turnaround,11.294031143188477,12.395888328552246,11.294031143188477,12.395888328552246,12.395888328552246,245913555
2014-10-07,SUZLON.NS,Suzlon Energy,Retail Hype / Turnaround,12.53361988067627,12.854994773864746,12.028602600097656,12.763174057006836,12.763174057006836,42613016
2014-10-08,SUZLON.NS,Suzlon Energy,Retail Hype / Turnaround,12.717263221740723,12.763174057006836,12.212244987487793,12.212244987487793,12.212244987487793,20079900
2014-10-09,SUZLON.NS,Suzlon Energy,Retail Hype / Turnaround,12.212244987487793,12.44179916381836,11.615406036376953,11.799049377441406,11.799049377441406,33935842
2014-10-10,SUZLON.NS,Suzlon Energy,Retail Hype / Turnaround,11.385852813720703,12.30406665802002,11.33994197845459,11.890870094299316,11.890870094299316,17548407
2014-10-13,SUZLON.NS,Suzlon Energy,Retail Hype / Turnaround,12.30406665802002,12.395888328552246,11.799049377441406,11.93678092956543,11.93678092956543,22383944
2014-10-14,SUZLON.NS,Suzlon Energy,Retail Hype / Turnaround,12.07451343536377,12.07451343536377,11.4317626953125,11.615406036376953,11.615406036376953,10875122
2014-10-15,SUZLON.NS,Suzlon Energy,Retail Hype / Turnaround,11.615406036376953,11.615406036376953,11.615406036376953,11.615406036376953,11.615406036376953,0
2014-10-16,SUZLON.NS,Suzlon Energy,Retail Hype / Turnaround,11.70722770690918,11.982691764831543,11.064477920532227,11.11038875579834,11.11038875579834,17662306
2014-10-17,SUZLON.NS,Suzlon Energy,Retail Hype / Turnaround,11.11038875579834,11.202210426330566,10.559459686279297,10.605371475219727,10.605371475219727,21968293
2014-10-20,SUZLON.NS,Suzlon Energy,Retail Hype / Turnaround,10.74310302734375,11.018567085266113,10.65128231048584,10.697192192077637,10.697192192077637,10972358
2014-10-21,SUZLON.NS,Suzlon Energy,Retail Hype / Turnaround,10.74310302734375,10.83492374420166,10.192174911499023,10.192174911499023,10.192174911499023,19401787
2014-10-22,SUZLON.NS,Suzlon Energy,Retail Hype / Turnaround,10.192174911499023,10.605371475219727,9.962620735168457,10.329907417297363,10.329907417297363,12107705
2014-10-27,SUZLON.NS,Suzlon Energy,Retail Hype / Turnaround,10.97265625,11.202210426330566,10.65128231048584,11.11038875579834,11.11038875579834,12383130
2014-10-28,SUZLON.NS,Suzlon Energy,Retail Hype / Turnaround,11.11038875579834,11.661316871643066,11.11038875579834,11.661316871643066,11.661316871643066,13013608
2014-10-29,SUZLON.NS,Suzlon Energy,Retail Hype / Turnaround,11.93678092956543,12.212244987487793,11.84496021270752,12.166335105895996,12.166335105895996,22862043
2014-10-30,SUZLON.NS,Suzlon Energy,Retail Hype / Turnaround,12.395888328552246,12.53361988067627,11.799049377441406,12.07451343536377,12.07451343536377,12926689
2014-10-31,SUZLON.NS,Suzlon Energy,Retail Hype / Turnaround,12.30406665802002,12.67135238647461,12.120424270629883,12.349976539611816,12.349976539611816,19648339
2014-11-03,SUZLON.NS,Suzlon Energy,Retail Hype / Turnaround,12.717263221740723,12.90090560913086,12.212244987487793,12.30406665802002,12.30406665802002,19306345
2014-11-05,SUZLON.NS,Suzlon Energy,Retail Hype / Turnaround,12.44179916381836,12.90090560913086,12.349976539611816,12.854994773864746,12.854994773864746,24575670
2014-11-07,SUZLON.NS,Suzlon Energy,Retail Hype / Turnaround,13.176369667053223,13.4977445602417,12.946816444396973,13.451833724975586,13.451833724975586,37779541
2014-11-10,SUZLON.NS,Suzlon Energy,Retail Hype / Turnaround,13.681387901306152,13.72729778289795,13.084548950195312,13.451833724975586,13.451833724975586,18838494
2014-11-11,SUZLON.NS,Suzlon Energy,Retail Hype / Turnaround,13.4977445602417,13.635477066040039,12.44179916381836,12.90090560913086,12.90090560913086,20289658
2014-11-12,SUZLON.NS,Suzlon Energy,Retail Hype / Turnaround,12.946816444396973,13.084548950195312,12.579530715942383,12.625441551208496,12.625441551208496,10028115
2014-11-13,SUZLON.NS,Suzlon Energy,Retail Hype / Turnaround,12.625441551208496,13.314102172851562,12.30406665802002,13.084548950195312,13.084548950195312,21215697
2014-11-14,SUZLON.NS,Suzlon Energy,Retail Hype / Turnaround,13.222281455993652,13.26819133758545,12.90090560913086,13.084548950195312,13.084548950195312,14121636
2014-11-17,SUZLON.NS,Suzlon Energy,Retail Hype / Turnaround,12.946816444396973,14.370047569274902,12.90090560913086,13.910941123962402,13.910941123962402,65660885
2014-11-18,SUZLON.NS,Suzlon Energy,Retail Hype / Turnaround,14.002762794494629,14.370047569274902,13.405922889709473,13.635477066040039,13.635477066040039,28051822
2014-11-19,SUZLON.NS,Suzlon Energy,Retail Hype / Turnaround,13.681387901306152,13.910941123962402,13.084548950195312,13.26819133758545,13.26819133758545,16916035
2014-11-20,SUZLON.NS,Suzlon Energy,Retail Hype / Turnaround,13.222281455993652,13.451833724975586,13.0386381149292,13.084548950195312,13.084548950195312,9841026
2014-11-21,SUZLON.NS,Suzlon Energy,Retail Hype / Turnaround,13.0386381149292,13.589566230773926,12.946816444396973,13.0386381149292,13.0386381149292,10146993
2014-11-24,SUZLON.NS,Suzlon Energy,Retail Hype / Turnaround,12.946816444396973,13.956851959228516,12.946816444396973,13.635477066040039,13.635477066040039,18023795
2014-11-25,SUZLON.NS,Suzlon Energy,Retail Hype / Turnaround,13.635477066040039,13.72729778289795,12.854994773864746,13.360013008117676,13.360013008117676,15275479
2014-11-26,SUZLON.NS,Suzlon Energy,Retail Hype / Turnaround,13.222281455993652,13.635477066040039,13.176369667053223,13.314102172851562,13.314102172851562,7556960
2014-11-27,SUZLON.NS,Suzlon Energy,Retail Hype / Turnaround,13.222281455993652,13.360013008117676,12.946816444396973,12.992727279663086,12.992727279663086,5169093
2014-11-28,SUZLON.NS,Suzlon Energy,Retail Hype / Turnaround,12.992727279663086,13.314102172851562,12.854994773864746,12.90090560913086,12.90090560913086,8582120
2014-12-01,SUZLON.NS,Suzlon Energy,Retail Hype / Turnaround,12.854994773864746,13.176369667053223,12.30406665802002,12.395888328552246,12.395888328552246,11198025
2014-12-02,SUZLON.NS,Suzlon Energy,Retail Hype / Turnaround,12.30406665802002,12.30406665802002,11.93678092956543,12.07451343536377,12.07451343536377,11608211
2014-12-03,SUZLON.NS,Suzlon Energy,Retail Hype / Turnaround,11.982691764831543,13.26819133758545,11.93678092956543,13.26819133758545,13.26819133758545,32925972
2014-12-04,SUZLON.NS,Suzlon Energy,Retail Hype / Turnaround,13.405922889709473,14.186405181884766,13.222281455993652,13.589566230773926,13.589566230773926,37550983
2014-12-05,SUZLON.NS,Suzlon Energy,Retail Hype / Turnaround,13.865030288696289,13.956851959228516,12.90090560913086,12.946816444396973,12.946816444396973,19630206
2014-12-08,SUZLON.NS,Suzlon Energy,Retail Hype / Turnaround,13.0386381149292,14.186405181884766,12.854994773864746,13.589566230773926,13.589566230773926,32405578
2014-12-09,SUZLON.NS,Suzlon Energy,Retail Hype / Turnaround,13.314102172851562,13.773208618164062,12.90090560913086,12.992727279663086,12.992727279663086,18709816
2014-12-10,SUZLON.NS,Suzlon Energy,Retail Hype / Turnaround,12.992727279663086,13.635477066040039,12.946816444396973,13.4977445602417,13.4977445602417,20064515
2014-12-11,SUZLON.NS,Suzlon Energy,Retail Hype / Turnaround,13.4977445602417,13.589566230773926,13.084548950195312,13.176369667053223,13.176369667053223,15527915
2014-12-12,SUZLON.NS,Suzlon Energy,Retail Hype / Turnaround,13.222281455993652,13.360013008117676,12.212244987487793,12.258155822753906,12.258155822753906,22440050
2014-12-15,SUZLON.NS,Suzlon Energy,Retail Hype / Turnaround,12.258155822753906,12.53361988067627,12.028602600097656,12.07451343536377,12.07451343536377,13521148
2014-12-16,SUZLON.NS,Suzlon Energy,Retail Hype / Turnaround,12.07451343536377,12.44179916381836,11.11038875579834,11.84496021270752,11.84496021270752,26212392
2014-12-17,SUZLON.NS,Suzlon Energy,Retail Hype / Turnaround,11.890870094299316,12.028602600097656,11.24812126159668,11.4317626953125,11.4317626953125,15507717
2014-12-18,SUZLON.NS,Suzlon Energy,Retail Hype / Turnaround,11.661316871643066,12.212244987487793,11.661316871643066,11.890870094299316,11.890870094299316,14039506
2014-12-19,SUZLON.NS,Suzlon Energy,Retail Hype / Turnaround,12.166335105895996,12.30406665802002,11.4317626953125,11.661316871643066,11.661316871643066,20181679
2014-12-22,SUZLON.NS,Suzlon Energy,Retail Hype / Turnaround,12.120424270629883,12.717263221740723,11.93678092956543,12.625441551208496,12.625441551208496,22766527
2014-12-23,SUZLON.NS,Suzlon Energy,Retail Hype / Turnaround,12.579530715942383,12.763174057006836,12.120424270629883,12.212244987487793,12.212244987487793,10742529
2014-12-24,SUZLON.NS,Suzlon Energy,Retail Hype / Turnaround,12.120424270629883,12.53361988067627,12.120424270629883,12.212244987487793,12.212244987487793,8255961
2014-12-26,SUZLON.NS,Suzlon Energy,Retail Hype / Turnaround,12.166335105895996,12.395888328552246,11.982691764831543,12.028602600097656,12.028602600097656,7722067
2014-12-29,SUZLON.NS,Suzlon Energy,Retail Hype / Turnaround,12.166335105895996,12.30406665802002,11.890870094299316,11.982691764831543,11.982691764831543,9124089
2014-12-30,SUZLON.NS,Suzlon Energy,Retail Hype / Turnaround,11.982691764831543,12.763174057006836,11.982691764831543,12.579530715942383,12.579530715942383,18323970
2014-12-31,SUZLON.NS,Suzlon Energy,Retail Hype / Turnaround,12.487709045410156,14.278226852416992,12.349976539611816,13.4977445602417,13.4977445602417,57579585
2015-01-01,SUZLON.NS,Suzlon Energy,Retail Hype / Turnaround,13.451833724975586,13.773208618164062,13.26819133758545,13.360013008117676,13.360013008117676,17265859
2015-01-02,SUZLON.NS,Suzlon Energy,Retail Hype / Turnaround,13.314102172851562,14.002762794494629,13.314102172851562,13.635477066040039,13.635477066040039,27192640
2015-01-05,SUZLON.NS,Suzlon Energy,Retail Hype / Turnaround,13.635477066040039,14.140495300292969,13.4977445602417,13.635477066040039,13.635477066040039,23258374
2015-01-06,SUZLON.NS,Suzlon Energy,Retail Hype / Turnaround,13.360013008117676,13.451833724975586,12.579530715942383,12.946816444396973,12.946816444396973,26790586
2015-01-07,SUZLON.NS,Suzlon Energy,Retail Hype / Turnaround,12.90090560913086,15.058709144592285,12.763174057006836,14.140495300292969,14.140495300292969,86932672
2015-01-08,SUZLON.NS,Suzlon Energy,Retail Hype / Turnaround,14.370047569274902,14.737334251403809,13.865030288696289,14.002762794494629,14.002762794494629,48107761
2015-01-09,SUZLON.NS,Suzlon Energy,Retail Hype / Turnaround,14.002762794494629,14.232316017150879,13.451833724975586,13.543656349182129,13.543656349182129,24465324
2015-01-12,SUZLON.NS,Suzlon Energy,Retail Hype / Turnaround,13.773208618164062,14.553690910339355,13.681387901306152,14.415959358215332,14.415959358215332,30506328
2015-01-13,SUZLON.NS,Suzlon Energy,Retail Hype / Turnaround,14.461870193481445,14.737334251403809,13.773208618164062,13.956851959228516,13.956851959228516,27885531
2015-01-14,SUZLON.NS,Suzlon Energy,Retail Hype / Turnaround,13.956851959228516,14.048672676086426,13.314102172851562,13.72729778289795,13.72729778289795,28478643
2015-01-15,SUZLON.NS,Suzlon Energy,Retail Hype / Turnaround,14.094584465026855,14.370047569274902,13.681387901306152,13.773208618164062,13.773208618164062,22682903
2015-01-16,SUZLON.NS,Suzlon Energy,Retail Hype / Turnaround,13.865030288696289,15.012798309326172,13.589566230773926,14.783244132995605,14.783244132995605,65995034
2015-01-19,SUZLON.NS,Suzlon Energy,Retail Hype / Turnaround,14.966887474060059,16.573762893676758,14.415959358215332,16.068744659423828,16.068744659423828,136224837
2015-01-20,SUZLON.NS,Suzlon Energy,Retail Hype / Turnaround,16.298297882080078,16.619672775268555,15.242350578308105,16.20647621154785,16.20647621154785,89487283
2015-01-21,SUZLON.NS,Suzlon Energy,Retail Hype / Turnaround,16.344207763671875,16.4360294342041,15.517815589904785,15.793279647827148,15.793279647827148,49278193
2015-01-22,SUZLON.NS,Suzlon Energy,Retail Hype / Turnaround,16.527851104736328,17.078779220581055,14.553690910339355,14.691423416137695,14.691423416137695,158063076
2015-01-23,SUZLON.NS,Suzlon Energy,Retail Hype / Turnaround,14.737334251403809,14.829154968261719,12.946816444396973,13.635477066040039,13.635477066040039,82528631
2015-01-27,SUZLON.NS,Suzlon Energy,Retail Hype / Turnaround,14.002762794494629,14.461870193481445,13.865030288696289,14.002762794494629,14.002762794494629,39140417
2015-01-28,SUZLON.NS,Suzlon Energy,Retail Hype / Turnaround,14.140495300292969,15.058709144592285,14.002762794494629,14.829154968261719,14.829154968261719,51022676
2015-01-29,SUZLON.NS,Suzlon Energy,Retail Hype / Turnaround,15.012798309326172,15.425993919372559,14.737334251403809,15.150529861450195,15.150529861450195,30121151
2015-01-30,SUZLON.NS,Suzlon Energy,Retail Hype / Turnaround,15.242350578308105,15.380083084106445,14.507780075073242,14.875065803527832,14.875065803527832,37575871
2015-02-02,SUZLON.NS,Suzlon Energy,Retail Hype / Turnaround,14.875065803527832,15.701457977294922,14.691423416137695,15.288262367248535,15.288262367248535,35599884
2015-02-03,SUZLON.NS,Suzlon Energy,Retail Hype / Turnaround,15.563726425170898,16.390119552612305,15.104619026184082,15.701457977294922,15.701457977294922,66595644
2015-02-04,SUZLON.NS,Suzlon Energy,Retail Hype / Turnaround,15.839189529418945,16.757404327392578,15.609637260437012,16.068744659423828,16.068744659423828,78816166
2015-02-05,SUZLON.NS,Suzlon Energy,Retail Hype / Turnaround,16.068744659423828,16.66558265686035,15.380083084106445,15.655548095703125,15.655548095703125,48422080
2015-02-06,SUZLON.NS,Suzlon Energy,Retail Hype / Turnaround,15.701457977294922,15.885101318359375,14.737334251403809,15.334173202514648,15.334173202514648,34213119
2015-02-09,SUZLON.NS,Suzlon Energy,Retail Hype / Turnaround,15.104619026184082,16.619672775268555,14.829154968261719,16.114654541015625,16.114654541015625,70193683
2015-02-10,SUZLON.NS,Suzlon Energy,Retail Hype / Turnaround,15.885101318359375,17.078779220581055,15.609637260437012,16.114654541015625,16.114654541015625,52332098
2015-02-11,SUZLON.NS,Suzlon Energy,Retail Hype / Turnaround,16.71149444580078,16.895137786865234,16.114654541015625,16.298297882080078,16.298297882080078,36962517
2015-02-12,SUZLON.NS,Suzlon Energy,Retail Hype / Turnaround,16.4819393157959,17.85926055908203,16.25238609313965,17.62970733642578,17.62970733642578,96953190
2015-02-13,SUZLON.NS,Suzlon Energy,Retail Hype / Turnaround,17.62970733642578,18.318368911743164,16.298297882080078,17.62970733642578,17.62970733642578,154355181
2015-02-16,SUZLON.NS,Suzlon Energy,Retail Hype / Turnaround,20.935277938842773,21.118921279907227,19.190671920776367,21.118921279907227,21.118921279907227,254430394
2015-02-18,SUZLON.NS,Suzlon Energy,Retail Hype / Turnaround,22.22077751159668,25.34270477294922,21.578027725219727,24.562223434448242,24.562223434448242,300775366
2015-02-19,SUZLON.NS,Suzlon Energy,Retail Hype / Turnaround,25.021329879760742,25.159061431884766,22.588062286376953,22.95534896850586,22.95534896850586,118870200
2015-02-20,SUZLON.NS,Suzlon Energy,Retail Hype / Turnaround,22.679885864257812,24.240848541259766,22.22077751159668,23.460365295410156,23.460365295410156,81546044
2015-02-23,SUZLON.NS,Suzlon Energy,Retail Hype / Turnaround,23.68992042541504,24.470401763916016,22.95534896850586,23.18490219116211,23.18490219116211,64980543
2015-02-24,SUZLON.NS,Suzlon Energy,Retail Hype / Turnaround,24.10311508178711,24.88359832763672,23.735830307006836,24.10311508178711,24.10311508178711,92740542
2015-02-25,SUZLON.NS,Suzlon Energy,Retail Hype / Turnaround,24.332670211791992,24.516311645507812,23.598098754882812,23.91947364807129,23.91947364807129,50044519
2015-02-26,SUZLON.NS,Suzlon Energy,Retail Hype / Turnaround,24.10311508178711,24.240848541259766,23.41445541381836,23.64400863647461,23.64400863647461,28043210
2015-02-27,SUZLON.NS,Suzlon Energy,Retail Hype / Turnaround,23.322633743286133,25.939544677734375,23.047170639038086,25.526348114013672,25.526348114013672,115504675
2015-03-02,SUZLON.NS,Suzlon Energy,Retail Hype / Turnaround,25.296794891357422,26.0313663482666,24.88359832763672,25.204973220825195,25.204973220825195,49175289
2015-03-03,SUZLON.NS,Suzlon Energy,Retail Hype / Turnaround,25.204973220825195,25.480436325073242,24.470401763916016,24.745866775512695,24.745866775512695,40084414
2015-03-04,SUZLON.NS,Suzlon Energy,Retail Hype / Turnaround,24.929508209228516,25.159061431884766,22.542152404785156,23.18490219116211,23.18490219116211,52201362
2015-03-05,SUZLON.NS,Suzlon Energy,Retail Hype / Turnaround,23.138992309570312,24.516311645507812,22.679885864257812,24.286758422851562,24.286758422851562,53339523
2015-03-09,SUZLON.NS,Suzlon Energy,Retail Hype / Turnaround,24.332670211791992,25.34270477294922,24.057205200195312,24.745866775512695,24.745866775512695,83642332
2015-03-10,SUZLON.NS,Suzlon Energy,Retail Hype / Turnaround,25.067241668701172,25.159061431884766,24.19493865966797,24.470401763916016,24.470401763916016,36371918
2015-03-11,SUZLON.NS,Suzlon Energy,Retail Hype / Turnaround,24.470401763916016,24.745866775512695,23.093080520629883,23.368545532226562,23.368545532226562,39962978
2015-03-12,SUZLON.NS,Suzlon Energy,Retail Hype / Turnaround,23.64400863647461,25.159061431884766,23.552188873291016,24.83768653869629,24.83768653869629,44511037
2015-03-13,SUZLON.NS,Suzlon Energy,Retail Hype / Turnaround,25.34270477294922,25.480436325073242,23.873563766479492,24.10311508178711,24.10311508178711,58468248
2015-03-16,SUZLON.NS,Suzlon Energy,Retail Hype / Turnaround,24.19493865966797,24.65404510498047,23.68992042541504,23.873563766479492,23.873563766479492,31940394
2015-03-17,SUZLON.NS,Suzlon Energy,Retail Hype / Turnaround,24.011295318603516,24.88359832763672,24.011295318603516,24.42449188232422,24.42449188232422,37596584
2015-03-18,SUZLON.NS,Suzlon Energy,Retail Hype / Turnaround,24.470401763916016,27.45459747314453,24.332670211791992,27.087312698364258,27.087312698364258,167166344
2015-03-19,SUZLON.NS,Suzlon Energy,Retail Hype / Turnaround,27.546419143676758,28.786006927490234,25.755901336669922,26.30682945251465,26.30682945251465,149016555
2015-03-20,SUZLON.NS,Suzlon Energy,Retail Hype / Turnaround,26.215007781982422,27.041400909423828,24.332670211791992,24.791776657104492,24.791776657104492,111352748
2015-03-23,SUZLON.NS,Suzlon Energy,Retail Hype / Turnaround,25.11315155029297,25.80181121826172,24.19493865966797,25.067241668701172,25.067241668701172,67968908
2015-03-24,SUZLON.NS,Suzlon Energy,Retail Hype / Turnaround,25.11315155029297,25.434526443481445,24.562223434448242,24.745866775512695,24.745866775512695,37095777
2015-03-25,SUZLON.NS,Suzlon Energy,Retail Hype / Turnaround,24.83768653869629,25.11315155029297,24.332670211791992,24.42449188232422,24.42449188232422,29722590
2015-03-26,SUZLON.NS,Suzlon Energy,Retail Hype / Turnaround,24.240848541259766,24.88359832763672,23.91947364807129,24.14902687072754,24.14902687072754,32361108
2015-03-27,SUZLON.NS,Suzlon Energy,Retail Hype / Turnaround,24.60813331604004,24.975418090820312,23.68992042541504,24.562223434448242,24.562223434448242,42298917
2015-03-30,SUZLON.NS,Suzlon Energy,Retail Hype / Turnaround,24.88359832763672,25.664079666137695,24.83768653869629,25.34270477294922,25.34270477294922,41414821
2015-03-31,SUZLON.NS,Suzlon Energy,Retail Hype / Turnaround,25.526348114013672,25.84772300720215,24.975418090820312,25.11315155029297,25.11315155029297,33880371
2015-04-01,SUZLON.NS,Suzlon Energy,Retail Hype / Turnaround,24.975418090820312,25.11315155029297,23.552188873291016,24.286758422851562,24.286758422851562,93362410
2015-04-06,SUZLON.NS,Suzlon Energy,Retail Hype / Turnaround,25.159061431884766,25.80181121826172,24.929508209228516,25.34270477294922,25.34270477294922,74617014
2015-04-07,SUZLON.NS,Suzlon Energy,Retail Hype / Turnaround,25.480436325073242,27.22504425048828,25.11315155029297,26.9954891204834,26.9954891204834,131649306
2015-04-08,SUZLON.NS,Suzlon Energy,Retail Hype / Turnaround,27.133222579956055,27.775972366333008,25.939544677734375,26.123186111450195,26.123186111450195,120378550
2015-04-09,SUZLON.NS,Suzlon Energy,Retail Hype / Turnaround,26.582294464111328,27.133222579956055,25.296794891357422,26.76593780517578,26.76593780517578,138485294
2015-04-10,SUZLON.NS,Suzlon Energy,Retail Hype / Turnaround,26.903669357299805,26.903669357299805,25.84772300720215,25.939544677734375,25.939544677734375,47703250
2015-04-13,SUZLON.NS,Suzlon Energy,Retail Hype / Turnaround,26.0772762298584,26.352739334106445,25.664079666137695,25.893632888793945,25.893632888793945,41286051
2015-04-15,SUZLON.NS,Suzlon Energy,Retail Hype / Turnaround,25.985454559326172,26.628204345703125,25.5722599029541,25.985454559326172,25.985454559326172,63968965
2015-04-16,SUZLON.NS,Suzlon Energy,Retail Hype / Turnaround,26.0772762298584,26.26091957092285,25.067241668701172,25.5722599029541,25.5722599029541,47556272
2015-04-17,SUZLON.NS,Suzlon Energy,Retail Hype / Turnaround,25.664079666137695,26.169097900390625,25.159061431884766,25.38861656188965,25.38861656188965,46231259
2015-04-20,SUZLON.NS,Suzlon Energy,Retail Hype / Turnaround,25.296794891357422,25.38861656188965,24.057205200195312,24.240848541259766,24.240848541259766,35255533
2015-04-21,SUZLON.NS,Suzlon Energy,Retail Hype / Turnaround,24.286758422851562,24.562223434448242,23.735830307006836,23.873563766479492,23.873563766479492,36129190
2015-04-22,SUZLON.NS,Suzlon Energy,Retail Hype / Turnaround,23.965383529663086,24.332670211791992,22.863527297973633,23.64400863647461,23.64400863647461,46236940
2015-04-23,SUZLON.NS,Suzlon Energy,Retail Hype / Turnaround,23.873563766479492,24.14902687072754,23.41445541381836,23.598098754882812,23.598098754882812,26552427
2015-04-24,SUZLON.NS,Suzlon Energy,Retail Hype / Turnaround,23.735830307006836,23.781740188598633,22.312599182128906,22.542152404785156,22.542152404785156,49926114
2015-04-27,SUZLON.NS,Suzlon Energy,Retail Hype / Turnaround,22.771705627441406,22.863527297973633,20.79754638671875,21.027099609375,21.027099609375,56382117
2015-04-28,SUZLON.NS,Suzlon Energy,Retail Hype / Turnaround,20.476171493530273,22.49624252319336,20.430259704589844,22.037134170532227,22.037134170532227,41301228
2015-04-29,SUZLON.NS,Suzlon Energy,Retail Hype / Turnaround,22.22077751159668,23.368545532226562,21.853492736816406,21.99122428894043,21.99122428894043,48984191
2015-04-30,SUZLON.NS,Suzlon Energy,Retail Hype / Turnaround,22.037134170532227,22.358509063720703,21.623937606811523,21.853492736816406,21.853492736816406,33845032
2015-05-04,SUZLON.NS,Suzlon Energy,Retail Hype / Turnaround,22.128955841064453,22.863527297973633,22.128955841064453,22.679885864257812,22.679885864257812,33584042
2015-05-05,SUZLON.NS,Suzlon Energy,Retail Hype / Turnaround,22.771705627441406,22.771705627441406,21.9453125,22.083044052124023,22.083044052124023,27671451
2015-05-06,SUZLON.NS,Suzlon Energy,Retail Hype / Turnaround,21.99122428894043,22.037134170532227,20.935277938842773,21.118921279907227,21.118921279907227,45060943
2015-05-07,SUZLON.NS,Suzlon Energy,Retail Hype / Turnaround,21.118921279907227,21.623937606811523,20.75163459777832,21.118921279907227,21.118921279907227,43051273
2015-05-08,SUZLON.NS,Suzlon Energy,Retail Hype / Turnaround,21.578027725219727,22.312599182128906,21.53211784362793,22.083044052124023,22.083044052124023,33743371
2015-05-11,SUZLON.NS,Suzlon Energy,Retail Hype / Turnaround,22.312599182128906,22.863527297973633,22.266687393188477,22.358509063720703,22.358509063720703,27159752
2015-05-12,SUZLON.NS,Suzlon Energy,Retail Hype / Turnaround,22.358509063720703,22.45033073425293,21.30256462097168,21.394384384155273,21.394384384155273,24974854
2015-05-13,SUZLON.NS,Suzlon Energy,Retail Hype / Turnaround,21.578027725219727,22.128955841064453,21.394384384155273,21.99122428894043,21.99122428894043,27096212
2015-05-14,SUZLON.NS,Suzlon Energy,Retail Hype / Turnaround,21.899402618408203,22.404420852661133,21.578027725219727,22.174867630004883,22.174867630004883,22735932
2015-05-15,SUZLON.NS,Suzlon Energy,Retail Hype / Turnaround,22.49624252319336,23.965383529663086,22.49624252319336,23.460365295410156,23.460365295410156,61133499
2015-05-18,SUZLON.NS,Suzlon Energy,Retail Hype / Turnaround,23.506277084350586,24.42449188232422,22.542152404785156,24.011295318603516,24.011295318603516,59551085
2015-05-19,SUZLON.NS,Suzlon Energy,Retail Hype / Turnaround,24.240848541259766,24.65404510498047,23.827651977539062,24.011295318603516,24.011295318603516,56846192
2015-05-20,SUZLON.NS,Suzlon Energy,Retail Hype / Turnaround,24.19493865966797,24.286758422851562,23.506277084350586,23.64400863647461,23.64400863647461,21418282
2015-05-21,SUZLON.NS,Suzlon Energy,Retail Hype / Turnaround,23.506277084350586,23.735830307006836,23.047170639038086,23.18490219116211,23.18490219116211,17362952
2015-05-22,SUZLON.NS,Suzlon Energy,Retail Hype / Turnaround,23.230812072753906,23.552188873291016,22.863527297973633,22.95534896850586,22.95534896850586,14856490
2015-05-25,SUZLON.NS,Suzlon Energy,Retail Hype / Turnaround,22.95534896850586,23.368545532226562,22.542152404785156,22.72579574584961,22.72579574584961,20142822
2015-05-26,SUZLON.NS,Suzlon Energy,Retail Hype / Turnaround,22.72579574584961,23.598098754882812,22.542152404785156,23.093080520629883,23.093080520629883,34724917
2015-05-27,SUZLON.NS,Suzlon Energy,Retail Hype / Turnaround,22.817617416381836,23.138992309570312,22.633974075317383,23.001258850097656,23.001258850097656,18013947
2015-05-28,SUZLON.NS,Suzlon Energy,Retail Hype / Turnaround,23.093080520629883,23.735830307006836,23.093080520629883,23.276723861694336,23.276723861694336,23019661
2015-05-29,SUZLON.NS,Suzlon Energy,Retail Hype / Turnaround,23.368545532226562,23.64400863647461,22.817617416381836,23.138992309570312,23.138992309570312,25053908
2015-06-01,SUZLON.NS,Suzlon Energy,Retail Hype / Turnaround,21.853492736816406,22.542152404785156,21.669849395751953,21.9453125,21.9453125,34049475
2015-06-02,SUZLON.NS,Suzlon Energy,Retail Hype / Turnaround,21.9453125,22.174867630004883,20.889366149902344,21.027099609375,21.027099609375,42302657
2015-06-03,SUZLON.NS,Suzlon Energy,Retail Hype / Turnaround,21.073009490966797,21.25665283203125,18.547922134399414,19.144760131835938,19.144760131835938,84584142
2015-06-04,SUZLON.NS,Suzlon Energy,Retail Hype / Turnaround,19.466136932373047,19.83342170715332,18.961118698120117,19.60386848449707,19.60386848449707,30801763
2015-06-05,SUZLON.NS,Suzlon Energy,Retail Hype / Turnaround,19.60386848449707,20.01706314086914,19.190671920776367,19.60386848449707,19.60386848449707,24416075
2015-06-08,SUZLON.NS,Suzlon Energy,Retail Hype / Turnaround,19.649778366088867,19.787511825561523,18.502010345458984,18.82338523864746,18.82338523864746,19885545
2015-06-09,SUZLON.NS,Suzlon Energy,Retail Hype / Turnaround,18.685653686523438,18.961118698120117,18.36427879333496,18.777475357055664,18.777475357055664,34021685
2015-06-10,SUZLON.NS,Suzlon Energy,Retail Hype / Turnaround,18.82338523864746,19.144760131835938,18.63974380493164,18.961118698120117,18.961118698120117,28890353
2015-06-11,SUZLON.NS,Suzlon Energy,Retail Hype / Turnaround,19.05293846130371,20.06297492980957,18.915206909179688,19.512046813964844,19.512046813964844,44606354
2015-06-12,SUZLON.NS,Suzlon Energy,Retail Hype / Turnaround,19.60386848449707,20.154796600341797,19.512046813964844,20.01706314086914,20.01706314086914,28912540
2015-06-15,SUZLON.NS,Suzlon Energy,Retail Hype / Turnaround,19.925243377685547,20.33843994140625,19.83342170715332,20.200706481933594,20.200706481933594,23905959
2015-06-16,SUZLON.NS,Suzlon Energy,Retail Hype / Turnaround,20.200706481933594,20.476171493530273,19.695688247680664,19.971153259277344,19.971153259277344,18142740
2015-06-17,SUZLON.NS,Suzlon Energy,Retail Hype / Turnaround,20.200706481933594,20.246618270874023,19.83342170715332,19.971153259277344,19.971153259277344,18763087
2015-06-18,SUZLON.NS,Suzlon Energy,Retail Hype / Turnaround,20.01706314086914,21.073009490966797,19.925243377685547,20.613903045654297,20.613903045654297,36611884
2015-06-19,SUZLON.NS,Suzlon Energy,Retail Hype / Turnaround,20.79754638671875,21.30256462097168,20.613903045654297,21.027099609375,21.027099609375,33155937
2015-06-22,SUZLON.NS,Suzlon Energy,Retail Hype / Turnaround,21.348474502563477,22.358509063720703,21.25665283203125,22.174867630004883,22.174867630004883,47178860
2015-06-23,SUZLON.NS,Suzlon Energy,Retail Hype / Turnaround,22.312599182128906,22.588062286376953,21.4862060546875,21.623937606811523,21.623937606811523,27882375
2015-06-24,SUZLON.NS,Suzlon Energy,Retail Hype / Turnaround,21.807580947875977,21.807580947875977,20.567991256713867,20.705724716186523,20.705724716186523,24668010
2015-06-25,SUZLON.NS,Suzlon Energy,Retail Hype / Turnaround,20.705724716186523,20.843456268310547,20.108884811401367,20.75163459777832,20.75163459777832,32737409
2015-06-26,SUZLON.NS,Suzlon Energy,Retail Hype / Turnaround,20.567991256713867,20.705724716186523,20.108884811401367,20.200706481933594,20.200706481933594,29290986
2015-06-29,SUZLON.NS,Suzlon Energy,Retail Hype / Turnaround,19.282493591308594,19.879331588745117,18.86929702758789,19.695688247680664,19.695688247680664,26097394
2015-06-30,SUZLON.NS,Suzlon Energy,Retail Hype / Turnaround,19.787511825561523,20.613903045654297,19.695688247680664,20.384349822998047,20.384349822998047,29674693
2015-07-01,SUZLON.NS,Suzlon Energy,Retail Hype / Turnaround,20.613903045654297,21.394384384155273,20.476171493530273,21.25665283203125,21.25665283203125,35943139
2015-07-02,SUZLON.NS,Suzlon Energy,Retail Hype / Turnaround,21.394384384155273,21.394384384155273,20.705724716186523,20.79754638671875,20.79754638671875,23927482
2015-07-03,SUZLON.NS,Suzlon Energy,Retail Hype / Turnaround,20.843456268310547,21.073009490966797,20.33843994140625,20.430259704589844,20.430259704589844,19021817
2015-07-06,SUZLON.NS,Suzlon Energy,Retail Hype / Turnaround,19.83342170715332,20.659814834594727,19.83342170715332,20.567991256713867,20.567991256713867,21503881
2015-07-07,SUZLON.NS,Suzlon Energy,Retail Hype / Turnaround,20.659814834594727,20.843456268310547,20.246618270874023,20.33843994140625,20.33843994140625,17473295
2015-07-08,SUZLON.NS,Suzlon Energy,Retail Hype / Turnaround,19.971153259277344,20.33843994140625,19.55795669555664,19.925243377685547,19.925243377685547,25739698
2015-07-09,SUZLON.NS,Suzlon Energy,Retail Hype / Turnaround,20.108884811401367,21.99122428894043,20.01706314086914,21.210742950439453,21.210742950439453,65461700
2015-07-10,SUZLON.NS,Suzlon Energy,Retail Hype / Turnaround,21.440296173095703,21.623937606811523,20.981189727783203,21.30256462097168,21.30256462097168,38328906
2015-07-13,SUZLON.NS,Suzlon Energy,Retail Hype / Turnaround,21.30256462097168,21.53211784362793,21.027099609375,21.30256462097168,21.30256462097168,18068206
2015-07-14,SUZLON.NS,Suzlon Energy,Retail Hype / Turnaround,21.4862060546875,21.4862060546875,20.75163459777832,20.843456268310547,20.843456268310547,17861744
2015-07-15,SUZLON.NS,Suzlon Energy,Retail Hype / Turnaround,21.027099609375,21.25665283203125,20.567991256713867,20.705724716186523,20.705724716186523,15732007
2015-07-16,SUZLON.NS,Suzlon Energy,Retail Hype / Turnaround,20.889366149902344,21.53211784362793,20.75163459777832,21.164831161499023,21.164831161499023,21076260
2015-07-17,SUZLON.NS,Suzlon Energy,Retail Hype / Turnaround,21.210742950439453,21.4862060546875,20.981189727783203,21.30256462097168,21.30256462097168,19396644
2015-07-20,SUZLON.NS,Suzlon Energy,Retail Hype / Turnaround,21.394384384155273,22.037134170532227,21.118921279907227,21.440296173095703,21.440296173095703,28082951
2015-07-21,SUZLON.NS,Suzlon Energy,Retail Hype / Turnaround,21.440296173095703,21.440296173095703,19.925243377685547,20.108884811401367,20.108884811401367,31720677
2015-07-22,SUZLON.NS,Suzlon Energy,Retail Hype / Turnaround,20.108884811401367,20.430259704589844,19.925243377685547,20.246618270874023,20.246618270874023,20932368
2015-07-23,SUZLON.NS,Suzlon Energy,Retail Hype / Turnaround,20.384349822998047,20.476171493530273,19.925243377685547,20.01706314086914,20.01706314086914,13826225
2015-07-24,SUZLON.NS,Suzlon Energy,Retail Hype / Turnaround,20.06297492980957,20.52208137512207,20.01706314086914,20.108884811401367,20.108884811401367,15220927
2015-07-27,SUZLON.NS,Suzlon Energy,Retail Hype / Turnaround,19.971153259277344,20.384349822998047,19.282493591308594,19.649778366088867,19.649778366088867,16400261
2015-07-28,SUZLON.NS,Suzlon Energy,Retail Hype / Turnaround,19.420225143432617,19.695688247680664,18.915206909179688,19.007028579711914,19.007028579711914,20149537
2015-07-29,SUZLON.NS,Suzlon Energy,Retail Hype / Turnaround,19.236581802368164,19.741600036621094,19.190671920776367,19.55795669555664,19.55795669555664,14970638
2015-07-30,SUZLON.NS,Suzlon Energy,Retail Hype / Turnaround,19.879331588745117,20.29252815246582,19.695688247680664,20.108884811401367,20.108884811401367,22515827
2015-07-31,SUZLON.NS,Suzlon Energy,Retail Hype / Turnaround,20.33843994140625,21.027099609375,19.695688247680664,20.108884811401367,20.108884811401367,50033713
2015-08-03,SUZLON.NS,Suzlon Energy,Retail Hype / Turnaround,21.4862060546875,23.781740188598633,21.348474502563477,22.404420852661133,22.404420852661133,173383121
2015-08-04,SUZLON.NS,Suzlon Energy,Retail Hype / Turnaround,22.633974075317383,22.95534896850586,21.99122428894043,22.404420852661133,22.404420852661133,46356255
2015-08-05,SUZLON.NS,Suzlon Energy,Retail Hype / Turnaround,22.542152404785156,25.067241668701172,22.45033073425293,24.791776657104492,24.791776657104492,149731510
2015-08-06,SUZLON.NS,Suzlon Energy,Retail Hype / Turnaround,24.929508209228516,25.709991455078125,23.598098754882812,23.827651977539062,23.827651977539062,87580896
2015-08-07,SUZLON.NS,Suzlon Energy,Retail Hype / Turnaround,23.873563766479492,24.19493865966797,22.90943717956543,23.093080520629883,23.093080520629883,48116399
2015-08-10,SUZLON.NS,Suzlon Energy,Retail Hype / Turnaround,23.276723861694336,23.598098754882812,22.542152404785156,22.633974075317383,22.633974075317383,48209439
2015-08-11,SUZLON.NS,Suzlon Energy,Retail Hype / Turnaround,22.863527297973633,22.863527297973633,21.53211784362793,21.669849395751953,21.669849395751953,35360477
2015-08-12,SUZLON.NS,Suzlon Energy,Retail Hype / Turnaround,21.4862060546875,22.72579574584961,21.164831161499023,21.99122428894043,21.99122428894043,55906144
2015-08-13,SUZLON.NS,Suzlon Energy,Retail Hype / Turnaround,22.266687393188477,22.817617416381836,22.128955841064453,22.358509063720703,22.358509063720703,33019093
2015-08-14,SUZLON.NS,Suzlon Energy,Retail Hype / Turnaround,22.49624252319336,22.90943717956543,22.45033073425293,22.588062286376953,22.588062286376953,29081366
2015-08-17,SUZLON.NS,Suzlon Energy,Retail Hype / Turnaround,22.49624252319336,22.588062286376953,21.623937606811523,21.76167106628418,21.76167106628418,19514400
2015-08-18,SUZLON.NS,Suzlon Energy,Retail Hype / Turnaround,21.899402618408203,22.45033073425293,21.76167106628418,21.807580947875977,21.807580947875977,21521795
2015-08-19,SUZLON.NS,Suzlon Energy,Retail Hype / Turnaround,21.853492736816406,23.322633743286133,21.71575927734375,22.72579574584961,22.72579574584961,47170721
2015-08-20,SUZLON.NS,Suzlon Energy,Retail Hype / Turnaround,22.679885864257812,23.873563766479492,22.542152404785156,22.90943717956543,22.90943717956543,89551019
2015-08-21,SUZLON.NS,Suzlon Energy,Retail Hype / Turnaround,22.037134170532227,22.679885864257812,21.807580947875977,22.45033073425293,22.45033073425293,31123956
2015-08-24,SUZLON.NS,Suzlon Energy,Retail Hype / Turnaround,21.210742950439453,21.807580947875977,19.236581802368164,19.55795669555664,19.55795669555664,57485874
2015-08-25,SUZLON.NS,Suzlon Energy,Retail Hype / Turnaround,19.83342170715332,21.027099609375,18.180635452270508,20.06297492980957,20.06297492980957,64747930
2015-08-26,SUZLON.NS,Suzlon Energy,Retail Hype / Turnaround,19.971153259277344,20.567991256713867,19.420225143432617,19.83342170715332,19.83342170715332,24765333
2015-08-27,SUZLON.NS,Suzlon Energy,Retail Hype / Turnaround,20.567991256713867,20.843456268310547,20.200706481933594,20.476171493530273,20.476171493530273,15708407
2015-08-28,SUZLON.NS,Suzlon Energy,Retail Hype / Turnaround,20.981189727783203,21.210742950439453,20.200706481933594,20.29252815246582,20.29252815246582,24933241
2015-08-31,SUZLON.NS,Suzlon Energy,Retail Hype / Turnaround,20.246618270874023,20.476171493530273,19.971153259277344,20.29252815246582,20.29252815246582,16933862
2015-09-01,SUZLON.NS,Suzlon Energy,Retail Hype / Turnaround,20.01706314086914,20.29252815246582,19.420225143432617,19.649778366088867,19.649778366088867,23995500
2015-09-02,SUZLON.NS,Suzlon Energy,Retail Hype / Turnaround,20.01706314086914,20.108884811401367,19.60386848449707,19.695688247680664,19.695688247680664,24212127
2015-09-03,SUZLON.NS,Suzlon Energy,Retail Hype / Turnaround,19.879331588745117,20.476171493530273,19.649778366088867,20.200706481933594,20.200706481933594,22157422
2015-09-04,SUZLON.NS,Suzlon Energy,Retail Hype / Turnaround,20.01706314086914,20.06297492980957,19.007028579711914,19.144760131835938,19.144760131835938,26573027
2015-09-07,SUZLON.NS,Suzlon Energy,Retail Hype / Turnaround,19.282493591308594,19.282493591308594,18.088815689086914,18.226547241210938,18.226547241210938,29614771
2015-09-08,SUZLON.NS,Suzlon Energy,Retail Hype / Turnaround,18.36427879333496,18.82338523864746,17.537885665893555,18.456100463867188,18.456100463867188,33692388
2015-09-09,SUZLON.NS,Suzlon Energy,Retail Hype / Turnaround,18.915206909179688,20.29252815246582,18.731563568115234,20.108884811401367,20.108884811401367,58616625
2015-09-10,SUZLON.NS,Suzlon Energy,Retail Hype / Turnaround,19.649778366088867,20.01706314086914,19.190671920776367,19.925243377685547,19.925243377685547,35200122
2015-09-11,SUZLON.NS,Suzlon Energy,Retail Hype / Turnaround,20.154796600341797,20.384349822998047,19.971153259277344,20.246618270874023,20.246618270874023,29914580
2015-09-14,SUZLON.NS,Suzlon Energy,Retail Hype / Turnaround,20.476171493530273,20.613903045654297,20.154796600341797,20.430259704589844,20.430259704589844,24350807
2015-09-15,SUZLON.NS,Suzlon Energy,Retail Hype / Turnaround,20.384349822998047,20.476171493530273,19.466136932373047,19.55795669555664,19.55795669555664,16045632
2015-09-16,SUZLON.NS,Suzlon Energy,Retail Hype / Turnaround,19.83342170715332,19.925243377685547,19.374313354492188,19.466136932373047,19.466136932373047,14312063
2015-09-18,SUZLON.NS,Suzlon Energy,Retail Hype / Turnaround,19.741600036621094,20.33843994140625,19.512046813964844,19.60386848449707,19.60386848449707,19725558
2015-09-21,SUZLON.NS,Suzlon Energy,Retail Hype / Turnaround,19.282493591308594,20.01706314086914,19.236581802368164,19.879331588745117,19.879331588745117,16200828
2015-09-22,SUZLON.NS,Suzlon Energy,Retail Hype / Turnaround,20.108884811401367,20.108884811401367,18.82338523864746,19.007028579711914,19.007028579711914,22366176
2015-09-23,SUZLON.NS,Suzlon Energy,Retail Hype / Turnaround,18.82338523864746,19.32840347290039,18.502010345458984,18.63974380493164,18.63974380493164,35561940
2015-09-24,SUZLON.NS,Suzlon Energy,Retail Hype / Turnaround,18.82338523864746,19.007028579711914,18.63974380493164,18.731563568115234,18.731563568115234,16814567
2015-09-28,SUZLON.NS,Suzlon Energy,Retail Hype / Turnaround,18.86929702758789,18.961118698120117,18.502010345458984,18.547922134399414,18.547922134399414,11958098
2015-09-29,SUZLON.NS,Suzlon Energy,Retail Hype / Turnaround,18.272457122802734,18.82338523864746,18.180635452270508,18.547922134399414,18.547922134399414,23064900
2015-09-30,SUZLON.NS,Suzlon Energy,Retail Hype / Turnaround,18.731563568115234,19.190671920776367,18.685653686523438,19.144760131835938,19.144760131835938,21633510
2015-10-01,SUZLON.NS,Suzlon Energy,Retail Hype / Turnaround,19.512046813964844,19.971153259277344,19.236581802368164,19.512046813964844,19.512046813964844,25716289
2015-10-05,SUZLON.NS,Suzlon Energy,Retail Hype / Turnaround,19.741600036621094,20.200706481933594,19.741600036621094,19.925243377685547,19.925243377685547,20931799
2015-10-06,SUZLON.NS,Suzlon Energy,Retail Hype / Turnaround,20.33843994140625,20.843456268310547,20.246618270874023,20.430259704589844,20.430259704589844,34695430
2015-10-07,SUZLON.NS,Suzlon Energy,Retail Hype / Turnaround,20.613903045654297,20.843456268310547,20.29252815246582,20.659814834594727,20.659814834594727,25943476
2015-10-08,SUZLON.NS,Suzlon Energy,Retail Hype / Turnaround,20.79754638671875,20.889366149902344,20.154796600341797,20.33843994140625,20.33843994140625,22510518
2015-10-09,SUZLON.NS,Suzlon Energy,Retail Hype / Turnaround,21.118921279907227,22.633974075317383,20.843456268310547,21.9453125,21.9453125,93013524
2015-10-12,SUZLON.NS,Suzlon Energy,Retail Hype / Turnaround,22.128955841064453,22.45033073425293,21.623937606811523,21.76167106628418,21.76167106628418,41861613
2015-10-13,SUZLON.NS,Suzlon Energy,Retail Hype / Turnaround,21.9453125,21.99122428894043,21.440296173095703,21.623937606811523,21.623937606811523,23392187
2015-10-14,SUZLON.NS,Suzlon Energy,Retail Hype / Turnaround,21.807580947875977,22.358509063720703,21.578027725219727,21.899402618408203,21.899402618408203,27818517
2015-10-15,SUZLON.NS,Suzlon Energy,Retail Hype / Turnaround,22.128955841064453,23.047170639038086,22.037134170532227,22.771705627441406,22.771705627441406,41493336
2015-10-16,SUZLON.NS,Suzlon Energy,Retail Hype / Turnaround,23.047170639038086,23.093080520629883,21.9453125,22.083044052124023,22.083044052124023,41921608
2015-10-19,SUZLON.NS,Suzlon Energy,Retail Hype / Turnaround,22.22077751159668,22.404420852661133,21.76167106628418,21.899402618408203,21.899402618408203,23243674
2015-10-20,SUZLON.NS,Suzlon Energy,Retail Hype / Turnaround,21.99122428894043,22.817617416381836,21.853492736816406,22.49624252319336,22.49624252319336,76604890
2015-10-21,SUZLON.NS,Suzlon Energy,Retail Hype / Turnaround,22.45033073425293,22.49624252319336,21.623937606811523,21.99122428894043,21.99122428894043,31433623
2015-10-23,SUZLON.NS,Suzlon Energy,Retail Hype / Turnaround,22.128955841064453,22.174867630004883,21.118921279907227,21.210742950439453,21.210742950439453,27140786
2015-10-26,SUZLON.NS,Suzlon Energy,Retail Hype / Turnaround,21.30256462097168,22.037134170532227,21.164831161499023,21.899402618408203,21.899402618408203,43056148
2015-10-27,SUZLON.NS,Suzlon Energy,Retail Hype / Turnaround,21.99122428894043,22.128955841064453,21.4862060546875,21.578027725219727,21.578027725219727,33029770
2015-10-28,SUZLON.NS,Suzlon Energy,Retail Hype / Turnaround,21.53211784362793,21.807580947875977,21.30256462097168,21.394384384155273,21.394384384155273,18783347
2015-10-29,SUZLON.NS,Suzlon Energy,Retail Hype / Turnaround,21.4862060546875,22.49624252319336,21.440296173095703,22.083044052124023,22.083044052124023,45356604
2015-10-30,SUZLON.NS,Suzlon Energy,Retail Hype / Turnaround,22.358509063720703,23.047170639038086,22.174867630004883,22.588062286376953,22.588062286376953,94514373
2015-11-02,SUZLON.NS,Suzlon Energy,Retail Hype / Turnaround,22.037134170532227,23.18490219116211,21.853492736816406,22.312599182128906,22.312599182128906,72193744
2015-11-03,SUZLON.NS,Suzlon Energy,Retail Hype / Turnaround,22.312599182128906,22.49624252319336,21.027099609375,21.118921279907227,21.118921279907227,49316424
2015-11-04,SUZLON.NS,Suzlon Energy,Retail Hype / Turnaround,21.394384384155273,21.623937606811523,20.705724716186523,20.75163459777832,20.75163459777832,36108848
2015-11-05,SUZLON.NS,Suzlon Energy,Retail Hype / Turnaround,20.75163459777832,20.889366149902344,19.787511825561523,19.879331588745117,19.879331588745117,43784550
2015-11-06,SUZLON.NS,Suzlon Energy,Retail Hype / Turnaround,19.971153259277344,20.246618270874023,19.649778366088867,19.83342170715332,19.83342170715332,32515740
2015-11-09,SUZLON.NS,Suzlon Energy,Retail Hype / Turnaround,19.190671920776367,20.01706314086914,18.731563568115234,19.879331588745117,19.879331588745117,52614423
2015-11-10,SUZLON.NS,Suzlon Energy,Retail Hype / Turnaround,19.925243377685547,20.246618270874023,19.466136932373047,19.695688247680664,19.695688247680664,41851645
2015-11-13,SUZLON.NS,Suzlon Energy,Retail Hype / Turnaround,20.246618270874023,20.75163459777832,20.01706314086914,20.52208137512207,20.52208137512207,29241146
2015-11-16,SUZLON.NS,Suzlon Energy,Retail Hype / Turnaround,20.476171493530273,20.613903045654297,20.108884811401367,20.384349822998047,20.384349822998047,18401978
2015-11-17,SUZLON.NS,Suzlon Energy,Retail Hype / Turnaround,20.567991256713867,20.705724716186523,19.879331588745117,20.01706314086914,20.01706314086914,28772471
2015-11-18,SUZLON.NS,Suzlon Energy,Retail Hype / Turnaround,20.200706481933594,20.29252815246582,19.695688247680664,19.83342170715332,19.83342170715332,19961826
2015-11-19,SUZLON.NS,Suzlon Energy,Retail Hype / Turnaround,19.741600036621094,20.29252815246582,19.649778366088867,19.925243377685547,19.925243377685547,35580051
2015-11-20,SUZLON.NS,Suzlon Energy,Retail Hype / Turnaround,20.108884811401367,20.659814834594727,20.01706314086914,20.29252815246582,20.29252815246582,32185045
2015-11-23,SUZLON.NS,Suzlon Energy,Retail Hype / Turnaround,20.430259704589844,20.705724716186523,20.108884811401367,20.200706481933594,20.200706481933594,22108638
2015-11-24,SUZLON.NS,Suzlon Energy,Retail Hype / Turnaround,20.200706481933594,20.567991256713867,20.154796600341797,20.33843994140625,20.33843994140625,19742676
2015-11-26,SUZLON.NS,Suzlon Energy,Retail Hype / Turnaround,20.200706481933594,20.430259704589844,20.01706314086914,20.154796600341797,20.154796600341797,23611278
2015-11-27,SUZLON.NS,Suzlon Energy,Retail Hype / Turnaround,20.200706481933594,20.29252815246582,19.787511825561523,19.879331588745117,19.879331588745117,24331166
2015-11-30,SUZLON.NS,Suzlon Energy,Retail Hype / Turnaround,20.01706314086914,20.154796600341797,19.879331588745117,19.925243377685547,19.925243377685547,21766991
2015-12-01,SUZLON.NS,Suzlon Energy,Retail Hype / Turnaround,20.200706481933594,21.210742950439453,20.108884811401367,20.843456268310547,20.843456268310547,82546335
2015-12-02,SUZLON.NS,Suzlon Energy,Retail Hype / Turnaround,20.843456268310547,20.889366149902344,20.384349822998047,20.430259704589844,20.430259704589844,29104447
2015-12-03,SUZLON.NS,Suzlon Energy,Retail Hype / Turnaround,20.52208137512207,20.981189727783203,20.384349822998047,20.430259704589844,20.430259704589844,35175389
2015-12-04,SUZLON.NS,Suzlon Energy,Retail Hype / Turnaround,20.384349822998047,20.935277938842773,20.33843994140625,20.430259704589844,20.430259704589844,32777126
2015-12-07,SUZLON.NS,Suzlon Energy,Retail Hype / Turnaround,20.705724716186523,21.027099609375,20.01706314086914,20.108884811401367,20.108884811401367,36649733
2015-12-08,SUZLON.NS,Suzlon Energy,Retail Hype / Turnaround,20.108884811401367,20.246618270874023,19.512046813964844,19.60386848449707,19.60386848449707,20730640
2015-12-09,SUZLON.NS,Suzlon Energy,Retail Hype / Turnaround,19.649778366088867,19.695688247680664,18.777475357055664,19.007028579711914,19.007028579711914,32156283
2015-12-10,SUZLON.NS,Suzlon Energy,Retail Hype / Turnaround,19.466136932373047,19.55795669555664,19.09885025024414,19.420225143432617,19.420225143432617,23945430
2015-12-11,SUZLON.NS,Suzlon Energy,Retail Hype / Turnaround,19.512046813964844,19.512046813964844,18.961118698120117,19.144760131835938,19.144760131835938,20182475
2015-12-14,SUZLON.NS,Suzlon Energy,Retail Hype / Turnaround,19.282493591308594,19.512046813964844,19.144760131835938,19.282493591308594,19.282493591308594,15640780
2015-12-15,SUZLON.NS,Suzlon Energy,Retail Hype / Turnaround,19.282493591308594,19.32840347290039,18.82338523864746,19.007028579711914,19.007028579711914,19323959
2015-12-16,SUZLON.NS,Suzlon Energy,Retail Hype / Turnaround,19.007028579711914,19.282493591308594,18.777475357055664,18.82338523864746,18.82338523864746,23211204
2015-12-17,SUZLON.NS,Suzlon Energy,Retail Hype / Turnaround,19.55795669555664,19.649778366088867,19.09885025024414,19.374313354492188,19.374313354492188,45039027
2015-12-18,SUZLON.NS,Suzlon Energy,Retail Hype / Turnaround,19.374313354492188,19.83342170715332,19.09885025024414,19.512046813964844,19.512046813964844,33284635
2015-12-21,SUZLON.NS,Suzlon Energy,Retail Hype / Turnaround,19.55795669555664,19.787511825561523,19.466136932373047,19.55795669555664,19.55795669555664,22165578
2015-12-22,SUZLON.NS,Suzlon Energy,Retail Hype / Turnaround,19.649778366088867,19.649778366088867,19.236581802368164,19.282493591308594,19.282493591308594,22813683
2015-12-23,SUZLON.NS,Suzlon Energy,Retail Hype / Turnaround,19.420225143432617,19.420225143432617,19.007028579711914,19.05293846130371,19.05293846130371,15716407
2015-12-24,SUZLON.NS,Suzlon Energy,Retail Hype / Turnaround,19.282493591308594,19.374313354492188,19.09885025024414,19.144760131835938,19.144760131835938,14953976
2015-12-28,SUZLON.NS,Suzlon Energy,Retail Hype / Turnaround,19.374313354492188,19.512046813964844,19.282493591308594,19.32840347290039,19.32840347290039,16281457
2015-12-29,SUZLON.NS,Suzlon Energy,Retail Hype / Turnaround,19.420225143432617,19.420225143432617,19.05293846130371,19.09885025024414,19.09885025024414,13550315
2015-12-30,SUZLON.NS,Suzlon Energy,Retail Hype / Turnaround,19.236581802368164,19.32840347290039,18.961118698120117,19.05293846130371,19.05293846130371,17022456
2015-12-31,SUZLON.NS,Suzlon Energy,Retail Hype / Turnaround,19.007028579711914,19.282493591308594,18.731563568115234,19.144760131835938,19.144760131835938,22529885
2016-01-01,SUZLON.NS,Suzlon Energy,Retail Hype / Turnaround,19.190671920776367,20.200706481933594,19.007028579711914,20.06297492980957,20.06297492980957,39087254
2016-01-04,SUZLON.NS,Suzlon Energy,Retail Hype / Turnaround,20.06297492980957,21.073009490966797,19.925243377685547,20.889366149902344,20.889366149902344,66234455
2016-01-05,SUZLON.NS,Suzlon Energy,Retail Hype / Turnaround,21.118921279907227,21.348474502563477,20.889366149902344,21.027099609375,21.027099609375,49135746
2016-01-06,SUZLON.NS,Suzlon Energy,Retail Hype / Turnaround,21.073009490966797,21.118921279907227,20.200706481933594,20.29252815246582,20.29252815246582,30448578
2016-01-07,SUZLON.NS,Suzlon Energy,Retail Hype / Turnaround,19.741600036621094,19.971153259277344,19.144760131835938,19.236581802368164,19.236581802368164,40430272
2016-01-08,SUZLON.NS,Suzlon Energy,Retail Hype / Turnaround,19.466136932373047,20.29252815246582,19.466136932373047,19.83342170715332,19.83342170715332,41082058
2016-01-11,SUZLON.NS,Suzlon Energy,Retail Hype / Turnaround,19.420225143432617,20.154796600341797,19.190671920776367,19.420225143432617,19.420225143432617,40862560
2016-01-12,SUZLON.NS,Suzlon Energy,Retail Hype / Turnaround,19.55795669555664,19.741600036621094,18.915206909179688,19.007028579711914,19.007028579711914,33760427
2016-01-13,SUZLON.NS,Suzlon Energy,Retail Hype / Turnaround,19.32840347290039,19.420225143432617,18.272457122802734,19.05293846130371,19.05293846130371,54613815
2016-01-14,SUZLON.NS,Suzlon Energy,Retail Hype / Turnaround,18.456100463867188,19.007028579711914,18.272457122802734,18.547922134399414,18.547922134399414,22025770
2016-01-15,SUZLON.NS,Suzlon Energy,Retail Hype / Turnaround,18.82338523864746,19.374313354492188,17.951082229614258,18.13472557067871,18.13472557067871,35627059
2016-01-18,SUZLON.NS,Suzlon Energy,Retail Hype / Turnaround,18.41019058227539,18.41019058227539,16.895137786865234,17.308332443237305,17.308332443237305,37958589
2016-01-19,SUZLON.NS,Suzlon Energy,Retail Hype / Turnaround,17.44606590270996,18.180635452270508,17.354244232177734,17.951082229614258,17.951082229614258,27552839
2016-01-20,SUZLON.NS,Suzlon Energy,Retail Hype / Turnaround,17.813350677490234,17.813350677490234,17.17060089111328,17.262422561645508,17.262422561645508,44121120
2016-01-21,SUZLON.NS,Suzlon Energy,Retail Hype / Turnaround,17.537885665893555,17.767440795898438,16.94104766845703,17.032869338989258,17.032869338989258,39349401
2016-01-22,SUZLON.NS,Suzlon Energy,Retail Hype / Turnaround,17.262422561645508,17.491975784301758,17.216510772705078,17.308332443237305,17.308332443237305,23264600
2016-01-25,SUZLON.NS,Suzlon Energy,Retail Hype / Turnaround,17.491975784301758,17.813350677490234,16.849225997924805,16.895137786865234,16.895137786865234,35191942
2016-01-27,SUZLON.NS,Suzlon Energy,Retail Hype / Turnaround,17.216510772705078,17.216510772705078,16.527851104736328,16.66558265686035,16.66558265686035,40741052
2016-01-28,SUZLON.NS,Suzlon Energy,Retail Hype / Turnaround,16.757404327392578,17.44606590270996,16.66558265686035,17.308332443237305,17.308332443237305,23227957
2016-01-29,SUZLON.NS,Suzlon Energy,Retail Hype / Turnaround,17.40015411376953,18.82338523864746,17.308332443237305,18.63974380493164,18.63974380493164,51624764
2016-02-01,SUZLON.NS,Suzlon Energy,Retail Hype / Turnaround,18.82338523864746,19.007028579711914,16.986957550048828,17.078779220581055,17.078779220581055,52122565
2016-02-02,SUZLON.NS,Suzlon Energy,Retail Hype / Turnaround,17.12468910217285,17.308332443237305,15.380083084106445,15.563726425170898,15.563726425170898,92399397
2016-02-03,SUZLON.NS,Suzlon Energy,Retail Hype / Turnaround,15.150529861450195,15.288262367248535,12.625441551208496,13.72729778289795,13.72729778289795,270975999
2016-02-04,SUZLON.NS,Suzlon Energy,Retail Hype / Turnaround,14.186405181884766,14.278226852416992,12.67135238647461,13.222281455993652,13.222281455993652,116515229
2016-02-05,SUZLON.NS,Suzlon Energy,Retail Hype / Turnaround,13.451833724975586,14.737334251403809,13.0386381149292,14.461870193481445,14.461870193481445,76763595
2016-02-08,SUZLON.NS,Suzlon Energy,Retail Hype / Turnaround,14.783244132995605,14.920976638793945,14.186405181884766,14.461870193481445,14.461870193481445,40699683
2016-02-09,SUZLON.NS,Suzlon Energy,Retail Hype / Turnaround,14.140495300292969,14.599601745605469,13.773208618164062,13.865030288696289,13.865030288696289,44346878
2016-02-10,SUZLON.NS,Suzlon Energy,Retail Hype / Turnaround,13.773208618164062,13.773208618164062,12.258155822753906,12.487709045410156,12.487709045410156,129800236
2016-02-11,SUZLON.NS,Suzlon Energy,Retail Hype / Turnaround,12.487709045410156,12.625441551208496,11.753137588500977,11.84496021270752,11.84496021270752,65183104
2016-02-12,SUZLON.NS,Suzlon Energy,Retail Hype / Turnaround,12.07451343536377,12.625441551208496,11.753137588500977,12.44179916381836,12.44179916381836,61430693
2016-02-15,SUZLON.NS,Suzlon Energy,Retail Hype / Turnaround,12.90090560913086,13.314102172851562,12.854994773864746,13.0386381149292,13.0386381149292,34137881
2016-02-16,SUZLON.NS,Suzlon Energy,Retail Hype / Turnaround,13.26819133758545,13.26819133758545,12.44179916381836,12.579530715942383,12.579530715942383,31479981
2016-02-17,SUZLON.NS,Suzlon Energy,Retail Hype / Turnaround,12.53361988067627,12.53361988067627,11.982691764831543,12.212244987487793,12.212244987487793,36083250
2016-02-18,SUZLON.NS,Suzlon Energy,Retail Hype / Turnaround,12.487709045410156,12.625441551208496,12.07451343536377,12.212244987487793,12.212244987487793,24640520
2016-02-19,SUZLON.NS,Suzlon Energy,Retail Hype / Turnaround,12.120424270629883,12.44179916381836,11.982691764831543,12.07451343536377,12.07451343536377,25196899
2016-02-22,SUZLON.NS,Suzlon Energy,Retail Hype / Turnaround,12.212244987487793,12.53361988067627,12.028602600097656,12.258155822753906,12.258155822753906,20126300
2016-02-23,SUZLON.NS,Suzlon Energy,Retail Hype / Turnaround,12.395888328552246,12.487709045410156,12.028602600097656,12.120424270629883,12.120424270629883,22622097
2016-02-24,SUZLON.NS,Suzlon Energy,Retail Hype / Turnaround,12.120424270629883,12.349976539611816,12.028602600097656,12.166335105895996,12.166335105895996,21831529
2016-02-25,SUZLON.NS,Suzlon Energy,Retail Hype / Turnaround,12.258155822753906,12.30406665802002,12.028602600097656,12.07451343536377,12.07451343536377,17892198
2016-02-26,SUZLON.NS,Suzlon Energy,Retail Hype / Turnaround,12.258155822753906,12.349976539611816,12.07451343536377,12.258155822753906,12.258155822753906,21557904
2016-02-29,SUZLON.NS,Suzlon Energy,Retail Hype / Turnaround,12.30406665802002,12.90090560913086,12.212244987487793,12.395888328552246,12.395888328552246,57544588
2016-03-01,SUZLON.NS,Suzlon Energy,Retail Hype / Turnaround,12.53361988067627,12.809083938598633,12.258155822753906,12.349976539611816,12.349976539611816,36377020
2016-03-02,SUZLON.NS,Suzlon Energy,Retail Hype / Turnaround,12.625441551208496,12.809083938598633,12.44179916381836,12.67135238647461,12.67135238647461,34180564
2016-03-03,SUZLON.NS,Suzlon Energy,Retail Hype / Turnaround,12.763174057006836,14.048672676086426,12.625441551208496,13.773208618164062,13.773208618164062,92188340
2016-03-04,SUZLON.NS,Suzlon Energy,Retail Hype / Turnaround,13.956851959228516,14.048672676086426,13.589566230773926,13.72729778289795,13.72729778289795,44084236
2016-03-08,SUZLON.NS,Suzlon Energy,Retail Hype / Turnaround,13.819120407104492,13.956851959228516,13.222281455993652,13.314102172851562,13.314102172851562,38117753
2016-03-09,SUZLON.NS,Suzlon Energy,Retail Hype / Turnaround,13.176369667053223,13.4977445602417,12.90090560913086,13.314102172851562,13.314102172851562,31130862
2016-03-10,SUZLON.NS,Suzlon Energy,Retail Hype / Turnaround,13.405922889709473,13.681387901306152,12.992727279663086,13.0386381149292,13.0386381149292,39528084
2016-03-11,SUZLON.NS,Suzlon Energy,Retail Hype / Turnaround,13.0386381149292,13.176369667053223,12.809083938598633,12.946816444396973,12.946816444396973,23265544
2016-03-14,SUZLON.NS,Suzlon Energy,Retail Hype / Turnaround,13.13045883178711,13.176369667053223,12.992727279663086,13.0386381149292,13.0386381149292,27115368
2016-03-15,SUZLON.NS,Suzlon Energy,Retail Hype / Turnaround,13.13045883178711,13.13045883178711,12.625441551208496,12.625441551208496,12.625441551208496,29290632
2016-03-16,SUZLON.NS,Suzlon Energy,Retail Hype / Turnaround,12.625441551208496,12.67135238647461,12.30406665802002,12.395888328552246,12.395888328552246,29194530
2016-03-17,SUZLON.NS,Suzlon Energy,Retail Hype / Turnaround,12.53361988067627,12.763174057006836,12.166335105895996,12.258155822753906,12.258155822753906,40439878
2016-03-18,SUZLON.NS,Suzlon Energy,Retail Hype / Turnaround,12.395888328552246,12.487709045410156,11.84496021270752,11.93678092956543,11.93678092956543,40536533
2016-03-21,SUZLON.NS,Suzlon Energy,Retail Hype / Turnaround,12.07451343536377,12.120424270629883,11.890870094299316,11.93678092956543,11.93678092956543,29559487
2016-03-22,SUZLON.NS,Suzlon Energy,Retail Hype / Turnaround,12.07451343536377,12.44179916381836,11.890870094299316,12.30406665802002,12.30406665802002,43583746
2016-03-23,SUZLON.NS,Suzlon Energy,Retail Hype / Turnaround,12.44179916381836,12.44179916381836,12.166335105895996,12.349976539611816,12.349976539611816,25596826
2016-03-28,SUZLON.NS,Suzlon Energy,Retail Hype / Turnaround,12.349976539611816,12.395888328552246,11.84496021270752,11.890870094299316,11.890870094299316,31631679
2016-03-29,SUZLON.NS,Suzlon Energy,Retail Hype / Turnaround,11.890870094299316,12.07451343536377,11.753137588500977,11.799049377441406,11.799049377441406,28565815
2016-03-30,SUZLON.NS,Suzlon Energy,Retail Hype / Turnaround,12.028602600097656,12.854994773864746,12.028602600097656,12.763174057006836,12.763174057006836,57215853
2016-03-31,SUZLON.NS,Suzlon Energy,Retail Hype / Turnaround,12.809083938598633,13.13045883178711,12.487709045410156,13.0386381149292,13.0386381149292,46043644
2016-04-01,SUZLON.NS,Suzlon Energy,Retail Hype / Turnaround,12.946816444396973,13.26819133758545,12.809083938598633,12.992727279663086,12.992727279663086,23571553
2016-04-04,SUZLON.NS,Suzlon Energy,Retail Hype / Turnaround,13.13045883178711,13.176369667053223,12.90090560913086,13.084548950195312,13.084548950195312,15968887
2016-04-05,SUZLON.NS,Suzlon Energy,Retail Hype / Turnaround,13.0386381149292,13.0386381149292,12.53361988067627,12.625441551208496,12.625441551208496,22147887
2016-04-06,SUZLON.NS,Suzlon Energy,Retail Hype / Turnaround,12.67135238647461,12.992727279663086,12.44179916381836,12.90090560913086,12.90090560913086,22873535
2016-04-07,SUZLON.NS,Suzlon Energy,Retail Hype / Turnaround,12.946816444396973,13.405922889709473,12.946816444396973,13.0386381149292,13.0386381149292,23964343
2016-04-08,SUZLON.NS,Suzlon Energy,Retail Hype / Turnaround,13.0386381149292,13.084548950195312,12.854994773864746,12.946816444396973,12.946816444396973,14311641
2016-04-11,SUZLON.NS,Suzlon Energy,Retail Hype / Turnaround,13.0386381149292,13.314102172851562,12.992727279663086,13.176369667053223,13.176369667053223,23837839
2016-04-12,SUZLON.NS,Suzlon Energy,Retail Hype / Turnaround,13.222281455993652,13.589566230773926,13.084548950195312,13.26819133758545,13.26819133758545,32337114
2016-04-13,SUZLON.NS,Suzlon Energy,Retail Hype / Turnaround,13.360013008117676,13.543656349182129,13.314102172851562,13.360013008117676,13.360013008117676,22978341
2016-04-18,SUZLON.NS,Suzlon Energy,Retail Hype / Turnaround,13.773208618164062,14.094584465026855,13.635477066040039,14.002762794494629,14.002762794494629,43775109
2016-04-20,SUZLON.NS,Suzlon Energy,Retail Hype / Turnaround,14.232316017150879,14.553690910339355,14.094584465026855,14.278226852416992,14.278226852416992,39992629
2016-04-21,SUZLON.NS,Suzlon Energy,Retail Hype / Turnaround,14.278226852416992,14.370047569274902,13.819120407104492,13.865030288696289,13.865030288696289,24965348
2016-04-22,SUZLON.NS,Suzlon Energy,Retail Hype / Turnaround,13.865030288696289,13.910941123962402,13.543656349182129,13.589566230773926,13.589566230773926,17342702
2016-04-25,SUZLON.NS,Suzlon Energy,Retail Hype / Turnaround,13.589566230773926,13.819120407104492,13.360013008117676,13.405922889709473,13.405922889709473,26957871
2016-04-26,SUZLON.NS,Suzlon Energy,Retail Hype / Turnaround,13.405922889709473,13.4977445602417,13.222281455993652,13.314102172851562,13.314102172851562,22497545
2016-04-27,SUZLON.NS,Suzlon Energy,Retail Hype / Turnaround,13.360013008117676,13.405922889709473,13.13045883178711,13.176369667053223,13.176369667053223,18127702
2016-04-28,SUZLON.NS,Suzlon Energy,Retail Hype / Turnaround,13.451833724975586,13.865030288696289,12.946816444396973,13.0386381149292,13.0386381149292,43536671
2016-04-29,SUZLON.NS,Suzlon Energy,Retail Hype / Turnaround,13.084548950195312,14.002762794494629,12.946816444396973,13.72729778289795,13.72729778289795,66320973
2016-05-02,SUZLON.NS,Suzlon Energy,Retail Hype / Turnaround,13.681387901306152,14.370047569274902,13.314102172851562,14.232316017150879,14.232316017150879,53930708
2016-05-03,SUZLON.NS,Suzlon Energy,Retail Hype / Turnaround,14.232316017150879,14.461870193481445,13.681387901306152,13.773208618164062,13.773208618164062,42736978
2016-05-04,SUZLON.NS,Suzlon Energy,Retail Hype / Turnaround,13.635477066040039,13.773208618164062,13.405922889709473,13.451833724975586,13.451833724975586,26534139
2016-05-05,SUZLON.NS,Suzlon Energy,Retail Hype / Turnaround,13.543656349182129,13.635477066040039,13.405922889709473,13.451833724975586,13.451833724975586,15933790
2016-05-06,SUZLON.NS,Suzlon Energy,Retail Hype / Turnaround,13.4977445602417,13.773208618164062,12.854994773864746,13.0386381149292,13.0386381149292,31912918
2016-05-09,SUZLON.NS,Suzlon Energy,Retail Hype / Turnaround,13.360013008117676,13.681387901306152,13.084548950195312,13.451833724975586,13.451833724975586,20473761
2016-05-10,SUZLON.NS,Suzlon Energy,Retail Hype / Turnaround,13.543656349182129,13.72729778289795,13.405922889709473,13.635477066040039,13.635477066040039,16367744
2016-05-11,SUZLON.NS,Suzlon Energy,Retail Hype / Turnaround,13.405922889709473,13.589566230773926,13.26819133758545,13.360013008117676,13.360013008117676,13291541
2016-05-12,SUZLON.NS,Suzlon Energy,Retail Hype / Turnaround,13.451833724975586,13.681387901306152,13.405922889709473,13.543656349182129,13.543656349182129,14523540
2016-05-13,SUZLON.NS,Suzlon Energy,Retail Hype / Turnaround,13.451833724975586,13.543656349182129,13.26819133758545,13.451833724975586,13.451833724975586,13796157
2016-05-16,SUZLON.NS,Suzlon Energy,Retail Hype / Turnaround,13.681387901306152,13.819120407104492,13.4977445602417,13.72729778289795,13.72729778289795,19167575
2016-05-17,SUZLON.NS,Suzlon Energy,Retail Hype / Turnaround,13.773208618164062,14.232316017150879,13.773208618164062,13.910941123962402,13.910941123962402,27579870
2016-05-18,SUZLON.NS,Suzlon Energy,Retail Hype / Turnaround,13.819120407104492,14.461870193481445,13.681387901306152,14.324136734008789,14.324136734008789,33849267
2016-05-19,SUZLON.NS,Suzlon Energy,Retail Hype / Turnaround,14.232316017150879,14.370047569274902,13.773208618164062,13.865030288696289,13.865030288696289,30690284
2016-05-20,SUZLON.NS,Suzlon Energy,Retail Hype / Turnaround,13.910941123962402,14.140495300292969,13.773208618164062,13.819120407104492,13.819120407104492,20174172
2016-05-23,SUZLON.NS,Suzlon Energy,Retail Hype / Turnaround,13.956851959228516,14.048672676086426,13.589566230773926,13.635477066040039,13.635477066040039,15780364
2016-05-24,SUZLON.NS,Suzlon Energy,Retail Hype / Turnaround,13.681387901306152,13.681387901306152,13.405922889709473,13.543656349182129,13.543656349182129,16580396
2016-05-25,SUZLON.NS,Suzlon Energy,Retail Hype / Turnaround,13.72729778289795,13.910941123962402,13.635477066040039,13.773208618164062,13.773208618164062,16393084
2016-05-26,SUZLON.NS,Suzlon Energy,Retail Hype / Turnaround,14.002762794494629,14.324136734008789,14.002762794494629,14.140495300292969,14.140495300292969,19912928
2016-05-27,SUZLON.NS,Suzlon Energy,Retail Hype / Turnaround,14.232316017150879,15.012798309326172,14.140495300292969,14.875065803527832,14.875065803527832,56431395
2016-05-30,SUZLON.NS,Suzlon Energy,Retail Hype / Turnaround,15.150529861450195,15.242350578308105,14.507780075073242,14.920976638793945,14.920976638793945,48256447
2016-05-31,SUZLON.NS,Suzlon Energy,Retail Hype / Turnaround,15.425993919372559,15.517815589904785,14.553690910339355,14.599601745605469,14.599601745605469,55549195
2016-06-01,SUZLON.NS,Suzlon Energy,Retail Hype / Turnaround,14.645511627197266,14.691423416137695,13.681387901306152,13.865030288696289,13.865030288696289,39440765
2016-06-02,SUZLON.NS,Suzlon Energy,Retail Hype / Turnaround,13.956851959228516,14.324136734008789,13.773208618164062,14.232316017150879,14.232316017150879,28656895
2016-06-03,SUZLON.NS,Suzlon Energy,Retail Hype / Turnaround,14.415959358215332,14.461870193481445,14.002762794494629,14.048672676086426,14.048672676086426,18378870
2016-06-06,SUZLON.NS,Suzlon Energy,Retail Hype / Turnaround,14.278226852416992,14.461870193481445,14.186405181884766,14.232316017150879,14.232316017150879,19825345
2016-06-07,SUZLON.NS,Suzlon Energy,Retail Hype / Turnaround,14.324136734008789,14.691423416137695,14.232316017150879,14.507780075073242,14.507780075073242,20921583
2016-06-08,SUZLON.NS,Suzlon Energy,Retail Hype / Turnaround,14.645511627197266,15.196440696716309,14.599601745605469,14.966887474060059,14.966887474060059,46917846
2016-06-09,SUZLON.NS,Suzlon Energy,Retail Hype / Turnaround,15.334173202514648,15.793279647827148,15.150529861450195,15.563726425170898,15.563726425170898,64339104
2016-06-10,SUZLON.NS,Suzlon Energy,Retail Hype / Turnaround,15.793279647827148,16.25238609313965,15.517815589904785,15.839189529418945,15.839189529418945,60955916
2016-06-13,SUZLON.NS,Suzlon Energy,Retail Hype / Turnaround,15.609637260437012,15.885101318359375,15.471904754638672,15.563726425170898,15.563726425170898,32194779
2016-06-14,SUZLON.NS,Suzlon Energy,Retail Hype / Turnaround,16.068744659423828,16.527851104736328,15.931012153625488,16.4360294342041,16.4360294342041,59154795
2016-06-15,SUZLON.NS,Suzlon Energy,Retail Hype / Turnaround,16.66558265686035,16.94104766845703,16.573762893676758,16.66558265686035,16.66558265686035,50260015
2016-06-16,SUZLON.NS,Suzlon Energy,Retail Hype / Turnaround,16.619672775268555,16.66558265686035,15.701457977294922,16.344207763671875,16.344207763671875,62074093
2016-06-17,SUZLON.NS,Suzlon Energy,Retail Hype / Turnaround,16.527851104736328,16.757404327392578,16.0228328704834,16.20647621154785,16.20647621154785,36299284
2016-06-20,SUZLON.NS,Suzlon Energy,Retail Hype / Turnaround,16.068744659423828,16.4360294342041,15.931012153625488,16.0228328704834,16.0228328704834,37926961
2016-06-21,SUZLON.NS,Suzlon Energy,Retail Hype / Turnaround,16.20647621154785,16.344207763671875,16.068744659423828,16.20647621154785,16.20647621154785,20650247
2016-06-22,SUZLON.NS,Suzlon Energy,Retail Hype / Turnaround,16.068744659423828,16.160564422607422,15.655548095703125,15.747368812561035,15.747368812561035,19026522
2016-06-23,SUZLON.NS,Suzlon Energy,Retail Hype / Turnaround,15.701457977294922,15.885101318359375,15.425993919372559,15.655548095703125,15.655548095703125,24597645
2016-06-24,SUZLON.NS,Suzlon Energy,Retail Hype / Turnaround,14.966887474060059,15.471904754638672,14.645511627197266,15.380083084106445,15.380083084106445,63130354
2016-06-27,SUZLON.NS,Suzlon Energy,Retail Hype / Turnaround,15.425993919372559,15.747368812561035,15.380083084106445,15.609637260437012,15.609637260437012,18454418
2016-06-28,SUZLON.NS,Suzlon Energy,Retail Hype / Turnaround,15.701457977294922,16.0228328704834,15.701457977294922,15.793279647827148,15.793279647827148,17661203
2016-06-29,SUZLON.NS,Suzlon Energy,Retail Hype / Turnaround,15.885101318359375,16.0228328704834,15.655548095703125,15.701457977294922,15.701457977294922,16637827
2016-06-30,SUZLON.NS,Suzlon Energy,Retail Hype / Turnaround,15.931012153625488,16.298297882080078,15.747368812561035,15.976922988891602,15.976922988891602,27517536
2016-07-01,SUZLON.NS,Suzlon Energy,Retail Hype / Turnaround,16.0228328704834,16.298297882080078,15.747368812561035,15.793279647827148,15.793279647827148,18453841
2016-07-04,SUZLON.NS,Suzlon Energy,Retail Hype / Turnaround,15.931012153625488,16.160564422607422,15.793279647827148,15.885101318359375,15.885101318359375,20166938
2016-07-05,SUZLON.NS,Suzlon Energy,Retail Hype / Turnaround,15.885101318359375,16.25238609313965,15.793279647827148,15.976922988891602,15.976922988891602,25062078
2016-07-07,SUZLON.NS,Suzlon Energy,Retail Hype / Turnaround,16.068744659423828,16.20647621154785,15.793279647827148,15.885101318359375,15.885101318359375,15303916
2016-07-08,SUZLON.NS,Suzlon Energy,Retail Hype / Turnaround,16.344207763671875,16.527851104736328,16.114654541015625,16.114654541015625,16.114654541015625,24134547
2016-07-11,SUZLON.NS,Suzlon Energy,Retail Hype / Turnaround,16.344207763671875,17.216510772705078,16.20647621154785,17.032869338989258,17.032869338989258,73447210
2016-07-12,SUZLON.NS,Suzlon Energy,Retail Hype / Turnaround,17.216510772705078,17.537885665893555,17.032869338989258,17.216510772705078,17.216510772705078,53824792
2016-07-13,SUZLON.NS,Suzlon Energy,Retail Hype / Turnaround,17.216510772705078,17.216510772705078,16.66558265686035,16.757404327392578,16.757404327392578,26843715
2016-07-14,SUZLON.NS,Suzlon Energy,Retail Hype / Turnaround,16.895137786865234,17.078779220581055,16.849225997924805,16.94104766845703,16.94104766845703,19305274
2016-07-15,SUZLON.NS,Suzlon Energy,Retail Hype / Turnaround,16.986957550048828,16.986957550048828,16.619672775268555,16.66558265686035,16.66558265686035,18878197
2016-07-18,SUZLON.NS,Suzlon Energy,Retail Hype / Turnaround,16.803314208984375,17.17060089111328,16.573762893676758,16.619672775268555,16.619672775268555,26313031
2016-07-19,SUZLON.NS,Suzlon Energy,Retail Hype / Turnaround,16.71149444580078,16.757404327392578,16.390119552612305,16.4819393157959,16.4819393157959,18214071
2016-07-20,SUZLON.NS,Suzlon Energy,Retail Hype / Turnaround,16.619672775268555,16.757404327392578,16.390119552612305,16.71149444580078,16.71149444580078,14134411
2016-07-21,SUZLON.NS,Suzlon Energy,Retail Hype / Turnaround,16.803314208984375,17.12468910217285,16.573762893676758,16.619672775268555,16.619672775268555,21863790
2016-07-22,SUZLON.NS,Suzlon Energy,Retail Hype / Turnaround,16.66558265686035,16.757404327392578,16.4819393157959,16.573762893676758,16.573762893676758,16870861
2016-07-25,SUZLON.NS,Suzlon Energy,Retail Hype / Turnaround,16.66558265686035,16.66558265686035,16.344207763671875,16.4360294342041,16.4360294342041,16010488
2016-07-26,SUZLON.NS,Suzlon Energy,Retail Hype / Turnaround,16.527851104736328,16.527851104736328,16.068744659423828,16.114654541015625,16.114654541015625,14679823
2016-07-27,SUZLON.NS,Suzlon Energy,Retail Hype / Turnaround,16.20647621154785,16.25238609313965,15.609637260437012,15.701457977294922,15.701457977294922,21274902
2016-07-28,SUZLON.NS,Suzlon Energy,Retail Hype / Turnaround,15.839189529418945,16.068744659423828,15.747368812561035,15.839189529418945,15.839189529418945,14629985
2016-07-29,SUZLON.NS,Suzlon Energy,Retail Hype / Turnaround,16.160564422607422,16.25238609313965,15.885101318359375,16.0228328704834,16.0228328704834,12680471
2016-08-01,SUZLON.NS,Suzlon Energy,Retail Hype / Turnaround,16.160564422607422,16.20647621154785,15.655548095703125,15.747368812561035,15.747368812561035,16020484
2016-08-02,SUZLON.NS,Suzlon Energy,Retail Hype / Turnaround,15.885101318359375,15.885101318359375,15.517815589904785,15.563726425170898,15.563726425170898,9799163
2016-08-03,SUZLON.NS,Suzlon Energy,Retail Hype / Turnaround,15.655548095703125,15.701457977294922,15.058709144592285,15.150529861450195,15.150529861450195,13788413
2016-08-04,SUZLON.NS,Suzlon Energy,Retail Hype / Turnaround,15.288262367248535,15.380083084106445,14.875065803527832,14.920976638793945,14.920976638793945,19565641
2016-08-05,SUZLON.NS,Suzlon Energy,Retail Hype / Turnaround,15.288262367248535,16.160564422607422,15.242350578308105,15.747368812561035,15.747368812561035,32537667
2016-08-08,SUZLON.NS,Suzlon Energy,Retail Hype / Turnaround,15.839189529418945,15.839189529418945,15.517815589904785,15.517815589904785,15.517815589904785,10586929
2016-08-09,SUZLON.NS,Suzlon Energy,Retail Hype / Turnaround,15.655548095703125,15.655548095703125,15.334173202514648,15.380083084106445,15.380083084106445,10694349
2016-08-10,SUZLON.NS,Suzlon Energy,Retail Hype / Turnaround,15.425993919372559,15.471904754638672,15.104619026184082,15.288262367248535,15.288262367248535,12915656
2016-08-11,SUZLON.NS,Suzlon Energy,Retail Hype / Turnaround,15.425993919372559,15.517815589904785,15.058709144592285,15.288262367248535,15.288262367248535,9279116
2016-08-12,SUZLON.NS,Suzlon Energy,Retail Hype / Turnaround,15.288262367248535,15.380083084106445,15.150529861450195,15.196440696716309,15.196440696716309,8904328
2016-08-16,SUZLON.NS,Suzlon Energy,Retail Hype / Turnaround,15.242350578308105,15.288262367248535,15.012798309326172,15.104619026184082,15.104619026184082,13069705
2016-08-17,SUZLON.NS,Suzlon Energy,Retail Hype / Turnaround,15.196440696716309,15.563726425170898,15.104619026184082,15.380083084106445,15.380083084106445,16128907
2016-08-18,SUZLON.NS,Suzlon Energy,Retail Hype / Turnaround,15.563726425170898,15.793279647827148,15.288262367248535,15.288262367248535,15.288262367248535,12870771
2016-08-19,SUZLON.NS,Suzlon Energy,Retail Hype / Turnaround,15.288262367248535,15.380083084106445,15.104619026184082,15.150529861450195,15.150529861450195,12219370
2016-08-22,SUZLON.NS,Suzlon Energy,Retail Hype / Turnaround,15.242350578308105,15.288262367248535,15.058709144592285,15.104619026184082,15.104619026184082,7029111
2016-08-23,SUZLON.NS,Suzlon Energy,Retail Hype / Turnaround,15.104619026184082,15.242350578308105,15.012798309326172,15.150529861450195,15.150529861450195,10400875
2016-08-24,SUZLON.NS,Suzlon Energy,Retail Hype / Turnaround,15.150529861450195,15.288262367248535,15.058709144592285,15.104619026184082,15.104619026184082,7839115
2016-08-25,SUZLON.NS,Suzlon Energy,Retail Hype / Turnaround,15.150529861450195,15.150529861450195,14.920976638793945,14.966887474060059,14.966887474060059,8520359
2016-08-26,SUZLON.NS,Suzlon Energy,Retail Hype / Turnaround,14.966887474060059,15.012798309326172,14.783244132995605,14.783244132995605,14.783244132995605,7573957
2016-08-29,SUZLON.NS,Suzlon Energy,Retail Hype / Turnaround,14.829154968261719,14.875065803527832,14.415959358215332,14.461870193481445,14.461870193481445,16086350
2016-08-30,SUZLON.NS,Suzlon Energy,Retail Hype / Turnaround,14.507780075073242,14.829154968261719,14.415959358215332,14.645511627197266,14.645511627197266,11288940
2016-08-31,SUZLON.NS,Suzlon Energy,Retail Hype / Turnaround,14.645511627197266,14.691423416137695,14.461870193481445,14.507780075073242,14.507780075073242,13407019
2016-09-01,SUZLON.NS,Suzlon Energy,Retail Hype / Turnaround,14.461870193481445,14.599601745605469,14.324136734008789,14.415959358215332,14.415959358215332,11210547
2016-09-02,SUZLON.NS,Suzlon Energy,Retail Hype / Turnaround,14.415959358215332,14.507780075073242,14.370047569274902,14.461870193481445,14.461870193481445,8276558
2016-09-06,SUZLON.NS,Suzlon Energy,Retail Hype / Turnaround,14.461870193481445,15.150529861450195,14.415959358215332,14.920976638793945,14.920976638793945,32011620
2016-09-07,SUZLON.NS,Suzlon Energy,Retail Hype / Turnaround,14.966887474060059,15.104619026184082,14.783244132995605,14.920976638793945,14.920976638793945,16396190
2016-09-08,SUZLON.NS,Suzlon Energy,Retail Hype / Turnaround,15.425993919372559,16.160564422607422,15.242350578308105,16.0228328704834,16.0228328704834,59523108
2016-09-09,SUZLON.NS,Suzlon Energy,Retail Hype / Turnaround,16.0228328704834,16.849225997924805,15.655548095703125,16.4360294342041,16.4360294342041,67243000
2016-09-12,SUZLON.NS,Suzlon Energy,Retail Hype / Turnaround,15.976922988891602,16.390119552612305,15.747368812561035,15.839189529418945,15.839189529418945,35459636
2016-09-14,SUZLON.NS,Suzlon Energy,Retail Hype / Turnaround,14.829154968261719,15.058709144592285,14.370047569274902,14.737334251403809,14.737334251403809,49598034
2016-09-15,SUZLON.NS,Suzlon Energy,Retail Hype / Turnaround,14.737334251403809,14.875065803527832,14.324136734008789,14.645511627197266,14.645511627197266,35145610
2016-09-16,SUZLON.NS,Suzlon Energy,Retail Hype / Turnaround,14.691423416137695,15.242350578308105,14.461870193481445,14.783244132995605,14.783244132995605,40867385
2016-09-19,SUZLON.NS,Suzlon Energy,Retail Hype / Turnaround,15.012798309326172,15.150529861450195,14.691423416137695,14.737334251403809,14.737334251403809,17926977
2016-09-20,SUZLON.NS,Suzlon Energy,Retail Hype / Turnaround,14.783244132995605,14.829154968261719,14.599601745605469,14.599601745605469,14.599601745605469,10772739
2016-09-21,SUZLON.NS,Suzlon Energy,Retail Hype / Turnaround,14.599601745605469,14.737334251403809,14.507780075073242,14.553690910339355,14.553690910339355,12166413
2016-09-22,SUZLON.NS,Suzlon Energy,Retail Hype / Turnaround,14.737334251403809,14.783244132995605,14.553690910339355,14.599601745605469,14.599601745605469,9486000
2016-09-23,SUZLON.NS,Suzlon Energy,Retail Hype / Turnaround,14.599601745605469,15.012798309326172,14.507780075073242,14.599601745605469,14.599601745605469,19254379
2016-09-26,SUZLON.NS,Suzlon Energy,Retail Hype / Turnaround,14.783244132995605,14.783244132995605,14.415959358215332,14.415959358215332,14.415959358215332,9290073
2016-09-27,SUZLON.NS,Suzlon Energy,Retail Hype / Turnaround,14.507780075073242,14.783244132995605,14.232316017150879,14.324136734008789,14.324136734008789,17063235
2016-09-28,SUZLON.NS,Suzlon Energy,Retail Hype / Turnaround,14.324136734008789,14.415959358215332,14.140495300292969,14.140495300292969,14.140495300292969,24154362
2016-09-29,SUZLON.NS,Suzlon Energy,Retail Hype / Turnaround,14.278226852416992,14.324136734008789,12.946816444396973,13.314102172851562,13.314102172851562,35535152
2016-09-30,SUZLON.NS,Suzlon Energy,Retail Hype / Turnaround,13.405922889709473,13.681387901306152,13.360013008117676,13.635477066040039,13.635477066040039,15287791
2016-10-03,SUZLON.NS,Suzlon Energy,Retail Hype / Turnaround,13.773208618164062,14.002762794494629,13.773208618164062,13.910941123962402,13.910941123962402,9827422
2016-10-04,SUZLON.NS,Suzlon Energy,Retail Hype / Turnaround,14.002762794494629,14.002762794494629,13.681387901306152,13.773208618164062,13.773208618164062,12519542
2016-10-05,SUZLON.NS,Suzlon Energy,Retail Hype / Turnaround,13.865030288696289,13.910941123962402,13.635477066040039,13.681387901306152,13.681387901306152,13849658
2016-10-06,SUZLON.NS,Suzlon Energy,Retail Hype / Turnaround,13.865030288696289,13.910941123962402,13.314102172851562,13.405922889709473,13.405922889709473,19018383
2016-10-07,SUZLON.NS,Suzlon Energy,Retail Hype / Turnaround,13.451833724975586,13.543656349182129,13.084548950195312,13.222281455993652,13.222281455993652,23967293
2016-10-10,SUZLON.NS,Suzlon Energy,Retail Hype / Turnaround,13.314102172851562,13.773208618164062,13.314102172851562,13.589566230773926,13.589566230773926,12770705
2016-10-13,SUZLON.NS,Suzlon Energy,Retail Hype / Turnaround,13.635477066040039,14.094584465026855,13.405922889709473,13.4977445602417,13.4977445602417,20017848
2016-10-14,SUZLON.NS,Suzlon Energy,Retail Hype / Turnaround,13.589566230773926,13.635477066040039,13.26819133758545,13.405922889709473,13.405922889709473,11938904
2016-10-17,SUZLON.NS,Suzlon Energy,Retail Hype / Turnaround,13.314102172851562,13.405922889709473,13.13045883178711,13.176369667053223,13.176369667053223,13617379
2016-10-18,SUZLON.NS,Suzlon Energy,Retail Hype / Turnaround,13.222281455993652,13.360013008117676,13.13045883178711,13.176369667053223,13.176369667053223,16549032
2016-10-19,SUZLON.NS,Suzlon Energy,Retail Hype / Turnaround,13.26819133758545,14.048672676086426,13.222281455993652,13.543656349182129,13.543656349182129,39648377
2016-10-20,SUZLON.NS,Suzlon Energy,Retail Hype / Turnaround,13.956851959228516,14.140495300292969,13.865030288696289,13.910941123962402,13.910941123962402,24926360
2016-10-21,SUZLON.NS,Suzlon Energy,Retail Hype / Turnaround,13.956851959228516,14.048672676086426,13.543656349182129,13.589566230773926,13.589566230773926,15138396
2016-10-24,SUZLON.NS,Suzlon Energy,Retail Hype / Turnaround,13.681387901306152,13.72729778289795,13.543656349182129,13.589566230773926,13.589566230773926,7114259
2016-10-25,SUZLON.NS,Suzlon Energy,Retail Hype / Turnaround,13.635477066040039,13.681387901306152,13.405922889709473,13.451833724975586,13.451833724975586,7905949
2016-10-26,SUZLON.NS,Suzlon Energy,Retail Hype / Turnaround,13.4977445602417,13.956851959228516,13.405922889709473,13.4977445602417,13.4977445602417,15439594
2016-10-27,SUZLON.NS,Suzlon Energy,Retail Hype / Turnaround,13.4977445602417,13.635477066040039,13.314102172851562,13.405922889709473,13.405922889709473,8614598
2016-10-28,SUZLON.NS,Suzlon Energy,Retail Hype / Turnaround,13.4977445602417,14.048672676086426,13.360013008117676,13.910941123962402,13.910941123962402,24641875
2016-11-01,SUZLON.NS,Suzlon Energy,Retail Hype / Turnaround,14.278226852416992,14.324136734008789,13.819120407104492,13.865030288696289,13.865030288696289,10328092
2016-11-02,SUZLON.NS,Suzlon Energy,Retail Hype / Turnaround,13.681387901306152,13.72729778289795,13.451833724975586,13.4977445602417,13.4977445602417,10933404
2016-11-03,SUZLON.NS,Suzlon Energy,Retail Hype / Turnaround,13.4977445602417,13.635477066040039,13.360013008117676,13.405922889709473,13.405922889709473,8305867
2016-11-04,SUZLON.NS,Suzlon Energy,Retail Hype / Turnaround,13.4977445602417,13.543656349182129,13.084548950195312,13.176369667053223,13.176369667053223,14455328
2016-11-07,SUZLON.NS,Suzlon Energy,Retail Hype / Turnaround,13.26819133758545,13.865030288696289,13.222281455993652,13.543656349182129,13.543656349182129,22335628
2016-11-08,SUZLON.NS,Suzlon Energy,Retail Hype / Turnaround,13.589566230773926,13.635477066040039,13.314102172851562,13.405922889709473,13.405922889709473,11258303
2016-11-09,SUZLON.NS,Suzlon Energy,Retail Hype / Turnaround,11.93678092956543,13.13045883178711,11.018567085266113,13.0386381149292,13.0386381149292,25612765
2016-11-10,SUZLON.NS,Suzlon Energy,Retail Hype / Turnaround,13.360013008117676,13.910941123962402,13.13045883178711,13.819120407104492,13.819120407104492,26848950
2016-11-11,SUZLON.NS,Suzlon Energy,Retail Hype / Turnaround,13.72729778289795,14.002762794494629,13.314102172851562,13.360013008117676,13.360013008117676,24927119
2016-11-15,SUZLON.NS,Suzlon Energy,Retail Hype / Turnaround,14.691423416137695,14.691423416137695,13.773208618164062,14.048672676086426,14.048672676086426,74912564
2016-11-16,SUZLON.NS,Suzlon Energy,Retail Hype / Turnaround,14.278226852416992,14.461870193481445,13.4977445602417,13.589566230773926,13.589566230773926,40059232
2016-11-17,SUZLON.NS,Suzlon Energy,Retail Hype / Turnaround,13.72729778289795,13.865030288696289,13.222281455993652,13.26819133758545,13.26819133758545,26663798
2016-11-18,SUZLON.NS,Suzlon Energy,Retail Hype / Turnaround,13.405922889709473,13.681387901306152,13.222281455993652,13.543656349182129,13.543656349182129,25677873
2016-11-21,SUZLON.NS,Suzlon Energy,Retail Hype / Turnaround,13.681387901306152,13.681387901306152,12.717263221740723,12.809083938598633,12.809083938598633,27465085
2016-11-22,SUZLON.NS,Suzlon Energy,Retail Hype / Turnaround,12.992727279663086,13.084548950195312,12.579530715942383,12.90090560913086,12.90090560913086,22763169
2016-11-23,SUZLON.NS,Suzlon Energy,Retail Hype / Turnaround,13.176369667053223,13.176369667053223,12.90090560913086,12.992727279663086,12.992727279663086,12453800
2016-11-24,SUZLON.NS,Suzlon Energy,Retail Hype / Turnaround,12.946816444396973,13.4977445602417,12.809083938598633,13.176369667053223,13.176369667053223,22703686
2016-11-25,SUZLON.NS,Suzlon Energy,Retail Hype / Turnaround,13.360013008117676,13.451833724975586,13.13045883178711,13.360013008117676,13.360013008117676,10081314
2016-11-28,SUZLON.NS,Suzlon Energy,Retail Hype / Turnaround,13.405922889709473,13.773208618164062,13.26819133758545,13.635477066040039,13.635477066040039,17342882
2016-11-29,SUZLON.NS,Suzlon Energy,Retail Hype / Turnaround,13.72729778289795,13.910941123962402,13.589566230773926,13.589566230773926,13.589566230773926,10397438
2016-11-30,SUZLON.NS,Suzlon Energy,Retail Hype / Turnaround,13.72729778289795,13.72729778289795,13.451833724975586,13.589566230773926,13.589566230773926,12054310
2016-12-01,SUZLON.NS,Suzlon Energy,Retail Hype / Turnaround,13.635477066040039,13.819120407104492,13.451833724975586,13.589566230773926,13.589566230773926,13969405
2016-12-02,SUZLON.NS,Suzlon Energy,Retail Hype / Turnaround,13.543656349182129,13.681387901306152,13.360013008117676,13.451833724975586,13.451833724975586,12205657
2016-12-05,SUZLON.NS,Suzlon Energy,Retail Hype / Turnaround,13.4977445602417,13.543656349182129,13.405922889709473,13.451833724975586,13.451833724975586,5888983
2016-12-06,SUZLON.NS,Suzlon Energy,Retail Hype / Turnaround,13.543656349182129,13.635477066040039,13.314102172851562,13.405922889709473,13.405922889709473,9711656
2016-12-07,SUZLON.NS,Suzlon Energy,Retail Hype / Turnaround,13.4977445602417,13.543656349182129,13.26819133758545,13.314102172851562,13.314102172851562,10874116
2016-12-08,SUZLON.NS,Suzlon Energy,Retail Hype / Turnaround,13.405922889709473,13.865030288696289,13.405922889709473,13.681387901306152,13.681387901306152,14316678
2016-12-09,SUZLON.NS,Suzlon Energy,Retail Hype / Turnaround,13.865030288696289,13.910941123962402,13.4977445602417,13.543656349182129,13.543656349182129,14450838
2016-12-12,SUZLON.NS,Suzlon Energy,Retail Hype / Turnaround,13.635477066040039,13.635477066040039,13.405922889709473,13.451833724975586,13.451833724975586,8628538
2016-12-13,SUZLON.NS,Suzlon Energy,Retail Hype / Turnaround,13.589566230773926,13.589566230773926,13.314102172851562,13.451833724975586,13.451833724975586,7561326
2016-12-14,SUZLON.NS,Suzlon Energy,Retail Hype / Turnaround,13.543656349182129,13.543656349182129,13.222281455993652,13.222281455993652,13.222281455993652,12690329
2016-12-15,SUZLON.NS,Suzlon Energy,Retail Hype / Turnaround,13.084548950195312,13.360013008117676,13.0386381149292,13.222281455993652,13.222281455993652,8601034
2016-12-16,SUZLON.NS,Suzlon Energy,Retail Hype / Turnaround,13.222281455993652,13.314102172851562,13.084548950195312,13.222281455993652,13.222281455993652,9069660
2016-12-19,SUZLON.NS,Suzlon Energy,Retail Hype / Turnaround,13.26819133758545,13.26819133758545,13.084548950195312,13.13045883178711,13.13045883178711,4497847
2016-12-20,SUZLON.NS,Suzlon Energy,Retail Hype / Turnaround,13.176369667053223,13.176369667053223,12.946816444396973,12.992727279663086,12.992727279663086,6296385
2016-12-21,SUZLON.NS,Suzlon Energy,Retail Hype / Turnaround,13.0386381149292,13.084548950195312,12.809083938598633,12.854994773864746,12.854994773864746,9394521
2016-12-22,SUZLON.NS,Suzlon Energy,Retail Hype / Turnaround,12.854994773864746,13.0386381149292,12.625441551208496,12.854994773864746,12.854994773864746,15508396
2016-12-23,SUZLON.NS,Suzlon Energy,Retail Hype / Turnaround,12.946816444396973,13.0386381149292,12.809083938598633,12.809083938598633,12.809083938598633,10342886
2016-12-26,SUZLON.NS,Suzlon Energy,Retail Hype / Turnaround,12.809083938598633,12.809083938598633,12.53361988067627,12.53361988067627,12.53361988067627,6980198
2016-12-27,SUZLON.NS,Suzlon Energy,Retail Hype / Turnaround,12.53361988067627,12.717263221740723,12.53361988067627,12.67135238647461,12.67135238647461,6978574
2016-12-28,SUZLON.NS,Suzlon Energy,Retail Hype / Turnaround,12.67135238647461,12.763174057006836,12.53361988067627,12.53361988067627,12.53361988067627,8955115
2016-12-29,SUZLON.NS,Suzlon Energy,Retail Hype / Turnaround,12.487709045410156,12.625441551208496,12.487709045410156,12.53361988067627,12.53361988067627,6095701
2016-12-30,SUZLON.NS,Suzlon Energy,Retail Hype / Turnaround,12.579530715942383,12.854994773864746,12.53361988067627,12.67135238647461,12.67135238647461,10595557
2017-01-02,SUZLON.NS,Suzlon Energy,Retail Hype / Turnaround,12.67135238647461,12.992727279663086,12.67135238647461,12.90090560913086,12.90090560913086,8307864
2017-01-03,SUZLON.NS,Suzlon Energy,Retail Hype / Turnaround,13.084548950195312,13.176369667053223,12.946816444396973,13.084548950195312,13.084548950195312,8275913
2017-01-04,SUZLON.NS,Suzlon Energy,Retail Hype / Turnaround,13.13045883178711,13.865030288696289,13.13045883178711,13.72729778289795,13.72729778289795,24500454
2017-01-05,SUZLON.NS,Suzlon Energy,Retail Hype / Turnaround,13.910941123962402,14.048672676086426,13.72729778289795,13.910941123962402,13.910941123962402,16016774
2017-01-06,SUZLON.NS,Suzlon Energy,Retail Hype / Turnaround,13.910941123962402,14.002762794494629,13.405922889709473,13.451833724975586,13.451833724975586,21013990
2017-01-09,SUZLON.NS,Suzlon Energy,Retail Hype / Turnaround,13.589566230773926,13.910941123962402,13.451833724975586,13.72729778289795,13.72729778289795,20451387
2017-01-10,SUZLON.NS,Suzlon Energy,Retail Hype / Turnaround,13.773208618164062,13.819120407104492,13.635477066040039,13.681387901306152,13.681387901306152,8798582
2017-01-11,SUZLON.NS,Suzlon Energy,Retail Hype / Turnaround,13.819120407104492,14.415959358215332,13.773208618164062,14.048672676086426,14.048672676086426,43924875
2017-01-12,SUZLON.NS,Suzlon Energy,Retail Hype / Turnaround,14.094584465026855,14.278226852416992,13.819120407104492,13.910941123962402,13.910941123962402,15690803
2017-01-13,SUZLON.NS,Suzlon Energy,Retail Hype / Turnaround,13.956851959228516,14.002762794494629,13.72729778289795,13.819120407104492,13.819120407104492,11658826
2017-01-16,SUZLON.NS,Suzlon Energy,Retail Hype / Turnaround,13.819120407104492,14.186405181884766,13.72729778289795,13.956851959228516,13.956851959228516,14155819
2017-01-17,SUZLON.NS,Suzlon Energy,Retail Hype / Turnaround,14.232316017150879,14.507780075073242,14.186405181884766,14.324136734008789,14.324136734008789,24354632
2017-01-18,SUZLON.NS,Suzlon Energy,Retail Hype / Turnaround,14.415959358215332,14.645511627197266,14.324136734008789,14.415959358215332,14.415959358215332,20770329
2017-01-19,SUZLON.NS,Suzlon Energy,Retail Hype / Turnaround,14.415959358215332,16.0228328704834,14.415959358215332,15.747368812561035,15.747368812561035,84655597
2017-01-20,SUZLON.NS,Suzlon Energy,Retail Hype / Turnaround,15.839189529418945,16.527851104736328,15.609637260437012,15.931012153625488,15.931012153625488,117151111
2017-01-23,SUZLON.NS,Suzlon Energy,Retail Hype / Turnaround,16.068744659423828,16.527851104736328,15.976922988891602,16.068744659423828,16.068744659423828,51437980
2017-01-24,SUZLON.NS,Suzlon Energy,Retail Hype / Turnaround,16.068744659423828,16.298297882080078,15.471904754638672,15.609637260437012,15.609637260437012,36390877
2017-01-25,SUZLON.NS,Suzlon Energy,Retail Hype / Turnaround,15.747368812561035,16.0228328704834,15.563726425170898,15.793279647827148,15.793279647827148,21152613
2017-01-27,SUZLON.NS,Suzlon Energy,Retail Hype / Turnaround,15.976922988891602,16.344207763671875,15.793279647827148,15.976922988891602,15.976922988891602,32049728
2017-01-30,SUZLON.NS,Suzlon Energy,Retail Hype / Turnaround,16.114654541015625,16.298297882080078,15.885101318359375,15.931012153625488,15.931012153625488,19647109
2017-01-31,SUZLON.NS,Suzlon Energy,Retail Hype / Turnaround,15.976922988891602,16.114654541015625,15.655548095703125,15.701457977294922,15.701457977294922,20903977
2017-02-01,SUZLON.NS,Suzlon Energy,Retail Hype / Turnaround,15.747368812561035,16.160564422607422,14.783244132995605,14.966887474060059,14.966887474060059,57660478
2017-02-02,SUZLON.NS,Suzlon Energy,Retail Hype / Turnaround,15.058709144592285,15.288262367248535,14.737334251403809,14.783244132995605,14.783244132995605,21029265
2017-02-03,SUZLON.NS,Suzlon Energy,Retail Hype / Turnaround,14.783244132995605,15.012798309326172,14.415959358215332,14.599601745605469,14.599601745605469,38465213
2017-02-06,SUZLON.NS,Suzlon Energy,Retail Hype / Turnaround,14.783244132995605,14.966887474060059,14.507780075073242,14.645511627197266,14.645511627197266,25751504
2017-02-07,SUZLON.NS,Suzlon Energy,Retail Hype / Turnaround,14.783244132995605,14.829154968261719,14.415959358215332,14.553690910339355,14.553690910339355,18474626
2017-02-08,SUZLON.NS,Suzlon Energy,Retail Hype / Turnaround,14.553690910339355,15.380083084106445,14.553690910339355,15.242350578308105,15.242350578308105,43070186
2017-02-09,SUZLON.NS,Suzlon Energy,Retail Hype / Turnaround,15.425993919372559,15.976922988891602,15.334173202514648,15.701457977294922,15.701457977294922,59948206
2017-02-10,SUZLON.NS,Suzlon Energy,Retail Hype / Turnaround,15.839189529418945,16.160564422607422,15.655548095703125,15.793279647827148,15.793279647827148,39810512
2017-02-13,SUZLON.NS,Suzlon Energy,Retail Hype / Turnaround,17.44606590270996,17.583797454833984,16.390119552612305,16.573762893676758,16.573762893676758,121224093
2017-02-14,SUZLON.NS,Suzlon Energy,Retail Hype / Turnaround,16.527851104736328,16.66558265686035,15.655548095703125,15.701457977294922,15.701457977294922,45700707
2017-02-15,SUZLON.NS,Suzlon Energy,Retail Hype / Turnaround,15.609637260437012,15.793279647827148,15.104619026184082,15.242350578308105,15.242350578308105,50018857
2017-02-16,SUZLON.NS,Suzlon Energy,Retail Hype / Turnaround,15.242350578308105,15.793279647827148,15.150529861450195,15.701457977294922,15.701457977294922,31487743
2017-02-17,SUZLON.NS,Suzlon Energy,Retail Hype / Turnaround,15.839189529418945,15.931012153625488,15.517815589904785,15.563726425170898,15.563726425170898,25864583
2017-02-20,SUZLON.NS,Suzlon Energy,Retail Hype / Turnaround,15.701457977294922,15.931012153625488,15.609637260437012,15.701457977294922,15.701457977294922,15106747
2017-02-21,SUZLON.NS,Suzlon Energy,Retail Hype / Turnaround,15.793279647827148,16.160564422607422,15.701457977294922,15.931012153625488,15.931012153625488,24826261
2017-02-22,SUZLON.NS,Suzlon Energy,Retail Hype / Turnaround,16.0228328704834,16.4360294342041,15.976922988891602,16.298297882080078,16.298297882080078,36952832
2017-02-23,SUZLON.NS,Suzlon Energy,Retail Hype / Turnaround,16.4360294342041,16.895137786865234,16.4360294342041,16.573762893676758,16.573762893676758,51956287
2017-02-27,SUZLON.NS,Suzlon Energy,Retail Hype / Turnaround,16.527851104736328,16.66558265686035,16.0228328704834,16.068744659423828,16.068744659423828,30369757
2017-02-28,SUZLON.NS,Suzlon Energy,Retail Hype / Turnaround,16.160564422607422,16.803314208984375,16.0228328704834,16.619672775268555,16.619672775268555,29984814
2017-03-01,SUZLON.NS,Suzlon Energy,Retail Hype / Turnaround,16.757404327392578,16.803314208984375,16.298297882080078,16.390119552612305,16.390119552612305,18977150
2017-03-02,SUZLON.NS,Suzlon Energy,Retail Hype / Turnaround,16.4819393157959,16.71149444580078,16.068744659423828,16.114654541015625,16.114654541015625,21773722
2017-03-03,SUZLON.NS,Suzlon Energy,Retail Hype / Turnaround,16.068744659423828,16.527851104736328,15.839189529418945,16.390119552612305,16.390119552612305,24735987
2017-03-06,SUZLON.NS,Suzlon Energy,Retail Hype / Turnaround,16.4360294342041,16.573762893676758,16.114654541015625,16.160564422607422,16.160564422607422,13087658
2017-03-07,SUZLON.NS,Suzlon Energy,Retail Hype / Turnaround,16.20647621154785,16.4819393157959,16.114654541015625,16.25238609313965,16.25238609313965,18732312
2017-03-08,SUZLON.NS,Suzlon Energy,Retail Hype / Turnaround,16.298297882080078,16.344207763671875,15.931012153625488,16.0228328704834,16.0228328704834,19097988
2017-03-09,SUZLON.NS,Suzlon Energy,Retail Hype / Turnaround,15.931012153625488,16.20647621154785,15.885101318359375,16.0228328704834,16.0228328704834,15851422
2017-03-10,SUZLON.NS,Suzlon Energy,Retail Hype / Turnaround,16.114654541015625,16.114654541015625,15.563726425170898,15.747368812561035,15.747368812561035,19619211
2017-03-14,SUZLON.NS,Suzlon Energy,Retail Hype / Turnaround,16.390119552612305,16.390119552612305,15.701457977294922,15.747368812561035,15.747368812561035,29329004
2017-03-15,SUZLON.NS,Suzlon Energy,Retail Hype / Turnaround,15.793279647827148,15.885101318359375,15.563726425170898,15.609637260437012,15.609637260437012,21728841
2017-03-16,SUZLON.NS,Suzlon Energy,Retail Hype / Turnaround,15.839189529418945,17.078779220581055,15.701457977294922,16.849225997924805,16.849225997924805,144139430
2017-03-17,SUZLON.NS,Suzlon Energy,Retail Hype / Turnaround,17.032869338989258,17.813350677490234,16.986957550048828,17.354244232177734,17.354244232177734,166056759
2017-03-20,SUZLON.NS,Suzlon Energy,Retail Hype / Turnaround,17.44606590270996,18.180635452270508,16.986957550048828,17.216510772705078,17.216510772705078,116386613
2017-03-21,SUZLON.NS,Suzlon Energy,Retail Hype / Turnaround,17.354244232177734,17.40015411376953,16.803314208984375,17.032869338989258,17.032869338989258,43935726
2017-03-22,SUZLON.NS,Suzlon Energy,Retail Hype / Turnaround,16.849225997924805,17.216510772705078,16.66558265686035,16.849225997924805,16.849225997924805,48169929
2017-03-23,SUZLON.NS,Suzlon Energy,Retail Hype / Turnaround,17.44606590270996,17.721529006958008,17.308332443237305,17.44606590270996,17.44606590270996,101370780
2017-03-24,SUZLON.NS,Suzlon Energy,Retail Hype / Turnaround,17.44606590270996,17.675617218017578,17.308332443237305,17.354244232177734,17.354244232177734,42705745
2017-03-27,SUZLON.NS,Suzlon Energy,Retail Hype / Turnaround,17.491975784301758,17.491975784301758,16.757404327392578,16.849225997924805,16.849225997924805,44487431
2017-03-28,SUZLON.NS,Suzlon Energy,Retail Hype / Turnaround,16.986957550048828,17.12468910217285,16.895137786865234,16.94104766845703,16.94104766845703,29048961
2017-03-29,SUZLON.NS,Suzlon Energy,Retail Hype / Turnaround,17.032869338989258,17.078779220581055,16.66558265686035,16.757404327392578,16.757404327392578,38270408
2017-03-30,SUZLON.NS,Suzlon Energy,Retail Hype / Turnaround,16.895137786865234,17.951082229614258,16.849225997924805,17.85926055908203,17.85926055908203,97778837
2017-03-31,SUZLON.NS,Suzlon Energy,Retail Hype / Turnaround,18.042903900146484,18.226547241210938,17.40015411376953,17.537885665893555,17.537885665893555,154718690
2017-04-03,SUZLON.NS,Suzlon Energy,Retail Hype / Turnaround,17.537885665893555,17.85926055908203,17.491975784301758,17.62970733642578,17.62970733642578,48861404
2017-04-05,SUZLON.NS,Suzlon Energy,Retail Hype / Turnaround,17.767440795898438,17.813350677490234,17.62970733642578,17.721529006958008,17.721529006958008,31196726
2017-04-06,SUZLON.NS,Suzlon Energy,Retail Hype / Turnaround,17.721529006958008,17.767440795898438,17.491975784301758,17.62970733642578,17.62970733642578,33563890
2017-04-07,SUZLON.NS,Suzlon Energy,Retail Hype / Turnaround,17.537885665893555,17.767440795898438,17.17060089111328,17.354244232177734,17.354244232177734,37764864
2017-04-10,SUZLON.NS,Suzlon Energy,Retail Hype / Turnaround,17.44606590270996,17.996992111206055,17.354244232177734,17.767440795898438,17.767440795898438,55672398
2017-04-11,SUZLON.NS,Suzlon Energy,Retail Hype / Turnaround,17.90517234802246,18.180635452270508,17.90517234802246,18.088815689086914,18.088815689086914,71371541
2017-04-12,SUZLON.NS,Suzlon Energy,Retail Hype / Turnaround,18.088815689086914,18.685653686523438,17.951082229614258,18.456100463867188,18.456100463867188,160864139
2017-04-13,SUZLON.NS,Suzlon Energy,Retail Hype / Turnaround,18.547922134399414,18.63974380493164,18.226547241210938,18.272457122802734,18.272457122802734,55352501
2017-04-17,SUZLON.NS,Suzlon Energy,Retail Hype / Turnaround,18.272457122802734,18.41019058227539,18.042903900146484,18.226547241210938,18.226547241210938,30104878
2017-04-18,SUZLON.NS,Suzlon Energy,Retail Hype / Turnaround,18.318368911743164,18.63974380493164,17.951082229614258,18.042903900146484,18.042903900146484,57064248
2017-04-19,SUZLON.NS,Suzlon Energy,Retail Hype / Turnaround,17.996992111206055,18.318368911743164,17.85926055908203,18.226547241210938,18.226547241210938,34005924
2017-04-20,SUZLON.NS,Suzlon Energy,Retail Hype / Turnaround,18.36427879333496,18.502010345458984,18.272457122802734,18.318368911743164,18.318368911743164,28450193
2017-04-21,SUZLON.NS,Suzlon Energy,Retail Hype / Turnaround,18.456100463867188,18.502010345458984,18.13472557067871,18.180635452270508,18.180635452270508,22430841
2017-04-24,SUZLON.NS,Suzlon Energy,Retail Hype / Turnaround,18.272457122802734,18.502010345458984,18.180635452270508,18.36427879333496,18.36427879333496,31212134
2017-04-25,SUZLON.NS,Suzlon Energy,Retail Hype / Turnaround,18.502010345458984,19.32840347290039,18.36427879333496,19.09885025024414,19.09885025024414,107449706
2017-04-26,SUZLON.NS,Suzlon Energy,Retail Hype / Turnaround,19.32840347290039,19.649778366088867,18.777475357055664,19.144760131835938,19.144760131835938,84381404
2017-04-27,SUZLON.NS,Suzlon Energy,Retail Hype / Turnaround,19.236581802368164,19.374313354492188,18.731563568115234,18.82338523864746,18.82338523864746,53802140
2017-04-28,SUZLON.NS,Suzlon Energy,Retail Hype / Turnaround,19.007028579711914,19.09885025024414,18.86929702758789,18.915206909179688,18.915206909179688,27233718
2017-05-02,SUZLON.NS,Suzlon Energy,Retail Hype / Turnaround,19.05293846130371,19.32840347290039,18.915206909179688,19.007028579711914,19.007028579711914,26966733
2017-05-03,SUZLON.NS,Suzlon Energy,Retail Hype / Turnaround,19.09885025024414,19.144760131835938,18.777475357055664,18.86929702758789,18.86929702758789,22458903
2017-05-04,SUZLON.NS,Suzlon Energy,Retail Hype / Turnaround,18.915206909179688,19.236581802368164,18.86929702758789,18.915206909179688,18.915206909179688,32656704
2017-05-05,SUZLON.NS,Suzlon Energy,Retail Hype / Turnaround,18.961118698120117,19.05293846130371,18.547922134399414,18.59383201599121,18.59383201599121,37291039
2017-05-08,SUZLON.NS,Suzlon Energy,Retail Hype / Turnaround,18.685653686523438,18.915206909179688,18.63974380493164,18.86929702758789,18.86929702758789,27279282
2017-05-09,SUZLON.NS,Suzlon Energy,Retail Hype / Turnaround,18.915206909179688,19.144760131835938,18.86929702758789,19.007028579711914,19.007028579711914,23367784
2017-05-10,SUZLON.NS,Suzlon Energy,Retail Hype / Turnaround,19.144760131835938,19.787511825561523,19.09885025024414,19.466136932373047,19.466136932373047,61150385
2017-05-11,SUZLON.NS,Suzlon Energy,Retail Hype / Turnaround,19.55795669555664,19.971153259277344,19.466136932373047,19.512046813964844,19.512046813964844,51298774
2017-05-12,SUZLON.NS,Suzlon Energy,Retail Hype / Turnaround,19.55795669555664,19.60386848449707,18.961118698120117,19.05293846130371,19.05293846130371,50341122
2017-05-15,SUZLON.NS,Suzlon Energy,Retail Hype / Turnaround,19.144760131835938,19.190671920776367,17.675617218017578,17.996992111206055,17.996992111206055,130004197
2017-05-16,SUZLON.NS,Suzlon Energy,Retail Hype / Turnaround,18.13472557067871,18.456100463867188,17.85926055908203,18.088815689086914,18.088815689086914,48548025
2017-05-17,SUZLON.NS,Suzlon Energy,Retail Hype / Turnaround,18.13472557067871,18.36427879333496,17.996992111206055,18.272457122802734,18.272457122802734,40394418
2017-05-18,SUZLON.NS,Suzlon Energy,Retail Hype / Turnaround,18.088815689086914,19.09885025024414,17.951082229614258,18.36427879333496,18.36427879333496,92899914
2017-05-19,SUZLON.NS,Suzlon Energy,Retail Hype / Turnaround,18.777475357055664,19.60386848449707,18.685653686523438,18.915206909179688,18.915206909179688,136694531
2017-05-22,SUZLON.NS,Suzlon Energy,Retail Hype / Turnaround,20.384349822998047,20.430259704589844,18.502010345458984,18.731563568115234,18.731563568115234,208223310
2017-05-23,SUZLON.NS,Suzlon Energy,Retail Hype / Turnaround,18.86929702758789,19.007028579711914,17.85926055908203,18.13472557067871,18.13472557067871,111248075
2017-05-24,SUZLON.NS,Suzlon Energy,Retail Hype / Turnaround,18.088815689086914,18.13472557067871,17.216510772705078,17.308332443237305,17.308332443237305,104971834
2017-05-25,SUZLON.NS,Suzlon Energy,Retail Hype / Turnaround,17.44606590270996,18.042903900146484,16.94104766845703,17.767440795898438,17.767440795898438,107996152
2017-05-26,SUZLON.NS,Suzlon Energy,Retail Hype / Turnaround,17.85926055908203,18.272457122802734,17.62970733642578,18.180635452270508,18.180635452270508,48848884
2017-05-29,SUZLON.NS,Suzlon Energy,Retail Hype / Turnaround,18.180635452270508,18.36427879333496,17.491975784301758,17.583797454833984,17.583797454833984,43197399
2017-05-30,SUZLON.NS,Suzlon Energy,Retail Hype / Turnaround,17.44606590270996,17.90517234802246,17.216510772705078,17.583797454833984,17.583797454833984,48930453
2017-05-31,SUZLON.NS,Suzlon Energy,Retail Hype / Turnaround,17.583797454833984,17.85926055908203,17.583797454833984,17.721529006958008,17.721529006958008,27026207
2017-06-01,SUZLON.NS,Suzlon Energy,Retail Hype / Turnaround,17.721529006958008,18.226547241210938,17.675617218017578,17.90517234802246,17.90517234802246,47970430
2017-06-02,SUZLON.NS,Suzlon Energy,Retail Hype / Turnaround,17.951082229614258,18.272457122802734,17.951082229614258,18.13472557067871,18.13472557067871,30456342
2017-06-05,SUZLON.NS,Suzlon Energy,Retail Hype / Turnaround,18.226547241210938,18.547922134399414,18.13472557067871,18.226547241210938,18.226547241210938,33695107
2017-06-06,SUZLON.NS,Suzlon Energy,Retail Hype / Turnaround,18.318368911743164,18.36427879333496,17.721529006958008,17.767440795898438,17.767440795898438,28816116
2017-06-07,SUZLON.NS,Suzlon Energy,Retail Hype / Turnaround,17.85926055908203,17.996992111206055,17.721529006958008,17.767440795898438,17.767440795898438,33388694
2017-06-08,SUZLON.NS,Suzlon Energy,Retail Hype / Turnaround,17.85926055908203,17.85926055908203,17.491975784301758,17.583797454833984,17.583797454833984,26902390
2017-06-09,SUZLON.NS,Suzlon Energy,Retail Hype / Turnaround,17.62970733642578,17.767440795898438,17.537885665893555,17.62970733642578,17.62970733642578,22315829
2017-06-12,SUZLON.NS,Suzlon Energy,Retail Hype / Turnaround,17.537885665893555,17.675617218017578,17.354244232177734,17.44606590270996,17.44606590270996,23753019
2017-06-13,SUZLON.NS,Suzlon Energy,Retail Hype / Turnaround,17.491975784301758,17.583797454833984,17.308332443237305,17.40015411376953,17.40015411376953,24140721
2017-06-14,SUZLON.NS,Suzlon Energy,Retail Hype / Turnaround,17.40015411376953,17.40015411376953,17.032869338989258,17.216510772705078,17.216510772705078,41095045
2017-06-15,SUZLON.NS,Suzlon Energy,Retail Hype / Turnaround,17.17060089111328,17.537885665893555,17.078779220581055,17.40015411376953,17.40015411376953,33664564
2017-06-16,SUZLON.NS,Suzlon Energy,Retail Hype / Turnaround,17.44606590270996,17.491975784301758,17.12468910217285,17.216510772705078,17.216510772705078,28529802
2017-06-19,SUZLON.NS,Suzlon Energy,Retail Hype / Turnaround,17.354244232177734,17.40015411376953,16.986957550048828,17.032869338989258,17.032869338989258,23092480
2017-06-20,SUZLON.NS,Suzlon Energy,Retail Hype / Turnaround,17.078779220581055,17.216510772705078,16.895137786865234,17.078779220581055,17.078779220581055,31971721
2017-06-21,SUZLON.NS,Suzlon Energy,Retail Hype / Turnaround,17.078779220581055,17.40015411376953,17.078779220581055,17.17060089111328,17.17060089111328,22603917
2017-06-22,SUZLON.NS,Suzlon Energy,Retail Hype / Turnaround,17.17060089111328,17.583797454833984,17.078779220581055,17.17060089111328,17.17060089111328,33566923
2017-06-23,SUZLON.NS,Suzlon Energy,Retail Hype / Turnaround,17.216510772705078,17.354244232177734,16.803314208984375,16.895137786865234,16.895137786865234,20475394
2017-06-27,SUZLON.NS,Suzlon Energy,Retail Hype / Turnaround,16.986957550048828,17.078779220581055,16.4819393157959,16.619672775268555,16.619672775268555,23847893
2017-06-28,SUZLON.NS,Suzlon Energy,Retail Hype / Turnaround,16.527851104736328,16.573762893676758,16.160564422607422,16.20647621154785,16.20647621154785,41224349
2017-06-29,SUZLON.NS,Suzlon Energy,Retail Hype / Turnaround,16.390119552612305,16.895137786865234,16.0228328704834,16.619672775268555,16.619672775268555,162112859
2017-06-30,SUZLON.NS,Suzlon Energy,Retail Hype / Turnaround,16.66558265686035,17.44606590270996,16.527851104736328,17.216510772705078,17.216510772705078,69378677
2017-07-03,SUZLON.NS,Suzlon Energy,Retail Hype / Turnaround,17.308332443237305,17.675617218017578,17.216510772705078,17.354244232177734,17.354244232177734,38816407
2017-07-04,SUZLON.NS,Suzlon Energy,Retail Hype / Turnaround,17.491975784301758,17.62970733642578,17.032869338989258,17.12468910217285,17.12468910217285,23353376
2017-07-05,SUZLON.NS,Suzlon Energy,Retail Hype / Turnaround,17.17060089111328,17.40015411376953,16.94104766845703,17.216510772705078,17.216510772705078,33993187
2017-07-06,SUZLON.NS,Suzlon Energy,Retail Hype / Turnaround,17.216510772705078,17.537885665893555,17.12468910217285,17.17060089111328,17.17060089111328,24029514
2017-07-07,SUZLON.NS,Suzlon Energy,Retail Hype / Turnaround,17.17060089111328,17.308332443237305,16.94104766845703,17.032869338989258,17.032869338989258,22263587
2017-07-10,SUZLON.NS,Suzlon Energy,Retail Hype / Turnaround,17.12468910217285,17.40015411376953,17.078779220581055,17.308332443237305,17.308332443237305,9824279
2017-07-11,SUZLON.NS,Suzlon Energy,Retail Hype / Turnaround,17.308332443237305,18.042903900146484,17.12468910217285,17.767440795898438,17.767440795898438,101305021
2017-07-12,SUZLON.NS,Suzlon Energy,Retail Hype / Turnaround,17.813350677490234,18.088815689086914,17.44606590270996,17.537885665893555,17.537885665893555,53729085
2017-07-13,SUZLON.NS,Suzlon Energy,Retail Hype / Turnaround,17.675617218017578,17.951082229614258,17.44606590270996,17.491975784301758,17.491975784301758,41636478
2017-07-14,SUZLON.NS,Suzlon Energy,Retail Hype / Turnaround,17.62970733642578,17.62970733642578,17.262422561645508,17.354244232177734,17.354244232177734,28698792
2017-07-17,SUZLON.NS,Suzlon Energy,Retail Hype / Turnaround,17.491975784301758,17.491975784301758,17.216510772705078,17.308332443237305,17.308332443237305,19706962
2017-07-18,SUZLON.NS,Suzlon Energy,Retail Hype / Turnaround,17.17060089111328,17.262422561645508,16.757404327392578,16.803314208984375,16.803314208984375,36987607
2017-07-19,SUZLON.NS,Suzlon Energy,Retail Hype / Turnaround,16.895137786865234,17.078779220581055,16.71149444580078,16.94104766845703,16.94104766845703,25844698
2017-07-20,SUZLON.NS,Suzlon Energy,Retail Hype / Turnaround,16.986957550048828,17.12468910217285,16.895137786865234,16.986957550048828,16.986957550048828,18475163
2017-07-21,SUZLON.NS,Suzlon Energy,Retail Hype / Turnaround,17.078779220581055,17.675617218017578,16.94104766845703,17.583797454833984,17.583797454833984,50844199
2017-07-24,SUZLON.NS,Suzlon Energy,Retail Hype / Turnaround,17.675617218017578,17.90517234802246,17.308332443237305,17.40015411376953,17.40015411376953,41491870
2017-07-25,SUZLON.NS,Suzlon Energy,Retail Hype / Turnaround,17.44606590270996,17.537885665893555,17.262422561645508,17.354244232177734,17.354244232177734,39422425
2017-07-26,SUZLON.NS,Suzlon Energy,Retail Hype / Turnaround,17.583797454833984,18.088815689086914,17.44606590270996,17.537885665893555,17.537885665893555,117193866
2017-07-27,SUZLON.NS,Suzlon Energy,Retail Hype / Turnaround,17.675617218017578,18.59383201599121,17.44606590270996,18.36427879333496,18.36427879333496,252398149
2017-07-28,SUZLON.NS,Suzlon Energy,Retail Hype / Turnaround,18.226547241210938,18.226547241210938,17.537885665893555,17.62970733642578,17.62970733642578,150086860
2017-07-31,SUZLON.NS,Suzlon Energy,Retail Hype / Turnaround,17.721529006958008,17.90517234802246,17.354244232177734,17.40015411376953,17.40015411376953,64558268
2017-08-01,SUZLON.NS,Suzlon Energy,Retail Hype / Turnaround,17.491975784301758,17.537885665893555,17.308332443237305,17.354244232177734,17.354244232177734,20208361
2017-08-02,SUZLON.NS,Suzlon Energy,Retail Hype / Turnaround,17.40015411376953,17.44606590270996,16.895137786865234,16.94104766845703,16.94104766845703,57329148
2017-08-03,SUZLON.NS,Suzlon Energy,Retail Hype / Turnaround,16.94104766845703,16.986957550048828,16.20647621154785,16.298297882080078,16.298297882080078,79809906
2017-08-04,SUZLON.NS,Suzlon Energy,Retail Hype / Turnaround,16.298297882080078,16.619672775268555,16.114654541015625,16.20647621154785,16.20647621154785,72558495
2017-08-07,SUZLON.NS,Suzlon Energy,Retail Hype / Turnaround,16.298297882080078,16.390119552612305,15.793279647827148,15.885101318359375,15.885101318359375,48842142
2017-08-08,SUZLON.NS,Suzlon Energy,Retail Hype / Turnaround,15.931012153625488,16.068744659423828,15.196440696716309,15.288262367248535,15.288262367248535,61712677
2017-08-09,SUZLON.NS,Suzlon Energy,Retail Hype / Turnaround,15.242350578308105,15.517815589904785,14.645511627197266,14.966887474060059,14.966887474060059,60025169
2017-08-10,SUZLON.NS,Suzlon Energy,Retail Hype / Turnaround,14.783244132995605,15.196440696716309,13.865030288696289,14.140495300292969,14.140495300292969,77147262
2017-08-11,SUZLON.NS,Suzlon Energy,Retail Hype / Turnaround,13.910941123962402,14.415959358215332,13.26819133758545,14.002762794494629,14.002762794494629,71501759
2017-08-14,SUZLON.NS,Suzlon Energy,Retail Hype / Turnaround,14.829154968261719,16.298297882080078,14.829154968261719,15.976922988891602,15.976922988891602,163386298
2017-08-16,SUZLON.NS,Suzlon Energy,Retail Hype / Turnaround,16.068744659423828,16.298297882080078,15.701457977294922,16.068744659423828,16.068744659423828,69680524
2017-08-17,SUZLON.NS,Suzlon Energy,Retail Hype / Turnaround,16.20647621154785,16.20647621154785,15.655548095703125,15.793279647827148,15.793279647827148,32609548
2017-08-18,SUZLON.NS,Suzlon Energy,Retail Hype / Turnaround,15.471904754638672,15.609637260437012,15.196440696716309,15.563726425170898,15.563726425170898,53062374
2017-08-21,SUZLON.NS,Suzlon Energy,Retail Hype / Turnaround,15.701457977294922,15.747368812561035,14.691423416137695,14.829154968261719,14.829154968261719,43544530
2017-08-22,SUZLON.NS,Suzlon Energy,Retail Hype / Turnaround,14.966887474060059,15.150529861450195,14.599601745605469,14.737334251403809,14.737334251403809,51073947
2017-08-23,SUZLON.NS,Suzlon Energy,Retail Hype / Turnaround,14.875065803527832,15.104619026184082,14.783244132995605,15.012798309326172,15.012798309326172,22407050
2017-08-24,SUZLON.NS,Suzlon Energy,Retail Hype / Turnaround,15.104619026184082,15.104619026184082,14.783244132995605,14.966887474060059,14.966887474060059,33106806
2017-08-28,SUZLON.NS,Suzlon Energy,Retail Hype / Turnaround,15.104619026184082,15.425993919372559,15.058709144592285,15.288262367248535,15.288262367248535,35508445
2017-08-29,SUZLON.NS,Suzlon Energy,Retail Hype / Turnaround,15.196440696716309,15.242350578308105,14.829154968261719,14.920976638793945,14.920976638793945,33584793
2017-08-30,SUZLON.NS,Suzlon Energy,Retail Hype / Turnaround,15.012798309326172,15.334173202514648,15.012798309326172,15.104619026184082,15.104619026184082,39708836
2017-08-31,SUZLON.NS,Suzlon Energy,Retail Hype / Turnaround,15.150529861450195,15.334173202514648,14.737334251403809,14.966887474060059,14.966887474060059,109783075
2017-09-01,SUZLON.NS,Suzlon Energy,Retail Hype / Turnaround,15.058709144592285,15.288262367248535,14.966887474060059,15.196440696716309,15.196440696716309,35124792
2017-09-04,SUZLON.NS,Suzlon Energy,Retail Hype / Turnaround,15.196440696716309,15.196440696716309,14.691423416137695,14.829154968261719,14.829154968261719,32399849
2017-09-05,SUZLON.NS,Suzlon Energy,Retail Hype / Turnaround,15.012798309326172,15.242350578308105,14.920976638793945,15.012798309326172,15.012798309326172,29800704
2017-09-06,SUZLON.NS,Suzlon Energy,Retail Hype / Turnaround,14.875065803527832,15.058709144592285,14.829154968261719,14.966887474060059,14.966887474060059,25594023
2017-09-07,SUZLON.NS,Suzlon Energy,Retail Hype / Turnaround,15.104619026184082,15.150529861450195,14.875065803527832,14.920976638793945,14.920976638793945,21169616
2017-09-08,SUZLON.NS,Suzlon Energy,Retail Hype / Turnaround,15.012798309326172,15.104619026184082,14.783244132995605,14.829154968261719,14.829154968261719,22153683
2017-09-11,SUZLON.NS,Suzlon Energy,Retail Hype / Turnaround,15.058709144592285,15.976922988891602,15.012798309326172,15.425993919372559,15.425993919372559,101932034
2017-09-12,SUZLON.NS,Suzlon Energy,Retail Hype / Turnaround,15.609637260437012,15.793279647827148,15.242350578308105,15.563726425170898,15.563726425170898,53602616
2017-09-13,SUZLON.NS,Suzlon Energy,Retail Hype / Turnaround,15.609637260437012,16.068744659423828,15.563726425170898,15.701457977294922,15.701457977294922,69829476
2017-09-14,SUZLON.NS,Suzlon Energy,Retail Hype / Turnaround,15.747368812561035,15.931012153625488,15.563726425170898,15.701457977294922,15.701457977294922,27905636
2017-09-15,SUZLON.NS,Suzlon Energy,Retail Hype / Turnaround,15.517815589904785,15.701457977294922,15.425993919372559,15.563726425170898,15.563726425170898,45109017
2017-09-18,SUZLON.NS,Suzlon Energy,Retail Hype / Turnaround,15.839189529418945,15.839189529418945,15.425993919372559,15.517815589904785,15.517815589904785,34162143
2017-09-19,SUZLON.NS,Suzlon Energy,Retail Hype / Turnaround,15.563726425170898,15.563726425170898,15.242350578308105,15.380083084106445,15.380083084106445,35139702
2017-09-20,SUZLON.NS,Suzlon Energy,Retail Hype / Turnaround,15.380083084106445,15.609637260437012,15.334173202514648,15.380083084106445,15.380083084106445,20545521
2017-09-21,SUZLON.NS,Suzlon Energy,Retail Hype / Turnaround,15.380083084106445,15.793279647827148,15.242350578308105,15.609637260437012,15.609637260437012,47824379
2017-09-22,SUZLON.NS,Suzlon Energy,Retail Hype / Turnaround,15.471904754638672,15.517815589904785,14.920976638793945,14.966887474060059,14.966887474060059,43638737
2017-09-25,SUZLON.NS,Suzlon Energy,Retail Hype / Turnaround,14.966887474060059,15.012798309326172,14.645511627197266,14.783244132995605,14.783244132995605,41600891
2017-09-26,SUZLON.NS,Suzlon Energy,Retail Hype / Turnaround,14.875065803527832,14.920976638793945,14.645511627197266,14.829154968261719,14.829154968261719,24068802
2017-09-27,SUZLON.NS,Suzlon Energy,Retail Hype / Turnaround,14.920976638793945,14.966887474060059,14.461870193481445,14.507780075073242,14.507780075073242,27655417
2017-09-28,SUZLON.NS,Suzlon Energy,Retail Hype / Turnaround,14.553690910339355,14.645511627197266,14.002762794494629,14.140495300292969,14.140495300292969,79375754
2017-09-29,SUZLON.NS,Suzlon Energy,Retail Hype / Turnaround,14.232316017150879,14.507780075073242,14.186405181884766,14.324136734008789,14.324136734008789,38767600
2017-10-03,SUZLON.NS,Suzlon Energy,Retail Hype / Turnaround,14.507780075073242,14.553690910339355,14.232316017150879,14.324136734008789,14.324136734008789,19242933
2017-10-04,SUZLON.NS,Suzlon Energy,Retail Hype / Turnaround,14.415959358215332,14.461870193481445,14.278226852416992,14.370047569274902,14.370047569274902,19578781
2017-10-05,SUZLON.NS,Suzlon Energy,Retail Hype / Turnaround,14.232316017150879,14.278226852416992,13.543656349182129,13.956851959228516,13.956851959228516,77687594
2017-10-06,SUZLON.NS,Suzlon Energy,Retail Hype / Turnaround,13.910941123962402,14.278226852416992,13.910941123962402,14.094584465026855,14.094584465026855,28868457
2017-10-09,SUZLON.NS,Suzlon Energy,Retail Hype / Turnaround,14.140495300292969,14.232316017150879,13.910941123962402,13.956851959228516,13.956851959228516,29687913
2017-10-10,SUZLON.NS,Suzlon Energy,Retail Hype / Turnaround,14.002762794494629,15.104619026184082,13.956851959228516,14.920976638793945,14.920976638793945,85543568
2017-10-11,SUZLON.NS,Suzlon Energy,Retail Hype / Turnaround,14.966887474060059,15.104619026184082,14.140495300292969,14.232316017150879,14.232316017150879,67650260
2017-10-12,SUZLON.NS,Suzlon Energy,Retail Hype / Turnaround,14.461870193481445,14.645511627197266,14.186405181884766,14.507780075073242,14.507780075073242,39556421
2017-10-13,SUZLON.NS,Suzlon Energy,Retail Hype / Turnaround,14.553690910339355,14.553690910339355,14.232316017150879,14.278226852416992,14.278226852416992,19685588
2017-10-16,SUZLON.NS,Suzlon Energy,Retail Hype / Turnaround,14.370047569274902,14.415959358215332,14.186405181884766,14.186405181884766,14.186405181884766,18574760
2017-10-17,SUZLON.NS,Suzlon Energy,Retail Hype / Turnaround,14.232316017150879,14.507780075073242,14.094584465026855,14.232316017150879,14.232316017150879,19002117
2017-10-18,SUZLON.NS,Suzlon Energy,Retail Hype / Turnaround,14.232316017150879,14.415959358215332,14.140495300292969,14.278226852416992,14.278226852416992,16327746
2017-10-19,SUZLON.NS,Suzlon Energy,Retail Hype / Turnaround,14.278226852416992,14.324136734008789,14.048672676086426,14.140495300292969,14.140495300292969,10036336
2017-10-23,SUZLON.NS,Suzlon Energy,Retail Hype / Turnaround,14.186405181884766,14.324136734008789,14.048672676086426,14.094584465026855,14.094584465026855,19615475
2017-10-24,SUZLON.NS,Suzlon Energy,Retail Hype / Turnaround,14.186405181884766,14.415959358215332,14.094584465026855,14.278226852416992,14.278226852416992,23959628
2017-10-25,SUZLON.NS,Suzlon Energy,Retail Hype / Turnaround,14.415959358215332,14.783244132995605,14.232316017150879,14.599601745605469,14.599601745605469,54739839
2017-10-26,SUZLON.NS,Suzlon Energy,Retail Hype / Turnaround,14.599601745605469,14.920976638793945,14.461870193481445,14.553690910339355,14.553690910339355,57171466
2017-10-27,SUZLON.NS,Suzlon Energy,Retail Hype / Turnaround,14.691423416137695,14.920976638793945,14.599601745605469,14.645511627197266,14.645511627197266,29582428
2017-10-30,SUZLON.NS,Suzlon Energy,Retail Hype / Turnaround,14.783244132995605,15.425993919372559,14.737334251403809,15.196440696716309,15.196440696716309,78308819
2017-10-31,SUZLON.NS,Suzlon Energy,Retail Hype / Turnaround,15.288262367248535,15.701457977294922,15.196440696716309,15.563726425170898,15.563726425170898,90050261
2017-11-01,SUZLON.NS,Suzlon Energy,Retail Hype / Turnaround,15.609637260437012,15.885101318359375,15.288262367248535,15.380083084106445,15.380083084106445,59705016
2017-11-02,SUZLON.NS,Suzlon Energy,Retail Hype / Turnaround,15.425993919372559,15.471904754638672,14.875065803527832,15.058709144592285,15.058709144592285,36747799
2017-11-03,SUZLON.NS,Suzlon Energy,Retail Hype / Turnaround,15.150529861450195,15.563726425170898,15.058709144592285,15.150529861450195,15.150529861450195,54062612
2017-11-06,SUZLON.NS,Suzlon Energy,Retail Hype / Turnaround,15.058709144592285,15.242350578308105,14.691423416137695,14.783244132995605,14.783244132995605,41872307
2017-11-07,SUZLON.NS,Suzlon Energy,Retail Hype / Turnaround,14.829154968261719,14.966887474060059,14.094584465026855,14.278226852416992,14.278226852416992,49229534
2017-11-08,SUZLON.NS,Suzlon Energy,Retail Hype / Turnaround,14.370047569274902,14.553690910339355,14.094584465026855,14.232316017150879,14.232316017150879,37792423
2017-11-09,SUZLON.NS,Suzlon Energy,Retail Hype / Turnaround,14.278226852416992,14.370047569274902,14.002762794494629,14.232316017150879,14.232316017150879,23124361
2017-11-10,SUZLON.NS,Suzlon Energy,Retail Hype / Turnaround,14.232316017150879,14.415959358215332,14.094584465026855,14.278226852416992,14.278226852416992,22731240
2017-11-13,SUZLON.NS,Suzlon Energy,Retail Hype / Turnaround,13.314102172851562,13.865030288696289,13.222281455993652,13.451833724975586,13.451833724975586,83241305
2017-11-14,SUZLON.NS,Suzlon Energy,Retail Hype / Turnaround,13.4977445602417,13.72729778289795,13.222281455993652,13.314102172851562,13.314102172851562,41706337
2017-11-15,SUZLON.NS,Suzlon Energy,Retail Hype / Turnaround,13.314102172851562,13.314102172851562,12.44179916381836,12.53361988067627,12.53361988067627,76919939
2017-11-16,SUZLON.NS,Suzlon Energy,Retail Hype / Turnaround,12.30406665802002,12.44179916381836,11.753137588500977,12.349976539611816,12.349976539611816,97001292
2017-11-17,SUZLON.NS,Suzlon Energy,Retail Hype / Turnaround,12.53361988067627,12.717263221740723,12.44179916381836,12.579530715942383,12.579530715942383,33156979
2017-11-20,SUZLON.NS,Suzlon Energy,Retail Hype / Turnaround,12.67135238647461,12.67135238647461,12.395888328552246,12.487709045410156,12.487709045410156,26377251
2017-11-21,SUZLON.NS,Suzlon Energy,Retail Hype / Turnaround,12.625441551208496,12.854994773864746,12.44179916381836,12.717263221740723,12.717263221740723,33140360
2017-11-22,SUZLON.NS,Suzlon Energy,Retail Hype / Turnaround,12.763174057006836,12.854994773864746,12.53361988067627,12.53361988067627,12.53361988067627,22762581
2017-11-23,SUZLON.NS,Suzlon Energy,Retail Hype / Turnaround,12.53361988067627,12.67135238647461,12.395888328552246,12.487709045410156,12.487709045410156,20725011
2017-11-24,SUZLON.NS,Suzlon Energy,Retail Hype / Turnaround,12.67135238647461,13.084548950195312,12.67135238647461,12.992727279663086,12.992727279663086,43770148
2017-11-27,SUZLON.NS,Suzlon Energy,Retail Hype / Turnaround,13.0386381149292,13.865030288696289,12.992727279663086,13.773208618164062,13.773208618164062,76676326
2017-11-28,SUZLON.NS,Suzlon Energy,Retail Hype / Turnaround,13.865030288696289,13.910941123962402,13.405922889709473,13.4977445602417,13.4977445602417,56290226
2017-11-29,SUZLON.NS,Suzlon Energy,Retail Hype / Turnaround,13.4977445602417,13.543656349182129,13.13045883178711,13.314102172851562,13.314102172851562,47818246
2017-11-30,SUZLON.NS,Suzlon Energy,Retail Hype / Turnaround,13.222281455993652,13.222281455993652,12.67135238647461,12.809083938598633,12.809083938598633,71829943
2017-12-01,SUZLON.NS,Suzlon Energy,Retail Hype / Turnaround,13.0386381149292,13.176369667053223,12.53361988067627,12.67135238647461,12.67135238647461,38169111
2017-12-04,SUZLON.NS,Suzlon Energy,Retail Hype / Turnaround,12.854994773864746,12.854994773864746,12.579530715942383,12.717263221740723,12.717263221740723,18685309
2017-12-05,SUZLON.NS,Suzlon Energy,Retail Hype / Turnaround,12.763174057006836,12.763174057006836,12.395888328552246,12.487709045410156,12.487709045410156,19226323
2017-12-06,SUZLON.NS,Suzlon Energy,Retail Hype / Turnaround,12.487709045410156,12.809083938598633,12.30406665802002,12.487709045410156,12.487709045410156,38921068
2017-12-07,SUZLON.NS,Suzlon Energy,Retail Hype / Turnaround,12.53361988067627,12.763174057006836,12.487709045410156,12.625441551208496,12.625441551208496,30350921
2017-12-08,SUZLON.NS,Suzlon Energy,Retail Hype / Turnaround,12.809083938598633,12.946816444396973,12.763174057006836,12.809083938598633,12.809083938598633,27448904
2017-12-11,SUZLON.NS,Suzlon Energy,Retail Hype / Turnaround,12.854994773864746,12.946816444396973,12.67135238647461,12.717263221740723,12.717263221740723,17096496
2017-12-12,SUZLON.NS,Suzlon Energy,Retail Hype / Turnaround,12.717263221740723,12.809083938598633,12.579530715942383,12.67135238647461,12.67135238647461,13378292
2017-12-13,SUZLON.NS,Suzlon Energy,Retail Hype / Turnaround,12.625441551208496,12.67135238647461,12.44179916381836,12.487709045410156,12.487709045410156,15825606
2017-12-14,SUZLON.NS,Suzlon Energy,Retail Hype / Turnaround,12.487709045410156,12.579530715942383,12.120424270629883,12.212244987487793,12.212244987487793,36141140
2017-12-15,SUZLON.NS,Suzlon Energy,Retail Hype / Turnaround,12.44179916381836,12.487709045410156,12.30406665802002,12.395888328552246,12.395888328552246,15240970
2017-12-18,SUZLON.NS,Suzlon Energy,Retail Hype / Turnaround,12.30406665802002,12.53361988067627,11.93678092956543,12.349976539611816,12.349976539611816,21394144
2017-12-19,SUZLON.NS,Suzlon Energy,Retail Hype / Turnaround,12.44179916381836,12.67135238647461,12.395888328552246,12.579530715942383,12.579530715942383,19650028
2017-12-20,SUZLON.NS,Suzlon Energy,Retail Hype / Turnaround,12.67135238647461,13.26819133758545,12.625441551208496,13.0386381149292,13.0386381149292,50123800
2017-12-21,SUZLON.NS,Suzlon Energy,Retail Hype / Turnaround,13.13045883178711,13.543656349182129,13.0386381149292,13.314102172851562,13.314102172851562,43513593
2017-12-22,SUZLON.NS,Suzlon Energy,Retail Hype / Turnaround,13.360013008117676,13.819120407104492,13.314102172851562,13.405922889709473,13.405922889709473,54715878
2017-12-26,SUZLON.NS,Suzlon Energy,Retail Hype / Turnaround,13.4977445602417,13.865030288696289,13.451833724975586,13.773208618164062,13.773208618164062,45930359
2017-12-27,SUZLON.NS,Suzlon Energy,Retail Hype / Turnaround,13.865030288696289,14.186405181884766,13.819120407104492,13.910941123962402,13.910941123962402,57727237
2017-12-28,SUZLON.NS,Suzlon Energy,Retail Hype / Turnaround,13.773208618164062,14.140495300292969,13.72729778289795,13.819120407104492,13.819120407104492,72346240
2017-12-29,SUZLON.NS,Suzlon Energy,Retail Hype / Turnaround,13.956851959228516,14.415959358215332,13.910941123962402,14.278226852416992,14.278226852416992,67227137
2018-01-01,SUZLON.NS,Suzlon Energy,Retail Hype / Turnaround,14.278226852416992,15.012798309326172,14.186405181884766,14.507780075073242,14.507780075073242,76215556
2018-01-02,SUZLON.NS,Suzlon Energy,Retail Hype / Turnaround,14.599601745605469,14.966887474060059,14.094584465026855,14.553690910339355,14.553690910339355,95111054
2018-01-03,SUZLON.NS,Suzlon Energy,Retail Hype / Turnaround,14.645511627197266,14.737334251403809,14.370047569274902,14.461870193481445,14.461870193481445,36212961
2018-01-04,SUZLON.NS,Suzlon Energy,Retail Hype / Turnaround,14.507780075073242,14.645511627197266,14.370047569274902,14.507780075073242,14.507780075073242,36366740
2018-01-05,SUZLON.NS,Suzlon Energy,Retail Hype / Turnaround,14.553690910339355,14.599601745605469,14.232316017150879,14.278226852416992,14.278226852416992,44130867
2018-01-08,SUZLON.NS,Suzlon Energy,Retail Hype / Turnaround,14.370047569274902,14.553690910339355,14.324136734008789,14.370047569274902,14.370047569274902,21040237
2018-01-09,SUZLON.NS,Suzlon Energy,Retail Hype / Turnaround,14.370047569274902,15.150529861450195,14.232316017150879,15.058709144592285,15.058709144592285,133936405
2018-01-10,SUZLON.NS,Suzlon Energy,Retail Hype / Turnaround,15.196440696716309,15.701457977294922,14.920976638793945,15.058709144592285,15.058709144592285,91009478
2018-01-11,SUZLON.NS,Suzlon Energy,Retail Hype / Turnaround,15.104619026184082,15.334173202514648,15.012798309326172,15.104619026184082,15.104619026184082,42756542
2018-01-12,SUZLON.NS,Suzlon Energy,Retail Hype / Turnaround,15.196440696716309,15.425993919372559,14.553690910339355,14.875065803527832,14.875065803527832,66353313
2018-01-15,SUZLON.NS,Suzlon Energy,Retail Hype / Turnaround,15.104619026184082,15.150529861450195,14.645511627197266,14.737334251403809,14.737334251403809,31288965
2018-01-16,SUZLON.NS,Suzlon Energy,Retail Hype / Turnaround,14.691423416137695,14.783244132995605,13.910941123962402,14.002762794494629,14.002762794494629,54257035
2018-01-17,SUZLON.NS,Suzlon Energy,Retail Hype / Turnaround,14.002762794494629,14.232316017150879,13.360013008117676,14.094584465026855,14.094584465026855,51716284
2018-01-18,SUZLON.NS,Suzlon Energy,Retail Hype / Turnaround,14.186405181884766,14.324136734008789,13.451833724975586,13.635477066040039,13.635477066040039,44227590
2018-01-19,SUZLON.NS,Suzlon Energy,Retail Hype / Turnaround,13.635477066040039,13.956851959228516,13.405922889709473,13.865030288696289,13.865030288696289,38550961
2018-01-22,SUZLON.NS,Suzlon Energy,Retail Hype / Turnaround,13.865030288696289,13.956851959228516,13.589566230773926,13.773208618164062,13.773208618164062,21954546
2018-01-23,SUZLON.NS,Suzlon Energy,Retail Hype / Turnaround,13.773208618164062,13.956851959228516,13.681387901306152,13.773208618164062,13.773208618164062,25632405
2018-01-24,SUZLON.NS,Suzlon Energy,Retail Hype / Turnaround,13.72729778289795,13.819120407104492,13.589566230773926,13.635477066040039,13.635477066040039,22179195
2018-01-25,SUZLON.NS,Suzlon Energy,Retail Hype / Turnaround,13.681387901306152,13.72729778289795,13.314102172851562,13.405922889709473,13.405922889709473,62573370
2018-01-29,SUZLON.NS,Suzlon Energy,Retail Hype / Turnaround,13.543656349182129,13.72729778289795,13.360013008117676,13.451833724975586,13.451833724975586,24851539
2018-01-30,SUZLON.NS,Suzlon Energy,Retail Hype / Turnaround,13.405922889709473,13.635477066040039,13.26819133758545,13.360013008117676,13.360013008117676,30036800
2018-01-31,SUZLON.NS,Suzlon Energy,Retail Hype / Turnaround,13.451833724975586,13.589566230773926,13.360013008117676,13.405922889709473,13.405922889709473,22884296
2018-02-01,SUZLON.NS,Suzlon Energy,Retail Hype / Turnaround,13.589566230773926,13.865030288696289,13.176369667053223,13.405922889709473,13.405922889709473,42277301
2018-02-02,SUZLON.NS,Suzlon Energy,Retail Hype / Turnaround,13.222281455993652,13.26819133758545,12.30406665802002,12.487709045410156,12.487709045410156,44960488
2018-02-05,SUZLON.NS,Suzlon Energy,Retail Hype / Turnaround,12.258155822753906,12.30406665802002,11.615406036376953,12.212244987487793,12.212244987487793,44602772
2018-02-06,SUZLON.NS,Suzlon Energy,Retail Hype / Turnaround,11.569496154785156,11.93678092956543,11.064477920532227,11.753137588500977,11.753137588500977,56970378
2018-02-07,SUZLON.NS,Suzlon Energy,Retail Hype / Turnaround,12.07451343536377,12.166335105895996,11.890870094299316,11.982691764831543,11.982691764831543,34568262
2018-02-08,SUZLON.NS,Suzlon Energy,Retail Hype / Turnaround,12.028602600097656,12.30406665802002,11.982691764831543,12.166335105895996,12.166335105895996,32074940
2018-02-09,SUZLON.NS,Suzlon Energy,Retail Hype / Turnaround,11.93678092956543,12.487709045410156,11.799049377441406,12.395888328552246,12.395888328552246,42422718
2018-02-12,SUZLON.NS,Suzlon Energy,Retail Hype / Turnaround,12.258155822753906,12.763174057006836,11.93678092956543,12.395888328552246,12.395888328552246,56389531
2018-02-14,SUZLON.NS,Suzlon Energy,Retail Hype / Turnaround,12.487709045410156,12.579530715942383,12.212244987487793,12.258155822753906,12.258155822753906,22870875
2018-02-15,SUZLON.NS,Suzlon Energy,Retail Hype / Turnaround,12.395888328552246,12.44179916381836,11.982691764831543,12.120424270629883,12.120424270629883,29705457
2018-02-16,SUZLON.NS,Suzlon Energy,Retail Hype / Turnaround,12.212244987487793,12.258155822753906,11.982691764831543,12.07451343536377,12.07451343536377,18269335
2018-02-19,SUZLON.NS,Suzlon Energy,Retail Hype / Turnaround,12.07451343536377,12.120424270629883,11.799049377441406,11.93678092956543,11.93678092956543,32005863
2018-02-20,SUZLON.NS,Suzlon Energy,Retail Hype / Turnaround,11.93678092956543,12.120424270629883,11.890870094299316,11.982691764831543,11.982691764831543,18713792
2018-02-21,SUZLON.NS,Suzlon Energy,Retail Hype / Turnaround,12.07451343536377,12.07451343536377,11.84496021270752,11.84496021270752,11.84496021270752,25554869
2018-02-22,SUZLON.NS,Suzlon Energy,Retail Hype / Turnaround,11.84496021270752,11.890870094299316,11.385852813720703,11.523585319519043,11.523585319519043,72110769
2018-02-23,SUZLON.NS,Suzlon Energy,Retail Hype / Turnaround,11.523585319519043,12.028602600097656,11.4317626953125,11.93678092956543,11.93678092956543,46221040
2018-02-26,SUZLON.NS,Suzlon Energy,Retail Hype / Turnaround,12.028602600097656,12.120424270629883,11.84496021270752,11.93678092956543,11.93678092956543,22196132
2018-02-27,SUZLON.NS,Suzlon Energy,Retail Hype / Turnaround,12.028602600097656,12.028602600097656,11.753137588500977,11.890870094299316,11.890870094299316,23607276
2018-02-28,SUZLON.NS,Suzlon Energy,Retail Hype / Turnaround,11.753137588500977,11.890870094299316,11.661316871643066,11.753137588500977,11.753137588500977,32582407
2018-03-01,SUZLON.NS,Suzlon Energy,Retail Hype / Turnaround,11.799049377441406,11.93678092956543,11.661316871643066,11.70722770690918,11.70722770690918,20071611
2018-03-05,SUZLON.NS,Suzlon Energy,Retail Hype / Turnaround,11.70722770690918,11.70722770690918,11.4317626953125,11.569496154785156,11.569496154785156,21057242
2018-03-06,SUZLON.NS,Suzlon Energy,Retail Hype / Turnaround,11.661316871643066,11.70722770690918,11.064477920532227,11.202210426330566,11.202210426330566,29057772
2018-03-07,SUZLON.NS,Suzlon Energy,Retail Hype / Turnaround,11.11038875579834,11.156298637390137,10.467638969421387,10.513548851013184,10.513548851013184,63327444
2018-03-08,SUZLON.NS,Suzlon Energy,Retail Hype / Turnaround,10.559459686279297,10.697192192077637,9.733068466186523,10.559459686279297,10.559459686279297,71598827
2018-03-09,SUZLON.NS,Suzlon Energy,Retail Hype / Turnaround,10.559459686279297,10.559459686279297,10.054442405700684,10.100353240966797,10.100353240966797,28009850
2018-03-12,SUZLON.NS,Suzlon Energy,Retail Hype / Turnaround,10.14626407623291,10.467638969421387,10.14626407623291,10.421728134155273,10.421728134155273,27749546
2018-03-13,SUZLON.NS,Suzlon Energy,Retail Hype / Turnaround,10.421728134155273,10.789013862609863,10.37581729888916,10.605371475219727,10.605371475219727,33115786
2018-03-14,SUZLON.NS,Suzlon Energy,Retail Hype / Turnaround,10.605371475219727,10.697192192077637,10.37581729888916,10.513548851013184,10.513548851013184,35823943
2018-03-15,SUZLON.NS,Suzlon Energy,Retail Hype / Turnaround,10.559459686279297,10.789013862609863,10.513548851013184,10.697192192077637,10.697192192077637,27875513
2018-03-16,SUZLON.NS,Suzlon Energy,Retail Hype / Turnaround,10.74310302734375,11.156298637390137,10.65128231048584,10.74310302734375,10.74310302734375,49857923
2018-03-19,SUZLON.NS,Suzlon Energy,Retail Hype / Turnaround,10.789013862609863,10.880834579467773,10.283995628356934,10.329907417297363,10.329907417297363,42701024
2018-03-20,SUZLON.NS,Suzlon Energy,Retail Hype / Turnaround,10.37581729888916,10.605371475219727,10.23808479309082,10.37581729888916,10.37581729888916,35164598
2018-03-21,SUZLON.NS,Suzlon Energy,Retail Hype / Turnaround,10.467638969421387,10.559459686279297,10.329907417297363,10.37581729888916,10.37581729888916,23198774
2018-03-22,SUZLON.NS,Suzlon Energy,Retail Hype / Turnaround,10.37581729888916,10.467638969421387,10.23808479309082,10.283995628356934,10.283995628356934,18886187
2018-03-23,SUZLON.NS,Suzlon Energy,Retail Hype / Turnaround,10.054442405700684,10.100353240966797,9.916709899902344,9.962620735168457,9.962620735168457,21489974
2018-03-26,SUZLON.NS,Suzlon Energy,Retail Hype / Turnaround,9.962620735168457,10.283995628356934,9.916709899902344,10.14626407623291,10.14626407623291,43173458
2018-03-27,SUZLON.NS,Suzlon Energy,Retail Hype / Turnaround,10.283995628356934,10.605371475219727,10.283995628356934,10.37581729888916,10.37581729888916,45758121
2018-03-28,SUZLON.NS,Suzlon Energy,Retail Hype / Turnaround,10.283995628356934,10.329907417297363,9.733068466186523,9.824889183044434,9.824889183044434,84422937
2018-04-02,SUZLON.NS,Suzlon Energy,Retail Hype / Turnaround,9.962620735168457,10.329907417297363,9.916709899902344,10.192174911499023,10.192174911499023,22661369
2018-04-03,SUZLON.NS,Suzlon Energy,Retail Hype / Turnaround,10.14626407623291,10.880834579467773,10.100353240966797,10.789013862609863,10.789013862609863,49084043
2018-04-04,SUZLON.NS,Suzlon Energy,Retail Hype / Turnaround,10.880834579467773,10.97265625,10.467638969421387,10.559459686279297,10.559459686279297,35125089
2018-04-05,SUZLON.NS,Suzlon Energy,Retail Hype / Turnaround,10.74310302734375,10.880834579467773,10.605371475219727,10.697192192077637,10.697192192077637,25834354
2018-04-06,SUZLON.NS,Suzlon Energy,Retail Hype / Turnaround,10.697192192077637,11.202210426330566,10.513548851013184,11.018567085266113,11.018567085266113,39624341
2018-04-09,SUZLON.NS,Suzlon Energy,Retail Hype / Turnaround,11.018567085266113,11.24812126159668,11.018567085266113,11.11038875579834,11.11038875579834,23143871
2018-04-10,SUZLON.NS,Suzlon Energy,Retail Hype / Turnaround,11.24812126159668,11.385852813720703,11.064477920532227,11.202210426330566,11.202210426330566,28268635
2018-04-11,SUZLON.NS,Suzlon Energy,Retail Hype / Turnaround,11.294031143188477,11.294031143188477,11.064477920532227,11.156298637390137,11.156298637390137,15486186
2018-04-12,SUZLON.NS,Suzlon Energy,Retail Hype / Turnaround,11.11038875579834,11.156298637390137,10.97265625,11.018567085266113,11.018567085266113,16988951
2018-04-13,SUZLON.NS,Suzlon Energy,Retail Hype / Turnaround,11.018567085266113,11.11038875579834,10.83492374420166,10.880834579467773,10.880834579467773,18296212
2018-04-16,SUZLON.NS,Suzlon Energy,Retail Hype / Turnaround,10.789013862609863,10.83492374420166,10.65128231048584,10.74310302734375,10.74310302734375,12057379
2018-04-17,SUZLON.NS,Suzlon Energy,Retail Hype / Turnaround,10.880834579467773,10.880834579467773,10.697192192077637,10.789013862609863,10.789013862609863,10558223
2018-04-18,SUZLON.NS,Suzlon Energy,Retail Hype / Turnaround,10.83492374420166,10.97265625,10.697192192077637,10.926746368408203,10.926746368408203,18052554
2018-04-19,SUZLON.NS,Suzlon Energy,Retail Hype / Turnaround,10.97265625,11.018567085266113,10.65128231048584,10.74310302734375,10.74310302734375,14955883
2018-04-20,SUZLON.NS,Suzlon Energy,Retail Hype / Turnaround,10.65128231048584,10.789013862609863,10.467638969421387,10.559459686279297,10.559459686279297,26025919
2018-04-23,SUZLON.NS,Suzlon Energy,Retail Hype / Turnaround,10.467638969421387,10.559459686279297,10.283995628356934,10.467638969421387,10.467638969421387,19297311
2018-04-24,SUZLON.NS,Suzlon Energy,Retail Hype / Turnaround,10.467638969421387,10.559459686279297,10.283995628356934,10.329907417297363,10.329907417297363,18886921
2018-04-25,SUZLON.NS,Suzlon Energy,Retail Hype / Turnaround,10.283995628356934,10.329907417297363,9.962620735168457,10.100353240966797,10.100353240966797,26509377
2018-04-26,SUZLON.NS,Suzlon Energy,Retail Hype / Turnaround,10.054442405700684,10.100353240966797,9.733068466186523,9.77897834777832,9.77897834777832,61160516
2018-04-27,SUZLON.NS,Suzlon Energy,Retail Hype / Turnaround,9.824889183044434,10.100353240966797,9.824889183044434,9.916709899902344,9.916709899902344,16922329
2018-04-30,SUZLON.NS,Suzlon Energy,Retail Hype / Turnaround,9.962620735168457,10.100353240966797,9.916709899902344,10.00853157043457,10.00853157043457,14050426
2018-05-02,SUZLON.NS,Suzlon Energy,Retail Hype / Turnaround,9.962620735168457,10.054442405700684,9.870800018310547,9.962620735168457,9.962620735168457,12578095
2018-05-03,SUZLON.NS,Suzlon Energy,Retail Hype / Turnaround,9.916709899902344,9.962620735168457,9.64124584197998,9.687156677246094,9.687156677246094,22134080
2018-05-04,SUZLON.NS,Suzlon Energy,Retail Hype / Turnaround,9.733068466186523,9.77897834777832,9.64124584197998,9.687156677246094,9.687156677246094,11331073
2018-05-07,SUZLON.NS,Suzlon Energy,Retail Hype / Turnaround,9.77897834777832,9.824889183044434,9.64124584197998,9.687156677246094,9.687156677246094,11910580
2018-05-08,SUZLON.NS,Suzlon Energy,Retail Hype / Turnaround,9.733068466186523,9.77897834777832,9.18213939666748,9.319870948791504,9.319870948791504,31025929
2018-05-09,SUZLON.NS,Suzlon Energy,Retail Hype / Turnaround,9.319870948791504,9.54942512512207,9.319870948791504,9.41169261932373,9.41169261932373,16029087
2018-05-10,SUZLON.NS,Suzlon Energy,Retail Hype / Turnaround,9.457603454589844,9.503514289855957,9.136228561401367,9.18213939666748,9.18213939666748,25631575
2018-05-11,SUZLON.NS,Suzlon Energy,Retail Hype / Turnaround,9.18213939666748,9.228050231933594,8.860763549804688,8.95258617401123,8.95258617401123,23851605
2018-05-14,SUZLON.NS,Suzlon Energy,Retail Hype / Turnaround,8.998496055603027,9.136228561401367,7.804818153381348,8.080282211303711,8.080282211303711,54928339
2018-05-15,SUZLON.NS,Suzlon Energy,Retail Hype / Turnaround,7.896639823913574,8.998496055603027,7.850728988647461,8.080282211303711,8.080282211303711,65740841
2018-05-16,SUZLON.NS,Suzlon Energy,Retail Hype / Turnaround,8.080282211303711,8.4475679397583,7.988461017608643,8.309836387634277,8.309836387634277,37278040
2018-05-17,SUZLON.NS,Suzlon Energy,Retail Hype / Turnaround,8.35574722290039,8.860763549804688,8.172103881835938,8.539388656616211,8.539388656616211,34449635
2018-05-18,SUZLON.NS,Suzlon Energy,Retail Hype / Turnaround,8.58530044555664,8.677122116088867,8.080282211303711,8.126193046569824,8.126193046569824,22229262
2018-05-21,SUZLON.NS,Suzlon Energy,Retail Hype / Turnaround,8.172103881835938,8.21801471710205,7.896639823913574,7.988461017608643,7.988461017608643,22914126
2018-05-22,SUZLON.NS,Suzlon Energy,Retail Hype / Turnaround,8.080282211303711,8.21801471710205,7.988461017608643,8.126193046569824,8.126193046569824,12267413
2018-05-23,SUZLON.NS,Suzlon Energy,Retail Hype / Turnaround,8.080282211303711,8.4475679397583,8.034372329711914,8.21801471710205,8.21801471710205,32347943
2018-05-24,SUZLON.NS,Suzlon Energy,Retail Hype / Turnaround,8.309836387634277,8.401657104492188,8.172103881835938,8.35574722290039,8.35574722290039,13798067
2018-05-25,SUZLON.NS,Suzlon Energy,Retail Hype / Turnaround,8.35574722290039,8.4475679397583,8.21801471710205,8.35574722290039,8.35574722290039,18205990
2018-05-28,SUZLON.NS,Suzlon Energy,Retail Hype / Turnaround,8.401657104492188,8.95258617401123,8.309836387634277,8.860763549804688,8.860763549804688,37310730
2018-05-29,SUZLON.NS,Suzlon Energy,Retail Hype / Turnaround,8.95258617401123,9.090317726135254,8.631211280822754,8.723031997680664,8.723031997680664,33756124
2018-05-30,SUZLON.NS,Suzlon Energy,Retail Hype / Turnaround,8.58530044555664,8.860763549804688,8.539388656616211,8.631211280822754,8.631211280822754,23083409
2018-05-31,SUZLON.NS,Suzlon Energy,Retail Hype / Turnaround,8.401657104492188,8.631211280822754,7.942550182342529,8.034372329711914,8.034372329711914,72971270
2018-06-01,SUZLON.NS,Suzlon Energy,Retail Hype / Turnaround,8.034372329711914,8.21801471710205,7.529354095458984,7.712996959686279,7.712996959686279,36972442
2018-06-04,SUZLON.NS,Suzlon Energy,Retail Hype / Turnaround,7.758907794952393,7.804818153381348,7.253890037536621,7.3457112312316895,7.3457112312316895,33289858
2018-06-05,SUZLON.NS,Suzlon Energy,Retail Hype / Turnaround,7.437532901763916,7.6211748123168945,7.1161580085754395,7.207979202270508,7.207979202270508,32462118
2018-06-06,SUZLON.NS,Suzlon Energy,Retail Hype / Turnaround,7.253890037536621,7.391622066497803,7.070247173309326,7.253890037536621,7.253890037536621,29263130
2018-06-07,SUZLON.NS,Suzlon Energy,Retail Hype / Turnaround,7.299800872802734,7.575264930725098,7.299800872802734,7.529354095458984,7.529354095458984,22006652
2018-06-08,SUZLON.NS,Suzlon Energy,Retail Hype / Turnaround,7.437532901763916,7.896639823913574,7.299800872802734,7.712996959686279,7.712996959686279,35079280
2018-06-11,SUZLON.NS,Suzlon Energy,Retail Hype / Turnaround,7.712996959686279,8.034372329711914,7.6211748123168945,7.804818153381348,7.804818153381348,35073193
2018-06-12,SUZLON.NS,Suzlon Energy,Retail Hype / Turnaround,7.758907794952393,7.850728988647461,7.529354095458984,7.575264930725098,7.575264930725098,12399528
2018-06-13,SUZLON.NS,Suzlon Energy,Retail Hype / Turnaround,7.6211748123168945,7.667086124420166,7.437532901763916,7.483442783355713,7.483442783355713,23514149
2018-06-14,SUZLON.NS,Suzlon Energy,Retail Hype / Turnaround,7.529354095458984,7.575264930725098,7.299800872802734,7.483442783355713,7.483442783355713,17733228
2018-06-15,SUZLON.NS,Suzlon Energy,Retail Hype / Turnaround,7.483442783355713,7.6211748123168945,7.253890037536621,7.299800872802734,7.299800872802734,23336166
2018-06-18,SUZLON.NS,Suzlon Energy,Retail Hype / Turnaround,7.3457112312316895,7.3457112312316895,7.207979202270508,7.253890037536621,7.253890037536621,14122248
2018-06-19,SUZLON.NS,Suzlon Energy,Retail Hype / Turnaround,7.207979202270508,7.253890037536621,7.070247173309326,7.1161580085754395,7.1161580085754395,17998170
2018-06-20,SUZLON.NS,Suzlon Energy,Retail Hype / Turnaround,7.162067890167236,7.207979202270508,7.070247173309326,7.1161580085754395,7.1161580085754395,13698136
2018-06-21,SUZLON.NS,Suzlon Energy,Retail Hype / Turnaround,7.1161580085754395,7.162067890167236,6.978425979614258,7.024335861206055,7.024335861206055,17140055
2018-06-22,SUZLON.NS,Suzlon Energy,Retail Hype / Turnaround,6.978425979614258,7.162067890167236,6.794783115386963,7.070247173309326,7.070247173309326,26436801
2018-06-25,SUZLON.NS,Suzlon Energy,Retail Hype / Turnaround,7.024335861206055,7.483442783355713,6.978425979614258,7.207979202270508,7.207979202270508,41552225
2018-06-26,SUZLON.NS,Suzlon Energy,Retail Hype / Turnaround,7.162067890167236,7.207979202270508,7.024335861206055,7.070247173309326,7.070247173309326,17883989
2018-06-27,SUZLON.NS,Suzlon Energy,Retail Hype / Turnaround,7.070247173309326,7.1161580085754395,6.840693950653076,6.886603832244873,6.886603832244873,24283070
2018-06-28,SUZLON.NS,Suzlon Energy,Retail Hype / Turnaround,6.840693950653076,6.886603832244873,6.657051086425781,6.794783115386963,6.794783115386963,74949383
2018-06-29,SUZLON.NS,Suzlon Energy,Retail Hype / Turnaround,6.794783115386963,7.1161580085754395,6.794783115386963,6.886603832244873,6.886603832244873,30340122
2018-07-02,SUZLON.NS,Suzlon Energy,Retail Hype / Turnaround,6.9325151443481445,6.978425979614258,6.702960968017578,6.748871803283691,6.748871803283691,26493410
2018-07-03,SUZLON.NS,Suzlon Energy,Retail Hype / Turnaround,6.794783115386963,6.978425979614258,6.657051086425781,6.886603832244873,6.886603832244873,27640973
2018-07-04,SUZLON.NS,Suzlon Energy,Retail Hype / Turnaround,6.886603832244873,6.978425979614258,6.748871803283691,6.9325151443481445,6.9325151443481445,13042583
2018-07-05,SUZLON.NS,Suzlon Energy,Retail Hype / Turnaround,6.9325151443481445,6.978425979614258,6.702960968017578,6.748871803283691,6.748871803283691,17343708
2018-07-06,SUZLON.NS,Suzlon Energy,Retail Hype / Turnaround,6.748871803283691,6.978425979614258,6.702960968017578,6.886603832244873,6.886603832244873,15220431
2018-07-09,SUZLON.NS,Suzlon Energy,Retail Hype / Turnaround,6.978425979614258,7.070247173309326,6.840693950653076,6.886603832244873,6.886603832244873,18686587
2018-07-10,SUZLON.NS,Suzlon Energy,Retail Hype / Turnaround,6.9325151443481445,7.024335861206055,6.886603832244873,6.978425979614258,6.978425979614258,12308060
2018-07-11,SUZLON.NS,Suzlon Energy,Retail Hype / Turnaround,6.978425979614258,6.978425979614258,6.840693950653076,6.886603832244873,6.886603832244873,11329238
2018-07-12,SUZLON.NS,Suzlon Energy,Retail Hype / Turnaround,6.9325151443481445,7.070247173309326,6.748871803283691,6.886603832244873,6.886603832244873,43757950
2018-07-13,SUZLON.NS,Suzlon Energy,Retail Hype / Turnaround,6.9325151443481445,6.978425979614258,6.748871803283691,6.794783115386963,6.794783115386963,23834782
2018-07-16,SUZLON.NS,Suzlon Energy,Retail Hype / Turnaround,6.840693950653076,6.840693950653076,6.381587028503418,6.473408222198486,6.473408222198486,42494713
2018-07-17,SUZLON.NS,Suzlon Energy,Retail Hype / Turnaround,6.5193190574646,6.702960968017578,6.473408222198486,6.61113977432251,6.61113977432251,36730008
2018-07-18,SUZLON.NS,Suzlon Energy,Retail Hype / Turnaround,6.61113977432251,6.657051086425781,6.381587028503418,6.427496910095215,6.427496910095215,42531447
2018-07-19,SUZLON.NS,Suzlon Energy,Retail Hype / Turnaround,6.5193190574646,6.5193190574646,6.289764881134033,6.427496910095215,6.427496910095215,27299801
2018-07-20,SUZLON.NS,Suzlon Energy,Retail Hype / Turnaround,6.427496910095215,6.5652289390563965,6.381587028503418,6.5193190574646,6.5193190574646,15440059
2018-07-23,SUZLON.NS,Suzlon Energy,Retail Hype / Turnaround,6.473408222198486,6.886603832244873,6.473408222198486,6.840693950653076,6.840693950653076,30889217
2018-07-24,SUZLON.NS,Suzlon Energy,Retail Hype / Turnaround,6.794783115386963,7.896639823913574,6.748871803283691,7.712996959686279,7.712996959686279,99429478
2018-07-25,SUZLON.NS,Suzlon Energy,Retail Hype / Turnaround,7.758907794952393,7.942550182342529,7.299800872802734,7.391622066497803,7.391622066497803,87474233
2018-07-26,SUZLON.NS,Suzlon Energy,Retail Hype / Turnaround,7.437532901763916,7.529354095458984,7.070247173309326,7.162067890167236,7.162067890167236,105574671
2018-07-27,SUZLON.NS,Suzlon Energy,Retail Hype / Turnaround,7.253890037536621,7.3457112312316895,7.024335861206055,7.070247173309326,7.070247173309326,24277154
2018-07-30,SUZLON.NS,Suzlon Energy,Retail Hype / Turnaround,7.1161580085754395,7.575264930725098,7.070247173309326,7.3457112312316895,7.3457112312316895,48217639
2018-07-31,SUZLON.NS,Suzlon Energy,Retail Hype / Turnaround,7.391622066497803,7.391622066497803,7.1161580085754395,7.162067890167236,7.162067890167236,28097038
2018-08-01,SUZLON.NS,Suzlon Energy,Retail Hype / Turnaround,7.207979202270508,7.299800872802734,6.978425979614258,7.070247173309326,7.070247173309326,26863252
2018-08-02,SUZLON.NS,Suzlon Energy,Retail Hype / Turnaround,7.1161580085754395,7.391622066497803,7.024335861206055,7.299800872802734,7.299800872802734,29558482
2018-08-03,SUZLON.NS,Suzlon Energy,Retail Hype / Turnaround,7.299800872802734,7.483442783355713,7.207979202270508,7.253890037536621,7.253890037536621,32657372
2018-08-06,SUZLON.NS,Suzlon Energy,Retail Hype / Turnaround,6.886603832244873,7.024335861206055,6.657051086425781,6.702960968017578,6.702960968017578,55371446
2018-08-07,SUZLON.NS,Suzlon Energy,Retail Hype / Turnaround,6.794783115386963,6.9325151443481445,6.5193190574646,6.5652289390563965,6.5652289390563965,47493312
2018-08-08,SUZLON.NS,Suzlon Energy,Retail Hype / Turnaround,6.702960968017578,6.794783115386963,6.5193190574646,6.5193190574646,6.5193190574646,17206050
2018-08-09,SUZLON.NS,Suzlon Energy,Retail Hype / Turnaround,6.5652289390563965,6.978425979614258,6.5193190574646,6.840693950653076,6.840693950653076,58368829
2018-08-10,SUZLON.NS,Suzlon Energy,Retail Hype / Turnaround,6.840693950653076,7.024335861206055,6.702960968017578,6.748871803283691,6.748871803283691,21228428
2018-08-13,SUZLON.NS,Suzlon Energy,Retail Hype / Turnaround,6.794783115386963,6.794783115386963,6.5193190574646,6.5652289390563965,6.5652289390563965,26297326
2018-08-14,SUZLON.NS,Suzlon Energy,Retail Hype / Turnaround,6.61113977432251,6.702960968017578,6.5652289390563965,6.5652289390563965,6.5652289390563965,14375419
2018-08-16,SUZLON.NS,Suzlon Energy,Retail Hype / Turnaround,6.61113977432251,6.702960968017578,6.473408222198486,6.61113977432251,6.61113977432251,19566320
2018-08-17,SUZLON.NS,Suzlon Energy,Retail Hype / Turnaround,6.657051086425781,6.702960968017578,6.61113977432251,6.657051086425781,6.657051086425781,12195753
2018-08-20,SUZLON.NS,Suzlon Energy,Retail Hype / Turnaround,6.657051086425781,6.702960968017578,6.5193190574646,6.61113977432251,6.61113977432251,14108105
2018-08-21,SUZLON.NS,Suzlon Energy,Retail Hype / Turnaround,6.657051086425781,6.702960968017578,6.5193190574646,6.657051086425781,6.657051086425781,13568667
2018-08-23,SUZLON.NS,Suzlon Energy,Retail Hype / Turnaround,6.657051086425781,6.702960968017578,6.5652289390563965,6.5652289390563965,6.5652289390563965,9389458
2018-08-24,SUZLON.NS,Suzlon Energy,Retail Hype / Turnaround,6.61113977432251,6.657051086425781,6.5193190574646,6.5652289390563965,6.5652289390563965,15410697
2018-08-27,SUZLON.NS,Suzlon Energy,Retail Hype / Turnaround,6.61113977432251,6.657051086425781,6.5193190574646,6.5193190574646,6.5193190574646,15403552
2018-08-28,SUZLON.NS,Suzlon Energy,Retail Hype / Turnaround,6.5652289390563965,6.61113977432251,6.473408222198486,6.5652289390563965,6.5652289390563965,24077915
2018-08-29,SUZLON.NS,Suzlon Energy,Retail Hype / Turnaround,6.5652289390563965,6.702960968017578,6.5652289390563965,6.61113977432251,6.61113977432251,22121459
2018-08-30,SUZLON.NS,Suzlon Energy,Retail Hype / Turnaround,6.657051086425781,6.702960968017578,6.381587028503418,6.473408222198486,6.473408222198486,33898989
2018-08-31,SUZLON.NS,Suzlon Energy,Retail Hype / Turnaround,6.5193190574646,6.657051086425781,6.5193190574646,6.5652289390563965,6.5652289390563965,23455824
2018-09-03,SUZLON.NS,Suzlon Energy,Retail Hype / Turnaround,6.61113977432251,6.657051086425781,6.5193190574646,6.5652289390563965,6.5652289390563965,17010028
2018-09-04,SUZLON.NS,Suzlon Energy,Retail Hype / Turnaround,6.5652289390563965,6.61113977432251,6.289764881134033,6.335676193237305,6.335676193237305,40294678
2018-09-05,SUZLON.NS,Suzlon Energy,Retail Hype / Turnaround,6.381587028503418,6.381587028503418,6.106122016906738,6.335676193237305,6.335676193237305,35114394
2018-09-06,SUZLON.NS,Suzlon Energy,Retail Hype / Turnaround,6.381587028503418,6.381587028503418,6.24385404586792,6.335676193237305,6.335676193237305,19301261
2018-09-07,SUZLON.NS,Suzlon Energy,Retail Hype / Turnaround,6.427496910095215,6.657051086425781,6.335676193237305,6.473408222198486,6.473408222198486,32551892
2018-09-10,SUZLON.NS,Suzlon Energy,Retail Hype / Turnaround,6.473408222198486,6.702960968017578,6.381587028503418,6.5193190574646,6.5193190574646,37065405
2018-09-11,SUZLON.NS,Suzlon Energy,Retail Hype / Turnaround,6.5652289390563965,6.61113977432251,6.335676193237305,6.381587028503418,6.381587028503418,30027629
2018-09-12,SUZLON.NS,Suzlon Energy,Retail Hype / Turnaround,6.473408222198486,6.5652289390563965,6.24385404586792,6.427496910095215,6.427496910095215,36505132
2018-09-14,SUZLON.NS,Suzlon Energy,Retail Hype / Turnaround,6.5193190574646,6.5652289390563965,6.381587028503418,6.427496910095215,6.427496910095215,12008508
2018-09-17,SUZLON.NS,Suzlon Energy,Retail Hype / Turnaround,6.427496910095215,7.391622066497803,6.381587028503418,7.024335861206055,7.024335861206055,102153550
2018-09-18,SUZLON.NS,Suzlon Energy,Retail Hype / Turnaround,7.024335861206055,7.207979202270508,6.61113977432251,6.702960968017578,6.702960968017578,48458631
2018-09-19,SUZLON.NS,Suzlon Energy,Retail Hype / Turnaround,6.748871803283691,6.886603832244873,6.473408222198486,6.5652289390563965,6.5652289390563965,50752097
2018-09-21,SUZLON.NS,Suzlon Energy,Retail Hype / Turnaround,6.657051086425781,6.657051086425781,5.92248010635376,6.197944164276123,6.197944164276123,102099092
2018-09-24,SUZLON.NS,Suzlon Energy,Retail Hype / Turnaround,6.289764881134033,6.289764881134033,5.92248010635376,5.968389987945557,5.968389987945557,47791019
2018-09-25,SUZLON.NS,Suzlon Energy,Retail Hype / Turnaround,5.968389987945557,6.01430082321167,5.509283065795898,5.692925930023193,5.692925930023193,63075392
2018-09-26,SUZLON.NS,Suzlon Energy,Retail Hype / Turnaround,5.784748077392578,5.876568794250488,5.463373184204102,5.692925930023193,5.692925930023193,46915315
2018-09-27,SUZLON.NS,Suzlon Energy,Retail Hype / Turnaround,5.692925930023193,5.738836765289307,5.41746187210083,5.463373184204102,5.463373184204102,40449917
2018-09-28,SUZLON.NS,Suzlon Energy,Retail Hype / Turnaround,5.555193901062012,5.601105213165283,4.866534233093262,5.004265785217285,5.004265785217285,57783843
2018-10-01,SUZLON.NS,Suzlon Energy,Retail Hype / Turnaround,5.05017614364624,5.279729843139648,4.636980056762695,5.187908172607422,5.187908172607422,39508010
2018-10-03,SUZLON.NS,Suzlon Energy,Retail Hype / Turnaround,5.187908172607422,5.784748077392578,5.0960869789123535,5.41746187210083,5.41746187210083,58720526
2018-10-04,SUZLON.NS,Suzlon Energy,Retail Hype / Turnaround,5.371551036834717,5.41746187210083,5.0960869789123535,5.233819007873535,5.233819007873535,38647980
2018-10-05,SUZLON.NS,Suzlon Energy,Retail Hype / Turnaround,5.233819007873535,5.371551036834717,4.912444114685059,5.05017614364624,5.05017614364624,38998385
2018-10-08,SUZLON.NS,Suzlon Energy,Retail Hype / Turnaround,5.05017614364624,5.187908172607422,4.82062292098999,5.05017614364624,5.05017614364624,36697183
2018-10-09,SUZLON.NS,Suzlon Energy,Retail Hype / Turnaround,5.05017614364624,5.05017614364624,4.866534233093262,4.912444114685059,4.912444114685059,21681476
2018-10-10,SUZLON.NS,Suzlon Energy,Retail Hype / Turnaround,4.958354949951172,5.371551036834717,4.912444114685059,5.279729843139648,5.279729843139648,41272224
2018-10-11,SUZLON.NS,Suzlon Energy,Retail Hype / Turnaround,5.05017614364624,5.279729843139648,5.004265785217285,5.0960869789123535,5.0960869789123535,31372847
2018-10-12,SUZLON.NS,Suzlon Energy,Retail Hype / Turnaround,5.0960869789123535,5.555193901062012,5.05017614364624,5.32564115524292,5.32564115524292,48225641
2018-10-15,SUZLON.NS,Suzlon Energy,Retail Hype / Turnaround,5.32564115524292,5.738836765289307,5.233819007873535,5.692925930023193,5.692925930023193,40181518
2018-10-16,SUZLON.NS,Suzlon Energy,Retail Hype / Turnaround,5.784748077392578,5.968389987945557,5.738836765289307,5.92248010635376,5.92248010635376,31714955
2018-10-17,SUZLON.NS,Suzlon Energy,Retail Hype / Turnaround,5.968389987945557,6.106122016906738,5.463373184204102,5.555193901062012,5.555193901062012,43159502
2018-10-19,SUZLON.NS,Suzlon Energy,Retail Hype / Turnaround,5.509283065795898,5.64701509475708,5.32564115524292,5.41746187210083,5.41746187210083,37112292
2018-10-22,SUZLON.NS,Suzlon Energy,Retail Hype / Turnaround,5.509283065795898,5.509283065795898,5.32564115524292,5.41746187210083,5.41746187210083,34382783
2018-10-23,SUZLON.NS,Suzlon Energy,Retail Hype / Turnaround,5.371551036834717,5.738836765289307,5.32564115524292,5.64701509475708,5.64701509475708,38863106
2018-10-24,SUZLON.NS,Suzlon Energy,Retail Hype / Turnaround,5.64701509475708,5.64701509475708,5.463373184204102,5.601105213165283,5.601105213165283,30189716
2018-10-25,SUZLON.NS,Suzlon Energy,Retail Hype / Turnaround,5.509283065795898,5.64701509475708,5.41746187210083,5.555193901062012,5.555193901062012,41020476
2018-10-26,SUZLON.NS,Suzlon Energy,Retail Hype / Turnaround,5.463373184204102,5.64701509475708,5.32564115524292,5.555193901062012,5.555193901062012,24517227
2018-10-29,SUZLON.NS,Suzlon Energy,Retail Hype / Turnaround,5.601105213165283,5.876568794250488,5.463373184204102,5.784748077392578,5.784748077392578,25982211
2018-10-30,SUZLON.NS,Suzlon Energy,Retail Hype / Turnaround,5.784748077392578,5.876568794250488,5.64701509475708,5.738836765289307,5.738836765289307,13629193
2018-10-31,SUZLON.NS,Suzlon Energy,Retail Hype / Turnaround,5.692925930023193,5.830657958984375,5.64701509475708,5.738836765289307,5.738836765289307,21521358
2018-11-01,SUZLON.NS,Suzlon Energy,Retail Hype / Turnaround,5.738836765289307,5.876568794250488,5.692925930023193,5.738836765289307,5.738836765289307,21151683
2018-11-02,SUZLON.NS,Suzlon Energy,Retail Hype / Turnaround,5.784748077392578,5.968389987945557,5.738836765289307,5.784748077392578,5.784748077392578,28034984
2018-11-05,SUZLON.NS,Suzlon Energy,Retail Hype / Turnaround,5.784748077392578,5.876568794250488,5.692925930023193,5.784748077392578,5.784748077392578,22678619
2018-11-06,SUZLON.NS,Suzlon Energy,Retail Hype / Turnaround,5.830657958984375,5.830657958984375,5.509283065795898,5.601105213165283,5.601105213165283,18792025
2018-11-07,SUZLON.NS,Suzlon Energy,Retail Hype / Turnaround,5.64701509475708,5.738836765289307,5.555193901062012,5.692925930023193,5.692925930023193,6745431
2018-11-09,SUZLON.NS,Suzlon Energy,Retail Hype / Turnaround,5.692925930023193,5.738836765289307,5.601105213165283,5.692925930023193,5.692925930023193,14015341
2018-11-12,SUZLON.NS,Suzlon Energy,Retail Hype / Turnaround,5.738836765289307,5.738836765289307,5.509283065795898,5.555193901062012,5.555193901062012,20750580
2018-11-13,SUZLON.NS,Suzlon Energy,Retail Hype / Turnaround,5.463373184204102,5.692925930023193,5.41746187210083,5.509283065795898,5.509283065795898,26805964
2018-11-14,SUZLON.NS,Suzlon Energy,Retail Hype / Turnaround,5.555193901062012,5.555193901062012,5.279729843139648,5.32564115524292,5.32564115524292,26461060
2018-11-15,SUZLON.NS,Suzlon Energy,Retail Hype / Turnaround,5.32564115524292,5.371551036834717,5.0960869789123535,5.233819007873535,5.233819007873535,21695981
2018-11-16,SUZLON.NS,Suzlon Energy,Retail Hype / Turnaround,5.187908172607422,5.279729843139648,5.141997814178467,5.187908172607422,5.187908172607422,17242391
2018-11-19,SUZLON.NS,Suzlon Energy,Retail Hype / Turnaround,5.233819007873535,5.233819007873535,4.912444114685059,4.958354949951172,4.958354949951172,45214220
2018-11-20,SUZLON.NS,Suzlon Energy,Retail Hype / Turnaround,5.004265785217285,5.0960869789123535,4.866534233093262,4.958354949951172,4.958354949951172,36356110
2018-11-21,SUZLON.NS,Suzlon Energy,Retail Hype / Turnaround,5.004265785217285,5.187908172607422,4.958354949951172,5.0960869789123535,5.0960869789123535,31392873
2018-11-22,SUZLON.NS,Suzlon Energy,Retail Hype / Turnaround,5.0960869789123535,5.233819007873535,5.004265785217285,5.0960869789123535,5.0960869789123535,33790645
2018-11-26,SUZLON.NS,Suzlon Energy,Retail Hype / Turnaround,5.0960869789123535,5.0960869789123535,4.82062292098999,4.958354949951172,4.958354949951172,30581968
2018-11-27,SUZLON.NS,Suzlon Energy,Retail Hype / Turnaround,5.05017614364624,5.233819007873535,4.958354949951172,5.141997814178467,5.141997814178467,43712207
2018-11-28,SUZLON.NS,Suzlon Energy,Retail Hype / Turnaround,5.187908172607422,5.187908172607422,4.958354949951172,5.004265785217285,5.004265785217285,22666322
2018-11-29,SUZLON.NS,Suzlon Energy,Retail Hype / Turnaround,5.05017614364624,5.05017614364624,4.545158863067627,4.682890892028809,4.682890892028809,119071657
2018-11-30,SUZLON.NS,Suzlon Energy,Retail Hype / Turnaround,4.7288007736206055,4.774712085723877,4.682890892028809,4.7288007736206055,4.7288007736206055,21752256
2018-12-03,SUZLON.NS,Suzlon Energy,Retail Hype / Turnaround,4.774712085723877,5.233819007873535,4.7288007736206055,5.0960869789123535,5.0960869789123535,62053545
2018-12-04,SUZLON.NS,Suzlon Energy,Retail Hype / Turnaround,5.05017614364624,5.233819007873535,4.958354949951172,5.004265785217285,5.004265785217285,27467279
2018-12-05,SUZLON.NS,Suzlon Energy,Retail Hype / Turnaround,5.004265785217285,5.004265785217285,4.774712085723877,4.82062292098999,4.82062292098999,25290293
2018-12-06,SUZLON.NS,Suzlon Energy,Retail Hype / Turnaround,4.774712085723877,4.82062292098999,4.682890892028809,4.774712085723877,4.774712085723877,18777199
2018-12-07,SUZLON.NS,Suzlon Energy,Retail Hype / Turnaround,4.774712085723877,4.866534233093262,4.591069221496582,4.7288007736206055,4.7288007736206055,24343775
2018-12-10,SUZLON.NS,Suzlon Energy,Retail Hype / Turnaround,4.682890892028809,4.774712085723877,4.591069221496582,4.682890892028809,4.682890892028809,16050853
2018-12-11,SUZLON.NS,Suzlon Energy,Retail Hype / Turnaround,4.636980056762695,4.958354949951172,4.591069221496582,4.866534233093262,4.866534233093262,22232769
2018-12-12,SUZLON.NS,Suzlon Energy,Retail Hype / Turnaround,4.82062292098999,4.912444114685059,4.774712085723877,4.866534233093262,4.866534233093262,16157329
2018-12-13,SUZLON.NS,Suzlon Energy,Retail Hype / Turnaround,4.912444114685059,4.958354949951172,4.774712085723877,4.82062292098999,4.82062292098999,23148307
2018-12-14,SUZLON.NS,Suzlon Energy,Retail Hype / Turnaround,4.866534233093262,4.958354949951172,4.82062292098999,4.866534233093262,4.866534233093262,22752220
2018-12-17,SUZLON.NS,Suzlon Energy,Retail Hype / Turnaround,4.866534233093262,4.958354949951172,4.82062292098999,4.866534233093262,4.866534233093262,12823322
2018-12-18,SUZLON.NS,Suzlon Energy,Retail Hype / Turnaround,4.866534233093262,5.05017614364624,4.82062292098999,4.912444114685059,4.912444114685059,19067594
2018-12-19,SUZLON.NS,Suzlon Energy,Retail Hype / Turnaround,4.912444114685059,5.05017614364624,4.912444114685059,5.004265785217285,5.004265785217285,28905683
2018-12-20,SUZLON.NS,Suzlon Energy,Retail Hype / Turnaround,4.958354949951172,5.0960869789123535,4.912444114685059,5.05017614364624,5.05017614364624,31751720
2018-12-21,SUZLON.NS,Suzlon Energy,Retail Hype / Turnaround,5.004265785217285,5.187908172607422,5.004265785217285,5.05017614364624,5.05017614364624,26464310
2018-12-24,SUZLON.NS,Suzlon Energy,Retail Hype / Turnaround,5.05017614364624,5.0960869789123535,5.004265785217285,5.05017614364624,5.05017614364624,18693554
2018-12-26,SUZLON.NS,Suzlon Energy,Retail Hype / Turnaround,5.05017614364624,5.0960869789123535,4.82062292098999,5.004265785217285,5.004265785217285,22539859
2018-12-27,SUZLON.NS,Suzlon Energy,Retail Hype / Turnaround,5.05017614364624,5.05017614364624,4.958354949951172,5.004265785217285,5.004265785217285,25822585
2018-12-28,SUZLON.NS,Suzlon Energy,Retail Hype / Turnaround,5.004265785217285,5.05017614364624,4.958354949951172,5.004265785217285,5.004265785217285,11045975
2018-12-31,SUZLON.NS,Suzlon Energy,Retail Hype / Turnaround,4.958354949951172,5.004265785217285,4.958354949951172,4.958354949951172,4.958354949951172,7614376
2019-01-01,SUZLON.NS,Suzlon Energy,Retail Hype / Turnaround,5.004265785217285,5.05017614364624,4.912444114685059,5.004265785217285,5.004265785217285,10679462
2019-01-02,SUZLON.NS,Suzlon Energy,Retail Hype / Turnaround,5.004265785217285,5.004265785217285,4.866534233093262,4.912444114685059,4.912444114685059,14752240
2019-01-03,SUZLON.NS,Suzlon Energy,Retail Hype / Turnaround,4.958354949951172,4.958354949951172,4.866534233093262,4.866534233093262,4.866534233093262,10516981
2019-01-04,SUZLON.NS,Suzlon Energy,Retail Hype / Turnaround,4.912444114685059,5.05017614364624,4.7288007736206055,5.004265785217285,5.004265785217285,37736957
2019-01-07,SUZLON.NS,Suzlon Energy,Retail Hype / Turnaround,5.05017614364624,5.0960869789123535,4.866534233093262,4.912444114685059,4.912444114685059,25786558
2019-01-08,SUZLON.NS,Suzlon Energy,Retail Hype / Turnaround,4.912444114685059,4.958354949951172,4.866534233093262,4.912444114685059,4.912444114685059,14720838
2019-01-09,SUZLON.NS,Suzlon Energy,Retail Hype / Turnaround,4.958354949951172,4.958354949951172,4.774712085723877,4.912444114685059,4.912444114685059,16966588
2019-01-10,SUZLON.NS,Suzlon Energy,Retail Hype / Turnaround,4.912444114685059,5.05017614364624,4.866534233093262,5.004265785217285,5.004265785217285,18220456
2019-01-11,SUZLON.NS,Suzlon Energy,Retail Hype / Turnaround,5.004265785217285,5.004265785217285,4.866534233093262,4.912444114685059,4.912444114685059,17938431
2019-01-14,SUZLON.NS,Suzlon Energy,Retail Hype / Turnaround,4.912444114685059,4.912444114685059,4.82062292098999,4.866534233093262,4.866534233093262,14211800
2019-01-15,SUZLON.NS,Suzlon Energy,Retail Hype / Turnaround,4.866534233093262,4.958354949951172,4.774712085723877,4.866534233093262,4.866534233093262,15267800
2019-01-16,SUZLON.NS,Suzlon Energy,Retail Hype / Turnaround,4.866534233093262,4.958354949951172,4.82062292098999,4.866534233093262,4.866534233093262,18650511
2019-01-17,SUZLON.NS,Suzlon Energy,Retail Hype / Turnaround,4.912444114685059,4.912444114685059,4.82062292098999,4.866534233093262,4.866534233093262,20854076
2019-01-18,SUZLON.NS,Suzlon Energy,Retail Hype / Turnaround,4.866534233093262,4.912444114685059,4.774712085723877,4.82062292098999,4.82062292098999,18909752
2019-01-21,SUZLON.NS,Suzlon Energy,Retail Hype / Turnaround,4.82062292098999,4.866534233093262,4.774712085723877,4.82062292098999,4.82062292098999,14174845
2019-01-22,SUZLON.NS,Suzlon Energy,Retail Hype / Turnaround,4.82062292098999,4.82062292098999,4.7288007736206055,4.774712085723877,4.774712085723877,19133628
2019-01-23,SUZLON.NS,Suzlon Energy,Retail Hype / Turnaround,4.774712085723877,4.82062292098999,4.682890892028809,4.7288007736206055,4.7288007736206055,12707559
2019-01-24,SUZLON.NS,Suzlon Energy,Retail Hype / Turnaround,4.7288007736206055,4.774712085723877,4.682890892028809,4.7288007736206055,4.7288007736206055,6813731
2019-01-25,SUZLON.NS,Suzlon Energy,Retail Hype / Turnaround,4.7288007736206055,4.774712085723877,4.591069221496582,4.636980056762695,4.636980056762695,14073591
2019-01-28,SUZLON.NS,Suzlon Energy,Retail Hype / Turnaround,4.682890892028809,4.682890892028809,4.407426834106445,4.545158863067627,4.545158863067627,24080296
2019-01-29,SUZLON.NS,Suzlon Energy,Retail Hype / Turnaround,4.545158863067627,4.591069221496582,4.499248027801514,4.545158863067627,4.545158863067627,7401689
2019-01-30,SUZLON.NS,Suzlon Energy,Retail Hype / Turnaround,4.545158863067627,4.636980056762695,4.499248027801514,4.591069221496582,4.591069221496582,14616338
2019-01-31,SUZLON.NS,Suzlon Energy,Retail Hype / Turnaround,4.591069221496582,4.591069221496582,4.177873134613037,4.315605163574219,4.315605163574219,46394091
2019-02-01,SUZLON.NS,Suzlon Energy,Retail Hype / Turnaround,4.407426834106445,4.636980056762695,4.361515998840332,4.499248027801514,4.499248027801514,37841006
2019-02-04,SUZLON.NS,Suzlon Energy,Retail Hype / Turnaround,4.499248027801514,4.499248027801514,4.269693851470947,4.361515998840332,4.361515998840332,24060793
2019-02-05,SUZLON.NS,Suzlon Energy,Retail Hype / Turnaround,4.361515998840332,4.361515998840332,2.52508807182312,3.305569887161255,3.305569887161255,200423428
2019-02-06,SUZLON.NS,Suzlon Energy,Retail Hype / Turnaround,3.3973910808563232,3.7187659740448,3.12192702293396,3.535123109817505,3.535123109817505,75328149
2019-02-07,SUZLON.NS,Suzlon Energy,Retail Hype / Turnaround,3.581033945083618,3.764677047729492,3.535123109817505,3.6269450187683105,3.6269450187683105,30275361
2019-02-08,SUZLON.NS,Suzlon Energy,Retail Hype / Turnaround,3.581033945083618,3.581033945083618,3.305569887161255,3.3973910808563232,3.3973910808563232,35829581
2019-02-11,SUZLON.NS,Suzlon Energy,Retail Hype / Turnaround,3.489212989807129,3.489212989807129,2.938283920288086,3.1678380966186523,3.1678380966186523,32578018
2019-02-12,SUZLON.NS,Suzlon Energy,Retail Hype / Turnaround,3.1678380966186523,3.351480007171631,3.0301060676574707,3.1678380966186523,3.1678380966186523,32315719
2019-02-14,SUZLON.NS,Suzlon Energy,Retail Hype / Turnaround,3.12192702293396,3.2596590518951416,2.9841949939727783,3.213747978210449,3.213747978210449,32911144
2019-02-15,SUZLON.NS,Suzlon Energy,Retail Hype / Turnaround,3.213747978210449,3.213747978210449,3.0760159492492676,3.1678380966186523,3.1678380966186523,20715317
2019-02-18,SUZLON.NS,Suzlon Energy,Retail Hype / Turnaround,3.1678380966186523,3.305569887161255,3.0760159492492676,3.1678380966186523,3.1678380966186523,33553525
2019-02-19,SUZLON.NS,Suzlon Energy,Retail Hype / Turnaround,3.1678380966186523,3.305569887161255,3.12192702293396,3.2596590518951416,3.2596590518951416,20452202
2019-02-20,SUZLON.NS,Suzlon Energy,Retail Hype / Turnaround,3.2596590518951416,3.4433019161224365,3.2596590518951416,3.3973910808563232,3.3973910808563232,14942690
2019-02-21,SUZLON.NS,Suzlon Energy,Retail Hype / Turnaround,3.3973910808563232,4.22378396987915,3.305569887161255,4.086051940917969,4.086051940917969,80443813
2019-02-22,SUZLON.NS,Suzlon Energy,Retail Hype / Turnaround,4.22378396987915,5.509283065795898,4.131961822509766,5.279729843139648,5.279729843139648,218218027
2019-02-25,SUZLON.NS,Suzlon Energy,Retail Hype / Turnaround,5.32564115524292,5.555193901062012,4.682890892028809,5.187908172607422,5.187908172607422,212355089
2019-02-26,SUZLON.NS,Suzlon Energy,Retail Hype / Turnaround,4.912444114685059,5.187908172607422,4.774712085723877,4.912444114685059,4.912444114685059,79869920
2019-02-27,SUZLON.NS,Suzlon Energy,Retail Hype / Turnaround,4.958354949951172,5.601105213165283,4.912444114685059,5.05017614364624,5.05017614364624,116979099
2019-02-28,SUZLON.NS,Suzlon Energy,Retail Hype / Turnaround,5.0960869789123535,5.463373184204102,5.0960869789123535,5.279729843139648,5.279729843139648,80306192
2019-03-01,SUZLON.NS,Suzlon Energy,Retail Hype / Turnaround,5.32564115524292,5.509283065795898,5.279729843139648,5.463373184204102,5.463373184204102,51521955
2019-03-05,SUZLON.NS,Suzlon Energy,Retail Hype / Turnaround,5.509283065795898,6.978425979614258,5.463373184204102,6.840693950653076,6.840693950653076,266589004
2019-03-06,SUZLON.NS,Suzlon Energy,Retail Hype / Turnaround,7.070247173309326,7.712996959686279,6.9325151443481445,7.253890037536621,7.253890037536621,275302530
2019-03-07,SUZLON.NS,Suzlon Energy,Retail Hype / Turnaround,7.253890037536621,7.253890037536621,6.24385404586792,6.335676193237305,6.335676193237305,220651681
2019-03-08,SUZLON.NS,Suzlon Energy,Retail Hype / Turnaround,6.335676193237305,7.024335861206055,6.060212135314941,6.702960968017578,6.702960968017578,243853356
2019-03-11,SUZLON.NS,Suzlon Energy,Retail Hype / Turnaround,6.748871803283691,7.162067890167236,6.702960968017578,6.794783115386963,6.794783115386963,132835200
2019-03-12,SUZLON.NS,Suzlon Energy,Retail Hype / Turnaround,6.840693950653076,6.978425979614258,6.427496910095215,6.61113977432251,6.61113977432251,104097216
2019-03-13,SUZLON.NS,Suzlon Energy,Retail Hype / Turnaround,6.61113977432251,6.657051086425781,6.152032852172852,6.24385404586792,6.24385404586792,102434996
2019-03-14,SUZLON.NS,Suzlon Energy,Retail Hype / Turnaround,6.381587028503418,6.61113977432251,6.24385404586792,6.473408222198486,6.473408222198486,109710603
2019-03-15,SUZLON.NS,Suzlon Energy,Retail Hype / Turnaround,6.473408222198486,6.5193190574646,6.152032852172852,6.24385404586792,6.24385404586792,63904743
2019-03-18,SUZLON.NS,Suzlon Energy,Retail Hype / Turnaround,6.289764881134033,6.657051086425781,6.24385404586792,6.473408222198486,6.473408222198486,90470798
2019-03-19,SUZLON.NS,Suzlon Energy,Retail Hype / Turnaround,6.61113977432251,6.657051086425781,6.335676193237305,6.427496910095215,6.427496910095215,64323334
2019-03-20,SUZLON.NS,Suzlon Energy,Retail Hype / Turnaround,6.381587028503418,6.473408222198486,6.106122016906738,6.335676193237305,6.335676193237305,70913598
2019-03-22,SUZLON.NS,Suzlon Energy,Retail Hype / Turnaround,6.335676193237305,6.473408222198486,6.060212135314941,6.152032852172852,6.152032852172852,103183464
2019-03-25,SUZLON.NS,Suzlon Energy,Retail Hype / Turnaround,6.060212135314941,6.106122016906738,5.830657958984375,5.92248010635376,5.92248010635376,72029779
2019-03-26,SUZLON.NS,Suzlon Energy,Retail Hype / Turnaround,5.968389987945557,6.381587028503418,5.876568794250488,6.106122016906738,6.106122016906738,127159062
2019-03-27,SUZLON.NS,Suzlon Energy,Retail Hype / Turnaround,6.152032852172852,6.289764881134033,6.060212135314941,6.106122016906738,6.106122016906738,88042188
2019-03-28,SUZLON.NS,Suzlon Energy,Retail Hype / Turnaround,6.106122016906738,6.197944164276123,5.876568794250488,5.968389987945557,5.968389987945557,69436735
2019-04-01,SUZLON.NS,Suzlon Energy,Retail Hype / Turnaround,5.738836765289307,5.92248010635376,5.509283065795898,5.692925930023193,5.692925930023193,71639093
2019-04-02,SUZLON.NS,Suzlon Energy,Retail Hype / Turnaround,5.692925930023193,6.427496910095215,5.601105213165283,6.24385404586792,6.24385404586792,181546425
2019-04-03,SUZLON.NS,Suzlon Energy,Retail Hype / Turnaround,6.289764881134033,6.61113977432251,5.92248010635376,5.968389987945557,5.968389987945557,110984215
2019-04-04,SUZLON.NS,Suzlon Energy,Retail Hype / Turnaround,5.968389987945557,6.289764881134033,5.692925930023193,6.152032852172852,6.152032852172852,103386672
2019-04-05,SUZLON.NS,Suzlon Energy,Retail Hype / Turnaround,6.197944164276123,6.24385404586792,6.01430082321167,6.152032852172852,6.152032852172852,30481896
2019-04-08,SUZLON.NS,Suzlon Energy,Retail Hype / Turnaround,6.197944164276123,6.381587028503418,6.01430082321167,6.106122016906738,6.106122016906738,32557373
2019-04-09,SUZLON.NS,Suzlon Energy,Retail Hype / Turnaround,6.152032852172852,6.24385404586792,6.01430082321167,6.152032852172852,6.152032852172852,33441331
2019-04-10,SUZLON.NS,Suzlon Energy,Retail Hype / Turnaround,6.197944164276123,6.335676193237305,6.106122016906738,6.152032852172852,6.152032852172852,38023778
2019-04-11,SUZLON.NS,Suzlon Energy,Retail Hype / Turnaround,6.152032852172852,6.289764881134033,5.968389987945557,6.152032852172852,6.152032852172852,40378198
2019-04-12,SUZLON.NS,Suzlon Energy,Retail Hype / Turnaround,6.24385404586792,6.840693950653076,6.152032852172852,6.61113977432251,6.61113977432251,86966316
2019-04-15,SUZLON.NS,Suzlon Energy,Retail Hype / Turnaround,6.702960968017578,7.299800872802734,6.657051086425781,6.748871803283691,6.748871803283691,111613720
2019-04-16,SUZLON.NS,Suzlon Energy,Retail Hype / Turnaround,6.840693950653076,7.070247173309326,6.657051086425781,6.748871803283691,6.748871803283691,59458788
2019-04-18,SUZLON.NS,Suzlon Energy,Retail Hype / Turnaround,6.794783115386963,6.886603832244873,6.427496910095215,6.5193190574646,6.5193190574646,63109190
2019-04-22,SUZLON.NS,Suzlon Energy,Retail Hype / Turnaround,6.427496910095215,6.473408222198486,6.152032852172852,6.24385404586792,6.24385404586792,43298700
2019-04-23,SUZLON.NS,Suzlon Energy,Retail Hype / Turnaround,6.289764881134033,6.840693950653076,5.968389987945557,6.61113977432251,6.61113977432251,81173356
2019-04-24,SUZLON.NS,Suzlon Energy,Retail Hype / Turnaround,6.748871803283691,6.886603832244873,6.427496910095215,6.657051086425781,6.657051086425781,101782050
2019-04-25,SUZLON.NS,Suzlon Energy,Retail Hype / Turnaround,6.473408222198486,6.886603832244873,6.427496910095215,6.5652289390563965,6.5652289390563965,90020184
2019-04-26,SUZLON.NS,Suzlon Energy,Retail Hype / Turnaround,6.5652289390563965,6.840693950653076,6.335676193237305,6.61113977432251,6.61113977432251,60189789
2019-04-30,SUZLON.NS,Suzlon Energy,Retail Hype / Turnaround,6.61113977432251,6.702960968017578,6.197944164276123,6.289764881134033,6.289764881134033,55064359
2019-05-02,SUZLON.NS,Suzlon Energy,Retail Hype / Turnaround,6.289764881134033,6.335676193237305,6.106122016906738,6.197944164276123,6.197944164276123,31773866
2019-05-03,SUZLON.NS,Suzlon Energy,Retail Hype / Turnaround,6.197944164276123,6.335676193237305,6.152032852172852,6.197944164276123,6.197944164276123,20501445
2019-05-06,SUZLON.NS,Suzlon Energy,Retail Hype / Turnaround,6.01430082321167,6.197944164276123,5.968389987945557,6.060212135314941,6.060212135314941,26430103
2019-05-07,SUZLON.NS,Suzlon Energy,Retail Hype / Turnaround,6.060212135314941,6.152032852172852,5.738836765289307,5.830657958984375,5.830657958984375,45516919
2019-05-08,SUZLON.NS,Suzlon Energy,Retail Hype / Turnaround,5.784748077392578,5.784748077392578,5.41746187210083,5.463373184204102,5.463373184204102,38477299
2019-05-09,SUZLON.NS,Suzlon Energy,Retail Hype / Turnaround,5.41746187210083,5.41746187210083,4.866534233093262,5.187908172607422,5.187908172607422,78713706
2019-05-10,SUZLON.NS,Suzlon Energy,Retail Hype / Turnaround,5.0960869789123535,5.968389987945557,5.004265785217285,5.876568794250488,5.876568794250488,70079210
2019-05-13,SUZLON.NS,Suzlon Energy,Retail Hype / Turnaround,5.876568794250488,5.92248010635376,5.004265785217285,5.141997814178467,5.141997814178467,63060145
2019-05-14,SUZLON.NS,Suzlon Energy,Retail Hype / Turnaround,5.0960869789123535,5.463373184204102,4.866534233093262,5.233819007873535,5.233819007873535,48909031
2019-05-15,SUZLON.NS,Suzlon Energy,Retail Hype / Turnaround,5.371551036834717,5.371551036834717,4.7288007736206055,4.82062292098999,4.82062292098999,60170134
2019-05-16,SUZLON.NS,Suzlon Energy,Retail Hype / Turnaround,4.82062292098999,4.958354949951172,4.636980056762695,4.82062292098999,4.82062292098999,44292971
2019-05-17,SUZLON.NS,Suzlon Energy,Retail Hype / Turnaround,4.82062292098999,4.912444114685059,4.682890892028809,4.82062292098999,4.82062292098999,23711242
2019-05-20,SUZLON.NS,Suzlon Energy,Retail Hype / Turnaround,4.958354949951172,5.509283065795898,4.958354949951172,5.371551036834717,5.371551036834717,56232143
2019-05-21,SUZLON.NS,Suzlon Energy,Retail Hype / Turnaround,5.463373184204102,5.738836765289307,5.004265785217285,5.0960869789123535,5.0960869789123535,66313401
2019-05-22,SUZLON.NS,Suzlon Energy,Retail Hype / Turnaround,5.0960869789123535,5.233819007873535,4.912444114685059,5.141997814178467,5.141997814178467,41488322
2019-05-23,SUZLON.NS,Suzlon Energy,Retail Hype / Turnaround,5.41746187210083,5.509283065795898,4.866534233093262,4.958354949951172,4.958354949951172,66092323
2019-05-24,SUZLON.NS,Suzlon Energy,Retail Hype / Turnaround,4.958354949951172,5.371551036834717,4.866534233093262,5.233819007873535,5.233819007873535,55504072
2019-05-27,SUZLON.NS,Suzlon Energy,Retail Hype / Turnaround,5.233819007873535,5.509283065795898,5.141997814178467,5.279729843139648,5.279729843139648,55198582
2019-05-28,SUZLON.NS,Suzlon Energy,Retail Hype / Turnaround,5.233819007873535,5.279729843139648,5.004265785217285,5.0960869789123535,5.0960869789123535,71542534
2019-05-29,SUZLON.NS,Suzlon Energy,Retail Hype / Turnaround,5.0960869789123535,5.0960869789123535,4.866534233093262,4.958354949951172,4.958354949951172,40806949
2019-05-30,SUZLON.NS,Suzlon Energy,Retail Hype / Turnaround,4.958354949951172,5.41746187210083,4.912444114685059,5.279729843139648,5.279729843139648,93725408
2019-05-31,SUZLON.NS,Suzlon Energy,Retail Hype / Turnaround,5.233819007873535,5.279729843139648,4.958354949951172,5.004265785217285,5.004265785217285,51595221
2019-06-03,SUZLON.NS,Suzlon Energy,Retail Hype / Turnaround,5.004265785217285,5.0960869789123535,5.004265785217285,5.05017614364624,5.05017614364624,22814650
2019-06-04,SUZLON.NS,Suzlon Energy,Retail Hype / Turnaround,5.004265785217285,5.233819007873535,4.958354949951172,5.004265785217285,5.004265785217285,35369381
2019-06-06,SUZLON.NS,Suzlon Energy,Retail Hype / Turnaround,5.004265785217285,5.187908172607422,4.682890892028809,4.912444114685059,4.912444114685059,53406563
2019-06-07,SUZLON.NS,Suzlon Energy,Retail Hype / Turnaround,4.912444114685059,5.004265785217285,4.682890892028809,4.774712085723877,4.774712085723877,31901850
2019-06-10,SUZLON.NS,Suzlon Energy,Retail Hype / Turnaround,4.866534233093262,4.912444114685059,3.581033945083618,4.269693851470947,4.269693851470947,123914884
2019-06-11,SUZLON.NS,Suzlon Energy,Retail Hype / Turnaround,4.269693851470947,4.545158863067627,3.764677047729492,4.407426834106445,4.407426834106445,72170405
2019-06-12,SUZLON.NS,Suzlon Energy,Retail Hype / Turnaround,4.407426834106445,4.4533371925354,4.0401411056518555,4.086051940917969,4.086051940917969,60557157
2019-06-13,SUZLON.NS,Suzlon Energy,Retail Hype / Turnaround,4.0401411056518555,4.0401411056518555,3.810586929321289,3.994230031967163,3.994230031967163,31636077
2019-06-14,SUZLON.NS,Suzlon Energy,Retail Hype / Turnaround,3.902409076690674,3.994230031967163,3.7187659740448,3.764677047729492,3.764677047729492,32175628
2019-06-17,SUZLON.NS,Suzlon Energy,Retail Hype / Turnaround,3.8564980030059814,3.902409076690674,3.6728549003601074,3.7187659740448,3.7187659740448,28404788
2019-06-18,SUZLON.NS,Suzlon Energy,Retail Hype / Turnaround,3.7187659740448,3.8564980030059814,3.1678380966186523,3.351480007171631,3.351480007171631,68066582
2019-06-19,SUZLON.NS,Suzlon Energy,Retail Hype / Turnaround,3.351480007171631,3.4433019161224365,3.0301060676574707,3.0760159492492676,3.0760159492492676,62875793
2019-06-20,SUZLON.NS,Suzlon Energy,Retail Hype / Turnaround,3.0760159492492676,3.8564980030059814,2.754641056060791,3.764677047729492,3.764677047729492,118239175
2019-06-21,SUZLON.NS,Suzlon Energy,Retail Hype / Turnaround,3.8564980030059814,4.361515998840332,3.6269450187683105,4.177873134613037,4.177873134613037,92763313
2019-06-24,SUZLON.NS,Suzlon Energy,Retail Hype / Turnaround,4.499248027801514,4.82062292098999,4.4533371925354,4.545158863067627,4.545158863067627,97262572
2019-06-25,SUZLON.NS,Suzlon Energy,Retail Hype / Turnaround,4.636980056762695,4.866534233093262,4.131961822509766,4.774712085723877,4.774712085723877,104694431
2019-06-26,SUZLON.NS,Suzlon Energy,Retail Hype / Turnaround,4.774712085723877,5.463373184204102,4.636980056762695,5.41746187210083,5.41746187210083,118396131
2019-06-27,SUZLON.NS,Suzlon Energy,Retail Hype / Turnaround,5.41746187210083,5.738836765289307,4.774712085723877,5.233819007873535,5.233819007873535,151620065
2019-06-28,SUZLON.NS,Suzlon Energy,Retail Hype / Turnaround,5.05017614364624,5.187908172607422,4.774712085723877,4.82062292098999,4.82062292098999,37060269
2019-07-01,SUZLON.NS,Suzlon Energy,Retail Hype / Turnaround,4.866534233093262,5.05017614364624,4.591069221496582,4.682890892028809,4.682890892028809,20295783
2019-07-02,SUZLON.NS,Suzlon Energy,Retail Hype / Turnaround,4.682890892028809,4.774712085723877,4.4533371925354,4.545158863067627,4.545158863067627,15345318
2019-07-03,SUZLON.NS,Suzlon Energy,Retail Hype / Turnaround,4.545158863067627,4.591069221496582,4.361515998840332,4.499248027801514,4.499248027801514,10567112
2019-07-04,SUZLON.NS,Suzlon Energy,Retail Hype / Turnaround,4.545158863067627,4.82062292098999,4.4533371925354,4.636980056762695,4.636980056762695,13866770
2019-07-05,SUZLON.NS,Suzlon Energy,Retail Hype / Turnaround,4.682890892028809,4.774712085723877,4.407426834106445,4.4533371925354,4.4533371925354,14083814
2019-07-08,SUZLON.NS,Suzlon Energy,Retail Hype / Turnaround,4.4533371925354,4.4533371925354,4.177873134613037,4.177873134613037,4.177873134613037,11545457
2019-07-09,SUZLON.NS,Suzlon Energy,Retail Hype / Turnaround,4.177873134613037,4.407426834106445,3.902409076690674,4.361515998840332,4.361515998840332,12160693
2019-07-10,SUZLON.NS,Suzlon Energy,Retail Hype / Turnaround,4.407426834106445,4.591069221496582,4.315605163574219,4.4533371925354,4.4533371925354,16463621
2019-07-11,SUZLON.NS,Suzlon Energy,Retail Hype / Turnaround,4.545158863067627,4.7288007736206055,4.4533371925354,4.591069221496582,4.591069221496582,16477234
2019-07-12,SUZLON.NS,Suzlon Energy,Retail Hype / Turnaround,4.499248027801514,4.591069221496582,4.499248027801514,4.545158863067627,4.545158863067627,6793248
2019-07-15,SUZLON.NS,Suzlon Energy,Retail Hype / Turnaround,4.591069221496582,4.591069221496582,4.407426834106445,4.407426834106445,4.407426834106445,6744288
2019-07-16,SUZLON.NS,Suzlon Energy,Retail Hype / Turnaround,4.315605163574219,4.361515998840332,4.086051940917969,4.269693851470947,4.269693851470947,12842578
2019-07-17,SUZLON.NS,Suzlon Energy,Retail Hype / Turnaround,3.994230031967163,4.22378396987915,3.902409076690674,4.086051940917969,4.086051940917969,14688840
2019-07-18,SUZLON.NS,Suzlon Energy,Retail Hype / Turnaround,4.0401411056518555,4.086051940917969,3.948319911956787,3.948319911956787,3.948319911956787,7244161
2019-07-19,SUZLON.NS,Suzlon Energy,Retail Hype / Turnaround,3.948319911956787,4.131961822509766,3.902409076690674,4.0401411056518555,4.0401411056518555,10410161
2019-07-22,SUZLON.NS,Suzlon Energy,Retail Hype / Turnaround,3.994230031967163,3.994230031967163,3.810586929321289,3.8564980030059814,3.8564980030059814,11044537
2019-07-23,SUZLON.NS,Suzlon Energy,Retail Hype / Turnaround,3.8564980030059814,3.902409076690674,3.764677047729492,3.810586929321289,3.810586929321289,7647470
2019-07-24,SUZLON.NS,Suzlon Energy,Retail Hype / Turnaround,3.764677047729492,3.810586929321289,3.581033945083618,3.6269450187683105,3.6269450187683105,13291906
2019-07-25,SUZLON.NS,Suzlon Energy,Retail Hype / Turnaround,3.6269450187683105,3.764677047729492,3.4433019161224365,3.6728549003601074,3.6728549003601074,9778571
2019-07-26,SUZLON.NS,Suzlon Energy,Retail Hype / Turnaround,3.6728549003601074,4.407426834106445,3.6269450187683105,4.22378396987915,4.22378396987915,39414706
2019-07-29,SUZLON.NS,Suzlon Energy,Retail Hype / Turnaround,4.269693851470947,4.591069221496582,4.177873134613037,4.4533371925354,4.4533371925354,29835427
2019-07-30,SUZLON.NS,Suzlon Energy,Retail Hype / Turnaround,4.407426834106445,4.407426834106445,4.0401411056518555,4.086051940917969,4.086051940917969,14632433
2019-07-31,SUZLON.NS,Suzlon Energy,Retail Hype / Turnaround,4.086051940917969,4.086051940917969,3.6728549003601074,3.8564980030059814,3.8564980030059814,18077339
2019-08-01,SUZLON.NS,Suzlon Energy,Retail Hype / Turnaround,3.810586929321289,4.0401411056518555,3.7187659740448,3.8564980030059814,3.8564980030059814,9846310
2019-08-02,SUZLON.NS,Suzlon Energy,Retail Hype / Turnaround,3.8564980030059814,3.994230031967163,3.764677047729492,3.902409076690674,3.902409076690674,8941553
2019-08-05,SUZLON.NS,Suzlon Energy,Retail Hype / Turnaround,3.8564980030059814,3.994230031967163,3.764677047729492,3.8564980030059814,3.8564980030059814,10012055
2019-08-06,SUZLON.NS,Suzlon Energy,Retail Hype / Turnaround,3.810586929321289,3.994230031967163,3.764677047729492,3.902409076690674,3.902409076690674,9418443
2019-08-07,SUZLON.NS,Suzlon Energy,Retail Hype / Turnaround,3.810586929321289,3.810586929321289,3.535123109817505,3.6269450187683105,3.6269450187683105,27379362
2019-08-08,SUZLON.NS,Suzlon Energy,Retail Hype / Turnaround,3.581033945083618,3.764677047729492,3.489212989807129,3.6728549003601074,3.6728549003601074,11471781
2019-08-09,SUZLON.NS,Suzlon Energy,Retail Hype / Turnaround,3.810586929321289,4.177873134613037,3.810586929321289,4.0401411056518555,4.0401411056518555,22299739
2019-08-13,SUZLON.NS,Suzlon Energy,Retail Hype / Turnaround,4.131961822509766,4.22378396987915,3.810586929321289,3.902409076690674,3.902409076690674,11968648
2019-08-14,SUZLON.NS,Suzlon Energy,Retail Hype / Turnaround,4.0401411056518555,4.0401411056518555,3.7187659740448,3.810586929321289,3.810586929321289,12051513
2019-08-16,SUZLON.NS,Suzlon Energy,Retail Hype / Turnaround,3.8564980030059814,4.131961822509766,3.8564980030059814,4.0401411056518555,4.0401411056518555,18521486
2019-08-19,SUZLON.NS,Suzlon Energy,Retail Hype / Turnaround,4.0401411056518555,4.131961822509766,3.8564980030059814,3.994230031967163,3.994230031967163,10437311
2019-08-20,SUZLON.NS,Suzlon Energy,Retail Hype / Turnaround,4.0401411056518555,4.131961822509766,3.994230031967163,4.086051940917969,4.086051940917969,9317048
2019-08-21,SUZLON.NS,Suzlon Energy,Retail Hype / Turnaround,4.086051940917969,4.086051940917969,3.902409076690674,3.948319911956787,3.948319911956787,7240109
2019-08-22,SUZLON.NS,Suzlon Energy,Retail Hype / Turnaround,3.902409076690674,3.902409076690674,3.764677047729492,3.810586929321289,3.810586929321289,10304231
2019-08-23,SUZLON.NS,Suzlon Energy,Retail Hype / Turnaround,3.810586929321289,3.902409076690674,3.6728549003601074,3.810586929321289,3.810586929321289,11490833
2019-08-26,SUZLON.NS,Suzlon Energy,Retail Hype / Turnaround,3.902409076690674,3.948319911956787,3.764677047729492,3.8564980030059814,3.8564980030059814,6508309
2019-08-27,SUZLON.NS,Suzlon Energy,Retail Hype / Turnaround,3.902409076690674,3.994230031967163,3.810586929321289,3.8564980030059814,3.8564980030059814,4840888
2019-08-28,SUZLON.NS,Suzlon Energy,Retail Hype / Turnaround,3.902409076690674,3.902409076690674,3.7187659740448,3.810586929321289,3.810586929321289,7604201
2019-08-29,SUZLON.NS,Suzlon Energy,Retail Hype / Turnaround,3.764677047729492,3.764677047729492,3.305569887161255,3.351480007171631,3.351480007171631,43276684
2019-08-30,SUZLON.NS,Suzlon Energy,Retail Hype / Turnaround,3.3973910808563232,3.535123109817505,3.351480007171631,3.3973910808563232,3.3973910808563232,13387443
2019-09-03,SUZLON.NS,Suzlon Energy,Retail Hype / Turnaround,3.4433019161224365,3.4433019161224365,3.1678380966186523,3.305569887161255,3.305569887161255,14163958
2019-09-04,SUZLON.NS,Suzlon Energy,Retail Hype / Turnaround,3.351480007171631,3.351480007171631,3.1678380966186523,3.213747978210449,3.213747978210449,10042878
2019-09-05,SUZLON.NS,Suzlon Energy,Retail Hype / Turnaround,3.2596590518951416,3.305569887161255,3.213747978210449,3.2596590518951416,3.2596590518951416,6991080
2019-09-06,SUZLON.NS,Suzlon Energy,Retail Hype / Turnaround,3.2596590518951416,3.305569887161255,2.8464629650115967,2.938283920288086,2.938283920288086,26669186
2019-09-09,SUZLON.NS,Suzlon Energy,Retail Hype / Turnaround,2.8464629650115967,2.892374038696289,2.52508807182312,2.5709989070892334,2.5709989070892334,73208557
2019-09-11,SUZLON.NS,Suzlon Energy,Retail Hype / Turnaround,2.5709989070892334,2.8005518913269043,2.5709989070892334,2.754641056060791,2.754641056060791,45213992
2019-09-12,SUZLON.NS,Suzlon Energy,Retail Hype / Turnaround,2.8005518913269043,2.938283920288086,2.754641056060791,2.892374038696289,2.892374038696289,23494718
2019-09-13,SUZLON.NS,Suzlon Energy,Retail Hype / Turnaround,2.892374038696289,2.892374038696289,2.8005518913269043,2.892374038696289,2.892374038696289,10838398
2019-09-16,SUZLON.NS,Suzlon Energy,Retail Hype / Turnaround,2.8464629650115967,2.892374038696289,2.754641056060791,2.8464629650115967,2.8464629650115967,12221499
2019-09-17,SUZLON.NS,Suzlon Energy,Retail Hype / Turnaround,2.8464629650115967,2.892374038696289,2.754641056060791,2.8005518913269043,2.8005518913269043,14348764
2019-09-18,SUZLON.NS,Suzlon Energy,Retail Hype / Turnaround,2.8005518913269043,2.8464629650115967,2.754641056060791,2.8005518913269043,2.8005518913269043,6852774
2019-09-19,SUZLON.NS,Suzlon Energy,Retail Hype / Turnaround,2.8005518913269043,2.8005518913269043,2.6169090270996094,2.708730936050415,2.708730936050415,10561755
2019-09-20,SUZLON.NS,Suzlon Energy,Retail Hype / Turnaround,2.754641056060791,2.8464629650115967,2.6628201007843018,2.8005518913269043,2.8005518913269043,21739080
2019-09-23,SUZLON.NS,Suzlon Energy,Retail Hype / Turnaround,2.892374038696289,3.12192702293396,2.8464629650115967,2.8464629650115967,2.8464629650115967,17018928
2019-09-24,SUZLON.NS,Suzlon Energy,Retail Hype / Turnaround,2.8464629650115967,2.892374038696289,2.708730936050415,2.754641056060791,2.754641056060791,14279898
2019-09-25,SUZLON.NS,Suzlon Energy,Retail Hype / Turnaround,2.754641056060791,2.754641056060791,2.6628201007843018,2.708730936050415,2.708730936050415,8979146
2019-09-26,SUZLON.NS,Suzlon Energy,Retail Hype / Turnaround,2.708730936050415,2.754641056060791,2.52508807182312,2.5709989070892334,2.5709989070892334,31027082
2019-09-27,SUZLON.NS,Suzlon Energy,Retail Hype / Turnaround,2.52508807182312,2.52508807182312,2.249624013900757,2.2955338954925537,2.2955338954925537,52021730
2019-09-30,SUZLON.NS,Suzlon Energy,Retail Hype / Turnaround,2.341444969177246,2.341444969177246,2.0200700759887695,2.065980911254883,2.065980911254883,36088454
2019-10-01,SUZLON.NS,Suzlon Energy,Retail Hype / Turnaround,2.065980911254883,2.2037129402160645,1.882338047027588,2.0200700759887695,2.0200700759887695,35489118
2019-10-03,SUZLON.NS,Suzlon Energy,Retail Hype / Turnaround,2.0200700759887695,2.157802104949951,1.882338047027588,2.111891984939575,2.111891984939575,15610815
2019-10-04,SUZLON.NS,Suzlon Energy,Retail Hype / Turnaround,2.157802104949951,2.2955338954925537,2.111891984939575,2.249624013900757,2.249624013900757,11029103
2019-10-07,SUZLON.NS,Suzlon Energy,Retail Hype / Turnaround,2.2955338954925537,2.341444969177246,2.249624013900757,2.249624013900757,2.249624013900757,7046764
2019-10-09,SUZLON.NS,Suzlon Energy,Retail Hype / Turnaround,2.249624013900757,2.249624013900757,2.065980911254883,2.2037129402160645,2.2037129402160645,8936170
2019-10-10,SUZLON.NS,Suzlon Energy,Retail Hype / Turnaround,2.2037129402160645,2.2037129402160645,2.111891984939575,2.157802104949951,2.157802104949951,5519043
2019-10-11,SUZLON.NS,Suzlon Energy,Retail Hype / Turnaround,2.2037129402160645,2.4791769981384277,2.2037129402160645,2.433267116546631,2.433267116546631,16449000
2019-10-14,SUZLON.NS,Suzlon Energy,Retail Hype / Turnaround,2.52508807182312,2.6628201007843018,2.433267116546631,2.4791769981384277,2.4791769981384277,12108347
2019-10-15,SUZLON.NS,Suzlon Energy,Retail Hype / Turnaround,2.52508807182312,2.52508807182312,2.2955338954925537,2.3873560428619385,2.3873560428619385,12838064
2019-10-16,SUZLON.NS,Suzlon Energy,Retail Hype / Turnaround,2.341444969177246,2.341444969177246,2.2037129402160645,2.249624013900757,2.249624013900757,8490959
2019-10-17,SUZLON.NS,Suzlon Energy,Retail Hype / Turnaround,2.2955338954925537,2.341444969177246,2.2037129402160645,2.2955338954925537,2.2955338954925537,8238576
2019-10-18,SUZLON.NS,Suzlon Energy,Retail Hype / Turnaround,2.249624013900757,2.3873560428619385,2.2037129402160645,2.341444969177246,2.341444969177246,10329199
2019-10-22,SUZLON.NS,Suzlon Energy,Retail Hype / Turnaround,2.341444969177246,2.5709989070892334,2.2955338954925537,2.433267116546631,2.433267116546631,20518514
2019-10-23,SUZLON.NS,Suzlon Energy,Retail Hype / Turnaround,2.4791769981384277,2.6169090270996094,2.3873560428619385,2.4791769981384277,2.4791769981384277,11387380
2019-10-24,SUZLON.NS,Suzlon Energy,Retail Hype / Turnaround,2.52508807182312,2.5709989070892334,2.341444969177246,2.3873560428619385,2.3873560428619385,9250290
2019-10-25,SUZLON.NS,Suzlon Energy,Retail Hype / Turnaround,2.3873560428619385,2.433267116546631,2.2955338954925537,2.341444969177246,2.341444969177246,5067371
2019-10-27,SUZLON.NS,Suzlon Energy,Retail Hype / Turnaround,2.433267116546631,2.433267116546631,2.341444969177246,2.3873560428619385,2.3873560428619385,2140485
2019-10-29,SUZLON.NS,Suzlon Energy,Retail Hype / Turnaround,2.3873560428619385,2.4791769981384277,2.341444969177246,2.433267116546631,2.433267116546631,9446030
2019-10-30,SUZLON.NS,Suzlon Energy,Retail Hype / Turnaround,2.433267116546631,2.6169090270996094,2.3873560428619385,2.433267116546631,2.433267116546631,17126155
2019-10-31,SUZLON.NS,Suzlon Energy,Retail Hype / Turnaround,2.4791769981384277,2.52508807182312,2.433267116546631,2.433267116546631,2.433267116546631,8034874
2019-11-01,SUZLON.NS,Suzlon Energy,Retail Hype / Turnaround,2.4791769981384277,2.5709989070892334,2.433267116546631,2.4791769981384277,2.4791769981384277,11428896
2019-11-04,SUZLON.NS,Suzlon Energy,Retail Hype / Turnaround,2.52508807182312,2.754641056060791,2.4791769981384277,2.6628201007843018,2.6628201007843018,24926658
2019-11-05,SUZLON.NS,Suzlon Energy,Retail Hype / Turnaround,2.754641056060791,2.754641056060791,2.5709989070892334,2.6169090270996094,2.6169090270996094,17974529
2019-11-06,SUZLON.NS,Suzlon Energy,Retail Hype / Turnaround,2.6169090270996094,2.708730936050415,2.5709989070892334,2.6169090270996094,2.6169090270996094,10589056
2019-11-07,SUZLON.NS,Suzlon Energy,Retail Hype / Turnaround,2.6169090270996094,2.892374038696289,2.5709989070892334,2.754641056060791,2.754641056060791,29914653
2019-11-08,SUZLON.NS,Suzlon Energy,Retail Hype / Turnaround,2.754641056060791,2.892374038696289,2.6169090270996094,2.708730936050415,2.708730936050415,30040782
2019-11-11,SUZLON.NS,Suzlon Energy,Retail Hype / Turnaround,2.708730936050415,2.754641056060791,2.5709989070892334,2.6169090270996094,2.6169090270996094,14522671
2019-11-13,SUZLON.NS,Suzlon Energy,Retail Hype / Turnaround,2.6169090270996094,2.6628201007843018,2.4791769981384277,2.4791769981384277,2.4791769981384277,20229702
2019-11-14,SUZLON.NS,Suzlon Energy,Retail Hype / Turnaround,2.4791769981384277,2.52508807182312,2.2955338954925537,2.341444969177246,2.341444969177246,11954447
2019-11-15,SUZLON.NS,Suzlon Energy,Retail Hype / Turnaround,2.249624013900757,2.2955338954925537,2.111891984939575,2.249624013900757,2.249624013900757,13916396
2019-11-18,SUZLON.NS,Suzlon Energy,Retail Hype / Turnaround,2.249624013900757,2.341444969177246,2.2037129402160645,2.249624013900757,2.249624013900757,11342970
2019-11-19,SUZLON.NS,Suzlon Energy,Retail Hype / Turnaround,2.249624013900757,2.249624013900757,2.157802104949951,2.2037129402160645,2.2037129402160645,11110554
2019-11-20,SUZLON.NS,Suzlon Energy,Retail Hype / Turnaround,2.157802104949951,2.249624013900757,2.157802104949951,2.2037129402160645,2.2037129402160645,15670642
2019-11-21,SUZLON.NS,Suzlon Energy,Retail Hype / Turnaround,2.2037129402160645,2.249624013900757,2.157802104949951,2.2037129402160645,2.2037129402160645,10088323
2019-11-22,SUZLON.NS,Suzlon Energy,Retail Hype / Turnaround,2.249624013900757,2.249624013900757,2.157802104949951,2.157802104949951,2.157802104949951,9701907
2019-11-25,SUZLON.NS,Suzlon Energy,Retail Hype / Turnaround,2.2037129402160645,2.2037129402160645,2.111891984939575,2.2037129402160645,2.2037129402160645,5151672
2019-11-26,SUZLON.NS,Suzlon Energy,Retail Hype / Turnaround,2.2037129402160645,2.249624013900757,2.065980911254883,2.111891984939575,2.111891984939575,32863703
2019-11-27,SUZLON.NS,Suzlon Energy,Retail Hype / Turnaround,2.111891984939575,2.111891984939575,2.0200700759887695,2.065980911254883,2.065980911254883,12640365
2019-11-28,SUZLON.NS,Suzlon Energy,Retail Hype / Turnaround,2.065980911254883,2.111891984939575,2.0200700759887695,2.111891984939575,2.111891984939575,12422982
2019-11-29,SUZLON.NS,Suzlon Energy,Retail Hype / Turnaround,2.111891984939575,2.157802104949951,2.065980911254883,2.111891984939575,2.111891984939575,10321274
2019-12-02,SUZLON.NS,Suzlon Energy,Retail Hype / Turnaround,2.111891984939575,2.157802104949951,2.111891984939575,2.157802104949951,2.157802104949951,6593076
2019-12-03,SUZLON.NS,Suzlon Energy,Retail Hype / Turnaround,2.157802104949951,2.157802104949951,2.0200700759887695,2.111891984939575,2.111891984939575,12242858
2019-12-04,SUZLON.NS,Suzlon Energy,Retail Hype / Turnaround,2.111891984939575,2.111891984939575,2.065980911254883,2.065980911254883,2.065980911254883,8026655
2019-12-05,SUZLON.NS,Suzlon Energy,Retail Hype / Turnaround,2.111891984939575,2.111891984939575,1.9741599559783936,2.065980911254883,2.065980911254883,15631823
2019-12-06,SUZLON.NS,Suzlon Energy,Retail Hype / Turnaround,2.111891984939575,2.249624013900757,2.0200700759887695,2.0200700759887695,2.0200700759887695,19902919
2019-12-09,SUZLON.NS,Suzlon Energy,Retail Hype / Turnaround,2.0200700759887695,2.065980911254883,1.9741599559783936,2.0200700759887695,2.0200700759887695,10282869
2019-12-10,SUZLON.NS,Suzlon Energy,Retail Hype / Turnaround,2.065980911254883,2.065980911254883,1.882338047027588,1.9741599559783936,1.9741599559783936,15445610
2019-12-11,SUZLON.NS,Suzlon Energy,Retail Hype / Turnaround,1.9741599559783936,2.0200700759887695,1.882338047027588,1.9282490015029907,1.9282490015029907,8595034
2019-12-12,SUZLON.NS,Suzlon Energy,Retail Hype / Turnaround,1.9282490015029907,1.9282490015029907,1.790516972541809,1.9282490015029907,1.9282490015029907,12018791
2019-12-13,SUZLON.NS,Suzlon Energy,Retail Hype / Turnaround,1.9282490015029907,1.9741599559783936,1.882338047027588,1.9282490015029907,1.9282490015029907,18217361
2019-12-16,SUZLON.NS,Suzlon Energy,Retail Hype / Turnaround,1.882338047027588,1.9282490015029907,1.8364269733428955,1.8364269733428955,1.8364269733428955,10017935
2019-12-17,SUZLON.NS,Suzlon Energy,Retail Hype / Turnaround,1.790516972541809,1.882338047027588,1.7446060180664062,1.8364269733428955,1.8364269733428955,27190399
2019-12-18,SUZLON.NS,Suzlon Energy,Retail Hype / Turnaround,1.8364269733428955,1.882338047027588,1.790516972541809,1.8364269733428955,1.8364269733428955,11642691
2019-12-19,SUZLON.NS,Suzlon Energy,Retail Hype / Turnaround,1.790516972541809,1.882338047027588,1.790516972541809,1.8364269733428955,1.8364269733428955,8877072
2019-12-20,SUZLON.NS,Suzlon Energy,Retail Hype / Turnaround,1.8364269733428955,1.882338047027588,1.8364269733428955,1.8364269733428955,1.8364269733428955,8788149
2019-12-23,SUZLON.NS,Suzlon Energy,Retail Hype / Turnaround,1.8364269733428955,1.882338047027588,1.8364269733428955,1.882338047027588,1.882338047027588,5267807
2019-12-24,SUZLON.NS,Suzlon Energy,Retail Hype / Turnaround,1.882338047027588,1.882338047027588,1.8364269733428955,1.8364269733428955,1.8364269733428955,4488095
2019-12-26,SUZLON.NS,Suzlon Energy,Retail Hype / Turnaround,1.8364269733428955,1.882338047027588,1.8364269733428955,1.8364269733428955,1.8364269733428955,5374735
2019-12-27,SUZLON.NS,Suzlon Energy,Retail Hype / Turnaround,1.8364269733428955,1.882338047027588,1.790516972541809,1.790516972541809,1.790516972541809,7687714
2019-12-30,SUZLON.NS,Suzlon Energy,Retail Hype / Turnaround,1.790516972541809,1.790516972541809,1.6527849435806274,1.7446060180664062,1.7446060180664062,25431354
2019-12-31,SUZLON.NS,Suzlon Energy,Retail Hype / Turnaround,1.7446060180664062,1.7446060180664062,1.6527849435806274,1.6986949443817139,1.6986949443817139,16869346
2020-01-01,SUZLON.NS,Suzlon Energy,Retail Hype / Turnaround,1.6986949443817139,1.790516972541809,1.6986949443817139,1.7446060180664062,1.7446060180664062,7775938
2020-01-02,SUZLON.NS,Suzlon Energy,Retail Hype / Turnaround,1.7446060180664062,2.065980911254883,1.7446060180664062,2.065980911254883,2.065980911254883,28551108
2020-01-03,SUZLON.NS,Suzlon Energy,Retail Hype / Turnaround,2.4791769981384277,2.4791769981384277,2.2955338954925537,2.4791769981384277,2.4791769981384277,133226267
2020-01-06,SUZLON.NS,Suzlon Energy,Retail Hype / Turnaround,2.708730936050415,2.938283920288086,2.4791769981384277,2.938283920288086,2.938283920288086,155057334
2020-01-07,SUZLON.NS,Suzlon Energy,Retail Hype / Turnaround,3.1678380966186523,3.213747978210449,3.1678380966186523,3.213747978210449,3.213747978210449,11822150
2020-01-08,SUZLON.NS,Suzlon Energy,Retail Hype / Turnaround,3.1678380966186523,3.1678380966186523,2.892374038696289,2.892374038696289,2.892374038696289,52852802
2020-01-09,SUZLON.NS,Suzlon Energy,Retail Hype / Turnaround,2.6169090270996094,2.6169090270996094,2.6169090270996094,2.6169090270996094,2.6169090270996094,4890079
2020-01-10,SUZLON.NS,Suzlon Energy,Retail Hype / Turnaround,2.433267116546631,2.52508807182312,2.3873560428619385,2.3873560428619385,2.3873560428619385,44406848
2020-01-13,SUZLON.NS,Suzlon Energy,Retail Hype / Turnaround,2.249624013900757,2.433267116546631,2.157802104949951,2.2955338954925537,2.2955338954925537,38241167
2020-01-14,SUZLON.NS,Suzlon Energy,Retail Hype / Turnaround,2.2955338954925537,2.2955338954925537,2.2037129402160645,2.2037129402160645,2.2037129402160645,9589482
2020-01-15,SUZLON.NS,Suzlon Energy,Retail Hype / Turnaround,2.2037129402160645,2.2955338954925537,2.111891984939575,2.2955338954925537,2.2955338954925537,35397526
2020-01-16,SUZLON.NS,Suzlon Energy,Retail Hype / Turnaround,2.341444969177246,2.3873560428619385,2.2955338954925537,2.3873560428619385,2.3873560428619385,12350179
2020-01-17,SUZLON.NS,Suzlon Energy,Retail Hype / Turnaround,2.433267116546631,2.4791769981384277,2.2955338954925537,2.2955338954925537,2.2955338954925537,21552025
2020-01-20,SUZLON.NS,Suzlon Energy,Retail Hype / Turnaround,2.249624013900757,2.2955338954925537,2.2037129402160645,2.249624013900757,2.249624013900757,10370668
2020-01-21,SUZLON.NS,Suzlon Energy,Retail Hype / Turnaround,2.2037129402160645,2.341444969177246,2.2037129402160645,2.341444969177246,2.341444969177246,9560076
2020-01-22,SUZLON.NS,Suzlon Energy,Retail Hype / Turnaround,2.341444969177246,2.3873560428619385,2.249624013900757,2.341444969177246,2.341444969177246,8237919
2020-01-23,SUZLON.NS,Suzlon Energy,Retail Hype / Turnaround,2.341444969177246,2.3873560428619385,2.2955338954925537,2.2955338954925537,2.2955338954925537,3793396
2020-01-24,SUZLON.NS,Suzlon Energy,Retail Hype / Turnaround,2.341444969177246,2.341444969177246,2.249624013900757,2.2955338954925537,2.2955338954925537,9899800
2020-01-27,SUZLON.NS,Suzlon Energy,Retail Hype / Turnaround,2.2955338954925537,2.2955338954925537,2.2037129402160645,2.2037129402160645,2.2037129402160645,8242025
2020-01-28,SUZLON.NS,Suzlon Energy,Retail Hype / Turnaround,2.249624013900757,2.249624013900757,2.157802104949951,2.2037129402160645,2.2037129402160645,5148978
2020-01-29,SUZLON.NS,Suzlon Energy,Retail Hype / Turnaround,2.2037129402160645,2.2955338954925537,2.2037129402160645,2.249624013900757,2.249624013900757,8214716
2020-01-30,SUZLON.NS,Suzlon Energy,Retail Hype / Turnaround,2.2955338954925537,2.2955338954925537,2.2037129402160645,2.2037129402160645,2.2037129402160645,5973361
2020-01-31,SUZLON.NS,Suzlon Energy,Retail Hype / Turnaround,2.249624013900757,2.249624013900757,2.157802104949951,2.2037129402160645,2.2037129402160645,5567172
2020-02-03,SUZLON.NS,Suzlon Energy,Retail Hype / Turnaround,2.2955338954925537,2.2955338954925537,2.2037129402160645,2.2037129402160645,2.2037129402160645,6872572
2020-02-04,SUZLON.NS,Suzlon Energy,Retail Hype / Turnaround,2.249624013900757,2.249624013900757,2.111891984939575,2.111891984939575,2.111891984939575,9651438
2020-02-05,SUZLON.NS,Suzlon Energy,Retail Hype / Turnaround,2.111891984939575,2.111891984939575,2.0200700759887695,2.0200700759887695,2.0200700759887695,10104492
2020-02-06,SUZLON.NS,Suzlon Energy,Retail Hype / Turnaround,2.0200700759887695,2.111891984939575,1.9741599559783936,2.065980911254883,2.065980911254883,10439283
2020-02-07,SUZLON.NS,Suzlon Energy,Retail Hype / Turnaround,2.065980911254883,2.157802104949951,2.065980911254883,2.065980911254883,2.065980911254883,5170412
2020-02-10,SUZLON.NS,Suzlon Energy,Retail Hype / Turnaround,2.065980911254883,2.249624013900757,2.065980911254883,2.249624013900757,2.249624013900757,12408083
2020-02-11,SUZLON.NS,Suzlon Energy,Retail Hype / Turnaround,2.341444969177246,2.433267116546631,2.2955338954925537,2.433267116546631,2.433267116546631,8438171
2020-02-12,SUZLON.NS,Suzlon Energy,Retail Hype / Turnaround,2.6628201007843018,2.6628201007843018,2.2037129402160645,2.2037129402160645,2.2037129402160645,57916451
2020-02-13,SUZLON.NS,Suzlon Energy,Retail Hype / Turnaround,2.111891984939575,2.157802104949951,2.0200700759887695,2.111891984939575,2.111891984939575,20095675
2020-02-14,SUZLON.NS,Suzlon Energy,Retail Hype / Turnaround,2.157802104949951,2.2955338954925537,2.065980911254883,2.111891984939575,2.111891984939575,11599711
2020-02-17,SUZLON.NS,Suzlon Energy,Retail Hype / Turnaround,2.2037129402160645,2.2037129402160645,2.065980911254883,2.111891984939575,2.111891984939575,8016022
2020-02-18,SUZLON.NS,Suzlon Energy,Retail Hype / Turnaround,2.111891984939575,2.111891984939575,2.0200700759887695,2.065980911254883,2.065980911254883,9620311
2020-02-19,SUZLON.NS,Suzlon Energy,Retail Hype / Turnaround,2.111891984939575,2.157802104949951,2.0200700759887695,2.065980911254883,2.065980911254883,8100582
2020-02-20,SUZLON.NS,Suzlon Energy,Retail Hype / Turnaround,2.249624013900757,2.249624013900757,2.249624013900757,2.249624013900757,2.249624013900757,5445667
2020-02-24,SUZLON.NS,Suzlon Energy,Retail Hype / Turnaround,2.433267116546631,2.433267116546631,2.341444969177246,2.433267116546631,2.433267116546631,20467286
2020-02-25,SUZLON.NS,Suzlon Energy,Retail Hype / Turnaround,2.6628201007843018,2.6628201007843018,2.249624013900757,2.6169090270996094,2.6169090270996094,89851844
2020-02-26,SUZLON.NS,Suzlon Energy,Retail Hype / Turnaround,2.6628201007843018,2.754641056060791,2.4791769981384277,2.5709989070892334,2.5709989070892334,23992389
2020-02-27,SUZLON.NS,Suzlon Energy,Retail Hype / Turnaround,2.5709989070892334,2.6169090270996094,2.433267116546631,2.5709989070892334,2.5709989070892334,14316880
2020-02-28,SUZLON.NS,Suzlon Energy,Retail Hype / Turnaround,2.4791769981384277,2.5709989070892334,2.341444969177246,2.4791769981384277,2.4791769981384277,21550581
2020-03-02,SUZLON.NS,Suzlon Energy,Retail Hype / Turnaround,2.708730936050415,2.708730936050415,2.5709989070892334,2.6169090270996094,2.6169090270996094,22753197
2020-03-03,SUZLON.NS,Suzlon Energy,Retail Hype / Turnaround,2.6628201007843018,2.6628201007843018,2.4791769981384277,2.52508807182312,2.52508807182312,11094237
2020-03-04,SUZLON.NS,Suzlon Energy,Retail Hype / Turnaround,2.5709989070892334,2.5709989070892334,2.2955338954925537,2.341444969177246,2.341444969177246,14442355
2020-03-05,SUZLON.NS,Suzlon Energy,Retail Hype / Turnaround,2.341444969177246,2.341444969177246,2.157802104949951,2.2955338954925537,2.2955338954925537,15648500
2020-03-06,SUZLON.NS,Suzlon Energy,Retail Hype / Turnaround,2.2037129402160645,2.249624013900757,2.157802104949951,2.2037129402160645,2.2037129402160645,10326973
2020-03-09,SUZLON.NS,Suzlon Energy,Retail Hype / Turnaround,2.157802104949951,2.157802104949951,2.0200700759887695,2.0200700759887695,2.0200700759887695,25654935
2020-03-11,SUZLON.NS,Suzlon Energy,Retail Hype / Turnaround,2.0200700759887695,2.111891984939575,2.0200700759887695,2.111891984939575,2.111891984939575,17256928
2020-03-12,SUZLON.NS,Suzlon Energy,Retail Hype / Turnaround,2.065980911254883,2.065980911254883,2.0200700759887695,2.0200700759887695,2.0200700759887695,6572265
2020-03-13,SUZLON.NS,Suzlon Energy,Retail Hype / Turnaround,1.9282490015029907,1.9741599559783936,1.9282490015029907,1.9282490015029907,1.9282490015029907,21320771
2020-03-16,SUZLON.NS,Suzlon Energy,Retail Hype / Turnaround,1.9282490015029907,1.9741599559783936,1.8364269733428955,1.8364269733428955,1.8364269733428955,17102983
2020-03-17,SUZLON.NS,Suzlon Energy,Retail Hype / Turnaround,1.882338047027588,1.9282490015029907,1.8364269733428955,1.882338047027588,1.882338047027588,15627183
2020-03-18,SUZLON.NS,Suzlon Energy,Retail Hype / Turnaround,1.882338047027588,1.9282490015029907,1.790516972541809,1.8364269733428955,1.8364269733428955,21686030
2020-03-19,SUZLON.NS,Suzlon Energy,Retail Hype / Turnaround,1.790516972541809,1.790516972541809,1.7446060180664062,1.7446060180664062,1.7446060180664062,15761297
2020-03-20,SUZLON.NS,Suzlon Energy,Retail Hype / Turnaround,1.790516972541809,1.790516972541809,1.6986949443817139,1.7446060180664062,1.7446060180664062,15617339
2020-03-23,SUZLON.NS,Suzlon Energy,Retail Hype / Turnaround,1.6986949443817139,1.7446060180664062,1.6986949443817139,1.6986949443817139,1.6986949443817139,14931974
2020-03-24,SUZLON.NS,Suzlon Energy,Retail Hype / Turnaround,1.6986949443817139,1.7446060180664062,1.6527849435806274,1.6527849435806274,1.6527849435806274,9384686
2020-03-25,SUZLON.NS,Suzlon Energy,Retail Hype / Turnaround,1.6068739891052246,1.6527849435806274,1.6068739891052246,1.6068739891052246,1.6068739891052246,5838743
2020-03-26,SUZLON.NS,Suzlon Energy,Retail Hype / Turnaround,1.5609630346298218,1.6527849435806274,1.5609630346298218,1.6527849435806274,1.6527849435806274,15308247
2020-03-27,SUZLON.NS,Suzlon Energy,Retail Hype / Turnaround,1.6986949443817139,1.6986949443817139,1.6527849435806274,1.6986949443817139,1.6986949443817139,4465613
2020-03-30,SUZLON.NS,Suzlon Energy,Retail Hype / Turnaround,1.6986949443817139,1.7446060180664062,1.6986949443817139,1.7446060180664062,1.7446060180664062,10524990
2020-03-31,SUZLON.NS,Suzlon Energy,Retail Hype / Turnaround,1.790516972541809,1.790516972541809,1.790516972541809,1.790516972541809,1.790516972541809,2284566
2020-04-01,SUZLON.NS,Suzlon Energy,Retail Hype / Turnaround,1.8364269733428955,1.8364269733428955,1.8364269733428955,1.8364269733428955,1.8364269733428955,1713676
2020-04-03,SUZLON.NS,Suzlon Energy,Retail Hype / Turnaround,1.9282490015029907,1.9282490015029907,1.9282490015029907,1.9282490015029907,1.9282490015029907,3242872
2020-04-07,SUZLON.NS,Suzlon Energy,Retail Hype / Turnaround,2.0200700759887695,2.0200700759887695,2.0200700759887695,2.0200700759887695,2.0200700759887695,3882426
2020-04-08,SUZLON.NS,Suzlon Energy,Retail Hype / Turnaround,2.111891984939575,2.111891984939575,2.111891984939575,2.111891984939575,2.111891984939575,1353952
2020-04-09,SUZLON.NS,Suzlon Energy,Retail Hype / Turnaround,2.2037129402160645,2.2037129402160645,2.2037129402160645,2.2037129402160645,2.2037129402160645,1433124
2020-04-13,SUZLON.NS,Suzlon Energy,Retail Hype / Turnaround,2.2955338954925537,2.2955338954925537,2.2955338954925537,2.2955338954925537,2.2955338954925537,3086418
2020-04-15,SUZLON.NS,Suzlon Energy,Retail Hype / Turnaround,2.3873560428619385,2.3873560428619385,2.3873560428619385,2.3873560428619385,2.3873560428619385,2033519
2020-04-16,SUZLON.NS,Suzlon Energy,Retail Hype / Turnaround,2.4791769981384277,2.4791769981384277,2.4791769981384277,2.4791769981384277,2.4791769981384277,1989397
2020-04-17,SUZLON.NS,Suzlon Energy,Retail Hype / Turnaround,2.5709989070892334,2.5709989070892334,2.5709989070892334,2.5709989070892334,2.5709989070892334,3078052
2020-04-20,SUZLON.NS,Suzlon Energy,Retail Hype / Turnaround,2.6628201007843018,2.6628201007843018,2.6628201007843018,2.6628201007843018,2.6628201007843018,3218528
2020-04-21,SUZLON.NS,Suzlon Energy,Retail Hype / Turnaround,2.754641056060791,2.754641056060791,2.754641056060791,2.754641056060791,2.754641056060791,4537199
2020-04-22,SUZLON.NS,Suzlon Energy,Retail Hype / Turnaround,2.892374038696289,2.892374038696289,2.6169090270996094,2.6169090270996094,2.6169090270996094,70157192
2020-04-23,SUZLON.NS,Suzlon Energy,Retail Hype / Turnaround,2.52508807182312,2.5709989070892334,2.52508807182312,2.52508807182312,2.52508807182312,13024762
2020-04-24,SUZLON.NS,Suzlon Energy,Retail Hype / Turnaround,2.433267116546631,2.433267116546631,2.433267116546631,2.433267116546631,2.433267116546631,3416927
2020-04-27,SUZLON.NS,Suzlon Energy,Retail Hype / Turnaround,2.3873560428619385,2.4791769981384277,2.341444969177246,2.433267116546631,2.433267116546631,39629416
2020-04-28,SUZLON.NS,Suzlon Energy,Retail Hype / Turnaround,2.4791769981384277,2.52508807182312,2.3873560428619385,2.4791769981384277,2.4791769981384277,10698099
2020-04-29,SUZLON.NS,Suzlon Energy,Retail Hype / Turnaround,2.52508807182312,2.52508807182312,2.3873560428619385,2.433267116546631,2.433267116546631,9224389
2020-04-30,SUZLON.NS,Suzlon Energy,Retail Hype / Turnaround,2.4791769981384277,2.4791769981384277,2.3873560428619385,2.3873560428619385,2.3873560428619385,13828016
2020-05-04,SUZLON.NS,Suzlon Energy,Retail Hype / Turnaround,2.341444969177246,2.3873560428619385,2.2955338954925537,2.2955338954925537,2.2955338954925537,9712023
2020-05-05,SUZLON.NS,Suzlon Energy,Retail Hype / Turnaround,2.341444969177246,2.341444969177246,2.249624013900757,2.249624013900757,2.249624013900757,5776434
2020-05-06,SUZLON.NS,Suzlon Energy,Retail Hype / Turnaround,2.249624013900757,2.2955338954925537,2.157802104949951,2.157802104949951,2.157802104949951,10392103
2020-05-07,SUZLON.NS,Suzlon Energy,Retail Hype / Turnaround,2.157802104949951,2.249624013900757,2.111891984939575,2.249624013900757,2.249624013900757,7776604
2020-05-08,SUZLON.NS,Suzlon Energy,Retail Hype / Turnaround,2.341444969177246,2.341444969177246,2.341444969177246,2.341444969177246,2.341444969177246,2095816
2020-05-11,SUZLON.NS,Suzlon Energy,Retail Hype / Turnaround,2.433267116546631,2.433267116546631,2.249624013900757,2.3873560428619385,2.3873560428619385,24511332
2020-05-12,SUZLON.NS,Suzlon Energy,Retail Hype / Turnaround,2.3873560428619385,2.433267116546631,2.2955338954925537,2.341444969177246,2.341444969177246,5715567
2020-05-13,SUZLON.NS,Suzlon Energy,Retail Hype / Turnaround,2.3873560428619385,2.3873560428619385,2.341444969177246,2.3873560428619385,2.3873560428619385,5707623
2020-05-14,SUZLON.NS,Suzlon Energy,Retail Hype / Turnaround,2.3873560428619385,2.433267116546631,2.341444969177246,2.433267116546631,2.433267116546631,6627441
2020-05-15,SUZLON.NS,Suzlon Energy,Retail Hype / Turnaround,2.433267116546631,2.433267116546631,2.341444969177246,2.3873560428619385,2.3873560428619385,8027785
2020-05-18,SUZLON.NS,Suzlon Energy,Retail Hype / Turnaround,2.3873560428619385,2.433267116546631,2.2955338954925537,2.2955338954925537,2.2955338954925537,6420391
2020-05-19,SUZLON.NS,Suzlon Energy,Retail Hype / Turnaround,2.341444969177246,2.3873560428619385,2.2955338954925537,2.3873560428619385,2.3873560428619385,15603589
2020-05-20,SUZLON.NS,Suzlon Energy,Retail Hype / Turnaround,2.433267116546631,2.4791769981384277,2.433267116546631,2.4791769981384277,2.4791769981384277,5115375
2020-05-21,SUZLON.NS,Suzlon Energy,Retail Hype / Turnaround,2.5709989070892334,2.5709989070892334,2.5709989070892334,2.5709989070892334,2.5709989070892334,2248713
2020-05-22,SUZLON.NS,Suzlon Energy,Retail Hype / Turnaround,2.6628201007843018,2.6628201007843018,2.4791769981384277,2.52508807182312,2.52508807182312,40469079
2020-05-26,SUZLON.NS,Suzlon Energy,Retail Hype / Turnaround,2.52508807182312,2.5709989070892334,2.433267116546631,2.4791769981384277,2.4791769981384277,8488443
2020-05-27,SUZLON.NS,Suzlon Energy,Retail Hype / Turnaround,2.52508807182312,2.5709989070892334,2.4791769981384277,2.5709989070892334,2.5709989070892334,7480069
2020-05-28,SUZLON.NS,Suzlon Energy,Retail Hype / Turnaround,2.5709989070892334,2.6628201007843018,2.5709989070892334,2.5709989070892334,2.5709989070892334,8575484
2020-05-29,SUZLON.NS,Suzlon Energy,Retail Hype / Turnaround,2.6169090270996094,2.6169090270996094,2.52508807182312,2.5709989070892334,2.5709989070892334,10436577
2020-06-01,SUZLON.NS,Suzlon Energy,Retail Hype / Turnaround,2.6169090270996094,2.6628201007843018,2.6169090270996094,2.6628201007843018,2.6628201007843018,8748177
2020-06-02,SUZLON.NS,Suzlon Energy,Retail Hype / Turnaround,2.708730936050415,2.754641056060791,2.6628201007843018,2.754641056060791,2.754641056060791,16793169
2020-06-03,SUZLON.NS,Suzlon Energy,Retail Hype / Turnaround,2.8464629650115967,2.892374038696289,2.8005518913269043,2.892374038696289,2.892374038696289,28783175
2020-06-04,SUZLON.NS,Suzlon Energy,Retail Hype / Turnaround,3.0301060676574707,3.0301060676574707,2.938283920288086,3.0301060676574707,3.0301060676574707,21325669
2020-06-05,SUZLON.NS,Suzlon Energy,Retail Hype / Turnaround,3.2596590518951416,3.305569887161255,3.213747978210449,3.305569887161255,3.305569887161255,21422948
2020-06-08,SUZLON.NS,Suzlon Energy,Retail Hype / Turnaround,3.6269450187683105,3.6269450187683105,3.6269450187683105,3.6269450187683105,3.6269450187683105,7930404
2020-06-09,SUZLON.NS,Suzlon Energy,Retail Hype / Turnaround,3.948319911956787,3.948319911956787,3.6269450187683105,3.948319911956787,3.948319911956787,64015864
2020-06-10,SUZLON.NS,Suzlon Energy,Retail Hype / Turnaround,4.131961822509766,4.131961822509766,3.902409076690674,4.131961822509766,4.131961822509766,44711139
2020-06-11,SUZLON.NS,Suzlon Energy,Retail Hype / Turnaround,4.315605163574219,4.315605163574219,4.22378396987915,4.315605163574219,4.315605163574219,19796785
2020-06-12,SUZLON.NS,Suzlon Energy,Retail Hype / Turnaround,4.131961822509766,4.22378396987915,4.131961822509766,4.131961822509766,4.131961822509766,11730356
2020-06-15,SUZLON.NS,Suzlon Energy,Retail Hype / Turnaround,3.994230031967163,4.086051940917969,3.948319911956787,3.948319911956787,3.948319911956787,14596286
2020-06-16,SUZLON.NS,Suzlon Energy,Retail Hype / Turnaround,3.764677047729492,3.764677047729492,3.764677047729492,3.764677047729492,3.764677047729492,3299247
2020-06-17,SUZLON.NS,Suzlon Energy,Retail Hype / Turnaround,3.581033945083618,3.581033945083618,3.581033945083618,3.581033945083618,3.581033945083618,2527894
2020-06-18,SUZLON.NS,Suzlon Energy,Retail Hype / Turnaround,3.4433019161224365,3.7187659740448,3.4433019161224365,3.7187659740448,3.7187659740448,66896141
2020-06-19,SUZLON.NS,Suzlon Energy,Retail Hype / Turnaround,3.902409076690674,3.902409076690674,3.6728549003601074,3.902409076690674,3.902409076690674,46338346
2020-06-22,SUZLON.NS,Suzlon Energy,Retail Hype / Turnaround,4.0401411056518555,4.086051940917969,3.948319911956787,4.086051940917969,4.086051940917969,24157295
2020-06-23,SUZLON.NS,Suzlon Energy,Retail Hype / Turnaround,4.269693851470947,4.269693851470947,4.269693851470947,4.269693851470947,4.269693851470947,5026950
2020-06-24,SUZLON.NS,Suzlon Energy,Retail Hype / Turnaround,4.4533371925354,4.4533371925354,4.086051940917969,4.177873134613037,4.177873134613037,85428399
2020-06-25,SUZLON.NS,Suzlon Energy,Retail Hype / Turnaround,3.994230031967163,4.131961822509766,3.994230031967163,4.086051940917969,4.086051940917969,25769815
2020-06-26,SUZLON.NS,Suzlon Energy,Retail Hype / Turnaround,4.086051940917969,4.269693851470947,4.0401411056518555,4.269693851470947,4.269693851470947,40612611
2020-06-29,SUZLON.NS,Suzlon Energy,Retail Hype / Turnaround,4.4533371925354,4.4533371925354,4.361515998840332,4.4533371925354,4.4533371925354,25963327
2020-06-30,SUZLON.NS,Suzlon Energy,Retail Hype / Turnaround,4.636980056762695,4.636980056762695,4.636980056762695,4.636980056762695,4.636980056762695,4066314
2020-07-01,SUZLON.NS,Suzlon Energy,Retail Hype / Turnaround,4.866534233093262,4.866534233093262,4.866534233093262,4.866534233093262,4.866534233093262,3052995
2020-07-02,SUZLON.NS,Suzlon Energy,Retail Hype / Turnaround,5.0960869789123535,5.0960869789123535,5.0960869789123535,5.0960869789123535,5.0960869789123535,2501831
2020-07-03,SUZLON.NS,Suzlon Energy,Retail Hype / Turnaround,5.32564115524292,5.32564115524292,5.32564115524292,5.32564115524292,5.32564115524292,5647596
2020-07-06,SUZLON.NS,Suzlon Energy,Retail Hype / Turnaround,5.555193901062012,5.555193901062012,5.0960869789123535,5.0960869789123535,5.0960869789123535,90268540
2020-07-07,SUZLON.NS,Suzlon Energy,Retail Hype / Turnaround,4.866534233093262,4.866534233093262,4.866534233093262,4.866534233093262,4.866534233093262,3758040
2020-07-08,SUZLON.NS,Suzlon Energy,Retail Hype / Turnaround,4.636980056762695,4.636980056762695,4.636980056762695,4.636980056762695,4.636980056762695,3458256
2020-07-09,SUZLON.NS,Suzlon Energy,Retail Hype / Turnaround,4.407426834106445,4.866534233093262,4.407426834106445,4.866534233093262,4.866534233093262,166157616
2020-07-10,SUZLON.NS,Suzlon Energy,Retail Hype / Turnaround,4.912444114685059,5.05017614364624,4.636980056762695,4.7288007736206055,4.7288007736206055,69797514
2020-07-13,SUZLON.NS,Suzlon Energy,Retail Hype / Turnaround,4.82062292098999,4.82062292098999,4.499248027801514,4.499248027801514,4.499248027801514,23747055
2020-07-14,SUZLON.NS,Suzlon Energy,Retail Hype / Turnaround,4.4533371925354,4.4533371925354,4.315605163574219,4.315605163574219,4.315605163574219,5795018
2020-07-15,SUZLON.NS,Suzlon Energy,Retail Hype / Turnaround,4.131961822509766,4.499248027801514,4.131961822509766,4.131961822509766,4.131961822509766,57972031
2020-07-16,SUZLON.NS,Suzlon Energy,Retail Hype / Turnaround,4.131961822509766,4.22378396987915,3.948319911956787,3.948319911956787,3.948319911956787,13067640
2020-07-17,SUZLON.NS,Suzlon Energy,Retail Hype / Turnaround,3.8564980030059814,4.131961822509766,3.8564980030059814,4.131961822509766,4.131961822509766,10228381
2020-07-20,SUZLON.NS,Suzlon Energy,Retail Hype / Turnaround,4.315605163574219,4.315605163574219,4.131961822509766,4.315605163574219,4.315605163574219,5968206
2020-07-21,SUZLON.NS,Suzlon Energy,Retail Hype / Turnaround,4.499248027801514,4.499248027801514,4.315605163574219,4.499248027801514,4.499248027801514,31319474
2020-07-22,SUZLON.NS,Suzlon Energy,Retail Hype / Turnaround,4.545158863067627,4.545158863067627,4.315605163574219,4.315605163574219,4.315605163574219,18209264
2020-07-23,SUZLON.NS,Suzlon Energy,Retail Hype / Turnaround,4.177873134613037,4.315605163574219,4.131961822509766,4.131961822509766,4.131961822509766,17304468
2020-07-24,SUZLON.NS,Suzlon Energy,Retail Hype / Turnaround,3.994230031967163,4.269693851470947,3.994230031967163,4.086051940917969,4.086051940917969,15581334
2020-07-27,SUZLON.NS,Suzlon Energy,Retail Hype / Turnaround,4.0401411056518555,4.131961822509766,3.948319911956787,4.0401411056518555,4.0401411056518555,10986581
2020-07-28,SUZLON.NS,Suzlon Energy,Retail Hype / Turnaround,3.994230031967163,4.086051940917969,3.948319911956787,3.948319911956787,3.948319911956787,9589866
2020-07-29,SUZLON.NS,Suzlon Energy,Retail Hype / Turnaround,3.994230031967163,4.131961822509766,3.948319911956787,4.131961822509766,4.131961822509766,20019903
2020-07-30,SUZLON.NS,Suzlon Energy,Retail Hype / Turnaround,4.177873134613037,4.269693851470947,4.0401411056518555,4.0401411056518555,4.0401411056518555,10722965
2020-07-31,SUZLON.NS,Suzlon Energy,Retail Hype / Turnaround,4.086051940917969,4.177873134613037,3.948319911956787,3.948319911956787,3.948319911956787,9887020
2020-08-03,SUZLON.NS,Suzlon Energy,Retail Hype / Turnaround,3.948319911956787,4.086051940917969,3.948319911956787,3.994230031967163,3.994230031967163,7761287
2020-08-04,SUZLON.NS,Suzlon Energy,Retail Hype / Turnaround,4.0401411056518555,4.177873134613037,3.994230031967163,4.177873134613037,4.177873134613037,16869521
2020-08-05,SUZLON.NS,Suzlon Energy,Retail Hype / Turnaround,4.22378396987915,4.269693851470947,4.0401411056518555,4.131961822509766,4.131961822509766,11145985
2020-08-06,SUZLON.NS,Suzlon Energy,Retail Hype / Turnaround,4.086051940917969,4.177873134613037,4.0401411056518555,4.086051940917969,4.086051940917969,7501454
2020-08-07,SUZLON.NS,Suzlon Energy,Retail Hype / Turnaround,4.0401411056518555,4.131961822509766,3.994230031967163,4.0401411056518555,4.0401411056518555,12692280
2020-08-10,SUZLON.NS,Suzlon Energy,Retail Hype / Turnaround,4.0401411056518555,4.22378396987915,3.994230031967163,4.131961822509766,4.131961822509766,24445117
2020-08-11,SUZLON.NS,Suzlon Energy,Retail Hype / Turnaround,4.086051940917969,4.131961822509766,3.948319911956787,3.948319911956787,3.948319911956787,33606193
2020-08-12,SUZLON.NS,Suzlon Energy,Retail Hype / Turnaround,3.948319911956787,3.948319911956787,3.764677047729492,3.764677047729492,3.764677047729492,17509957
2020-08-13,SUZLON.NS,Suzlon Energy,Retail Hype / Turnaround,3.6269450187683105,3.7187659740448,3.581033945083618,3.581033945083618,3.581033945083618,15193156
2020-08-14,SUZLON.NS,Suzlon Energy,Retail Hype / Turnaround,3.4433019161224365,3.7187659740448,3.4433019161224365,3.7187659740448,3.7187659740448,31204286
2020-08-17,SUZLON.NS,Suzlon Energy,Retail Hype / Turnaround,3.810586929321289,3.902409076690674,3.6269450187683105,3.764677047729492,3.764677047729492,20482987
2020-08-18,SUZLON.NS,Suzlon Energy,Retail Hype / Turnaround,3.764677047729492,3.810586929321289,3.6269450187683105,3.6728549003601074,3.6728549003601074,11905678
2020-08-19,SUZLON.NS,Suzlon Energy,Retail Hype / Turnaround,3.6728549003601074,3.7187659740448,3.581033945083618,3.6269450187683105,3.6269450187683105,23559844
2020-08-20,SUZLON.NS,Suzlon Energy,Retail Hype / Turnaround,3.6728549003601074,3.6728549003601074,3.535123109817505,3.581033945083618,3.581033945083618,31495967
2020-08-21,SUZLON.NS,Suzlon Energy,Retail Hype / Turnaround,3.581033945083618,3.6728549003601074,3.581033945083618,3.6269450187683105,3.6269450187683105,14518350
2020-08-24,SUZLON.NS,Suzlon Energy,Retail Hype / Turnaround,3.6269450187683105,3.6728549003601074,3.581033945083618,3.6269450187683105,3.6269450187683105,12266527
2020-08-25,SUZLON.NS,Suzlon Energy,Retail Hype / Turnaround,3.6728549003601074,3.6728549003601074,3.535123109817505,3.6269450187683105,3.6269450187683105,18293365
2020-08-26,SUZLON.NS,Suzlon Energy,Retail Hype / Turnaround,3.6269450187683105,3.6269450187683105,3.535123109817505,3.535123109817505,3.535123109817505,15288887
2020-08-27,SUZLON.NS,Suzlon Energy,Retail Hype / Turnaround,3.535123109817505,3.6269450187683105,3.489212989807129,3.581033945083618,3.581033945083618,18113491
2020-08-28,SUZLON.NS,Suzlon Energy,Retail Hype / Turnaround,3.6269450187683105,3.6269450187683105,3.489212989807129,3.535123109817505,3.535123109817505,26255157
2020-08-31,SUZLON.NS,Suzlon Energy,Retail Hype / Turnaround,3.535123109817505,3.581033945083618,3.3973910808563232,3.4433019161224365,3.4433019161224365,21830038
2020-09-01,SUZLON.NS,Suzlon Energy,Retail Hype / Turnaround,3.4433019161224365,3.535123109817505,3.305569887161255,3.351480007171631,3.351480007171631,30364253
2020-09-02,SUZLON.NS,Suzlon Energy,Retail Hype / Turnaround,3.3973910808563232,3.4433019161224365,3.2596590518951416,3.305569887161255,3.305569887161255,15884900
2020-09-03,SUZLON.NS,Suzlon Energy,Retail Hype / Turnaround,3.305569887161255,3.305569887161255,3.1678380966186523,3.1678380966186523,3.1678380966186523,22197554
2020-09-04,SUZLON.NS,Suzlon Energy,Retail Hype / Turnaround,3.0760159492492676,3.12192702293396,3.0301060676574707,3.0760159492492676,3.0760159492492676,27588263
2020-09-07,SUZLON.NS,Suzlon Energy,Retail Hype / Turnaround,3.12192702293396,3.12192702293396,3.0301060676574707,3.12192702293396,3.12192702293396,13525145
2020-09-08,SUZLON.NS,Suzlon Energy,Retail Hype / Turnaround,3.12192702293396,3.2596590518951416,3.0301060676574707,3.0760159492492676,3.0760159492492676,23139694
2020-09-09,SUZLON.NS,Suzlon Energy,Retail Hype / Turnaround,3.0760159492492676,3.12192702293396,2.9841949939727783,3.0760159492492676,3.0760159492492676,9781346
2020-09-10,SUZLON.NS,Suzlon Energy,Retail Hype / Turnaround,3.12192702293396,3.1678380966186523,2.9841949939727783,3.0301060676574707,3.0301060676574707,16270585
2020-09-11,SUZLON.NS,Suzlon Energy,Retail Hype / Turnaround,3.0301060676574707,3.0760159492492676,2.9841949939727783,3.0301060676574707,3.0301060676574707,7461437
2020-09-14,SUZLON.NS,Suzlon Energy,Retail Hype / Turnaround,3.0301060676574707,3.1678380966186523,2.938283920288086,2.9841949939727783,2.9841949939727783,16841958
2020-09-15,SUZLON.NS,Suzlon Energy,Retail Hype / Turnaround,2.9841949939727783,3.0760159492492676,2.938283920288086,3.0760159492492676,3.0760159492492676,9965937
2020-09-16,SUZLON.NS,Suzlon Energy,Retail Hype / Turnaround,3.0301060676574707,3.0301060676574707,2.9841949939727783,3.0301060676574707,3.0301060676574707,5154227
2020-09-17,SUZLON.NS,Suzlon Energy,Retail Hype / Turnaround,2.9841949939727783,3.0301060676574707,2.938283920288086,2.9841949939727783,2.9841949939727783,7327739
2020-09-18,SUZLON.NS,Suzlon Energy,Retail Hype / Turnaround,2.9841949939727783,2.9841949939727783,2.8464629650115967,2.8464629650115967,2.8464629650115967,36742055
2020-09-21,SUZLON.NS,Suzlon Energy,Retail Hype / Turnaround,2.8464629650115967,2.9841949939727783,2.754641056060791,2.8464629650115967,2.8464629650115967,22221846
2020-09-22,SUZLON.NS,Suzlon Energy,Retail Hype / Turnaround,2.8464629650115967,2.8464629650115967,2.708730936050415,2.754641056060791,2.754641056060791,9971601
2020-09-23,SUZLON.NS,Suzlon Energy,Retail Hype / Turnaround,2.8005518913269043,2.8464629650115967,2.6628201007843018,2.708730936050415,2.708730936050415,12748940
2020-09-24,SUZLON.NS,Suzlon Energy,Retail Hype / Turnaround,2.6628201007843018,2.8005518913269043,2.6169090270996094,2.754641056060791,2.754641056060791,10401329
2020-09-25,SUZLON.NS,Suzlon Energy,Retail Hype / Turnaround,2.8464629650115967,2.8464629650115967,2.708730936050415,2.8005518913269043,2.8005518913269043,12140821
2020-09-28,SUZLON.NS,Suzlon Energy,Retail Hype / Turnaround,2.8005518913269043,2.8464629650115967,2.6628201007843018,2.754641056060791,2.754641056060791,21536532
2020-09-29,SUZLON.NS,Suzlon Energy,Retail Hype / Turnaround,2.754641056060791,2.754641056060791,2.6628201007843018,2.754641056060791,2.754641056060791,8605847
2020-09-30,SUZLON.NS,Suzlon Energy,Retail Hype / Turnaround,2.754641056060791,2.754641056060791,2.6628201007843018,2.6628201007843018,2.6628201007843018,8967212
2020-10-01,SUZLON.NS,Suzlon Energy,Retail Hype / Turnaround,2.708730936050415,2.708730936050415,2.6169090270996094,2.6628201007843018,2.6628201007843018,5551744
2020-10-05,SUZLON.NS,Suzlon Energy,Retail Hype / Turnaround,2.708730936050415,2.754641056060791,2.6628201007843018,2.754641056060791,2.754641056060791,6478420
2020-10-06,SUZLON.NS,Suzlon Energy,Retail Hype / Turnaround,2.892374038696289,2.892374038696289,2.708730936050415,2.8005518913269043,2.8005518913269043,20217414
2020-10-07,SUZLON.NS,Suzlon Energy,Retail Hype / Turnaround,2.708730936050415,2.754641056060791,2.708730936050415,2.754641056060791,2.754641056060791,3380685
2020-10-08,SUZLON.NS,Suzlon Energy,Retail Hype / Turnaround,2.754641056060791,2.754641056060791,2.6628201007843018,2.6628201007843018,2.6628201007843018,7963472
2020-10-09,SUZLON.NS,Suzlon Energy,Retail Hype / Turnaround,2.6628201007843018,2.708730936050415,2.6169090270996094,2.708730936050415,2.708730936050415,7252053
2020-10-12,SUZLON.NS,Suzlon Energy,Retail Hype / Turnaround,2.754641056060791,2.754641056060791,2.6169090270996094,2.6628201007843018,2.6628201007843018,8928381
2020-10-13,SUZLON.NS,Suzlon Energy,Retail Hype / Turnaround,2.6169090270996094,2.6628201007843018,2.6169090270996094,2.6169090270996094,2.6169090270996094,4649684
2020-10-14,SUZLON.NS,Suzlon Energy,Retail Hype / Turnaround,2.6628201007843018,2.708730936050415,2.5709989070892334,2.6169090270996094,2.6169090270996094,16071945
2020-10-15,SUZLON.NS,Suzlon Energy,Retail Hype / Turnaround,2.6628201007843018,2.708730936050415,2.5709989070892334,2.6169090270996094,2.6169090270996094,7645199
2020-10-16,SUZLON.NS,Suzlon Energy,Retail Hype / Turnaround,2.5709989070892334,2.6169090270996094,2.4791769981384277,2.5709989070892334,2.5709989070892334,7299111
2020-10-19,SUZLON.NS,Suzlon Energy,Retail Hype / Turnaround,2.6169090270996094,2.6628201007843018,2.5709989070892334,2.6628201007843018,2.6628201007843018,5507110
2020-10-20,SUZLON.NS,Suzlon Energy,Retail Hype / Turnaround,2.6628201007843018,2.708730936050415,2.6169090270996094,2.6628201007843018,2.6628201007843018,5523984
2020-10-21,SUZLON.NS,Suzlon Energy,Retail Hype / Turnaround,2.6628201007843018,2.754641056060791,2.6628201007843018,2.708730936050415,2.708730936050415,7229445
2020-10-22,SUZLON.NS,Suzlon Energy,Retail Hype / Turnaround,2.708730936050415,2.938283920288086,2.708730936050415,2.938283920288086,2.938283920288086,10477668
2020-10-23,SUZLON.NS,Suzlon Energy,Retail Hype / Turnaround,3.213747978210449,3.213747978210449,3.213747978210449,3.213747978210449,3.213747978210449,2429097
2020-10-26,SUZLON.NS,Suzlon Energy,Retail Hype / Turnaround,3.351480007171631,3.351480007171631,3.213747978210449,3.351480007171631,3.351480007171631,56471775
2020-10-27,SUZLON.NS,Suzlon Energy,Retail Hype / Turnaround,3.4433019161224365,3.489212989807129,3.3973910808563232,3.489212989807129,3.489212989807129,4588677
2020-10-28,SUZLON.NS,Suzlon Energy,Retail Hype / Turnaround,3.6269450187683105,3.6269450187683105,3.6269450187683105,3.6269450187683105,3.6269450187683105,2465912
2020-10-29,SUZLON.NS,Suzlon Energy,Retail Hype / Turnaround,3.764677047729492,3.764677047729492,3.489212989807129,3.489212989807129,3.489212989807129,26133379
2020-10-30,SUZLON.NS,Suzlon Energy,Retail Hype / Turnaround,3.351480007171631,3.3973910808563232,3.351480007171631,3.351480007171631,3.351480007171631,3221720
2020-11-02,SUZLON.NS,Suzlon Energy,Retail Hype / Turnaround,3.213747978210449,3.213747978210449,3.213747978210449,3.213747978210449,3.213747978210449,2363053
2020-11-03,SUZLON.NS,Suzlon Energy,Retail Hype / Turnaround,3.12192702293396,3.213747978210449,3.0760159492492676,3.0760159492492676,3.0760159492492676,24819499
2020-11-04,SUZLON.NS,Suzlon Energy,Retail Hype / Turnaround,2.938283920288086,2.938283920288086,2.938283920288086,2.938283920288086,2.938283920288086,5687268
2020-11-05,SUZLON.NS,Suzlon Energy,Retail Hype / Turnaround,2.8464629650115967,2.9841949939727783,2.8005518913269043,2.8005518913269043,2.8005518913269043,47405389
2020-11-06,SUZLON.NS,Suzlon Energy,Retail Hype / Turnaround,2.754641056060791,2.8005518913269043,2.6628201007843018,2.708730936050415,2.708730936050415,19229424
2020-11-09,SUZLON.NS,Suzlon Energy,Retail Hype / Turnaround,2.708730936050415,2.8005518913269043,2.6628201007843018,2.8005518913269043,2.8005518913269043,14687595
2020-11-10,SUZLON.NS,Suzlon Energy,Retail Hype / Turnaround,2.754641056060791,2.892374038696289,2.708730936050415,2.754641056060791,2.754641056060791,11228691
2020-11-11,SUZLON.NS,Suzlon Energy,Retail Hype / Turnaround,2.892374038696289,2.892374038696289,2.8464629650115967,2.892374038696289,2.892374038696289,3553882
2020-11-12,SUZLON.NS,Suzlon Energy,Retail Hype / Turnaround,3.0301060676574707,3.0301060676574707,3.0301060676574707,3.0301060676574707,3.0301060676574707,3463503
2020-11-13,SUZLON.NS,Suzlon Energy,Retail Hype / Turnaround,3.1678380966186523,3.1678380966186523,3.1678380966186523,3.1678380966186523,3.1678380966186523,1811840
2020-11-14,SUZLON.NS,Suzlon Energy,Retail Hype / Turnaround,3.305569887161255,3.305569887161255,3.305569887161255,3.305569887161255,3.305569887161255,852996
2020-11-17,SUZLON.NS,Suzlon Energy,Retail Hype / Turnaround,3.4433019161224365,3.4433019161224365,3.213747978210449,3.4433019161224365,3.4433019161224365,22286131
2020-11-18,SUZLON.NS,Suzlon Energy,Retail Hype / Turnaround,3.4433019161224365,3.489212989807129,3.305569887161255,3.3973910808563232,3.3973910808563232,12888225
2020-11-19,SUZLON.NS,Suzlon Energy,Retail Hype / Turnaround,3.3973910808563232,3.3973910808563232,3.2596590518951416,3.2596590518951416,3.2596590518951416,9170187
2020-11-20,SUZLON.NS,Suzlon Energy,Retail Hype / Turnaround,3.305569887161255,3.305569887161255,3.12192702293396,3.1678380966186523,3.1678380966186523,10073993
2020-11-23,SUZLON.NS,Suzlon Energy,Retail Hype / Turnaround,3.1678380966186523,3.213747978210449,3.0301060676574707,3.1678380966186523,3.1678380966186523,12583944
2020-11-24,SUZLON.NS,Suzlon Energy,Retail Hype / Turnaround,3.213747978210449,3.2596590518951416,3.1678380966186523,3.213747978210449,3.213747978210449,10332116
2020-11-25,SUZLON.NS,Suzlon Energy,Retail Hype / Turnaround,3.213747978210449,3.213747978210449,3.12192702293396,3.1678380966186523,3.1678380966186523,5910194
2020-11-26,SUZLON.NS,Suzlon Energy,Retail Hype / Turnaround,3.1678380966186523,3.213747978210449,3.0760159492492676,3.1678380966186523,3.1678380966186523,4065919
2020-11-27,SUZLON.NS,Suzlon Energy,Retail Hype / Turnaround,3.1678380966186523,3.213747978210449,3.12192702293396,3.1678380966186523,3.1678380966186523,4780318
2020-12-01,SUZLON.NS,Suzlon Energy,Retail Hype / Turnaround,3.213747978210449,3.2596590518951416,3.12192702293396,3.213747978210449,3.213747978210449,20964477
2020-12-02,SUZLON.NS,Suzlon Energy,Retail Hype / Turnaround,3.305569887161255,3.305569887161255,3.12192702293396,3.213747978210449,3.213747978210449,17560665
2020-12-03,SUZLON.NS,Suzlon Energy,Retail Hype / Turnaround,3.2596590518951416,3.351480007171631,3.1678380966186523,3.2596590518951416,3.2596590518951416,24591285
2020-12-04,SUZLON.NS,Suzlon Energy,Retail Hype / Turnaround,3.3973910808563232,3.3973910808563232,3.1678380966186523,3.213747978210449,3.213747978210449,29535289
2020-12-07,SUZLON.NS,Suzlon Energy,Retail Hype / Turnaround,3.2596590518951416,3.351480007171631,3.213747978210449,3.2596590518951416,3.2596590518951416,30722425
2020-12-08,SUZLON.NS,Suzlon Energy,Retail Hype / Turnaround,3.351480007171631,3.351480007171631,3.1678380966186523,3.2596590518951416,3.2596590518951416,22789660
2020-12-09,SUZLON.NS,Suzlon Energy,Retail Hype / Turnaround,3.305569887161255,3.3973910808563232,3.213747978210449,3.2596590518951416,3.2596590518951416,30062268
2020-12-10,SUZLON.NS,Suzlon Energy,Retail Hype / Turnaround,3.305569887161255,3.3973910808563232,3.1678380966186523,3.3973910808563232,3.3973910808563232,24967708
2020-12-11,SUZLON.NS,Suzlon Energy,Retail Hype / Turnaround,3.535123109817505,3.535123109817505,3.535123109817505,3.535123109817505,3.535123109817505,5640546
2020-12-14,SUZLON.NS,Suzlon Energy,Retail Hype / Turnaround,3.6728549003601074,3.6728549003601074,3.6728549003601074,3.6728549003601074,3.6728549003601074,4221150
2020-12-15,SUZLON.NS,Suzlon Energy,Retail Hype / Turnaround,3.8564980030059814,3.8564980030059814,3.8564980030059814,3.8564980030059814,3.8564980030059814,13770164
2020-12-16,SUZLON.NS,Suzlon Energy,Retail Hype / Turnaround,4.0401411056518555,4.0401411056518555,4.0401411056518555,4.0401411056518555,4.0401411056518555,8431131
2020-12-17,SUZLON.NS,Suzlon Energy,Retail Hype / Turnaround,4.22378396987915,4.22378396987915,4.22378396987915,4.22378396987915,4.22378396987915,6339573
2020-12-18,SUZLON.NS,Suzlon Energy,Retail Hype / Turnaround,4.407426834106445,4.407426834106445,4.0401411056518555,4.407426834106445,4.407426834106445,71098594
2020-12-21,SUZLON.NS,Suzlon Energy,Retail Hype / Turnaround,4.407426834106445,4.591069221496582,4.22378396987915,4.499248027801514,4.499248027801514,40329862
2020-12-22,SUZLON.NS,Suzlon Energy,Retail Hype / Turnaround,4.315605163574219,4.591069221496582,4.315605163574219,4.499248027801514,4.499248027801514,37484526
2020-12-23,SUZLON.NS,Suzlon Energy,Retail Hype / Turnaround,4.591069221496582,4.682890892028809,4.545158863067627,4.682890892028809,4.682890892028809,17442537
2020-12-24,SUZLON.NS,Suzlon Energy,Retail Hype / Turnaround,4.912444114685059,4.912444114685059,4.682890892028809,4.912444114685059,4.912444114685059,22518537
2020-12-28,SUZLON.NS,Suzlon Energy,Retail Hype / Turnaround,5.141997814178467,5.141997814178467,5.05017614364624,5.141997814178467,5.141997814178467,8285568
2020-12-29,SUZLON.NS,Suzlon Energy,Retail Hype / Turnaround,5.371551036834717,5.371551036834717,5.371551036834717,5.371551036834717,5.371551036834717,5209167
2020-12-30,SUZLON.NS,Suzlon Energy,Retail Hype / Turnaround,5.601105213165283,5.601105213165283,5.601105213165283,5.601105213165283,5.601105213165283,7527573
2020-12-31,SUZLON.NS,Suzlon Energy,Retail Hype / Turnaround,5.876568794250488,5.876568794250488,5.876568794250488,5.876568794250488,5.876568794250488,5727894
2021-01-01,SUZLON.NS,Suzlon Energy,Retail Hype / Turnaround,6.152032852172852,6.152032852172852,6.152032852172852,6.152032852172852,6.152032852172852,2611390
2021-01-04,SUZLON.NS,Suzlon Energy,Retail Hype / Turnaround,6.427496910095215,6.427496910095215,6.427496910095215,6.427496910095215,6.427496910095215,4813374
2021-01-05,SUZLON.NS,Suzlon Energy,Retail Hype / Turnaround,6.61113977432251,6.748871803283691,6.106122016906738,6.748871803283691,6.748871803283691,62043247
2021-01-06,SUZLON.NS,Suzlon Energy,Retail Hype / Turnaround,6.978425979614258,7.070247173309326,6.978425979614258,7.070247173309326,7.070247173309326,12930305
2021-01-07,SUZLON.NS,Suzlon Energy,Retail Hype / Turnaround,7.391622066497803,7.391622066497803,7.391622066497803,7.391622066497803,7.391622066497803,4247150
2021-01-08,SUZLON.NS,Suzlon Energy,Retail Hype / Turnaround,7.758907794952393,7.758907794952393,7.024335861206055,7.024335861206055,7.024335861206055,92706725
2021-01-11,SUZLON.NS,Suzlon Energy,Retail Hype / Turnaround,6.702960968017578,6.702960968017578,6.702960968017578,6.702960968017578,6.702960968017578,11461334
2021-01-12,SUZLON.NS,Suzlon Energy,Retail Hype / Turnaround,6.381587028503418,6.381587028503418,6.381587028503418,6.381587028503418,6.381587028503418,5022590
2021-01-13,SUZLON.NS,Suzlon Energy,Retail Hype / Turnaround,6.106122016906738,6.106122016906738,6.106122016906738,6.106122016906738,6.106122016906738,5746290
2021-01-14,SUZLON.NS,Suzlon Energy,Retail Hype / Turnaround,5.830657958984375,5.830657958984375,5.830657958984375,5.830657958984375,5.830657958984375,5321749
2021-01-15,SUZLON.NS,Suzlon Energy,Retail Hype / Turnaround,5.692925930023193,6.106122016906738,5.64701509475708,6.106122016906738,6.106122016906738,24576268
2021-01-18,SUZLON.NS,Suzlon Energy,Retail Hype / Turnaround,6.289764881134033,6.381587028503418,6.152032852172852,6.381587028503418,6.381587028503418,41261591
2021-01-19,SUZLON.NS,Suzlon Energy,Retail Hype / Turnaround,6.473408222198486,6.5193190574646,6.106122016906738,6.24385404586792,6.24385404586792,30579239
2021-01-20,SUZLON.NS,Suzlon Energy,Retail Hype / Turnaround,6.060212135314941,6.152032852172852,5.968389987945557,6.01430082321167,6.01430082321167,22835575
2021-01-21,SUZLON.NS,Suzlon Energy,Retail Hype / Turnaround,5.968389987945557,6.289764881134033,5.738836765289307,6.106122016906738,6.106122016906738,28173286
2021-01-22,SUZLON.NS,Suzlon Energy,Retail Hype / Turnaround,6.01430082321167,6.060212135314941,5.830657958984375,5.830657958984375,5.830657958984375,14368515
2021-01-25,SUZLON.NS,Suzlon Energy,Retail Hype / Turnaround,5.738836765289307,5.830657958984375,5.555193901062012,5.555193901062012,5.555193901062012,8044085
2021-01-27,SUZLON.NS,Suzlon Energy,Retail Hype / Turnaround,5.463373184204102,5.830657958984375,5.279729843139648,5.555193901062012,5.555193901062012,19367026
2021-01-28,SUZLON.NS,Suzlon Energy,Retail Hype / Turnaround,5.509283065795898,5.692925930023193,5.32564115524292,5.509283065795898,5.509283065795898,10324988
2021-01-29,SUZLON.NS,Suzlon Energy,Retail Hype / Turnaround,5.692925930023193,5.784748077392578,5.64701509475708,5.784748077392578,5.784748077392578,10920401
2021-02-01,SUZLON.NS,Suzlon Energy,Retail Hype / Turnaround,6.060212135314941,6.060212135314941,6.01430082321167,6.060212135314941,6.060212135314941,8535714
2021-02-02,SUZLON.NS,Suzlon Energy,Retail Hype / Turnaround,6.335676193237305,6.335676193237305,5.876568794250488,6.335676193237305,6.335676193237305,59700135
2021-02-03,SUZLON.NS,Suzlon Energy,Retail Hype / Turnaround,6.427496910095215,6.427496910095215,6.152032852172852,6.197944164276123,6.197944164276123,32964353
2021-02-04,SUZLON.NS,Suzlon Energy,Retail Hype / Turnaround,6.197944164276123,6.473408222198486,6.197944164276123,6.427496910095215,6.427496910095215,57856664
2021-02-05,SUZLON.NS,Suzlon Energy,Retail Hype / Turnaround,6.289764881134033,6.289764881134033,5.876568794250488,6.01430082321167,6.01430082321167,55114726
2021-02-08,SUZLON.NS,Suzlon Energy,Retail Hype / Turnaround,6.106122016906738,6.289764881134033,5.968389987945557,6.01430082321167,6.01430082321167,22443568
2021-02-09,SUZLON.NS,Suzlon Energy,Retail Hype / Turnaround,6.01430082321167,6.01430082321167,5.692925930023193,5.738836765289307,5.738836765289307,23905373
2021-02-10,SUZLON.NS,Suzlon Energy,Retail Hype / Turnaround,5.692925930023193,5.738836765289307,5.509283065795898,5.601105213165283,5.601105213165283,26070013
2021-02-11,SUZLON.NS,Suzlon Energy,Retail Hype / Turnaround,5.601105213165283,5.784748077392578,5.601105213165283,5.738836765289307,5.738836765289307,19183941
2021-02-12,SUZLON.NS,Suzlon Energy,Retail Hype / Turnaround,5.738836765289307,5.784748077392578,5.555193901062012,5.601105213165283,5.601105213165283,13107989
2021-02-15,SUZLON.NS,Suzlon Energy,Retail Hype / Turnaround,5.555193901062012,5.64701509475708,5.32564115524292,5.371551036834717,5.371551036834717,29125914
2021-02-16,SUZLON.NS,Suzlon Energy,Retail Hype / Turnaround,5.371551036834717,5.41746187210083,5.05017614364624,5.141997814178467,5.141997814178467,26111796
2021-02-17,SUZLON.NS,Suzlon Energy,Retail Hype / Turnaround,5.141997814178467,5.141997814178467,4.682890892028809,4.82062292098999,4.82062292098999,55934840
2021-02-18,SUZLON.NS,Suzlon Energy,Retail Hype / Turnaround,4.866534233093262,5.004265785217285,4.774712085723877,4.82062292098999,4.82062292098999,39642278
2021-02-19,SUZLON.NS,Suzlon Energy,Retail Hype / Turnaround,4.866534233093262,4.866534233093262,4.7288007736206055,4.774712085723877,4.774712085723877,17075027
2021-02-22,SUZLON.NS,Suzlon Energy,Retail Hype / Turnaround,4.774712085723877,4.774712085723877,4.499248027801514,4.591069221496582,4.591069221496582,32584139
2021-02-23,SUZLON.NS,Suzlon Energy,Retail Hype / Turnaround,4.636980056762695,4.82062292098999,4.545158863067627,4.82062292098999,4.82062292098999,72700867
2021-02-24,SUZLON.NS,Suzlon Energy,Retail Hype / Turnaround,4.912444114685059,5.05017614364624,4.866534233093262,5.05017614364624,5.05017614364624,15397267
2021-02-25,SUZLON.NS,Suzlon Energy,Retail Hype / Turnaround,5.279729843139648,5.279729843139648,5.05017614364624,5.279729843139648,5.279729843139648,38246441
2021-02-26,SUZLON.NS,Suzlon Energy,Retail Hype / Turnaround,5.279729843139648,5.41746187210083,5.05017614364624,5.32564115524292,5.32564115524292,65276268
2021-03-01,SUZLON.NS,Suzlon Energy,Retail Hype / Turnaround,5.463373184204102,5.555193901062012,5.32564115524292,5.41746187210083,5.41746187210083,26452716
2021-03-02,SUZLON.NS,Suzlon Energy,Retail Hype / Turnaround,5.41746187210083,5.555193901062012,5.371551036834717,5.463373184204102,5.463373184204102,32024799
2021-03-03,SUZLON.NS,Suzlon Energy,Retail Hype / Turnaround,5.463373184204102,5.463373184204102,5.233819007873535,5.233819007873535,5.233819007873535,31185762
2021-03-04,SUZLON.NS,Suzlon Energy,Retail Hype / Turnaround,5.141997814178467,5.32564115524292,5.0960869789123535,5.233819007873535,5.233819007873535,25909160
2021-03-05,SUZLON.NS,Suzlon Energy,Retail Hype / Turnaround,5.233819007873535,5.279729843139648,5.05017614364624,5.0960869789123535,5.0960869789123535,15775325
2021-03-08,SUZLON.NS,Suzlon Energy,Retail Hype / Turnaround,5.141997814178467,5.32564115524292,5.141997814178467,5.187908172607422,5.187908172607422,22196503
2021-03-09,SUZLON.NS,Suzlon Energy,Retail Hype / Turnaround,5.233819007873535,5.32564115524292,5.004265785217285,5.0960869789123535,5.0960869789123535,24242886
2021-03-10,SUZLON.NS,Suzlon Energy,Retail Hype / Turnaround,5.141997814178467,5.279729843139648,5.141997814178467,5.187908172607422,5.187908172607422,23695461
2021-03-12,SUZLON.NS,Suzlon Energy,Retail Hype / Turnaround,5.233819007873535,5.279729843139648,5.05017614364624,5.0960869789123535,5.0960869789123535,20423544
2021-03-15,SUZLON.NS,Suzlon Energy,Retail Hype / Turnaround,5.141997814178467,5.233819007873535,5.0960869789123535,5.141997814178467,5.141997814178467,17867866
2021-03-16,SUZLON.NS,Suzlon Energy,Retail Hype / Turnaround,5.141997814178467,5.279729843139648,5.141997814178467,5.233819007873535,5.233819007873535,31928898
2021-03-17,SUZLON.NS,Suzlon Energy,Retail Hype / Turnaround,5.233819007873535,5.279729843139648,5.004265785217285,5.05017614364624,5.05017614364624,17109862
2021-03-18,SUZLON.NS,Suzlon Energy,Retail Hype / Turnaround,5.141997814178467,5.141997814178467,4.866534233093262,4.912444114685059,4.912444114685059,24761853
2021-03-19,SUZLON.NS,Suzlon Energy,Retail Hype / Turnaround,4.866534233093262,5.05017614364624,4.682890892028809,4.912444114685059,4.912444114685059,42362712
2021-03-22,SUZLON.NS,Suzlon Energy,Retail Hype / Turnaround,4.958354949951172,5.141997814178467,4.866534233093262,5.0960869789123535,5.0960869789123535,34045086
2021-03-23,SUZLON.NS,Suzlon Energy,Retail Hype / Turnaround,5.233819007873535,5.233819007873535,4.958354949951172,5.0960869789123535,5.0960869789123535,33445254
2021-03-24,SUZLON.NS,Suzlon Energy,Retail Hype / Turnaround,4.958354949951172,5.233819007873535,4.866534233093262,5.187908172607422,5.187908172607422,46366555
2021-03-25,SUZLON.NS,Suzlon Energy,Retail Hype / Turnaround,5.141997814178467,5.233819007873535,4.958354949951172,5.004265785217285,5.004265785217285,18751582
2021-03-26,SUZLON.NS,Suzlon Energy,Retail Hype / Turnaround,5.004265785217285,5.141997814178467,4.866534233093262,5.05017614364624,5.05017614364624,22081657
2021-03-30,SUZLON.NS,Suzlon Energy,Retail Hype / Turnaround,5.0960869789123535,5.187908172607422,4.82062292098999,4.82062292098999,4.82062292098999,37206996
2021-03-31,SUZLON.NS,Suzlon Energy,Retail Hype / Turnaround,4.774712085723877,4.774712085723877,4.591069221496582,4.591069221496582,4.591069221496582,29558443
2021-04-01,SUZLON.NS,Suzlon Energy,Retail Hype / Turnaround,4.591069221496582,4.82062292098999,4.4533371925354,4.682890892028809,4.682890892028809,43011479
2021-04-05,SUZLON.NS,Suzlon Energy,Retail Hype / Turnaround,4.682890892028809,4.682890892028809,4.4533371925354,4.545158863067627,4.545158863067627,22124128
2021-04-06,SUZLON.NS,Suzlon Energy,Retail Hype / Turnaround,4.545158863067627,4.7288007736206055,4.545158863067627,4.682890892028809,4.682890892028809,18657951
2021-04-07,SUZLON.NS,Suzlon Energy,Retail Hype / Turnaround,4.774712085723877,4.774712085723877,4.591069221496582,4.636980056762695,4.636980056762695,23653516
2021-04-08,SUZLON.NS,Suzlon Energy,Retail Hype / Turnaround,4.7288007736206055,4.7288007736206055,4.545158863067627,4.591069221496582,4.591069221496582,10129792
2021-04-09,SUZLON.NS,Suzlon Energy,Retail Hype / Turnaround,4.591069221496582,4.7288007736206055,4.545158863067627,4.682890892028809,4.682890892028809,12782882
2021-04-12,SUZLON.NS,Suzlon Energy,Retail Hype / Turnaround,4.545158863067627,4.591069221496582,4.22378396987915,4.315605163574219,4.315605163574219,25438822
2021-04-13,SUZLON.NS,Suzlon Energy,Retail Hype / Turnaround,4.269693851470947,4.499248027801514,4.269693851470947,4.4533371925354,4.4533371925354,10556134
2021-04-15,SUZLON.NS,Suzlon Energy,Retail Hype / Turnaround,4.407426834106445,4.4533371925354,4.269693851470947,4.315605163574219,4.315605163574219,15180699
2021-04-16,SUZLON.NS,Suzlon Energy,Retail Hype / Turnaround,4.315605163574219,4.4533371925354,4.269693851470947,4.361515998840332,4.361515998840332,7510576
2021-04-19,SUZLON.NS,Suzlon Energy,Retail Hype / Turnaround,4.22378396987915,4.269693851470947,4.0401411056518555,4.086051940917969,4.086051940917969,15077829
2021-04-20,SUZLON.NS,Suzlon Energy,Retail Hype / Turnaround,4.131961822509766,4.361515998840332,4.131961822509766,4.177873134613037,4.177873134613037,13150337
2021-04-22,SUZLON.NS,Suzlon Energy,Retail Hype / Turnaround,4.177873134613037,4.269693851470947,4.131961822509766,4.177873134613037,4.177873134613037,8877223
2021-04-23,SUZLON.NS,Suzlon Energy,Retail Hype / Turnaround,4.177873134613037,4.22378396987915,4.086051940917969,4.131961822509766,4.131961822509766,6690072
2021-04-26,SUZLON.NS,Suzlon Energy,Retail Hype / Turnaround,4.131961822509766,4.315605163574219,4.131961822509766,4.315605163574219,4.315605163574219,9876194
2021-04-27,SUZLON.NS,Suzlon Energy,Retail Hype / Turnaround,4.315605163574219,4.4533371925354,4.315605163574219,4.361515998840332,4.361515998840332,11714424
2021-04-28,SUZLON.NS,Suzlon Energy,Retail Hype / Turnaround,4.407426834106445,4.407426834106445,4.315605163574219,4.315605163574219,4.315605163574219,7125352
2021-04-29,SUZLON.NS,Suzlon Energy,Retail Hype / Turnaround,4.361515998840332,4.407426834106445,4.22378396987915,4.22378396987915,4.22378396987915,9109414
2021-04-30,SUZLON.NS,Suzlon Energy,Retail Hype / Turnaround,4.22378396987915,4.636980056762695,4.131961822509766,4.407426834106445,4.407426834106445,37632968
2021-05-03,SUZLON.NS,Suzlon Energy,Retail Hype / Turnaround,4.361515998840332,4.774712085723877,4.315605163574219,4.7288007736206055,4.7288007736206055,32498391
2021-05-04,SUZLON.NS,Suzlon Energy,Retail Hype / Turnaround,4.774712085723877,4.866534233093262,4.591069221496582,4.636980056762695,4.636980056762695,23437734
2021-05-05,SUZLON.NS,Suzlon Energy,Retail Hype / Turnaround,4.636980056762695,4.774712085723877,4.591069221496582,4.636980056762695,4.636980056762695,9692852
2021-05-06,SUZLON.NS,Suzlon Energy,Retail Hype / Turnaround,4.682890892028809,4.682890892028809,4.545158863067627,4.591069221496582,4.591069221496582,10552099
2021-05-07,SUZLON.NS,Suzlon Energy,Retail Hype / Turnaround,4.636980056762695,4.7288007736206055,4.591069221496582,4.682890892028809,4.682890892028809,10119832
2021-05-10,SUZLON.NS,Suzlon Energy,Retail Hype / Turnaround,4.7288007736206055,5.141997814178467,4.7288007736206055,5.141997814178467,5.141997814178467,47643745
2021-05-11,SUZLON.NS,Suzlon Energy,Retail Hype / Turnaround,5.187908172607422,5.64701509475708,5.05017614364624,5.64701509475708,5.64701509475708,206455108
2021-05-12,SUZLON.NS,Suzlon Energy,Retail Hype / Turnaround,5.784748077392578,5.830657958984375,5.187908172607422,5.233819007873535,5.233819007873535,94671909
2021-05-14,SUZLON.NS,Suzlon Energy,Retail Hype / Turnaround,5.32564115524292,5.41746187210083,5.0960869789123535,5.187908172607422,5.187908172607422,27888490
2021-05-17,SUZLON.NS,Suzlon Energy,Retail Hype / Turnaround,5.233819007873535,5.279729843139648,5.05017614364624,5.0960869789123535,5.0960869789123535,18747593
2021-05-18,SUZLON.NS,Suzlon Energy,Retail Hype / Turnaround,5.141997814178467,5.187908172607422,5.05017614364624,5.0960869789123535,5.0960869789123535,19241549
2021-05-19,SUZLON.NS,Suzlon Energy,Retail Hype / Turnaround,5.0960869789123535,5.233819007873535,5.05017614364624,5.141997814178467,5.141997814178467,12429271
2021-05-20,SUZLON.NS,Suzlon Energy,Retail Hype / Turnaround,5.187908172607422,5.187908172607422,5.05017614364624,5.05017614364624,5.05017614364624,12368618
2021-05-21,SUZLON.NS,Suzlon Energy,Retail Hype / Turnaround,5.0960869789123535,5.0960869789123535,4.958354949951172,5.004265785217285,5.004265785217285,19435482
2021-05-24,SUZLON.NS,Suzlon Energy,Retail Hype / Turnaround,5.004265785217285,5.05017614364624,4.912444114685059,5.004265785217285,5.004265785217285,26658522
2021-05-25,SUZLON.NS,Suzlon Energy,Retail Hype / Turnaround,5.05017614364624,5.05017614364624,4.958354949951172,4.958354949951172,4.958354949951172,21524109
2021-05-26,SUZLON.NS,Suzlon Energy,Retail Hype / Turnaround,4.958354949951172,5.41746187210083,4.912444114685059,5.41746187210083,5.41746187210083,60645197
2021-05-27,SUZLON.NS,Suzlon Energy,Retail Hype / Turnaround,5.555193901062012,5.64701509475708,5.141997814178467,5.279729843139648,5.279729843139648,66088819
2021-05-28,SUZLON.NS,Suzlon Energy,Retail Hype / Turnaround,5.32564115524292,5.371551036834717,5.187908172607422,5.233819007873535,5.233819007873535,26551384
2021-05-31,SUZLON.NS,Suzlon Energy,Retail Hype / Turnaround,5.233819007873535,5.32564115524292,5.187908172607422,5.233819007873535,5.233819007873535,22982463
2021-06-01,SUZLON.NS,Suzlon Energy,Retail Hype / Turnaround,5.279729843139648,5.555193901062012,5.187908172607422,5.41746187210083,5.41746187210083,50231870
2021-06-02,SUZLON.NS,Suzlon Energy,Retail Hype / Turnaround,5.555193901062012,5.92248010635376,5.41746187210083,5.92248010635376,5.92248010635376,189405889
2021-06-03,SUZLON.NS,Suzlon Energy,Retail Hype / Turnaround,6.106122016906738,6.473408222198486,5.92248010635376,6.473408222198486,6.473408222198486,202487699
2021-06-04,SUZLON.NS,Suzlon Energy,Retail Hype / Turnaround,6.61113977432251,6.978425979614258,6.473408222198486,6.748871803283691,6.748871803283691,222573868
2021-06-07,SUZLON.NS,Suzlon Energy,Retail Hype / Turnaround,6.9325151443481445,6.9325151443481445,6.427496910095215,6.657051086425781,6.657051086425781,126681600
2021-06-08,SUZLON.NS,Suzlon Energy,Retail Hype / Turnaround,6.748871803283691,6.748871803283691,6.335676193237305,6.335676193237305,6.335676193237305,68516277
2021-06-09,SUZLON.NS,Suzlon Energy,Retail Hype / Turnaround,6.381587028503418,6.61113977432251,6.152032852172852,6.5193190574646,6.5193190574646,110562397
2021-06-10,SUZLON.NS,Suzlon Energy,Retail Hype / Turnaround,6.5193190574646,6.794783115386963,6.473408222198486,6.702960968017578,6.702960968017578,87615984
2021-06-11,SUZLON.NS,Suzlon Energy,Retail Hype / Turnaround,6.794783115386963,6.886603832244873,6.473408222198486,6.5193190574646,6.5193190574646,51783423
2021-06-14,SUZLON.NS,Suzlon Energy,Retail Hype / Turnaround,6.5652289390563965,6.61113977432251,6.197944164276123,6.473408222198486,6.473408222198486,45543638
2021-06-15,SUZLON.NS,Suzlon Energy,Retail Hype / Turnaround,6.5193190574646,6.794783115386963,6.473408222198486,6.61113977432251,6.61113977432251,85581048
2021-06-16,SUZLON.NS,Suzlon Energy,Retail Hype / Turnaround,6.702960968017578,6.794783115386963,6.427496910095215,6.5193190574646,6.5193190574646,44435159
2021-06-17,SUZLON.NS,Suzlon Energy,Retail Hype / Turnaround,6.427496910095215,6.794783115386963,6.381587028503418,6.5652289390563965,6.5652289390563965,54410080
2021-06-18,SUZLON.NS,Suzlon Energy,Retail Hype / Turnaround,6.61113977432251,6.886603832244873,6.289764881134033,6.886603832244873,6.886603832244873,298026371
2021-06-21,SUZLON.NS,Suzlon Energy,Retail Hype / Turnaround,6.702960968017578,7.207979202270508,6.61113977432251,7.207979202270508,7.207979202270508,118634791
2021-06-22,SUZLON.NS,Suzlon Energy,Retail Hype / Turnaround,7.529354095458984,7.529354095458984,7.3457112312316895,7.529354095458984,7.529354095458984,86580989
2021-06-23,SUZLON.NS,Suzlon Energy,Retail Hype / Turnaround,7.712996959686279,7.804818153381348,7.162067890167236,7.162067890167236,7.162067890167236,232494079
2021-06-24,SUZLON.NS,Suzlon Energy,Retail Hype / Turnaround,7.024335861206055,7.070247173309326,6.840693950653076,6.840693950653076,6.840693950653076,50622425
2021-06-25,SUZLON.NS,Suzlon Energy,Retail Hype / Turnaround,6.5652289390563965,7.162067890167236,6.5193190574646,7.1161580085754395,7.1161580085754395,173463936
2021-06-28,SUZLON.NS,Suzlon Energy,Retail Hype / Turnaround,7.253890037536621,7.437532901763916,6.978425979614258,7.207979202270508,7.207979202270508,96735277
2021-06-29,SUZLON.NS,Suzlon Energy,Retail Hype / Turnaround,7.3457112312316895,7.3457112312316895,6.978425979614258,7.024335861206055,7.024335861206055,49157299
2021-06-30,SUZLON.NS,Suzlon Energy,Retail Hype / Turnaround,7.299800872802734,7.3457112312316895,7.070247173309326,7.3457112312316895,7.3457112312316895,63326897
2021-07-01,SUZLON.NS,Suzlon Energy,Retail Hype / Turnaround,7.712996959686279,7.712996959686279,7.712996959686279,7.712996959686279,7.712996959686279,11764137
2021-07-02,SUZLON.NS,Suzlon Energy,Retail Hype / Turnaround,8.080282211303711,8.080282211303711,8.080282211303711,8.080282211303711,8.080282211303711,6412930
2021-07-05,SUZLON.NS,Suzlon Energy,Retail Hype / Turnaround,8.4475679397583,8.4475679397583,8.4475679397583,8.4475679397583,8.4475679397583,4281728
2021-07-06,SUZLON.NS,Suzlon Energy,Retail Hype / Turnaround,8.493478775024414,8.677122116088867,8.034372329711914,8.034372329711914,8.034372329711914,272409097
2021-07-07,SUZLON.NS,Suzlon Energy,Retail Hype / Turnaround,7.667086124420166,7.804818153381348,7.667086124420166,7.667086124420166,7.667086124420166,31904180
2021-07-08,SUZLON.NS,Suzlon Energy,Retail Hype / Turnaround,7.529354095458984,8.034372329711914,7.529354095458984,7.850728988647461,7.850728988647461,127485312
2021-07-09,SUZLON.NS,Suzlon Energy,Retail Hype / Turnaround,7.896639823913574,8.034372329711914,7.6211748123168945,7.804818153381348,7.804818153381348,54774926
2021-07-12,SUZLON.NS,Suzlon Energy,Retail Hype / Turnaround,7.896639823913574,7.942550182342529,7.529354095458984,7.6211748123168945,7.6211748123168945,44048911
2021-07-13,SUZLON.NS,Suzlon Energy,Retail Hype / Turnaround,7.667086124420166,7.712996959686279,7.253890037536621,7.3457112312316895,7.3457112312316895,47297613
2021-07-14,SUZLON.NS,Suzlon Energy,Retail Hype / Turnaround,7.299800872802734,7.529354095458984,7.162067890167236,7.253890037536621,7.253890037536621,52084242
2021-07-15,SUZLON.NS,Suzlon Energy,Retail Hype / Turnaround,7.299800872802734,7.575264930725098,7.207979202270508,7.529354095458984,7.529354095458984,94861559
2021-07-16,SUZLON.NS,Suzlon Energy,Retail Hype / Turnaround,7.437532901763916,7.483442783355713,7.253890037536621,7.299800872802734,7.299800872802734,30459806
2021-07-19,SUZLON.NS,Suzlon Energy,Retail Hype / Turnaround,7.162067890167236,7.299800872802734,7.024335861206055,7.070247173309326,7.070247173309326,45517767
2021-07-20,SUZLON.NS,Suzlon Energy,Retail Hype / Turnaround,7.1161580085754395,7.162067890167236,6.748871803283691,6.794783115386963,6.794783115386963,37887439
2021-07-22,SUZLON.NS,Suzlon Energy,Retail Hype / Turnaround,6.794783115386963,7.024335861206055,6.794783115386963,6.978425979614258,6.978425979614258,26479181
2021-07-23,SUZLON.NS,Suzlon Energy,Retail Hype / Turnaround,6.978425979614258,7.024335861206055,6.657051086425781,6.748871803283691,6.748871803283691,29521587
2021-07-26,SUZLON.NS,Suzlon Energy,Retail Hype / Turnaround,6.794783115386963,6.978425979614258,6.61113977432251,6.702960968017578,6.702960968017578,37078982
2021-07-27,SUZLON.NS,Suzlon Energy,Retail Hype / Turnaround,6.748871803283691,6.794783115386963,6.381587028503418,6.381587028503418,6.381587028503418,86459336
2021-07-28,SUZLON.NS,Suzlon Energy,Retail Hype / Turnaround,6.197944164276123,6.24385404586792,6.106122016906738,6.106122016906738,6.106122016906738,73537075
2021-07-29,SUZLON.NS,Suzlon Energy,Retail Hype / Turnaround,5.968389987945557,6.01430082321167,5.830657958984375,5.830657958984375,5.830657958984375,62083513
2021-07-30,SUZLON.NS,Suzlon Energy,Retail Hype / Turnaround,5.64701509475708,6.01430082321167,5.555193901062012,5.784748077392578,5.784748077392578,208602526
2021-08-02,SUZLON.NS,Suzlon Energy,Retail Hype / Turnaround,5.784748077392578,6.060212135314941,5.738836765289307,6.060212135314941,6.060212135314941,58972991
2021-08-03,SUZLON.NS,Suzlon Energy,Retail Hype / Turnaround,6.197944164276123,6.335676193237305,6.152032852172852,6.335676193237305,6.335676193237305,35112728
2021-08-04,SUZLON.NS,Suzlon Energy,Retail Hype / Turnaround,6.61113977432251,6.61113977432251,6.060212135314941,6.197944164276123,6.197944164276123,174611282
2021-08-05,SUZLON.NS,Suzlon Energy,Retail Hype / Turnaround,6.289764881134033,6.473408222198486,5.92248010635376,6.381587028503418,6.381587028503418,78699171
2021-08-06,SUZLON.NS,Suzlon Energy,Retail Hype / Turnaround,6.427496910095215,6.427496910095215,6.152032852172852,6.24385404586792,6.24385404586792,42847835
2021-08-09,SUZLON.NS,Suzlon Energy,Retail Hype / Turnaround,6.427496910095215,6.427496910095215,6.060212135314941,6.106122016906738,6.106122016906738,23145079
2021-08-10,SUZLON.NS,Suzlon Energy,Retail Hype / Turnaround,6.152032852172852,6.197944164276123,5.830657958984375,5.92248010635376,5.92248010635376,28290697
2021-08-11,SUZLON.NS,Suzlon Energy,Retail Hype / Turnaround,5.92248010635376,5.968389987945557,5.64701509475708,5.738836765289307,5.738836765289307,45478919
2021-08-12,SUZLON.NS,Suzlon Energy,Retail Hype / Turnaround,5.784748077392578,6.01430082321167,5.738836765289307,6.01430082321167,6.01430082321167,30394388
2021-08-13,SUZLON.NS,Suzlon Energy,Retail Hype / Turnaround,6.106122016906738,6.106122016906738,5.784748077392578,5.968389987945557,5.968389987945557,32698832
2021-08-16,SUZLON.NS,Suzlon Energy,Retail Hype / Turnaround,6.197944164276123,6.24385404586792,6.060212135314941,6.106122016906738,6.106122016906738,45779820
2021-08-17,SUZLON.NS,Suzlon Energy,Retail Hype / Turnaround,5.968389987945557,6.01430082321167,5.830657958984375,5.830657958984375,5.830657958984375,31193389
2021-08-18,SUZLON.NS,Suzlon Energy,Retail Hype / Turnaround,5.830657958984375,5.876568794250488,5.555193901062012,5.555193901062012,5.555193901062012,64352564
2021-08-20,SUZLON.NS,Suzlon Energy,Retail Hype / Turnaround,5.279729843139648,5.555193901062012,5.279729843139648,5.32564115524292,5.32564115524292,39830596
2021-08-23,SUZLON.NS,Suzlon Energy,Retail Hype / Turnaround,5.371551036834717,5.555193901062012,5.233819007873535,5.41746187210083,5.41746187210083,41314631
2021-08-24,SUZLON.NS,Suzlon Energy,Retail Hype / Turnaround,5.41746187210083,5.64701509475708,5.279729843139648,5.509283065795898,5.509283065795898,45216387
2021-08-25,SUZLON.NS,Suzlon Energy,Retail Hype / Turnaround,5.601105213165283,5.738836765289307,5.463373184204102,5.601105213165283,5.601105213165283,31701691
2021-08-26,SUZLON.NS,Suzlon Energy,Retail Hype / Turnaround,5.601105213165283,5.64701509475708,5.463373184204102,5.509283065795898,5.509283065795898,17221844
2021-08-27,SUZLON.NS,Suzlon Energy,Retail Hype / Turnaround,5.509283065795898,5.601105213165283,5.371551036834717,5.509283065795898,5.509283065795898,18838699
2021-08-30,SUZLON.NS,Suzlon Energy,Retail Hype / Turnaround,5.509283065795898,5.784748077392578,5.509283065795898,5.692925930023193,5.692925930023193,50848447
2021-08-31,SUZLON.NS,Suzlon Energy,Retail Hype / Turnaround,5.692925930023193,5.738836765289307,5.463373184204102,5.555193901062012,5.555193901062012,27335343
2021-09-01,SUZLON.NS,Suzlon Energy,Retail Hype / Turnaround,5.601105213165283,5.692925930023193,5.463373184204102,5.555193901062012,5.555193901062012,19130415
2021-09-02,SUZLON.NS,Suzlon Energy,Retail Hype / Turnaround,5.509283065795898,5.830657958984375,5.509283065795898,5.738836765289307,5.738836765289307,73599747
2021-09-03,SUZLON.NS,Suzlon Energy,Retail Hype / Turnaround,5.784748077392578,5.784748077392578,5.555193901062012,5.64701509475708,5.64701509475708,25627233
2021-09-06,SUZLON.NS,Suzlon Energy,Retail Hype / Turnaround,5.601105213165283,5.738836765289307,5.555193901062012,5.601105213165283,5.601105213165283,14543562
2021-09-07,SUZLON.NS,Suzlon Energy,Retail Hype / Turnaround,5.64701509475708,5.64701509475708,5.463373184204102,5.555193901062012,5.555193901062012,23805696
2021-09-08,SUZLON.NS,Suzlon Energy,Retail Hype / Turnaround,5.601105213165283,5.692925930023193,5.555193901062012,5.601105213165283,5.601105213165283,20166485
2021-09-09,SUZLON.NS,Suzlon Energy,Retail Hype / Turnaround,5.555193901062012,5.876568794250488,5.555193901062012,5.738836765289307,5.738836765289307,40506821
2021-09-13,SUZLON.NS,Suzlon Energy,Retail Hype / Turnaround,5.738836765289307,5.92248010635376,5.601105213165283,5.738836765289307,5.738836765289307,25326780
2021-09-14,SUZLON.NS,Suzlon Energy,Retail Hype / Turnaround,5.784748077392578,6.01430082321167,5.738836765289307,5.968389987945557,5.968389987945557,45673980
2021-09-15,SUZLON.NS,Suzlon Energy,Retail Hype / Turnaround,6.01430082321167,6.197944164276123,5.968389987945557,6.01430082321167,6.01430082321167,34450387
2021-09-16,SUZLON.NS,Suzlon Energy,Retail Hype / Turnaround,6.060212135314941,6.106122016906738,5.876568794250488,5.968389987945557,5.968389987945557,22599319
2021-09-17,SUZLON.NS,Suzlon Energy,Retail Hype / Turnaround,6.01430082321167,6.106122016906738,5.784748077392578,5.92248010635376,5.92248010635376,53231090
2021-09-20,SUZLON.NS,Suzlon Energy,Retail Hype / Turnaround,5.876568794250488,6.197944164276123,5.784748077392578,5.968389987945557,5.968389987945557,61052864
2021-09-21,SUZLON.NS,Suzlon Energy,Retail Hype / Turnaround,5.968389987945557,6.060212135314941,5.738836765289307,5.876568794250488,5.876568794250488,24699143
2021-09-22,SUZLON.NS,Suzlon Energy,Retail Hype / Turnaround,5.92248010635376,6.01430082321167,5.876568794250488,5.876568794250488,5.876568794250488,14851461
2021-09-23,SUZLON.NS,Suzlon Energy,Retail Hype / Turnaround,5.968389987945557,6.01430082321167,5.830657958984375,5.830657958984375,5.830657958984375,16661984
2021-09-24,SUZLON.NS,Suzlon Energy,Retail Hype / Turnaround,5.876568794250488,5.92248010635376,5.784748077392578,5.784748077392578,5.784748077392578,17168845
2021-09-27,SUZLON.NS,Suzlon Energy,Retail Hype / Turnaround,5.830657958984375,5.876568794250488,5.738836765289307,5.784748077392578,5.784748077392578,14656009
2021-09-28,SUZLON.NS,Suzlon Energy,Retail Hype / Turnaround,5.784748077392578,5.830657958984375,5.601105213165283,5.692925930023193,5.692925930023193,26870695
2021-09-29,SUZLON.NS,Suzlon Energy,Retail Hype / Turnaround,5.692925930023193,5.968389987945557,5.601105213165283,5.92248010635376,5.92248010635376,51139379
2021-09-30,SUZLON.NS,Suzlon Energy,Retail Hype / Turnaround,6.01430082321167,6.152032852172852,5.876568794250488,5.92248010635376,5.92248010635376,30088487
2021-10-01,SUZLON.NS,Suzlon Energy,Retail Hype / Turnaround,5.876568794250488,6.106122016906738,5.784748077392578,5.968389987945557,5.968389987945557,25044585
2021-10-04,SUZLON.NS,Suzlon Energy,Retail Hype / Turnaround,6.01430082321167,6.24385404586792,5.968389987945557,6.24385404586792,6.24385404586792,46183835
2021-10-05,SUZLON.NS,Suzlon Energy,Retail Hype / Turnaround,6.5193190574646,6.5193190574646,6.381587028503418,6.5193190574646,6.5193190574646,34489298
2021-10-06,SUZLON.NS,Suzlon Energy,Retail Hype / Turnaround,6.840693950653076,6.840693950653076,6.24385404586792,6.289764881134033,6.289764881134033,170326307
2021-10-07,SUZLON.NS,Suzlon Energy,Retail Hype / Turnaround,6.335676193237305,6.5652289390563965,6.289764881134033,6.5193190574646,6.5193190574646,61190375
2021-10-08,SUZLON.NS,Suzlon Energy,Retail Hype / Turnaround,6.61113977432251,6.748871803283691,6.5652289390563965,6.702960968017578,6.702960968017578,45120400
2021-10-11,SUZLON.NS,Suzlon Energy,Retail Hype / Turnaround,6.840693950653076,7.024335861206055,6.840693950653076,7.024335861206055,7.024335861206055,94647301
2021-10-12,SUZLON.NS,Suzlon Energy,Retail Hype / Turnaround,7.253890037536621,7.299800872802734,6.702960968017578,6.748871803283691,6.748871803283691,117932308
2021-10-13,SUZLON.NS,Suzlon Energy,Retail Hype / Turnaround,6.794783115386963,6.886603832244873,6.427496910095215,6.5193190574646,6.5193190574646,52144878
2021-10-14,SUZLON.NS,Suzlon Energy,Retail Hype / Turnaround,6.5652289390563965,6.657051086425781,6.427496910095215,6.473408222198486,6.473408222198486,47691101
2021-10-18,SUZLON.NS,Suzlon Energy,Retail Hype / Turnaround,6.5652289390563965,6.794783115386963,6.5193190574646,6.794783115386963,6.794783115386963,72025554
2021-10-19,SUZLON.NS,Suzlon Energy,Retail Hype / Turnaround,6.978425979614258,6.978425979614258,6.5193190574646,6.5652289390563965,6.5652289390563965,43689582
2021-10-20,SUZLON.NS,Suzlon Energy,Retail Hype / Turnaround,6.5652289390563965,6.61113977432251,6.289764881134033,6.427496910095215,6.427496910095215,28752262
2021-10-21,SUZLON.NS,Suzlon Energy,Retail Hype / Turnaround,6.5193190574646,6.657051086425781,6.427496910095215,6.5193190574646,6.5193190574646,22421373
2021-10-22,SUZLON.NS,Suzlon Energy,Retail Hype / Turnaround,6.61113977432251,6.657051086425781,6.427496910095215,6.473408222198486,6.473408222198486,18048809
2021-10-25,SUZLON.NS,Suzlon Energy,Retail Hype / Turnaround,6.5193190574646,6.5652289390563965,6.152032852172852,6.335676193237305,6.335676193237305,22141652
2021-10-26,SUZLON.NS,Suzlon Energy,Retail Hype / Turnaround,6.381587028503418,6.5652289390563965,6.335676193237305,6.473408222198486,6.473408222198486,18074253
2021-10-27,SUZLON.NS,Suzlon Energy,Retail Hype / Turnaround,6.5193190574646,6.5193190574646,6.381587028503418,6.381587028503418,6.381587028503418,11519622
2021-10-28,SUZLON.NS,Suzlon Energy,Retail Hype / Turnaround,6.427496910095215,6.427496910095215,6.152032852172852,6.197944164276123,6.197944164276123,24709500
2021-10-29,SUZLON.NS,Suzlon Energy,Retail Hype / Turnaround,6.24385404586792,6.289764881134033,6.01430082321167,6.197944164276123,6.197944164276123,18822393
2021-11-01,SUZLON.NS,Suzlon Energy,Retail Hype / Turnaround,6.335676193237305,6.473408222198486,6.289764881134033,6.473408222198486,6.473408222198486,16995985
2021-11-02,SUZLON.NS,Suzlon Energy,Retail Hype / Turnaround,6.427496910095215,6.5652289390563965,6.335676193237305,6.427496910095215,6.427496910095215,20200347
2021-11-03,SUZLON.NS,Suzlon Energy,Retail Hype / Turnaround,6.473408222198486,6.5652289390563965,6.381587028503418,6.381587028503418,6.381587028503418,12999378
2021-11-04,SUZLON.NS,Suzlon Energy,Retail Hype / Turnaround,6.473408222198486,6.5652289390563965,6.427496910095215,6.5193190574646,6.5193190574646,8519925
2021-11-08,SUZLON.NS,Suzlon Energy,Retail Hype / Turnaround,6.5652289390563965,6.794783115386963,6.5193190574646,6.61113977432251,6.61113977432251,29186638
2021-11-09,SUZLON.NS,Suzlon Energy,Retail Hype / Turnaround,6.657051086425781,6.657051086425781,6.473408222198486,6.5193190574646,6.5193190574646,17805129
2021-11-10,SUZLON.NS,Suzlon Energy,Retail Hype / Turnaround,6.5193190574646,6.5193190574646,6.381587028503418,6.427496910095215,6.427496910095215,19669185
2021-11-11,SUZLON.NS,Suzlon Energy,Retail Hype / Turnaround,6.473408222198486,6.5193190574646,6.427496910095215,6.5193190574646,6.5193190574646,15289038
2021-11-12,SUZLON.NS,Suzlon Energy,Retail Hype / Turnaround,6.5193190574646,6.702960968017578,6.473408222198486,6.5193190574646,6.5193190574646,31403531
2021-11-15,SUZLON.NS,Suzlon Energy,Retail Hype / Turnaround,6.61113977432251,6.61113977432251,6.335676193237305,6.381587028503418,6.381587028503418,23019382
2021-11-16,SUZLON.NS,Suzlon Energy,Retail Hype / Turnaround,6.427496910095215,6.657051086425781,6.335676193237305,6.427496910095215,6.427496910095215,65609846
2021-11-17,SUZLON.NS,Suzlon Energy,Retail Hype / Turnaround,6.381587028503418,6.473408222198486,6.381587028503418,6.381587028503418,6.381587028503418,22433923
2021-11-18,SUZLON.NS,Suzlon Energy,Retail Hype / Turnaround,6.427496910095215,6.5652289390563965,6.24385404586792,6.335676193237305,6.335676193237305,28035931
2021-11-22,SUZLON.NS,Suzlon Energy,Retail Hype / Turnaround,6.427496910095215,6.473408222198486,6.24385404586792,6.289764881134033,6.289764881134033,26141156
2021-11-23,SUZLON.NS,Suzlon Energy,Retail Hype / Turnaround,6.289764881134033,6.381587028503418,6.197944164276123,6.335676193237305,6.335676193237305,20164854
2021-11-24,SUZLON.NS,Suzlon Energy,Retail Hype / Turnaround,6.381587028503418,6.5193190574646,6.289764881134033,6.381587028503418,6.381587028503418,30740486
2021-11-25,SUZLON.NS,Suzlon Energy,Retail Hype / Turnaround,6.427496910095215,6.5193190574646,6.381587028503418,6.473408222198486,6.473408222198486,22382639
2021-11-26,SUZLON.NS,Suzlon Energy,Retail Hype / Turnaround,6.473408222198486,6.473408222198486,6.24385404586792,6.289764881134033,6.289764881134033,29987394
2021-11-29,SUZLON.NS,Suzlon Energy,Retail Hype / Turnaround,6.289764881134033,6.335676193237305,6.01430082321167,6.060212135314941,6.060212135314941,26310252
2021-11-30,SUZLON.NS,Suzlon Energy,Retail Hype / Turnaround,6.106122016906738,6.335676193237305,6.060212135314941,6.289764881134033,6.289764881134033,119850221
2021-12-01,SUZLON.NS,Suzlon Energy,Retail Hype / Turnaround,6.427496910095215,6.5652289390563965,6.335676193237305,6.5652289390563965,6.5652289390563965,46093547
2021-12-02,SUZLON.NS,Suzlon Energy,Retail Hype / Turnaround,6.794783115386963,6.794783115386963,6.427496910095215,6.473408222198486,6.473408222198486,60070531
2021-12-03,SUZLON.NS,Suzlon Energy,Retail Hype / Turnaround,6.473408222198486,6.5193190574646,6.381587028503418,6.427496910095215,6.427496910095215,18691564
2021-12-06,SUZLON.NS,Suzlon Energy,Retail Hype / Turnaround,6.427496910095215,6.61113977432251,6.381587028503418,6.427496910095215,6.427496910095215,46211263
2021-12-07,SUZLON.NS,Suzlon Energy,Retail Hype / Turnaround,6.473408222198486,6.5652289390563965,6.427496910095215,6.427496910095215,6.427496910095215,30752823
2021-12-08,SUZLON.NS,Suzlon Energy,Retail Hype / Turnaround,6.473408222198486,6.748871803283691,6.473408222198486,6.5652289390563965,6.5652289390563965,54215976
2021-12-09,SUZLON.NS,Suzlon Energy,Retail Hype / Turnaround,6.61113977432251,6.886603832244873,6.5193190574646,6.886603832244873,6.886603832244873,111953674
2021-12-10,SUZLON.NS,Suzlon Energy,Retail Hype / Turnaround,7.070247173309326,7.207979202270508,7.024335861206055,7.207979202270508,7.207979202270508,129679444
2021-12-13,SUZLON.NS,Suzlon Energy,Retail Hype / Turnaround,7.253890037536621,7.3457112312316895,6.886603832244873,6.886603832244873,6.886603832244873,83981488
2021-12-14,SUZLON.NS,Suzlon Energy,Retail Hype / Turnaround,6.840693950653076,6.9325151443481445,6.61113977432251,6.702960968017578,6.702960968017578,55297886
2021-12-15,SUZLON.NS,Suzlon Energy,Retail Hype / Turnaround,6.657051086425781,6.840693950653076,6.61113977432251,6.702960968017578,6.702960968017578,39333011
2021-12-16,SUZLON.NS,Suzlon Energy,Retail Hype / Turnaround,6.702960968017578,6.748871803283691,6.381587028503418,6.473408222198486,6.473408222198486,93592977
2021-12-17,SUZLON.NS,Suzlon Energy,Retail Hype / Turnaround,6.5193190574646,6.5193190574646,6.152032852172852,6.24385404586792,6.24385404586792,51963964
2021-12-20,SUZLON.NS,Suzlon Energy,Retail Hype / Turnaround,6.24385404586792,6.5193190574646,6.060212135314941,6.5193190574646,6.5193190574646,54635386
2021-12-21,SUZLON.NS,Suzlon Energy,Retail Hype / Turnaround,6.702960968017578,6.840693950653076,6.702960968017578,6.840693950653076,6.840693950653076,40594997
2021-12-22,SUZLON.NS,Suzlon Energy,Retail Hype / Turnaround,7.162067890167236,7.162067890167236,7.162067890167236,7.162067890167236,7.162067890167236,8453530
2021-12-23,SUZLON.NS,Suzlon Energy,Retail Hype / Turnaround,7.483442783355713,7.483442783355713,7.070247173309326,7.1161580085754395,7.1161580085754395,155534785
2021-12-24,SUZLON.NS,Suzlon Energy,Retail Hype / Turnaround,7.207979202270508,7.437532901763916,6.840693950653076,7.437532901763916,7.437532901763916,83524748
2021-12-27,SUZLON.NS,Suzlon Energy,Retail Hype / Turnaround,7.712996959686279,7.804818153381348,7.6211748123168945,7.804818153381348,7.804818153381348,30261163
2021-12-28,SUZLON.NS,Suzlon Energy,Retail Hype / Turnaround,8.172103881835938,8.172103881835938,8.172103881835938,8.172103881835938,8.172103881835938,5379693
2021-12-29,SUZLON.NS,Suzlon Energy,Retail Hype / Turnaround,8.539388656616211,8.539388656616211,8.080282211303711,8.539388656616211,8.539388656616211,258718538
2021-12-30,SUZLON.NS,Suzlon Energy,Retail Hype / Turnaround,8.860763549804688,8.95258617401123,8.768942832946777,8.95258617401123,8.95258617401123,71452553
2021-12-31,SUZLON.NS,Suzlon Energy,Retail Hype / Turnaround,9.228050231933594,9.365781784057617,9.090317726135254,9.365781784057617,9.365781784057617,49348999
2022-01-03,SUZLON.NS,Suzlon Energy,Retail Hype / Turnaround,9.824889183044434,9.824889183044434,9.64124584197998,9.824889183044434,9.824889183044434,41196415
2022-01-04,SUZLON.NS,Suzlon Energy,Retail Hype / Turnaround,10.00853157043457,10.283995628356934,9.365781784057617,9.365781784057617,9.365781784057617,311094536
2022-01-05,SUZLON.NS,Suzlon Energy,Retail Hype / Turnaround,9.090317726135254,9.136228561401367,8.906675338745117,8.906675338745117,8.906675338745117,54050718
2022-01-06,SUZLON.NS,Suzlon Energy,Retail Hype / Turnaround,8.631211280822754,9.319870948791504,8.539388656616211,9.319870948791504,9.319870948791504,130312980
2022-01-07,SUZLON.NS,Suzlon Energy,Retail Hype / Turnaround,9.77897834777832,9.77897834777832,9.595335006713867,9.77897834777832,9.77897834777832,121793168
2022-01-10,SUZLON.NS,Suzlon Energy,Retail Hype / Turnaround,10.23808479309082,10.23808479309082,10.23808479309082,10.23808479309082,10.23808479309082,9609523
2022-01-11,SUZLON.NS,Suzlon Energy,Retail Hype / Turnaround,10.74310302734375,10.74310302734375,9.916709899902344,10.74310302734375,10.74310302734375,277445048
2022-01-12,SUZLON.NS,Suzlon Energy,Retail Hype / Turnaround,11.018567085266113,11.24812126159668,10.421728134155273,11.24812126159668,11.24812126159668,391626949
2022-01-13,SUZLON.NS,Suzlon Energy,Retail Hype / Turnaround,11.24812126159668,11.24812126159668,10.697192192077637,10.697192192077637,10.697192192077637,266515426
2022-01-14,SUZLON.NS,Suzlon Energy,Retail Hype / Turnaround,10.559459686279297,11.202210426330566,10.329907417297363,11.202210426330566,11.202210426330566,150334604
2022-01-17,SUZLON.NS,Suzlon Energy,Retail Hype / Turnaround,11.4317626953125,11.753137588500977,11.385852813720703,11.753137588500977,11.753137588500977,53628859
2022-01-18,SUZLON.NS,Suzlon Energy,Retail Hype / Turnaround,11.753137588500977,12.028602600097656,11.202210426330566,11.202210426330566,11.202210426330566,185528899
2022-01-19,SUZLON.NS,Suzlon Energy,Retail Hype / Turnaround,10.880834579467773,10.97265625,10.65128231048584,10.65128231048584,10.65128231048584,121663524
2022-01-20,SUZLON.NS,Suzlon Energy,Retail Hype / Turnaround,10.513548851013184,11.156298637390137,10.467638969421387,11.156298637390137,11.156298637390137,119197879
2022-01-21,SUZLON.NS,Suzlon Energy,Retail Hype / Turnaround,11.294031143188477,11.569496154785156,10.605371475219727,10.697192192077637,10.697192192077637,136301845
2022-01-24,SUZLON.NS,Suzlon Energy,Retail Hype / Turnaround,10.789013862609863,11.11038875579834,10.192174911499023,10.192174911499023,10.192174911499023,83699335
2022-01-25,SUZLON.NS,Suzlon Energy,Retail Hype / Turnaround,9.77897834777832,10.23808479309082,9.687156677246094,10.100353240966797,10.100353240966797,159617016
2022-01-27,SUZLON.NS,Suzlon Energy,Retail Hype / Turnaround,9.962620735168457,10.605371475219727,9.824889183044434,10.605371475219727,10.605371475219727,100137790
2022-01-28,SUZLON.NS,Suzlon Energy,Retail Hype / Turnaround,10.97265625,11.064477920532227,10.421728134155273,10.467638969421387,10.467638969421387,93823259
2022-01-31,SUZLON.NS,Suzlon Energy,Retail Hype / Turnaround,10.97265625,10.97265625,10.97265625,10.97265625,10.97265625,17497600
2022-02-01,SUZLON.NS,Suzlon Energy,Retail Hype / Turnaround,11.477673530578613,11.477673530578613,10.605371475219727,11.294031143188477,11.294031143188477,251679689
2022-02-02,SUZLON.NS,Suzlon Energy,Retail Hype / Turnaround,11.477673530578613,11.477673530578613,10.83492374420166,10.926746368408203,10.926746368408203,73232788
2022-02-03,SUZLON.NS,Suzlon Energy,Retail Hype / Turnaround,10.789013862609863,11.156298637390137,10.559459686279297,10.83492374420166,10.83492374420166,57559872
2022-02-04,SUZLON.NS,Suzlon Energy,Retail Hype / Turnaround,10.880834579467773,10.97265625,10.605371475219727,10.65128231048584,10.65128231048584,39381064
2022-02-07,SUZLON.NS,Suzlon Energy,Retail Hype / Turnaround,10.697192192077637,10.83492374420166,10.14626407623291,10.192174911499023,10.192174911499023,90308091
2022-02-08,SUZLON.NS,Suzlon Energy,Retail Hype / Turnaround,10.192174911499023,10.23808479309082,9.687156677246094,9.687156677246094,9.687156677246094,131369050
2022-02-09,SUZLON.NS,Suzlon Energy,Retail Hype / Turnaround,9.733068466186523,9.962620735168457,9.319870948791504,9.733068466186523,9.733068466186523,84351614
2022-02-10,SUZLON.NS,Suzlon Energy,Retail Hype / Turnaround,9.77897834777832,10.100353240966797,9.457603454589844,9.687156677246094,9.687156677246094,88127485
2022-02-11,SUZLON.NS,Suzlon Energy,Retail Hype / Turnaround,9.595335006713867,9.824889183044434,9.457603454589844,9.503514289855957,9.503514289855957,39577212
2022-02-14,SUZLON.NS,Suzlon Energy,Retail Hype / Turnaround,9.090317726135254,9.228050231933594,9.04440689086914,9.04440689086914,9.04440689086914,71226376
2022-02-15,SUZLON.NS,Suzlon Energy,Retail Hype / Turnaround,8.81485366821289,8.998496055603027,8.631211280822754,8.906675338745117,8.906675338745117,132689141
2022-02-16,SUZLON.NS,Suzlon Energy,Retail Hype / Turnaround,8.998496055603027,9.319870948791504,8.998496055603027,9.319870948791504,9.319870948791504,64171205
2022-02-17,SUZLON.NS,Suzlon Energy,Retail Hype / Turnaround,9.595335006713867,9.77897834777832,9.54942512512207,9.77897834777832,9.77897834777832,43878698
2022-02-18,SUZLON.NS,Suzlon Energy,Retail Hype / Turnaround,10.00853157043457,10.00853157043457,9.319870948791504,9.319870948791504,9.319870948791504,52984568
2022-02-21,SUZLON.NS,Suzlon Energy,Retail Hype / Turnaround,8.95258617401123,9.136228561401367,8.860763549804688,8.860763549804688,8.860763549804688,105586087
2022-02-22,SUZLON.NS,Suzlon Energy,Retail Hype / Turnaround,8.4475679397583,8.539388656616211,8.4475679397583,8.4475679397583,8.4475679397583,58402373
2022-02-23,SUZLON.NS,Suzlon Energy,Retail Hype / Turnaround,8.35574722290039,8.860763549804688,8.35574722290039,8.723031997680664,8.723031997680664,70749228
2022-02-24,SUZLON.NS,Suzlon Energy,Retail Hype / Turnaround,8.309836387634277,8.35574722290039,8.309836387634277,8.309836387634277,8.309836387634277,26215305
2022-02-25,SUZLON.NS,Suzlon Energy,Retail Hype / Turnaround,8.126193046569824,8.539388656616211,8.126193046569824,8.263924598693848,8.263924598693848,59690001
2022-02-28,SUZLON.NS,Suzlon Energy,Retail Hype / Turnaround,8.4475679397583,8.677122116088867,7.942550182342529,8.631211280822754,8.631211280822754,78301723
2022-03-02,SUZLON.NS,Suzlon Energy,Retail Hype / Turnaround,8.539388656616211,9.04440689086914,8.401657104492188,8.95258617401123,8.95258617401123,63563238
2022-03-03,SUZLON.NS,Suzlon Energy,Retail Hype / Turnaround,9.18213939666748,9.319870948791504,8.95258617401123,9.090317726135254,9.090317726135254,62947717
2022-03-04,SUZLON.NS,Suzlon Energy,Retail Hype / Turnaround,9.136228561401367,9.503514289855957,9.04440689086914,9.319870948791504,9.319870948791504,61600842
2022-03-07,SUZLON.NS,Suzlon Energy,Retail Hype / Turnaround,8.998496055603027,9.04440689086914,8.860763549804688,8.860763549804688,8.860763549804688,49875138
2022-03-08,SUZLON.NS,Suzlon Energy,Retail Hype / Turnaround,8.768942832946777,9.136228561401367,8.631211280822754,8.906675338745117,8.906675338745117,44602536
2022-03-09,SUZLON.NS,Suzlon Energy,Retail Hype / Turnaround,8.998496055603027,9.273961067199707,8.95258617401123,9.136228561401367,9.136228561401367,42459616
2022-03-10,SUZLON.NS,Suzlon Energy,Retail Hype / Turnaround,9.273961067199707,9.365781784057617,9.090317726135254,9.228050231933594,9.228050231933594,23126624
2022-03-11,SUZLON.NS,Suzlon Energy,Retail Hype / Turnaround,9.273961067199707,9.457603454589844,9.090317726135254,9.136228561401367,9.136228561401367,26920364
2022-03-14,SUZLON.NS,Suzlon Energy,Retail Hype / Turnaround,9.18213939666748,9.228050231933594,8.95258617401123,8.95258617401123,8.95258617401123,19289369
2022-03-15,SUZLON.NS,Suzlon Energy,Retail Hype / Turnaround,9.04440689086914,9.365781784057617,8.860763549804688,8.998496055603027,8.998496055603027,44760228
2022-03-16,SUZLON.NS,Suzlon Energy,Retail Hype / Turnaround,9.273961067199707,9.319870948791504,9.090317726135254,9.18213939666748,9.18213939666748,21444706
2022-03-17,SUZLON.NS,Suzlon Energy,Retail Hype / Turnaround,9.273961067199707,9.319870948791504,8.768942832946777,8.95258617401123,8.95258617401123,45310735
2022-03-21,SUZLON.NS,Suzlon Energy,Retail Hype / Turnaround,9.04440689086914,9.04440689086914,8.723031997680664,8.81485366821289,8.81485366821289,24043806
2022-03-22,SUZLON.NS,Suzlon Energy,Retail Hype / Turnaround,8.860763549804688,8.906675338745117,8.677122116088867,8.723031997680664,8.723031997680664,16878531
2022-03-23,SUZLON.NS,Suzlon Energy,Retail Hype / Turnaround,8.81485366821289,8.860763549804688,8.631211280822754,8.677122116088867,8.677122116088867,14010024
2022-03-24,SUZLON.NS,Suzlon Energy,Retail Hype / Turnaround,8.631211280822754,8.768942832946777,8.493478775024414,8.539388656616211,8.539388656616211,30744338
2022-03-25,SUZLON.NS,Suzlon Energy,Retail Hype / Turnaround,8.58530044555664,8.906675338745117,8.539388656616211,8.58530044555664,8.58530044555664,29769190
2022-03-28,SUZLON.NS,Suzlon Energy,Retail Hype / Turnaround,8.58530044555664,8.631211280822754,8.309836387634277,8.35574722290039,8.35574722290039,24602601
2022-03-29,SUZLON.NS,Suzlon Energy,Retail Hype / Turnaround,8.35574722290039,8.768942832946777,8.21801471710205,8.493478775024414,8.493478775024414,62030889
2022-03-30,SUZLON.NS,Suzlon Energy,Retail Hype / Turnaround,8.58530044555664,8.860763549804688,8.539388656616211,8.58530044555664,8.58530044555664,34509238
2022-03-31,SUZLON.NS,Suzlon Energy,Retail Hype / Turnaround,8.631211280822754,8.677122116088867,8.35574722290039,8.401657104492188,8.401657104492188,21918093
2022-04-01,SUZLON.NS,Suzlon Energy,Retail Hype / Turnaround,8.4475679397583,8.81485366821289,8.401657104492188,8.677122116088867,8.677122116088867,24948590
2022-04-04,SUZLON.NS,Suzlon Energy,Retail Hype / Turnaround,8.906675338745117,9.090317726135254,8.860763549804688,9.090317726135254,9.090317726135254,31758971
2022-04-05,SUZLON.NS,Suzlon Energy,Retail Hype / Turnaround,9.503514289855957,9.503514289855957,9.503514289855957,9.503514289855957,9.503514289855957,7341853
2022-04-06,SUZLON.NS,Suzlon Energy,Retail Hype / Turnaround,9.962620735168457,9.962620735168457,9.962620735168457,9.962620735168457,9.962620735168457,6026940
2022-04-07,SUZLON.NS,Suzlon Energy,Retail Hype / Turnaround,10.37581729888916,10.926746368408203,9.962620735168457,10.789013862609863,10.789013862609863,248907585
2022-04-08,SUZLON.NS,Suzlon Energy,Retail Hype / Turnaround,11.294031143188477,11.33994197845459,10.789013862609863,10.97265625,10.97265625,90252489
2022-04-11,SUZLON.NS,Suzlon Energy,Retail Hype / Turnaround,11.064477920532227,11.202210426330566,10.054442405700684,10.192174911499023,10.192174911499023,99573766
2022-04-12,SUZLON.NS,Suzlon Energy,Retail Hype / Turnaround,10.100353240966797,10.65128231048584,9.77897834777832,10.421728134155273,10.421728134155273,97085566
2022-04-13,SUZLON.NS,Suzlon Energy,Retail Hype / Turnaround,10.65128231048584,10.74310302734375,10.192174911499023,10.283995628356934,10.283995628356934,41222835
2022-04-18,SUZLON.NS,Suzlon Energy,Retail Hype / Turnaround,10.192174911499023,10.559459686279297,9.916709899902344,10.100353240966797,10.100353240966797,55239341
2022-04-19,SUZLON.NS,Suzlon Energy,Retail Hype / Turnaround,10.23808479309082,10.697192192077637,9.54942512512207,9.77897834777832,9.77897834777832,69019057
2022-04-20,SUZLON.NS,Suzlon Energy,Retail Hype / Turnaround,9.733068466186523,10.192174911499023,9.687156677246094,9.870800018310547,9.870800018310547,28715807
2022-04-21,SUZLON.NS,Suzlon Energy,Retail Hype / Turnaround,10.100353240966797,10.329907417297363,10.00853157043457,10.192174911499023,10.192174911499023,45235675
2022-04-22,SUZLON.NS,Suzlon Energy,Retail Hype / Turnaround,10.100353240966797,10.513548851013184,10.054442405700684,10.100353240966797,10.100353240966797,77790594
2022-04-25,SUZLON.NS,Suzlon Energy,Retail Hype / Turnaround,10.00853157043457,10.14626407623291,9.687156677246094,9.77897834777832,9.77897834777832,52529473
2022-04-26,SUZLON.NS,Suzlon Energy,Retail Hype / Turnaround,9.962620735168457,10.00853157043457,9.733068466186523,9.824889183044434,9.824889183044434,28614498
2022-04-27,SUZLON.NS,Suzlon Energy,Retail Hype / Turnaround,9.687156677246094,9.77897834777832,9.228050231933594,9.457603454589844,9.457603454589844,43741270
2022-04-28,SUZLON.NS,Suzlon Energy,Retail Hype / Turnaround,9.595335006713867,9.595335006713867,9.04440689086914,9.228050231933594,9.228050231933594,35656817
2022-04-29,SUZLON.NS,Suzlon Energy,Retail Hype / Turnaround,9.273961067199707,9.64124584197998,9.136228561401367,9.18213939666748,9.18213939666748,49137493
2022-05-02,SUZLON.NS,Suzlon Energy,Retail Hype / Turnaround,8.95258617401123,9.319870948791504,8.906675338745117,9.18213939666748,9.18213939666748,20799448
2022-05-04,SUZLON.NS,Suzlon Energy,Retail Hype / Turnaround,9.273961067199707,9.503514289855957,8.81485366821289,8.998496055603027,8.998496055603027,42537011
2022-05-05,SUZLON.NS,Suzlon Energy,Retail Hype / Turnaround,9.04440689086914,9.18213939666748,8.860763549804688,8.95258617401123,8.95258617401123,21717500
2022-05-06,SUZLON.NS,Suzlon Energy,Retail Hype / Turnaround,8.81485366821289,9.136228561401367,8.58530044555664,8.95258617401123,8.95258617401123,33139769
2022-05-09,SUZLON.NS,Suzlon Energy,Retail Hype / Turnaround,9.04440689086914,9.136228561401367,8.768942832946777,8.906675338745117,8.906675338745117,26148614
2022-05-10,SUZLON.NS,Suzlon Energy,Retail Hype / Turnaround,8.81485366821289,9.090317726135254,8.723031997680664,8.723031997680664,8.723031997680664,29450568
2022-05-11,SUZLON.NS,Suzlon Energy,Retail Hype / Turnaround,8.81485366821289,8.906675338745117,8.309836387634277,8.4475679397583,8.4475679397583,39505746
2022-05-12,SUZLON.NS,Suzlon Energy,Retail Hype / Turnaround,8.35574722290039,8.35574722290039,7.850728988647461,7.896639823913574,7.896639823913574,38404832
2022-05-13,SUZLON.NS,Suzlon Energy,Retail Hype / Turnaround,8.034372329711914,8.4475679397583,7.988461017608643,8.080282211303711,8.080282211303711,39423244
2022-05-16,SUZLON.NS,Suzlon Energy,Retail Hype / Turnaround,8.263924598693848,8.35574722290039,8.080282211303711,8.21801471710205,8.21801471710205,25010491
2022-05-17,SUZLON.NS,Suzlon Energy,Retail Hype / Turnaround,8.309836387634277,8.906675338745117,8.263924598693848,8.723031997680664,8.723031997680664,59054733
2022-05-18,SUZLON.NS,Suzlon Energy,Retail Hype / Turnaround,8.81485366821289,8.860763549804688,8.493478775024414,8.58530044555664,8.58530044555664,39928263
2022-05-19,SUZLON.NS,Suzlon Energy,Retail Hype / Turnaround,8.309836387634277,8.401657104492188,8.126193046569824,8.172103881835938,8.172103881835938,29699715
2022-05-20,SUZLON.NS,Suzlon Energy,Retail Hype / Turnaround,8.401657104492188,8.493478775024414,8.263924598693848,8.401657104492188,8.401657104492188,22691301
2022-05-23,SUZLON.NS,Suzlon Energy,Retail Hype / Turnaround,8.493478775024414,8.539388656616211,8.263924598693848,8.309836387634277,8.309836387634277,22144567
2022-05-24,SUZLON.NS,Suzlon Energy,Retail Hype / Turnaround,8.309836387634277,8.539388656616211,8.21801471710205,8.309836387634277,8.309836387634277,24582631
2022-05-25,SUZLON.NS,Suzlon Energy,Retail Hype / Turnaround,8.401657104492188,8.4475679397583,7.942550182342529,7.988461017608643,7.988461017608643,39090739
2022-05-26,SUZLON.NS,Suzlon Energy,Retail Hype / Turnaround,7.391622066497803,7.529354095458984,7.207979202270508,7.207979202270508,7.207979202270508,98937792
2022-05-27,SUZLON.NS,Suzlon Energy,Retail Hype / Turnaround,7.207979202270508,7.299800872802734,6.9325151443481445,7.070247173309326,7.070247173309326,50417647
2022-05-30,SUZLON.NS,Suzlon Energy,Retail Hype / Turnaround,7.162067890167236,7.758907794952393,7.1161580085754395,7.299800872802734,7.299800872802734,62629275
2022-05-31,SUZLON.NS,Suzlon Energy,Retail Hype / Turnaround,7.391622066497803,7.988461017608643,6.794783115386963,7.850728988647461,7.850728988647461,149684317
2022-06-01,SUZLON.NS,Suzlon Energy,Retail Hype / Turnaround,8.172103881835938,8.631211280822754,8.034372329711914,8.631211280822754,8.631211280822754,86673026
2022-06-02,SUZLON.NS,Suzlon Energy,Retail Hype / Turnaround,8.58530044555664,9.41169261932373,8.539388656616211,8.998496055603027,8.998496055603027,145174477
2022-06-03,SUZLON.NS,Suzlon Energy,Retail Hype / Turnaround,9.090317726135254,9.136228561401367,8.263924598693848,8.35574722290039,8.35574722290039,64909514
2022-06-06,SUZLON.NS,Suzlon Energy,Retail Hype / Turnaround,8.263924598693848,8.401657104492188,7.529354095458984,7.575264930725098,7.575264930725098,117612609
2022-06-07,SUZLON.NS,Suzlon Energy,Retail Hype / Turnaround,7.299800872802734,7.6211748123168945,7.299800872802734,7.437532901763916,7.437532901763916,53824542
2022-06-08,SUZLON.NS,Suzlon Energy,Retail Hype / Turnaround,7.391622066497803,7.667086124420166,7.299800872802734,7.483442783355713,7.483442783355713,52179602
2022-06-09,SUZLON.NS,Suzlon Energy,Retail Hype / Turnaround,7.437532901763916,8.21801471710205,7.437532901763916,8.172103881835938,8.172103881835938,81416975
2022-06-10,SUZLON.NS,Suzlon Energy,Retail Hype / Turnaround,7.942550182342529,8.126193046569824,7.667086124420166,7.896639823913574,7.896639823913574,49864199
2022-06-13,SUZLON.NS,Suzlon Energy,Retail Hype / Turnaround,7.667086124420166,7.667086124420166,7.3457112312316895,7.483442783355713,7.483442783355713,32245100
2022-06-14,SUZLON.NS,Suzlon Energy,Retail Hype / Turnaround,7.437532901763916,7.804818153381348,7.391622066497803,7.6211748123168945,7.6211748123168945,23850553
2022-06-15,SUZLON.NS,Suzlon Energy,Retail Hype / Turnaround,7.712996959686279,7.758907794952393,7.391622066497803,7.437532901763916,7.437532901763916,37014534
2022-06-16,SUZLON.NS,Suzlon Energy,Retail Hype / Turnaround,7.667086124420166,7.667086124420166,7.070247173309326,7.1161580085754395,7.1161580085754395,46198820
2022-06-17,SUZLON.NS,Suzlon Energy,Retail Hype / Turnaround,7.024335861206055,7.3457112312316895,6.9325151443481445,7.070247173309326,7.070247173309326,50798637
2022-06-20,SUZLON.NS,Suzlon Energy,Retail Hype / Turnaround,7.162067890167236,7.253890037536621,6.427496910095215,6.5193190574646,6.5193190574646,65620328
2022-06-21,SUZLON.NS,Suzlon Energy,Retail Hype / Turnaround,6.657051086425781,6.978425979614258,6.61113977432251,6.840693950653076,6.840693950653076,50213509
2022-06-22,SUZLON.NS,Suzlon Energy,Retail Hype / Turnaround,6.794783115386963,6.794783115386963,6.473408222198486,6.5652289390563965,6.5652289390563965,56647243
2022-06-23,SUZLON.NS,Suzlon Energy,Retail Hype / Turnaround,6.61113977432251,6.794783115386963,6.5193190574646,6.61113977432251,6.61113977432251,40258884
2022-06-24,SUZLON.NS,Suzlon Energy,Retail Hype / Turnaround,6.748871803283691,6.794783115386963,6.5193190574646,6.61113977432251,6.61113977432251,46409469
2022-06-27,SUZLON.NS,Suzlon Energy,Retail Hype / Turnaround,6.794783115386963,6.794783115386963,6.5652289390563965,6.5652289390563965,6.5652289390563965,36532515
2022-06-28,SUZLON.NS,Suzlon Energy,Retail Hype / Turnaround,6.5652289390563965,6.702960968017578,6.427496910095215,6.473408222198486,6.473408222198486,40481723
2022-06-29,SUZLON.NS,Suzlon Energy,Retail Hype / Turnaround,6.381587028503418,6.5652289390563965,6.335676193237305,6.381587028503418,6.381587028503418,30345339
2022-06-30,SUZLON.NS,Suzlon Energy,Retail Hype / Turnaround,6.427496910095215,6.5193190574646,6.24385404586792,6.289764881134033,6.289764881134033,37691160
2022-07-01,SUZLON.NS,Suzlon Energy,Retail Hype / Turnaround,6.197944164276123,6.381587028503418,6.152032852172852,6.197944164276123,6.197944164276123,39373009
2022-07-04,SUZLON.NS,Suzlon Energy,Retail Hype / Turnaround,6.24385404586792,6.335676193237305,6.060212135314941,6.106122016906738,6.106122016906738,33633859
2022-07-05,SUZLON.NS,Suzlon Energy,Retail Hype / Turnaround,6.152032852172852,6.335676193237305,6.060212135314941,6.106122016906738,6.106122016906738,50660397
2022-07-06,SUZLON.NS,Suzlon Energy,Retail Hype / Turnaround,6.152032852172852,6.197944164276123,6.01430082321167,6.060212135314941,6.060212135314941,46884344
2022-07-07,SUZLON.NS,Suzlon Energy,Retail Hype / Turnaround,6.152032852172852,6.197944164276123,6.01430082321167,6.060212135314941,6.060212135314941,37764403
2022-07-08,SUZLON.NS,Suzlon Energy,Retail Hype / Turnaround,6.152032852172852,6.289764881134033,6.01430082321167,6.106122016906738,6.106122016906738,54532270
2022-07-11,SUZLON.NS,Suzlon Energy,Retail Hype / Turnaround,6.106122016906738,6.24385404586792,6.106122016906738,6.152032852172852,6.152032852172852,41340050
2022-07-12,SUZLON.NS,Suzlon Energy,Retail Hype / Turnaround,6.152032852172852,6.335676193237305,6.106122016906738,6.197944164276123,6.197944164276123,52055033
2022-07-13,SUZLON.NS,Suzlon Energy,Retail Hype / Turnaround,6.289764881134033,6.335676193237305,5.876568794250488,5.92248010635376,5.92248010635376,73731668
2022-07-14,SUZLON.NS,Suzlon Energy,Retail Hype / Turnaround,5.968389987945557,6.01430082321167,5.64701509475708,5.830657958984375,5.830657958984375,72045083
2022-07-15,SUZLON.NS,Suzlon Energy,Retail Hype / Turnaround,5.830657958984375,5.968389987945557,5.692925930023193,5.830657958984375,5.830657958984375,49928728
2022-07-18,SUZLON.NS,Suzlon Energy,Retail Hype / Turnaround,5.876568794250488,5.92248010635376,5.738836765289307,5.830657958984375,5.830657958984375,40962354
2022-07-19,SUZLON.NS,Suzlon Energy,Retail Hype / Turnaround,5.830657958984375,6.152032852172852,5.784748077392578,6.01430082321167,6.01430082321167,82168748
2022-07-20,SUZLON.NS,Suzlon Energy,Retail Hype / Turnaround,6.106122016906738,6.289764881134033,6.01430082321167,6.060212135314941,6.060212135314941,56812841
2022-07-21,SUZLON.NS,Suzlon Energy,Retail Hype / Turnaround,6.106122016906738,6.24385404586792,6.01430082321167,6.106122016906738,6.106122016906738,43227989
2022-07-22,SUZLON.NS,Suzlon Energy,Retail Hype / Turnaround,6.152032852172852,6.197944164276123,6.060212135314941,6.106122016906738,6.106122016906738,36914884
2022-07-25,SUZLON.NS,Suzlon Energy,Retail Hype / Turnaround,6.106122016906738,6.152032852172852,5.876568794250488,5.876568794250488,5.876568794250488,43724745
2022-07-26,SUZLON.NS,Suzlon Energy,Retail Hype / Turnaround,5.92248010635376,5.92248010635376,5.738836765289307,5.738836765289307,5.738836765289307,40634333
2022-07-27,SUZLON.NS,Suzlon Energy,Retail Hype / Turnaround,5.738836765289307,5.830657958984375,5.692925930023193,5.692925930023193,5.692925930023193,44310527
2022-07-28,SUZLON.NS,Suzlon Energy,Retail Hype / Turnaround,5.738836765289307,5.830657958984375,5.41746187210083,5.601105213165283,5.601105213165283,57614649
2022-07-29,SUZLON.NS,Suzlon Energy,Retail Hype / Turnaround,5.64701509475708,6.152032852172852,5.601105213165283,6.060212135314941,6.060212135314941,71868552
2022-08-01,SUZLON.NS,Suzlon Energy,Retail Hype / Turnaround,6.197944164276123,6.427496910095215,6.01430082321167,6.335676193237305,6.335676193237305,99634263
2022-08-02,SUZLON.NS,Suzlon Energy,Retail Hype / Turnaround,6.335676193237305,6.748871803283691,6.197944164276123,6.657051086425781,6.657051086425781,95675560
2022-08-03,SUZLON.NS,Suzlon Energy,Retail Hype / Turnaround,6.61113977432251,6.702960968017578,6.427496910095215,6.5193190574646,6.5193190574646,42038506
2022-08-04,SUZLON.NS,Suzlon Energy,Retail Hype / Turnaround,6.5193190574646,6.748871803283691,6.381587028503418,6.5193190574646,6.5193190574646,67897639
2022-08-05,SUZLON.NS,Suzlon Energy,Retail Hype / Turnaround,6.657051086425781,7.024335861206055,6.61113977432251,6.840693950653076,6.840693950653076,115823650
2022-08-08,SUZLON.NS,Suzlon Energy,Retail Hype / Turnaround,6.9325151443481445,7.1161580085754395,6.886603832244873,7.070247173309326,7.070247173309326,69641948
2022-08-10,SUZLON.NS,Suzlon Energy,Retail Hype / Turnaround,7.207979202270508,7.299800872802734,6.748871803283691,6.794783115386963,6.794783115386963,90622412
2022-08-11,SUZLON.NS,Suzlon Energy,Retail Hype / Turnaround,7.070247173309326,7.253890037536621,6.978425979614258,7.070247173309326,7.070247173309326,77544546
2022-08-12,SUZLON.NS,Suzlon Energy,Retail Hype / Turnaround,7.162067890167236,7.207979202270508,6.840693950653076,6.9325151443481445,6.9325151443481445,76959789
2022-08-16,SUZLON.NS,Suzlon Energy,Retail Hype / Turnaround,7.024335861206055,7.070247173309326,6.9325151443481445,7.070247173309326,7.070247173309326,61175661
2022-08-17,SUZLON.NS,Suzlon Energy,Retail Hype / Turnaround,7.1161580085754395,7.162067890167236,6.9325151443481445,6.978425979614258,6.978425979614258,44718315
2022-08-18,SUZLON.NS,Suzlon Energy,Retail Hype / Turnaround,6.978425979614258,7.1161580085754395,6.840693950653076,7.070247173309326,7.070247173309326,48550637
2022-08-19,SUZLON.NS,Suzlon Energy,Retail Hype / Turnaround,7.070247173309326,7.162067890167236,6.978425979614258,7.070247173309326,7.070247173309326,57307951
2022-08-22,SUZLON.NS,Suzlon Energy,Retail Hype / Turnaround,7.1161580085754395,7.988461017608643,6.978425979614258,7.896639823913574,7.896639823913574,258309526
2022-08-23,SUZLON.NS,Suzlon Energy,Retail Hype / Turnaround,7.988461017608643,8.539388656616211,7.896639823913574,8.21801471710205,8.21801471710205,248551972
2022-08-24,SUZLON.NS,Suzlon Energy,Retail Hype / Turnaround,8.263924598693848,8.4475679397583,7.942550182342529,8.034372329711914,8.034372329711914,144435647
2022-08-25,SUZLON.NS,Suzlon Energy,Retail Hype / Turnaround,8.034372329711914,8.172103881835938,7.712996959686279,7.758907794952393,7.758907794952393,87133712
2022-08-26,SUZLON.NS,Suzlon Energy,Retail Hype / Turnaround,7.850728988647461,7.942550182342529,7.437532901763916,7.529354095458984,7.529354095458984,82707898
2022-08-29,SUZLON.NS,Suzlon Energy,Retail Hype / Turnaround,7.253890037536621,7.712996959686279,7.070247173309326,7.391622066497803,7.391622066497803,104688056
2022-08-30,SUZLON.NS,Suzlon Energy,Retail Hype / Turnaround,7.483442783355713,7.667086124420166,7.437532901763916,7.529354095458984,7.529354095458984,58381713
2022-09-01,SUZLON.NS,Suzlon Energy,Retail Hype / Turnaround,7.483442783355713,8.21801471710205,7.437532901763916,8.080282211303711,8.080282211303711,179147855
2022-09-02,SUZLON.NS,Suzlon Energy,Retail Hype / Turnaround,8.21801471710205,8.4475679397583,8.034372329711914,8.080282211303711,8.080282211303711,170200575
2022-09-05,SUZLON.NS,Suzlon Energy,Retail Hype / Turnaround,8.401657104492188,9.687156677246094,8.309836387634277,9.687156677246094,9.687156677246094,474988809
2022-09-06,SUZLON.NS,Suzlon Energy,Retail Hype / Turnaround,10.467638969421387,10.74310302734375,8.95258617401123,9.824889183044434,9.824889183044434,725574701
2022-09-07,SUZLON.NS,Suzlon Energy,Retail Hype / Turnaround,9.733068466186523,10.23808479309082,9.54942512512207,9.595335006713867,9.595335006713867,156209950
2022-09-08,SUZLON.NS,Suzlon Energy,Retail Hype / Turnaround,9.77897834777832,9.916709899902344,9.18213939666748,9.319870948791504,9.319870948791504,128156248
2022-09-09,SUZLON.NS,Suzlon Energy,Retail Hype / Turnaround,9.41169261932373,9.457603454589844,8.768942832946777,8.81485366821289,8.81485366821289,123079646
2022-09-12,SUZLON.NS,Suzlon Energy,Retail Hype / Turnaround,8.906675338745117,9.18213939666748,8.81485366821289,9.04440689086914,9.04440689086914,77543358
2022-09-13,SUZLON.NS,Suzlon Energy,Retail Hype / Turnaround,9.090317726135254,9.136228561401367,8.723031997680664,8.768942832946777,8.768942832946777,81187706
2022-09-14,SUZLON.NS,Suzlon Energy,Retail Hype / Turnaround,8.493478775024414,8.677122116088867,8.35574722290039,8.401657104492188,8.401657104492188,106893780
2022-09-15,SUZLON.NS,Suzlon Energy,Retail Hype / Turnaround,8.493478775024414,8.631211280822754,8.263924598693848,8.401657104492188,8.401657104492188,75829786
2022-09-16,SUZLON.NS,Suzlon Energy,Retail Hype / Turnaround,8.4475679397583,8.493478775024414,8.126193046569824,8.309836387634277,8.309836387634277,86488172
2022-09-19,SUZLON.NS,Suzlon Energy,Retail Hype / Turnaround,8.401657104492188,8.4475679397583,7.988461017608643,8.126193046569824,8.126193046569824,65411328
2022-09-20,SUZLON.NS,Suzlon Energy,Retail Hype / Turnaround,8.080282211303711,8.172103881835938,7.896639823913574,7.942550182342529,7.942550182342529,62987214
2022-09-21,SUZLON.NS,Suzlon Energy,Retail Hype / Turnaround,7.6211748123168945,8.080282211303711,7.575264930725098,7.850728988647461,7.850728988647461,59601138
2022-09-22,SUZLON.NS,Suzlon Energy,Retail Hype / Turnaround,7.804818153381348,9.04440689086914,7.804818153381348,8.81485366821289,8.81485366821289,354117790
2022-09-23,SUZLON.NS,Suzlon Energy,Retail Hype / Turnaround,8.95258617401123,9.090317726135254,8.263924598693848,8.35574722290039,8.35574722290039,152366222
2022-09-26,SUZLON.NS,Suzlon Energy,Retail Hype / Turnaround,8.21801471710205,8.21801471710205,7.483442783355713,7.850728988647461,7.850728988647461,174216484
2022-09-27,SUZLON.NS,Suzlon Energy,Retail Hype / Turnaround,7.988461017608643,8.309836387634277,7.575264930725098,7.667086124420166,7.667086124420166,227777132
2022-09-28,SUZLON.NS,Suzlon Energy,Retail Hype / Turnaround,7.529354095458984,7.667086124420166,7.299800872802734,7.437532901763916,7.437532901763916,133905406
2022-09-29,SUZLON.NS,Suzlon Energy,Retail Hype / Turnaround,7.667086124420166,7.896639823913574,7.575264930725098,7.758907794952393,7.758907794952393,168618876
2022-09-30,SUZLON.NS,Suzlon Energy,Retail Hype / Turnaround,7.804818153381348,8.126193046569824,7.758907794952393,7.988461017608643,7.988461017608643,117467047
2022-10-03,SUZLON.NS,Suzlon Energy,Retail Hype / Turnaround,7.599999904632568,8.25,7.5,7.900000095367432,7.900000095367432,207028703
2022-10-04,SUZLON.NS,Suzlon Energy,Retail Hype / Turnaround,8.199999809265137,8.25,7.800000190734863,7.900000095367432,7.900000095367432,100371486
2022-10-06,SUZLON.NS,Suzlon Energy,Retail Hype / Turnaround,8.0,8.0,7.550000190734863,7.650000095367432,7.650000095367432,129179117
2022-10-07,SUZLON.NS,Suzlon Energy,Retail Hype / Turnaround,7.75,7.849999904632568,7.599999904632568,7.650000095367432,7.650000095367432,106914627
2022-10-10,SUZLON.NS,Suzlon Energy,Retail Hype / Turnaround,7.599999904632568,7.949999809265137,7.5,7.650000095367432,7.650000095367432,87610748
2022-10-11,SUZLON.NS,Suzlon Energy,Retail Hype / Turnaround,7.599999904632568,7.650000095367432,7.050000190734863,7.099999904632568,7.099999904632568,144401518
2022-10-12,SUZLON.NS,Suzlon Energy,Retail Hype / Turnaround,7.25,7.400000095367432,6.900000095367432,6.949999809265137,6.949999809265137,151580915
2022-10-13,SUZLON.NS,Suzlon Energy,Retail Hype / Turnaround,6.949999809265137,6.949999809265137,6.599999904632568,6.800000190734863,6.800000190734863,164628722
2022-10-14,SUZLON.NS,Suzlon Energy,Retail Hype / Turnaround,7.0,7.0,6.650000095367432,6.699999809265137,6.699999809265137,96966089
2022-10-17,SUZLON.NS,Suzlon Energy,Retail Hype / Turnaround,6.800000190734863,7.599999904632568,6.75,7.449999809265137,7.449999809265137,249793767
2022-10-18,SUZLON.NS,Suzlon Energy,Retail Hype / Turnaround,7.650000095367432,7.900000095367432,7.550000190734863,7.75,7.75,198163274
2022-10-19,SUZLON.NS,Suzlon Energy,Retail Hype / Turnaround,7.849999904632568,9.300000190734863,7.800000190734863,9.25,9.25,612128665
2022-10-20,SUZLON.NS,Suzlon Energy,Retail Hype / Turnaround,9.300000190734863,9.600000381469727,8.100000381469727,8.899999618530273,8.899999618530273,597335268
2022-10-21,SUZLON.NS,Suzlon Energy,Retail Hype / Turnaround,8.949999809265137,9.149999618530273,8.550000190734863,8.649999618530273,8.649999618530273,93358438
2022-10-24,SUZLON.NS,Suzlon Energy,Retail Hype / Turnaround,8.850000381469727,9.0,8.550000190734863,8.800000190734863,8.800000190734863,39087707
2022-10-25,SUZLON.NS,Suzlon Energy,Retail Hype / Turnaround,8.800000190734863,8.800000190734863,8.350000381469727,8.399999618530273,8.399999618530273,56177096
2022-10-27,SUZLON.NS,Suzlon Energy,Retail Hype / Turnaround,8.5,8.600000381469727,8.0,8.149999618530273,8.149999618530273,84184771
2022-10-28,SUZLON.NS,Suzlon Energy,Retail Hype / Turnaround,8.199999809265137,8.25,8.0,8.100000381469727,8.100000381469727,36746894
2022-10-31,SUZLON.NS,Suzlon Energy,Retail Hype / Turnaround,8.050000190734863,8.050000190734863,7.699999809265137,7.949999809265137,7.949999809265137,55869752
2022-11-01,SUZLON.NS,Suzlon Energy,Retail Hype / Turnaround,8.050000190734863,8.600000381469727,7.949999809265137,8.199999809265137,8.199999809265137,133421528
2022-11-02,SUZLON.NS,Suzlon Energy,Retail Hype / Turnaround,8.199999809265137,8.25,7.949999809265137,8.0,8.0,53878867
2022-11-03,SUZLON.NS,Suzlon Energy,Retail Hype / Turnaround,8.0,8.199999809265137,7.949999809265137,8.050000190734863,8.050000190734863,30598842
2022-11-04,SUZLON.NS,Suzlon Energy,Retail Hype / Turnaround,8.100000381469727,8.25,8.050000190734863,8.149999618530273,8.149999618530273,50647381
2022-11-07,SUZLON.NS,Suzlon Energy,Retail Hype / Turnaround,8.199999809265137,8.449999809265137,8.050000190734863,8.149999618530273,8.149999618530273,101774826
2022-11-09,SUZLON.NS,Suzlon Energy,Retail Hype / Turnaround,8.300000190734863,8.350000381469727,8.149999618530273,8.25,8.25,64888811
2022-11-10,SUZLON.NS,Suzlon Energy,Retail Hype / Turnaround,8.25,8.399999618530273,8.149999618530273,8.300000190734863,8.300000190734863,53029082
2022-11-11,SUZLON.NS,Suzlon Energy,Retail Hype / Turnaround,8.5,8.550000190734863,8.199999809265137,8.199999809265137,8.199999809265137,68794518
2022-11-14,SUZLON.NS,Suzlon Energy,Retail Hype / Turnaround,8.300000190734863,8.350000381469727,8.199999809265137,8.25,8.25,44831594
2022-11-15,SUZLON.NS,Suzlon Energy,Retail Hype / Turnaround,8.25,8.300000190734863,8.100000381469727,8.199999809265137,8.199999809265137,38977758
2022-11-16,SUZLON.NS,Suzlon Energy,Retail Hype / Turnaround,8.199999809265137,8.25,8.0,8.100000381469727,8.100000381469727,58373865
2022-11-17,SUZLON.NS,Suzlon Energy,Retail Hype / Turnaround,8.149999618530273,8.149999618530273,7.900000095367432,8.0,8.0,39721127
2022-11-18,SUZLON.NS,Suzlon Energy,Retail Hype / Turnaround,8.050000190734863,8.149999618530273,8.0,8.100000381469727,8.100000381469727,34159447
2022-11-21,SUZLON.NS,Suzlon Energy,Retail Hype / Turnaround,8.100000381469727,8.149999618530273,8.0,8.050000190734863,8.050000190734863,42965379
2022-11-22,SUZLON.NS,Suzlon Energy,Retail Hype / Turnaround,8.100000381469727,8.100000381469727,7.949999809265137,8.0,8.0,27053295
2022-11-23,SUZLON.NS,Suzlon Energy,Retail Hype / Turnaround,8.050000190734863,8.100000381469727,7.800000190734863,7.900000095367432,7.900000095367432,104163765
2022-11-24,SUZLON.NS,Suzlon Energy,Retail Hype / Turnaround,7.949999809265137,8.0,7.849999904632568,7.900000095367432,7.900000095367432,21746462
2022-11-25,SUZLON.NS,Suzlon Energy,Retail Hype / Turnaround,7.900000095367432,8.600000381469727,7.849999904632568,8.449999809265137,8.449999809265137,228974026
2022-11-28,SUZLON.NS,Suzlon Energy,Retail Hype / Turnaround,8.600000381469727,9.0,8.5,8.800000190734863,8.800000190734863,202678872
2022-11-29,SUZLON.NS,Suzlon Energy,Retail Hype / Turnaround,8.899999618530273,9.199999809265137,8.699999809265137,8.75,8.75,146846252
2022-11-30,SUZLON.NS,Suzlon Energy,Retail Hype / Turnaround,8.800000190734863,9.350000381469727,8.75,9.25,9.25,226695872
2022-12-01,SUZLON.NS,Suzlon Energy,Retail Hype / Turnaround,9.399999618530273,9.5,9.0,9.050000190734863,9.050000190734863,107156713
2022-12-02,SUZLON.NS,Suzlon Energy,Retail Hype / Turnaround,9.100000381469727,9.5,8.850000381469727,9.449999809265137,9.449999809265137,179074652
2022-12-05,SUZLON.NS,Suzlon Energy,Retail Hype / Turnaround,9.550000190734863,10.399999618530273,9.5,10.0,10.0,439811540
2022-12-06,SUZLON.NS,Suzlon Energy,Retail Hype / Turnaround,10.050000190734863,10.5,9.949999809265137,10.199999809265137,10.199999809265137,241805841
2022-12-07,SUZLON.NS,Suzlon Energy,Retail Hype / Turnaround,10.25,10.399999618530273,9.800000190734863,9.850000381469727,9.850000381469727,193786549
2022-12-08,SUZLON.NS,Suzlon Energy,Retail Hype / Turnaround,9.899999618530273,10.0,9.699999809265137,9.800000190734863,9.800000190734863,96070967
2022-12-09,SUZLON.NS,Suzlon Energy,Retail Hype / Turnaround,9.850000381469727,9.899999618530273,9.25,9.300000190734863,9.300000190734863,137661963
2022-12-12,SUZLON.NS,Suzlon Energy,Retail Hype / Turnaround,9.300000190734863,10.350000381469727,9.25,10.25,10.25,278382339
2022-12-13,SUZLON.NS,Suzlon Energy,Retail Hype / Turnaround,10.350000381469727,10.449999809265137,10.050000190734863,10.100000381469727,10.100000381469727,143072413
2022-12-14,SUZLON.NS,Suzlon Energy,Retail Hype / Turnaround,10.199999809265137,11.0,10.100000381469727,10.899999618530273,10.899999618530273,336400273
2022-12-15,SUZLON.NS,Suzlon Energy,Retail Hype / Turnaround,10.800000190734863,11.25,10.649999618530273,10.949999809265137,10.949999809265137,476242220
2022-12-16,SUZLON.NS,Suzlon Energy,Retail Hype / Turnaround,11.0,11.199999809265137,10.399999618530273,10.75,10.75,254892146
2022-12-19,SUZLON.NS,Suzlon Energy,Retail Hype / Turnaround,10.850000381469727,11.899999618530273,10.850000381469727,11.649999618530273,11.649999618530273,638219867
2022-12-20,SUZLON.NS,Suzlon Energy,Retail Hype / Turnaround,11.75,12.149999618530273,11.199999809265137,11.5,11.5,425797132
2022-12-21,SUZLON.NS,Suzlon Energy,Retail Hype / Turnaround,11.649999618530273,11.800000190734863,9.899999618530273,10.199999809265137,10.199999809265137,395402337
2022-12-22,SUZLON.NS,Suzlon Energy,Retail Hype / Turnaround,10.399999618530273,10.649999618530273,9.550000190734863,9.949999809265137,9.949999809265137,377648968
2022-12-23,SUZLON.NS,Suzlon Energy,Retail Hype / Turnaround,9.75,9.800000190734863,8.899999618530273,9.0,9.0,263244568
2022-12-26,SUZLON.NS,Suzlon Energy,Retail Hype / Turnaround,9.0,10.0,9.0,9.800000190734863,9.800000190734863,270444702
2022-12-27,SUZLON.NS,Suzlon Energy,Retail Hype / Turnaround,10.149999618530273,10.399999618530273,9.899999618530273,10.199999809265137,10.199999809265137,137402727
2022-12-28,SUZLON.NS,Suzlon Energy,Retail Hype / Turnaround,10.199999809265137,10.350000381469727,9.899999618530273,10.050000190734863,10.050000190734863,119193235
2022-12-29,SUZLON.NS,Suzlon Energy,Retail Hype / Turnaround,10.0,10.25,9.800000190734863,10.149999618530273,10.149999618530273,90408089
2022-12-30,SUZLON.NS,Suzlon Energy,Retail Hype / Turnaround,10.25,11.0,10.149999618530273,10.600000381469727,10.600000381469727,251001496
2023-01-02,SUZLON.NS,Suzlon Energy,Retail Hype / Turnaround,10.699999809265137,10.800000190734863,10.399999618530273,10.699999809265137,10.699999809265137,115707231
2023-01-03,SUZLON.NS,Suzlon Energy,Retail Hype / Turnaround,10.75,11.0,10.600000381469727,10.75,10.75,126373567
2023-01-04,SUZLON.NS,Suzlon Energy,Retail Hype / Turnaround,10.75,10.800000190734863,10.300000190734863,10.399999618530273,10.399999618530273,113590256
2023-01-05,SUZLON.NS,Suzlon Energy,Retail Hype / Turnaround,10.550000190734863,10.600000381469727,10.050000190734863,10.25,10.25,142768735
2023-01-06,SUZLON.NS,Suzlon Energy,Retail Hype / Turnaround,10.350000381469727,10.399999618530273,10.050000190734863,10.199999809265137,10.199999809265137,114171473
2023-01-09,SUZLON.NS,Suzlon Energy,Retail Hype / Turnaround,10.350000381469727,10.550000190734863,10.199999809265137,10.199999809265137,10.199999809265137,88848012
2023-01-10,SUZLON.NS,Suzlon Energy,Retail Hype / Turnaround,10.25,10.25,9.949999809265137,10.050000190734863,10.050000190734863,70863324
2023-01-11,SUZLON.NS,Suzlon Energy,Retail Hype / Turnaround,10.149999618530273,10.300000190734863,10.050000190734863,10.100000381469727,10.100000381469727,58400770
2023-01-12,SUZLON.NS,Suzlon Energy,Retail Hype / Turnaround,10.149999618530273,10.199999809265137,9.899999618530273,10.0,10.0,75308002
2023-01-13,SUZLON.NS,Suzlon Energy,Retail Hype / Turnaround,10.0,10.100000381469727,9.850000381469727,10.050000190734863,10.050000190734863,64749356
2023-01-16,SUZLON.NS,Suzlon Energy,Retail Hype / Turnaround,10.100000381469727,10.149999618530273,9.949999809265137,10.0,10.0,46621802
2023-01-17,SUZLON.NS,Suzlon Energy,Retail Hype / Turnaround,10.0,10.050000190734863,9.899999618530273,10.0,10.0,46626799
2023-01-18,SUZLON.NS,Suzlon Energy,Retail Hype / Turnaround,9.949999809265137,10.0,9.75,9.800000190734863,9.800000190734863,39381363
2023-01-19,SUZLON.NS,Suzlon Energy,Retail Hype / Turnaround,9.800000190734863,9.800000190734863,9.600000381469727,9.649999618530273,9.649999618530273,51419762
2023-01-20,SUZLON.NS,Suzlon Energy,Retail Hype / Turnaround,9.649999618530273,10.25,9.600000381469727,10.0,10.0,112834934
2023-01-23,SUZLON.NS,Suzlon Energy,Retail Hype / Turnaround,10.050000190734863,10.100000381469727,9.699999809265137,9.75,9.75,54689324
2023-01-24,SUZLON.NS,Suzlon Energy,Retail Hype / Turnaround,9.75,9.850000381469727,9.600000381469727,9.649999618530273,9.649999618530273,36745668
2023-01-25,SUZLON.NS,Suzlon Energy,Retail Hype / Turnaround,9.649999618530273,9.75,9.399999618530273,9.5,9.5,47479501
2023-01-27,SUZLON.NS,Suzlon Energy,Retail Hype / Turnaround,9.5,9.699999809265137,8.949999809265137,9.100000381469727,9.100000381469727,96786728
2023-01-30,SUZLON.NS,Suzlon Energy,Retail Hype / Turnaround,9.0,9.350000381469727,8.800000190734863,8.949999809265137,8.949999809265137,94496123
2023-01-31,SUZLON.NS,Suzlon Energy,Retail Hype / Turnaround,9.0,9.949999809265137,8.899999618530273,9.800000190734863,9.800000190734863,122433631
2023-02-01,SUZLON.NS,Suzlon Energy,Retail Hype / Turnaround,10.100000381469727,10.199999809265137,8.899999618530273,9.199999809265137,9.199999809265137,144996475
2023-02-02,SUZLON.NS,Suzlon Energy,Retail Hype / Turnaround,9.149999618530273,9.600000381469727,9.050000190734863,9.199999809265137,9.199999809265137,86094874
2023-02-03,SUZLON.NS,Suzlon Energy,Retail Hype / Turnaround,9.199999809265137,9.300000190734863,8.699999809265137,9.050000190734863,9.050000190734863,103617993
2023-02-06,SUZLON.NS,Suzlon Energy,Retail Hype / Turnaround,9.050000190734863,9.25,9.0,9.050000190734863,9.050000190734863,45864843
2023-02-07,SUZLON.NS,Suzlon Energy,Retail Hype / Turnaround,9.050000190734863,9.149999618530273,8.899999618530273,8.949999809265137,8.949999809265137,35950091
2023-02-08,SUZLON.NS,Suzlon Energy,Retail Hype / Turnaround,9.050000190734863,9.25,8.949999809265137,9.0,9.0,47849321
2023-02-09,SUZLON.NS,Suzlon Energy,Retail Hype / Turnaround,9.0,9.350000381469727,8.949999809265137,9.199999809265137,9.199999809265137,72874809
2023-02-10,SUZLON.NS,Suzlon Energy,Retail Hype / Turnaround,9.300000190734863,9.649999618530273,9.050000190734863,9.149999618530273,9.149999618530273,71596394
2023-02-13,SUZLON.NS,Suzlon Energy,Retail Hype / Turnaround,9.199999809265137,9.25,8.949999809265137,9.050000190734863,9.050000190734863,45209836
2023-02-14,SUZLON.NS,Suzlon Energy,Retail Hype / Turnaround,9.050000190734863,9.149999618530273,8.75,8.800000190734863,8.800000190734863,38860144
2023-02-15,SUZLON.NS,Suzlon Energy,Retail Hype / Turnaround,8.850000381469727,9.050000190734863,8.800000190734863,9.0,9.0,40241204
2023-02-16,SUZLON.NS,Suzlon Energy,Retail Hype / Turnaround,9.050000190734863,9.050000190734863,8.850000381469727,8.899999618530273,8.899999618530273,35573041
2023-02-17,SUZLON.NS,Suzlon Energy,Retail Hype / Turnaround,8.899999618530273,9.149999618530273,8.850000381469727,8.899999618530273,8.899999618530273,61270881
2023-02-20,SUZLON.NS,Suzlon Energy,Retail Hype / Turnaround,8.899999618530273,9.100000381469727,8.449999809265137,8.550000190734863,8.550000190734863,118491096
2023-02-21,SUZLON.NS,Suzlon Energy,Retail Hype / Turnaround,8.600000381469727,8.649999618530273,8.350000381469727,8.399999618530273,8.399999618530273,39042076
2023-02-22,SUZLON.NS,Suzlon Energy,Retail Hype / Turnaround,8.399999618530273,8.5,8.199999809265137,8.300000190734863,8.300000190734863,41332864
2023-02-23,SUZLON.NS,Suzlon Energy,Retail Hype / Turnaround,8.300000190734863,8.350000381469727,8.050000190734863,8.149999618530273,8.149999618530273,57513590
2023-02-24,SUZLON.NS,Suzlon Energy,Retail Hype / Turnaround,8.199999809265137,8.550000190734863,8.149999618530273,8.399999618530273,8.399999618530273,57101906
2023-02-27,SUZLON.NS,Suzlon Energy,Retail Hype / Turnaround,8.399999618530273,8.399999618530273,8.050000190734863,8.100000381469727,8.100000381469727,47631704
2023-02-28,SUZLON.NS,Suzlon Energy,Retail Hype / Turnaround,8.149999618530273,8.300000190734863,8.050000190734863,8.199999809265137,8.199999809265137,33919586
2023-03-01,SUZLON.NS,Suzlon Energy,Retail Hype / Turnaround,8.25,8.600000381469727,8.199999809265137,8.399999618530273,8.399999618530273,55018196
2023-03-02,SUZLON.NS,Suzlon Energy,Retail Hype / Turnaround,8.399999618530273,8.449999809265137,8.199999809265137,8.25,8.25,45131745
2023-03-03,SUZLON.NS,Suzlon Energy,Retail Hype / Turnaround,8.300000190734863,8.75,8.300000190734863,8.5,8.5,96295154
2023-03-06,SUZLON.NS,Suzlon Energy,Retail Hype / Turnaround,8.550000190734863,8.899999618530273,8.5,8.600000381469727,8.600000381469727,75423846
2023-03-08,SUZLON.NS,Suzlon Energy,Retail Hype / Turnaround,8.550000190734863,8.699999809265137,8.449999809265137,8.600000381469727,8.600000381469727,39328106
2023-03-09,SUZLON.NS,Suzlon Energy,Retail Hype / Turnaround,8.699999809265137,8.949999809265137,8.649999618530273,8.699999809265137,8.699999809265137,74757405
2023-03-10,SUZLON.NS,Suzlon Energy,Retail Hype / Turnaround,8.600000381469727,8.649999618530273,8.350000381469727,8.399999618530273,8.399999618530273,51783687
2023-03-13,SUZLON.NS,Suzlon Energy,Retail Hype / Turnaround,8.399999618530273,8.5,8.0,8.100000381469727,8.100000381469727,50754201
2023-03-14,SUZLON.NS,Suzlon Energy,Retail Hype / Turnaround,8.149999618530273,8.199999809265137,7.699999809265137,7.949999809265137,7.949999809265137,52110143
2023-03-15,SUZLON.NS,Suzlon Energy,Retail Hype / Turnaround,7.800000190734863,8.149999618530273,7.75,7.949999809265137,7.949999809265137,59556915
2023-03-16,SUZLON.NS,Suzlon Energy,Retail Hype / Turnaround,8.0,8.0,7.699999809265137,7.900000095367432,7.900000095367432,56722948
2023-03-17,SUZLON.NS,Suzlon Energy,Retail Hype / Turnaround,7.949999809265137,8.149999618530273,7.900000095367432,8.0,8.0,40883551
2023-03-20,SUZLON.NS,Suzlon Energy,Retail Hype / Turnaround,8.0,8.0,7.699999809265137,7.75,7.75,42986085
2023-03-21,SUZLON.NS,Suzlon Energy,Retail Hype / Turnaround,7.849999904632568,7.900000095367432,7.75,7.800000190734863,7.800000190734863,27594112
2023-03-22,SUZLON.NS,Suzlon Energy,Retail Hype / Turnaround,7.849999904632568,7.949999809265137,7.800000190734863,7.800000190734863,7.800000190734863,22956081
2023-03-23,SUZLON.NS,Suzlon Energy,Retail Hype / Turnaround,7.800000190734863,7.900000095367432,7.699999809265137,7.75,7.75,23864906
2023-03-24,SUZLON.NS,Suzlon Energy,Retail Hype / Turnaround,7.75,7.800000190734863,7.5,7.550000190734863,7.550000190734863,36581412
2023-03-27,SUZLON.NS,Suzlon Energy,Retail Hype / Turnaround,7.599999904632568,7.599999904632568,7.150000095367432,7.199999809265137,7.199999809265137,46753705
2023-03-28,SUZLON.NS,Suzlon Energy,Retail Hype / Turnaround,7.25,7.349999904632568,6.949999809265137,7.050000190734863,7.050000190734863,55049453
2023-03-29,SUZLON.NS,Suzlon Energy,Retail Hype / Turnaround,7.099999904632568,8.100000381469727,7.050000190734863,7.949999809265137,7.949999809265137,131787323
2023-03-31,SUZLON.NS,Suzlon Energy,Retail Hype / Turnaround,8.050000190734863,8.25,7.849999904632568,7.900000095367432,7.900000095367432,61243637
2023-04-03,SUZLON.NS,Suzlon Energy,Retail Hype / Turnaround,7.900000095367432,8.199999809265137,7.900000095367432,8.100000381469727,8.100000381469727,38896680
2023-04-05,SUZLON.NS,Suzlon Energy,Retail Hype / Turnaround,8.149999618530273,8.300000190734863,8.0,8.100000381469727,8.100000381469727,34055807
2023-04-06,SUZLON.NS,Suzlon Energy,Retail Hype / Turnaround,8.149999618530273,8.300000190734863,8.050000190734863,8.149999618530273,8.149999618530273,32437850
2023-04-10,SUZLON.NS,Suzlon Energy,Retail Hype / Turnaround,8.199999809265137,8.199999809265137,8.0,8.050000190734863,8.050000190734863,22032132
2023-04-11,SUZLON.NS,Suzlon Energy,Retail Hype / Turnaround,8.100000381469727,8.350000381469727,8.0,8.149999618530273,8.149999618530273,44136206
2023-04-12,SUZLON.NS,Suzlon Energy,Retail Hype / Turnaround,8.149999618530273,8.25,8.050000190734863,8.100000381469727,8.100000381469727,37352480
2023-04-13,SUZLON.NS,Suzlon Energy,Retail Hype / Turnaround,8.149999618530273,8.25,8.0,8.050000190734863,8.050000190734863,49318062
2023-04-17,SUZLON.NS,Suzlon Energy,Retail Hype / Turnaround,8.0,8.199999809265137,7.949999809265137,8.149999618530273,8.149999618530273,45874702
2023-04-18,SUZLON.NS,Suzlon Energy,Retail Hype / Turnaround,8.149999618530273,8.199999809265137,8.0,8.050000190734863,8.050000190734863,39250925
2023-04-19,SUZLON.NS,Suzlon Energy,Retail Hype / Turnaround,8.0,8.149999618530273,7.949999809265137,8.0,8.0,36980183
2023-04-20,SUZLON.NS,Suzlon Energy,Retail Hype / Turnaround,8.050000190734863,8.100000381469727,7.949999809265137,7.949999809265137,7.949999809265137,18933562
2023-04-21,SUZLON.NS,Suzlon Energy,Retail Hype / Turnaround,8.0,8.050000190734863,7.949999809265137,7.949999809265137,7.949999809265137,12324483
2023-04-24,SUZLON.NS,Suzlon Energy,Retail Hype / Turnaround,8.0,8.100000381469727,7.900000095367432,7.949999809265137,7.949999809265137,31696681
2023-04-25,SUZLON.NS,Suzlon Energy,Retail Hype / Turnaround,7.949999809265137,8.300000190734863,7.900000095367432,8.149999618530273,8.149999618530273,82252903
2023-04-26,SUZLON.NS,Suzlon Energy,Retail Hype / Turnaround,8.25,8.75,8.100000381469727,8.199999809265137,8.199999809265137,140422847
2023-04-27,SUZLON.NS,Suzlon Energy,Retail Hype / Turnaround,8.199999809265137,8.25,8.100000381469727,8.199999809265137,8.199999809265137,45358977
2023-04-28,SUZLON.NS,Suzlon Energy,Retail Hype / Turnaround,8.25,8.449999809265137,8.149999618530273,8.300000190734863,8.300000190734863,57266827
2023-05-02,SUZLON.NS,Suzlon Energy,Retail Hype / Turnaround,8.350000381469727,8.399999618530273,7.900000095367432,8.100000381469727,8.100000381469727,91311768
2023-05-03,SUZLON.NS,Suzlon Energy,Retail Hype / Turnaround,8.100000381469727,8.300000190734863,8.0,8.100000381469727,8.100000381469727,58132884
2023-05-04,SUZLON.NS,Suzlon Energy,Retail Hype / Turnaround,8.199999809265137,8.699999809265137,8.199999809265137,8.600000381469727,8.600000381469727,197115631
2023-05-05,SUZLON.NS,Suzlon Energy,Retail Hype / Turnaround,8.649999618530273,8.899999618530273,8.5,8.649999618530273,8.649999618530273,122285005
2023-05-08,SUZLON.NS,Suzlon Energy,Retail Hype / Turnaround,8.699999809265137,8.800000190734863,8.449999809265137,8.550000190734863,8.550000190734863,70124868
2023-05-09,SUZLON.NS,Suzlon Energy,Retail Hype / Turnaround,8.600000381469727,8.800000190734863,8.300000190734863,8.399999618530273,8.399999618530273,83194488
2023-05-10,SUZLON.NS,Suzlon Energy,Retail Hype / Turnaround,8.399999618530273,8.449999809265137,8.199999809265137,8.350000381469727,8.350000381469727,45546501
2023-05-11,SUZLON.NS,Suzlon Energy,Retail Hype / Turnaround,8.399999618530273,8.5,8.300000190734863,8.350000381469727,8.350000381469727,35885308
2023-05-12,SUZLON.NS,Suzlon Energy,Retail Hype / Turnaround,8.399999618530273,8.399999618530273,8.199999809265137,8.25,8.25,32986632
2023-05-15,SUZLON.NS,Suzlon Energy,Retail Hype / Turnaround,8.25,8.350000381469727,8.199999809265137,8.25,8.25,51475490
2023-05-16,SUZLON.NS,Suzlon Energy,Retail Hype / Turnaround,8.25,8.350000381469727,8.199999809265137,8.199999809265137,8.199999809265137,25372907
2023-05-17,SUZLON.NS,Suzlon Energy,Retail Hype / Turnaround,8.25,8.800000190734863,8.199999809265137,8.649999618530273,8.649999618530273,137647805
2023-05-18,SUZLON.NS,Suzlon Energy,Retail Hype / Turnaround,8.850000381469727,9.0,8.399999618530273,8.5,8.5,133866221
2023-05-19,SUZLON.NS,Suzlon Energy,Retail Hype / Turnaround,8.600000381469727,8.649999618530273,8.350000381469727,8.5,8.5,58371953
2023-05-22,SUZLON.NS,Suzlon Energy,Retail Hype / Turnaround,8.600000381469727,9.600000381469727,8.5,9.25,9.25,317257961
2023-05-23,SUZLON.NS,Suzlon Energy,Retail Hype / Turnaround,9.449999809265137,9.649999618530273,9.149999618530273,9.449999809265137,9.449999809265137,161014013
2023-05-24,SUZLON.NS,Suzlon Energy,Retail Hype / Turnaround,9.550000190734863,10.199999809265137,9.550000190734863,10.050000190734863,10.050000190734863,277827881
2023-05-25,SUZLON.NS,Suzlon Energy,Retail Hype / Turnaround,10.199999809265137,10.300000190734863,9.699999809265137,9.800000190734863,9.800000190734863,165323748
2023-05-26,SUZLON.NS,Suzlon Energy,Retail Hype / Turnaround,9.800000190734863,10.149999618530273,9.449999809265137,10.0,10.0,149372185
2023-05-29,SUZLON.NS,Suzlon Energy,Retail Hype / Turnaround,10.149999618530273,10.449999809265137,10.100000381469727,10.350000381469727,10.350000381469727,179747106
2023-05-30,SUZLON.NS,Suzlon Energy,Retail Hype / Turnaround,10.350000381469727,10.75,10.199999809265137,10.649999618530273,10.649999618530273,294083000
2023-05-31,SUZLON.NS,Suzlon Energy,Retail Hype / Turnaround,10.899999618530273,11.850000381469727,10.649999618530273,11.75,11.75,751320632
2023-06-01,SUZLON.NS,Suzlon Energy,Retail Hype / Turnaround,11.850000381469727,12.0,11.050000190734863,11.149999618530273,11.149999618530273,316019955
2023-06-02,SUZLON.NS,Suzlon Energy,Retail Hype / Turnaround,11.25,11.399999618530273,10.850000381469727,11.0,11.0,258642228
2023-06-05,SUZLON.NS,Suzlon Energy,Retail Hype / Turnaround,11.100000381469727,11.5,11.0,11.399999618530273,11.399999618530273,272291792
2023-06-06,SUZLON.NS,Suzlon Energy,Retail Hype / Turnaround,11.550000190734863,12.399999618530273,11.350000381469727,12.199999809265137,12.199999809265137,533178450
2023-06-07,SUZLON.NS,Suzlon Energy,Retail Hype / Turnaround,12.550000190734863,14.600000381469727,12.5,14.449999809265137,14.449999809265137,346243409
2023-06-08,SUZLON.NS,Suzlon Energy,Retail Hype / Turnaround,14.199999809265137,14.199999809265137,13.199999809265137,13.350000381469727,13.350000381469727,522427881
2023-06-09,SUZLON.NS,Suzlon Energy,Retail Hype / Turnaround,13.5,14.199999809265137,13.300000190734863,14.0,14.0,293778902
2023-06-12,SUZLON.NS,Suzlon Energy,Retail Hype / Turnaround,14.149999618530273,15.399999618530273,14.100000381469727,15.300000190734863,15.300000190734863,461323199
2023-06-13,SUZLON.NS,Suzlon Energy,Retail Hype / Turnaround,15.399999618530273,15.75,14.75,15.100000381469727,15.100000381469727,390548184
2023-06-14,SUZLON.NS,Suzlon Energy,Retail Hype / Turnaround,15.25,15.350000381469727,14.149999618530273,14.399999618530273,14.399999618530273,222177502
2023-06-15,SUZLON.NS,Suzlon Energy,Retail Hype / Turnaround,14.399999618530273,14.600000381469727,14.0,14.449999809265137,14.449999809265137,178864927
2023-06-16,SUZLON.NS,Suzlon Energy,Retail Hype / Turnaround,14.550000190734863,15.149999618530273,14.550000190734863,14.75,14.75,282491085
2023-06-19,SUZLON.NS,Suzlon Energy,Retail Hype / Turnaround,14.949999809265137,15.050000190734863,14.25,14.550000190734863,14.550000190734863,163607569
2023-06-20,SUZLON.NS,Suzlon Energy,Retail Hype / Turnaround,14.649999618530273,14.699999809265137,13.649999618530273,14.25,14.25,196840707
2023-06-21,SUZLON.NS,Suzlon Energy,Retail Hype / Turnaround,14.300000190734863,14.550000190734863,13.850000381469727,14.0,14.0,134315767
2023-06-22,SUZLON.NS,Suzlon Energy,Retail Hype / Turnaround,14.050000190734863,14.100000381469727,13.300000190734863,13.600000381469727,13.600000381469727,150787608
2023-06-23,SUZLON.NS,Suzlon Energy,Retail Hype / Turnaround,13.600000381469727,14.149999618530273,13.25,13.850000381469727,13.850000381469727,133077725
2023-06-26,SUZLON.NS,Suzlon Energy,Retail Hype / Turnaround,13.949999809265137,14.25,13.649999618530273,14.0,14.0,93075149
2023-06-27,SUZLON.NS,Suzlon Energy,Retail Hype / Turnaround,14.050000190734863,14.399999618530273,14.0,14.100000381469727,14.100000381469727,81222094
2023-06-28,SUZLON.NS,Suzlon Energy,Retail Hype / Turnaround,14.199999809265137,15.0,14.199999809265137,14.75,14.75,204357357
2023-06-30,SUZLON.NS,Suzlon Energy,Retail Hype / Turnaround,15.050000190734863,15.649999618530273,14.949999809265137,15.300000190734863,15.300000190734863,260744421
2023-07-03,SUZLON.NS,Suzlon Energy,Retail Hype / Turnaround,15.75,16.799999237060547,15.75,16.799999237060547,16.799999237060547,389920926
2023-07-04,SUZLON.NS,Suzlon Energy,Retail Hype / Turnaround,17.450000762939453,18.450000762939453,17.149999618530273,18.299999237060547,18.299999237060547,701973517
2023-07-05,SUZLON.NS,Suzlon Energy,Retail Hype / Turnaround,17.950000762939453,18.149999618530273,17.399999618530273,17.399999618530273,17.399999618530273,264737406
2023-07-06,SUZLON.NS,Suzlon Energy,Retail Hype / Turnaround,16.799999237060547,17.950000762939453,16.649999618530273,17.649999618530273,17.649999618530273,415023310
2023-07-07,SUZLON.NS,Suzlon Energy,Retail Hype / Turnaround,17.549999237060547,18.299999237060547,17.450000762939453,17.850000381469727,17.850000381469727,267551084
2023-07-10,SUZLON.NS,Suzlon Energy,Retail Hype / Turnaround,18.049999237060547,18.100000381469727,17.200000762939453,17.350000381469727,17.350000381469727,142507601
2023-07-11,SUZLON.NS,Suzlon Energy,Retail Hype / Turnaround,17.5,18.200000762939453,17.049999237060547,17.950000762939453,17.950000762939453,369539889
2023-07-12,SUZLON.NS,Suzlon Energy,Retail Hype / Turnaround,18.0,18.549999237060547,17.600000381469727,18.0,18.0,201949606
2023-07-13,SUZLON.NS,Suzlon Energy,Retail Hype / Turnaround,18.149999618530273,18.350000381469727,17.450000762939453,17.549999237060547,17.549999237060547,149133001
2023-07-14,SUZLON.NS,Suzlon Energy,Retail Hype / Turnaround,17.649999618530273,17.899999618530273,17.299999237060547,17.700000762939453,17.700000762939453,81517693
2023-07-17,SUZLON.NS,Suzlon Energy,Retail Hype / Turnaround,18.25,18.450000762939453,18.100000381469727,18.200000762939453,18.200000762939453,129569292
2023-07-18,SUZLON.NS,Suzlon Energy,Retail Hype / Turnaround,18.299999237060547,18.299999237060547,17.799999237060547,17.899999618530273,17.899999618530273,89012544
2023-07-19,SUZLON.NS,Suzlon Energy,Retail Hype / Turnaround,18.0,18.100000381469727,17.799999237060547,17.850000381469727,17.850000381469727,48709437
2023-07-20,SUZLON.NS,Suzlon Energy,Retail Hype / Turnaround,17.950000762939453,18.700000762939453,17.850000381469727,18.700000762939453,18.700000762939453,242575898
2023-07-21,SUZLON.NS,Suzlon Energy,Retail Hype / Turnaround,19.25,19.600000381469727,19.100000381469727,19.600000381469727,19.600000381469727,86292023
2023-07-24,SUZLON.NS,Suzlon Energy,Retail Hype / Turnaround,20.549999237060547,20.549999237060547,19.200000762939453,20.0,20.0,517944819
2023-07-25,SUZLON.NS,Suzlon Energy,Retail Hype / Turnaround,20.25,20.799999237060547,19.0,19.0,19.0,276540698
2023-07-26,SUZLON.NS,Suzlon Energy,Retail Hype / Turnaround,18.049999237060547,18.049999237060547,18.049999237060547,18.049999237060547,18.049999237060547,41086178
2023-07-27,SUZLON.NS,Suzlon Energy,Retail Hype / Turnaround,17.649999618530273,18.399999618530273,17.450000762939453,17.850000381469727,17.850000381469727,250669150
2023-07-28,SUZLON.NS,Suzlon Energy,Retail Hype / Turnaround,17.799999237060547,18.25,17.700000762939453,18.049999237060547,18.049999237060547,97658422
2023-07-31,SUZLON.NS,Suzlon Energy,Retail Hype / Turnaround,18.200000762939453,18.950000762939453,18.049999237060547,18.950000762939453,18.950000762939453,123353716
2023-08-01,SUZLON.NS,Suzlon Energy,Retail Hype / Turnaround,19.549999237060547,19.850000381469727,19.100000381469727,19.299999237060547,19.299999237060547,167771796
2023-08-02,SUZLON.NS,Suzlon Energy,Retail Hype / Turnaround,19.350000381469727,19.350000381469727,18.350000381469727,18.5,18.5,229699866
2023-08-03,SUZLON.NS,Suzlon Energy,Retail Hype / Turnaround,18.450000762939453,18.450000762939453,17.700000762939453,17.950000762939453,17.950000762939453,122802683
2023-08-04,SUZLON.NS,Suzlon Energy,Retail Hype / Turnaround,18.0,18.799999237060547,18.0,18.399999618530273,18.399999618530273,241151653
2023-08-07,SUZLON.NS,Suzlon Energy,Retail Hype / Turnaround,18.600000381469727,19.0,18.25,18.649999618530273,18.649999618530273,119709706
2023-08-08,SUZLON.NS,Suzlon Energy,Retail Hype / Turnaround,18.649999618530273,18.950000762939453,18.350000381469727,18.600000381469727,18.600000381469727,107177129
2023-08-09,SUZLON.NS,Suzlon Energy,Retail Hype / Turnaround,18.950000762939453,19.5,18.899999618530273,19.5,19.5,204669757
2023-08-10,SUZLON.NS,Suzlon Energy,Retail Hype / Turnaround,19.950000762939453,20.450000762939453,19.899999618530273,20.450000762939453,20.450000762939453,198521194
2023-08-11,SUZLON.NS,Suzlon Energy,Retail Hype / Turnaround,20.75,21.25,19.799999237060547,20.200000762939453,20.200000762939453,193133275
2023-08-14,SUZLON.NS,Suzlon Energy,Retail Hype / Turnaround,19.549999237060547,20.200000762939453,19.299999237060547,20.049999237060547,20.049999237060547,110526997
2023-08-16,SUZLON.NS,Suzlon Energy,Retail Hype / Turnaround,20.049999237060547,20.5,20.049999237060547,20.25,20.25,66006572
2023-08-17,SUZLON.NS,Suzlon Energy,Retail Hype / Turnaround,19.850000381469727,20.0,19.399999618530273,19.700000762939453,19.700000762939453,130822363
2023-08-18,SUZLON.NS,Suzlon Energy,Retail Hype / Turnaround,19.799999237060547,20.049999237060547,19.5,19.799999237060547,19.799999237060547,70016385
2023-08-21,SUZLON.NS,Suzlon Energy,Retail Hype / Turnaround,20.100000381469727,20.149999618530273,19.799999237060547,19.899999618530273,19.899999618530273,71793107
2023-08-22,SUZLON.NS,Suzlon Energy,Retail Hype / Turnaround,19.950000762939453,20.850000381469727,19.950000762939453,20.850000381469727,20.850000381469727,189624524
2023-08-23,SUZLON.NS,Suzlon Energy,Retail Hype / Turnaround,21.0,21.850000381469727,21.0,21.850000381469727,21.850000381469727,204874807
2023-08-24,SUZLON.NS,Suzlon Energy,Retail Hype / Turnaround,22.75,22.850000381469727,21.25,21.5,21.5,269657749
2023-08-25,SUZLON.NS,Suzlon Energy,Retail Hype / Turnaround,21.649999618530273,22.549999237060547,21.549999237060547,22.399999618530273,22.399999618530273,166449370
2023-08-28,SUZLON.NS,Suzlon Energy,Retail Hype / Turnaround,23.399999618530273,23.5,23.25,23.5,23.5,192627964
2023-08-29,SUZLON.NS,Suzlon Energy,Retail Hype / Turnaround,24.0,24.649999618530273,23.950000762939453,24.649999618530273,24.649999618530273,203593052
2023-08-30,SUZLON.NS,Suzlon Energy,Retail Hype / Turnaround,25.850000381469727,25.850000381469727,25.350000381469727,25.850000381469727,25.850000381469727,88452282
2023-08-31,SUZLON.NS,Suzlon Energy,Retail Hype / Turnaround,26.5,27.049999237060547,24.549999237060547,24.549999237060547,24.549999237060547,413958502
2023-09-01,SUZLON.NS,Suzlon Energy,Retail Hype / Turnaround,24.549999237060547,25.75,23.950000762939453,25.0,25.0,209113483
2023-09-04,SUZLON.NS,Suzlon Energy,Retail Hype / Turnaround,25.450000762939453,25.700000762939453,23.850000381469727,24.100000381469727,24.100000381469727,189499859
2023-09-05,SUZLON.NS,Suzlon Energy,Retail Hype / Turnaround,24.600000381469727,24.899999618530273,23.5,23.600000381469727,23.600000381469727,131411045
2023-09-06,SUZLON.NS,Suzlon Energy,Retail Hype / Turnaround,23.799999237060547,24.399999618530273,23.399999618530273,23.799999237060547,23.799999237060547,107987698
2023-09-07,SUZLON.NS,Suzlon Energy,Retail Hype / Turnaround,24.100000381469727,24.950000762939453,23.549999237060547,24.100000381469727,24.100000381469727,170673034
2023-09-08,SUZLON.NS,Suzlon Energy,Retail Hype / Turnaround,24.200000762939453,24.299999237060547,23.649999618530273,24.049999237060547,24.049999237060547,87741294
2023-09-11,SUZLON.NS,Suzlon Energy,Retail Hype / Turnaround,24.299999237060547,24.399999618530273,23.75,24.0,24.0,93344063
2023-09-12,SUZLON.NS,Suzlon Energy,Retail Hype / Turnaround,24.149999618530273,24.200000762939453,22.799999237060547,22.799999237060547,22.799999237060547,146034046
2023-09-13,SUZLON.NS,Suzlon Energy,Retail Hype / Turnaround,22.200000762939453,22.5,21.700000762939453,22.149999618530273,22.149999618530273,236321372
2023-09-14,SUZLON.NS,Suzlon Energy,Retail Hype / Turnaround,22.350000381469727,23.25,21.75,23.25,23.25,178268509
2023-09-15,SUZLON.NS,Suzlon Energy,Retail Hype / Turnaround,23.600000381469727,24.399999618530273,23.149999618530273,24.200000762939453,24.200000762939453,225766744
2023-09-18,SUZLON.NS,Suzlon Energy,Retail Hype / Turnaround,24.700000762939453,25.100000381469727,24.5,24.75,24.75,142270040
2023-09-20,SUZLON.NS,Suzlon Energy,Retail Hype / Turnaround,24.950000762939453,25.950000762939453,24.5,25.850000381469727,25.850000381469727,166418138
2023-09-21,SUZLON.NS,Suzlon Energy,Retail Hype / Turnaround,25.850000381469727,26.25,25.149999618530273,25.5,25.5,166438893
2023-09-22,SUZLON.NS,Suzlon Energy,Retail Hype / Turnaround,25.649999618530273,25.850000381469727,24.5,25.049999237060547,25.049999237060547,95275738
2023-09-25,SUZLON.NS,Suzlon Energy,Retail Hype / Turnaround,25.75,26.049999237060547,25.100000381469727,25.5,25.5,71458712
2023-09-26,SUZLON.NS,Suzlon Energy,Retail Hype / Turnaround,25.600000381469727,26.100000381469727,24.950000762939453,26.0,26.0,110565689
2023-09-27,SUZLON.NS,Suzlon Energy,Retail Hype / Turnaround,25.100000381469727,25.899999618530273,25.049999237060547,25.649999618530273,25.649999618530273,94771055
2023-09-28,SUZLON.NS,Suzlon Energy,Retail Hype / Turnaround,25.700000762939453,26.399999618530273,25.450000762939453,25.649999618530273,25.649999618530273,75375280
2023-09-29,SUZLON.NS,Suzlon Energy,Retail Hype / Turnaround,25.850000381469727,26.200000762939453,25.549999237060547,25.799999237060547,25.799999237060547,76660245
2023-10-03,SUZLON.NS,Suzlon Energy,Retail Hype / Turnaround,25.950000762939453,27.049999237060547,25.75,26.950000762939453,26.950000762939453,215807142
2023-10-04,SUZLON.NS,Suzlon Energy,Retail Hype / Turnaround,27.350000381469727,28.25,27.100000381469727,28.100000381469727,28.100000381469727,346015638
2023-10-05,SUZLON.NS,Suzlon Energy,Retail Hype / Turnaround,28.600000381469727,29.5,28.549999237060547,29.5,29.5,285672016
2023-10-06,SUZLON.NS,Suzlon Energy,Retail Hype / Turnaround,28.850000381469727,29.799999237060547,28.399999618530273,29.100000381469727,29.100000381469727,273969163
2023-10-09,SUZLON.NS,Suzlon Energy,Retail Hype / Turnaround,28.200000762939453,28.350000381469727,27.649999618530273,27.649999618530273,27.649999618530273,151080200
2023-10-10,SUZLON.NS,Suzlon Energy,Retail Hype / Turnaround,26.5,27.399999618530273,26.299999237060547,26.350000381469727,26.350000381469727,80186599
2023-10-11,SUZLON.NS,Suzlon Energy,Retail Hype / Turnaround,26.5,27.649999618530273,26.450000762939453,27.649999618530273,27.649999618530273,45365872
2023-10-12,SUZLON.NS,Suzlon Energy,Retail Hype / Turnaround,28.25,28.600000381469727,27.049999237060547,27.149999618530273,27.149999618530273,70399620
2023-10-13,SUZLON.NS,Suzlon Energy,Retail Hype / Turnaround,27.200000762939453,27.450000762939453,26.600000381469727,26.799999237060547,26.799999237060547,39585232
2023-10-16,SUZLON.NS,Suzlon Energy,Retail Hype / Turnaround,27.600000381469727,28.100000381469727,27.049999237060547,28.100000381469727,28.100000381469727,73809145
2023-10-17,SUZLON.NS,Suzlon Energy,Retail Hype / Turnaround,28.899999618530273,29.5,28.649999618530273,29.5,29.5,111721555
2023-10-18,SUZLON.NS,Suzlon Energy,Retail Hype / Turnaround,30.25,30.950000762939453,29.799999237060547,30.950000762939453,30.950000762939453,131127521
2023-10-19,SUZLON.NS,Suzlon Energy,Retail Hype / Turnaround,31.0,32.099998474121094,30.0,31.600000381469727,31.600000381469727,135200931
2023-10-20,SUZLON.NS,Suzlon Energy,Retail Hype / Turnaround,31.450000762939453,33.150001525878906,31.0,32.5,32.5,373269936
2023-10-23,SUZLON.NS,Suzlon Energy,Retail Hype / Turnaround,33.25,34.099998474121094,31.399999618530273,31.799999237060547,31.799999237060547,130338329
2023-10-25,SUZLON.NS,Suzlon Energy,Retail Hype / Turnaround,32.099998474121094,33.099998474121094,30.299999237060547,31.899999618530273,31.899999618530273,98053560
2023-10-26,SUZLON.NS,Suzlon Energy,Retail Hype / Turnaround,31.25,31.950000762939453,30.299999237060547,31.399999618530273,31.399999618530273,99436973
2023-10-27,SUZLON.NS,Suzlon Energy,Retail Hype / Turnaround,32.0,32.900001525878906,31.950000762939453,32.099998474121094,32.099998474121094,80529369
2023-10-30,SUZLON.NS,Suzlon Energy,Retail Hype / Turnaround,32.70000076293945,32.79999923706055,31.25,31.549999237060547,31.549999237060547,42405596
2023-10-31,SUZLON.NS,Suzlon Energy,Retail Hype / Turnaround,32.0,32.0,30.0,30.600000381469727,30.600000381469727,49276497
2023-11-01,SUZLON.NS,Suzlon Energy,Retail Hype / Turnaround,30.700000762939453,31.600000381469727,30.600000381469727,31.299999237060547,31.299999237060547,39955174
2023-11-02,SUZLON.NS,Suzlon Energy,Retail Hype / Turnaround,31.899999618530273,32.849998474121094,31.350000381469727,32.650001525878906,32.650001525878906,52429624
2023-11-03,SUZLON.NS,Suzlon Energy,Retail Hype / Turnaround,33.20000076293945,34.25,33.0,34.25,34.25,76623253
2023-11-06,SUZLON.NS,Suzlon Energy,Retail Hype / Turnaround,35.95000076293945,35.95000076293945,35.95000076293945,35.95000076293945,35.95000076293945,15536896
2023-11-07,SUZLON.NS,Suzlon Energy,Retail Hype / Turnaround,37.0,37.400001525878906,35.0,37.349998474121094,37.349998474121094,145813507
2023-11-08,SUZLON.NS,Suzlon Energy,Retail Hype / Turnaround,37.79999923706055,39.20000076293945,36.79999923706055,37.400001525878906,37.400001525878906,113882054
2023-11-09,SUZLON.NS,Suzlon Energy,Retail Hype / Turnaround,38.0,38.45000076293945,37.0,37.29999923706055,37.29999923706055,49396345
2023-11-10,SUZLON.NS,Suzlon Energy,Retail Hype / Turnaround,37.5,38.25,37.099998474121094,37.900001525878906,37.900001525878906,45379797
2023-11-13,SUZLON.NS,Suzlon Energy,Retail Hype / Turnaround,38.599998474121094,39.25,37.79999923706055,38.650001525878906,38.650001525878906,45335763
2023-11-15,SUZLON.NS,Suzlon Energy,Retail Hype / Turnaround,39.95000076293945,40.54999923706055,39.54999923706055,40.5,40.5,143082003
2023-11-16,SUZLON.NS,Suzlon Energy,Retail Hype / Turnaround,40.5,42.5,40.5,42.099998474121094,42.099998474121094,115717878
2023-11-17,SUZLON.NS,Suzlon Energy,Retail Hype / Turnaround,42.900001525878906,44.0,40.29999923706055,42.29999923706055,42.29999923706055,161956692
2023-11-20,SUZLON.NS,Suzlon Energy,Retail Hype / Turnaround,42.5,43.0,40.20000076293945,41.349998474121094,41.349998474121094,130271353
2023-11-21,SUZLON.NS,Suzlon Energy,Retail Hype / Turnaround,41.5,41.5,39.29999923706055,39.29999923706055,39.29999923706055,111694707
2023-11-22,SUZLON.NS,Suzlon Energy,Retail Hype / Turnaround,37.75,38.5,37.349998474121094,37.349998474121094,37.349998474121094,42657149
2023-11-23,SUZLON.NS,Suzlon Energy,Retail Hype / Turnaround,35.5,39.20000076293945,35.5,39.20000076293945,39.20000076293945,102656993
2023-11-24,SUZLON.NS,Suzlon Energy,Retail Hype / Turnaround,40.0,41.150001525878906,39.45000076293945,40.599998474121094,40.599998474121094,117045798
2023-11-28,SUZLON.NS,Suzlon Energy,Retail Hype / Turnaround,41.349998474121094,41.70000076293945,38.70000076293945,38.95000076293945,38.95000076293945,116147704
2023-11-29,SUZLON.NS,Suzlon Energy,Retail Hype / Turnaround,39.45000076293945,40.29999923706055,37.599998474121094,39.599998474121094,39.599998474121094,98361673
2023-11-30,SUZLON.NS,Suzlon Energy,Retail Hype / Turnaround,40.349998474121094,41.0,38.099998474121094,40.75,40.75,811525884
2023-12-01,SUZLON.NS,Suzlon Energy,Retail Hype / Turnaround,40.0,40.400001525878906,39.0,39.400001525878906,39.400001525878906,63576805
2023-12-04,SUZLON.NS,Suzlon Energy,Retail Hype / Turnaround,41.0,41.0,39.70000076293945,40.099998474121094,40.099998474121094,40525430
2023-12-05,SUZLON.NS,Suzlon Energy,Retail Hype / Turnaround,40.5,40.5,38.849998474121094,39.650001525878906,39.650001525878906,52174216
2023-12-06,SUZLON.NS,Suzlon Energy,Retail Hype / Turnaround,39.5,39.5,38.400001525878906,38.95000076293945,38.95000076293945,49075379
2023-12-07,SUZLON.NS,Suzlon Energy,Retail Hype / Turnaround,38.95000076293945,40.0,38.0,39.04999923706055,39.04999923706055,51193825
2023-12-08,SUZLON.NS,Suzlon Energy,Retail Hype / Turnaround,39.599998474121094,39.599998474121094,38.0,38.75,38.75,35448583
2023-12-11,SUZLON.NS,Suzlon Energy,Retail Hype / Turnaround,38.849998474121094,39.5,38.0,39.20000076293945,39.20000076293945,59585051
2023-12-12,SUZLON.NS,Suzlon Energy,Retail Hype / Turnaround,39.5,39.5,38.400001525878906,38.5,38.5,33308747
2023-12-13,SUZLON.NS,Suzlon Energy,Retail Hype / Turnaround,38.599998474121094,38.75,37.5,38.20000076293945,38.20000076293945,38010747
2023-12-14,SUZLON.NS,Suzlon Energy,Retail Hype / Turnaround,38.20000076293945,38.599998474121094,37.099998474121094,37.349998474121094,37.349998474121094,58576341
2023-12-15,SUZLON.NS,Suzlon Energy,Retail Hype / Turnaround,37.29999923706055,39.20000076293945,36.0,38.54999923706055,38.54999923706055,135917707
2023-12-18,SUZLON.NS,Suzlon Energy,Retail Hype / Turnaround,38.75,38.75,37.5,37.849998474121094,37.849998474121094,34128022
2023-12-19,SUZLON.NS,Suzlon Energy,Retail Hype / Turnaround,37.849998474121094,37.900001525878906,36.79999923706055,37.5,37.5,46279926
2023-12-20,SUZLON.NS,Suzlon Energy,Retail Hype / Turnaround,37.900001525878906,38.150001525878906,35.650001525878906,35.650001525878906,35.650001525878906,60110787
2023-12-21,SUZLON.NS,Suzlon Energy,Retail Hype / Turnaround,34.29999923706055,37.25,33.900001525878906,37.099998474121094,37.099998474121094,68214659
2023-12-22,SUZLON.NS,Suzlon Energy,Retail Hype / Turnaround,37.5,38.0,36.5,37.25,37.25,27363287
2023-12-26,SUZLON.NS,Suzlon Energy,Retail Hype / Turnaround,37.25,37.650001525878906,36.54999923706055,36.900001525878906,36.900001525878906,24483621
2023-12-27,SUZLON.NS,Suzlon Energy,Retail Hype / Turnaround,37.29999923706055,37.29999923706055,36.20000076293945,37.04999923706055,37.04999923706055,29736305
2023-12-28,SUZLON.NS,Suzlon Energy,Retail Hype / Turnaround,37.20000076293945,38.5,37.099998474121094,38.150001525878906,38.150001525878906,49428774
2023-12-29,SUZLON.NS,Suzlon Energy,Retail Hype / Turnaround,38.54999923706055,38.70000076293945,38.0,38.20000076293945,38.20000076293945,28153967
2024-01-01,SUZLON.NS,Suzlon Energy,Retail Hype / Turnaround,38.5,38.599998474121094,38.0,38.5,38.5,35078873
2024-01-02,SUZLON.NS,Suzlon Energy,Retail Hype / Turnaround,38.70000076293945,38.79999923706055,37.099998474121094,38.25,38.25,30864924
2024-01-03,SUZLON.NS,Suzlon Energy,Retail Hype / Turnaround,38.25,38.25,37.70000076293945,37.79999923706055,37.79999923706055,21788140
2024-01-04,SUZLON.NS,Suzlon Energy,Retail Hype / Turnaround,37.79999923706055,39.29999923706055,37.75,38.70000076293945,38.70000076293945,38232279
2024-01-05,SUZLON.NS,Suzlon Energy,Retail Hype / Turnaround,38.900001525878906,40.599998474121094,38.70000076293945,40.599998474121094,40.599998474121094,75799676
2024-01-08,SUZLON.NS,Suzlon Energy,Retail Hype / Turnaround,41.5,42.599998474121094,40.0,42.599998474121094,42.599998474121094,92602484
2024-01-09,SUZLON.NS,Suzlon Energy,Retail Hype / Turnaround,43.25,44.0,41.5,43.54999923706055,43.54999923706055,103582158
2024-01-10,SUZLON.NS,Suzlon Energy,Retail Hype / Turnaround,44.099998474121094,44.20000076293945,42.29999923706055,43.54999923706055,43.54999923706055,54417493
2024-01-11,SUZLON.NS,Suzlon Energy,Retail Hype / Turnaround,43.900001525878906,44.0,42.70000076293945,43.599998474121094,43.599998474121094,48037394
2024-01-12,SUZLON.NS,Suzlon Energy,Retail Hype / Turnaround,43.79999923706055,45.400001525878906,43.150001525878906,44.900001525878906,44.900001525878906,88210161
2024-01-15,SUZLON.NS,Suzlon Energy,Retail Hype / Turnaround,45.20000076293945,45.70000076293945,43.70000076293945,43.849998474121094,43.849998474121094,73414515
2024-01-16,SUZLON.NS,Suzlon Energy,Retail Hype / Turnaround,44.0,44.20000076293945,41.650001525878906,42.04999923706055,42.04999923706055,73662300
2024-01-17,SUZLON.NS,Suzlon Energy,Retail Hype / Turnaround,41.5,42.650001525878906,40.349998474121094,40.900001525878906,40.900001525878906,62350656
2024-01-18,SUZLON.NS,Suzlon Energy,Retail Hype / Turnaround,40.900001525878906,42.900001525878906,40.099998474121094,42.900001525878906,42.900001525878906,77361249
2024-01-19,SUZLON.NS,Suzlon Energy,Retail Hype / Turnaround,43.5,44.45000076293945,41.45000076293945,41.849998474121094,41.849998474121094,118653572
2024-01-23,SUZLON.NS,Suzlon Energy,Retail Hype / Turnaround,42.5,43.0,40.20000076293945,41.150001525878906,41.150001525878906,61821069
2024-01-24,SUZLON.NS,Suzlon Energy,Retail Hype / Turnaround,41.599998474121094,41.599998474121094,40.349998474121094,41.20000076293945,41.20000076293945,33524849
2024-01-25,SUZLON.NS,Suzlon Energy,Retail Hype / Turnaround,41.650001525878906,43.0,40.900001525878906,42.54999923706055,42.54999923706055,53839790
2024-01-29,SUZLON.NS,Suzlon Energy,Retail Hype / Turnaround,43.0,43.849998474121094,42.54999923706055,43.25,43.25,64987571
2024-01-30,SUZLON.NS,Suzlon Energy,Retail Hype / Turnaround,43.5,44.849998474121094,42.75,43.79999923706055,43.79999923706055,88270852
2024-01-31,SUZLON.NS,Suzlon Energy,Retail Hype / Turnaround,44.400001525878906,45.95000076293945,44.20000076293945,45.95000076293945,45.95000076293945,145374835
2024-02-01,SUZLON.NS,Suzlon Energy,Retail Hype / Turnaround,47.29999923706055,48.20000076293945,47.0,48.20000076293945,48.20000076293945,195541083
2024-02-02,SUZLON.NS,Suzlon Energy,Retail Hype / Turnaround,49.900001525878906,50.599998474121094,48.0,48.599998474121094,48.599998474121094,219513812
2024-02-05,SUZLON.NS,Suzlon Energy,Retail Hype / Turnaround,49.599998474121094,50.0,47.5,48.25,48.25,112297989
2024-02-06,SUZLON.NS,Suzlon Energy,Retail Hype / Turnaround,48.79999923706055,48.79999923706055,47.20000076293945,48.0,48.0,53168885
2024-02-07,SUZLON.NS,Suzlon Energy,Retail Hype / Turnaround,48.20000076293945,49.95000076293945,48.20000076293945,49.25,49.25,64866228
2024-02-08,SUZLON.NS,Suzlon Energy,Retail Hype / Turnaround,49.5,49.75,48.5,49.349998474121094,49.349998474121094,53850076
2024-02-09,SUZLON.NS,Suzlon Energy,Retail Hype / Turnaround,49.349998474121094,49.400001525878906,46.900001525878906,47.349998474121094,47.349998474121094,90732188
2024-02-12,SUZLON.NS,Suzlon Energy,Retail Hype / Turnaround,47.95000076293945,48.20000076293945,45.0,45.0,45.0,65398403
2024-02-13,SUZLON.NS,Suzlon Energy,Retail Hype / Turnaround,43.650001525878906,44.650001525878906,42.75,43.900001525878906,43.900001525878906,135410453
2024-02-14,SUZLON.NS,Suzlon Energy,Retail Hype / Turnaround,42.45000076293945,46.04999923706055,42.04999923706055,46.04999923706055,46.04999923706055,59861806
2024-02-15,SUZLON.NS,Suzlon Energy,Retail Hype / Turnaround,46.95000076293945,47.75,46.5,47.04999923706055,47.04999923706055,44781950
2024-02-16,SUZLON.NS,Suzlon Energy,Retail Hype / Turnaround,47.70000076293945,47.70000076293945,46.0,46.849998474121094,46.849998474121094,23858185
2024-02-19,SUZLON.NS,Suzlon Energy,Retail Hype / Turnaround,47.5,47.599998474121094,46.04999923706055,46.150001525878906,46.150001525878906,19476010
2024-02-20,SUZLON.NS,Suzlon Energy,Retail Hype / Turnaround,46.650001525878906,46.849998474121094,45.599998474121094,45.79999923706055,45.79999923706055,20108565
2024-02-21,SUZLON.NS,Suzlon Energy,Retail Hype / Turnaround,45.95000076293945,46.0,43.75,44.75,44.75,30440623
2024-02-22,SUZLON.NS,Suzlon Energy,Retail Hype / Turnaround,44.849998474121094,45.29999923706055,43.79999923706055,44.79999923706055,44.79999923706055,23276564
2024-02-23,SUZLON.NS,Suzlon Energy,Retail Hype / Turnaround,45.150001525878906,45.599998474121094,44.79999923706055,44.900001525878906,44.900001525878906,25286705
2024-02-26,SUZLON.NS,Suzlon Energy,Retail Hype / Turnaround,45.75,45.75,43.349998474121094,43.75,43.75,30050547
2024-02-27,SUZLON.NS,Suzlon Energy,Retail Hype / Turnaround,44.20000076293945,45.0,43.5,44.54999923706055,44.54999923706055,22624252
2024-02-28,SUZLON.NS,Suzlon Energy,Retail Hype / Turnaround,44.599998474121094,44.650001525878906,42.349998474121094,43.20000076293945,43.20000076293945,36887600
2024-02-29,SUZLON.NS,Suzlon Energy,Retail Hype / Turnaround,43.0,45.349998474121094,41.04999923706055,45.25,45.25,117200579
2024-03-01,SUZLON.NS,Suzlon Energy,Retail Hype / Turnaround,45.599998474121094,46.0,44.099998474121094,44.29999923706055,44.29999923706055,22093410
2024-03-04,SUZLON.NS,Suzlon Energy,Retail Hype / Turnaround,42.79999923706055,43.79999923706055,41.75,42.79999923706055,42.79999923706055,55074786
2024-03-05,SUZLON.NS,Suzlon Energy,Retail Hype / Turnaround,41.650001525878906,41.650001525878906,40.70000076293945,40.70000076293945,40.70000076293945,53278004
2024-03-06,SUZLON.NS,Suzlon Energy,Retail Hype / Turnaround,39.0,39.0,38.70000076293945,38.70000076293945,38.70000076293945,29049668
2024-03-07,SUZLON.NS,Suzlon Energy,Retail Hype / Turnaround,37.20000076293945,40.599998474121094,37.20000076293945,40.599998474121094,40.599998474121094,58288425
2024-03-11,SUZLON.NS,Suzlon Energy,Retail Hype / Turnaround,41.5,42.0,39.0,39.349998474121094,39.349998474121094,39527748
2024-03-12,SUZLON.NS,Suzlon Energy,Retail Hype / Turnaround,39.349998474121094,40.0,37.400001525878906,39.29999923706055,39.29999923706055,47404379
2024-03-13,SUZLON.NS,Suzlon Energy,Retail Hype / Turnaround,38.5,39.29999923706055,37.349998474121094,37.349998474121094,37.349998474121094,38160910
2024-03-14,SUZLON.NS,Suzlon Energy,Retail Hype / Turnaround,35.5,39.20000076293945,35.5,39.04999923706055,39.04999923706055,67013191
2024-03-15,SUZLON.NS,Suzlon Energy,Retail Hype / Turnaround,39.0,40.0,37.5,39.400001525878906,39.400001525878906,144957453
2024-03-18,SUZLON.NS,Suzlon Energy,Retail Hype / Turnaround,38.849998474121094,38.900001525878906,37.70000076293945,38.54999923706055,38.54999923706055,22647157
2024-03-19,SUZLON.NS,Suzlon Energy,Retail Hype / Turnaround,38.400001525878906,38.400001525878906,36.79999923706055,37.150001525878906,37.150001525878906,20548501
2024-03-20,SUZLON.NS,Suzlon Energy,Retail Hype / Turnaround,37.150001525878906,37.70000076293945,35.599998474121094,36.29999923706055,36.29999923706055,26893468
2024-03-21,SUZLON.NS,Suzlon Energy,Retail Hype / Turnaround,37.0,38.099998474121094,36.5,37.29999923706055,37.29999923706055,54916534
2024-03-22,SUZLON.NS,Suzlon Energy,Retail Hype / Turnaround,37.0,37.95000076293945,36.349998474121094,37.349998474121094,37.349998474121094,17891396
2024-03-26,SUZLON.NS,Suzlon Energy,Retail Hype / Turnaround,37.5,37.650001525878906,36.79999923706055,37.099998474121094,37.099998474121094,25064700
2024-03-27,SUZLON.NS,Suzlon Energy,Retail Hype / Turnaround,37.400001525878906,38.95000076293945,37.099998474121094,38.5,38.5,92336818
2024-03-28,SUZLON.NS,Suzlon Energy,Retail Hype / Turnaround,39.0,40.400001525878906,38.599998474121094,40.400001525878906,40.400001525878906,44688873
2024-04-01,SUZLON.NS,Suzlon Energy,Retail Hype / Turnaround,39.95000076293945,41.75,38.400001525878906,41.349998474121094,41.349998474121094,32553386
2024-04-02,SUZLON.NS,Suzlon Energy,Retail Hype / Turnaround,41.79999923706055,43.0,40.400001525878906,42.5,42.5,31126883
2024-04-03,SUZLON.NS,Suzlon Energy,Retail Hype / Turnaround,42.5,43.54999923706055,41.599998474121094,43.5,43.5,28078702
2024-04-04,SUZLON.NS,Suzlon Energy,Retail Hype / Turnaround,44.5,44.599998474121094,42.70000076293945,42.95000076293945,42.95000076293945,30712841
2024-04-05,SUZLON.NS,Suzlon Energy,Retail Hype / Turnaround,43.0,43.0,42.0,42.650001525878906,42.650001525878906,15830518
2024-04-08,SUZLON.NS,Suzlon Energy,Retail Hype / Turnaround,43.150001525878906,43.150001525878906,41.400001525878906,41.5,41.5,20072402
2024-04-09,SUZLON.NS,Suzlon Energy,Retail Hype / Turnaround,41.5,42.5,40.79999923706055,40.900001525878906,40.900001525878906,20548936
2024-04-10,SUZLON.NS,Suzlon Energy,Retail Hype / Turnaround,41.150001525878906,42.650001525878906,41.099998474121094,42.150001525878906,42.150001525878906,28693252
2024-04-12,SUZLON.NS,Suzlon Energy,Retail Hype / Turnaround,42.150001525878906,42.75,41.79999923706055,42.150001525878906,42.150001525878906,37205677
2024-04-15,SUZLON.NS,Suzlon Energy,Retail Hype / Turnaround,40.04999923706055,41.20000076293945,40.04999923706055,40.75,40.75,37643079
2024-04-16,SUZLON.NS,Suzlon Energy,Retail Hype / Turnaround,39.849998474121094,41.25,39.54999923706055,40.5,40.5,20994202
2024-04-18,SUZLON.NS,Suzlon Energy,Retail Hype / Turnaround,41.0,41.70000076293945,40.70000076293945,41.150001525878906,41.150001525878906,23917024
2024-04-19,SUZLON.NS,Suzlon Energy,Retail Hype / Turnaround,40.45000076293945,40.70000076293945,39.099998474121094,39.349998474121094,39.349998474121094,54049625
2024-04-22,SUZLON.NS,Suzlon Energy,Retail Hype / Turnaround,38.849998474121094,41.29999923706055,38.599998474121094,40.849998474121094,40.849998474121094,62114928
2024-04-23,SUZLON.NS,Suzlon Energy,Retail Hype / Turnaround,41.0,42.099998474121094,40.54999923706055,41.849998474121094,41.849998474121094,69215858
2024-04-24,SUZLON.NS,Suzlon Energy,Retail Hype / Turnaround,41.900001525878906,42.5,41.45000076293945,41.79999923706055,41.79999923706055,34252835
2024-04-25,SUZLON.NS,Suzlon Energy,Retail Hype / Turnaround,42.20000076293945,42.29999923706055,41.25,42.150001525878906,42.150001525878906,22866483
2024-04-26,SUZLON.NS,Suzlon Energy,Retail Hype / Turnaround,42.04999923706055,42.150001525878906,41.25,41.650001525878906,41.650001525878906,18201395
2024-04-29,SUZLON.NS,Suzlon Energy,Retail Hype / Turnaround,41.849998474121094,42.0,41.400001525878906,41.599998474121094,41.599998474121094,17815539
2024-04-30,SUZLON.NS,Suzlon Energy,Retail Hype / Turnaround,41.95000076293945,42.099998474121094,41.0,41.599998474121094,41.599998474121094,30499261
2024-05-02,SUZLON.NS,Suzlon Energy,Retail Hype / Turnaround,41.599998474121094,42.04999923706055,41.04999923706055,41.70000076293945,41.70000076293945,31530269
2024-05-03,SUZLON.NS,Suzlon Energy,Retail Hype / Turnaround,42.0,42.29999923706055,41.04999923706055,41.349998474121094,41.349998474121094,23725164
2024-05-06,SUZLON.NS,Suzlon Energy,Retail Hype / Turnaround,42.0,42.0,40.400001525878906,40.79999923706055,40.79999923706055,17232143
2024-05-07,SUZLON.NS,Suzlon Energy,Retail Hype / Turnaround,40.75,40.79999923706055,39.0,39.75,39.75,27831110
2024-05-08,SUZLON.NS,Suzlon Energy,Retail Hype / Turnaround,39.75,40.20000076293945,39.04999923706055,39.95000076293945,39.95000076293945,24940794
2024-05-09,SUZLON.NS,Suzlon Energy,Retail Hype / Turnaround,40.0,40.400001525878906,39.45000076293945,39.599998474121094,39.599998474121094,21071854
2024-05-10,SUZLON.NS,Suzlon Energy,Retail Hype / Turnaround,39.849998474121094,40.099998474121094,39.0,39.900001525878906,39.900001525878906,14667345
2024-05-13,SUZLON.NS,Suzlon Energy,Retail Hype / Turnaround,39.900001525878906,39.900001525878906,37.900001525878906,39.0,39.0,23030136
2024-05-14,SUZLON.NS,Suzlon Energy,Retail Hype / Turnaround,39.04999923706055,40.75,39.04999923706055,40.20000076293945,40.20000076293945,15680138
2024-05-15,SUZLON.NS,Suzlon Energy,Retail Hype / Turnaround,40.400001525878906,42.20000076293945,40.04999923706055,42.20000076293945,42.20000076293945,42747507
2024-05-16,SUZLON.NS,Suzlon Energy,Retail Hype / Turnaround,42.5,43.0,41.75,42.79999923706055,42.79999923706055,36344580
2024-05-17,SUZLON.NS,Suzlon Energy,Retail Hype / Turnaround,42.79999923706055,42.95000076293945,42.099998474121094,42.599998474121094,42.599998474121094,24116415
2024-05-21,SUZLON.NS,Suzlon Energy,Retail Hype / Turnaround,42.5,44.20000076293945,41.900001525878906,44.04999923706055,44.04999923706055,45615167
2024-05-22,SUZLON.NS,Suzlon Energy,Retail Hype / Turnaround,44.5,46.25,42.95000076293945,46.0,46.0,80221850
2024-05-23,SUZLON.NS,Suzlon Energy,Retail Hype / Turnaround,46.400001525878906,48.29999923706055,45.70000076293945,48.29999923706055,48.29999923706055,90528423
2024-05-24,SUZLON.NS,Suzlon Energy,Retail Hype / Turnaround,49.0,49.0,45.900001525878906,45.95000076293945,45.95000076293945,53070069
2024-05-27,SUZLON.NS,Suzlon Energy,Retail Hype / Turnaround,45.25,46.70000076293945,45.0,45.20000076293945,45.20000076293945,38521150
2024-05-28,SUZLON.NS,Suzlon Energy,Retail Hype / Turnaround,45.5,45.849998474121094,43.400001525878906,43.95000076293945,43.95000076293945,26264263
2024-05-29,SUZLON.NS,Suzlon Energy,Retail Hype / Turnaround,43.900001525878906,46.099998474121094,43.54999923706055,46.099998474121094,46.099998474121094,30979346
2024-05-30,SUZLON.NS,Suzlon Energy,Retail Hype / Turnaround,46.29999923706055,46.900001525878906,44.5,45.400001525878906,45.400001525878906,31288700
2024-05-31,SUZLON.NS,Suzlon Energy,Retail Hype / Turnaround,45.70000076293945,47.650001525878906,44.29999923706055,47.650001525878906,47.650001525878906,115665511
2024-06-03,SUZLON.NS,Suzlon Energy,Retail Hype / Turnaround,50.0,50.0,50.0,50.0,50.0,62876628
2024-06-04,SUZLON.NS,Suzlon Energy,Retail Hype / Turnaround,52.099998474121094,52.099998474121094,47.5,47.5,47.5,123854100
2024-06-05,SUZLON.NS,Suzlon Energy,Retail Hype / Turnaround,45.150001525878906,49.79999923706055,45.150001525878906,48.45000076293945,48.45000076293945,81272335
2024-06-06,SUZLON.NS,Suzlon Energy,Retail Hype / Turnaround,49.45000076293945,50.5,48.5,49.79999923706055,49.79999923706055,49163158
2024-06-07,SUZLON.NS,Suzlon Energy,Retail Hype / Turnaround,50.0,50.45000076293945,49.0,49.900001525878906,49.900001525878906,30336425
2024-06-10,SUZLON.NS,Suzlon Energy,Retail Hype / Turnaround,47.400001525878906,48.630001068115234,47.400001525878906,47.400001525878906,47.400001525878906,90220734
2024-06-11,SUZLON.NS,Suzlon Energy,Retail Hype / Turnaround,47.400001525878906,49.290000915527344,47.02000045776367,48.2599983215332,48.2599983215332,47583387
2024-06-12,SUZLON.NS,Suzlon Energy,Retail Hype / Turnaround,48.5099983215332,50.5,48.400001525878906,50.279998779296875,50.279998779296875,87422931
2024-06-13,SUZLON.NS,Suzlon Energy,Retail Hype / Turnaround,50.5,50.5,49.290000915527344,49.869998931884766,49.869998931884766,48465602
2024-06-14,SUZLON.NS,Suzlon Energy,Retail Hype / Turnaround,50.0,51.189998626708984,49.099998474121094,49.47999954223633,49.47999954223633,85029862
2024-06-18,SUZLON.NS,Suzlon Energy,Retail Hype / Turnaround,49.599998474121094,50.290000915527344,48.849998474121094,49.959999084472656,49.959999084472656,49874657
2024-06-19,SUZLON.NS,Suzlon Energy,Retail Hype / Turnaround,50.189998626708984,50.279998779296875,48.75,48.900001525878906,48.900001525878906,26139387
2024-06-20,SUZLON.NS,Suzlon Energy,Retail Hype / Turnaround,51.34000015258789,51.34000015258789,49.54999923706055,50.529998779296875,50.529998779296875,99070183
2024-06-21,SUZLON.NS,Suzlon Energy,Retail Hype / Turnaround,51.20000076293945,53.04999923706055,51.0,53.04999923706055,53.04999923706055,143678671
2024-06-24,SUZLON.NS,Suzlon Energy,Retail Hype / Turnaround,55.45000076293945,55.70000076293945,54.150001525878906,54.70000076293945,54.70000076293945,149419809
2024-06-25,SUZLON.NS,Suzlon Energy,Retail Hype / Turnaround,55.150001525878906,55.5,53.31999969482422,53.599998474121094,53.599998474121094,63723030
2024-06-26,SUZLON.NS,Suzlon Energy,Retail Hype / Turnaround,53.599998474121094,54.369998931884766,52.29999923706055,52.7599983215332,52.7599983215332,52438770
2024-06-27,SUZLON.NS,Suzlon Energy,Retail Hype / Turnaround,53.04999923706055,54.0,51.5,53.279998779296875,53.279998779296875,52502181
2024-06-28,SUZLON.NS,Suzlon Energy,Retail Hype / Turnaround,53.900001525878906,54.0,52.709999084472656,52.86000061035156,52.86000061035156,38744898
2024-07-01,SUZLON.NS,Suzlon Energy,Retail Hype / Turnaround,53.20000076293945,53.279998779296875,52.59000015258789,52.93000030517578,52.93000030517578,25423991
2024-07-02,SUZLON.NS,Suzlon Energy,Retail Hype / Turnaround,53.0,53.380001068115234,52.43000030517578,53.029998779296875,53.029998779296875,24502330
2024-07-03,SUZLON.NS,Suzlon Energy,Retail Hype / Turnaround,53.099998474121094,53.95000076293945,53.0,53.529998779296875,53.529998779296875,29907631
2024-07-04,SUZLON.NS,Suzlon Energy,Retail Hype / Turnaround,53.599998474121094,55.66999816894531,53.369998931884766,54.029998779296875,54.029998779296875,63199465
2024-07-05,SUZLON.NS,Suzlon Energy,Retail Hype / Turnaround,54.369998931884766,56.4900016784668,53.79999923706055,55.4900016784668,55.4900016784668,96909661
2024-07-08,SUZLON.NS,Suzlon Energy,Retail Hype / Turnaround,55.95000076293945,56.0,54.5,55.20000076293945,55.20000076293945,54588551
2024-07-09,SUZLON.NS,Suzlon Energy,Retail Hype / Turnaround,55.29999923706055,55.84000015258789,53.86000061035156,55.369998931884766,55.369998931884766,33858415
2024-07-10,SUZLON.NS,Suzlon Energy,Retail Hype / Turnaround,55.66999816894531,56.0,53.900001525878906,54.88999938964844,54.88999938964844,37727227
2024-07-11,SUZLON.NS,Suzlon Energy,Retail Hype / Turnaround,55.0,55.0,54.20000076293945,54.720001220703125,54.720001220703125,26061094
2024-07-12,SUZLON.NS,Suzlon Energy,Retail Hype / Turnaround,55.0,55.43000030517578,53.650001525878906,54.630001068115234,54.630001068115234,37499020
2024-07-15,SUZLON.NS,Suzlon Energy,Retail Hype / Turnaround,55.0,55.0,54.02000045776367,54.619998931884766,54.619998931884766,27141448
2024-07-16,SUZLON.NS,Suzlon Energy,Retail Hype / Turnaround,54.900001525878906,56.0,54.43000030517578,55.880001068115234,55.880001068115234,76577863
2024-07-18,SUZLON.NS,Suzlon Energy,Retail Hype / Turnaround,55.5,55.720001220703125,53.81999969482422,55.38999938964844,55.38999938964844,68196637
2024-07-19,SUZLON.NS,Suzlon Energy,Retail Hype / Turnaround,55.380001068115234,55.869998931884766,53.81999969482422,54.54999923706055,54.54999923706055,52178598
2024-07-22,SUZLON.NS,Suzlon Energy,Retail Hype / Turnaround,54.65999984741211,55.439998626708984,53.5,55.08000183105469,55.08000183105469,47805246
2024-07-23,SUZLON.NS,Suzlon Energy,Retail Hype / Turnaround,57.20000076293945,57.83000183105469,54.0,57.83000183105469,57.83000183105469,281887693
2024-07-24,SUZLON.NS,Suzlon Energy,Retail Hype / Turnaround,59.70000076293945,60.720001220703125,59.630001068115234,60.720001220703125,60.720001220703125,90757700
2024-07-25,SUZLON.NS,Suzlon Energy,Retail Hype / Turnaround,62.290000915527344,63.75,60.79999923706055,61.470001220703125,61.470001220703125,170325709
2024-07-26,SUZLON.NS,Suzlon Energy,Retail Hype / Turnaround,62.68000030517578,63.0,61.0,61.88999938964844,61.88999938964844,67858407
2024-07-29,SUZLON.NS,Suzlon Energy,Retail Hype / Turnaround,62.95000076293945,64.9800033569336,62.380001068115234,64.9800033569336,64.9800033569336,97886927
2024-07-30,SUZLON.NS,Suzlon Energy,Retail Hype / Turnaround,65.80999755859375,68.22000122070312,65.62999725341797,68.22000122070312,68.22000122070312,114489676
2024-07-31,SUZLON.NS,Suzlon Energy,Retail Hype / Turnaround,70.11000061035156,70.88999938964844,68.27999877929688,69.37999725341797,69.37999725341797,131539602
2024-08-01,SUZLON.NS,Suzlon Energy,Retail Hype / Turnaround,69.93000030517578,70.98999786376953,66.22000122070312,67.9800033569336,67.9800033569336,134824650
2024-08-02,SUZLON.NS,Suzlon Energy,Retail Hype / Turnaround,67.80000305175781,71.37000274658203,67.05000305175781,71.3499984741211,71.3499984741211,131096033
2024-08-05,SUZLON.NS,Suzlon Energy,Retail Hype / Turnaround,69.9000015258789,71.63999938964844,67.77999877929688,67.8499984741211,67.8499984741211,209904382
2024-08-06,SUZLON.NS,Suzlon Energy,Retail Hype / Turnaround,68.75,70.8499984741211,65.5999984741211,66.2699966430664,66.2699966430664,96665562
2024-08-07,SUZLON.NS,Suzlon Energy,Retail Hype / Turnaround,69.0,69.58000183105469,68.11000061035156,69.58000183105469,69.58000183105469,65576822
2024-08-08,SUZLON.NS,Suzlon Energy,Retail Hype / Turnaround,71.0,73.05000305175781,70.58000183105469,72.91999816894531,72.91999816894531,212956025
2024-08-09,SUZLON.NS,Suzlon Energy,Retail Hype / Turnaround,74.5999984741211,76.55999755859375,73.0,76.54000091552734,76.54000091552734,142611445
2024-08-12,SUZLON.NS,Suzlon Energy,Retail Hype / Turnaround,77.1500015258789,80.36000061035156,74.6500015258789,80.36000061035156,80.36000061035156,131256497
2024-08-13,SUZLON.NS,Suzlon Energy,Retail Hype / Turnaround,81.97000122070312,84.29000091552734,78.3499984741211,80.79000091552734,80.79000091552734,193725637
2024-08-14,SUZLON.NS,Suzlon Energy,Retail Hype / Turnaround,82.19000244140625,82.41000366210938,76.75,76.7699966430664,76.7699966430664,141960840
2024-08-16,SUZLON.NS,Suzlon Energy,Retail Hype / Turnaround,77.94999694824219,80.5,74.12000274658203,79.94999694824219,79.94999694824219,155613726
2024-08-19,SUZLON.NS,Suzlon Energy,Retail Hype / Turnaround,80.63999938964844,82.44999694824219,79.20999908447266,80.70999908447266,80.70999908447266,96552950
2024-08-20,SUZLON.NS,Suzlon Energy,Retail Hype / Turnaround,81.30999755859375,81.58000183105469,78.5,79.43000030517578,79.43000030517578,54449596
2024-08-21,SUZLON.NS,Suzlon Energy,Retail Hype / Turnaround,79.4000015258789,80.1500015258789,78.61000061035156,78.8499984741211,78.8499984741211,38869576
2024-08-22,SUZLON.NS,Suzlon Energy,Retail Hype / Turnaround,79.2300033569336,79.58999633789062,77.30000305175781,77.56999969482422,77.56999969482422,41519353
2024-08-23,SUZLON.NS,Suzlon Energy,Retail Hype / Turnaround,77.69999694824219,80.5,77.69999694824219,78.83999633789062,78.83999633789062,67410388
2024-08-26,SUZLON.NS,Suzlon Energy,Retail Hype / Turnaround,79.33999633789062,79.79000091552734,75.66000366210938,76.4000015258789,76.4000015258789,57918809
2024-08-27,SUZLON.NS,Suzlon Energy,Retail Hype / Turnaround,77.23999786376953,78.30000305175781,76.5999984741211,77.5,77.5,32622346
2024-08-28,SUZLON.NS,Suzlon Energy,Retail Hype / Turnaround,77.94999694824219,79.7300033569336,77.66000366210938,78.95999908447266,78.95999908447266,47724768
2024-08-29,SUZLON.NS,Suzlon Energy,Retail Hype / Turnaround,78.66999816894531,78.69000244140625,76.19999694824219,77.0,77.0,41938870
2024-08-30,SUZLON.NS,Suzlon Energy,Retail Hype / Turnaround,77.30000305175781,77.58000183105469,75.12000274658203,75.83999633789062,75.83999633789062,63934257
2024-09-02,SUZLON.NS,Suzlon Energy,Retail Hype / Turnaround,75.83999633789062,76.0999984741211,72.5,73.80999755859375,73.80999755859375,71966033
2024-09-03,SUZLON.NS,Suzlon Energy,Retail Hype / Turnaround,73.80999755859375,76.37000274658203,73.54000091552734,74.47000122070312,74.47000122070312,49347993
2024-09-04,SUZLON.NS,Suzlon Energy,Retail Hype / Turnaround,74.4000015258789,74.9000015258789,73.30000305175781,74.16000366210938,74.16000366210938,28321394
2024-09-05,SUZLON.NS,Suzlon Energy,Retail Hype / Turnaround,75.69999694824219,77.08999633789062,74.66000366210938,76.0,76.0,56483144
2024-09-06,SUZLON.NS,Suzlon Energy,Retail Hype / Turnaround,76.75,77.3499984741211,74.51000213623047,74.72000122070312,74.72000122070312,43635971
2024-09-09,SUZLON.NS,Suzlon Energy,Retail Hype / Turnaround,75.27999877929688,77.27999877929688,72.81999969482422,74.33999633789062,74.33999633789062,87247821
2024-09-10,SUZLON.NS,Suzlon Energy,Retail Hype / Turnaround,75.83000183105469,78.05000305175781,75.33999633789062,78.05000305175781,78.05000305175781,144759489
2024-09-11,SUZLON.NS,Suzlon Energy,Retail Hype / Turnaround,79.33999633789062,81.94999694824219,79.0999984741211,81.94999694824219,81.94999694824219,121404214
2024-09-12,SUZLON.NS,Suzlon Energy,Retail Hype / Turnaround,86.0,86.04000091552734,80.41000366210938,81.69999694824219,81.69999694824219,186025037
2024-09-13,SUZLON.NS,Suzlon Energy,Retail Hype / Turnaround,82.13999938964844,84.5,80.80000305175781,83.11000061035156,83.11000061035156,82750388
2024-09-16,SUZLON.NS,Suzlon Energy,Retail Hype / Turnaround,83.87999725341797,85.8499984741211,83.66000366210938,84.69999694824219,84.69999694824219,67945786
2024-09-17,SUZLON.NS,Suzlon Energy,Retail Hype / Turnaround,85.18000030517578,85.4000015258789,80.56999969482422,82.0,82.0,61029140
2024-09-18,SUZLON.NS,Suzlon Energy,Retail Hype / Turnaround,82.19999694824219,82.9800033569336,80.5199966430664,80.81999969482422,80.81999969482422,37668180
2024-09-19,SUZLON.NS,Suzlon Energy,Retail Hype / Turnaround,81.88999938964844,83.0,78.0,80.97000122070312,80.97000122070312,60446356
2024-09-20,SUZLON.NS,Suzlon Energy,Retail Hype / Turnaround,82.23999786376953,84.0,81.30999755859375,83.44999694824219,83.44999694824219,74313107
2024-09-23,SUZLON.NS,Suzlon Energy,Retail Hype / Turnaround,84.19000244140625,84.98999786376953,82.69999694824219,82.88999938964844,82.88999938964844,35307207
2024-09-24,SUZLON.NS,Suzlon Energy,Retail Hype / Turnaround,83.0,84.19999694824219,82.31999969482422,83.79000091552734,83.79000091552734,34414038
2024-09-25,SUZLON.NS,Suzlon Energy,Retail Hype / Turnaround,83.69999694824219,83.69999694824219,82.5,82.95999908447266,82.95999908447266,27040040
2024-09-26,SUZLON.NS,Suzlon Energy,Retail Hype / Turnaround,82.94999694824219,83.36000061035156,81.5,81.83999633789062,81.83999633789062,24929699
2024-09-27,SUZLON.NS,Suzlon Energy,Retail Hype / Turnaround,81.75,82.7699966430664,80.5,81.08999633789062,81.08999633789062,42523359
2024-09-30,SUZLON.NS,Suzlon Energy,Retail Hype / Turnaround,80.80000305175781,81.58000183105469,79.37000274658203,80.05000305175781,80.05000305175781,42376466
2024-10-01,SUZLON.NS,Suzlon Energy,Retail Hype / Turnaround,80.30000305175781,81.52999877929688,79.5,79.73999786376953,79.73999786376953,27494973
2024-10-03,SUZLON.NS,Suzlon Energy,Retail Hype / Turnaround,76.73999786376953,78.5999984741211,75.75,75.75,75.75,79766127
2024-10-04,SUZLON.NS,Suzlon Energy,Retail Hype / Turnaround,74.8499984741211,76.6500015258789,72.22000122070312,74.66999816894531,74.66999816894531,77974009
2024-10-07,SUZLON.NS,Suzlon Energy,Retail Hype / Turnaround,75.63999938964844,76.48999786376953,70.93000030517578,70.93000030517578,70.93000030517578,76807728
2024-10-08,SUZLON.NS,Suzlon Energy,Retail Hype / Turnaround,68.0999984741211,74.19999694824219,66.0999984741211,73.63999938964844,73.63999938964844,135896990
2024-10-09,SUZLON.NS,Suzlon Energy,Retail Hype / Turnaround,74.58999633789062,80.5999984741211,74.55000305175781,76.69000244140625,76.69000244140625,136134618
2024-10-10,SUZLON.NS,Suzlon Energy,Retail Hype / Turnaround,77.5,77.88999938964844,74.66999816894531,75.44000244140625,75.44000244140625,71016473
2024-10-11,SUZLON.NS,Suzlon Energy,Retail Hype / Turnaround,75.75,76.06999969482422,74.25,74.38999938964844,74.38999938964844,32799505
2024-10-14,SUZLON.NS,Suzlon Energy,Retail Hype / Turnaround,74.6500015258789,75.0,73.75,74.01000213623047,74.01000213623047,24979009
2024-10-15,SUZLON.NS,Suzlon Energy,Retail Hype / Turnaround,74.0999984741211,74.23999786376953,72.1500015258789,73.70999908447266,73.70999908447266,42418804
2024-10-16,SUZLON.NS,Suzlon Energy,Retail Hype / Turnaround,73.70999908447266,75.6500015258789,73.5199966430664,75.05000305175781,75.05000305175781,47156496
2024-10-17,SUZLON.NS,Suzlon Energy,Retail Hype / Turnaround,75.38999938964844,75.44999694824219,72.4000015258789,73.01000213623047,73.01000213623047,32194681
2024-10-18,SUZLON.NS,Suzlon Energy,Retail Hype / Turnaround,72.9000015258789,73.3499984741211,71.0999984741211,72.19000244140625,72.19000244140625,36018706
2024-10-21,SUZLON.NS,Suzlon Energy,Retail Hype / Turnaround,72.48999786376953,72.7699966430664,70.30000305175781,70.62999725341797,70.62999725341797,27026007
2024-10-22,SUZLON.NS,Suzlon Energy,Retail Hype / Turnaround,70.58999633789062,71.30000305175781,67.5,68.55999755859375,68.55999755859375,67732028
2024-10-23,SUZLON.NS,Suzlon Energy,Retail Hype / Turnaround,67.30000305175781,69.94000244140625,66.0999984741211,68.8499984741211,68.8499984741211,55215451
2024-10-24,SUZLON.NS,Suzlon Energy,Retail Hype / Turnaround,69.08000183105469,71.13999938964844,68.4000015258789,69.1500015258789,69.1500015258789,35058205
2024-10-25,SUZLON.NS,Suzlon Energy,Retail Hype / Turnaround,69.87999725341797,70.30000305175781,66.0,67.47000122070312,67.47000122070312,49452859
2024-10-28,SUZLON.NS,Suzlon Energy,Retail Hype / Turnaround,68.0,72.5999984741211,66.13999938964844,70.83999633789062,70.83999633789062,81820533
2024-10-29,SUZLON.NS,Suzlon Energy,Retail Hype / Turnaround,72.75,73.5,66.81999969482422,68.87000274658203,68.87000274658203,129971042
2024-10-30,SUZLON.NS,Suzlon Energy,Retail Hype / Turnaround,68.98999786376953,69.62999725341797,67.55999755859375,68.12999725341797,68.12999725341797,52761387
2024-10-31,SUZLON.NS,Suzlon Energy,Retail Hype / Turnaround,67.95999908447266,68.44000244140625,66.69999694824219,66.94999694824219,66.94999694824219,41454018
2024-11-01,SUZLON.NS,Suzlon Energy,Retail Hype / Turnaround,67.30000305175781,68.4000015258789,67.19999694824219,68.13999938964844,68.13999938964844,14965199
2024-11-04,SUZLON.NS,Suzlon Energy,Retail Hype / Turnaround,68.19000244140625,68.23999786376953,65.19999694824219,66.31999969482422,66.31999969482422,55381082
2024-11-05,SUZLON.NS,Suzlon Energy,Retail Hype / Turnaround,66.30000305175781,68.25,65.52999877929688,67.37000274658203,67.37000274658203,45626050
2024-11-06,SUZLON.NS,Suzlon Energy,Retail Hype / Turnaround,68.0,69.8499984741211,67.41999816894531,69.31999969482422,69.31999969482422,50008246
2024-11-07,SUZLON.NS,Suzlon Energy,Retail Hype / Turnaround,69.44999694824219,69.44999694824219,66.44000244140625,66.80000305175781,66.80000305175781,49354800
2024-11-08,SUZLON.NS,Suzlon Energy,Retail Hype / Turnaround,66.58999633789062,66.58999633789062,61.84000015258789,62.5,62.5,86095752
2024-11-11,SUZLON.NS,Suzlon Energy,Retail Hype / Turnaround,61.5,63.13999938964844,58.560001373291016,62.15999984741211,62.15999984741211,128104971
2024-11-12,SUZLON.NS,Suzlon Energy,Retail Hype / Turnaround,62.15999984741211,62.869998931884766,59.099998474121094,59.38999938964844,59.38999938964844,67563924
2024-11-13,SUZLON.NS,Suzlon Energy,Retail Hype / Turnaround,58.0,59.279998779296875,53.45000076293945,54.029998779296875,54.029998779296875,194511406
2024-11-14,SUZLON.NS,Suzlon Energy,Retail Hype / Turnaround,54.029998779296875,56.72999954223633,53.650001525878906,56.72999954223633,56.72999954223633,56957801
2024-11-18,SUZLON.NS,Suzlon Energy,Retail Hype / Turnaround,59.45000076293945,59.560001373291016,56.79999923706055,59.2599983215332,59.2599983215332,119110598
2024-11-19,SUZLON.NS,Suzlon Energy,Retail Hype / Turnaround,60.5,62.220001220703125,59.41999816894531,62.220001220703125,62.220001220703125,74476083
2024-11-21,SUZLON.NS,Suzlon Energy,Retail Hype / Turnaround,63.900001525878906,65.33000183105469,63.5,65.33000183105469,65.33000183105469,131579845
2024-11-22,SUZLON.NS,Suzlon Energy,Retail Hype / Turnaround,66.80000305175781,68.33000183105469,64.5999984741211,65.22000122070312,65.22000122070312,130345329
2024-11-25,SUZLON.NS,Suzlon Energy,Retail Hype / Turnaround,67.0,67.5,63.709999084472656,64.2300033569336,64.2300033569336,123922270
2024-11-26,SUZLON.NS,Suzlon Energy,Retail Hype / Turnaround,64.63999938964844,64.8499984741211,63.29999923706055,63.56999969482422,63.56999969482422,35463228
2024-11-27,SUZLON.NS,Suzlon Energy,Retail Hype / Turnaround,63.880001068115234,64.29000091552734,62.709999084472656,63.59000015258789,63.59000015258789,37152591
2024-11-28,SUZLON.NS,Suzlon Energy,Retail Hype / Turnaround,63.689998626708984,65.5,62.900001525878906,63.72999954223633,63.72999954223633,42559541
2024-11-29,SUZLON.NS,Suzlon Energy,Retail Hype / Turnaround,63.900001525878906,64.22000122070312,62.40999984741211,62.97999954223633,62.97999954223633,54815057
2024-12-02,SUZLON.NS,Suzlon Energy,Retail Hype / Turnaround,63.11000061035156,66.12000274658203,62.279998779296875,66.12000274658203,66.12000274658203,61128869
2024-12-03,SUZLON.NS,Suzlon Energy,Retail Hype / Turnaround,66.79000091552734,67.30000305175781,65.0,65.4000015258789,65.4000015258789,91100475
2024-12-04,SUZLON.NS,Suzlon Energy,Retail Hype / Turnaround,65.9000015258789,68.44999694824219,65.33999633789062,67.72000122070312,67.72000122070312,97607170
2024-12-05,SUZLON.NS,Suzlon Energy,Retail Hype / Turnaround,68.19999694824219,68.80000305175781,66.87999725341797,68.26000213623047,68.26000213623047,56295912
2024-12-06,SUZLON.NS,Suzlon Energy,Retail Hype / Turnaround,68.0,68.38999938964844,67.27999877929688,67.38999938964844,67.38999938964844,38528682
2024-12-09,SUZLON.NS,Suzlon Energy,Retail Hype / Turnaround,67.37999725341797,67.80000305175781,66.4000015258789,67.36000061035156,67.36000061035156,34635931
2024-12-10,SUZLON.NS,Suzlon Energy,Retail Hype / Turnaround,67.30000305175781,67.36000061035156,65.86000061035156,66.55000305175781,66.55000305175781,29542425
2024-12-11,SUZLON.NS,Suzlon Energy,Retail Hype / Turnaround,66.41999816894531,67.19999694824219,65.8499984741211,66.12000274658203,66.12000274658203,32530712
2024-12-12,SUZLON.NS,Suzlon Energy,Retail Hype / Turnaround,65.61000061035156,66.43000030517578,64.86000061035156,65.69999694824219,65.69999694824219,33619161
2024-12-13,SUZLON.NS,Suzlon Energy,Retail Hype / Turnaround,65.5,67.68000030517578,65.26000213623047,66.19999694824219,66.19999694824219,47952699
2024-12-16,SUZLON.NS,Suzlon Energy,Retail Hype / Turnaround,67.5,68.62000274658203,66.16000366210938,66.36000061035156,66.36000061035156,56788124
2024-12-17,SUZLON.NS,Suzlon Energy,Retail Hype / Turnaround,66.36000061035156,69.66999816894531,66.20999908447266,69.55999755859375,69.55999755859375,188345914
2024-12-18,SUZLON.NS,Suzlon Energy,Retail Hype / Turnaround,69.80000305175781,70.18000030517578,67.37000274658203,67.94999694824219,67.94999694824219,68899550
2024-12-19,SUZLON.NS,Suzlon Energy,Retail Hype / Turnaround,66.5,68.58000183105469,66.19999694824219,67.05000305175781,67.05000305175781,56237783
2024-12-20,SUZLON.NS,Suzlon Energy,Retail Hype / Turnaround,67.55000305175781,67.79000091552734,63.95000076293945,64.12999725341797,64.12999725341797,55042543
2024-12-23,SUZLON.NS,Suzlon Energy,Retail Hype / Turnaround,65.16000366210938,65.16000366210938,63.279998779296875,63.86000061035156,63.86000061035156,30077026
2024-12-24,SUZLON.NS,Suzlon Energy,Retail Hype / Turnaround,63.97999954223633,65.37999725341797,63.77000045776367,64.87000274658203,64.87000274658203,24810689
2024-12-26,SUZLON.NS,Suzlon Energy,Retail Hype / Turnaround,64.98999786376953,65.1500015258789,63.869998931884766,64.33999633789062,64.33999633789062,19522002
2024-12-27,SUZLON.NS,Suzlon Energy,Retail Hype / Turnaround,64.5,64.7300033569336,63.0,63.25,63.25,20617504
2024-12-30,SUZLON.NS,Suzlon Energy,Retail Hype / Turnaround,63.189998626708984,63.88999938964844,61.11000061035156,61.41999816894531,61.41999816894531,50198161
2024-12-31,SUZLON.NS,Suzlon Energy,Retail Hype / Turnaround,61.4900016784668,62.41999816894531,61.060001373291016,62.220001220703125,62.220001220703125,34983814
2025-01-01,SUZLON.NS,Suzlon Energy,Retail Hype / Turnaround,62.63999938964844,65.33000183105469,62.06999969482422,65.33000183105469,65.33000183105469,62229972
2025-01-02,SUZLON.NS,Suzlon Energy,Retail Hype / Turnaround,65.0,65.0999984741211,62.54999923706055,62.91999816894531,62.91999816894531,67889756
2025-01-03,SUZLON.NS,Suzlon Energy,Retail Hype / Turnaround,63.0,63.25,61.79999923706055,61.95000076293945,61.95000076293945,42686992
2025-01-06,SUZLON.NS,Suzlon Energy,Retail Hype / Turnaround,62.04999923706055,62.119998931884766,58.849998474121094,58.849998474121094,58.849998474121094,62445389
2025-01-07,SUZLON.NS,Suzlon Energy,Retail Hype / Turnaround,58.060001373291016,61.790000915527344,58.060001373291016,60.880001068115234,60.880001068115234,59115926
2025-01-08,SUZLON.NS,Suzlon Energy,Retail Hype / Turnaround,60.79999923706055,61.0,59.0,60.029998779296875,60.029998779296875,37159538
2025-01-09,SUZLON.NS,Suzlon Energy,Retail Hype / Turnaround,60.34000015258789,60.349998474121094,57.650001525878906,57.880001068115234,57.880001068115234,35053006
2025-01-10,SUZLON.NS,Suzlon Energy,Retail Hype / Turnaround,58.0,58.150001525878906,55.5,55.56999969482422,55.56999969482422,64397011
2025-01-13,SUZLON.NS,Suzlon Energy,Retail Hype / Turnaround,54.5,57.0,53.97999954223633,54.45000076293945,54.45000076293945,92083914
2025-01-14,SUZLON.NS,Suzlon Energy,Retail Hype / Turnaround,55.20000076293945,57.16999816894531,55.11000061035156,57.16999816894531,57.16999816894531,41045252
2025-01-15,SUZLON.NS,Suzlon Energy,Retail Hype / Turnaround,57.16999816894531,59.79999923706055,56.810001373291016,57.2599983215332,57.2599983215332,65243228
2025-01-16,SUZLON.NS,Suzlon Energy,Retail Hype / Turnaround,58.7599983215332,59.189998626708984,56.70000076293945,56.869998931884766,56.869998931884766,39797323
2025-01-17,SUZLON.NS,Suzlon Energy,Retail Hype / Turnaround,57.0,57.38999938964844,55.939998626708984,56.84000015258789,56.84000015258789,41806502
2025-01-20,SUZLON.NS,Suzlon Energy,Retail Hype / Turnaround,57.52000045776367,58.790000915527344,56.2599983215332,58.09000015258789,58.09000015258789,49547406
2025-01-21,SUZLON.NS,Suzlon Energy,Retail Hype / Turnaround,58.349998474121094,58.470001220703125,56.349998474121094,57.43000030517578,57.43000030517578,33972001
2025-01-22,SUZLON.NS,Suzlon Energy,Retail Hype / Turnaround,57.43000030517578,57.84000015258789,54.54999923706055,55.119998931884766,55.119998931884766,48986568
2025-01-23,SUZLON.NS,Suzlon Energy,Retail Hype / Turnaround,55.119998931884766,56.63999938964844,54.189998626708984,54.310001373291016,54.310001373291016,49582278
2025-01-24,SUZLON.NS,Suzlon Energy,Retail Hype / Turnaround,54.900001525878906,54.9900016784668,52.150001525878906,52.540000915527344,52.540000915527344,64210167
2025-01-27,SUZLON.NS,Suzlon Energy,Retail Hype / Turnaround,52.400001525878906,52.47999954223633,49.90999984741211,50.22999954223633,50.22999954223633,66288203
2025-01-28,SUZLON.NS,Suzlon Energy,Retail Hype / Turnaround,50.59000015258789,51.59000015258789,47.810001373291016,50.2599983215332,50.2599983215332,86563217
2025-01-29,SUZLON.NS,Suzlon Energy,Retail Hype / Turnaround,52.77000045776367,52.77000045776367,52.77000045776367,52.77000045776367,52.77000045776367,13990368
2025-01-30,SUZLON.NS,Suzlon Energy,Retail Hype / Turnaround,55.400001525878906,55.400001525878906,55.400001525878906,55.400001525878906,55.400001525878906,10961611
2025-01-31,SUZLON.NS,Suzlon Energy,Retail Hype / Turnaround,57.0,58.16999816894531,56.54999923706055,58.16999816894531,58.16999816894531,111500110
2025-02-01,SUZLON.NS,Suzlon Energy,Retail Hype / Turnaround,60.5,61.06999969482422,56.5099983215332,58.15999984741211,58.15999984741211,168912946
2025-02-03,SUZLON.NS,Suzlon Energy,Retail Hype / Turnaround,57.779998779296875,59.099998474121094,55.40999984741211,56.369998931884766,56.369998931884766,93425367
2025-02-04,SUZLON.NS,Suzlon Energy,Retail Hype / Turnaround,57.189998626708984,57.97999954223633,55.959999084472656,56.91999816894531,56.91999816894531,42367489
2025-02-05,SUZLON.NS,Suzlon Energy,Retail Hype / Turnaround,57.2400016784668,57.77000045776367,55.77000045776367,55.900001525878906,55.900001525878906,37787329
2025-02-06,SUZLON.NS,Suzlon Energy,Retail Hype / Turnaround,55.90999984741211,56.380001068115234,54.54999923706055,54.91999816894531,54.91999816894531,31769107
2025-02-07,SUZLON.NS,Suzlon Energy,Retail Hype / Turnaround,54.970001220703125,55.08000183105469,52.91999816894531,53.61000061035156,53.61000061035156,38821987
2025-02-10,SUZLON.NS,Suzlon Energy,Retail Hype / Turnaround,53.38999938964844,54.38999938964844,52.310001373291016,52.720001220703125,52.720001220703125,31170558
2025-02-11,SUZLON.NS,Suzlon Energy,Retail Hype / Turnaround,52.849998474121094,53.04999923706055,50.31999969482422,51.9900016784668,51.9900016784668,49471491
2025-02-12,SUZLON.NS,Suzlon Energy,Retail Hype / Turnaround,51.9900016784668,52.9900016784668,49.04999923706055,52.400001525878906,52.400001525878906,69163693
2025-02-13,SUZLON.NS,Suzlon Energy,Retail Hype / Turnaround,52.810001373291016,53.95000076293945,52.290000915527344,53.349998474121094,53.349998474121094,41607228
2025-02-14,SUZLON.NS,Suzlon Energy,Retail Hype / Turnaround,53.54999923706055,53.880001068115234,50.45000076293945,51.13999938964844,51.13999938964844,45983899
2025-02-17,SUZLON.NS,Suzlon Energy,Retail Hype / Turnaround,51.0,51.689998626708984,49.5,51.41999816894531,51.41999816894531,46742293
2025-02-18,SUZLON.NS,Suzlon Energy,Retail Hype / Turnaround,51.0,51.349998474121094,49.4900016784668,50.63999938964844,50.63999938964844,38970008
2025-02-19,SUZLON.NS,Suzlon Energy,Retail Hype / Turnaround,50.29999923706055,55.279998779296875,49.84000015258789,54.15999984741211,54.15999984741211,71927816
2025-02-20,SUZLON.NS,Suzlon Energy,Retail Hype / Turnaround,54.0,55.349998474121094,53.25,54.880001068115234,54.880001068115234,38873355
2025-02-21,SUZLON.NS,Suzlon Energy,Retail Hype / Turnaround,54.900001525878906,56.29999923706055,54.29999923706055,55.16999816894531,55.16999816894531,56799902
2025-02-24,SUZLON.NS,Suzlon Energy,Retail Hype / Turnaround,54.599998474121094,54.70000076293945,53.45000076293945,54.290000915527344,54.290000915527344,43162800
2025-02-25,SUZLON.NS,Suzlon Energy,Retail Hype / Turnaround,54.290000915527344,55.08000183105469,54.27000045776367,54.58000183105469,54.58000183105469,21791959
2025-02-27,SUZLON.NS,Suzlon Energy,Retail Hype / Turnaround,54.63999938964844,54.939998626708984,51.75,52.130001068115234,52.130001068115234,39073334
2025-02-28,SUZLON.NS,Suzlon Energy,Retail Hype / Turnaround,51.209999084472656,51.900001525878906,49.5099983215332,49.709999084472656,49.709999084472656,93211241
2025-03-03,SUZLON.NS,Suzlon Energy,Retail Hype / Turnaround,50.04999923706055,51.189998626708984,46.599998474121094,49.779998779296875,49.779998779296875,108578059
2025-03-04,SUZLON.NS,Suzlon Energy,Retail Hype / Turnaround,48.849998474121094,51.4900016784668,48.52000045776367,50.11000061035156,50.11000061035156,67731679
2025-03-05,SUZLON.NS,Suzlon Energy,Retail Hype / Turnaround,50.599998474121094,52.04999923706055,50.5099983215332,51.4900016784668,51.4900016784668,72632328
2025-03-06,SUZLON.NS,Suzlon Energy,Retail Hype / Turnaround,52.689998626708984,52.88999938964844,51.720001220703125,52.099998474121094,52.099998474121094,56090540
2025-03-07,SUZLON.NS,Suzlon Energy,Retail Hype / Turnaround,51.9900016784668,56.939998626708984,51.599998474121094,54.91999816894531,54.91999816894531,106855231
2025-03-10,SUZLON.NS,Suzlon Energy,Retail Hype / Turnaround,55.11000061035156,56.790000915527344,52.7599983215332,53.2400016784668,53.2400016784668,81450055
2025-03-11,SUZLON.NS,Suzlon Energy,Retail Hype / Turnaround,52.02000045776367,54.150001525878906,51.630001068115234,53.7599983215332,53.7599983215332,58522186
2025-03-12,SUZLON.NS,Suzlon Energy,Retail Hype / Turnaround,54.060001373291016,54.45000076293945,52.77000045776367,53.849998474121094,53.849998474121094,48314005
2025-03-13,SUZLON.NS,Suzlon Energy,Retail Hype / Turnaround,54.349998474121094,55.0,53.619998931884766,54.58000183105469,54.58000183105469,43837645
2025-03-17,SUZLON.NS,Suzlon Energy,Retail Hype / Turnaround,54.7400016784668,56.5,54.25,54.5,54.5,54133917
2025-03-18,SUZLON.NS,Suzlon Energy,Retail Hype / Turnaround,54.5,54.5,54.5,54.5,54.5,0
2025-03-19,SUZLON.NS,Suzlon Energy,Retail Hype / Turnaround,55.38999938964844,58.0,55.34000015258789,57.7599983215332,57.7599983215332,79465967
2025-03-20,SUZLON.NS,Suzlon Energy,Retail Hype / Turnaround,58.900001525878906,59.400001525878906,56.68000030517578,58.38999938964844,58.38999938964844,51729766
2025-03-21,SUZLON.NS,Suzlon Energy,Retail Hype / Turnaround,58.380001068115234,58.650001525878906,55.939998626708984,56.5,56.5,104724888
2025-03-24,SUZLON.NS,Suzlon Energy,Retail Hype / Turnaround,57.689998626708984,58.36000061035156,57.04999923706055,57.90999984741211,57.90999984741211,58367956
2025-03-25,SUZLON.NS,Suzlon Energy,Retail Hype / Turnaround,58.459999084472656,59.47999954223633,57.04999923706055,57.650001525878906,57.650001525878906,66615843
2025-03-26,SUZLON.NS,Suzlon Energy,Retail Hype / Turnaround,57.900001525878906,58.630001068115234,56.29999923706055,57.43000030517578,57.43000030517578,52250161
2025-03-27,SUZLON.NS,Suzlon Energy,Retail Hype / Turnaround,57.11000061035156,57.939998626708984,56.439998626708984,57.0099983215332,57.0099983215332,49678644
2025-03-28,SUZLON.NS,Suzlon Energy,Retail Hype / Turnaround,57.36000061035156,58.400001525878906,56.400001525878906,56.65999984741211,56.65999984741211,43376048
2025-04-01,SUZLON.NS,Suzlon Energy,Retail Hype / Turnaround,55.5,56.97999954223633,55.11000061035156,55.75,55.75,40810312
2025-04-02,SUZLON.NS,Suzlon Energy,Retail Hype / Turnaround,55.84000015258789,57.7400016784668,54.36000061035156,57.43000030517578,57.43000030517578,49530064
2025-04-03,SUZLON.NS,Suzlon Energy,Retail Hype / Turnaround,56.209999084472656,57.81999969482422,56.20000076293945,57.4900016784668,57.4900016784668,42914792
2025-04-04,SUZLON.NS,Suzlon Energy,Retail Hype / Turnaround,57.4900016784668,57.5,54.65999984741211,55.36000061035156,55.36000061035156,51863551
2025-04-07,SUZLON.NS,Suzlon Energy,Retail Hype / Turnaround,46.900001525878906,53.099998474121094,46.150001525878906,52.119998931884766,52.119998931884766,81905901
2025-04-08,SUZLON.NS,Suzlon Energy,Retail Hype / Turnaround,54.34000015258789,54.34000015258789,52.72999954223633,53.08000183105469,53.08000183105469,40949448
2025-04-09,SUZLON.NS,Suzlon Energy,Retail Hype / Turnaround,53.06999969482422,53.7599983215332,51.0099983215332,51.209999084472656,51.209999084472656,50850121
2025-04-11,SUZLON.NS,Suzlon Energy,Retail Hype / Turnaround,53.959999084472656,53.959999084472656,52.15999984741211,53.0,53.0,49591603
2025-04-15,SUZLON.NS,Suzlon Energy,Retail Hype / Turnaround,54.880001068115234,55.65999984741211,53.90999984741211,54.369998931884766,54.369998931884766,58941572
2025-04-16,SUZLON.NS,Suzlon Energy,Retail Hype / Turnaround,54.5099983215332,54.88999938964844,53.849998474121094,54.34000015258789,54.34000015258789,34690956
2025-04-17,SUZLON.NS,Suzlon Energy,Retail Hype / Turnaround,54.33000183105469,55.720001220703125,54.0099983215332,55.06999969482422,55.06999969482422,54279879
2025-04-21,SUZLON.NS,Suzlon Energy,Retail Hype / Turnaround,55.54999923706055,61.099998474121094,55.5,60.290000915527344,60.290000915527344,169658526
2025-04-22,SUZLON.NS,Suzlon Energy,Retail Hype / Turnaround,60.95000076293945,61.58000183105469,59.02000045776367,59.27000045776367,59.27000045776367,89155646
2025-04-23,SUZLON.NS,Suzlon Energy,Retail Hype / Turnaround,59.68000030517578,60.16999816894531,58.130001068115234,59.9900016784668,59.9900016784668,97968387
2025-04-24,SUZLON.NS,Suzlon Energy,Retail Hype / Turnaround,60.0,61.4900016784668,59.720001220703125,60.11000061035156,60.11000061035156,97850644
2025-04-25,SUZLON.NS,Suzlon Energy,Retail Hype / Turnaround,60.310001373291016,60.45000076293945,56.720001220703125,58.29999923706055,58.29999923706055,104362729
2025-04-28,SUZLON.NS,Suzlon Energy,Retail Hype / Turnaround,57.5,58.4900016784668,57.0,57.779998779296875,57.779998779296875,50641247
2025-04-29,SUZLON.NS,Suzlon Energy,Retail Hype / Turnaround,58.0,59.5,57.349998474121094,57.70000076293945,57.70000076293945,51629064
2025-04-30,SUZLON.NS,Suzlon Energy,Retail Hype / Turnaround,57.70000076293945,57.900001525878906,56.0,56.400001525878906,56.400001525878906,55507075
2025-05-02,SUZLON.NS,Suzlon Energy,Retail Hype / Turnaround,56.15999984741211,56.9900016784668,55.86000061035156,56.130001068115234,56.130001068115234,35493371
2025-05-05,SUZLON.NS,Suzlon Energy,Retail Hype / Turnaround,56.5,57.25,56.349998474121094,56.91999816894531,56.91999816894531,30173749
2025-05-06,SUZLON.NS,Suzlon Energy,Retail Hype / Turnaround,57.0,57.4900016784668,53.41999816894531,53.7400016784668,53.7400016784668,59698908
2025-05-07,SUZLON.NS,Suzlon Energy,Retail Hype / Turnaround,52.400001525878906,55.18000030517578,52.400001525878906,54.70000076293945,54.70000076293945,100831859
2025-05-08,SUZLON.NS,Suzlon Energy,Retail Hype / Turnaround,55.5,55.97999954223633,52.79999923706055,53.150001525878906,53.150001525878906,65062799
2025-05-09,SUZLON.NS,Suzlon Energy,Retail Hype / Turnaround,51.25,53.0,51.099998474121094,52.66999816894531,52.66999816894531,68598385
2025-05-12,SUZLON.NS,Suzlon Energy,Retail Hype / Turnaround,56.2400016784668,57.400001525878906,55.2400016784668,56.95000076293945,56.95000076293945,89597903
2025-05-13,SUZLON.NS,Suzlon Energy,Retail Hype / Turnaround,57.20000076293945,58.16999816894531,56.709999084472656,57.599998474121094,57.599998474121094,55623455
2025-05-14,SUZLON.NS,Suzlon Energy,Retail Hype / Turnaround,57.900001525878906,60.400001525878906,57.400001525878906,59.91999816894531,59.91999816894531,97734016
2025-05-15,SUZLON.NS,Suzlon Energy,Retail Hype / Turnaround,60.400001525878906,61.77000045776367,60.099998474121094,61.220001220703125,61.220001220703125,79989466
2025-05-16,SUZLON.NS,Suzlon Energy,Retail Hype / Turnaround,61.599998474121094,62.130001068115234,60.349998474121094,61.08000183105469,61.08000183105469,77800547
2025-05-19,SUZLON.NS,Suzlon Energy,Retail Hype / Turnaround,61.209999084472656,62.599998474121094,61.119998931884766,61.529998779296875,61.529998779296875,53353255
2025-05-20,SUZLON.NS,Suzlon Energy,Retail Hype / Turnaround,61.95000076293945,62.189998626708984,60.099998474121094,60.349998474121094,60.349998474121094,64416562
2025-05-21,SUZLON.NS,Suzlon Energy,Retail Hype / Turnaround,60.20000076293945,61.650001525878906,59.349998474121094,61.279998779296875,61.279998779296875,57916922
2025-05-22,SUZLON.NS,Suzlon Energy,Retail Hype / Turnaround,61.0,61.720001220703125,60.349998474121094,61.0099983215332,61.0099983215332,43220436
2025-05-23,SUZLON.NS,Suzlon Energy,Retail Hype / Turnaround,61.45000076293945,62.900001525878906,60.65999984741211,62.209999084472656,62.209999084472656,90698519
2025-05-26,SUZLON.NS,Suzlon Energy,Retail Hype / Turnaround,62.83000183105469,65.94999694824219,62.7400016784668,64.37000274658203,64.37000274658203,127004476
2025-05-27,SUZLON.NS,Suzlon Energy,Retail Hype / Turnaround,64.9000015258789,66.0,63.61000061035156,65.38999938964844,65.38999938964844,125848116
2025-05-28,SUZLON.NS,Suzlon Energy,Retail Hype / Turnaround,65.70999908447266,68.5,65.51000213623047,66.31999969482422,66.31999969482422,162393521
2025-05-29,SUZLON.NS,Suzlon Energy,Retail Hype / Turnaround,67.19000244140625,67.61000061035156,64.75,65.41999816894531,65.41999816894531,106020315
2025-05-30,SUZLON.NS,Suzlon Energy,Retail Hype / Turnaround,71.5,74.30000305175781,70.55000305175781,71.4800033569336,71.4800033569336,547640042
2025-06-02,SUZLON.NS,Suzlon Energy,Retail Hype / Turnaround,72.19999694824219,73.5,70.70999908447266,71.19000244140625,71.19000244140625,173588228
2025-06-03,SUZLON.NS,Suzlon Energy,Retail Hype / Turnaround,71.69999694824219,72.4000015258789,67.9000015258789,68.1500015258789,68.1500015258789,166631797
2025-06-04,SUZLON.NS,Suzlon Energy,Retail Hype / Turnaround,68.3499984741211,68.58000183105469,66.5,66.72000122070312,66.72000122070312,125734824
2025-06-05,SUZLON.NS,Suzlon Energy,Retail Hype / Turnaround,67.0,68.5999984741211,66.5,66.7699966430664,66.7699966430664,116558636
2025-06-06,SUZLON.NS,Suzlon Energy,Retail Hype / Turnaround,67.4000015258789,67.5,66.0999984741211,66.70999908447266,66.70999908447266,75950376
2025-06-09,SUZLON.NS,Suzlon Energy,Retail Hype / Turnaround,67.75,68.30000305175781,67.0,67.12999725341797,67.12999725341797,110914040
2025-06-10,SUZLON.NS,Suzlon Energy,Retail Hype / Turnaround,67.83000183105469,69.5,66.80000305175781,68.29000091552734,68.29000091552734,158113094
2025-06-11,SUZLON.NS,Suzlon Energy,Retail Hype / Turnaround,68.5999984741211,69.4000015258789,67.12000274658203,67.58999633789062,67.58999633789062,99916334
2025-06-12,SUZLON.NS,Suzlon Energy,Retail Hype / Turnaround,67.75,67.88999938964844,65.5,65.68000030517578,65.68000030517578,91116082
2025-06-13,SUZLON.NS,Suzlon Energy,Retail Hype / Turnaround,64.19000244140625,65.4800033569336,63.31999969482422,64.7300033569336,64.7300033569336,90307455
2025-06-16,SUZLON.NS,Suzlon Energy,Retail Hype / Turnaround,64.5,65.80000305175781,63.15999984741211,65.41000366210938,65.41000366210938,82798745
2025-06-17,SUZLON.NS,Suzlon Energy,Retail Hype / Turnaround,65.41000366210938,65.87000274658203,64.11000061035156,64.5199966430664,64.5199966430664,62347373
2025-06-18,SUZLON.NS,Suzlon Energy,Retail Hype / Turnaround,64.5199966430664,65.23999786376953,63.810001373291016,64.06999969482422,64.06999969482422,49246678
2025-06-19,SUZLON.NS,Suzlon Energy,Retail Hype / Turnaround,64.0,64.4000015258789,61.7599983215332,62.529998779296875,62.529998779296875,90679408
2025-06-20,SUZLON.NS,Suzlon Energy,Retail Hype / Turnaround,62.560001373291016,64.4800033569336,62.41999816894531,63.22999954223633,63.22999954223633,155351419
2025-06-23,SUZLON.NS,Suzlon Energy,Retail Hype / Turnaround,62.599998474121094,63.20000076293945,62.04999923706055,62.790000915527344,62.790000915527344,48152988
2025-06-24,SUZLON.NS,Suzlon Energy,Retail Hype / Turnaround,63.70000076293945,64.66999816894531,63.2599983215332,64.38999938964844,64.38999938964844,84498836
2025-06-25,SUZLON.NS,Suzlon Energy,Retail Hype / Turnaround,64.9000015258789,64.9000015258789,63.90999984741211,64.31999969482422,64.31999969482422,51596980
2025-06-26,SUZLON.NS,Suzlon Energy,Retail Hype / Turnaround,64.54000091552734,65.56999969482422,64.08000183105469,64.52999877929688,64.52999877929688,63684828
2025-06-27,SUZLON.NS,Suzlon Energy,Retail Hype / Turnaround,64.80000305175781,67.69999694824219,64.44999694824219,67.31999969482422,67.31999969482422,157324744
2025-06-30,SUZLON.NS,Suzlon Energy,Retail Hype / Turnaround,67.6500015258789,68.16999816894531,66.5,67.72000122070312,67.72000122070312,100164317
2025-07-01,SUZLON.NS,Suzlon Energy,Retail Hype / Turnaround,67.72000122070312,68.12000274658203,67.01000213623047,67.19999694824219,67.19999694824219,49316098
2025-07-02,SUZLON.NS,Suzlon Energy,Retail Hype / Turnaround,67.37999725341797,67.5199966430664,64.4000015258789,64.79000091552734,64.79000091552734,72931988
2025-07-03,SUZLON.NS,Suzlon Energy,Retail Hype / Turnaround,65.4000015258789,66.20999908447266,64.91999816894531,65.2699966430664,65.2699966430664,48302742
2025-07-04,SUZLON.NS,Suzlon Energy,Retail Hype / Turnaround,65.5,65.69999694824219,64.91999816894531,65.52999877929688,65.52999877929688,32254269
2025-07-07,SUZLON.NS,Suzlon Energy,Retail Hype / Turnaround,65.80000305175781,66.58999633789062,65.12999725341797,65.87999725341797,65.87999725341797,41996456
2025-07-08,SUZLON.NS,Suzlon Energy,Retail Hype / Turnaround,65.79000091552734,66.5,65.30000305175781,66.26000213623047,66.26000213623047,40707600
2025-07-09,SUZLON.NS,Suzlon Energy,Retail Hype / Turnaround,66.47000122070312,66.8499984741211,65.72000122070312,65.94000244140625,65.94000244140625,39940889
2025-07-10,SUZLON.NS,Suzlon Energy,Retail Hype / Turnaround,66.0,66.54000091552734,65.51000213623047,65.97000122070312,65.97000122070312,31012486
2025-07-11,SUZLON.NS,Suzlon Energy,Retail Hype / Turnaround,65.97000122070312,66.26000213623047,65.25,65.91999816894531,65.91999816894531,32762054
2025-07-14,SUZLON.NS,Suzlon Energy,Retail Hype / Turnaround,66.22000122070312,66.44000244140625,65.26000213623047,65.44000244140625,65.44000244140625,37954638
2025-07-15,SUZLON.NS,Suzlon Energy,Retail Hype / Turnaround,65.47000122070312,67.4000015258789,65.47000122070312,67.16999816894531,67.16999816894531,68141681
2025-07-16,SUZLON.NS,Suzlon Energy,Retail Hype / Turnaround,67.30000305175781,68.30000305175781,66.8499984741211,67.02999877929688,67.02999877929688,52713937
2025-07-17,SUZLON.NS,Suzlon Energy,Retail Hype / Turnaround,67.0999984741211,67.13999938964844,66.05000305175781,66.26000213623047,66.26000213623047,31477927
2025-07-18,SUZLON.NS,Suzlon Energy,Retail Hype / Turnaround,66.26000213623047,66.58999633789062,64.7699966430664,65.05999755859375,65.05999755859375,37155281
2025-07-21,SUZLON.NS,Suzlon Energy,Retail Hype / Turnaround,65.23999786376953,66.5,65.0,66.41999816894531,66.41999816894531,35813725
2025-07-22,SUZLON.NS,Suzlon Energy,Retail Hype / Turnaround,66.68000030517578,66.77999877929688,65.69999694824219,66.58000183105469,66.58000183105469,35735857
2025-07-23,SUZLON.NS,Suzlon Energy,Retail Hype / Turnaround,66.0999984741211,66.44000244140625,65.5199966430664,65.9800033569336,65.9800033569336,32844030
2025-07-24,SUZLON.NS,Suzlon Energy,Retail Hype / Turnaround,65.9800033569336,66.23999786376953,65.05000305175781,65.31999969482422,65.31999969482422,25857103
2025-07-25,SUZLON.NS,Suzlon Energy,Retail Hype / Turnaround,65.30000305175781,65.31999969482422,62.83000183105469,63.619998931884766,63.619998931884766,55135489
2025-07-28,SUZLON.NS,Suzlon Energy,Retail Hype / Turnaround,63.5,63.54999923706055,60.650001525878906,60.849998474121094,60.849998474121094,63833967
2025-07-29,SUZLON.NS,Suzlon Energy,Retail Hype / Turnaround,60.689998626708984,62.61000061035156,59.95000076293945,61.790000915527344,61.790000915527344,53322991
2025-07-30,SUZLON.NS,Suzlon Energy,Retail Hype / Turnaround,61.97999954223633,62.04999923706055,61.0099983215332,61.209999084472656,61.209999084472656,26142390
2025-07-31,SUZLON.NS,Suzlon Energy,Retail Hype / Turnaround,60.04999923706055,62.02000045776367,59.779998779296875,61.599998474121094,61.599998474121094,52270070
2025-08-01,SUZLON.NS,Suzlon Energy,Retail Hype / Turnaround,62.29999923706055,66.80000305175781,62.29999923706055,65.94999694824219,65.94999694824219,282885799
2025-08-04,SUZLON.NS,Suzlon Energy,Retail Hype / Turnaround,66.5999984741211,66.80999755859375,64.6500015258789,65.0,65.0,72002898
2025-08-05,SUZLON.NS,Suzlon Energy,Retail Hype / Turnaround,65.0,66.0999984741211,64.87000274658203,65.44000244140625,65.44000244140625,49369073
2025-08-06,SUZLON.NS,Suzlon Energy,Retail Hype / Turnaround,65.77999877929688,65.8499984741211,64.56999969482422,65.26000213623047,65.26000213623047,47280146
2025-08-07,SUZLON.NS,Suzlon Energy,Retail Hype / Turnaround,64.80999755859375,65.26000213623047,62.209999084472656,64.20999908447266,64.20999908447266,75542321
2025-08-08,SUZLON.NS,Suzlon Energy,Retail Hype / Turnaround,64.5,64.5199966430664,62.959999084472656,63.189998626708984,63.189998626708984,44361456
2025-08-11,SUZLON.NS,Suzlon Energy,Retail Hype / Turnaround,63.20000076293945,64.77999877929688,62.88999938964844,63.31999969482422,63.31999969482422,56446107
2025-08-12,SUZLON.NS,Suzlon Energy,Retail Hype / Turnaround,64.19999694824219,64.94999694824219,62.56999969482422,63.130001068115234,63.130001068115234,98199194
2025-08-13,SUZLON.NS,Suzlon Energy,Retail Hype / Turnaround,63.150001525878906,63.79999923706055,60.099998474121094,60.380001068115234,60.380001068115234,173116275
2025-08-14,SUZLON.NS,Suzlon Energy,Retail Hype / Turnaround,60.68000030517578,60.9900016784668,60.0,60.060001373291016,60.060001373291016,61474611
2025-08-18,SUZLON.NS,Suzlon Energy,Retail Hype / Turnaround,61.5,61.63999938964844,56.619998931884766,58.06999969482422,58.06999969482422,175241892
2025-08-19,SUZLON.NS,Suzlon Energy,Retail Hype / Turnaround,58.25,59.75,57.720001220703125,59.59000015258789,59.59000015258789,100339049
2025-08-20,SUZLON.NS,Suzlon Energy,Retail Hype / Turnaround,59.650001525878906,60.349998474121094,59.20000076293945,59.849998474121094,59.849998474121094,59028795
2025-08-21,SUZLON.NS,Suzlon Energy,Retail Hype / Turnaround,60.15999984741211,60.2400016784668,58.0099983215332,58.15999984741211,58.15999984741211,53042863
2025-08-22,SUZLON.NS,Suzlon Energy,Retail Hype / Turnaround,58.38999938964844,59.290000915527344,58.060001373291016,58.5099983215332,58.5099983215332,67410588
2025-08-25,SUZLON.NS,Suzlon Energy,Retail Hype / Turnaround,59.040000915527344,59.040000915527344,57.36000061035156,57.43000030517578,57.43000030517578,55015151
2025-08-26,SUZLON.NS,Suzlon Energy,Retail Hype / Turnaround,57.040000915527344,57.45000076293945,56.61000061035156,56.970001220703125,56.970001220703125,54251386
2025-08-28,SUZLON.NS,Suzlon Energy,Retail Hype / Turnaround,57.310001373291016,57.310001373291016,55.88999938964844,56.31999969482422,56.31999969482422,57742437
2025-08-29,SUZLON.NS,Suzlon Energy,Retail Hype / Turnaround,56.349998474121094,57.150001525878906,55.529998779296875,56.43000030517578,56.43000030517578,66053084
2025-09-01,SUZLON.NS,Suzlon Energy,Retail Hype / Turnaround,56.900001525878906,57.97999954223633,56.56999969482422,57.86000061035156,57.86000061035156,62787374
2025-09-02,SUZLON.NS,Suzlon Energy,Retail Hype / Turnaround,58.45000076293945,59.099998474121094,57.900001525878906,58.25,58.25,72989341
2025-09-03,SUZLON.NS,Suzlon Energy,Retail Hype / Turnaround,58.25,58.720001220703125,57.900001525878906,57.9900016784668,57.9900016784668,44161578
2025-09-04,SUZLON.NS,Suzlon Energy,Retail Hype / Turnaround,58.7400016784668,58.900001525878906,57.27000045776367,57.41999816894531,57.41999816894531,45523685
2025-09-05,SUZLON.NS,Suzlon Energy,Retail Hype / Turnaround,57.63999938964844,58.150001525878906,57.29999923706055,57.869998931884766,57.869998931884766,36924536
2025-09-08,SUZLON.NS,Suzlon Energy,Retail Hype / Turnaround,58.099998474121094,58.25,57.349998474121094,57.45000076293945,57.45000076293945,31288449
2025-09-09,SUZLON.NS,Suzlon Energy,Retail Hype / Turnaround,57.72999954223633,57.75,57.0,57.060001373291016,57.060001373291016,28437335
2025-09-10,SUZLON.NS,Suzlon Energy,Retail Hype / Turnaround,57.29999923706055,58.029998779296875,57.209999084472656,57.56999969482422,57.56999969482422,37061910
2025-09-11,SUZLON.NS,Suzlon Energy,Retail Hype / Turnaround,57.56999969482422,58.040000915527344,56.880001068115234,56.939998626708984,56.939998626708984,35651527
2025-09-12,SUZLON.NS,Suzlon Energy,Retail Hype / Turnaround,57.2599983215332,57.41999816894531,56.72999954223633,57.11000061035156,57.11000061035156,30872715
2025-09-15,SUZLON.NS,Suzlon Energy,Retail Hype / Turnaround,57.38999938964844,58.45000076293945,57.20000076293945,58.06999969482422,58.06999969482422,47861584
2025-09-16,SUZLON.NS,Suzlon Energy,Retail Hype / Turnaround,58.29999923706055,59.650001525878906,58.290000915527344,58.97999954223633,58.97999954223633,83962341
2025-09-17,SUZLON.NS,Suzlon Energy,Retail Hype / Turnaround,60.0,60.08000183105469,58.75,59.290000915527344,59.290000915527344,63663995
2025-09-18,SUZLON.NS,Suzlon Energy,Retail Hype / Turnaround,59.40999984741211,59.65999984741211,58.75,59.08000183105469,59.08000183105469,34615017
2025-09-19,SUZLON.NS,Suzlon Energy,Retail Hype / Turnaround,59.25,60.61000061035156,59.060001373291016,60.400001525878906,60.400001525878906,84643232
2025-09-22,SUZLON.NS,Suzlon Energy,Retail Hype / Turnaround,60.400001525878906,60.970001220703125,59.66999816894531,59.93000030517578,59.93000030517578,62077740
2025-09-23,SUZLON.NS,Suzlon Energy,Retail Hype / Turnaround,60.0,60.130001068115234,58.630001068115234,58.75,58.75,43152416
2025-09-24,SUZLON.NS,Suzlon Energy,Retail Hype / Turnaround,58.779998779296875,58.880001068115234,57.36000061035156,57.5,57.5,36883372
2025-09-25,SUZLON.NS,Suzlon Energy,Retail Hype / Turnaround,57.5,58.20000076293945,56.45000076293945,56.63999938964844,56.63999938964844,38206699
2025-09-26,SUZLON.NS,Suzlon Energy,Retail Hype / Turnaround,56.959999084472656,57.22999954223633,55.150001525878906,55.279998779296875,55.279998779296875,54393034
2025-09-29,SUZLON.NS,Suzlon Energy,Retail Hype / Turnaround,55.70000076293945,56.36000061035156,55.150001525878906,55.279998779296875,55.279998779296875,49687799
2025-09-30,SUZLON.NS,Suzlon Energy,Retail Hype / Turnaround,55.380001068115234,55.459999084472656,54.40999984741211,55.04999923706055,55.04999923706055,57639009
2025-10-01,SUZLON.NS,Suzlon Energy,Retail Hype / Turnaround,55.04999923706055,55.36000061035156,54.599998474121094,55.18000030517578,55.18000030517578,46144026
2025-10-03,SUZLON.NS,Suzlon Energy,Retail Hype / Turnaround,55.439998626708984,55.47999954223633,53.849998474121094,54.459999084472656,54.459999084472656,69042422
2025-10-06,SUZLON.NS,Suzlon Energy,Retail Hype / Turnaround,55.0,55.16999816894531,53.91999816894531,54.11000061035156,54.11000061035156,45009790
2025-10-07,SUZLON.NS,Suzlon Energy,Retail Hype / Turnaround,54.349998474121094,54.79999923706055,53.95000076293945,54.0099983215332,54.0099983215332,50646458
2025-10-08,SUZLON.NS,Suzlon Energy,Retail Hype / Turnaround,54.130001068115234,54.13999938964844,52.65999984741211,52.77000045776367,52.77000045776367,60453406
2025-10-09,SUZLON.NS,Suzlon Energy,Retail Hype / Turnaround,52.79999923706055,53.529998779296875,52.54999923706055,53.16999816894531,53.16999816894531,63749358
2025-10-10,SUZLON.NS,Suzlon Energy,Retail Hype / Turnaround,53.29999923706055,54.75,53.22999954223633,54.310001373291016,54.310001373291016,58987213
2025-10-13,SUZLON.NS,Suzlon Energy,Retail Hype / Turnaround,54.290000915527344,54.47999954223633,53.720001220703125,54.349998474121094,54.349998474121094,44487704
2025-10-14,SUZLON.NS,Suzlon Energy,Retail Hype / Turnaround,54.650001525878906,54.70000076293945,53.619998931884766,53.95000076293945,53.95000076293945,40526897
2025-10-15,SUZLON.NS,Suzlon Energy,Retail Hype / Turnaround,54.209999084472656,54.599998474121094,53.58000183105469,53.72999954223633,53.72999954223633,56703266
2025-10-16,SUZLON.NS,Suzlon Energy,Retail Hype / Turnaround,53.93000030517578,54.20000076293945,53.40999984741211,53.61000061035156,53.61000061035156,48868416
2025-10-17,SUZLON.NS,Suzlon Energy,Retail Hype / Turnaround,53.61000061035156,53.95000076293945,52.0,52.91999816894531,52.91999816894531,173663310
2025-10-20,SUZLON.NS,Suzlon Energy,Retail Hype / Turnaround,53.189998626708984,53.689998626708984,52.91999816894531,53.09000015258789,53.09000015258789,34409429
2025-10-21,SUZLON.NS,Suzlon Energy,Retail Hype / Turnaround,53.599998474121094,54.34000015258789,53.400001525878906,54.18000030517578,54.18000030517578,22821584
2025-10-23,SUZLON.NS,Suzlon Energy,Retail Hype / Turnaround,54.540000915527344,55.25,54.220001220703125,54.529998779296875,54.529998779296875,76480331
2025-10-24,SUZLON.NS,Suzlon Energy,Retail Hype / Turnaround,54.68000030517578,55.18000030517578,53.650001525878906,53.81999969482422,53.81999969482422,44370005
2025-10-27,SUZLON.NS,Suzlon Energy,Retail Hype / Turnaround,54.099998474121094,54.15999984741211,53.630001068115234,53.709999084472656,53.709999084472656,24719719
2025-10-28,SUZLON.NS,Suzlon Energy,Retail Hype / Turnaround,53.709999084472656,56.470001220703125,53.599998474121094,56.220001220703125,56.220001220703125,134473878
2025-10-29,SUZLON.NS,Suzlon Energy,Retail Hype / Turnaround,56.439998626708984,58.779998779296875,55.97999954223633,58.189998626708984,58.189998626708984,154967971
2025-10-30,SUZLON.NS,Suzlon Energy,Retail Hype / Turnaround,58.5,59.33000183105469,57.91999816894531,58.5099983215332,58.5099983215332,83463327
2025-10-31,SUZLON.NS,Suzlon Energy,Retail Hype / Turnaround,58.779998779296875,60.18000030517578,58.65999984741211,59.29999923706055,59.29999923706055,108026021
2025-11-03,SUZLON.NS,Suzlon Energy,Retail Hype / Turnaround,59.470001220703125,59.880001068115234,58.529998779296875,59.2400016784668,59.2400016784668,75149800
2025-11-04,SUZLON.NS,Suzlon Energy,Retail Hype / Turnaround,59.59000015258789,61.369998931884766,58.83000183105469,59.9900016784668,59.9900016784668,317089760
2025-11-06,SUZLON.NS,Suzlon Energy,Retail Hype / Turnaround,61.5,61.5,59.459999084472656,59.61000061035156,59.61000061035156,147235071
2025-11-07,SUZLON.NS,Suzlon Energy,Retail Hype / Turnaround,59.5,59.5,56.93000030517578,57.380001068115234,57.380001068115234,122840652
2025-11-10,SUZLON.NS,Suzlon Energy,Retail Hype / Turnaround,57.900001525878906,58.20000076293945,57.0099983215332,57.43000030517578,57.43000030517578,63054794
2025-11-11,SUZLON.NS,Suzlon Energy,Retail Hype / Turnaround,57.599998474121094,58.04999923706055,56.86000061035156,57.81999969482422,57.81999969482422,50483890
2025-11-12,SUZLON.NS,Suzlon Energy,Retail Hype / Turnaround,58.20000076293945,58.95000076293945,57.66999816894531,58.47999954223633,58.47999954223633,53042828
2025-11-13,SUZLON.NS,Suzlon Energy,Retail Hype / Turnaround,58.290000915527344,58.34000015258789,57.40999984741211,57.58000183105469,57.58000183105469,40221624
2025-11-14,SUZLON.NS,Suzlon Energy,Retail Hype / Turnaround,57.5,58.290000915527344,57.029998779296875,57.68000030517578,57.68000030517578,41214942
2025-11-17,SUZLON.NS,Suzlon Energy,Retail Hype / Turnaround,57.79999923706055,58.15999984741211,57.5,57.70000076293945,57.70000076293945,36049802
2025-11-18,SUZLON.NS,Suzlon Energy,Retail Hype / Turnaround,57.880001068115234,57.880001068115234,56.70000076293945,56.900001525878906,56.900001525878906,29797672
2025-11-19,SUZLON.NS,Suzlon Energy,Retail Hype / Turnaround,56.95000076293945,57.08000183105469,56.29999923706055,56.529998779296875,56.529998779296875,35976206
2025-11-20,SUZLON.NS,Suzlon Energy,Retail Hype / Turnaround,56.599998474121094,57.150001525878906,56.52000045776367,56.70000076293945,56.70000076293945,37658777
2025-11-21,SUZLON.NS,Suzlon Energy,Retail Hype / Turnaround,56.66999816894531,56.720001220703125,55.0,55.099998474121094,55.099998474121094,42894379
2025-11-24,SUZLON.NS,Suzlon Energy,Retail Hype / Turnaround,55.099998474121094,55.540000915527344,54.400001525878906,54.61000061035156,54.61000061035156,96347031
2025-11-25,SUZLON.NS,Suzlon Energy,Retail Hype / Turnaround,54.5,54.95000076293945,54.11000061035156,54.189998626708984,54.189998626708984,36680917
2025-11-26,SUZLON.NS,Suzlon Energy,Retail Hype / Turnaround,54.20000076293945,55.689998626708984,54.13999938964844,55.58000183105469,55.58000183105469,43866679
2025-11-27,SUZLON.NS,Suzlon Energy,Retail Hype / Turnaround,55.70000076293945,55.900001525878906,54.810001373291016,54.93000030517578,54.93000030517578,28645872
2025-11-28,SUZLON.NS,Suzlon Energy,Retail Hype / Turnaround,55.0,55.0,53.75,54.0099983215332,54.0099983215332,52551047
2025-12-01,SUZLON.NS,Suzlon Energy,Retail Hype / Turnaround,54.29999923706055,54.7400016784668,53.52000045776367,53.720001220703125,53.720001220703125,33170385
2025-12-02,SUZLON.NS,Suzlon Energy,Retail Hype / Turnaround,53.75,54.099998474121094,53.209999084472656,53.41999816894531,53.41999816894531,41115861
2025-12-03,SUZLON.NS,Suzlon Energy,Retail Hype / Turnaround,53.43000030517578,53.650001525878906,52.220001220703125,52.59000015258789,52.59000015258789,42825048
2025-12-04,SUZLON.NS,Suzlon Energy,Retail Hype / Turnaround,52.650001525878906,52.84000015258789,50.599998474121094,50.849998474121094,50.849998474121094,76794810
2025-12-05,SUZLON.NS,Suzlon Energy,Retail Hype / Turnaround,51.130001068115234,52.150001525878906,50.75,51.7400016784668,51.7400016784668,61141969
2025-12-08,SUZLON.NS,Suzlon Energy,Retail Hype / Turnaround,52.0099983215332,53.0,51.56999969482422,51.779998779296875,51.779998779296875,97482417
2025-12-09,SUZLON.NS,Suzlon Energy,Retail Hype / Turnaround,51.9900016784668,52.77000045776367,51.0,52.54999923706055,52.54999923706055,64804664
2025-12-10,SUZLON.NS,Suzlon Energy,Retail Hype / Turnaround,52.79999923706055,53.20000076293945,51.349998474121094,51.540000915527344,51.540000915527344,59123651
2025-12-11,SUZLON.NS,Suzlon Energy,Retail Hype / Turnaround,51.70000076293945,52.439998626708984,51.31999969482422,52.040000915527344,52.040000915527344,52982896
2025-12-12,SUZLON.NS,Suzlon Energy,Retail Hype / Turnaround,52.5,53.099998474121094,52.5,53.02000045776367,53.02000045776367,42524157
2025-12-15,SUZLON.NS,Suzlon Energy,Retail Hype / Turnaround,52.9900016784668,53.349998474121094,52.54999923706055,53.13999938964844,53.13999938964844,30122901
2025-12-16,SUZLON.NS,Suzlon Energy,Retail Hype / Turnaround,53.13999938964844,53.13999938964844,52.25,52.66999816894531,52.66999816894531,33821093
2025-12-17,SUZLON.NS,Suzlon Energy,Retail Hype / Turnaround,52.599998474121094,52.650001525878906,51.79999923706055,51.939998626708984,51.939998626708984,30348315
2025-12-18,SUZLON.NS,Suzlon Energy,Retail Hype / Turnaround,51.90999984741211,52.0,51.31999969482422,51.779998779296875,51.779998779296875,30872497
2025-12-19,SUZLON.NS,Suzlon Energy,Retail Hype / Turnaround,51.79999923706055,52.75,51.540000915527344,52.59000015258789,52.59000015258789,37121138
2025-12-22,SUZLON.NS,Suzlon Energy,Retail Hype / Turnaround,52.900001525878906,53.7400016784668,52.79999923706055,53.5099983215332,53.5099983215332,38903607
2025-12-23,SUZLON.NS,Suzlon Energy,Retail Hype / Turnaround,53.5099983215332,53.84000015258789,53.31999969482422,53.619998931884766,53.619998931884766,30259539
2025-12-24,SUZLON.NS,Suzlon Energy,Retail Hype / Turnaround,53.59000015258789,55.04999923706055,53.15999984741211,53.29999923706055,53.29999923706055,44076962
2025-12-26,SUZLON.NS,Suzlon Energy,Retail Hype / Turnaround,53.29999923706055,54.130001068115234,53.099998474121094,53.20000076293945,53.20000076293945,41885960
2025-12-29,SUZLON.NS,Suzlon Energy,Retail Hype / Turnaround,53.439998626708984,53.849998474121094,52.61000061035156,52.72999954223633,52.72999954223633,35515877
2025-12-30,SUZLON.NS,Suzlon Energy,Retail Hype / Turnaround,52.72999954223633,52.79999923706055,51.810001373291016,52.0,52.0,101385408
2025-12-31,SUZLON.NS,Suzlon Energy,Retail Hype / Turnaround,52.0,53.15999984741211,51.90999984741211,52.66999816894531,52.66999816894531,38744091
2026-01-01,SUZLON.NS,Suzlon Energy,Retail Hype / Turnaround,52.709999084472656,52.97999954223633,52.04999923706055,52.470001220703125,52.470001220703125,26749342
2026-01-02,SUZLON.NS,Suzlon Energy,Retail Hype / Turnaround,52.59000015258789,54.400001525878906,52.439998626708984,54.279998779296875,54.279998779296875,59517999
2026-01-05,SUZLON.NS,Suzlon Energy,Retail Hype / Turnaround,54.400001525878906,54.540000915527344,53.29999923706055,53.66999816894531,53.66999816894531,40693570
2026-01-06,SUZLON.NS,Suzlon Energy,Retail Hype / Turnaround,53.70000076293945,53.9900016784668,52.869998931884766,53.45000076293945,53.45000076293945,31119731
2026-01-07,SUZLON.NS,Suzlon Energy,Retail Hype / Turnaround,53.29999923706055,53.689998626708984,52.66999816894531,52.900001525878906,52.900001525878906,48744390
2026-01-08,SUZLON.NS,Suzlon Energy,Retail Hype / Turnaround,52.900001525878906,53.40999984741211,50.650001525878906,50.93000030517578,50.93000030517578,59316617
2026-01-09,SUZLON.NS,Suzlon Energy,Retail Hype / Turnaround,50.81999969482422,51.09000015258789,48.869998931884766,49.20000076293945,49.20000076293945,89917429
2026-01-12,SUZLON.NS,Suzlon Energy,Retail Hype / Turnaround,49.29999923706055,49.380001068115234,47.900001525878906,49.20000076293945,49.20000076293945,66498246
2026-01-13,SUZLON.NS,Suzlon Energy,Retail Hype / Turnaround,49.54999923706055,49.70000076293945,47.79999923706055,48.689998626708984,48.689998626708984,75354673
2026-01-14,SUZLON.NS,Suzlon Energy,Retail Hype / Turnaround,48.4900016784668,49.79999923706055,48.15999984741211,49.0099983215332,49.0099983215332,55863563
2026-01-15,SUZLON.NS,Suzlon Energy,Retail Hype / Turnaround,49.0099983215332,49.0099983215332,49.0099983215332,49.0099983215332,49.0099983215332,0
2026-01-16,SUZLON.NS,Suzlon Energy,Retail Hype / Turnaround,49.02000045776367,49.36000061035156,48.150001525878906,48.45000076293945,48.45000076293945,105047207
2026-01-19,SUZLON.NS,Suzlon Energy,Retail Hype / Turnaround,48.689998626708984,48.91999816894531,47.45000076293945,47.97999954223633,47.97999954223633,52924798
2026-01-20,SUZLON.NS,Suzlon Energy,Retail Hype / Turnaround,47.97999954223633,48.33000183105469,46.20000076293945,46.34000015258789,46.34000015258789,60935304
2026-01-21,SUZLON.NS,Suzlon Energy,Retail Hype / Turnaround,46.29999923706055,46.689998626708984,45.369998931884766,45.529998779296875,45.529998779296875,78076574
2026-01-22,SUZLON.NS,Suzlon Energy,Retail Hype / Turnaround,46.400001525878906,47.20000076293945,45.75,46.9900016784668,46.9900016784668,56239464
2026-01-23,SUZLON.NS,Suzlon Energy,Retail Hype / Turnaround,47.400001525878906,47.400001525878906,45.54999923706055,45.70000076293945,45.70000076293945,49252985
2026-01-27,SUZLON.NS,Suzlon Energy,Retail Hype / Turnaround,45.849998474121094,46.25,44.880001068115234,45.790000915527344,45.790000915527344,62941841
2026-01-28,SUZLON.NS,Suzlon Energy,Retail Hype / Turnaround,46.0099983215332,48.0,46.0099983215332,47.79999923706055,47.79999923706055,59993734
2026-01-29,SUZLON.NS,Suzlon Energy,Retail Hype / Turnaround,48.029998779296875,48.09000015258789,46.630001068115234,47.439998626708984,47.439998626708984,55397230
2026-01-30,SUZLON.NS,Suzlon Energy,Retail Hype / Turnaround,47.43000030517578,47.970001220703125,46.790000915527344,47.66999816894531,47.66999816894531,60762661
2026-02-02,SUZLON.NS,Suzlon Energy,Retail Hype / Turnaround,46.5,47.25,45.40999984741211,46.9900016784668,46.9900016784668,45471127
2026-02-03,SUZLON.NS,Suzlon Energy,Retail Hype / Turnaround,49.310001373291016,49.689998626708984,48.41999816894531,49.15999984741211,49.15999984741211,78516505
2026-02-04,SUZLON.NS,Suzlon Energy,Retail Hype / Turnaround,49.2599983215332,50.0,48.79999923706055,49.77000045776367,49.77000045776367,55580192
2026-02-05,SUZLON.NS,Suzlon Energy,Retail Hype / Turnaround,50.0,50.02000045776367,47.0,47.849998474121094,47.849998474121094,121302173
2026-02-06,SUZLON.NS,Suzlon Energy,Retail Hype / Turnaround,47.849998474121094,48.20000076293945,47.25,48.040000915527344,48.040000915527344,57960744
2026-02-09,SUZLON.NS,Suzlon Energy,Retail Hype / Turnaround,48.2599983215332,48.56999969482422,47.61000061035156,48.189998626708984,48.189998626708984,51743958
2026-02-10,SUZLON.NS,Suzlon Energy,Retail Hype / Turnaround,48.20000076293945,48.38999938964844,47.54999923706055,47.689998626708984,47.689998626708984,40362194
2026-02-11,SUZLON.NS,Suzlon Energy,Retail Hype / Turnaround,47.709999084472656,47.7400016784668,46.70000076293945,47.380001068115234,47.380001068115234,57124692
2026-02-12,SUZLON.NS,Suzlon Energy,Retail Hype / Turnaround,47.29999923706055,47.54999923706055,46.720001220703125,46.810001373291016,46.810001373291016,38946281
2026-02-13,SUZLON.NS,Suzlon Energy,Retail Hype / Turnaround,46.599998474121094,46.7400016784668,45.54999923706055,45.66999816894531,45.66999816894531,52618195
2026-02-16,SUZLON.NS,Suzlon Energy,Retail Hype / Turnaround,45.66999816894531,46.33000183105469,45.34000015258789,46.209999084472656,46.209999084472656,39325966
2026-02-17,SUZLON.NS,Suzlon Energy,Retail Hype / Turnaround,46.189998626708984,46.56999969482422,45.709999084472656,45.939998626708984,45.939998626708984,39827932
2026-02-18,SUZLON.NS,Suzlon Energy,Retail Hype / Turnaround,45.95000076293945,46.290000915527344,45.810001373291016,46.09000015258789,46.09000015258789,22066437
2026-02-19,SUZLON.NS,Suzlon Energy,Retail Hype / Turnaround,46.04999923706055,46.38999938964844,45.0,45.25,45.25,36681650
2026-02-20,SUZLON.NS,Suzlon Energy,Retail Hype / Turnaround,45.20000076293945,45.349998474121094,44.2599983215332,44.459999084472656,44.459999084472656,61647383
2026-02-23,SUZLON.NS,Suzlon Energy,Retail Hype / Turnaround,44.560001373291016,44.959999084472656,43.83000183105469,44.25,44.25,49442100
2026-02-24,SUZLON.NS,Suzlon Energy,Retail Hype / Turnaround,44.25,44.38999938964844,43.36000061035156,44.130001068115234,44.130001068115234,56568697
2026-02-25,SUZLON.NS,Suzlon Energy,Retail Hype / Turnaround,44.34000015258789,44.7400016784668,42.599998474121094,43.18000030517578,43.18000030517578,75839738
2026-02-26,SUZLON.NS,Suzlon Energy,Retail Hype / Turnaround,43.18000030517578,43.900001525878906,42.869998931884766,43.27000045776367,43.27000045776367,49800911
2026-02-27,SUZLON.NS,Suzlon Energy,Retail Hype / Turnaround,43.27000045776367,43.29999923706055,42.45000076293945,42.66999816894531,42.66999816894531,85724851
2026-03-02,SUZLON.NS,Suzlon Energy,Retail Hype / Turnaround,39.130001068115234,41.790000915527344,39.130001068115234,40.95000076293945,40.95000076293945,116013965
2026-03-04,SUZLON.NS,Suzlon Energy,Retail Hype / Turnaround,40.20000076293945,40.54999923706055,39.70000076293945,39.93000030517578,39.93000030517578,71113339
2026-03-05,SUZLON.NS,Suzlon Energy,Retail Hype / Turnaround,40.25,40.63999938964844,39.220001220703125,40.25,40.25,89173308
2026-03-06,SUZLON.NS,Suzlon Energy,Retail Hype / Turnaround,40.25,40.9900016784668,39.849998474121094,39.9900016784668,39.9900016784668,63058597
2026-03-09,SUZLON.NS,Suzlon Energy,Retail Hype / Turnaround,39.4900016784668,39.7599983215332,38.189998626708984,39.619998931884766,39.619998931884766,71721599
2026-03-10,SUZLON.NS,Suzlon Energy,Retail Hype / Turnaround,40.380001068115234,41.63999938964844,40.0,41.45000076293945,41.45000076293945,70866917
2026-03-11,SUZLON.NS,Suzlon Energy,Retail Hype / Turnaround,41.720001220703125,42.060001373291016,41.400001525878906,41.619998931884766,41.619998931884766,64189593
2026-03-12,SUZLON.NS,Suzlon Energy,Retail Hype / Turnaround,41.5099983215332,43.540000915527344,40.93000030517578,42.43000030517578,42.43000030517578,108432510
2026-03-13,SUZLON.NS,Suzlon Energy,Retail Hype / Turnaround,42.41999816894531,42.83000183105469,40.97999954223633,41.40999984741211,41.40999984741211,79497665
2026-03-16,SUZLON.NS,Suzlon Energy,Retail Hype / Turnaround,41.4900016784668,42.22999954223633,40.720001220703125,41.0099983215332,41.0099983215332,81266796
2026-03-17,SUZLON.NS,Suzlon Energy,Retail Hype / Turnaround,41.5,41.599998474121094,40.5099983215332,41.27000045776367,41.27000045776367,70423021
2026-03-18,SUZLON.NS,Suzlon Energy,Retail Hype / Turnaround,41.34000015258789,42.29999923706055,41.209999084472656,42.060001373291016,42.060001373291016,58427254
2026-03-19,SUZLON.NS,Suzlon Energy,Retail Hype / Turnaround,41.20000076293945,41.790000915527344,40.81999969482422,41.09000015258789,41.09000015258789,55593734
2026-03-20,SUZLON.NS,Suzlon Energy,Retail Hype / Turnaround,41.400001525878906,42.72999954223633,41.34000015258789,41.95000076293945,41.95000076293945,71960845
2026-03-23,SUZLON.NS,Suzlon Energy,Retail Hype / Turnaround,41.7599983215332,41.7599983215332,39.70000076293945,39.939998626708984,39.939998626708984,68192562
2026-03-24,SUZLON.NS,Suzlon Energy,Retail Hype / Turnaround,41.29999923706055,41.29999923706055,39.95000076293945,41.040000915527344,41.040000915527344,65440981
2026-03-25,SUZLON.NS,Suzlon Energy,Retail Hype / Turnaround,41.5,42.849998474121094,41.43000030517578,42.27000045776367,42.27000045776367,76079784
2026-03-27,SUZLON.NS,Suzlon Energy,Retail Hype / Turnaround,41.849998474121094,42.04999923706055,40.599998474121094,40.81999969482422,40.81999969482422,73603173
2026-03-30,SUZLON.NS,Suzlon Energy,Retail Hype / Turnaround,40.0,40.810001373291016,39.099998474121094,39.560001373291016,39.560001373291016,126591848
2026-04-01,SUZLON.NS,Suzlon Energy,Retail Hype / Turnaround,41.38999938964844,41.59000015258789,40.79999923706055,41.119998931884766,41.119998931884766,58512083
2026-04-02,SUZLON.NS,Suzlon Energy,Retail Hype / Turnaround,40.5,40.97999954223633,39.77000045776367,40.779998779296875,40.779998779296875,64825364
2026-04-06,SUZLON.NS,Suzlon Energy,Retail Hype / Turnaround,40.900001525878906,41.72999954223633,39.84000015258789,41.59000015258789,41.59000015258789,66648727
2026-04-07,SUZLON.NS,Suzlon Energy,Retail Hype / Turnaround,41.290000915527344,41.900001525878906,40.93000030517578,41.54999923706055,41.54999923706055,39145918
2026-04-08,SUZLON.NS,Suzlon Energy,Retail Hype / Turnaround,43.400001525878906,44.380001068115234,42.630001068115234,44.22999954223633,44.22999954223633,98803804
2026-04-09,SUZLON.NS,Suzlon Energy,Retail Hype / Turnaround,44.22999954223633,44.560001373291016,43.36000061035156,44.22999954223633,44.22999954223633,80302508
2026-04-10,SUZLON.NS,Suzlon Energy,Retail Hype / Turnaround,44.47999954223633,45.650001525878906,44.380001068115234,45.31999969482422,45.31999969482422,67332752
2026-04-13,SUZLON.NS,Suzlon Energy,Retail Hype / Turnaround,44.5,46.40999984741211,43.88999938964844,45.86000061035156,45.86000061035156,132245471
2026-04-15,SUZLON.NS,Suzlon Energy,Retail Hype / Turnaround,47.0,49.36000061035156,46.72999954223633,49.130001068115234,49.130001068115234,215457241
2026-04-16,SUZLON.NS,Suzlon Energy,Retail Hype / Turnaround,50.029998779296875,50.529998779296875,49.0099983215332,50.25,50.25,161130833
2026-04-17,SUZLON.NS,Suzlon Energy,Retail Hype / Turnaround,50.790000915527344,53.7400016784668,50.56999969482422,52.93000030517578,52.93000030517578,337159969
2026-04-20,SUZLON.NS,Suzlon Energy,Retail Hype / Turnaround,53.34000015258789,53.45000076293945,51.869998931884766,52.5,52.5,153681261
2026-04-21,SUZLON.NS,Suzlon Energy,Retail Hype / Turnaround,52.810001373291016,53.349998474121094,52.2599983215332,53.099998474121094,53.099998474121094,114713319
2026-04-22,SUZLON.NS,Suzlon Energy,Retail Hype / Turnaround,53.150001525878906,54.70000076293945,52.900001525878906,54.56999969482422,54.56999969482422,147736421
2026-04-23,SUZLON.NS,Suzlon Energy,Retail Hype / Turnaround,54.5099983215332,55.04999923706055,53.52000045776367,53.72999954223633,53.72999954223633,114711783
2026-04-24,SUZLON.NS,Suzlon Energy,Retail Hype / Turnaround,53.900001525878906,54.25,52.93000030517578,53.90999984741211,53.90999984741211,103128445
2026-04-27,SUZLON.NS,Suzlon Energy,Retail Hype / Turnaround,54.2599983215332,57.47999954223633,54.2599983215332,56.93000030517578,56.93000030517578,215958603
2026-04-28,SUZLON.NS,Suzlon Energy,Retail Hype / Turnaround,57.150001525878906,57.869998931884766,56.900001525878906,57.31999969482422,57.31999969482422,138320111
2026-04-29,SUZLON.NS,Suzlon Energy,Retail Hype / Turnaround,57.75,58.060001373291016,56.400001525878906,56.810001373291016,56.810001373291016,127240966
2026-04-30,SUZLON.NS,Suzlon Energy,Retail Hype / Turnaround,56.5,56.5,55.0,55.58000183105469,55.58000183105469,102354018
2026-05-01,SUZLON.NS,Suzlon Energy,Retail Hype / Turnaround,55.58000183105469,55.58000183105469,55.58000183105469,55.58000183105469,55.58000183105469,0
2026-05-04,SUZLON.NS,Suzlon Energy,Retail Hype / Turnaround,56.20000076293945,56.349998474121094,54.06999969482422,54.959999084472656,54.959999084472656,103192022
2026-05-05,SUZLON.NS,Suzlon Energy,Retail Hype / Turnaround,54.95000076293945,56.0,54.560001373291016,54.849998474121094,54.849998474121094,71812106
2026-05-06,SUZLON.NS,Suzlon Energy,Retail Hype / Turnaround,55.290000915527344,55.310001373291016,53.310001373291016,54.31999969482422,54.31999969482422,90584507
2026-05-07,SUZLON.NS,Suzlon Energy,Retail Hype / Turnaround,54.59000015258789,55.869998931884766,53.75,55.650001525878906,55.650001525878906,98244179
2026-05-08,SUZLON.NS,Suzlon Energy,Retail Hype / Turnaround,55.900001525878906,55.91999816894531,54.56999969482422,54.970001220703125,54.970001220703125,56797248
2026-05-11,SUZLON.NS,Suzlon Energy,Retail Hype / Turnaround,54.349998474121094,54.43000030517578,53.02000045776367,53.29999923706055,53.29999923706055,70005148
2026-05-12,SUZLON.NS,Suzlon Energy,Retail Hype / Turnaround,53.0,53.959999084472656,51.310001373291016,51.52000045776367,51.52000045776367,99265010
2026-05-13,SUZLON.NS,Suzlon Energy,Retail Hype / Turnaround,51.310001373291016,53.7400016784668,51.310001373291016,53.099998474121094,53.099998474121094,93140759
2026-05-14,SUZLON.NS,Suzlon Energy,Retail Hype / Turnaround,53.40999984741211,53.90999984741211,52.5099983215332,53.470001220703125,53.470001220703125,70978290
2026-05-15,SUZLON.NS,Suzlon Energy,Retail Hype / Turnaround,53.470001220703125,54.5099983215332,52.97999954223633,53.84000015258789,53.84000015258789,82878733
2026-05-18,SUZLON.NS,Suzlon Energy,Retail Hype / Turnaround,53.47999954223633,53.47999954223633,52.150001525878906,53.25,53.25,77363520
2026-05-19,SUZLON.NS,Suzlon Energy,Retail Hype / Turnaround,53.56999969482422,53.83000183105469,52.52000045776367,52.90999984741211,52.90999984741211,54643439
2026-05-20,SUZLON.NS,Suzlon Energy,Retail Hype / Turnaround,52.54999923706055,52.70000076293945,52.0,52.56999969482422,52.56999969482422,46459868
2026-05-21,SUZLON.NS,Suzlon Energy,Retail Hype / Turnaround,53.0,53.84000015258789,52.65999984741211,52.869998931884766,52.869998931884766,55852452
2026-05-22,SUZLON.NS,Suzlon Energy,Retail Hype / Turnaround,53.16999816894531,53.95000076293945,53.0,53.75,53.75,60760806
2026-05-25,SUZLON.NS,Suzlon Energy,Retail Hype / Turnaround,54.75,54.900001525878906,53.099998474121094,53.9900016784668,53.9900016784668,132667695
2026-05-26,SUZLON.NS,Suzlon Energy,Retail Hype / Turnaround,53.63999938964844,55.4900016784668,53.380001068115234,54.58000183105469,54.58000183105469,173729945
2026-05-27,SUZLON.NS,Suzlon Energy,Retail Hype / Turnaround,54.849998474121094,58.099998474121094,54.41999816894531,57.529998779296875,57.529998779296875,227745007
2026-05-28,SUZLON.NS,Suzlon Energy,Retail Hype / Turnaround,57.529998779296875,57.529998779296875,57.529998779296875,57.529998779296875,57.529998779296875,0
2026-05-29,SUZLON.NS,Suzlon Energy,Retail Hype / Turnaround,58.0,58.41999816894531,55.599998474121094,56.9900016784668,56.9900016784668,221481859
2026-06-01,SUZLON.NS,Suzlon Energy,Retail Hype / Turnaround,56.810001373291016,56.900001525878906,53.5,53.93000030517578,53.93000030517578,153165238
2026-06-02,SUZLON.NS,Suzlon Energy,Retail Hype / Turnaround,52.849998474121094,54.77000045776367,52.560001373291016,54.52000045776367,54.52000045776367,103408726
2026-06-03,SUZLON.NS,Suzlon Energy,Retail Hype / Turnaround,54.52000045776367,55.040000915527344,53.25,54.400001525878906,54.400001525878906,90350201
2026-06-04,SUZLON.NS,Suzlon Energy,Retail Hype / Turnaround,54.25,56.0,54.029998779296875,55.619998931884766,55.619998931884766,119119491
2026-06-05,SUZLON.NS,Suzlon Energy,Retail Hype / Turnaround,55.79999923706055,56.119998931884766,55.099998474121094,55.310001373291016,55.310001373291016,72836939
2026-06-08,SUZLON.NS,Suzlon Energy,Retail Hype / Turnaround,54.20000076293945,55.88999938964844,53.81999969482422,54.43000030517578,54.43000030517578,76527450
2026-06-09,SUZLON.NS,Suzlon Energy,Retail Hype / Turnaround,54.599998474121094,55.38999938964844,54.470001220703125,55.22999954223633,55.22999954223633,64855680
2026-06-10,SUZLON.NS,Suzlon Energy,Retail Hype / Turnaround,55.220001220703125,55.45000076293945,53.810001373291016,54.08000183105469,54.08000183105469,55567213
2026-06-11,SUZLON.NS,Suzlon Energy,Retail Hype / Turnaround,53.790000915527344,54.119998931884766,53.06999969482422,53.290000915527344,53.290000915527344,41907259
2026-06-12,SUZLON.NS,Suzlon Energy,Retail Hype / Turnaround,54.0,55.20000076293945,53.77000045776367,55.08000183105469,55.08000183105469,64636157
2026-06-15,SUZLON.NS,Suzlon Energy,Retail Hype / Turnaround,56.5,56.779998779296875,55.209999084472656,55.56999969482422,55.56999969482422,65026559
2026-06-16,SUZLON.NS,Suzlon Energy,Retail Hype / Turnaround,56.119998931884766,59.2400016784668,53.900001525878906,57.91999816894531,57.91999816894531,292441954
2026-06-17,SUZLON.NS,Suzlon Energy,Retail Hype / Turnaround,58.380001068115234,59.5,57.29999923706055,59.27000045776367,59.27000045776367,164629458
2026-06-18,SUZLON.NS,Suzlon Energy,Retail Hype / Turnaround,59.220001220703125,59.439998626708984,58.29999923706055,58.439998626708984,58.439998626708984,82275577
2026-06-19,SUZLON.NS,Suzlon Energy,Retail Hype / Turnaround,58.439998626708984,60.45000076293945,58.209999084472656,59.20000076293945,59.20000076293945,139917727
2026-06-22,SUZLON.NS,Suzlon Energy,Retail Hype / Turnaround,59.470001220703125,59.7400016784668,59.04999923706055,59.310001373291016,59.310001373291016,70696950
2026-06-23,SUZLON.NS,Suzlon Energy,Retail Hype / Turnaround,59.310001373291016,59.54999923706055,58.099998474121094,58.290000915527344,58.290000915527344,68349325
2026-06-24,SUZLON.NS,Suzlon Energy,Retail Hype / Turnaround,58.25,58.790000915527344,57.61000061035156,57.90999984741211,57.90999984741211,63851176
2026-06-25,SUZLON.NS,Suzlon Energy,Retail Hype / Turnaround,58.2400016784668,58.459999084472656,56.869998931884766,57.13999938964844,57.13999938964844,83934060
2026-06-26,SUZLON.NS,Suzlon Energy,Retail Hype / Turnaround,57.13999938964844,57.13999938964844,57.13999938964844,57.13999938964844,57.13999938964844,0
2026-06-29,SUZLON.NS,Suzlon Energy,Retail Hype / Turnaround,58.0,58.0,56.93000030517578,57.209999084472656,57.209999084472656,68862375
2026-06-30,SUZLON.NS,Suzlon Energy,Retail Hype / Turnaround,57.459999084472656,59.099998474121094,57.310001373291016,58.900001525878906,58.900001525878906,120994413
2026-07-01,SUZLON.NS,Suzlon Energy,Retail Hype / Turnaround,59.060001373291016,59.310001373291016,58.130001068115234,58.349998474121094,58.349998474121094,58782670
2026-07-02,SUZLON.NS,Suzlon Energy,Retail Hype / Turnaround,58.349998474121094,58.68000030517578,57.36000061035156,57.66999816894531,57.66999816894531,51175497
2026-07-03,SUZLON.NS,Suzlon Energy,Retail Hype / Turnaround,57.93000030517578,58.119998931884766,56.2400016784668,56.869998931884766,56.869998931884766,71029555
2026-07-06,SUZLON.NS,Suzlon Energy,Retail Hype / Turnaround,56.869998931884766,57.099998474121094,55.0099983215332,55.470001220703125,55.470001220703125,73062543
2026-07-07,SUZLON.NS,Suzlon Energy,Retail Hype / Turnaround,55.470001220703125,55.560001373291016,54.150001525878906,54.380001068115234,54.380001068115234,56983348
2026-07-08,SUZLON.NS,Suzlon Energy,Retail Hype / Turnaround,54.29999923706055,54.779998779296875,52.709999084472656,53.130001068115234,53.130001068115234,65132513
2026-07-09,SUZLON.NS,Suzlon Energy,Retail Hype / Turnaround,53.130001068115234,54.290000915527344,53.06999969482422,53.70000076293945,53.70000076293945,42640345
2026-07-10,SUZLON.NS,Suzlon Energy,Retail Hype / Turnaround,54.02000045776367,54.45000076293945,53.75,53.91999816894531,53.91999816894531,41945443
2026-07-13,SUZLON.NS,Suzlon Energy,Retail Hype / Turnaround,53.599998474121094,53.630001068115234,52.91999816894531,53.16999816894531,53.16999816894531,40687795
2026-07-14,SUZLON.NS,Suzlon Energy,Retail Hype / Turnaround,52.95000076293945,52.9900016784668,52.33000183105469,52.470001220703125,52.470001220703125,40748106
2026-07-15,SUZLON.NS,Suzlon Energy,Retail Hype / Turnaround,52.470001220703125,53.4900016784668,52.310001373291016,52.41999816894531,52.41999816894531,45977388
2026-07-16,SUZLON.NS,Suzlon Energy,Retail Hype / Turnaround,52.599998474121094,52.689998626708984,51.880001068115234,51.970001220703125,51.970001220703125,45561488
2026-07-17,SUZLON.NS,Suzlon Energy,Retail Hype / Turnaround,51.959999084472656,52.290000915527344,51.27000045776367,51.9900016784668,51.9900016784668,111362634
2026-07-20,SUZLON.NS,Suzlon Energy,Retail Hype / Turnaround,52.06999969482422,53.290000915527344,51.61000061035156,53.09000015258789,53.09000015258789,51555144
2026-07-21,SUZLON.NS,Suzlon Energy,Retail Hype / Turnaround,53.09000015258789,53.5,52.849998474121094,53.16999816894531,53.16999816894531,31019284
2026-07-22,SUZLON.NS,Suzlon Energy,Retail Hype / Turnaround,53.15999984741211,53.70000076293945,52.33000183105469,53.0099983215332,53.0099983215332,55827250
2026-07-23,SUZLON.NS,Suzlon Energy,Retail Hype / Turnaround,52.849998474121094,53.220001220703125,52.150001525878906,52.38999938964844,52.38999938964844,47311426
2026-07-24,SUZLON.NS,Suzlon Energy,Retail Hype / Turnaround,52.25,52.58000183105469,51.790000915527344,52.279998779296875,52.279998779296875,45263052
2026-07-27,SUZLON.NS,Suzlon Energy,Retail Hype / Turnaround,52.5,53.20000076293945,52.220001220703125,53.150001525878906,53.150001525878906,45205048
2026-07-28,SUZLON.NS,Suzlon Energy,Retail Hype / Turnaround,53.150001525878906,53.20000076293945,47.84000015258789,48.02000045776367,48.02000045776367,224762106
2026-07-29,SUZLON.NS,Suzlon Energy,Retail Hype / Turnaround,48.0,48.70000076293945,45.93000030517578,47.45000076293945,47.45000076293945,221723792
2026-07-30,SUZLON.NS,Suzlon Energy,Retail Hype / Turnaround,47.5,47.880001068115234,46.220001220703125,47.400001525878906,47.400001525878906,116150327
2026-07-31,SUZLON.NS,Suzlon Energy,Retail Hype / Turnaround,47.560001373291016,48.18000030517578,47.130001068115234,48.0099983215332,48.0099983215332,56655652
2026-08-03,SUZLON.NS,Suzlon Energy,Retail Hype / Turnaround,48.20000076293945,49.29999923706055,48.08000183105469,48.099998474121094,48.099998474121094,55317614
2026-08-04,SUZLON.NS,Suzlon Energy,Retail Hype / Turnaround,48.59000015258789,49.150001525878906,47.900001525878906,48.0099983215332,48.0099983215332,61548498
2026-08-05,SUZLON.NS,Suzlon Energy,Retail Hype / Turnaround,48.5,48.84000015258789,47.900001525878906,48.150001525878906,48.150001525878906,39589104
2026-08-06,SUZLON.NS,Suzlon Energy,Retail Hype / Turnaround,48.29999923706055,48.4900016784668,47.83000183105469,48.099998474121094,48.099998474121094,29846769
2026-08-07,SUZLON.NS,Suzlon Energy,Retail Hype / Turnaround,48.09000015258789,48.9900016784668,47.95000076293945,48.150001525878906,48.150001525878906,52362545
2026-08-10,SUZLON.NS,Suzlon Energy,Retail Hype / Turnaround,48.33000183105469,48.45000076293945,47.0,47.5,47.5,59333617
2026-08-11,SUZLON.NS,Suzlon Energy,Retail Hype / Turnaround,47.59000015258789,47.709999084472656,47.099998474121094,47.5,47.5,37012060
2026-08-12,SUZLON.NS,Suzlon Energy,Retail Hype / Turnaround,47.4900016784668,47.4900016784668,46.900001525878906,47.349998474121094,47.349998474121094,41760811
2026-08-13,SUZLON.NS,Suzlon Energy,Retail Hype / Turnaround,47.290000915527344,47.61000061035156,47.119998931884766,47.61000061035156,47.61000061035156,24237589
2026-08-14,SUZLON.NS,Suzlon Energy,Retail Hype / Turnaround,47.400001525878906,47.439998626708984,47.0,47.099998474121094,47.099998474121094,25913687
2026-08-17,SUZLON.NS,Suzlon Energy,Retail Hype / Turnaround,47.099998474121094,49.31999969482422,46.900001525878906,49.0,49.0,80470340
2026-08-18,SUZLON.NS,Suzlon Energy,Retail Hype / Turnaround,48.95000076293945,48.95000076293945,47.470001220703125,47.779998779296875,47.779998779296875,62318243
2026-08-19,SUZLON.NS,Suzlon Energy,Retail Hype / Turnaround,47.70000076293945,47.7599983215332,46.70000076293945,46.77000045776367,46.77000045776367,47341396
2026-08-20,SUZLON.NS,Suzlon Energy,Retail Hype / Turnaround,46.81999969482422,47.54999923706055,46.79999923706055,47.0,47.0,31120638
2026-08-21,SUZLON.NS,Suzlon Energy,Retail Hype / Turnaround,47.099998474121094,47.34000015258789,46.599998474121094,46.709999084472656,46.709999084472656,32172432
2026-08-24,SUZLON.NS,Suzlon Energy,Retail Hype / Turnaround,46.939998626708984,47.060001373291016,46.599998474121094,47.04999923706055,47.04999923706055,29089252
2026-08-25,SUZLON.NS,Suzlon Energy,Retail Hype / Turnaround,47.060001373291016,47.15999984741211,46.25,46.75,46.75,47183588
2026-08-26,SUZLON.NS,Suzlon Energy,Retail Hype / Turnaround,47.0,47.400001525878906,46.880001068115234,46.939998626708984,46.939998626708984,28238916
2026-08-27,SUZLON.NS,Suzlon Energy,Retail Hype / Turnaround,47.0,47.38999938964844,46.369998931884766,46.810001373291016,46.810001373291016,23836185
2026-08-28,SUZLON.NS,Suzlon Energy,Retail Hype / Turnaround,46.689998626708984,47.04999923706055,46.5,46.790000915527344,46.790000915527344,23944393
2026-08-31,SUZLON.NS,Suzlon Energy,Retail Hype / Turnaround,46.790000915527344,47.52000045776367,45.91999816894531,47.52000045776367,47.52000045776367,59911853
2026-09-01,SUZLON.NS,Suzlon Energy,Retail Hype / Turnaround,47.5,47.5,46.25,46.5,46.5,39976953
2026-09-02,SUZLON.NS,Suzlon Energy,Retail Hype / Turnaround,46.38999938964844,46.38999938964844,45.459999084472656,45.459999084472656,45.459999084472656,52679194
2026-09-03,SUZLON.NS,Suzlon Energy,Retail Hype / Turnaround,45.70000076293945,46.380001068115234,45.54999923706055,46.029998779296875,46.029998779296875,32563002
2026-09-04,SUZLON.NS,Suzlon Energy,Retail Hype / Turnaround,46.11000061035156,46.369998931884766,45.029998779296875,45.349998474121094,45.349998474121094,55366085
2026-09-07,SUZLON.NS,Suzlon Energy,Retail Hype / Turnaround,45.40999984741211,45.54999923706055,44.849998474121094,45.54999923706055,45.54999923706055,28911783
2026-09-08,SUZLON.NS,Suzlon Energy,Retail Hype / Turnaround,45.470001220703125,45.77000045776367,45.27000045776367,45.5,45.5,24929892
2026-09-09,SUZLON.NS,Suzlon Energy,Retail Hype / Turnaround,45.650001525878906,46.400001525878906,45.29999923706055,45.45000076293945,45.45000076293945,52512738
2026-09-10,SUZLON.NS,Suzlon Energy,Retail Hype / Turnaround,45.439998626708984,45.68000030517578,44.099998474121094,44.220001220703125,44.220001220703125,43668900
2026-09-11,SUZLON.NS,Suzlon Energy,Retail Hype / Turnaround,44.119998931884766,44.5,43.209999084472656,44.119998931884766,44.119998931884766,52777120
