Date,Ticker,Company_Name,Category,Open,High,Low,Close,Adj_Close,Volume
2010-01-04,TITAN.NS,Titan Company,Growth / Compounder,71.25,72.44999694824219,70.36000061035156,71.07499694824219,65.3716812133789,490880
2010-01-05,TITAN.NS,Titan Company,Growth / Compounder,72.44999694824219,73.0999984741211,71.19999694824219,72.53250122070312,66.71222686767578,1282660
2010-01-06,TITAN.NS,Titan Company,Growth / Compounder,73.55000305175781,74.4000015258789,73.25,73.69999694824219,67.78605651855469,1318500
2010-01-07,TITAN.NS,Titan Company,Growth / Compounder,73.25,76.6500015258789,73.25,75.53250122070312,69.47148895263672,3218340
2010-01-08,TITAN.NS,Titan Company,Growth / Compounder,76.25,76.25,72.82749938964844,74.83499908447266,68.8299560546875,478240
2010-01-11,TITAN.NS,Titan Company,Growth / Compounder,76.0,76.0,73.94499969482422,74.2300033569336,68.27350616455078,406280
2010-01-12,TITAN.NS,Titan Company,Growth / Compounder,75.24500274658203,75.24500274658203,73.69999694824219,74.04000091552734,68.0987548828125,393860
2010-01-13,TITAN.NS,Titan Company,Growth / Compounder,74.0,74.55000305175781,73.0,73.46499633789062,67.56990051269531,525280
2010-01-14,TITAN.NS,Titan Company,Growth / Compounder,74.2249984741211,76.24500274658203,73.8499984741211,75.86499786376953,69.77731323242188,1128620
2010-01-15,TITAN.NS,Titan Company,Growth / Compounder,76.0,76.49500274658203,74.83000183105469,75.78250122070312,69.70145416259766,659400
2010-01-18,TITAN.NS,Titan Company,Growth / Compounder,76.44999694824219,76.44999694824219,74.30000305175781,75.29000091552734,69.24845886230469,239180
2010-01-19,TITAN.NS,Titan Company,Growth / Compounder,73.83000183105469,78.4000015258789,70.55000305175781,76.7074966430664,70.55219268798828,2251180
2010-01-20,TITAN.NS,Titan Company,Growth / Compounder,77.3499984741211,79.0,76.80000305175781,77.77749633789062,71.53634643554688,2549940
2010-01-21,TITAN.NS,Titan Company,Growth / Compounder,77.82499694824219,77.98500061035156,75.4000015258789,76.20500183105469,70.09002685546875,868240
2010-01-22,TITAN.NS,Titan Company,Growth / Compounder,74.75,76.44499969482422,71.80000305175781,76.03250122070312,69.93138122558594,557300
2010-01-25,TITAN.NS,Titan Company,Growth / Compounder,75.05500030517578,75.67500305175781,74.5,75.13249969482422,69.10359191894531,286860
2010-01-27,TITAN.NS,Titan Company,Growth / Compounder,73.68000030517578,75.69999694824219,73.68000030517578,74.9375,68.92425537109375,776900
2010-01-28,TITAN.NS,Titan Company,Growth / Compounder,73.5,76.94999694824219,72.80249786376953,76.23249816894531,70.11532592773438,1503240
2010-01-29,TITAN.NS,Titan Company,Growth / Compounder,75.75,76.5,73.75,75.04499816894531,69.02310943603516,442140
2010-02-01,TITAN.NS,Titan Company,Growth / Compounder,76.25,86.3499984741211,76.23750305175781,85.42500305175781,78.5701904296875,7468400
2010-02-02,TITAN.NS,Titan Company,Growth / Compounder,85.75,87.0,82.9000015258789,83.51249694824219,76.8111343383789,3162920
2010-02-03,TITAN.NS,Titan Company,Growth / Compounder,84.0,88.8499984741211,83.9000015258789,86.64250183105469,79.68997955322266,5937120
2010-02-04,TITAN.NS,Titan Company,Growth / Compounder,87.4000015258789,88.75,83.8550033569336,85.12000274658203,78.28965759277344,3925660
2010-02-05,TITAN.NS,Titan Company,Growth / Compounder,83.5,85.94999694824219,82.52249908447266,84.13249969482422,77.38139343261719,2491540
2010-02-08,TITAN.NS,Titan Company,Growth / Compounder,85.44999694824219,86.94999694824219,83.82749938964844,85.01750183105469,78.19539642333984,2257320
2010-02-09,TITAN.NS,Titan Company,Growth / Compounder,85.44000244140625,86.18499755859375,84.25749969482422,85.06500244140625,78.23908233642578,1655720
2010-02-10,TITAN.NS,Titan Company,Growth / Compounder,85.44999694824219,89.0,85.44999694824219,86.18250274658203,79.26691436767578,4079920
2010-02-11,TITAN.NS,Titan Company,Growth / Compounder,87.0199966430664,87.75,85.91500091552734,86.86000061035156,79.89002990722656,1604680
2010-02-15,TITAN.NS,Titan Company,Growth / Compounder,86.44750213623047,87.67500305175781,85.56749725341797,85.8499984741211,78.96109008789062,692500
2010-02-16,TITAN.NS,Titan Company,Growth / Compounder,87.0,87.0999984741211,85.6050033569336,86.375,79.4439468383789,465280
2010-02-17,TITAN.NS,Titan Company,Growth / Compounder,86.94999694824219,90.94999694824219,86.66500091552734,89.86250305175781,82.65159606933594,4268340
2010-02-18,TITAN.NS,Titan Company,Growth / Compounder,89.75,92.5,89.50250244140625,91.28250122070312,83.95764923095703,4171160
2010-02-19,TITAN.NS,Titan Company,Growth / Compounder,90.0,92.3499984741211,89.75499725341797,90.57749938964844,83.30921173095703,1378220
2010-02-22,TITAN.NS,Titan Company,Growth / Compounder,91.49500274658203,92.67749786376953,87.75,88.15499877929688,81.08110809326172,3472380
2010-02-23,TITAN.NS,Titan Company,Growth / Compounder,87.5,88.69999694824219,86.43000030517578,87.37000274658203,80.35911560058594,3425960
2010-02-24,TITAN.NS,Titan Company,Growth / Compounder,86.5,88.0999984741211,86.25,86.77999877929688,79.81643676757812,827180
2010-02-25,TITAN.NS,Titan Company,Growth / Compounder,86.25,87.48500061035156,85.9000015258789,86.17749786376953,79.2623062133789,1059800
2010-02-26,TITAN.NS,Titan Company,Growth / Compounder,86.88999938964844,88.69999694824219,85.07749938964844,87.3125,80.30622100830078,2330380
2010-03-02,TITAN.NS,Titan Company,Growth / Compounder,88.4000015258789,90.0,88.00250244140625,89.57250213623047,82.3848648071289,1090500
2010-03-03,TITAN.NS,Titan Company,Growth / Compounder,89.87000274658203,91.3499984741211,89.87000274658203,90.70999908447266,83.43109893798828,855440
2010-03-04,TITAN.NS,Titan Company,Growth / Compounder,90.80000305175781,93.8949966430664,90.4000015258789,93.36750030517578,85.87535095214844,2702680
2010-03-05,TITAN.NS,Titan Company,Growth / Compounder,94.0,95.0999984741211,91.125,91.5250015258789,84.1806869506836,2084960
2010-03-08,TITAN.NS,Titan Company,Growth / Compounder,92.44999694824219,92.94999694824219,90.25250244140625,90.51000213623047,83.24713897705078,1724100
2010-03-09,TITAN.NS,Titan Company,Growth / Compounder,90.5,91.74500274658203,89.60250091552734,90.72000122070312,83.44026947021484,1657220
2010-03-10,TITAN.NS,Titan Company,Growth / Compounder,90.05249786376953,92.0999984741211,89.60250091552734,89.9375,82.72058868408203,2063540
2010-03-11,TITAN.NS,Titan Company,Growth / Compounder,88.3499984741211,91.25,88.3499984741211,90.6050033569336,83.33451080322266,1049500
2010-03-12,TITAN.NS,Titan Company,Growth / Compounder,90.8949966430664,91.64749908447266,89.81500244140625,90.19499969482422,82.9574203491211,1625360
2010-03-15,TITAN.NS,Titan Company,Growth / Compounder,89.8499984741211,90.74500274658203,89.25,89.5425033569336,82.35728454589844,966780
2010-03-16,TITAN.NS,Titan Company,Growth / Compounder,90.5,90.63999938964844,89.32749938964844,90.10749816894531,82.876953125,1477660
2010-03-17,TITAN.NS,Titan Company,Growth / Compounder,90.25,92.4000015258789,89.86750030517578,90.37249755859375,83.12068176269531,2387720
2010-03-18,TITAN.NS,Titan Company,Growth / Compounder,91.69999694824219,91.69999694824219,90.4000015258789,90.59750366210938,83.32762145996094,851320
2010-03-19,TITAN.NS,Titan Company,Growth / Compounder,91.05000305175781,92.375,90.55000305175781,91.17500305175781,83.85879516601562,951000
2010-03-22,TITAN.NS,Titan Company,Growth / Compounder,90.0,91.25,89.06749725341797,89.36750030517578,82.19632720947266,835380
2010-03-23,TITAN.NS,Titan Company,Growth / Compounder,89.87000274658203,91.0,88.68250274658203,89.0425033569336,81.89740753173828,1219700
2010-03-25,TITAN.NS,Titan Company,Growth / Compounder,88.8550033569336,90.39250183105469,88.29000091552734,88.76750183105469,81.64445495605469,2509980
2010-03-26,TITAN.NS,Titan Company,Growth / Compounder,89.25,91.69000244140625,89.25,90.83499908447266,83.54605865478516,1421340
2010-03-29,TITAN.NS,Titan Company,Growth / Compounder,91.25,92.5999984741211,90.75,92.36750030517578,84.9555892944336,1394560
2010-03-30,TITAN.NS,Titan Company,Growth / Compounder,93.0,93.25,91.5,91.625,84.2726821899414,991840
2010-03-31,TITAN.NS,Titan Company,Growth / Compounder,91.05000305175781,92.6500015258789,91.05000305175781,92.02999877929688,84.64514923095703,1278560
2010-04-01,TITAN.NS,Titan Company,Growth / Compounder,92.0,93.94999694824219,91.9000015258789,93.62999725341797,86.11677551269531,1269200
2010-04-05,TITAN.NS,Titan Company,Growth / Compounder,94.74500274658203,94.74500274658203,93.05000305175781,93.57749938964844,86.0685043334961,734200
2010-04-06,TITAN.NS,Titan Company,Growth / Compounder,94.0,94.0,92.5999984741211,93.53250122070312,86.027099609375,404340
2010-04-07,TITAN.NS,Titan Company,Growth / Compounder,94.0,94.5,93.25,94.01499938964844,86.47089385986328,2080180
2010-04-08,TITAN.NS,Titan Company,Growth / Compounder,94.23999786376953,96.08999633789062,93.51499938964844,94.32250213623047,86.75371551513672,1691820
2010-04-09,TITAN.NS,Titan Company,Growth / Compounder,96.5,96.5,94.50250244140625,95.2750015258789,87.6297836303711,591020
2010-04-12,TITAN.NS,Titan Company,Growth / Compounder,95.44999694824219,95.94000244140625,94.5,95.30999755859375,87.6619644165039,420920
2010-04-13,TITAN.NS,Titan Company,Growth / Compounder,95.0999984741211,96.6500015258789,94.55000305175781,95.29750061035156,87.65045928955078,955040
2010-04-15,TITAN.NS,Titan Company,Growth / Compounder,95.29750061035156,99.0,95.29750061035156,98.22250366210938,90.34078216552734,3088140
2010-04-16,TITAN.NS,Titan Company,Growth / Compounder,98.5,103.43499755859375,98.00499725341797,102.80500030517578,94.55554962158203,6382880
2010-04-19,TITAN.NS,Titan Company,Growth / Compounder,101.15499877929688,103.9175033569336,100.76000213623047,102.5625,94.33250427246094,3397980
2010-04-20,TITAN.NS,Titan Company,Growth / Compounder,103.0,103.38999938964844,101.83000183105469,102.48500061035156,94.26121520996094,1136220
2010-04-21,TITAN.NS,Titan Company,Growth / Compounder,102.48500061035156,103.69999694824219,101.91000366210938,102.61750030517578,94.38309478759766,711560
2010-04-22,TITAN.NS,Titan Company,Growth / Compounder,101.76000213623047,102.75,101.26249694824219,102.39250183105469,94.17613983154297,700720
2010-04-23,TITAN.NS,Titan Company,Growth / Compounder,101.76000213623047,104.4000015258789,101.5999984741211,103.2874984741211,94.99932098388672,1653260
2010-04-26,TITAN.NS,Titan Company,Growth / Compounder,104.0,104.3499984741211,102.3499984741211,103.16000366210938,94.88204193115234,743600
2010-04-27,TITAN.NS,Titan Company,Growth / Compounder,103.24500274658203,103.91000366210938,102.55000305175781,103.42500305175781,95.12580108642578,1105940
2010-04-28,TITAN.NS,Titan Company,Growth / Compounder,102.26249694824219,103.43499755859375,101.5,102.4625015258789,94.24053955078125,1383280
2010-04-29,TITAN.NS,Titan Company,Growth / Compounder,102.88749694824219,106.19499969482422,102.0,105.44499969482422,96.98369598388672,3456500
2010-04-30,TITAN.NS,Titan Company,Growth / Compounder,106.30000305175781,107.9000015258789,106.08000183105469,106.4625015258789,97.91957092285156,1917880
2010-05-03,TITAN.NS,Titan Company,Growth / Compounder,107.25,110.37000274658203,105.5,109.48750305175781,100.70181274414062,6048780
2010-05-04,TITAN.NS,Titan Company,Growth / Compounder,109.9000015258789,109.95500183105469,106.55000305175781,107.28250122070312,98.67375183105469,1921740
2010-05-05,TITAN.NS,Titan Company,Growth / Compounder,107.0,111.49749755859375,104.80000305175781,109.73999786376953,100.9340591430664,3246880
2010-05-06,TITAN.NS,Titan Company,Growth / Compounder,109.9000015258789,110.4000015258789,107.5999984741211,108.57749938964844,99.8648452758789,2754300
2010-05-07,TITAN.NS,Titan Company,Growth / Compounder,108.4000015258789,110.0999984741211,105.6500015258789,107.94999694824219,99.28770446777344,1258040
2010-05-10,TITAN.NS,Titan Company,Growth / Compounder,108.5,110.49749755859375,107.26249694824219,108.89250183105469,100.15454864501953,1106160
2010-05-11,TITAN.NS,Titan Company,Growth / Compounder,108.5,109.5,106.62999725341797,108.4124984741211,99.71309661865234,918040
2010-05-12,TITAN.NS,Titan Company,Growth / Compounder,106.18000030517578,110.22000122070312,105.0,108.4375,99.73606872558594,1383560
2010-05-13,TITAN.NS,Titan Company,Growth / Compounder,108.60749816894531,112.69999694824219,108.25,111.80249786376953,102.8310546875,3800840
2010-05-14,TITAN.NS,Titan Company,Growth / Compounder,112.30000305175781,114.69999694824219,112.0,113.92749786376953,104.7855224609375,2612100
2010-05-17,TITAN.NS,Titan Company,Growth / Compounder,113.0999984741211,113.4000015258789,110.25,112.51000213623047,103.4817886352539,1076340
2010-05-18,TITAN.NS,Titan Company,Growth / Compounder,113.5,116.36000061035156,112.8324966430664,115.27749633789062,106.0271987915039,2024540
2010-05-19,TITAN.NS,Titan Company,Growth / Compounder,114.5,114.94499969482422,112.62750244140625,113.07749938964844,104.00374603271484,872420
2010-05-20,TITAN.NS,Titan Company,Growth / Compounder,113.3499984741211,114.44999694824219,111.46749877929688,112.57749938964844,103.54386138916016,533480
2010-05-21,TITAN.NS,Titan Company,Growth / Compounder,111.0,112.4000015258789,108.30249786376953,111.83000183105469,102.8563461303711,643400
2010-05-24,TITAN.NS,Titan Company,Growth / Compounder,116.9000015258789,116.9000015258789,110.80000305175781,111.43499755859375,102.49302673339844,494020
2010-05-25,TITAN.NS,Titan Company,Growth / Compounder,110.8499984741211,110.98249816894531,107.4000015258789,107.81500244140625,99.16351318359375,1252520
2010-05-26,TITAN.NS,Titan Company,Growth / Compounder,109.47000122070312,109.88999938964844,105.65499877929688,106.45249938964844,97.91036224365234,1330700
2010-05-27,TITAN.NS,Titan Company,Growth / Compounder,109.9000015258789,111.80000305175781,105.50499725341797,109.0625,100.3109130859375,938060
2010-05-28,TITAN.NS,Titan Company,Growth / Compounder,110.0,111.9000015258789,108.80249786376953,111.0425033569336,102.13204956054688,1400800
2010-05-31,TITAN.NS,Titan Company,Growth / Compounder,110.9000015258789,111.9000015258789,110.05000305175781,111.0999984741211,102.18492889404297,638800
2010-06-01,TITAN.NS,Titan Company,Growth / Compounder,110.80000305175781,112.6500015258789,109.25,110.70999908447266,101.82623291015625,1090160
2010-06-02,TITAN.NS,Titan Company,Growth / Compounder,111.0,111.74500274658203,108.77999877929688,110.27749633789062,101.42842864990234,844200
2010-06-03,TITAN.NS,Titan Company,Growth / Compounder,111.19249725341797,112.3499984741211,110.55249786376953,111.00250244140625,102.09525299072266,656580
2010-06-04,TITAN.NS,Titan Company,Growth / Compounder,112.05000305175781,113.4000015258789,110.80500030517578,112.44249725341797,103.4197006225586,1658060
2010-06-07,TITAN.NS,Titan Company,Growth / Compounder,111.00499725341797,113.49250030517578,110.6050033569336,112.42250061035156,103.40129089355469,1324680
2010-06-08,TITAN.NS,Titan Company,Growth / Compounder,112.9000015258789,113.0,111.26499938964844,111.76249694824219,102.79426574707031,548100
2010-06-09,TITAN.NS,Titan Company,Growth / Compounder,111.8499984741211,113.13500213623047,111.00749969482422,111.29499816894531,102.3642807006836,473680
2010-06-10,TITAN.NS,Titan Company,Growth / Compounder,111.25,112.19499969482422,110.65249633789062,111.57749938964844,102.62409973144531,758680
2010-06-11,TITAN.NS,Titan Company,Growth / Compounder,112.05000305175781,112.6449966430664,110.86499786376953,111.11750030517578,102.20104217529297,457280
2010-06-14,TITAN.NS,Titan Company,Growth / Compounder,112.8949966430664,112.8949966430664,111.23999786376953,111.95500183105469,102.97132110595703,326020
2010-06-15,TITAN.NS,Titan Company,Growth / Compounder,111.94999694824219,112.75,111.5,111.9625015258789,102.97822570800781,221560
2010-06-16,TITAN.NS,Titan Company,Growth / Compounder,111.3499984741211,113.4000015258789,110.7074966430664,111.07749938964844,102.16424560546875,1074000
2010-06-17,TITAN.NS,Titan Company,Growth / Compounder,111.25,112.19499969482422,109.41000366210938,110.02749633789062,101.19849395751953,1442900
2010-06-18,TITAN.NS,Titan Company,Growth / Compounder,111.0,111.13500213623047,109.25250244140625,109.87000274658203,101.05362701416016,512920
2010-06-21,TITAN.NS,Titan Company,Growth / Compounder,110.25,111.4000015258789,109.05999755859375,109.87750244140625,101.0605239868164,1352640
2010-06-22,TITAN.NS,Titan Company,Growth / Compounder,110.42500305175781,111.0,108.25,110.30750274658203,101.4560317993164,1323940
2010-06-23,TITAN.NS,Titan Company,Growth / Compounder,110.5,111.4000015258789,109.60250091552734,110.44000244140625,101.57789611816406,455980
2010-06-24,TITAN.NS,Titan Company,Growth / Compounder,109.7750015258789,113.0,109.7750015258789,112.19499969482422,103.19206237792969,1414500
2010-06-25,TITAN.NS,Titan Company,Growth / Compounder,112.89749908447266,113.9000015258789,112.19999694824219,113.19999694824219,104.11642456054688,653440
2010-06-28,TITAN.NS,Titan Company,Growth / Compounder,113.5,117.5,112.75,116.76000213623047,107.39075469970703,1260720
2010-06-29,TITAN.NS,Titan Company,Growth / Compounder,117.0,119.19999694824219,116.25,117.61000061035156,108.17253875732422,1953520
2010-06-30,TITAN.NS,Titan Company,Growth / Compounder,117.05000305175781,119.25,116.15499877929688,118.51249694824219,109.00260925292969,743840
2010-07-01,TITAN.NS,Titan Company,Growth / Compounder,118.0,118.38749694824219,117.05000305175781,117.48500061035156,108.05758666992188,940380
2010-07-02,TITAN.NS,Titan Company,Growth / Compounder,117.5,118.25,115.82499694824219,116.13500213623047,106.8158950805664,418420
2010-07-05,TITAN.NS,Titan Company,Growth / Compounder,117.24500274658203,117.24500274658203,115.07749938964844,116.52249908447266,107.17230224609375,309980
2010-07-06,TITAN.NS,Titan Company,Growth / Compounder,116.55000305175781,120.17500305175781,115.6500015258789,119.25,109.68091583251953,925240
2010-07-07,TITAN.NS,Titan Company,Growth / Compounder,119.5,121.2750015258789,118.3499984741211,120.34750366210938,110.69037628173828,3824400
2010-07-08,TITAN.NS,Titan Company,Growth / Compounder,121.19000244140625,125.75,120.80000305175781,124.5374984741211,114.54415130615234,2545580
2010-07-09,TITAN.NS,Titan Company,Growth / Compounder,124.75,125.68250274658203,122.5999984741211,125.26249694824219,115.90902709960938,1571880
2010-07-12,TITAN.NS,Titan Company,Growth / Compounder,125.5,126.01000213623047,124.25,125.42500305175781,116.05937194824219,824180
2010-07-13,TITAN.NS,Titan Company,Growth / Compounder,125.42500305175781,134.1699981689453,124.55249786376953,131.37750244140625,121.56739807128906,2807700
2010-07-14,TITAN.NS,Titan Company,Growth / Compounder,132.5,136.9499969482422,130.5,131.91749572753906,122.06706237792969,4003580
2010-07-15,TITAN.NS,Titan Company,Growth / Compounder,129.5,137.74749755859375,129.5,134.58250427246094,124.53306579589844,3926500
2010-07-16,TITAN.NS,Titan Company,Growth / Compounder,134.3249969482422,135.88499450683594,132.94000244140625,133.60499572753906,123.6285629272461,1783080
2010-07-19,TITAN.NS,Titan Company,Growth / Compounder,133.5,134.4499969482422,132.0,132.42999267578125,122.54131317138672,1567580
2010-07-20,TITAN.NS,Titan Company,Growth / Compounder,132.5,134.0,132.5,133.22500610351562,123.27694702148438,1704540
2010-07-21,TITAN.NS,Titan Company,Growth / Compounder,134.39999389648438,134.39999389648438,133.3074951171875,133.57749938964844,123.60311889648438,775960
2010-07-22,TITAN.NS,Titan Company,Growth / Compounder,133.5500030517578,137.5,133.52499389648438,137.05999755859375,126.8255844116211,3701640
2010-07-23,TITAN.NS,Titan Company,Growth / Compounder,140.0500030517578,140.0500030517578,136.9499969482422,138.63499450683594,128.282958984375,2407040
2010-07-26,TITAN.NS,Titan Company,Growth / Compounder,139.92250061035156,140.64999389648438,138.5749969482422,139.86000061035156,129.41650390625,2388640
2010-07-27,TITAN.NS,Titan Company,Growth / Compounder,140.0,143.6475067138672,137.10000610351562,141.5124969482422,130.94558715820312,5756920
2010-07-28,TITAN.NS,Titan Company,Growth / Compounder,143.5,144.39999389648438,141.27749633789062,142.13999938964844,131.52627563476562,3934780
2010-07-29,TITAN.NS,Titan Company,Growth / Compounder,141.5,142.39500427246094,140.1300048828125,140.62750244140625,130.12669372558594,1247160
2010-07-30,TITAN.NS,Titan Company,Growth / Compounder,141.1999969482422,142.75,139.8000030517578,140.2899932861328,129.81436157226562,1579340
2010-08-02,TITAN.NS,Titan Company,Growth / Compounder,140.0574951171875,142.5,138.97250366210938,140.84750366210938,130.3302459716797,917380
2010-08-03,TITAN.NS,Titan Company,Growth / Compounder,141.85000610351562,141.85000610351562,140.25,140.88999938964844,130.3695831298828,679480
2010-08-04,TITAN.NS,Titan Company,Growth / Compounder,141.10000610351562,141.25,139.6024932861328,140.4425048828125,129.95553588867188,367480
2010-08-05,TITAN.NS,Titan Company,Growth / Compounder,140.0500030517578,141.84500122070312,138.64999389648438,139.34750366210938,128.94227600097656,1970280
2010-08-06,TITAN.NS,Titan Company,Growth / Compounder,139.25,140.75,139.0,140.30999755859375,129.83290100097656,1801640
2010-08-09,TITAN.NS,Titan Company,Growth / Compounder,141.0,141.98500061035156,139.5500030517578,140.89999389648438,130.37879943847656,817520
2010-08-10,TITAN.NS,Titan Company,Growth / Compounder,141.0,141.5,140.25,140.63999938964844,130.13827514648438,714040
2010-08-11,TITAN.NS,Titan Company,Growth / Compounder,140.0,141.4949951171875,137.55499267578125,138.6425018310547,128.2899169921875,885680
2010-08-12,TITAN.NS,Titan Company,Growth / Compounder,137.55499267578125,142.18499755859375,137.10000610351562,141.79249572753906,131.20468139648438,1983320
2010-08-13,TITAN.NS,Titan Company,Growth / Compounder,141.75,151.25,141.05250549316406,149.1925048828125,138.05215454101562,7682740
2010-08-16,TITAN.NS,Titan Company,Growth / Compounder,150.0500030517578,153.94500732421875,149.02499389648438,150.2050018310547,138.98902893066406,4648640
2010-08-17,TITAN.NS,Titan Company,Growth / Compounder,150.5,151.99749755859375,146.82749938964844,147.21249389648438,136.2200164794922,2772160
2010-08-18,TITAN.NS,Titan Company,Growth / Compounder,147.97000122070312,148.36000061035156,142.02499389648438,144.6074981689453,133.8094940185547,4677160
2010-08-19,TITAN.NS,Titan Company,Growth / Compounder,145.5,147.7324981689453,142.57000732421875,144.7624969482422,133.95291137695312,2846960
2010-08-20,TITAN.NS,Titan Company,Growth / Compounder,145.0,146.0,142.50750732421875,143.15249633789062,132.463134765625,1756380
2010-08-23,TITAN.NS,Titan Company,Growth / Compounder,144.4824981689453,152.75,143.4499969482422,151.56500244140625,140.24749755859375,8773580
2010-08-24,TITAN.NS,Titan Company,Growth / Compounder,150.77499389648438,153.89999389648438,148.0,151.79750061035156,140.4626007080078,5745020
2010-08-25,TITAN.NS,Titan Company,Growth / Compounder,151.5,153.7449951171875,149.1999969482422,150.3074951171875,139.08384704589844,6678620
2010-08-26,TITAN.NS,Titan Company,Growth / Compounder,151.0,151.9499969482422,148.25,149.00750732421875,137.88095092773438,5310480
2010-08-27,TITAN.NS,Titan Company,Growth / Compounder,149.25,151.1999969482422,148.5500030517578,149.11749267578125,137.9827423095703,2339100
2010-08-30,TITAN.NS,Titan Company,Growth / Compounder,150.5,151.50999450683594,149.0175018310547,149.92750549316406,138.73223876953125,1014340
2010-08-31,TITAN.NS,Titan Company,Growth / Compounder,149.99000549316406,150.2449951171875,145.88499450683594,146.5800018310547,135.6346893310547,2992140
2010-09-01,TITAN.NS,Titan Company,Growth / Compounder,147.8000030517578,149.1999969482422,147.10000610351562,147.8125,136.77517700195312,1730280
2010-09-02,TITAN.NS,Titan Company,Growth / Compounder,148.8000030517578,152.23500061035156,147.5625,150.0175018310547,138.8155059814453,3962340
2010-09-03,TITAN.NS,Titan Company,Growth / Compounder,150.5,152.2375030517578,149.5574951171875,149.90750122070312,138.7137451171875,1927860
2010-09-06,TITAN.NS,Titan Company,Growth / Compounder,150.5,152.7949981689453,149.85000610351562,151.50999450683594,140.1965789794922,2096100
2010-09-07,TITAN.NS,Titan Company,Growth / Compounder,152.25,152.25,150.0500030517578,150.19500732421875,138.9798126220703,1324120
2010-09-08,TITAN.NS,Titan Company,Growth / Compounder,150.0,151.5,147.8000030517578,148.1199951171875,137.05972290039062,2808880
2010-09-09,TITAN.NS,Titan Company,Growth / Compounder,148.5,149.85000610351562,147.25,147.55250549316406,136.53460693359375,1345120
2010-09-13,TITAN.NS,Titan Company,Growth / Compounder,148.0,150.35000610351562,146.6024932861328,148.84750366210938,137.73292541503906,1798240
2010-09-14,TITAN.NS,Titan Company,Growth / Compounder,149.0,156.38999938964844,147.9550018310547,155.0449981689453,143.4676055908203,9620960
2010-09-15,TITAN.NS,Titan Company,Growth / Compounder,156.5,159.1999969482422,155.30250549316406,156.2449951171875,144.57801818847656,8697820
2010-09-16,TITAN.NS,Titan Company,Growth / Compounder,156.9550018310547,158.17999267578125,155.0574951171875,155.5675048828125,143.95111083984375,2905980
2010-09-17,TITAN.NS,Titan Company,Growth / Compounder,156.39999389648438,160.99000549316406,156.3000030517578,160.13499450683594,148.17755126953125,6266820
2010-09-20,TITAN.NS,Titan Company,Growth / Compounder,161.1999969482422,161.39999389648438,158.5,159.0675048828125,147.18975830078125,2284780
2010-09-21,TITAN.NS,Titan Company,Growth / Compounder,159.9499969482422,160.75,157.3574981689453,157.9149932861328,146.12330627441406,1665640
2010-09-22,TITAN.NS,Titan Company,Growth / Compounder,158.5,161.6999969482422,158.5,161.16000366210938,149.12600708007812,4628660
2010-09-23,TITAN.NS,Titan Company,Growth / Compounder,161.5,165.3350067138672,159.75250244140625,164.5675048828125,152.279052734375,6106160
2010-09-24,TITAN.NS,Titan Company,Growth / Compounder,165.0,168.25,162.58250427246094,167.37750244140625,154.8792266845703,4575080
2010-09-27,TITAN.NS,Titan Company,Growth / Compounder,167.25,170.99749755859375,165.5,169.83999633789062,157.15785217285156,3010080
2010-09-28,TITAN.NS,Titan Company,Growth / Compounder,170.8000030517578,170.89999389648438,167.5500030517578,168.21749877929688,155.65650939941406,2930100
2010-09-29,TITAN.NS,Titan Company,Growth / Compounder,169.39999389648438,170.14500427246094,165.05999755859375,165.61000061035156,153.24371337890625,2230620
2010-09-30,TITAN.NS,Titan Company,Growth / Compounder,166.00750732421875,166.8000030517578,162.92999267578125,163.69749450683594,151.47402954101562,3115400
2010-10-01,TITAN.NS,Titan Company,Growth / Compounder,164.5500030517578,167.6999969482422,164.5500030517578,165.4949951171875,153.1372833251953,2731240
2010-10-04,TITAN.NS,Titan Company,Growth / Compounder,167.0,167.75,164.50250244140625,165.2550048828125,152.9152069091797,1162800
2010-10-05,TITAN.NS,Titan Company,Growth / Compounder,166.5,167.75,164.5,165.42750549316406,153.0748291015625,1383960
2010-10-06,TITAN.NS,Titan Company,Growth / Compounder,166.21249389648438,171.5,165.76499938964844,170.7675018310547,158.01609802246094,5216280
2010-10-07,TITAN.NS,Titan Company,Growth / Compounder,171.2550048828125,172.8975067138672,167.25,168.25250244140625,155.68890380859375,3398620
2010-10-08,TITAN.NS,Titan Company,Growth / Compounder,169.5,169.5,165.64999389648438,166.58999633789062,154.15052795410156,1304060
2010-10-11,TITAN.NS,Titan Company,Growth / Compounder,168.14999389648438,169.64999389648438,167.5,168.55250549316406,155.9664764404297,962640
2010-10-12,TITAN.NS,Titan Company,Growth / Compounder,168.75750732421875,168.8000030517578,164.0500030517578,165.04249572753906,152.71859741210938,1283040
2010-10-13,TITAN.NS,Titan Company,Growth / Compounder,166.25,167.21749877929688,164.75,165.9425048828125,153.55137634277344,2167580
2010-10-14,TITAN.NS,Titan Company,Growth / Compounder,166.6999969482422,168.08999633789062,164.7550048828125,166.01499938964844,153.6184844970703,1967960
2010-10-15,TITAN.NS,Titan Company,Growth / Compounder,167.47250366210938,167.6999969482422,163.52000427246094,164.46499633789062,152.18417358398438,1683960
2010-10-18,TITAN.NS,Titan Company,Growth / Compounder,164.0,166.24749755859375,159.8000030517578,160.8000030517578,148.79290771484375,1846980
2010-10-19,TITAN.NS,Titan Company,Growth / Compounder,161.71499633789062,162.93499755859375,158.25,159.3300018310547,147.43264770507812,1195960
2010-10-20,TITAN.NS,Titan Company,Growth / Compounder,159.3300018310547,160.8350067138672,158.14999389648438,158.58749389648438,146.74560546875,1002880
2010-10-21,TITAN.NS,Titan Company,Growth / Compounder,158.6425018310547,162.85000610351562,158.6425018310547,160.72500610351562,148.7235107421875,1377720
2010-10-22,TITAN.NS,Titan Company,Growth / Compounder,161.0,162.74749755859375,158.75,160.2550048828125,148.28858947753906,1005220
2010-10-25,TITAN.NS,Titan Company,Growth / Compounder,160.9499969482422,165.60000610351562,160.9499969482422,164.4949951171875,152.2119903564453,3595260
2010-10-26,TITAN.NS,Titan Company,Growth / Compounder,165.5,175.72500610351562,165.5,174.55250549316406,161.51846313476562,14031520
2010-10-27,TITAN.NS,Titan Company,Growth / Compounder,174.25,180.24000549316406,174.25,179.3975067138672,166.00169372558594,9288060
2010-10-28,TITAN.NS,Titan Company,Growth / Compounder,179.9499969482422,181.99000549316406,172.75,174.03500366210938,161.0396270751953,5663220
2010-10-29,TITAN.NS,Titan Company,Growth / Compounder,174.0,178.1999969482422,172.5,177.6074981689453,164.34536743164062,3949900
2010-11-01,TITAN.NS,Titan Company,Growth / Compounder,178.85000610351562,191.4499969482422,178.24749755859375,189.625,175.46551513671875,8666680
2010-11-02,TITAN.NS,Titan Company,Growth / Compounder,191.3975067138672,193.85000610351562,189.35000610351562,190.93499755859375,176.6776580810547,9284860
2010-11-03,TITAN.NS,Titan Company,Growth / Compounder,192.5,193.30250549316406,190.65499877929688,191.65249633789062,177.34158325195312,3226460
2010-11-04,TITAN.NS,Titan Company,Growth / Compounder,192.5,193.0,190.56500244140625,191.11749267578125,176.84654235839844,2932800
2010-11-08,TITAN.NS,Titan Company,Growth / Compounder,192.5,192.60000610351562,189.64999389648438,190.88250732421875,176.6290740966797,1593660
2010-11-09,TITAN.NS,Titan Company,Growth / Compounder,190.90249633789062,192.39999389648438,189.8300018310547,191.11500549316406,176.84422302246094,1591900
2010-11-10,TITAN.NS,Titan Company,Growth / Compounder,191.10000610351562,209.75,190.8000030517578,207.33749389648438,191.85537719726562,19866720
2010-11-11,TITAN.NS,Titan Company,Growth / Compounder,207.5,212.10000610351562,205.1824951171875,206.24000549316406,190.83984375,11979180
2010-11-12,TITAN.NS,Titan Company,Growth / Compounder,205.7449951171875,207.18499755859375,197.05999755859375,197.77749633789062,183.00926208496094,9056620
2010-11-15,TITAN.NS,Titan Company,Growth / Compounder,199.0,199.2949981689453,192.22000122070312,195.35000610351562,180.76303100585938,6204860
2010-11-16,TITAN.NS,Titan Company,Growth / Compounder,198.0,200.5124969482422,188.40499877929688,189.53250122070312,175.3798828125,11626220
2010-11-18,TITAN.NS,Titan Company,Growth / Compounder,191.0,193.29750061035156,180.03250122070312,185.95750427246094,172.07186889648438,12019840
2010-11-19,TITAN.NS,Titan Company,Growth / Compounder,186.9949951171875,191.1999969482422,182.52000427246094,183.6374969482422,169.92507934570312,9705760
2010-11-22,TITAN.NS,Titan Company,Growth / Compounder,184.89999389648438,192.0,184.89999389648438,190.58999633789062,176.3583984375,5997540
2010-11-23,TITAN.NS,Titan Company,Growth / Compounder,190.60000610351562,191.1999969482422,182.25,187.8300018310547,173.8045196533203,6058120
2010-11-24,TITAN.NS,Titan Company,Growth / Compounder,188.6925048828125,191.5,184.5500030517578,186.00250244140625,172.11349487304688,5484160
2010-11-25,TITAN.NS,Titan Company,Growth / Compounder,187.5,189.64999389648438,182.74000549316406,183.69749450683594,169.98060607910156,4611960
2010-11-26,TITAN.NS,Titan Company,Growth / Compounder,183.64999389648438,186.80250549316406,169.6425018310547,178.6750030517578,165.33314514160156,8747400
2010-11-29,TITAN.NS,Titan Company,Growth / Compounder,179.9499969482422,185.75,176.0500030517578,184.18499755859375,170.4317169189453,5572640
2010-11-30,TITAN.NS,Titan Company,Growth / Compounder,183.14999389648438,186.80250549316406,181.10000610351562,184.64999389648438,170.8620147705078,6976600
2010-12-01,TITAN.NS,Titan Company,Growth / Compounder,185.0,191.35000610351562,184.13499450683594,189.09500122070312,174.9750518798828,6639800
2010-12-02,TITAN.NS,Titan Company,Growth / Compounder,191.43499755859375,193.3074951171875,188.57000732421875,189.2100067138672,175.0814971923828,3878400
2010-12-03,TITAN.NS,Titan Company,Growth / Compounder,189.25,190.52999877929688,183.89999389648438,184.82249450683594,171.0216064453125,3736100
2010-12-06,TITAN.NS,Titan Company,Growth / Compounder,185.70750427246094,189.35000610351562,183.89999389648438,184.66250610351562,170.87356567382812,2474820
2010-12-07,TITAN.NS,Titan Company,Growth / Compounder,186.0,186.3350067138672,182.75,184.6999969482422,170.9082489013672,3128300
2010-12-08,TITAN.NS,Titan Company,Growth / Compounder,184.9499969482422,184.99749755859375,177.57000732421875,178.63499450683594,165.29611206054688,3429600
2010-12-09,TITAN.NS,Titan Company,Growth / Compounder,177.5,179.5,165.10000610351562,167.63499450683594,155.1174774169922,10074040
2010-12-10,TITAN.NS,Titan Company,Growth / Compounder,167.0,173.64999389648438,160.5,172.35000610351562,159.48045349121094,9869600
2010-12-13,TITAN.NS,Titan Company,Growth / Compounder,174.0,176.5,171.25,174.40499877929688,161.38198852539062,4492280
2010-12-14,TITAN.NS,Titan Company,Growth / Compounder,175.5,180.4499969482422,174.1125030517578,179.25250244140625,165.86753845214844,6335260
2010-12-15,TITAN.NS,Titan Company,Growth / Compounder,179.75250244140625,180.0,168.9499969482422,170.8574981689453,158.09938049316406,5368260
2010-12-16,TITAN.NS,Titan Company,Growth / Compounder,177.0,177.0,165.0,170.33749389648438,157.6182403564453,7372080
2010-12-20,TITAN.NS,Titan Company,Growth / Compounder,169.75,172.22999572753906,167.85000610351562,168.98500061035156,156.36669921875,3964060
2010-12-21,TITAN.NS,Titan Company,Growth / Compounder,170.0,172.3874969482422,169.5050048828125,170.65750122070312,157.91433715820312,2543980
2010-12-22,TITAN.NS,Titan Company,Growth / Compounder,170.77499389648438,172.1999969482422,168.5500030517578,169.6199951171875,156.95431518554688,2651800
2010-12-23,TITAN.NS,Titan Company,Growth / Compounder,170.36749267578125,170.6199951171875,165.80499267578125,166.8300018310547,154.3726043701172,3196660
2010-12-24,TITAN.NS,Titan Company,Growth / Compounder,166.75250244140625,175.5,165.0,173.79750061035156,160.81985473632812,10801500
2010-12-27,TITAN.NS,Titan Company,Growth / Compounder,174.74749755859375,176.75,173.17750549316406,173.92750549316406,160.94012451171875,4968760
2010-12-28,TITAN.NS,Titan Company,Growth / Compounder,174.99749755859375,175.1300048828125,172.60000610351562,173.4425048828125,160.49134826660156,2675680
2010-12-29,TITAN.NS,Titan Company,Growth / Compounder,174.25,176.39999389648438,173.33749389648438,175.8000030517578,162.67282104492188,4195080
2010-12-30,TITAN.NS,Titan Company,Growth / Compounder,176.74749755859375,178.72250366210938,174.8249969482422,176.80499267578125,163.602783203125,6048380
2010-12-31,TITAN.NS,Titan Company,Growth / Compounder,177.24000549316406,181.89999389648438,176.80499267578125,179.74749755859375,166.32554626464844,6593820
2011-01-03,TITAN.NS,Titan Company,Growth / Compounder,180.85000610351562,185.88499450683594,180.85000610351562,184.34249877929688,170.5774383544922,5733320
2011-01-04,TITAN.NS,Titan Company,Growth / Compounder,187.39999389648438,187.39999389648438,182.1024932861328,182.8975067138672,169.2403564453125,6135200
2011-01-05,TITAN.NS,Titan Company,Growth / Compounder,181.85000610351562,184.75,181.14500427246094,182.0625,168.4676971435547,4937120
2011-01-06,TITAN.NS,Titan Company,Growth / Compounder,183.0,183.78750610351562,177.75750732421875,178.97000122070312,165.60610961914062,5287560
2011-01-07,TITAN.NS,Titan Company,Growth / Compounder,178.86500549316406,180.0,168.50250244140625,170.6125030517578,157.8726806640625,5741740
2011-01-10,TITAN.NS,Titan Company,Growth / Compounder,170.5,170.5800018310547,164.0500030517578,164.59750366210938,152.30677795410156,7607480
2011-01-11,TITAN.NS,Titan Company,Growth / Compounder,165.0,168.49749755859375,163.30999755859375,165.22500610351562,152.88743591308594,6827280
2011-01-12,TITAN.NS,Titan Company,Growth / Compounder,166.75750732421875,179.9499969482422,165.6199951171875,179.0500030517578,165.68011474609375,8652600
2011-01-13,TITAN.NS,Titan Company,Growth / Compounder,179.0,179.5,170.14999389648438,170.71499633789062,157.96751403808594,7978600
2011-01-14,TITAN.NS,Titan Company,Growth / Compounder,171.49749755859375,176.7449951171875,169.0574951171875,170.4824981689453,157.75238037109375,8490720
2011-01-17,TITAN.NS,Titan Company,Growth / Compounder,170.5,174.4499969482422,169.7624969482422,171.2675018310547,158.47877502441406,5139080
2011-01-18,TITAN.NS,Titan Company,Growth / Compounder,171.3000030517578,175.35000610351562,171.3000030517578,174.1074981689453,161.106689453125,4689780
2011-01-19,TITAN.NS,Titan Company,Growth / Compounder,174.9499969482422,177.4499969482422,171.0050048828125,172.73500061035156,159.83670043945312,6708960
2011-01-20,TITAN.NS,Titan Company,Growth / Compounder,172.5500030517578,175.27499389648438,170.8000030517578,174.3574981689453,161.33799743652344,5393040
2011-01-21,TITAN.NS,Titan Company,Growth / Compounder,174.25,176.47500610351562,173.25,175.3175048828125,162.2263641357422,4206280
2011-01-24,TITAN.NS,Titan Company,Growth / Compounder,175.6475067138672,180.75,175.41000366210938,178.45249938964844,165.1272735595703,6347040
2011-01-25,TITAN.NS,Titan Company,Growth / Compounder,179.25,181.5675048828125,178.55499267578125,179.90499877929688,166.47128295898438,5765180
2011-01-27,TITAN.NS,Titan Company,Growth / Compounder,181.6999969482422,181.70249938964844,177.10000610351562,178.28750610351562,164.97459411621094,3954860
2011-01-28,TITAN.NS,Titan Company,Growth / Compounder,178.25,180.1999969482422,166.25,173.3975067138672,160.44973754882812,15161500
2011-01-31,TITAN.NS,Titan Company,Growth / Compounder,172.60000610351562,181.19000244140625,170.35000610351562,180.05499267578125,166.61004638671875,11472460
2011-02-01,TITAN.NS,Titan Company,Growth / Compounder,180.5500030517578,183.1199951171875,178.75,179.86000061035156,166.42965698242188,10323780
2011-02-02,TITAN.NS,Titan Company,Growth / Compounder,181.64999389648438,182.10000610351562,175.90499877929688,176.8000030517578,163.59814453125,6003400
2011-02-03,TITAN.NS,Titan Company,Growth / Compounder,177.0,180.5,176.19500732421875,179.8874969482422,166.455078125,5089660
2011-02-04,TITAN.NS,Titan Company,Growth / Compounder,180.0,182.1125030517578,174.5,175.66749572753906,162.5502166748047,5529920
2011-02-07,TITAN.NS,Titan Company,Growth / Compounder,175.5,176.73500061035156,171.60499572753906,172.39999389648438,159.52667236328125,4431520
2011-02-08,TITAN.NS,Titan Company,Growth / Compounder,172.0,173.1999969482422,161.0,161.61749267578125,149.54934692382812,9321480
2011-02-09,TITAN.NS,Titan Company,Growth / Compounder,161.38999938964844,163.99000549316406,150.25,154.39999389648438,142.87075805664062,12029140
2011-02-10,TITAN.NS,Titan Company,Growth / Compounder,154.0,158.9499969482422,147.14999389648438,154.2274932861328,142.71115112304688,14281680
2011-02-11,TITAN.NS,Titan Company,Growth / Compounder,155.48500061035156,157.23500061035156,151.60000610351562,155.57249450683594,143.95571899414062,11151420
2011-02-14,TITAN.NS,Titan Company,Growth / Compounder,157.11500549316406,160.25,156.62750244140625,158.97500610351562,147.10418701171875,9690780
2011-02-15,TITAN.NS,Titan Company,Growth / Compounder,159.75,162.39500427246094,155.77749633789062,160.6374969482422,148.64251708984375,9614860
2011-02-16,TITAN.NS,Titan Company,Growth / Compounder,160.5,164.39999389648438,158.83250427246094,163.0850067138672,150.90725708007812,7827060
2011-02-17,TITAN.NS,Titan Company,Growth / Compounder,163.3699951171875,165.6999969482422,161.89999389648438,164.71499633789062,152.41552734375,6123360
2011-02-18,TITAN.NS,Titan Company,Growth / Compounder,165.33749389648438,166.89999389648438,160.35000610351562,161.04750061035156,149.02191162109375,7806520
2011-02-21,TITAN.NS,Titan Company,Growth / Compounder,161.0,169.3000030517578,160.15499877929688,168.4375,155.86009216308594,8199300
2011-02-22,TITAN.NS,Titan Company,Growth / Compounder,166.5500030517578,174.9499969482422,165.5500030517578,173.79750061035156,160.81985473632812,14316160
2011-02-23,TITAN.NS,Titan Company,Growth / Compounder,172.5,173.99749755859375,170.65249633789062,171.8125,158.9830780029297,7159140
2011-02-24,TITAN.NS,Titan Company,Growth / Compounder,171.74000549316406,173.19000244140625,162.5500030517578,163.5500030517578,151.33753967285156,10291540
2011-02-25,TITAN.NS,Titan Company,Growth / Compounder,164.25,168.19500732421875,163.67999267578125,167.16749572753906,154.6848907470703,6998760
2011-02-28,TITAN.NS,Titan Company,Growth / Compounder,167.74000549316406,171.6999969482422,164.70249938964844,166.3925018310547,153.96778869628906,5931440
2011-03-01,TITAN.NS,Titan Company,Growth / Compounder,167.5,171.0,167.25250244140625,170.11500549316406,157.412353515625,4502160
2011-03-03,TITAN.NS,Titan Company,Growth / Compounder,170.10000610351562,174.49749755859375,168.7550048828125,172.6425018310547,159.75108337402344,6600820
2011-03-04,TITAN.NS,Titan Company,Growth / Compounder,173.75250244140625,174.59750366210938,171.6999969482422,172.27000427246094,159.40643310546875,3849300
2011-03-07,TITAN.NS,Titan Company,Growth / Compounder,171.7899932861328,171.7899932861328,167.1649932861328,169.94500732421875,157.2550048828125,4716400
2011-03-08,TITAN.NS,Titan Company,Growth / Compounder,170.0500030517578,174.1999969482422,169.75,172.98500061035156,160.0680389404297,3289780
2011-03-09,TITAN.NS,Titan Company,Growth / Compounder,174.9499969482422,175.9499969482422,173.03750610351562,174.6475067138672,161.60638427734375,4561080
2011-03-10,TITAN.NS,Titan Company,Growth / Compounder,173.1300048828125,174.25,172.32000732421875,173.6875,160.7180633544922,2119800
2011-03-11,TITAN.NS,Titan Company,Growth / Compounder,172.6999969482422,174.4499969482422,171.7550048828125,172.625,159.7349090576172,3016260
2011-03-14,TITAN.NS,Titan Company,Growth / Compounder,140.0,175.32249450683594,140.0,174.74249267578125,161.69427490234375,2463700
2011-03-15,TITAN.NS,Titan Company,Growth / Compounder,170.0,173.7449951171875,169.90499877929688,172.9824981689453,160.06570434570312,3637260
2011-03-16,TITAN.NS,Titan Company,Growth / Compounder,173.75750732421875,178.7449951171875,173.75750732421875,177.07000732421875,163.8480224609375,4443480
2011-03-17,TITAN.NS,Titan Company,Growth / Compounder,176.0,179.0,175.6999969482422,178.1925048828125,164.88665771484375,3007180
2011-03-18,TITAN.NS,Titan Company,Growth / Compounder,179.44749450683594,179.9499969482422,172.4499969482422,173.09750366210938,160.17210388183594,6872700
2011-03-21,TITAN.NS,Titan Company,Growth / Compounder,173.5,174.75,167.89999389648438,171.3524932861328,158.55740356445312,3029420
2011-03-22,TITAN.NS,Titan Company,Growth / Compounder,171.8524932861328,174.25250244140625,171.7100067138672,172.86000061035156,159.95236206054688,2485260
2011-03-23,TITAN.NS,Titan Company,Growth / Compounder,172.59500122070312,174.10000610351562,172.0050048828125,173.06500244140625,160.14202880859375,2392700
2011-03-24,TITAN.NS,Titan Company,Growth / Compounder,173.8975067138672,175.44000244140625,173.5574951171875,174.71749877929688,161.671142578125,3246580
2011-03-25,TITAN.NS,Titan Company,Growth / Compounder,174.0050048828125,176.86000061035156,174.0050048828125,175.6300048828125,162.51551818847656,2872820
2011-03-28,TITAN.NS,Titan Company,Growth / Compounder,175.0,179.89999389648438,175.0,177.3574981689453,164.11402893066406,4775700
2011-03-29,TITAN.NS,Titan Company,Growth / Compounder,177.5,180.6999969482422,177.5,179.49249267578125,166.08958435058594,4448540
2011-03-30,TITAN.NS,Titan Company,Growth / Compounder,180.20249938964844,193.85000610351562,180.1999969482422,192.26499938964844,177.9083709716797,20010200
2011-03-31,TITAN.NS,Titan Company,Growth / Compounder,193.39999389648438,197.5449981689453,188.8574981689453,190.57249450683594,176.3422393798828,17184220
2011-04-01,TITAN.NS,Titan Company,Growth / Compounder,190.0500030517578,193.87249755859375,189.8874969482422,192.9149932861328,178.5098419189453,5765520
2011-04-04,TITAN.NS,Titan Company,Growth / Compounder,192.89999389648438,194.39999389648438,191.35000610351562,192.9550018310547,178.54681396484375,3827600
2011-04-05,TITAN.NS,Titan Company,Growth / Compounder,193.25250244140625,200.23500061035156,192.25,197.77000427246094,183.00228881835938,11707360
2011-04-06,TITAN.NS,Titan Company,Growth / Compounder,198.75,204.35000610351562,198.19749450683594,201.70249938964844,186.64111328125,11723600
2011-04-07,TITAN.NS,Titan Company,Growth / Compounder,201.75,202.7375030517578,199.0500030517578,199.58250427246094,184.67941284179688,5134520
2011-04-08,TITAN.NS,Titan Company,Growth / Compounder,199.39999389648438,201.3000030517578,194.27999877929688,195.6300048828125,181.0220947265625,6405660
2011-04-11,TITAN.NS,Titan Company,Growth / Compounder,195.625,195.625,189.2050018310547,189.82749938964844,175.65284729003906,5256680
2011-04-13,TITAN.NS,Titan Company,Growth / Compounder,188.75,194.82249450683594,187.50999450683594,194.28250122070312,179.77520751953125,5029100
2011-04-15,TITAN.NS,Titan Company,Growth / Compounder,194.25,196.34249877929688,191.6300048828125,194.7725067138672,180.2286376953125,3658840
2011-04-18,TITAN.NS,Titan Company,Growth / Compounder,195.9949951171875,201.74249267578125,193.5,195.02499389648438,180.4622344970703,7262820
2011-04-19,TITAN.NS,Titan Company,Growth / Compounder,194.5,198.0,193.0,196.74749755859375,182.05615234375,4523060
2011-04-20,TITAN.NS,Titan Company,Growth / Compounder,197.5,203.8000030517578,197.5,202.875,187.72610473632812,7904100
2011-04-21,TITAN.NS,Titan Company,Growth / Compounder,203.5050048828125,205.02999877929688,200.5,201.25,186.222412109375,4621800
2011-04-25,TITAN.NS,Titan Company,Growth / Compounder,201.25,207.1999969482422,200.75250244140625,205.8000030517578,190.43270874023438,7154520
2011-04-26,TITAN.NS,Titan Company,Growth / Compounder,205.82749938964844,207.36000061035156,202.5500030517578,204.9250030517578,189.62303161621094,5792700
2011-04-27,TITAN.NS,Titan Company,Growth / Compounder,208.4949951171875,209.9499969482422,205.4499969482422,206.21249389648438,190.81439208984375,5689880
2011-04-28,TITAN.NS,Titan Company,Growth / Compounder,207.34750366210938,209.0,205.10000610351562,205.91000366210938,190.5344696044922,6230480
2011-04-29,TITAN.NS,Titan Company,Growth / Compounder,207.39999389648438,207.9375,199.3350067138672,201.47999572753906,186.43527221679688,7238460
2011-05-02,TITAN.NS,Titan Company,Growth / Compounder,222.4499969482422,222.4499969482422,194.25,195.88999938964844,181.26268005371094,17613940
2011-05-03,TITAN.NS,Titan Company,Growth / Compounder,195.0,196.7449951171875,187.75,188.625,174.5401611328125,9750900
2011-05-04,TITAN.NS,Titan Company,Growth / Compounder,189.0,193.24749755859375,185.90750122070312,191.6750030517578,177.3624267578125,7522020
2011-05-05,TITAN.NS,Titan Company,Growth / Compounder,192.00250244140625,196.79750061035156,191.3574981689453,195.34750366210938,180.7606964111328,9264880
2011-05-06,TITAN.NS,Titan Company,Growth / Compounder,192.5,198.46499633789062,192.5,197.78250122070312,183.0138702392578,4979400
2011-05-09,TITAN.NS,Titan Company,Growth / Compounder,198.5,198.88499450683594,195.94000244140625,197.24249267578125,182.51419067382812,3258140
2011-05-10,TITAN.NS,Titan Company,Growth / Compounder,197.25,197.87249755859375,193.10000610351562,194.7675018310547,180.22401428222656,3814940
2011-05-11,TITAN.NS,Titan Company,Growth / Compounder,195.14999389648438,197.71749877929688,194.0800018310547,197.16000366210938,182.43783569335938,3401960
2011-05-12,TITAN.NS,Titan Company,Growth / Compounder,196.5,198.0,194.88999938964844,196.61500549316406,181.9335479736328,3789020
2011-05-13,TITAN.NS,Titan Company,Growth / Compounder,196.89999389648438,201.24249267578125,196.6374969482422,198.88999938964844,184.03863525390625,5118140
2011-05-16,TITAN.NS,Titan Company,Growth / Compounder,198.25,202.0,197.625,201.25250244140625,186.22474670410156,4291640
2011-05-17,TITAN.NS,Titan Company,Growth / Compounder,201.1999969482422,215.0,201.1999969482422,205.93499755859375,190.5575714111328,8776820
2011-05-18,TITAN.NS,Titan Company,Growth / Compounder,206.27499389648438,207.2324981689453,203.12750244140625,204.0675048828125,188.82957458496094,6297160
2011-05-19,TITAN.NS,Titan Company,Growth / Compounder,204.9425048828125,206.9499969482422,204.5050048828125,206.21499633789062,190.8166961669922,2894900
2011-05-20,TITAN.NS,Titan Company,Growth / Compounder,207.0,208.60000610351562,204.0,207.0449981689453,191.584716796875,4518500
2011-05-23,TITAN.NS,Titan Company,Growth / Compounder,207.0,212.39999389648438,205.0449981689453,211.03250122070312,195.2744598388672,6218800
2011-05-24,TITAN.NS,Titan Company,Growth / Compounder,211.49749755859375,215.39500427246094,211.25250244140625,214.0800018310547,198.0944366455078,5744320
2011-05-25,TITAN.NS,Titan Company,Growth / Compounder,214.25,219.25,213.00250244140625,217.38999938964844,201.1572265625,7550580
2011-05-26,TITAN.NS,Titan Company,Growth / Compounder,217.0,217.92750549316406,210.75,211.41250610351562,195.62611389160156,7460340
2011-05-27,TITAN.NS,Titan Company,Growth / Compounder,212.75,213.5,206.81500244140625,208.9375,193.3359375,7075240
2011-05-30,TITAN.NS,Titan Company,Growth / Compounder,208.5,217.16250610351562,208.49749755859375,216.14500427246094,200.00521850585938,6579080
2011-05-31,TITAN.NS,Titan Company,Growth / Compounder,217.14999389648438,223.75250244140625,215.76499938964844,220.3975067138672,203.94020080566406,21246640
2011-06-01,TITAN.NS,Titan Company,Growth / Compounder,219.0,219.8000030517578,213.5500030517578,215.4774932861328,199.38755798339844,7023040
2011-06-02,TITAN.NS,Titan Company,Growth / Compounder,215.25,217.4949951171875,213.2550048828125,215.6024932861328,199.50320434570312,5245940
2011-06-03,TITAN.NS,Titan Company,Growth / Compounder,215.25,218.4499969482422,214.72000122070312,216.60499572753906,200.43089294433594,3611100
2011-06-06,TITAN.NS,Titan Company,Growth / Compounder,213.27999877929688,219.24249267578125,213.27999877929688,218.4425048828125,202.13111877441406,3544340
2011-06-07,TITAN.NS,Titan Company,Growth / Compounder,217.5,219.75,217.5,218.94500732421875,202.59616088867188,2206920
2011-06-08,TITAN.NS,Titan Company,Growth / Compounder,218.89999389648438,221.69749450683594,218.49749755859375,221.0625,204.5555419921875,4166260
2011-06-09,TITAN.NS,Titan Company,Growth / Compounder,221.25,228.75,221.06500244140625,226.33999633789062,209.43894958496094,6523480
2011-06-10,TITAN.NS,Titan Company,Growth / Compounder,226.5,231.2449951171875,226.0,230.30999755859375,213.11248779296875,8076760
2011-06-13,TITAN.NS,Titan Company,Growth / Compounder,230.40499877929688,236.6999969482422,227.9949951171875,235.72999572753906,218.1278076171875,9793480
2011-06-14,TITAN.NS,Titan Company,Growth / Compounder,236.5,237.74749755859375,226.57749938964844,227.9824981689453,210.9588165283203,15123640
2011-06-15,TITAN.NS,Titan Company,Growth / Compounder,228.0,228.6300048828125,223.0500030517578,223.86749267578125,207.15103149414062,9111840
2011-06-16,TITAN.NS,Titan Company,Growth / Compounder,222.5,223.74749755859375,209.9600067138672,221.3874969482422,204.8562774658203,10544580
2011-06-17,TITAN.NS,Titan Company,Growth / Compounder,222.75,230.87750244140625,221.60000610351562,227.9824981689453,210.9588165283203,10592500
2011-06-20,TITAN.NS,Titan Company,Growth / Compounder,228.49749755859375,234.25,224.5500030517578,231.0625,213.8087615966797,15242140
2011-06-21,TITAN.NS,Titan Company,Growth / Compounder,232.28750610351562,233.41250610351562,225.5,228.93499755859375,211.84014892578125,10543440
2011-06-22,TITAN.NS,Titan Company,Growth / Compounder,231.0,231.0,212.77999877929688,214.62249755859375,198.5963897705078,21588480
2011-06-23,TITAN.NS,Titan Company,Growth / Compounder,210.0,234.0,205.0,228.89999389648438,211.8077850341797,13873143
2011-06-24,TITAN.NS,Titan Company,Growth / Compounder,230.0,234.8000030517578,215.10000610351562,216.39999389648438,200.24111938476562,10030616
2011-06-27,TITAN.NS,Titan Company,Growth / Compounder,215.0,219.89999389648438,209.5500030517578,212.0,196.1697235107422,6899983
2011-06-28,TITAN.NS,Titan Company,Growth / Compounder,212.0,216.3000030517578,211.14999389648438,212.60000610351562,196.72491455078125,6146633
2011-06-29,TITAN.NS,Titan Company,Growth / Compounder,213.8000030517578,214.75,210.85000610351562,213.0500030517578,197.1413116455078,4410020
2011-06-30,TITAN.NS,Titan Company,Growth / Compounder,214.0,220.85000610351562,212.64999389648438,214.3000030517578,198.29800415039062,15008952
2011-07-01,TITAN.NS,Titan Company,Growth / Compounder,215.3000030517578,216.1999969482422,211.1999969482422,213.60000610351562,197.65023803710938,3454172
2011-07-04,TITAN.NS,Titan Company,Growth / Compounder,216.0,218.60000610351562,212.5500030517578,217.89999389648438,201.629150390625,3642856
2011-07-05,TITAN.NS,Titan Company,Growth / Compounder,218.0,220.25,215.3000030517578,218.1999969482422,201.90673828125,3384747
2011-07-06,TITAN.NS,Titan Company,Growth / Compounder,219.3000030517578,225.35000610351562,217.64999389648438,223.9499969482422,207.2274169921875,6942588
2011-07-07,TITAN.NS,Titan Company,Growth / Compounder,225.0,230.60000610351562,224.35000610351562,229.5500030517578,212.4092559814453,5889804
2011-07-08,TITAN.NS,Titan Company,Growth / Compounder,229.0,231.85000610351562,225.5500030517578,226.14999389648438,209.26312255859375,2589148
2011-07-11,TITAN.NS,Titan Company,Growth / Compounder,225.0,230.60000610351562,223.60000610351562,229.0,211.9003143310547,2582413
2011-07-12,TITAN.NS,Titan Company,Growth / Compounder,228.0,230.1999969482422,220.14999389648438,222.35000610351562,205.74688720703125,4322260
2011-07-13,TITAN.NS,Titan Company,Growth / Compounder,224.89999389648438,228.0,223.14999389648438,225.14999389648438,208.3377685546875,2208958
2011-07-14,TITAN.NS,Titan Company,Growth / Compounder,226.0,229.1999969482422,224.3000030517578,227.1999969482422,210.23471069335938,2499289
2011-07-15,TITAN.NS,Titan Company,Growth / Compounder,228.10000610351562,228.89999389648438,224.8000030517578,226.8000030517578,209.86459350585938,1319742
2011-07-18,TITAN.NS,Titan Company,Growth / Compounder,227.0,228.89999389648438,226.1999969482422,227.8000030517578,210.78994750976562,1025963
2011-07-19,TITAN.NS,Titan Company,Growth / Compounder,228.5,234.60000610351562,227.14999389648438,233.3000030517578,215.87925720214844,5025036
2011-07-20,TITAN.NS,Titan Company,Growth / Compounder,234.5,236.60000610351562,231.1999969482422,231.75,214.44496154785156,3149819
2011-07-21,TITAN.NS,Titan Company,Growth / Compounder,232.39999389648438,233.60000610351562,223.14999389648438,224.35000610351562,207.59754943847656,3845864
2011-07-22,TITAN.NS,Titan Company,Growth / Compounder,224.10000610351562,225.75,215.0,221.5,206.1087188720703,5071391
2011-07-25,TITAN.NS,Titan Company,Growth / Compounder,221.5,224.64999389648438,220.9499969482422,223.3000030517578,207.7836456298828,2355701
2011-07-26,TITAN.NS,Titan Company,Growth / Compounder,223.5500030517578,226.25,219.4499969482422,220.39999389648438,205.08514404296875,3389205
2011-07-27,TITAN.NS,Titan Company,Growth / Compounder,220.89999389648438,225.3000030517578,220.25,224.64999389648438,209.03982543945312,2836107
2011-07-28,TITAN.NS,Titan Company,Growth / Compounder,225.0,230.3000030517578,221.5500030517578,227.9499969482422,212.1105194091797,5631997
2011-07-29,TITAN.NS,Titan Company,Growth / Compounder,227.0,230.0,224.89999389648438,228.25,212.38966369628906,5132326
2011-08-01,TITAN.NS,Titan Company,Growth / Compounder,228.5,230.89999389648438,226.25,228.0500030517578,212.20358276367188,1791974
2011-08-02,TITAN.NS,Titan Company,Growth / Compounder,227.5,229.60000610351562,226.75,228.8000030517578,212.90147399902344,1969199
2011-08-03,TITAN.NS,Titan Company,Growth / Compounder,227.1999969482422,228.9499969482422,222.0,225.14999389648438,209.50506591796875,2320358
2011-08-04,TITAN.NS,Titan Company,Growth / Compounder,225.1999969482422,227.39999389648438,222.60000610351562,223.1999969482422,207.69056701660156,1630570
2011-08-05,TITAN.NS,Titan Company,Growth / Compounder,218.0,219.14999389648438,205.5500030517578,213.9499969482422,199.0833282470703,5267450
2011-08-08,TITAN.NS,Titan Company,Growth / Compounder,209.85000610351562,219.5,205.0,215.3000030517578,200.3395233154297,4019165
2011-08-09,TITAN.NS,Titan Company,Growth / Compounder,210.0,217.14999389648438,207.25,214.25,199.36248779296875,3194671
2011-08-10,TITAN.NS,Titan Company,Growth / Compounder,219.89999389648438,222.3000030517578,216.89999389648438,220.14999389648438,204.8525390625,3738849
2011-08-11,TITAN.NS,Titan Company,Growth / Compounder,218.0,220.9499969482422,214.0,214.5500030517578,199.64161682128906,3040554
2011-08-12,TITAN.NS,Titan Company,Growth / Compounder,217.89999389648438,217.89999389648438,195.0,211.0500030517578,196.3848419189453,2114169
2011-08-16,TITAN.NS,Titan Company,Growth / Compounder,213.25,214.9499969482422,208.0,208.6999969482422,194.19813537597656,1554427
2011-08-17,TITAN.NS,Titan Company,Growth / Compounder,209.0500030517578,212.8000030517578,208.25,210.39999389648438,195.780029296875,1631191
2011-08-18,TITAN.NS,Titan Company,Growth / Compounder,211.0,214.8000030517578,200.25,202.25,188.19631958007812,3885802
2011-08-19,TITAN.NS,Titan Company,Growth / Compounder,200.0,200.0,192.0,196.89999389648438,183.21810913085938,4884178
2011-08-22,TITAN.NS,Titan Company,Growth / Compounder,195.0500030517578,204.14999389648438,195.0500030517578,203.0500030517578,188.94076538085938,4377155
2011-08-23,TITAN.NS,Titan Company,Growth / Compounder,204.5,211.85000610351562,202.0,208.89999389648438,194.38424682617188,3993609
2011-08-24,TITAN.NS,Titan Company,Growth / Compounder,208.0,213.39999389648438,206.0,209.39999389648438,194.84950256347656,2823606
2011-08-25,TITAN.NS,Titan Company,Growth / Compounder,209.39999389648438,212.0,204.0,206.10000610351562,191.77879333496094,1887580
2011-08-26,TITAN.NS,Titan Company,Growth / Compounder,209.0,209.0,199.35000610351562,201.8000030517578,187.77764892578125,2067944
2011-08-29,TITAN.NS,Titan Company,Growth / Compounder,204.0,207.1999969482422,203.0,205.64999389648438,191.3600311279297,1723009
2011-08-30,TITAN.NS,Titan Company,Growth / Compounder,206.0,209.8000030517578,204.8000030517578,205.6999969482422,191.40658569335938,1670949
2011-09-02,TITAN.NS,Titan Company,Growth / Compounder,206.3000030517578,212.3000030517578,206.0,210.89999389648438,196.24526977539062,3564546
2011-09-05,TITAN.NS,Titan Company,Growth / Compounder,209.0,221.1999969482422,207.6999969482422,219.6999969482422,204.4337921142578,5370469
2011-09-06,TITAN.NS,Titan Company,Growth / Compounder,217.89999389648438,223.0,214.25,216.14999389648438,201.1304473876953,4795953
2011-09-07,TITAN.NS,Titan Company,Growth / Compounder,217.6999969482422,219.9499969482422,215.60000610351562,217.75,202.61927795410156,2064342
2011-09-08,TITAN.NS,Titan Company,Growth / Compounder,218.8000030517578,225.0,216.1999969482422,223.4499969482422,207.9232177734375,3667482
2011-09-09,TITAN.NS,Titan Company,Growth / Compounder,224.89999389648438,230.3000030517578,223.14999389648438,226.85000610351562,211.08697509765625,3852042
2011-09-12,TITAN.NS,Titan Company,Growth / Compounder,229.0,229.0,212.8000030517578,214.39999389648438,199.5020294189453,4713601
2011-09-13,TITAN.NS,Titan Company,Growth / Compounder,220.5,220.5,211.85000610351562,212.60000610351562,197.82713317871094,2281746
2011-09-14,TITAN.NS,Titan Company,Growth / Compounder,212.5,215.39999389648438,208.64999389648438,212.0500030517578,197.31536865234375,3039238
2011-09-15,TITAN.NS,Titan Company,Growth / Compounder,213.25,219.6999969482422,213.25,219.14999389648438,203.9219970703125,2429570
2011-09-16,TITAN.NS,Titan Company,Growth / Compounder,221.0,222.5,217.0,220.0500030517578,204.7594757080078,2570919
2011-09-19,TITAN.NS,Titan Company,Growth / Compounder,219.0,223.5,219.0,222.35000610351562,206.899658203125,2186694
2011-09-20,TITAN.NS,Titan Company,Growth / Compounder,223.89999389648438,227.5,223.10000610351562,226.89999389648438,211.13348388671875,2270310
2011-09-21,TITAN.NS,Titan Company,Growth / Compounder,226.0,237.4499969482422,226.0,235.75,219.3685302734375,5631468
2011-09-22,TITAN.NS,Titan Company,Growth / Compounder,233.64999389648438,233.64999389648438,224.35000610351562,225.8000030517578,210.1099090576172,3813840
2011-09-23,TITAN.NS,Titan Company,Growth / Compounder,224.4499969482422,228.5,220.0,223.64999389648438,208.10931396484375,3203822
2011-09-26,TITAN.NS,Titan Company,Growth / Compounder,223.85000610351562,223.89999389648438,205.10000610351562,207.25,192.84889221191406,6890338
2011-09-27,TITAN.NS,Titan Company,Growth / Compounder,210.0,214.0,210.0,212.64999389648438,197.8736572265625,3740693
2011-09-28,TITAN.NS,Titan Company,Growth / Compounder,214.0,216.39999389648438,205.10000610351562,207.1999969482422,192.80238342285156,4727947
2011-09-29,TITAN.NS,Titan Company,Growth / Compounder,207.0,208.14999389648438,200.39999389648438,205.64999389648438,191.3600311279297,8702869
2011-09-30,TITAN.NS,Titan Company,Growth / Compounder,208.0,211.25,205.1999969482422,208.9499969482422,194.4307861328125,3498689
2011-10-03,TITAN.NS,Titan Company,Growth / Compounder,206.0,207.39999389648438,200.0,204.0500030517578,189.87127685546875,2623896
2011-10-04,TITAN.NS,Titan Company,Growth / Compounder,205.0,207.39999389648438,195.4499969482422,197.35000610351562,183.63681030273438,5658170
2011-10-05,TITAN.NS,Titan Company,Growth / Compounder,200.0,200.64999389648438,193.5500030517578,197.4499969482422,183.7298583984375,5425968
2011-10-07,TITAN.NS,Titan Company,Growth / Compounder,201.0,209.60000610351562,201.0,208.39999389648438,193.91896057128906,5109623
2011-10-10,TITAN.NS,Titan Company,Growth / Compounder,210.0,212.4499969482422,208.10000610351562,211.4499969482422,196.75709533691406,2186479
2011-10-11,TITAN.NS,Titan Company,Growth / Compounder,212.5,215.60000610351562,211.0,212.8000030517578,198.0132598876953,1892546
2011-10-12,TITAN.NS,Titan Company,Growth / Compounder,213.0,221.0,213.0,220.0,204.71298217773438,3301229
2011-10-13,TITAN.NS,Titan Company,Growth / Compounder,221.0,224.10000610351562,216.3000030517578,216.9499969482422,201.87489318847656,2804975
2011-10-14,TITAN.NS,Titan Company,Growth / Compounder,215.0,220.5,214.8000030517578,217.5500030517578,202.43316650390625,2572195
2011-10-17,TITAN.NS,Titan Company,Growth / Compounder,224.0,226.75,217.89999389648438,225.60000610351562,209.923828125,3577533
2011-10-18,TITAN.NS,Titan Company,Growth / Compounder,220.0,223.0,218.1999969482422,221.14999389648438,205.78302001953125,2174255
2011-10-19,TITAN.NS,Titan Company,Growth / Compounder,222.0,225.5500030517578,220.4499969482422,222.5,207.0392303466797,3034247
2011-10-20,TITAN.NS,Titan Company,Growth / Compounder,221.0,221.0,213.64999389648438,216.35000610351562,201.3166046142578,3337512
2011-10-21,TITAN.NS,Titan Company,Growth / Compounder,218.0,222.8000030517578,216.75,219.89999389648438,204.61990356445312,2950215
2011-10-24,TITAN.NS,Titan Company,Growth / Compounder,222.0,227.8000030517578,221.0,226.5500030517578,210.8077850341797,4094220
2011-10-25,TITAN.NS,Titan Company,Growth / Compounder,223.10000610351562,224.8000030517578,211.39999389648438,215.89999389648438,200.89785766601562,9327099
2011-10-28,TITAN.NS,Titan Company,Growth / Compounder,219.89999389648438,223.14999389648438,216.25,217.35000610351562,202.24710083007812,3530742
2011-10-31,TITAN.NS,Titan Company,Growth / Compounder,217.5,219.39999389648438,214.39999389648438,217.3000030517578,202.20057678222656,2558727
2011-11-01,TITAN.NS,Titan Company,Growth / Compounder,214.10000610351562,218.1999969482422,213.0,215.0500030517578,200.10691833496094,2079857
2011-11-02,TITAN.NS,Titan Company,Growth / Compounder,214.4499969482422,217.89999389648438,213.64999389648438,215.3000030517578,200.3395233154297,2004237
2011-11-03,TITAN.NS,Titan Company,Growth / Compounder,215.0,217.14999389648438,213.0,215.25,200.2930145263672,1727485
2011-11-04,TITAN.NS,Titan Company,Growth / Compounder,216.0,219.4499969482422,216.0,217.0,201.9214324951172,2276907
2011-11-08,TITAN.NS,Titan Company,Growth / Compounder,217.1999969482422,222.39999389648438,217.1999969482422,221.89999389648438,206.48092651367188,3064297
2011-11-09,TITAN.NS,Titan Company,Growth / Compounder,222.75,224.3000030517578,217.3000030517578,218.25,203.08456420898438,2689688
2011-11-11,TITAN.NS,Titan Company,Growth / Compounder,217.5,219.0,212.6999969482422,214.8000030517578,199.87429809570312,2603251
2011-11-14,TITAN.NS,Titan Company,Growth / Compounder,217.0,218.14999389648438,208.39999389648438,209.6999969482422,195.12864685058594,1756745
2011-11-15,TITAN.NS,Titan Company,Growth / Compounder,208.0,212.39999389648438,203.75,206.14999389648438,191.82533264160156,2612245
2011-11-16,TITAN.NS,Titan Company,Growth / Compounder,207.0,214.60000610351562,205.10000610351562,211.8000030517578,197.08273315429688,3178327
2011-11-17,TITAN.NS,Titan Company,Growth / Compounder,211.89999389648438,214.4499969482422,184.89999389648438,202.39999389648438,188.33590698242188,2803951
2011-11-18,TITAN.NS,Titan Company,Growth / Compounder,193.10000610351562,205.25,193.10000610351562,203.89999389648438,189.73165893554688,4217531
2011-11-21,TITAN.NS,Titan Company,Growth / Compounder,203.0,203.0,195.5,198.39999389648438,184.61386108398438,4111409
2011-11-22,TITAN.NS,Titan Company,Growth / Compounder,199.0,200.0,184.10000610351562,185.5500030517578,172.65676879882812,8094625
2011-11-23,TITAN.NS,Titan Company,Growth / Compounder,183.8000030517578,191.8000030517578,181.1999969482422,190.5500030517578,177.30934143066406,5940896
2011-11-24,TITAN.NS,Titan Company,Growth / Compounder,189.39999389648438,191.6999969482422,184.0,189.8000030517578,176.6114501953125,3716192
2011-11-25,TITAN.NS,Titan Company,Growth / Compounder,189.5,196.85000610351562,186.10000610351562,189.0,175.86703491210938,4865853
2011-11-28,TITAN.NS,Titan Company,Growth / Compounder,192.5,194.3000030517578,189.3000030517578,191.25,177.960693359375,4575902
2011-11-29,TITAN.NS,Titan Company,Growth / Compounder,191.89999389648438,192.60000610351562,184.64999389648438,185.3000030517578,172.4241180419922,3393029
2011-11-30,TITAN.NS,Titan Company,Growth / Compounder,183.39999389648438,183.39999389648438,174.5500030517578,177.64999389648438,165.30569458007812,9865970
2011-12-01,TITAN.NS,Titan Company,Growth / Compounder,183.0,188.39999389648438,180.25,186.0,173.0755157470703,6122090
2011-12-02,TITAN.NS,Titan Company,Growth / Compounder,183.39999389648438,192.0,183.39999389648438,191.4499969482422,178.14675903320312,4299534
2011-12-05,TITAN.NS,Titan Company,Growth / Compounder,190.89999389648438,192.8000030517578,185.60000610351562,186.8000030517578,173.81988525390625,4115944
2011-12-07,TITAN.NS,Titan Company,Growth / Compounder,187.0,189.3000030517578,182.60000610351562,185.10000610351562,172.23802185058594,3913847
2011-12-08,TITAN.NS,Titan Company,Growth / Compounder,185.0,186.0,180.75,182.8000030517578,170.0978546142578,3684421
2011-12-09,TITAN.NS,Titan Company,Growth / Compounder,181.0,187.5500030517578,178.8000030517578,185.10000610351562,172.23802185058594,3294554
2011-12-12,TITAN.NS,Titan Company,Growth / Compounder,185.5,187.3000030517578,179.1999969482422,180.0,167.4923858642578,2583396
2011-12-13,TITAN.NS,Titan Company,Growth / Compounder,180.0,180.6999969482422,170.10000610351562,172.0500030517578,160.09483337402344,7121542
2011-12-14,TITAN.NS,Titan Company,Growth / Compounder,172.5,172.75,166.0500030517578,167.14999389648438,155.53530883789062,8812592
2011-12-15,TITAN.NS,Titan Company,Growth / Compounder,166.0,166.0,155.0500030517578,163.25,151.90631103515625,11528044
2011-12-16,TITAN.NS,Titan Company,Growth / Compounder,164.5,172.35000610351562,159.60000610351562,161.5,150.27789306640625,10509505
2011-12-19,TITAN.NS,Titan Company,Growth / Compounder,161.0,164.89999389648438,157.10000610351562,161.4499969482422,150.23138427734375,6590342
2011-12-20,TITAN.NS,Titan Company,Growth / Compounder,162.0,163.6999969482422,154.1999969482422,156.1999969482422,145.34617614746094,5248338
2011-12-21,TITAN.NS,Titan Company,Growth / Compounder,158.0,170.35000610351562,158.0,169.10000610351562,157.34982299804688,7941380
2011-12-22,TITAN.NS,Titan Company,Growth / Compounder,168.0,178.0,166.8000030517578,175.4499969482422,163.25856018066406,8512579
2011-12-23,TITAN.NS,Titan Company,Growth / Compounder,178.25,178.5,169.75,171.5500030517578,159.62957763671875,4231255
2011-12-26,TITAN.NS,Titan Company,Growth / Compounder,171.5,176.89999389648438,171.14999389648438,173.85000610351562,161.76976013183594,1527823
2011-12-27,TITAN.NS,Titan Company,Growth / Compounder,173.0,178.3000030517578,172.0,174.85000610351562,162.70028686523438,2818702
2011-12-28,TITAN.NS,Titan Company,Growth / Compounder,174.0,175.89999389648438,170.5500030517578,173.75,161.67669677734375,2762884
2011-12-29,TITAN.NS,Titan Company,Growth / Compounder,172.0,173.8000030517578,170.8000030517578,172.39999389648438,160.4204864501953,2198244
2011-12-30,TITAN.NS,Titan Company,Growth / Compounder,172.0500030517578,174.5,168.0,171.0,159.11778259277344,2037386
2012-01-02,TITAN.NS,Titan Company,Growth / Compounder,171.60000610351562,177.0,171.35000610351562,175.14999389648438,162.9794158935547,3717480
2012-01-03,TITAN.NS,Titan Company,Growth / Compounder,176.5,180.64999389648438,176.5,179.5500030517578,167.07369995117188,3552588
2012-01-04,TITAN.NS,Titan Company,Growth / Compounder,180.0,184.39999389648438,175.60000610351562,177.8000030517578,165.44528198242188,3670612
2012-01-05,TITAN.NS,Titan Company,Growth / Compounder,178.9499969482422,181.6999969482422,174.0500030517578,176.4499969482422,164.1890869140625,2736557
2012-01-06,TITAN.NS,Titan Company,Growth / Compounder,175.25,176.4499969482422,170.5,172.89999389648438,160.88575744628906,2948089
2012-01-09,TITAN.NS,Titan Company,Growth / Compounder,173.75,177.4499969482422,170.10000610351562,175.5500030517578,163.35162353515625,1883781
2012-01-10,TITAN.NS,Titan Company,Growth / Compounder,177.89999389648438,181.75,176.4499969482422,180.85000610351562,168.28334045410156,1857788
2012-01-11,TITAN.NS,Titan Company,Growth / Compounder,181.75,185.0,181.5,183.8000030517578,171.02838134765625,3209514
2012-01-12,TITAN.NS,Titan Company,Growth / Compounder,183.1999969482422,187.6999969482422,181.8000030517578,184.1999969482422,171.4005584716797,3779145
2012-01-13,TITAN.NS,Titan Company,Growth / Compounder,184.1999969482422,188.0500030517578,180.0,182.8000030517578,170.0978546142578,2871754
2012-01-16,TITAN.NS,Titan Company,Growth / Compounder,180.0,185.5,179.8000030517578,184.35000610351562,171.54014587402344,1490712
2012-01-17,TITAN.NS,Titan Company,Growth / Compounder,185.5500030517578,188.85000610351562,180.5,184.60000610351562,171.7727813720703,3918713
2012-01-18,TITAN.NS,Titan Company,Growth / Compounder,185.0,185.6999969482422,181.5,183.85000610351562,171.0748748779297,2892608
2012-01-19,TITAN.NS,Titan Company,Growth / Compounder,185.0,187.1999969482422,181.0,182.39999389648438,169.72564697265625,3993713
2012-01-20,TITAN.NS,Titan Company,Growth / Compounder,184.89999389648438,193.4499969482422,183.6999969482422,191.89999389648438,178.56552124023438,6313381
2012-01-23,TITAN.NS,Titan Company,Growth / Compounder,191.89999389648438,196.5,190.10000610351562,191.39999389648438,178.10028076171875,4023061
2012-01-24,TITAN.NS,Titan Company,Growth / Compounder,192.0,196.1999969482422,191.1999969482422,192.0,178.6585693359375,3231621
2012-01-25,TITAN.NS,Titan Company,Growth / Compounder,193.0,198.8000030517578,193.0,197.89999389648438,184.1486053466797,4886655
2012-01-27,TITAN.NS,Titan Company,Growth / Compounder,199.35000610351562,207.25,198.89999389648438,206.4499969482422,192.10446166992188,3706101
2012-01-30,TITAN.NS,Titan Company,Growth / Compounder,209.5,209.5,200.60000610351562,201.4499969482422,187.45191955566406,2938059
2012-01-31,TITAN.NS,Titan Company,Growth / Compounder,203.3000030517578,207.3000030517578,198.25,203.0,188.89418029785156,5081248
2012-02-01,TITAN.NS,Titan Company,Growth / Compounder,208.0,208.0,193.1999969482422,196.1999969482422,182.5667266845703,5161191
2012-02-02,TITAN.NS,Titan Company,Growth / Compounder,197.5,201.0,193.0,194.5,180.98483276367188,3740675
2012-02-03,TITAN.NS,Titan Company,Growth / Compounder,192.1999969482422,199.8000030517578,192.10000610351562,196.6999969482422,183.03196716308594,2715560
2012-02-06,TITAN.NS,Titan Company,Growth / Compounder,197.5,201.8000030517578,196.5,198.3000030517578,184.5208282470703,2494513
2012-02-07,TITAN.NS,Titan Company,Growth / Compounder,199.3000030517578,203.75,197.85000610351562,200.1999969482422,186.28878784179688,3496444
2012-02-08,TITAN.NS,Titan Company,Growth / Compounder,203.0,209.89999389648438,201.10000610351562,208.75,194.2447052001953,4347882
2012-02-09,TITAN.NS,Titan Company,Growth / Compounder,210.0,212.35000610351562,207.5,210.5500030517578,195.9196014404297,2274272
2012-02-10,TITAN.NS,Titan Company,Growth / Compounder,211.0,214.39999389648438,204.5,206.9499969482422,192.5697479248047,2191340
2012-02-13,TITAN.NS,Titan Company,Growth / Compounder,208.0,212.39999389648438,206.39999389648438,208.85000610351562,194.3377227783203,2307798
2012-02-14,TITAN.NS,Titan Company,Growth / Compounder,208.0,211.0500030517578,207.0,209.10000610351562,194.57037353515625,1727649
2012-02-15,TITAN.NS,Titan Company,Growth / Compounder,210.0,219.39999389648438,210.0,217.89999389648438,202.75885009765625,2980184
2012-02-16,TITAN.NS,Titan Company,Growth / Compounder,218.0,218.4499969482422,212.39999389648438,215.5500030517578,200.57215881347656,2438166
2012-02-17,TITAN.NS,Titan Company,Growth / Compounder,217.6999969482422,235.8000030517578,217.3000030517578,231.9499969482422,215.8325653076172,7851560
2012-02-21,TITAN.NS,Titan Company,Growth / Compounder,233.0,255.0,223.3000030517578,243.85000610351562,226.90570068359375,13250808
2012-02-22,TITAN.NS,Titan Company,Growth / Compounder,247.0,249.75,224.25,226.10000610351562,210.38909912109375,6866142
2012-02-23,TITAN.NS,Titan Company,Growth / Compounder,225.5,233.39999389648438,218.60000610351562,225.1999969482422,209.55160522460938,6040973
2012-02-24,TITAN.NS,Titan Company,Growth / Compounder,226.1999969482422,233.89999389648438,223.0,226.0,210.29605102539062,3487753
2012-02-27,TITAN.NS,Titan Company,Growth / Compounder,226.6999969482422,226.6999969482422,213.64999389648438,216.8000030517578,201.7353057861328,2526927
2012-02-28,TITAN.NS,Titan Company,Growth / Compounder,218.6999969482422,229.14999389648438,218.39999389648438,225.14999389648438,209.50506591796875,2388810
2012-02-29,TITAN.NS,Titan Company,Growth / Compounder,229.0,234.75,224.60000610351562,228.39999389648438,212.5292510986328,5641347
2012-03-01,TITAN.NS,Titan Company,Growth / Compounder,227.25,235.89999389648438,222.39999389648438,228.85000610351562,212.94798278808594,3716887
2012-03-02,TITAN.NS,Titan Company,Growth / Compounder,230.75,232.9499969482422,226.0,229.5,213.5528106689453,2124018
2012-03-05,TITAN.NS,Titan Company,Growth / Compounder,227.89999389648438,228.35000610351562,222.10000610351562,223.9499969482422,208.38848876953125,1524005
2012-03-06,TITAN.NS,Titan Company,Growth / Compounder,223.10000610351562,238.5,220.39999389648438,230.8000030517578,214.76246643066406,4078876
2012-03-07,TITAN.NS,Titan Company,Growth / Compounder,229.0,234.39999389648438,227.39999389648438,231.39999389648438,215.32077026367188,2133389
2012-03-09,TITAN.NS,Titan Company,Growth / Compounder,234.10000610351562,241.39999389648438,231.1999969482422,239.9499969482422,223.27667236328125,3178144
2012-03-12,TITAN.NS,Titan Company,Growth / Compounder,244.3000030517578,247.89999389648438,241.1999969482422,246.10000610351562,228.99935913085938,2602734
2012-03-13,TITAN.NS,Titan Company,Growth / Compounder,247.60000610351562,250.3000030517578,246.0,247.5500030517578,230.34860229492188,1502182
2012-03-14,TITAN.NS,Titan Company,Growth / Compounder,249.8000030517578,252.5,246.5,247.9499969482422,230.72080993652344,2520051
2012-03-15,TITAN.NS,Titan Company,Growth / Compounder,252.0,252.0,229.5,232.1999969482422,216.06520080566406,2667095
2012-03-16,TITAN.NS,Titan Company,Growth / Compounder,231.89999389648438,237.89999389648438,224.6999969482422,233.5,217.27488708496094,6305324
2012-03-19,TITAN.NS,Titan Company,Growth / Compounder,232.0,240.39999389648438,231.89999389648438,234.9499969482422,218.6241455078125,2561306
2012-03-20,TITAN.NS,Titan Company,Growth / Compounder,234.0,245.8000030517578,233.25,243.8000030517578,226.85916137695312,3175756
2012-03-21,TITAN.NS,Titan Company,Growth / Compounder,245.0,246.3000030517578,240.39999389648438,242.89999389648438,226.02169799804688,2928052
2012-03-22,TITAN.NS,Titan Company,Growth / Compounder,244.0,247.85000610351562,231.6999969482422,233.60000610351562,217.36795043945312,3200367
2012-03-23,TITAN.NS,Titan Company,Growth / Compounder,234.3000030517578,239.5500030517578,226.75,232.25,216.11175537109375,2782447
2012-03-26,TITAN.NS,Titan Company,Growth / Compounder,232.9499969482422,234.8000030517578,227.0500030517578,228.85000610351562,212.94798278808594,1239931
2012-03-27,TITAN.NS,Titan Company,Growth / Compounder,230.0,239.35000610351562,230.0,237.89999389648438,221.369140625,2134541
2012-03-28,TITAN.NS,Titan Company,Growth / Compounder,238.0,240.89999389648438,221.6999969482422,223.75,208.202392578125,3791615
2012-03-29,TITAN.NS,Titan Company,Growth / Compounder,223.0,230.60000610351562,215.3000030517578,228.5,212.62232971191406,3106392
2012-03-30,TITAN.NS,Titan Company,Growth / Compounder,230.0,232.5,225.25,228.5500030517578,212.6688232421875,1781095
2012-04-02,TITAN.NS,Titan Company,Growth / Compounder,235.3000030517578,265.0,232.0500030517578,242.8000030517578,225.9286651611328,5694452
2012-04-03,TITAN.NS,Titan Company,Growth / Compounder,244.0500030517578,250.8000030517578,244.0500030517578,247.6999969482422,230.4882049560547,3093349
2012-04-04,TITAN.NS,Titan Company,Growth / Compounder,245.6999969482422,253.8000030517578,243.3000030517578,249.25,231.93048095703125,3753999
2012-04-09,TITAN.NS,Titan Company,Growth / Compounder,245.75,250.5,241.3000030517578,242.5500030517578,225.69606018066406,1948251
2012-04-10,TITAN.NS,Titan Company,Growth / Compounder,244.0,245.8000030517578,239.10000610351562,243.8000030517578,226.85916137695312,1877868
2012-04-11,TITAN.NS,Titan Company,Growth / Compounder,240.0,246.5500030517578,240.0,241.39999389648438,224.6259307861328,2426290
2012-04-12,TITAN.NS,Titan Company,Growth / Compounder,241.6999969482422,245.39999389648438,237.35000610351562,238.64999389648438,222.06700134277344,1859654
2012-04-13,TITAN.NS,Titan Company,Growth / Compounder,241.0500030517578,242.64999389648438,236.64999389648438,238.0,221.46214294433594,1189240
2012-04-16,TITAN.NS,Titan Company,Growth / Compounder,239.0,240.39999389648438,235.39999389648438,236.9499969482422,220.48513793945312,1526830
2012-04-17,TITAN.NS,Titan Company,Growth / Compounder,237.3000030517578,237.8000030517578,230.1999969482422,235.25,218.9032745361328,2555342
2012-04-18,TITAN.NS,Titan Company,Growth / Compounder,237.0,244.8000030517578,236.6999969482422,239.8000030517578,223.1370849609375,2475782
2012-04-19,TITAN.NS,Titan Company,Growth / Compounder,242.0,242.3000030517578,234.10000610351562,236.75,220.2990264892578,1668287
2012-04-20,TITAN.NS,Titan Company,Growth / Compounder,237.5,242.8000030517578,235.0,237.89999389648438,221.369140625,2669757
2012-04-23,TITAN.NS,Titan Company,Growth / Compounder,239.0,240.8000030517578,231.5500030517578,234.89999389648438,218.57760620117188,2541790
2012-04-24,TITAN.NS,Titan Company,Growth / Compounder,235.89999389648438,241.0,235.35000610351562,236.89999389648438,220.43862915039062,2309260
2012-04-25,TITAN.NS,Titan Company,Growth / Compounder,238.75,239.39999389648438,228.39999389648438,229.85000610351562,213.87852478027344,2105294
2012-04-26,TITAN.NS,Titan Company,Growth / Compounder,231.0,235.35000610351562,228.0500030517578,229.39999389648438,213.4597625732422,1928765
2012-04-27,TITAN.NS,Titan Company,Growth / Compounder,231.0,237.0,228.5500030517578,235.1999969482422,218.85675048828125,1603398
2012-04-30,TITAN.NS,Titan Company,Growth / Compounder,237.0,240.0,229.9499969482422,233.0,216.8096160888672,2821520
2012-05-02,TITAN.NS,Titan Company,Growth / Compounder,236.0,245.4499969482422,236.0,243.4499969482422,226.53350830078125,5491215
2012-05-03,TITAN.NS,Titan Company,Growth / Compounder,242.85000610351562,247.6999969482422,241.5,246.39999389648438,229.2784881591797,3912471
2012-05-04,TITAN.NS,Titan Company,Growth / Compounder,243.0,246.0,235.64999389648438,241.0,224.2537078857422,3376006
2012-05-07,TITAN.NS,Titan Company,Growth / Compounder,238.0,251.0500030517578,233.10000610351562,248.6999969482422,231.41868591308594,5033737
2012-05-08,TITAN.NS,Titan Company,Growth / Compounder,249.89999389648438,253.6999969482422,243.39999389648438,245.10000610351562,228.0688018798828,3895430
2012-05-09,TITAN.NS,Titan Company,Growth / Compounder,243.10000610351562,246.25,239.14999389648438,244.5,227.51051330566406,2364261
2012-05-10,TITAN.NS,Titan Company,Growth / Compounder,244.0,247.25,242.39999389648438,245.85000610351562,228.7667236328125,2033359
2012-05-11,TITAN.NS,Titan Company,Growth / Compounder,244.89999389648438,248.85000610351562,240.0,244.89999389648438,227.8827362060547,1870243
2012-05-14,TITAN.NS,Titan Company,Growth / Compounder,245.1999969482422,247.89999389648438,243.0500030517578,246.10000610351562,228.99935913085938,1617717
2012-05-15,TITAN.NS,Titan Company,Growth / Compounder,245.14999389648438,245.9499969482422,239.75,243.60000610351562,226.67308044433594,2280474
2012-05-16,TITAN.NS,Titan Company,Growth / Compounder,240.39999389648438,242.1999969482422,231.0,233.6999969482422,217.4609832763672,3309258
2012-05-17,TITAN.NS,Titan Company,Growth / Compounder,234.85000610351562,237.89999389648438,228.64999389648438,229.9499969482422,213.9715118408203,3629172
2012-05-18,TITAN.NS,Titan Company,Growth / Compounder,226.8000030517578,231.60000610351562,221.9499969482422,229.0,213.0875701904297,3004749
2012-05-21,TITAN.NS,Titan Company,Growth / Compounder,229.1999969482422,234.6999969482422,227.25,230.4499969482422,214.4368133544922,2073922
2012-05-22,TITAN.NS,Titan Company,Growth / Compounder,232.8000030517578,234.8000030517578,228.6999969482422,231.1999969482422,215.1346893310547,1808833
2012-05-23,TITAN.NS,Titan Company,Growth / Compounder,230.89999389648438,231.25,222.3000030517578,223.9499969482422,208.38848876953125,2235854
2012-05-24,TITAN.NS,Titan Company,Growth / Compounder,224.25,228.0,220.5500030517578,226.1999969482422,210.4821319580078,2396630
2012-05-25,TITAN.NS,Titan Company,Growth / Compounder,225.8000030517578,225.8000030517578,221.5,223.5500030517578,208.0162811279297,1359916
2012-05-28,TITAN.NS,Titan Company,Growth / Compounder,224.0,235.0,224.0,234.10000610351562,217.8331756591797,1656521
2012-05-29,TITAN.NS,Titan Company,Growth / Compounder,236.3000030517578,236.5,230.6999969482422,232.0500030517578,215.92564392089844,1095378
2012-05-30,TITAN.NS,Titan Company,Growth / Compounder,233.0,233.85000610351562,222.6999969482422,223.89999389648438,208.34194946289062,1443295
2012-05-31,TITAN.NS,Titan Company,Growth / Compounder,222.39999389648438,225.0,217.14999389648438,222.6999969482422,207.22532653808594,2037633
2012-06-01,TITAN.NS,Titan Company,Growth / Compounder,221.0,226.39999389648438,218.89999389648438,221.35000610351562,205.9691619873047,1695583
2012-06-04,TITAN.NS,Titan Company,Growth / Compounder,221.5500030517578,221.5500030517578,206.10000610351562,210.14999389648438,195.54737854003906,4739350
2012-06-05,TITAN.NS,Titan Company,Growth / Compounder,212.0,214.4499969482422,204.14999389648438,207.75,193.31414794921875,4021947
2012-06-06,TITAN.NS,Titan Company,Growth / Compounder,210.4499969482422,216.9499969482422,208.5500030517578,215.60000610351562,200.61868286132812,4543229
2012-06-07,TITAN.NS,Titan Company,Growth / Compounder,217.0,219.39999389648438,210.0,212.85000610351562,198.05978393554688,4237917
2012-06-08,TITAN.NS,Titan Company,Growth / Compounder,211.3000030517578,213.6999969482422,207.5,212.8000030517578,198.0132598876953,5246764
2012-06-11,TITAN.NS,Titan Company,Growth / Compounder,214.60000610351562,219.8000030517578,213.5,215.39999389648438,200.43260192871094,3465381
2012-06-12,TITAN.NS,Titan Company,Growth / Compounder,214.4499969482422,221.5500030517578,212.4499969482422,220.60000610351562,205.27127075195312,3399724
2012-06-13,TITAN.NS,Titan Company,Growth / Compounder,221.0,221.9499969482422,215.5,218.0,202.8519287109375,1772135
2012-06-14,TITAN.NS,Titan Company,Growth / Compounder,218.5,220.89999389648438,211.5,213.60000610351562,198.7576446533203,1593441
2012-06-15,TITAN.NS,Titan Company,Growth / Compounder,213.0,218.89999389648438,213.0,218.0,202.8519287109375,1045192
2012-06-18,TITAN.NS,Titan Company,Growth / Compounder,219.4499969482422,223.64999389648438,215.14999389648438,219.8000030517578,204.52684020996094,1967567
2012-06-19,TITAN.NS,Titan Company,Growth / Compounder,219.9499969482422,221.39999389648438,217.75,219.85000610351562,204.5733642578125,937377
2012-06-20,TITAN.NS,Titan Company,Growth / Compounder,220.3000030517578,223.4499969482422,218.0,220.89999389648438,205.5504150390625,1269354
2012-06-21,TITAN.NS,Titan Company,Growth / Compounder,221.5,222.3000030517578,213.5,219.75,204.4803009033203,1962212
2012-06-22,TITAN.NS,Titan Company,Growth / Compounder,218.0,222.75,216.0500030517578,221.0,205.64349365234375,1505899
2012-06-25,TITAN.NS,Titan Company,Growth / Compounder,221.3000030517578,225.4499969482422,220.5,221.35000610351562,205.9691619873047,1556788
2012-06-26,TITAN.NS,Titan Company,Growth / Compounder,221.4499969482422,222.3000030517578,216.64999389648438,218.1999969482422,203.03799438476562,991521
2012-06-27,TITAN.NS,Titan Company,Growth / Compounder,218.5500030517578,219.75,215.25,216.4499969482422,201.40963745117188,1365711
2012-06-28,TITAN.NS,Titan Company,Growth / Compounder,218.0,221.1999969482422,212.0,216.0500030517578,201.03741455078125,4860173
2012-06-29,TITAN.NS,Titan Company,Growth / Compounder,220.89999389648438,224.5,218.60000610351562,223.39999389648438,207.87669372558594,5313181
2012-07-02,TITAN.NS,Titan Company,Growth / Compounder,225.0,227.85000610351562,222.64999389648438,225.35000610351562,209.6912078857422,1955048
2012-07-03,TITAN.NS,Titan Company,Growth / Compounder,226.9499969482422,239.25,226.9499969482422,237.6999969482422,221.18299865722656,4038623
2012-07-04,TITAN.NS,Titan Company,Growth / Compounder,238.75,238.89999389648438,232.3000030517578,233.3000030517578,217.08880615234375,1334773
2012-07-05,TITAN.NS,Titan Company,Growth / Compounder,234.1999969482422,236.5500030517578,231.3000030517578,233.14999389648438,216.94923400878906,803590
2012-07-06,TITAN.NS,Titan Company,Growth / Compounder,233.14999389648438,234.6999969482422,228.8000030517578,229.8000030517578,213.83200073242188,1006966
2012-07-09,TITAN.NS,Titan Company,Growth / Compounder,230.0,230.4499969482422,225.39999389648438,227.39999389648438,211.59872436523438,1004382
2012-07-10,TITAN.NS,Titan Company,Growth / Compounder,226.1999969482422,231.39999389648438,226.1999969482422,228.0500030517578,212.20358276367188,2578948
2012-07-11,TITAN.NS,Titan Company,Growth / Compounder,227.8000030517578,232.0,227.39999389648438,228.4499969482422,212.57577514648438,1325058
2012-07-12,TITAN.NS,Titan Company,Growth / Compounder,227.89999389648438,227.89999389648438,222.39999389648438,223.9499969482422,208.38848876953125,1079221
2012-07-13,TITAN.NS,Titan Company,Growth / Compounder,223.9499969482422,224.8000030517578,216.3000030517578,216.89999389648438,203.41790771484375,2006897
2012-07-16,TITAN.NS,Titan Company,Growth / Compounder,218.60000610351562,223.25,214.9499969482422,220.89999389648438,207.1692657470703,2132458
2012-07-17,TITAN.NS,Titan Company,Growth / Compounder,222.5,223.5500030517578,219.25,222.89999389648438,209.0449676513672,1357179
2012-07-18,TITAN.NS,Titan Company,Growth / Compounder,223.0,223.5,218.89999389648438,222.60000610351562,208.76361083984375,933492
2012-07-19,TITAN.NS,Titan Company,Growth / Compounder,224.89999389648438,228.25,223.0500030517578,226.75,212.65565490722656,1829191
2012-07-20,TITAN.NS,Titan Company,Growth / Compounder,228.5,230.75,223.60000610351562,228.39999389648438,214.20306396484375,2070361
2012-07-23,TITAN.NS,Titan Company,Growth / Compounder,227.5,227.5,220.6999969482422,223.64999389648438,209.74832153320312,1402329
2012-07-24,TITAN.NS,Titan Company,Growth / Compounder,224.14999389648438,229.8000030517578,222.8000030517578,229.1999969482422,214.95333862304688,1462013
2012-07-25,TITAN.NS,Titan Company,Growth / Compounder,229.64999389648438,230.85000610351562,221.14999389648438,222.5500030517578,208.7167205810547,1733955
2012-07-26,TITAN.NS,Titan Company,Growth / Compounder,223.0,225.35000610351562,219.60000610351562,222.89999389648438,209.0449676513672,1091946
2012-07-27,TITAN.NS,Titan Company,Growth / Compounder,224.8000030517578,229.5,224.60000610351562,227.25,213.12457275390625,1740594
2012-07-30,TITAN.NS,Titan Company,Growth / Compounder,229.5,233.89999389648438,227.0,233.0,218.51719665527344,2095849
2012-07-31,TITAN.NS,Titan Company,Growth / Compounder,235.0,235.8000030517578,219.89999389648438,221.9499969482422,208.15403747558594,7046316
2012-08-01,TITAN.NS,Titan Company,Growth / Compounder,219.5,224.1999969482422,218.5500030517578,221.75,207.96646118164062,4794209
2012-08-02,TITAN.NS,Titan Company,Growth / Compounder,222.14999389648438,227.25,222.0,226.8000030517578,212.7025604248047,2831930
2012-08-03,TITAN.NS,Titan Company,Growth / Compounder,224.0500030517578,229.39999389648438,224.0500030517578,228.4499969482422,214.24998474121094,1972218
2012-08-06,TITAN.NS,Titan Company,Growth / Compounder,230.0,231.0,227.0500030517578,229.3000030517578,215.04714965820312,1512181
2012-08-07,TITAN.NS,Titan Company,Growth / Compounder,227.0,229.5,225.75,227.60000610351562,213.45281982421875,1939074
2012-08-08,TITAN.NS,Titan Company,Growth / Compounder,228.0,228.39999389648438,222.75,224.64999389648438,210.68617248535156,1695844
2012-08-09,TITAN.NS,Titan Company,Growth / Compounder,226.39999389648438,227.14999389648438,223.10000610351562,224.1999969482422,210.26414489746094,813257
2012-08-10,TITAN.NS,Titan Company,Growth / Compounder,224.3000030517578,224.3000030517578,217.0,217.6999969482422,204.16819763183594,2330101
2012-08-13,TITAN.NS,Titan Company,Growth / Compounder,217.5,223.5,214.75,223.0,209.1387481689453,2053220
2012-08-14,TITAN.NS,Titan Company,Growth / Compounder,224.0,225.75,221.10000610351562,225.14999389648438,211.1551055908203,935625
2012-08-16,TITAN.NS,Titan Company,Growth / Compounder,226.0,226.0,219.0,219.9499969482422,206.2783203125,1542604
2012-08-17,TITAN.NS,Titan Company,Growth / Compounder,221.0,223.1999969482422,219.1999969482422,220.60000610351562,206.88792419433594,1104963
2012-08-21,TITAN.NS,Titan Company,Growth / Compounder,220.0500030517578,223.60000610351562,218.75,223.3000030517578,209.42007446289062,1077479
2012-08-22,TITAN.NS,Titan Company,Growth / Compounder,222.9499969482422,225.5,221.5500030517578,223.25,209.37319946289062,925954
2012-08-23,TITAN.NS,Titan Company,Growth / Compounder,224.3000030517578,226.25,221.5,223.0,209.1387481689453,1077092
2012-08-24,TITAN.NS,Titan Company,Growth / Compounder,222.0,223.75,220.25,222.14999389648438,208.341552734375,698416
2012-08-27,TITAN.NS,Titan Company,Growth / Compounder,223.4499969482422,224.5500030517578,220.10000610351562,221.4499969482422,207.6851043701172,825468
2012-08-28,TITAN.NS,Titan Company,Growth / Compounder,221.0,222.14999389648438,215.75,221.3000030517578,207.54443359375,1732218
2012-08-29,TITAN.NS,Titan Company,Growth / Compounder,221.0,223.39999389648438,218.60000610351562,221.5500030517578,207.7788543701172,1020946
2012-08-30,TITAN.NS,Titan Company,Growth / Compounder,220.0,224.75,218.5,222.0500030517578,208.247802734375,2435670
2012-08-31,TITAN.NS,Titan Company,Growth / Compounder,222.6999969482422,224.4499969482422,219.3000030517578,220.35000610351562,206.65347290039062,788757
2012-09-03,TITAN.NS,Titan Company,Growth / Compounder,220.14999389648438,224.5,220.10000610351562,223.9499969482422,210.02969360351562,1140557
2012-09-04,TITAN.NS,Titan Company,Growth / Compounder,223.8000030517578,227.0,221.60000610351562,225.64999389648438,211.62400817871094,1323217
2012-09-05,TITAN.NS,Titan Company,Growth / Compounder,225.0,226.35000610351562,221.5500030517578,222.5,208.66983032226562,747216
2012-09-06,TITAN.NS,Titan Company,Growth / Compounder,222.0500030517578,223.0500030517578,219.5500030517578,220.1999969482422,206.51280212402344,545508
2012-09-07,TITAN.NS,Titan Company,Growth / Compounder,221.0,228.89999389648438,221.0,227.35000610351562,213.2183380126953,1606210
2012-09-10,TITAN.NS,Titan Company,Growth / Compounder,230.0,235.8000030517578,229.0,234.9499969482422,220.345947265625,2103030
2012-09-11,TITAN.NS,Titan Company,Growth / Compounder,235.0,237.75,233.25,237.3000030517578,222.5498809814453,1537135
2012-09-12,TITAN.NS,Titan Company,Growth / Compounder,237.0500030517578,239.89999389648438,237.0,238.1999969482422,223.39393615722656,1304050
2012-09-13,TITAN.NS,Titan Company,Growth / Compounder,239.0,240.6999969482422,236.25,239.1999969482422,224.331787109375,1219101
2012-09-14,TITAN.NS,Titan Company,Growth / Compounder,243.1999969482422,244.3000030517578,239.39999389648438,240.5500030517578,225.59788513183594,1149696
2012-09-17,TITAN.NS,Titan Company,Growth / Compounder,243.9499969482422,244.5,237.64999389648438,241.8000030517578,226.7701873779297,1523742
2012-09-18,TITAN.NS,Titan Company,Growth / Compounder,242.0,244.35000610351562,224.0,240.89999389648438,225.92611694335938,1067532
2012-09-20,TITAN.NS,Titan Company,Growth / Compounder,238.10000610351562,244.64999389648438,236.9499969482422,242.5,227.42666625976562,1860107
2012-09-21,TITAN.NS,Titan Company,Growth / Compounder,243.75,246.5,240.3000030517578,241.35000610351562,226.34812927246094,1687327
2012-09-24,TITAN.NS,Titan Company,Growth / Compounder,240.0,247.39999389648438,239.25,244.25,229.06790161132812,1815587
2012-09-25,TITAN.NS,Titan Company,Growth / Compounder,244.25,246.6999969482422,242.5,244.9499969482422,229.724365234375,1143896
2012-09-26,TITAN.NS,Titan Company,Growth / Compounder,244.0,248.4499969482422,242.64999389648438,245.14999389648438,229.9119110107422,752108
2012-09-27,TITAN.NS,Titan Company,Growth / Compounder,246.5,255.8000030517578,243.5,254.25,238.44630432128906,2438130
2012-09-28,TITAN.NS,Titan Company,Growth / Compounder,255.9499969482422,262.70001220703125,255.3000030517578,261.1499938964844,244.9174041748047,2200822
2012-10-01,TITAN.NS,Titan Company,Growth / Compounder,263.0,264.8999938964844,259.0,262.29998779296875,245.99591064453125,1735926
2012-10-03,TITAN.NS,Titan Company,Growth / Compounder,264.6000061035156,264.6000061035156,256.1000061035156,258.8500061035156,242.76036071777344,1758801
2012-10-04,TITAN.NS,Titan Company,Growth / Compounder,259.0,269.3500061035156,258.0,267.25,250.6382598876953,1668178
2012-10-05,TITAN.NS,Titan Company,Growth / Compounder,268.04998779296875,271.8999938964844,262.75,268.79998779296875,252.09193420410156,1815695
2012-10-08,TITAN.NS,Titan Company,Growth / Compounder,268.1000061035156,272.8999938964844,259.1000061035156,260.3500061035156,244.1671905517578,1697157
2012-10-09,TITAN.NS,Titan Company,Growth / Compounder,260.0,266.79998779296875,259.0,265.1499938964844,248.66879272460938,1095475
2012-10-10,TITAN.NS,Titan Company,Growth / Compounder,267.0,270.70001220703125,261.1499938964844,268.3999938964844,251.7167205810547,1087274
2012-10-11,TITAN.NS,Titan Company,Growth / Compounder,264.0,270.45001220703125,264.0,269.1000061035156,252.37330627441406,808242
2012-10-12,TITAN.NS,Titan Company,Growth / Compounder,268.0,277.8999938964844,268.0,274.29998779296875,257.2499694824219,1539438
2012-10-15,TITAN.NS,Titan Company,Growth / Compounder,276.0,277.04998779296875,268.95001220703125,270.6000061035156,253.7800750732422,1027804
2012-10-16,TITAN.NS,Titan Company,Growth / Compounder,271.5,275.29998779296875,269.6000061035156,272.70001220703125,255.74951171875,1302338
2012-10-17,TITAN.NS,Titan Company,Growth / Compounder,273.0,276.70001220703125,271.1000061035156,275.0,257.906494140625,1179690
2012-10-18,TITAN.NS,Titan Company,Growth / Compounder,275.0,280.3500061035156,272.70001220703125,278.04998779296875,260.7669372558594,1082562
2012-10-19,TITAN.NS,Titan Company,Growth / Compounder,279.0,282.5,277.20001220703125,278.79998779296875,261.4703063964844,1290736
2012-10-22,TITAN.NS,Titan Company,Growth / Compounder,279.0,280.1499938964844,276.0,278.45001220703125,261.14202880859375,479715
2012-10-23,TITAN.NS,Titan Company,Growth / Compounder,279.45001220703125,279.5,273.29998779296875,275.5,258.3754577636719,1014966
2012-10-25,TITAN.NS,Titan Company,Growth / Compounder,272.1000061035156,278.29998779296875,272.1000061035156,276.45001220703125,259.26641845703125,735286
2012-10-29,TITAN.NS,Titan Company,Growth / Compounder,264.0,269.5,259.79998779296875,266.8500061035156,250.2631072998047,749060
2012-10-30,TITAN.NS,Titan Company,Growth / Compounder,266.29998779296875,267.29998779296875,256.79998779296875,257.45001220703125,241.44741821289062,1803572
2012-10-31,TITAN.NS,Titan Company,Growth / Compounder,258.0,261.1499938964844,256.20001220703125,259.29998779296875,243.18240356445312,2059093
2012-11-01,TITAN.NS,Titan Company,Growth / Compounder,259.79998779296875,287.3500061035156,259.79998779296875,285.1499938964844,267.4256591796875,9312449
2012-11-02,TITAN.NS,Titan Company,Growth / Compounder,285.95001220703125,290.3999938964844,280.79998779296875,289.3500061035156,271.3645935058594,3618368
2012-11-05,TITAN.NS,Titan Company,Growth / Compounder,285.0,293.79998779296875,284.0,289.95001220703125,271.9272766113281,2565168
2012-11-06,TITAN.NS,Titan Company,Growth / Compounder,289.75,293.1499938964844,287.25,290.8999938964844,272.8181457519531,1305811
2012-11-07,TITAN.NS,Titan Company,Growth / Compounder,291.6499938964844,296.0,289.1499938964844,292.3500061035156,274.1780700683594,1445657
2012-11-08,TITAN.NS,Titan Company,Growth / Compounder,290.5,296.70001220703125,289.1000061035156,293.79998779296875,275.5379333496094,1269965
2012-11-09,TITAN.NS,Titan Company,Growth / Compounder,292.0,296.5,287.79998779296875,289.3999938964844,271.41143798828125,1157767
2012-11-12,TITAN.NS,Titan Company,Growth / Compounder,290.8999938964844,295.79998779296875,289.95001220703125,294.3999938964844,276.10064697265625,898860
2012-11-15,TITAN.NS,Titan Company,Growth / Compounder,290.75,301.54998779296875,288.29998779296875,299.5,280.8836364746094,2299103
2012-11-16,TITAN.NS,Titan Company,Growth / Compounder,299.0,301.5,293.75,295.5,277.1322937011719,1433790
2012-11-19,TITAN.NS,Titan Company,Growth / Compounder,294.5,297.20001220703125,288.3500061035156,289.79998779296875,271.7865905761719,1273190
2012-11-20,TITAN.NS,Titan Company,Growth / Compounder,291.0,292.8999938964844,285.25,290.0,271.9741516113281,968520
2012-11-21,TITAN.NS,Titan Company,Growth / Compounder,290.5,298.5,288.8999938964844,297.29998779296875,278.8204040527344,1421208
2012-11-22,TITAN.NS,Titan Company,Growth / Compounder,298.5,300.8999938964844,292.0,294.0,275.7255859375,1357997
2012-11-23,TITAN.NS,Titan Company,Growth / Compounder,294.0,299.0,293.8500061035156,296.29998779296875,277.8825988769531,689292
2012-11-26,TITAN.NS,Titan Company,Growth / Compounder,295.8500061035156,304.8999938964844,295.8500061035156,298.79998779296875,280.2271423339844,1612543
2012-11-27,TITAN.NS,Titan Company,Growth / Compounder,299.0,306.0,299.0,303.25,284.40057373046875,1384079
2012-11-29,TITAN.NS,Titan Company,Growth / Compounder,302.5,309.54998779296875,301.5,307.29998779296875,288.19879150390625,2048841
2012-11-30,TITAN.NS,Titan Company,Growth / Compounder,310.0,313.3500061035156,305.75,311.70001220703125,292.3253479003906,1622986
2012-12-03,TITAN.NS,Titan Company,Growth / Compounder,296.5,313.1499938964844,296.5,306.0,286.97955322265625,1115935
2012-12-04,TITAN.NS,Titan Company,Growth / Compounder,306.0,308.3999938964844,302.79998779296875,305.5,286.51068115234375,796657
2012-12-05,TITAN.NS,Titan Company,Growth / Compounder,305.5,308.5,303.3500061035156,305.79998779296875,286.7921142578125,606206
2012-12-06,TITAN.NS,Titan Company,Growth / Compounder,306.8999938964844,310.0,305.20001220703125,308.6499938964844,289.4648742675781,1218209
2012-12-07,TITAN.NS,Titan Company,Growth / Compounder,307.95001220703125,310.8999938964844,306.1000061035156,307.1499938964844,288.0581359863281,659828
2012-12-10,TITAN.NS,Titan Company,Growth / Compounder,308.0,310.0,294.70001220703125,296.29998779296875,277.8825988769531,1974791
2012-12-11,TITAN.NS,Titan Company,Growth / Compounder,297.0,301.29998779296875,291.0,295.8500061035156,277.4605712890625,1235137
2012-12-12,TITAN.NS,Titan Company,Growth / Compounder,296.0,304.3999938964844,295.25,303.3500061035156,284.4943542480469,1441479
2012-12-13,TITAN.NS,Titan Company,Growth / Compounder,304.0,304.6000061035156,293.0,294.25,275.9599609375,990277
2012-12-14,TITAN.NS,Titan Company,Growth / Compounder,294.8999938964844,294.95001220703125,286.75,288.70001220703125,270.7550354003906,1963329
2012-12-17,TITAN.NS,Titan Company,Growth / Compounder,288.0,288.79998779296875,281.6499938964844,283.45001220703125,265.8312683105469,2526956
2012-12-18,TITAN.NS,Titan Company,Growth / Compounder,282.95001220703125,288.95001220703125,282.95001220703125,287.3999938964844,269.5357360839844,1881852
2012-12-19,TITAN.NS,Titan Company,Growth / Compounder,288.0,294.3500061035156,288.0,290.0,271.9741516113281,1339342
2012-12-20,TITAN.NS,Titan Company,Growth / Compounder,288.0,289.20001220703125,284.0,285.8999938964844,268.1290283203125,1169688
2012-12-21,TITAN.NS,Titan Company,Growth / Compounder,280.6000061035156,284.3999938964844,278.29998779296875,280.0,262.5957336425781,2473869
2012-12-24,TITAN.NS,Titan Company,Growth / Compounder,281.0,283.70001220703125,279.45001220703125,281.0,263.5335998535156,1159498
2012-12-26,TITAN.NS,Titan Company,Growth / Compounder,281.0,284.8500061035156,281.0,281.79998779296875,264.2837829589844,803896
2012-12-27,TITAN.NS,Titan Company,Growth / Compounder,282.0,284.0,280.04998779296875,281.79998779296875,264.2837829589844,2192031
2012-12-28,TITAN.NS,Titan Company,Growth / Compounder,282.5,282.8999938964844,278.0,281.1499938964844,263.6741943359375,1008311
2012-12-31,TITAN.NS,Titan Company,Growth / Compounder,281.0,285.0,280.20001220703125,284.3500061035156,266.67535400390625,1308319
2013-01-01,TITAN.NS,Titan Company,Growth / Compounder,285.0,288.0,285.0,286.8999938964844,269.0668029785156,1161263
2013-01-02,TITAN.NS,Titan Company,Growth / Compounder,288.0,290.6499938964844,286.0,287.79998779296875,269.91082763671875,1252267
2013-01-03,TITAN.NS,Titan Company,Growth / Compounder,288.0,289.04998779296875,280.45001220703125,282.75,265.1748046875,1771023
2013-01-04,TITAN.NS,Titan Company,Growth / Compounder,283.0,287.70001220703125,280.0,285.45001220703125,267.7070617675781,1275766
2013-01-07,TITAN.NS,Titan Company,Growth / Compounder,286.0,288.1000061035156,280.0,281.6499938964844,264.1432189941406,1700272
2013-01-08,TITAN.NS,Titan Company,Growth / Compounder,282.0,282.0,271.25,272.1499938964844,255.23362731933594,3558603
2013-01-09,TITAN.NS,Titan Company,Growth / Compounder,272.54998779296875,274.79998779296875,267.0,268.0,251.3416290283203,2966687
2013-01-10,TITAN.NS,Titan Company,Growth / Compounder,269.0,271.1000061035156,265.54998779296875,266.95001220703125,250.35691833496094,2335535
2013-01-11,TITAN.NS,Titan Company,Growth / Compounder,267.04998779296875,273.6000061035156,267.04998779296875,269.8999938964844,253.12351989746094,2649331
2013-01-14,TITAN.NS,Titan Company,Growth / Compounder,270.0,275.95001220703125,270.0,274.54998779296875,257.4844665527344,1613107
2013-01-15,TITAN.NS,Titan Company,Growth / Compounder,275.70001220703125,277.5,273.29998779296875,276.29998779296875,259.12567138671875,1506904
2013-01-16,TITAN.NS,Titan Company,Growth / Compounder,276.29998779296875,279.8999938964844,273.3500061035156,276.54998779296875,259.3601379394531,1481166
2013-01-17,TITAN.NS,Titan Company,Growth / Compounder,276.6499938964844,278.8500061035156,274.0,276.70001220703125,259.5008544921875,1033780
2013-01-18,TITAN.NS,Titan Company,Growth / Compounder,278.0,278.0,272.1000061035156,274.25,257.2030944824219,946065
2013-01-21,TITAN.NS,Titan Company,Growth / Compounder,274.04998779296875,276.95001220703125,271.29998779296875,276.3500061035156,259.172607421875,1307695
2013-01-22,TITAN.NS,Titan Company,Growth / Compounder,274.8999938964844,275.8999938964844,267.25,269.1499938964844,252.420166015625,1552415
2013-01-23,TITAN.NS,Titan Company,Growth / Compounder,269.5,270.95001220703125,262.5,266.0,249.46591186523438,1115399
2013-01-24,TITAN.NS,Titan Company,Growth / Compounder,267.0,270.79998779296875,265.04998779296875,267.6000061035156,250.9664764404297,1826007
2013-01-25,TITAN.NS,Titan Company,Growth / Compounder,267.75,275.0,265.75,274.45001220703125,257.3907470703125,1240471
2013-01-28,TITAN.NS,Titan Company,Growth / Compounder,275.0,277.3500061035156,268.5,270.5,253.6862335205078,938601
2013-01-29,TITAN.NS,Titan Company,Growth / Compounder,270.29998779296875,273.5,265.29998779296875,269.70001220703125,252.9359893798828,1047787
2013-01-30,TITAN.NS,Titan Company,Growth / Compounder,271.8999938964844,277.70001220703125,266.8999938964844,275.6000061035156,258.4692077636719,3494736
2013-01-31,TITAN.NS,Titan Company,Growth / Compounder,277.0,283.3999938964844,273.3999938964844,279.3500061035156,261.9861145019531,3139734
2013-02-01,TITAN.NS,Titan Company,Growth / Compounder,281.0,287.8999938964844,279.75,286.54998779296875,268.7386169433594,1947109
2013-02-04,TITAN.NS,Titan Company,Growth / Compounder,286.5,290.0,282.8500061035156,285.3999938964844,267.6600646972656,1617439
2013-02-05,TITAN.NS,Titan Company,Growth / Compounder,285.0,285.54998779296875,275.54998779296875,277.3500061035156,260.1104736328125,1566450
2013-02-06,TITAN.NS,Titan Company,Growth / Compounder,282.0,282.54998779296875,276.3500061035156,277.25,260.0166320800781,1186992
2013-02-07,TITAN.NS,Titan Company,Growth / Compounder,277.0,278.6000061035156,260.6000061035156,263.0,246.65245056152344,3994552
2013-02-08,TITAN.NS,Titan Company,Growth / Compounder,263.5,268.70001220703125,260.5,264.54998779296875,248.10609436035156,3954608
2013-02-11,TITAN.NS,Titan Company,Growth / Compounder,265.0,269.79998779296875,265.0,267.79998779296875,251.15408325195312,753486
2013-02-12,TITAN.NS,Titan Company,Growth / Compounder,267.79998779296875,271.79998779296875,267.0,271.1000061035156,254.2489471435547,1439194
2013-02-13,TITAN.NS,Titan Company,Growth / Compounder,272.0,275.0,269.5,270.54998779296875,253.73313903808594,1462167
2013-02-14,TITAN.NS,Titan Company,Growth / Compounder,270.75,271.1000061035156,264.3999938964844,268.75,252.04501342773438,1217612
2013-02-15,TITAN.NS,Titan Company,Growth / Compounder,271.8500061035156,271.8500061035156,264.75,267.79998779296875,251.15408325195312,791962
2013-02-18,TITAN.NS,Titan Company,Growth / Compounder,265.0,269.1499938964844,260.6000061035156,263.8500061035156,247.44960021972656,1259497
2013-02-19,TITAN.NS,Titan Company,Growth / Compounder,265.25,266.3999938964844,262.1499938964844,263.8500061035156,247.44960021972656,788247
2013-02-20,TITAN.NS,Titan Company,Growth / Compounder,264.0,265.0,258.1000061035156,259.1499938964844,243.0417022705078,2485347
2013-02-21,TITAN.NS,Titan Company,Growth / Compounder,259.0,259.29998779296875,253.89999389648438,257.70001220703125,241.68190002441406,2860464
2013-02-22,TITAN.NS,Titan Company,Growth / Compounder,258.0,259.1000061035156,249.6999969482422,256.3999938964844,240.46267700195312,2787859
2013-02-25,TITAN.NS,Titan Company,Growth / Compounder,252.10000610351562,259.95001220703125,250.0,252.75,237.03953552246094,2866727
2013-02-26,TITAN.NS,Titan Company,Growth / Compounder,253.75,255.6999969482422,248.35000610351562,250.0500030517578,234.50735473632812,1190290
2013-02-27,TITAN.NS,Titan Company,Growth / Compounder,250.5,258.79998779296875,250.4499969482422,255.10000610351562,239.24346923828125,1697059
2013-02-28,TITAN.NS,Titan Company,Growth / Compounder,255.0,274.0,251.0500030517578,260.8999938964844,244.68295288085938,5531733
2013-03-01,TITAN.NS,Titan Company,Growth / Compounder,264.8500061035156,277.0,262.04998779296875,274.29998779296875,257.2499694824219,2496026
2013-03-04,TITAN.NS,Titan Company,Growth / Compounder,271.1499938964844,276.5,263.79998779296875,265.25,248.76255798339844,2138080
2013-03-05,TITAN.NS,Titan Company,Growth / Compounder,266.0,266.5,257.25,260.1499938964844,243.97955322265625,2996297
2013-03-06,TITAN.NS,Titan Company,Growth / Compounder,261.0,263.0,256.1000061035156,257.1000061035156,241.11915588378906,2554592
2013-03-07,TITAN.NS,Titan Company,Growth / Compounder,259.6499938964844,259.6499938964844,251.25,253.9499969482422,238.1649627685547,2022967
2013-03-08,TITAN.NS,Titan Company,Growth / Compounder,254.0,259.8500061035156,253.8000030517578,258.04998779296875,242.0100860595703,1836391
2013-03-11,TITAN.NS,Titan Company,Growth / Compounder,258.5,259.0,250.35000610351562,250.89999389648438,235.30453491210938,1551541
2013-03-12,TITAN.NS,Titan Company,Growth / Compounder,250.89999389648438,252.89999389648438,241.1999969482422,242.1999969482422,227.14529418945312,3346805
2013-03-13,TITAN.NS,Titan Company,Growth / Compounder,241.75,242.0,235.10000610351562,236.1999969482422,221.5182647705078,3785852
2013-03-14,TITAN.NS,Titan Company,Growth / Compounder,235.4499969482422,235.4499969482422,225.0,229.14999389648438,214.90646362304688,7270892
2013-03-15,TITAN.NS,Titan Company,Growth / Compounder,229.5,245.10000610351562,229.14999389648438,242.14999389648438,227.0984344482422,9743964
2013-03-18,TITAN.NS,Titan Company,Growth / Compounder,240.89999389648438,246.39999389648438,239.25,244.75,229.5367889404297,3181009
2013-03-19,TITAN.NS,Titan Company,Growth / Compounder,247.5,247.5,239.39999389648438,242.60000610351562,227.5204620361328,2116466
2013-03-20,TITAN.NS,Titan Company,Growth / Compounder,242.3000030517578,246.39999389648438,236.25,243.75,228.5989532470703,2253116
2013-03-21,TITAN.NS,Titan Company,Growth / Compounder,244.0,257.75,240.5500030517578,249.0,233.52267456054688,4764707
2013-03-22,TITAN.NS,Titan Company,Growth / Compounder,249.64999389648438,251.39999389648438,240.5,243.0,227.8955535888672,2171410
2013-03-25,TITAN.NS,Titan Company,Growth / Compounder,247.89999389648438,251.39999389648438,243.25,245.85000610351562,230.5684356689453,1944657
2013-03-26,TITAN.NS,Titan Company,Growth / Compounder,245.85000610351562,253.5,241.5500030517578,252.0500030517578,236.38304138183594,2365602
2013-03-28,TITAN.NS,Titan Company,Growth / Compounder,251.0,260.5,242.0,256.3999938964844,240.46267700195312,5979551
2013-04-01,TITAN.NS,Titan Company,Growth / Compounder,252.5,261.20001220703125,252.0,254.75,238.9152069091797,2821772
2013-04-02,TITAN.NS,Titan Company,Growth / Compounder,254.0,261.45001220703125,253.4499969482422,260.29998779296875,244.12022399902344,1703700
2013-04-03,TITAN.NS,Titan Company,Growth / Compounder,256.0,263.0,251.5500030517578,253.5,237.74293518066406,1639283
2013-04-04,TITAN.NS,Titan Company,Growth / Compounder,253.5,253.5,246.64999389648438,249.1999969482422,233.710205078125,1842434
2013-04-05,TITAN.NS,Titan Company,Growth / Compounder,247.25,252.75,242.5500030517578,245.10000610351562,229.8650665283203,1917174
2013-04-08,TITAN.NS,Titan Company,Growth / Compounder,245.4499969482422,253.4499969482422,240.9499969482422,252.5,236.80508422851562,2437053
2013-04-09,TITAN.NS,Titan Company,Growth / Compounder,254.0,255.60000610351562,248.0500030517578,249.6999969482422,234.17910766601562,1324450
2013-04-10,TITAN.NS,Titan Company,Growth / Compounder,250.0,254.0,246.4499969482422,252.75,237.03953552246094,1204332
2013-04-11,TITAN.NS,Titan Company,Growth / Compounder,255.25,255.4499969482422,250.1999969482422,254.25,238.44630432128906,1137697
2013-04-12,TITAN.NS,Titan Company,Growth / Compounder,252.0,253.0,247.0,249.60000610351562,234.08535766601562,1335649
2013-04-15,TITAN.NS,Titan Company,Growth / Compounder,245.8000030517578,245.8000030517578,236.39999389648438,239.35000610351562,224.4724884033203,4050626
2013-04-16,TITAN.NS,Titan Company,Growth / Compounder,236.0,247.0,232.8000030517578,244.39999389648438,229.20855712890625,6250477
2013-04-17,TITAN.NS,Titan Company,Growth / Compounder,244.10000610351562,249.60000610351562,242.39999389648438,246.75,231.41249084472656,3371434
2013-04-18,TITAN.NS,Titan Company,Growth / Compounder,244.0,264.79998779296875,240.75,259.25,243.13551330566406,4481404
2013-04-22,TITAN.NS,Titan Company,Growth / Compounder,258.04998779296875,279.79998779296875,258.04998779296875,273.6000061035156,256.593505859375,5693986
2013-04-23,TITAN.NS,Titan Company,Growth / Compounder,273.0,274.6000061035156,264.6000061035156,267.3500061035156,250.73199462890625,1972713
2013-04-25,TITAN.NS,Titan Company,Growth / Compounder,269.45001220703125,270.8500061035156,259.45001220703125,264.6499938964844,248.19985961914062,3078084
2013-04-26,TITAN.NS,Titan Company,Growth / Compounder,266.3999938964844,269.1499938964844,260.0,264.0,247.59027099609375,1261166
2013-04-29,TITAN.NS,Titan Company,Growth / Compounder,264.0,276.0,261.45001220703125,273.1499938964844,256.17156982421875,2055992
2013-04-30,TITAN.NS,Titan Company,Growth / Compounder,274.70001220703125,276.1000061035156,266.1000061035156,270.70001220703125,253.8738250732422,1850978
2013-05-02,TITAN.NS,Titan Company,Growth / Compounder,268.0,275.0,267.04998779296875,274.1499938964844,257.1094055175781,1311270
2013-05-03,TITAN.NS,Titan Company,Growth / Compounder,275.0,278.70001220703125,268.29998779296875,270.5,253.6862335205078,2424516
2013-05-06,TITAN.NS,Titan Company,Growth / Compounder,272.0,276.79998779296875,269.95001220703125,274.54998779296875,257.4844665527344,1718680
2013-05-07,TITAN.NS,Titan Company,Growth / Compounder,273.1000061035156,281.1000061035156,272.20001220703125,278.3500061035156,261.0483703613281,1523000
2013-05-08,TITAN.NS,Titan Company,Growth / Compounder,278.0,279.0,275.0,276.29998779296875,259.12567138671875,1049742
2013-05-09,TITAN.NS,Titan Company,Growth / Compounder,277.70001220703125,279.79998779296875,275.25,276.25,259.078857421875,849268
2013-05-10,TITAN.NS,Titan Company,Growth / Compounder,277.0,289.0,276.25,287.3999938964844,269.5357360839844,2846321
2013-05-13,TITAN.NS,Titan Company,Growth / Compounder,289.75,291.8999938964844,282.8999938964844,285.3999938964844,267.6600646972656,2304011
2013-05-14,TITAN.NS,Titan Company,Growth / Compounder,283.0,284.95001220703125,279.54998779296875,282.29998779296875,264.7528076171875,1282073
2013-05-15,TITAN.NS,Titan Company,Growth / Compounder,283.75,287.95001220703125,282.70001220703125,284.79998779296875,267.09735107421875,959084
2013-05-16,TITAN.NS,Titan Company,Growth / Compounder,284.0,286.29998779296875,276.1000061035156,280.6499938964844,263.2053527832031,1255654
2013-05-17,TITAN.NS,Titan Company,Growth / Compounder,278.70001220703125,280.0,273.04998779296875,275.29998779296875,258.18780517578125,1571142
2013-05-20,TITAN.NS,Titan Company,Growth / Compounder,272.54998779296875,277.3500061035156,269.70001220703125,271.25,254.38961791992188,1437646
2013-05-21,TITAN.NS,Titan Company,Growth / Compounder,270.0,276.8999938964844,270.0,275.5,258.3754577636719,1566972
2013-05-22,TITAN.NS,Titan Company,Growth / Compounder,276.1000061035156,279.0,272.25,275.25,258.1409606933594,831266
2013-05-23,TITAN.NS,Titan Company,Growth / Compounder,274.0,274.0,264.20001220703125,269.5,252.74838256835938,762566
2013-05-24,TITAN.NS,Titan Company,Growth / Compounder,269.25,279.6499938964844,265.6000061035156,276.5,259.31329345703125,1057377
2013-05-27,TITAN.NS,Titan Company,Growth / Compounder,277.8999938964844,290.79998779296875,277.0,289.0,271.03631591796875,2163083
2013-05-28,TITAN.NS,Titan Company,Growth / Compounder,288.0,297.70001220703125,286.3999938964844,296.70001220703125,278.2576904296875,1844190
2013-05-29,TITAN.NS,Titan Company,Growth / Compounder,296.70001220703125,301.70001220703125,294.0,299.3999938964844,280.7898864746094,1762975
2013-05-30,TITAN.NS,Titan Company,Growth / Compounder,299.75,302.0,292.1499938964844,301.0,282.2904052734375,1729005
2013-05-31,TITAN.NS,Titan Company,Growth / Compounder,298.54998779296875,301.8999938964844,292.1000061035156,293.54998779296875,275.303466796875,1240732
2013-06-03,TITAN.NS,Titan Company,Growth / Compounder,293.0,295.70001220703125,285.0,289.79998779296875,271.7865905761719,1173694
2013-06-04,TITAN.NS,Titan Company,Growth / Compounder,288.5,292.0,278.5,281.54998779296875,264.04937744140625,2085444
2013-06-05,TITAN.NS,Titan Company,Growth / Compounder,280.0,283.25,275.20001220703125,279.1000061035156,261.75164794921875,2348999
2013-06-06,TITAN.NS,Titan Company,Growth / Compounder,275.0,280.75,273.0,277.20001220703125,259.9697570800781,2438952
2013-06-07,TITAN.NS,Titan Company,Growth / Compounder,276.5,280.54998779296875,271.0,272.5,255.5619659423828,1890140
2013-06-10,TITAN.NS,Titan Company,Growth / Compounder,273.54998779296875,274.79998779296875,262.75,264.70001220703125,248.2467803955078,1849186
2013-06-11,TITAN.NS,Titan Company,Growth / Compounder,262.75,263.1000061035156,227.6999969482422,237.1999969482422,222.45608520507812,6726646
2013-06-12,TITAN.NS,Titan Company,Growth / Compounder,223.89999389648438,223.89999389648438,201.0,204.5500030517578,191.8355712890625,33276611
2013-06-13,TITAN.NS,Titan Company,Growth / Compounder,201.0,218.5,201.0,213.75,200.46368408203125,12014762
2013-06-14,TITAN.NS,Titan Company,Growth / Compounder,218.3000030517578,228.3000030517578,217.85000610351562,225.1999969482422,211.20201110839844,7981556
2013-06-17,TITAN.NS,Titan Company,Growth / Compounder,225.89999389648438,232.4499969482422,220.0500030517578,229.75,215.46917724609375,5687245
2013-06-18,TITAN.NS,Titan Company,Growth / Compounder,230.4499969482422,231.8000030517578,222.5,224.25,210.31101989746094,6227806
2013-06-19,TITAN.NS,Titan Company,Growth / Compounder,221.64999389648438,233.5500030517578,220.64999389648438,231.64999389648438,217.25106811523438,5311232
2013-06-20,TITAN.NS,Titan Company,Growth / Compounder,228.0,228.5,223.39999389648438,225.0500030517578,211.0613555908203,2656131
2013-06-21,TITAN.NS,Titan Company,Growth / Compounder,224.9499969482422,228.85000610351562,218.60000610351562,223.0500030517578,209.1856231689453,2589148
2013-06-24,TITAN.NS,Titan Company,Growth / Compounder,223.25,228.6999969482422,213.39999389648438,222.5,208.66983032226562,4896292
2013-06-25,TITAN.NS,Titan Company,Growth / Compounder,225.0,231.85000610351562,219.25,228.64999389648438,214.43753051757812,3322441
2013-06-26,TITAN.NS,Titan Company,Growth / Compounder,230.0500030517578,231.1999969482422,223.0,225.60000610351562,211.57713317871094,3094128
2013-06-27,TITAN.NS,Titan Company,Growth / Compounder,225.3000030517578,230.0,216.75,222.8000030517578,208.951171875,5701743
2013-06-28,TITAN.NS,Titan Company,Growth / Compounder,229.39999389648438,229.39999389648438,218.1999969482422,223.5,209.60768127441406,6211503
2013-07-01,TITAN.NS,Titan Company,Growth / Compounder,225.0,229.5,218.60000610351562,226.9499969482422,212.84323120117188,3319630
2013-07-02,TITAN.NS,Titan Company,Growth / Compounder,228.10000610351562,238.85000610351562,226.75,232.0500030517578,217.62625122070312,6587501
2013-07-03,TITAN.NS,Titan Company,Growth / Compounder,231.9499969482422,236.4499969482422,221.60000610351562,225.60000610351562,211.57713317871094,4495489
2013-07-04,TITAN.NS,Titan Company,Growth / Compounder,228.0,232.5,226.60000610351562,229.9499969482422,215.65672302246094,2435692
2013-07-05,TITAN.NS,Titan Company,Growth / Compounder,231.0,233.8000030517578,227.3000030517578,232.0500030517578,217.62625122070312,2310155
2013-07-08,TITAN.NS,Titan Company,Growth / Compounder,230.8000030517578,234.9499969482422,225.89999389648438,233.35000610351562,218.8454132080078,1298841
2013-07-09,TITAN.NS,Titan Company,Growth / Compounder,235.0,241.6999969482422,234.35000610351562,239.14999389648438,224.284912109375,3119633
2013-07-10,TITAN.NS,Titan Company,Growth / Compounder,241.0,252.0500030517578,240.25,250.14999389648438,234.6011199951172,4408331
2013-07-11,TITAN.NS,Titan Company,Growth / Compounder,252.1999969482422,254.9499969482422,245.39999389648438,250.0500030517578,234.50735473632812,2472101
2013-07-12,TITAN.NS,Titan Company,Growth / Compounder,251.5,251.5,245.25,249.5,233.99156188964844,1987701
2013-07-15,TITAN.NS,Titan Company,Growth / Compounder,246.64999389648438,254.5,246.39999389648438,252.5,236.80508422851562,1517599
2013-07-16,TITAN.NS,Titan Company,Growth / Compounder,247.5,252.0,246.14999389648438,250.14999389648438,236.56863403320312,2421264
2013-07-17,TITAN.NS,Titan Company,Growth / Compounder,250.14999389648438,259.8500061035156,250.10000610351562,258.8500061035156,244.7963104248047,3397005
2013-07-18,TITAN.NS,Titan Company,Growth / Compounder,260.0,266.0,259.20001220703125,264.3999938964844,250.0449981689453,1616250
2013-07-19,TITAN.NS,Titan Company,Growth / Compounder,264.3999938964844,264.3999938964844,258.6499938964844,261.45001220703125,247.2551727294922,1337658
2013-07-22,TITAN.NS,Titan Company,Growth / Compounder,260.79998779296875,263.1000061035156,256.1499938964844,259.79998779296875,245.69473266601562,1907826
2013-07-23,TITAN.NS,Titan Company,Growth / Compounder,244.89999389648438,276.6499938964844,242.64999389648438,275.0,260.0694580078125,8761771
2013-07-24,TITAN.NS,Titan Company,Growth / Compounder,274.79998779296875,276.3999938964844,258.54998779296875,261.3999938964844,247.2078857421875,6119862
2013-07-25,TITAN.NS,Titan Company,Growth / Compounder,258.79998779296875,264.75,255.8000030517578,260.20001220703125,246.0730438232422,2421560
2013-07-26,TITAN.NS,Titan Company,Growth / Compounder,260.70001220703125,265.3999938964844,257.3999938964844,261.25,247.06597900390625,1744776
2013-07-29,TITAN.NS,Titan Company,Growth / Compounder,260.0,266.0,257.54998779296875,260.04998779296875,245.93116760253906,1798671
2013-07-30,TITAN.NS,Titan Company,Growth / Compounder,260.20001220703125,263.0,254.5,259.04998779296875,244.98544311523438,1566563
2013-07-31,TITAN.NS,Titan Company,Growth / Compounder,259.0,265.0,255.0,263.3999938964844,249.09927368164062,2105464
2013-08-01,TITAN.NS,Titan Company,Growth / Compounder,266.0,267.5,255.35000610351562,259.3999938964844,245.3164520263672,5597586
2013-08-02,TITAN.NS,Titan Company,Growth / Compounder,263.70001220703125,284.3999938964844,263.3999938964844,282.5,267.1622619628906,5689114
2013-08-05,TITAN.NS,Titan Company,Growth / Compounder,284.0,288.8999938964844,276.54998779296875,280.3500061035156,265.1290283203125,1847920
2013-08-06,TITAN.NS,Titan Company,Growth / Compounder,277.1499938964844,278.0,257.5,259.75,245.64743041992188,3459362
2013-08-07,TITAN.NS,Titan Company,Growth / Compounder,261.0,267.0,255.39999389648438,262.75,248.48455810546875,2233107
2013-08-08,TITAN.NS,Titan Company,Growth / Compounder,264.20001220703125,269.8999938964844,261.1000061035156,264.1499938964844,249.8085479736328,1142928
2013-08-12,TITAN.NS,Titan Company,Growth / Compounder,265.1000061035156,269.95001220703125,263.1499938964844,265.75,251.3216552734375,1238291
2013-08-13,TITAN.NS,Titan Company,Growth / Compounder,264.1000061035156,269.79998779296875,258.1000061035156,262.79998779296875,248.53187561035156,2751982
2013-08-14,TITAN.NS,Titan Company,Growth / Compounder,260.0,277.25,260.0,273.3500061035156,258.509033203125,2936656
2013-08-16,TITAN.NS,Titan Company,Growth / Compounder,250.0,250.0,235.3000030517578,240.25,227.20616149902344,9284021
2013-08-19,TITAN.NS,Titan Company,Growth / Compounder,236.5,247.0,230.39999389648438,234.5,221.76834106445312,4081188
2013-08-20,TITAN.NS,Titan Company,Growth / Compounder,230.9499969482422,230.9499969482422,217.10000610351562,220.3000030517578,208.33929443359375,3755960
2013-08-21,TITAN.NS,Titan Company,Growth / Compounder,225.0,228.5,218.85000610351562,223.14999389648438,211.03456115722656,3041447
2013-08-22,TITAN.NS,Titan Company,Growth / Compounder,222.0,228.6999969482422,218.5500030517578,225.75,213.493408203125,1757405
2013-08-23,TITAN.NS,Titan Company,Growth / Compounder,226.0,237.0,226.0,228.39999389648438,215.99949645996094,2064686
2013-08-26,TITAN.NS,Titan Company,Growth / Compounder,229.10000610351562,232.6999969482422,223.9499969482422,228.0,215.62124633789062,1114779
2013-08-27,TITAN.NS,Titan Company,Growth / Compounder,228.0,231.85000610351562,215.1999969482422,221.6999969482422,209.6632537841797,3482384
2013-08-28,TITAN.NS,Titan Company,Growth / Compounder,219.0,224.6999969482422,205.39999389648438,212.35000610351562,200.8209228515625,4814864
2013-08-29,TITAN.NS,Titan Company,Growth / Compounder,217.0500030517578,220.9499969482422,210.0,216.89999389648438,205.12388610839844,2763115
2013-08-30,TITAN.NS,Titan Company,Growth / Compounder,219.0,227.25,215.10000610351562,224.64999389648438,212.45310974121094,2080317
2013-09-02,TITAN.NS,Titan Company,Growth / Compounder,228.14999389648438,232.0,226.0,230.60000610351562,218.08010864257812,1280895
2013-09-03,TITAN.NS,Titan Company,Growth / Compounder,232.0500030517578,233.89999389648438,212.1999969482422,213.75,202.1448974609375,1698291
2013-09-04,TITAN.NS,Titan Company,Growth / Compounder,213.8000030517578,221.60000610351562,211.0,215.89999389648438,204.1781768798828,2048651
2013-09-05,TITAN.NS,Titan Company,Growth / Compounder,218.1999969482422,233.85000610351562,218.1999969482422,231.9499969482422,219.35678100585938,2535345
2013-09-06,TITAN.NS,Titan Company,Growth / Compounder,234.75,235.0,226.3000030517578,227.64999389648438,215.29025268554688,2067197
2013-09-10,TITAN.NS,Titan Company,Growth / Compounder,233.0,244.8000030517578,228.60000610351562,242.4499969482422,229.28668212890625,2645361
2013-09-11,TITAN.NS,Titan Company,Growth / Compounder,244.89999389648438,247.39999389648438,234.0,237.9499969482422,225.03102111816406,2090196
2013-09-12,TITAN.NS,Titan Company,Growth / Compounder,237.9499969482422,242.0,229.0,231.5,218.93121337890625,1454897
2013-09-13,TITAN.NS,Titan Company,Growth / Compounder,231.5,234.6999969482422,224.8000030517578,226.10000610351562,213.8244171142578,1690271
2013-09-16,TITAN.NS,Titan Company,Growth / Compounder,231.5,231.8000030517578,219.10000610351562,223.9499969482422,211.79112243652344,2026618
2013-09-17,TITAN.NS,Titan Company,Growth / Compounder,224.5,227.0,219.10000610351562,221.8000030517578,209.75784301757812,1921902
2013-09-18,TITAN.NS,Titan Company,Growth / Compounder,227.0,227.0,220.1999969482422,222.75,210.65626525878906,1787711
2013-09-19,TITAN.NS,Titan Company,Growth / Compounder,227.0,233.4499969482422,224.1999969482422,228.6999969482422,216.28323364257812,3448687
2013-09-20,TITAN.NS,Titan Company,Growth / Compounder,227.0,235.3000030517578,223.0,232.6999969482422,220.06605529785156,2489867
2013-09-23,TITAN.NS,Titan Company,Growth / Compounder,229.8000030517578,246.25,229.0500030517578,241.85000610351562,228.71929931640625,3876284
2013-09-24,TITAN.NS,Titan Company,Growth / Compounder,243.0,249.0,242.0,244.35000610351562,231.08355712890625,4774809
2013-09-25,TITAN.NS,Titan Company,Growth / Compounder,241.9499969482422,246.89999389648438,239.60000610351562,244.39999389648438,231.13082885742188,2575959
2013-09-26,TITAN.NS,Titan Company,Growth / Compounder,242.10000610351562,245.10000610351562,239.39999389648438,241.25,228.15184020996094,1139947
2013-09-27,TITAN.NS,Titan Company,Growth / Compounder,243.3000030517578,244.14999389648438,234.39999389648438,235.0,222.24118041992188,944757
2013-09-30,TITAN.NS,Titan Company,Growth / Compounder,233.5500030517578,237.25,231.0,232.10000610351562,219.49862670898438,1087077
2013-10-01,TITAN.NS,Titan Company,Growth / Compounder,235.0,236.60000610351562,230.14999389648438,234.9499969482422,222.1938934326172,889328
2013-10-03,TITAN.NS,Titan Company,Growth / Compounder,235.0,241.0,235.0,239.5,226.49684143066406,2632971
2013-10-04,TITAN.NS,Titan Company,Growth / Compounder,237.0,245.0,237.0,240.5,227.44259643554688,1796057
2013-10-07,TITAN.NS,Titan Company,Growth / Compounder,239.0,242.0,235.60000610351562,239.0,226.0240020751953,779213
2013-10-08,TITAN.NS,Titan Company,Growth / Compounder,241.0,243.6999969482422,239.75,241.0,227.91539001464844,1336698
2013-10-09,TITAN.NS,Titan Company,Growth / Compounder,238.0,241.60000610351562,235.60000610351562,239.9499969482422,226.9224395751953,1586575
2013-10-10,TITAN.NS,Titan Company,Growth / Compounder,238.0,242.0,238.0,238.89999389648438,225.929443359375,1232047
2013-10-11,TITAN.NS,Titan Company,Growth / Compounder,240.0,241.25,235.0,237.8000030517578,224.88916015625,1365826
2013-10-14,TITAN.NS,Titan Company,Growth / Compounder,238.64999389648438,241.5500030517578,234.39999389648438,237.0,224.1326141357422,736661
2013-10-15,TITAN.NS,Titan Company,Growth / Compounder,237.0,239.14999389648438,232.0,234.0500030517578,221.34275817871094,938053
2013-10-17,TITAN.NS,Titan Company,Growth / Compounder,232.0500030517578,243.8000030517578,232.0500030517578,241.5,228.3882598876953,1344204
2013-10-18,TITAN.NS,Titan Company,Growth / Compounder,244.60000610351562,245.75,240.5500030517578,242.39999389648438,229.2394256591797,1498692
2013-10-21,TITAN.NS,Titan Company,Growth / Compounder,242.39999389648438,243.75,235.6999969482422,241.0500030517578,227.96273803710938,3129351
2013-10-22,TITAN.NS,Titan Company,Growth / Compounder,241.0,244.3000030517578,237.5500030517578,238.8000030517578,225.8348846435547,1441418
2013-10-23,TITAN.NS,Titan Company,Growth / Compounder,239.0,242.5500030517578,237.0500030517578,239.8000030517578,226.7805633544922,1355688
2013-10-24,TITAN.NS,Titan Company,Growth / Compounder,240.0,247.5,240.0,241.85000610351562,228.71929931640625,2466130
2013-10-25,TITAN.NS,Titan Company,Growth / Compounder,241.0,245.39999389648438,238.6999969482422,244.14999389648438,230.89437866210938,2163383
2013-10-28,TITAN.NS,Titan Company,Growth / Compounder,245.0,253.60000610351562,244.8000030517578,250.8000030517578,237.18336486816406,2748272
2013-10-29,TITAN.NS,Titan Company,Growth / Compounder,251.5500030517578,257.3500061035156,251.10000610351562,255.14999389648438,241.2971649169922,2516997
2013-10-30,TITAN.NS,Titan Company,Growth / Compounder,256.0,257.3999938964844,253.0,256.20001220703125,242.2902069091797,978936
2013-10-31,TITAN.NS,Titan Company,Growth / Compounder,256.0,272.0,251.3000030517578,267.20001220703125,252.6929931640625,4134730
2013-11-01,TITAN.NS,Titan Company,Growth / Compounder,258.5,265.0,254.25,261.6499938964844,247.44427490234375,4424540
2013-11-05,TITAN.NS,Titan Company,Growth / Compounder,257.54998779296875,261.04998779296875,254.60000610351562,258.6499938964844,244.60714721679688,1232084
2013-11-06,TITAN.NS,Titan Company,Growth / Compounder,257.1000061035156,262.8999938964844,248.0,248.64999389648438,235.15008544921875,2276932
2013-11-07,TITAN.NS,Titan Company,Growth / Compounder,246.4499969482422,248.0,240.0500030517578,242.0500030517578,228.90843200683594,1387970
2013-11-08,TITAN.NS,Titan Company,Growth / Compounder,240.0,240.0,232.8000030517578,234.39999389648438,221.6737518310547,1347453
2013-11-11,TITAN.NS,Titan Company,Growth / Compounder,234.5,236.85000610351562,230.3000030517578,231.8000030517578,219.2149658203125,1124814
2013-11-12,TITAN.NS,Titan Company,Growth / Compounder,230.0,234.6999969482422,230.0,231.8000030517578,219.2149658203125,815462
2013-11-13,TITAN.NS,Titan Company,Growth / Compounder,230.0,237.35000610351562,230.0,232.85000610351562,220.2079315185547,792038
2013-11-14,TITAN.NS,Titan Company,Growth / Compounder,234.10000610351562,238.89999389648438,233.0,233.64999389648438,220.96449279785156,755388
2013-11-18,TITAN.NS,Titan Company,Growth / Compounder,236.10000610351562,238.35000610351562,234.1999969482422,236.25,223.42332458496094,622302
2013-11-19,TITAN.NS,Titan Company,Growth / Compounder,235.1999969482422,237.85000610351562,232.25,234.10000610351562,221.39002990722656,829913
2013-11-20,TITAN.NS,Titan Company,Growth / Compounder,233.0,234.5,227.0,227.8000030517578,215.43209838867188,1325471
2013-11-21,TITAN.NS,Titan Company,Growth / Compounder,227.0,227.5,221.3000030517578,223.8000030517578,211.6492462158203,1872443
2013-11-22,TITAN.NS,Titan Company,Growth / Compounder,224.9499969482422,230.85000610351562,224.89999389648438,227.5500030517578,215.1956787109375,1863241
2013-11-25,TITAN.NS,Titan Company,Growth / Compounder,228.1999969482422,232.0,225.75,228.3000030517578,215.90493774414062,1293958
2013-11-26,TITAN.NS,Titan Company,Growth / Compounder,228.0,232.5500030517578,221.39999389648438,224.5,212.3112335205078,9704702
2013-11-27,TITAN.NS,Titan Company,Growth / Compounder,228.0500030517578,229.60000610351562,223.75,227.8000030517578,215.43209838867188,1384129
2013-11-28,TITAN.NS,Titan Company,Growth / Compounder,227.25,230.5500030517578,225.3000030517578,227.25,214.9119415283203,2026047
2013-11-29,TITAN.NS,Titan Company,Growth / Compounder,227.39999389648438,231.0,227.35000610351562,229.0500030517578,216.6142578125,708693
2013-12-02,TITAN.NS,Titan Company,Growth / Compounder,229.39999389648438,231.35000610351562,226.4499969482422,228.4499969482422,216.0467987060547,819519
2013-12-03,TITAN.NS,Titan Company,Growth / Compounder,227.89999389648438,229.0,225.0,225.39999389648438,213.16238403320312,836450
2013-12-04,TITAN.NS,Titan Company,Growth / Compounder,224.0500030517578,226.9499969482422,223.75,225.0500030517578,212.83140563964844,892761
2013-12-05,TITAN.NS,Titan Company,Growth / Compounder,228.39999389648438,228.39999389648438,225.1999969482422,226.6999969482422,214.39181518554688,1169289
2013-12-06,TITAN.NS,Titan Company,Growth / Compounder,227.0,234.14999389648438,225.9499969482422,231.0500030517578,218.50563049316406,1958279
2013-12-09,TITAN.NS,Titan Company,Growth / Compounder,236.0,236.0,226.60000610351562,229.75,217.27621459960938,943496
2013-12-10,TITAN.NS,Titan Company,Growth / Compounder,227.0500030517578,232.5,226.1999969482422,226.75,214.43910217285156,842968
2013-12-11,TITAN.NS,Titan Company,Growth / Compounder,226.5,228.35000610351562,224.0500030517578,225.0,212.7841033935547,1081603
2013-12-12,TITAN.NS,Titan Company,Growth / Compounder,225.5,225.8000030517578,222.0,222.39999389648438,210.32525634765625,968008
2013-12-13,TITAN.NS,Titan Company,Growth / Compounder,221.89999389648438,222.14999389648438,218.1999969482422,219.85000610351562,207.91375732421875,1177049
2013-12-16,TITAN.NS,Titan Company,Growth / Compounder,220.60000610351562,226.9499969482422,220.60000610351562,225.0500030517578,212.83140563964844,1445430
2013-12-17,TITAN.NS,Titan Company,Growth / Compounder,226.10000610351562,233.5,224.0500030517578,229.6999969482422,217.2289581298828,1495689
2013-12-18,TITAN.NS,Titan Company,Growth / Compounder,230.10000610351562,237.5,230.10000610351562,235.5,222.7140350341797,2505774
2013-12-19,TITAN.NS,Titan Company,Growth / Compounder,236.75,237.0,229.5500030517578,232.8000030517578,220.16061401367188,913780
2013-12-20,TITAN.NS,Titan Company,Growth / Compounder,230.39999389648438,235.5500030517578,227.8000030517578,228.64999389648438,216.23594665527344,1107056
2013-12-23,TITAN.NS,Titan Company,Growth / Compounder,229.0500030517578,233.35000610351562,228.60000610351562,229.10000610351562,216.66151428222656,918680
2013-12-24,TITAN.NS,Titan Company,Growth / Compounder,230.0,231.0500030517578,227.0,228.1999969482422,215.81039428710938,988244
2013-12-26,TITAN.NS,Titan Company,Growth / Compounder,228.1999969482422,232.0,228.1999969482422,229.9499969482422,217.46536254882812,2084229
2013-12-27,TITAN.NS,Titan Company,Growth / Compounder,231.3000030517578,232.5,226.64999389648438,229.4499969482422,216.99249267578125,1050933
2013-12-30,TITAN.NS,Titan Company,Growth / Compounder,231.8000030517578,231.89999389648438,228.10000610351562,228.9499969482422,216.51963806152344,845697
2013-12-31,TITAN.NS,Titan Company,Growth / Compounder,230.0500030517578,230.3000030517578,228.1999969482422,229.5,217.03982543945312,486572
2014-01-01,TITAN.NS,Titan Company,Growth / Compounder,230.0,232.5,229.35000610351562,230.8000030517578,218.26919555664062,538938
2014-01-02,TITAN.NS,Titan Company,Growth / Compounder,229.5,235.9499969482422,225.10000610351562,226.35000610351562,214.0608367919922,1570396
2014-01-03,TITAN.NS,Titan Company,Growth / Compounder,226.0,228.75,224.0,227.39999389648438,215.05380249023438,818984
2014-01-06,TITAN.NS,Titan Company,Growth / Compounder,228.0,230.3000030517578,225.5500030517578,227.8000030517578,215.43209838867188,497192
2014-01-07,TITAN.NS,Titan Company,Growth / Compounder,230.0,230.89999389648438,224.8000030517578,226.0500030517578,213.777099609375,713955
2014-01-08,TITAN.NS,Titan Company,Growth / Compounder,226.89999389648438,226.9499969482422,222.10000610351562,222.75,210.65626525878906,878308
2014-01-09,TITAN.NS,Titan Company,Growth / Compounder,225.14999389648438,227.4499969482422,221.39999389648438,223.85000610351562,211.69654846191406,1126716
2014-01-10,TITAN.NS,Titan Company,Growth / Compounder,224.0,227.25,219.0,220.25,208.2919921875,983757
2014-01-13,TITAN.NS,Titan Company,Growth / Compounder,221.0,223.39999389648438,214.10000610351562,221.10000610351562,209.09588623046875,1253786
2014-01-14,TITAN.NS,Titan Company,Growth / Compounder,221.25,222.39999389648438,220.0,221.0,209.00128173828125,364394
2014-01-15,TITAN.NS,Titan Company,Growth / Compounder,221.14999389648438,222.25,216.14999389648438,218.0500030517578,206.21144104003906,1060362
2014-01-16,TITAN.NS,Titan Company,Growth / Compounder,218.0500030517578,219.6999969482422,216.64999389648438,218.1999969482422,206.35328674316406,809129
2014-01-17,TITAN.NS,Titan Company,Growth / Compounder,216.6999969482422,220.75,216.5500030517578,217.0500030517578,205.26573181152344,645915
2014-01-20,TITAN.NS,Titan Company,Growth / Compounder,216.10000610351562,217.9499969482422,215.0,216.5,204.74562072753906,392820
2014-01-21,TITAN.NS,Titan Company,Growth / Compounder,217.0,220.3000030517578,216.10000610351562,217.8000030517578,205.9750213623047,875408
2014-01-22,TITAN.NS,Titan Company,Growth / Compounder,217.1999969482422,219.25,216.25,217.35000610351562,205.5494842529297,656092
2014-01-23,TITAN.NS,Titan Company,Growth / Compounder,216.75,227.39999389648438,216.1999969482422,225.35000610351562,213.11512756347656,2570554
2014-01-24,TITAN.NS,Titan Company,Growth / Compounder,226.39999389648438,227.89999389648438,218.0,218.6999969482422,206.8261260986328,2042034
2014-01-27,TITAN.NS,Titan Company,Growth / Compounder,217.0,218.0,212.35000610351562,215.85000610351562,204.1309051513672,830741
2014-01-28,TITAN.NS,Titan Company,Growth / Compounder,216.5,218.60000610351562,214.9499969482422,217.0,205.21847534179688,440878
2014-01-29,TITAN.NS,Titan Company,Growth / Compounder,218.39999389648438,219.0,212.0,214.64999389648438,202.99603271484375,1075952
2014-01-30,TITAN.NS,Titan Company,Growth / Compounder,210.0,224.39999389648438,202.4499969482422,222.8000030517578,210.70355224609375,5930481
2014-01-31,TITAN.NS,Titan Company,Growth / Compounder,222.8000030517578,223.5,216.64999389648438,221.5500030517578,209.52139282226562,1223691
2014-02-03,TITAN.NS,Titan Company,Growth / Compounder,220.14999389648438,227.5,218.64999389648438,219.9499969482422,208.00828552246094,1428280
2014-02-04,TITAN.NS,Titan Company,Growth / Compounder,218.6999969482422,225.89999389648438,217.10000610351562,221.75,209.71060180664062,1093372
2014-02-05,TITAN.NS,Titan Company,Growth / Compounder,221.1999969482422,224.0,219.0,220.89999389648438,208.9066925048828,545189
2014-02-06,TITAN.NS,Titan Company,Growth / Compounder,221.89999389648438,226.1999969482422,219.35000610351562,225.5500030517578,213.3042755126953,977396
2014-02-07,TITAN.NS,Titan Company,Growth / Compounder,226.0500030517578,228.60000610351562,223.14999389648438,225.6999969482422,213.4461212158203,1025574
2014-02-10,TITAN.NS,Titan Company,Growth / Compounder,225.0,233.75,223.60000610351562,230.9499969482422,218.4110565185547,1757160
2014-02-11,TITAN.NS,Titan Company,Growth / Compounder,231.25,235.64999389648438,230.10000610351562,232.3000030517578,219.68777465820312,1510573
2014-02-12,TITAN.NS,Titan Company,Growth / Compounder,233.0,233.8000030517578,228.60000610351562,230.3000030517578,217.79637145996094,714283
2014-02-13,TITAN.NS,Titan Company,Growth / Compounder,230.0,232.0,226.60000610351562,229.35000610351562,216.89793395996094,755689
2014-02-14,TITAN.NS,Titan Company,Growth / Compounder,230.0,232.60000610351562,226.64999389648438,231.5500030517578,218.978515625,723069
2014-02-17,TITAN.NS,Titan Company,Growth / Compounder,233.64999389648438,236.3000030517578,225.14999389648438,228.9499969482422,216.51963806152344,2328888
2014-02-18,TITAN.NS,Titan Company,Growth / Compounder,231.0,231.0,225.9499969482422,228.64999389648438,216.23594665527344,609396
2014-02-19,TITAN.NS,Titan Company,Growth / Compounder,228.89999389648438,233.89999389648438,228.1999969482422,232.60000610351562,219.97149658203125,1306199
2014-02-20,TITAN.NS,Titan Company,Growth / Compounder,233.0,237.8000030517578,231.10000610351562,234.14999389648438,221.43736267089844,1303544
2014-02-21,TITAN.NS,Titan Company,Growth / Compounder,235.1999969482422,236.8000030517578,232.8000030517578,234.0500030517578,221.34275817871094,691017
2014-02-24,TITAN.NS,Titan Company,Growth / Compounder,234.6999969482422,237.5,231.5,235.6999969482422,222.90318298339844,729670
2014-02-25,TITAN.NS,Titan Company,Growth / Compounder,237.35000610351562,244.3000030517578,236.5,243.1999969482422,229.99598693847656,2388002
2014-02-26,TITAN.NS,Titan Company,Growth / Compounder,244.5,247.3000030517578,242.5,245.60000610351562,232.26568603515625,1495138
2014-02-28,TITAN.NS,Titan Company,Growth / Compounder,246.10000610351562,246.89999389648438,240.0500030517578,242.5,229.33396911621094,716553
2014-03-03,TITAN.NS,Titan Company,Growth / Compounder,242.5,251.5,239.5,249.25,235.71751403808594,2029854
2014-03-04,TITAN.NS,Titan Company,Growth / Compounder,250.5,258.3999938964844,250.3000030517578,254.8000030517578,240.9661865234375,2544333
2014-03-05,TITAN.NS,Titan Company,Growth / Compounder,252.5500030517578,252.85000610351562,244.0,245.64999389648438,232.31295776367188,1424629
2014-03-06,TITAN.NS,Titan Company,Growth / Compounder,245.60000610351562,250.60000610351562,243.14999389648438,246.8000030517578,233.40052795410156,1075669
2014-03-07,TITAN.NS,Titan Company,Growth / Compounder,249.60000610351562,256.3999938964844,246.0,255.0,241.15533447265625,1893634
2014-03-10,TITAN.NS,Titan Company,Growth / Compounder,254.0,258.5,249.3000030517578,250.5500030517578,236.94696044921875,1527237
2014-03-11,TITAN.NS,Titan Company,Growth / Compounder,252.25,254.5,247.0,248.75,235.24462890625,1189688
2014-03-12,TITAN.NS,Titan Company,Growth / Compounder,248.5,257.0,248.39999389648438,252.25,238.5546417236328,1350784
2014-03-13,TITAN.NS,Titan Company,Growth / Compounder,254.0,258.5,248.39999389648438,251.64999389648438,237.98724365234375,1672077
2014-03-14,TITAN.NS,Titan Company,Growth / Compounder,251.75,254.35000610351562,248.5,253.14999389648438,239.40576171875,653400
2014-03-18,TITAN.NS,Titan Company,Growth / Compounder,254.9499969482422,257.0,253.14999389648438,255.35000610351562,241.48634338378906,1294867
2014-03-19,TITAN.NS,Titan Company,Growth / Compounder,256.0,257.25,251.5500030517578,254.85000610351562,241.0134735107422,829853
2014-03-20,TITAN.NS,Titan Company,Growth / Compounder,257.0,262.45001220703125,252.0,253.39999389648438,239.64219665527344,2161044
2014-03-21,TITAN.NS,Titan Company,Growth / Compounder,256.3999938964844,257.3999938964844,253.39999389648438,255.0,241.15533447265625,948531
2014-03-24,TITAN.NS,Titan Company,Growth / Compounder,254.3000030517578,258.5,251.14999389648438,252.89999389648438,239.16934204101562,637996
2014-03-25,TITAN.NS,Titan Company,Growth / Compounder,253.0500030517578,257.29998779296875,253.0500030517578,255.39999389648438,241.53359985351562,654922
2014-03-26,TITAN.NS,Titan Company,Growth / Compounder,256.0,256.8999938964844,248.1999969482422,248.75,235.24462890625,658823
2014-03-27,TITAN.NS,Titan Company,Growth / Compounder,249.1999969482422,254.64999389648438,246.10000610351562,253.8000030517578,240.02047729492188,1316243
2014-03-28,TITAN.NS,Titan Company,Growth / Compounder,254.8000030517578,256.1000061035156,250.39999389648438,253.14999389648438,239.40576171875,674424
2014-03-31,TITAN.NS,Titan Company,Growth / Compounder,255.0,268.3500061035156,254.10000610351562,262.70001220703125,248.43728637695312,2092440
2014-04-01,TITAN.NS,Titan Company,Growth / Compounder,266.45001220703125,268.0,260.6000061035156,265.1499938964844,250.7542266845703,986673
2014-04-02,TITAN.NS,Titan Company,Growth / Compounder,266.45001220703125,267.0,263.0,265.3500061035156,250.9434051513672,357890
2014-04-03,TITAN.NS,Titan Company,Growth / Compounder,266.0,270.8500061035156,263.0,268.0,253.4495086669922,1540496
2014-04-04,TITAN.NS,Titan Company,Growth / Compounder,270.1000061035156,274.29998779296875,266.0,269.79998779296875,255.15176391601562,961371
2014-04-07,TITAN.NS,Titan Company,Growth / Compounder,269.0,269.0,260.1000061035156,262.75,248.48455810546875,856375
2014-04-09,TITAN.NS,Titan Company,Growth / Compounder,263.1000061035156,265.8999938964844,261.8500061035156,264.25,249.9031219482422,832258
2014-04-10,TITAN.NS,Titan Company,Growth / Compounder,263.20001220703125,267.8999938964844,262.20001220703125,262.95001220703125,248.67372131347656,638846
2014-04-11,TITAN.NS,Titan Company,Growth / Compounder,262.0,266.3999938964844,261.5,262.75,248.48455810546875,470768
2014-04-15,TITAN.NS,Titan Company,Growth / Compounder,260.3500061035156,265.29998779296875,255.4499969482422,257.3999938964844,243.42503356933594,667585
2014-04-16,TITAN.NS,Titan Company,Growth / Compounder,257.0,262.0,254.60000610351562,255.64999389648438,241.77003479003906,580798
2014-04-17,TITAN.NS,Titan Company,Growth / Compounder,256.0,259.0,255.3000030517578,257.20001220703125,243.2359161376953,426231
2014-04-21,TITAN.NS,Titan Company,Growth / Compounder,255.0,262.70001220703125,254.0500030517578,259.45001220703125,245.36370849609375,785424
2014-04-22,TITAN.NS,Titan Company,Growth / Compounder,259.3500061035156,264.75,258.1000061035156,261.25,247.06597900390625,931899
2014-04-23,TITAN.NS,Titan Company,Growth / Compounder,262.0,266.5,251.5,255.0,241.15533447265625,3942894
2014-04-24,TITAN.NS,Titan Company,Growth / Compounder,255.0,255.0,255.0,255.0,241.15533447265625,0
2014-04-25,TITAN.NS,Titan Company,Growth / Compounder,255.0,259.8500061035156,253.0,258.20001220703125,244.1815948486328,724290
2014-04-28,TITAN.NS,Titan Company,Growth / Compounder,258.0,259.79998779296875,255.3000030517578,258.29998779296875,244.27618408203125,400140
2014-04-29,TITAN.NS,Titan Company,Growth / Compounder,258.45001220703125,262.20001220703125,255.6999969482422,260.0,245.8838653564453,516059
2014-04-30,TITAN.NS,Titan Company,Growth / Compounder,261.0,262.8500061035156,252.8000030517578,254.85000610351562,241.0134735107422,604717
2014-05-02,TITAN.NS,Titan Company,Growth / Compounder,258.0,259.70001220703125,255.0,258.04998779296875,244.0397186279297,491561
2014-05-05,TITAN.NS,Titan Company,Growth / Compounder,258.0,263.0,255.75,262.1000061035156,247.8698272705078,695564
2014-05-06,TITAN.NS,Titan Company,Growth / Compounder,263.95001220703125,277.3999938964844,257.70001220703125,271.20001220703125,256.4757995605469,3380968
2014-05-07,TITAN.NS,Titan Company,Growth / Compounder,278.5,279.8999938964844,271.1000061035156,272.45001220703125,257.657958984375,3860273
2014-05-08,TITAN.NS,Titan Company,Growth / Compounder,273.25,278.79998779296875,269.70001220703125,277.45001220703125,262.386474609375,1584633
2014-05-09,TITAN.NS,Titan Company,Growth / Compounder,277.5,282.79998779296875,275.6499938964844,277.5,262.4338073730469,1505616
2014-05-12,TITAN.NS,Titan Company,Growth / Compounder,278.0,287.5,274.0,285.04998779296875,269.5738220214844,1545871
2014-05-13,TITAN.NS,Titan Company,Growth / Compounder,286.20001220703125,309.6000061035156,286.20001220703125,296.1000061035156,280.02392578125,2241102
2014-05-14,TITAN.NS,Titan Company,Growth / Compounder,298.0,309.3999938964844,291.29998779296875,304.70001220703125,288.15692138671875,1663916
2014-05-15,TITAN.NS,Titan Company,Growth / Compounder,307.8999938964844,320.0,306.45001220703125,317.3999938964844,300.16741943359375,3647048
2014-05-16,TITAN.NS,Titan Company,Growth / Compounder,325.0,344.75,305.1499938964844,307.0,290.33209228515625,2831569
2014-05-19,TITAN.NS,Titan Company,Growth / Compounder,307.1000061035156,315.0,297.6499938964844,307.29998779296875,290.61578369140625,1545228
2014-05-20,TITAN.NS,Titan Company,Growth / Compounder,311.8999938964844,322.25,307.0,314.1000061035156,297.046630859375,2443570
2014-05-21,TITAN.NS,Titan Company,Growth / Compounder,317.6000061035156,321.95001220703125,309.5,310.45001220703125,293.5948181152344,1064527
2014-05-22,TITAN.NS,Titan Company,Growth / Compounder,341.45001220703125,353.1000061035156,330.1000061035156,331.3999938964844,313.4073486328125,6665571
2014-05-23,TITAN.NS,Titan Company,Growth / Compounder,335.0,335.70001220703125,324.54998779296875,325.3500061035156,307.68585205078125,2001146
2014-05-26,TITAN.NS,Titan Company,Growth / Compounder,327.79998779296875,328.79998779296875,313.3999938964844,321.25,303.8084411621094,1183200
2014-05-27,TITAN.NS,Titan Company,Growth / Compounder,322.8999938964844,322.8999938964844,315.0,319.0,301.68060302734375,577127
2014-05-28,TITAN.NS,Titan Company,Growth / Compounder,321.70001220703125,325.0,313.1000061035156,315.1000061035156,297.9923400878906,904132
2014-05-29,TITAN.NS,Titan Company,Growth / Compounder,315.95001220703125,321.3999938964844,312.3999938964844,313.8500061035156,296.8101501464844,1251206
2014-05-30,TITAN.NS,Titan Company,Growth / Compounder,315.0,316.8999938964844,308.79998779296875,310.0,293.1692199707031,776871
2014-06-02,TITAN.NS,Titan Company,Growth / Compounder,307.1000061035156,318.20001220703125,307.1000061035156,315.1499938964844,298.0395812988281,656591
2014-06-03,TITAN.NS,Titan Company,Growth / Compounder,316.0,322.54998779296875,314.1000061035156,320.25,302.8627014160156,1463591
2014-06-04,TITAN.NS,Titan Company,Growth / Compounder,323.45001220703125,328.3999938964844,318.04998779296875,320.20001220703125,302.8153991699219,1421190
2014-06-05,TITAN.NS,Titan Company,Growth / Compounder,323.0,325.8999938964844,320.20001220703125,323.3500061035156,305.7944030761719,1024094
2014-06-06,TITAN.NS,Titan Company,Growth / Compounder,325.8999938964844,328.5,316.0,327.25,309.4827575683594,1220841
2014-06-09,TITAN.NS,Titan Company,Growth / Compounder,326.1000061035156,332.5,325.1000061035156,326.6000061035156,308.86798095703125,1552181
2014-06-10,TITAN.NS,Titan Company,Growth / Compounder,325.29998779296875,343.0,323.0,341.3999938964844,322.8644104003906,2957655
2014-06-11,TITAN.NS,Titan Company,Growth / Compounder,344.95001220703125,347.0,326.1000061035156,328.8999938964844,311.0430908203125,3146759
2014-06-12,TITAN.NS,Titan Company,Growth / Compounder,328.75,332.95001220703125,323.1499938964844,328.6499938964844,310.8066711425781,854622
2014-06-13,TITAN.NS,Titan Company,Growth / Compounder,330.5,333.8999938964844,302.75,319.8999938964844,302.5317077636719,1264687
2014-06-16,TITAN.NS,Titan Company,Growth / Compounder,318.0,326.1000061035156,312.45001220703125,322.6000061035156,305.08514404296875,1186910
2014-06-17,TITAN.NS,Titan Company,Growth / Compounder,319.5,324.3500061035156,317.6499938964844,322.45001220703125,304.9432678222656,1189474
2014-06-18,TITAN.NS,Titan Company,Growth / Compounder,322.8999938964844,327.8999938964844,311.8500061035156,314.3500061035156,297.2830505371094,1361754
2014-06-19,TITAN.NS,Titan Company,Growth / Compounder,319.0,323.45001220703125,313.29998779296875,320.45001220703125,303.0518493652344,908802
2014-06-20,TITAN.NS,Titan Company,Growth / Compounder,326.0,335.75,323.1499938964844,333.8500061035156,315.724365234375,2824583
2014-06-23,TITAN.NS,Titan Company,Growth / Compounder,336.8999938964844,338.79998779296875,323.8999938964844,326.04998779296875,308.3478088378906,1682795
2014-06-24,TITAN.NS,Titan Company,Growth / Compounder,324.5,339.0,324.5,337.75,319.41265869140625,1532090
2014-06-25,TITAN.NS,Titan Company,Growth / Compounder,339.6000061035156,344.8500061035156,335.8999938964844,342.70001220703125,324.0938720703125,2113727
2014-06-26,TITAN.NS,Titan Company,Growth / Compounder,344.3999938964844,351.5,338.0,346.79998779296875,327.9712219238281,3835909
2014-06-27,TITAN.NS,Titan Company,Growth / Compounder,347.25,356.8500061035156,346.8500061035156,353.1499938964844,333.9764709472656,2008738
2014-06-30,TITAN.NS,Titan Company,Growth / Compounder,354.20001220703125,360.79998779296875,350.20001220703125,353.04998779296875,333.8819274902344,1515387
2014-07-01,TITAN.NS,Titan Company,Growth / Compounder,352.8999938964844,358.8999938964844,351.0,355.79998779296875,336.4825744628906,796331
2014-07-02,TITAN.NS,Titan Company,Growth / Compounder,358.0,361.8500061035156,353.29998779296875,359.5,339.9817199707031,1073593
2014-07-03,TITAN.NS,Titan Company,Growth / Compounder,361.79998779296875,362.29998779296875,356.0,360.79998779296875,341.21112060546875,848205
2014-07-04,TITAN.NS,Titan Company,Growth / Compounder,361.0,361.6499938964844,352.29998779296875,357.20001220703125,337.806640625,662164
2014-07-07,TITAN.NS,Titan Company,Growth / Compounder,358.8999938964844,362.70001220703125,354.45001220703125,357.3999938964844,337.9957275390625,732610
2014-07-08,TITAN.NS,Titan Company,Growth / Compounder,360.1000061035156,362.1000061035156,337.3999938964844,341.5,322.9590148925781,1169214
2014-07-09,TITAN.NS,Titan Company,Growth / Compounder,336.20001220703125,350.45001220703125,335.75,347.95001220703125,329.058837890625,1197600
2014-07-10,TITAN.NS,Titan Company,Growth / Compounder,350.0,352.0,323.6000061035156,327.20001220703125,309.4354248046875,1909597
2014-07-11,TITAN.NS,Titan Company,Growth / Compounder,323.8999938964844,337.70001220703125,323.25,330.3999938964844,312.4616394042969,1219953
2014-07-14,TITAN.NS,Titan Company,Growth / Compounder,327.0,327.0,318.1000061035156,322.0,304.5176696777344,988868
2014-07-15,TITAN.NS,Titan Company,Growth / Compounder,320.75,329.0,320.75,327.75,311.9902648925781,1104243
2014-07-16,TITAN.NS,Titan Company,Growth / Compounder,325.5,328.95001220703125,324.3999938964844,327.8999938964844,312.133056640625,549883
2014-07-17,TITAN.NS,Titan Company,Growth / Compounder,325.1499938964844,336.79998779296875,324.3999938964844,334.5,318.4156494140625,868312
2014-07-18,TITAN.NS,Titan Company,Growth / Compounder,338.0,338.5,327.6000061035156,329.95001220703125,314.0844421386719,794164
2014-07-21,TITAN.NS,Titan Company,Growth / Compounder,328.20001220703125,333.0,326.1000061035156,330.95001220703125,315.036376953125,550719
2014-07-22,TITAN.NS,Titan Company,Growth / Compounder,330.3500061035156,339.79998779296875,330.3500061035156,337.75,321.5094909667969,850103
2014-07-23,TITAN.NS,Titan Company,Growth / Compounder,340.0,342.5,335.29998779296875,340.6499938964844,324.2699279785156,886420
2014-07-24,TITAN.NS,Titan Company,Growth / Compounder,341.04998779296875,342.8500061035156,334.0,336.1000061035156,319.9386901855469,590907
2014-07-25,TITAN.NS,Titan Company,Growth / Compounder,333.5,335.0,329.3999938964844,332.1499938964844,316.1787109375,560747
2014-07-28,TITAN.NS,Titan Company,Growth / Compounder,330.3500061035156,337.3999938964844,329.6000061035156,334.5,318.4156494140625,601788
2014-07-30,TITAN.NS,Titan Company,Growth / Compounder,334.5,344.5,334.5,342.6499938964844,326.17376708984375,900812
2014-07-31,TITAN.NS,Titan Company,Growth / Compounder,343.1000061035156,345.1499938964844,338.75,341.04998779296875,324.6507263183594,579077
2014-08-01,TITAN.NS,Titan Company,Growth / Compounder,340.0,343.6000061035156,321.0,326.6499938964844,310.9431457519531,1289216
2014-08-04,TITAN.NS,Titan Company,Growth / Compounder,326.0,343.6000061035156,325.0,342.20001220703125,325.74542236328125,1307913
2014-08-05,TITAN.NS,Titan Company,Growth / Compounder,342.29998779296875,346.8999938964844,337.54998779296875,344.3500061035156,327.79205322265625,674392
2014-08-06,TITAN.NS,Titan Company,Growth / Compounder,341.29998779296875,349.5,340.8500061035156,344.25,327.6968078613281,607470
2014-08-07,TITAN.NS,Titan Company,Growth / Compounder,343.0,350.5,339.0,347.29998779296875,330.6002197265625,815348
2014-08-08,TITAN.NS,Titan Company,Growth / Compounder,343.5,347.6000061035156,339.45001220703125,341.95001220703125,325.5074462890625,619376
2014-08-11,TITAN.NS,Titan Company,Growth / Compounder,341.95001220703125,347.54998779296875,339.54998779296875,341.75,325.3171081542969,362845
2014-08-12,TITAN.NS,Titan Company,Growth / Compounder,342.1000061035156,351.0,342.1000061035156,349.1000061035156,332.31365966796875,884613
2014-08-13,TITAN.NS,Titan Company,Growth / Compounder,348.0,349.0,341.0,343.54998779296875,327.0304870605469,514353
2014-08-14,TITAN.NS,Titan Company,Growth / Compounder,344.0,353.0,343.54998779296875,350.95001220703125,334.0746765136719,471884
2014-08-18,TITAN.NS,Titan Company,Growth / Compounder,353.70001220703125,353.70001220703125,347.29998779296875,350.3500061035156,333.5035400390625,656367
2014-08-19,TITAN.NS,Titan Company,Growth / Compounder,352.0,352.5,345.1000061035156,348.3999938964844,331.6473083496094,554803
2014-08-20,TITAN.NS,Titan Company,Growth / Compounder,349.70001220703125,349.70001220703125,345.29998779296875,346.3999938964844,329.7434997558594,391322
2014-08-21,TITAN.NS,Titan Company,Growth / Compounder,350.25,370.3999938964844,350.25,366.95001220703125,349.30535888671875,3764955
2014-08-22,TITAN.NS,Titan Company,Growth / Compounder,369.8500061035156,369.8999938964844,360.75,363.25,345.7832336425781,1194939
2014-08-25,TITAN.NS,Titan Company,Growth / Compounder,360.70001220703125,367.3999938964844,357.6000061035156,361.70001220703125,344.3077392578125,713235
2014-08-26,TITAN.NS,Titan Company,Growth / Compounder,358.1000061035156,363.8999938964844,357.29998779296875,361.6499938964844,344.26019287109375,413628
2014-08-27,TITAN.NS,Titan Company,Growth / Compounder,368.0,368.70001220703125,361.29998779296875,363.6000061035156,346.1164245605469,725852
2014-08-28,TITAN.NS,Titan Company,Growth / Compounder,365.3999938964844,367.8999938964844,356.79998779296875,363.3999938964844,345.926025390625,792201
2014-09-01,TITAN.NS,Titan Company,Growth / Compounder,365.1000061035156,374.8999938964844,364.20001220703125,371.8999938964844,354.0173034667969,1027263
2014-09-02,TITAN.NS,Titan Company,Growth / Compounder,372.70001220703125,387.1499938964844,371.04998779296875,385.3500061035156,366.8205261230469,1469921
2014-09-03,TITAN.NS,Titan Company,Growth / Compounder,387.1000061035156,391.79998779296875,381.1000061035156,383.45001220703125,365.01190185546875,1185735
2014-09-04,TITAN.NS,Titan Company,Growth / Compounder,384.0,391.0,373.25,387.8999938964844,369.24798583984375,1055883
2014-09-05,TITAN.NS,Titan Company,Growth / Compounder,388.95001220703125,393.5,385.3999938964844,387.6499938964844,369.00994873046875,906203
2014-09-08,TITAN.NS,Titan Company,Growth / Compounder,390.5,390.5,383.3500061035156,385.79998779296875,367.24896240234375,335773
2014-09-09,TITAN.NS,Titan Company,Growth / Compounder,386.3999938964844,397.95001220703125,376.04998779296875,397.04998779296875,377.9580078125,1150656
2014-09-10,TITAN.NS,Titan Company,Growth / Compounder,396.8500061035156,397.29998779296875,383.54998779296875,385.1000061035156,366.5826110839844,1317752
2014-09-11,TITAN.NS,Titan Company,Growth / Compounder,388.0,390.0,380.1000061035156,381.95001220703125,363.5841064453125,816264
2014-09-12,TITAN.NS,Titan Company,Growth / Compounder,384.0,392.70001220703125,384.0,388.0,369.3431091308594,1336992
2014-09-15,TITAN.NS,Titan Company,Growth / Compounder,387.70001220703125,390.45001220703125,380.8999938964844,381.95001220703125,363.5841064453125,556149
2014-09-16,TITAN.NS,Titan Company,Growth / Compounder,381.1000061035156,385.5,372.20001220703125,376.3500061035156,358.2533264160156,716336
2014-09-17,TITAN.NS,Titan Company,Growth / Compounder,377.1000061035156,380.1000061035156,366.0,370.25,352.4466247558594,780290
2014-09-18,TITAN.NS,Titan Company,Growth / Compounder,368.6000061035156,389.0,363.25,387.6000061035156,368.96240234375,895759
2014-09-19,TITAN.NS,Titan Company,Growth / Compounder,389.75,392.5,382.0,388.54998779296875,369.86669921875,676624
2014-09-22,TITAN.NS,Titan Company,Growth / Compounder,386.5,402.6499938964844,384.04998779296875,396.95001220703125,377.86285400390625,1615446
2014-09-23,TITAN.NS,Titan Company,Growth / Compounder,399.75,407.5,387.79998779296875,390.8500061035156,372.05609130859375,1824990
2014-09-24,TITAN.NS,Titan Company,Growth / Compounder,392.45001220703125,398.0,386.0,393.1499938964844,374.2455139160156,895327
2014-09-25,TITAN.NS,Titan Company,Growth / Compounder,396.75,396.79998779296875,386.25,389.0,370.2950744628906,1052692
2014-09-26,TITAN.NS,Titan Company,Growth / Compounder,387.20001220703125,391.0,382.0,389.20001220703125,370.4854431152344,586630
2014-09-29,TITAN.NS,Titan Company,Growth / Compounder,390.79998779296875,404.0,388.0,397.95001220703125,378.814697265625,837730
2014-09-30,TITAN.NS,Titan Company,Growth / Compounder,400.70001220703125,409.95001220703125,398.1000061035156,407.95001220703125,388.3338623046875,1228189
2014-10-01,TITAN.NS,Titan Company,Growth / Compounder,410.0,413.1499938964844,401.8999938964844,404.8500061035156,385.3829345703125,665343
2014-10-07,TITAN.NS,Titan Company,Growth / Compounder,401.0,407.5,394.1000061035156,397.25,378.1484069824219,531345
2014-10-08,TITAN.NS,Titan Company,Growth / Compounder,397.79998779296875,407.70001220703125,392.1499938964844,402.45001220703125,383.0983581542969,1057046
2014-10-09,TITAN.NS,Titan Company,Growth / Compounder,404.5,406.70001220703125,397.6499938964844,401.1499938964844,381.86077880859375,672435
2014-10-10,TITAN.NS,Titan Company,Growth / Compounder,399.70001220703125,406.0,394.25,397.8999938964844,378.76708984375,885256
2014-10-13,TITAN.NS,Titan Company,Growth / Compounder,395.8999938964844,397.79998779296875,391.04998779296875,394.6000061035156,375.62579345703125,482988
2014-10-14,TITAN.NS,Titan Company,Growth / Compounder,396.0,400.3500061035156,384.29998779296875,388.3500061035156,369.6763000488281,822882
2014-10-15,TITAN.NS,Titan Company,Growth / Compounder,388.3500061035156,388.3500061035156,388.3500061035156,388.3500061035156,369.6763000488281,0
2014-10-16,TITAN.NS,Titan Company,Growth / Compounder,387.79998779296875,391.0,365.20001220703125,369.04998779296875,351.30438232421875,841426
2014-10-17,TITAN.NS,Titan Company,Growth / Compounder,371.04998779296875,383.54998779296875,369.04998779296875,380.5,362.20379638671875,917551
2014-10-20,TITAN.NS,Titan Company,Growth / Compounder,385.0,386.95001220703125,380.0,382.79998779296875,364.3931579589844,565000
2014-10-21,TITAN.NS,Titan Company,Growth / Compounder,385.0,395.5,384.04998779296875,389.95001220703125,371.19940185546875,1000173
2014-10-22,TITAN.NS,Titan Company,Growth / Compounder,393.0,396.6000061035156,391.6499938964844,394.8999938964844,375.9113464355469,536847
2014-10-27,TITAN.NS,Titan Company,Growth / Compounder,398.0,402.3999938964844,391.29998779296875,400.79998779296875,381.5276184082031,653478
2014-10-28,TITAN.NS,Titan Company,Growth / Compounder,401.29998779296875,407.0,396.29998779296875,405.75,386.2396545410156,614736
2014-10-29,TITAN.NS,Titan Company,Growth / Compounder,407.0,414.20001220703125,403.45001220703125,411.70001220703125,391.9035339355469,946094
2014-10-30,TITAN.NS,Titan Company,Growth / Compounder,412.25,425.0,412.04998779296875,419.3999938964844,399.2332763671875,2646890
2014-10-31,TITAN.NS,Titan Company,Growth / Compounder,409.8999938964844,409.8999938964844,390.54998779296875,393.5,374.57867431640625,5608680
2014-11-03,TITAN.NS,Titan Company,Growth / Compounder,394.8999938964844,395.75,381.25,382.6499938964844,364.2503967285156,2085945
2014-11-05,TITAN.NS,Titan Company,Growth / Compounder,385.95001220703125,387.6499938964844,373.20001220703125,375.20001220703125,357.1586608886719,1702698
2014-11-07,TITAN.NS,Titan Company,Growth / Compounder,371.0,381.70001220703125,371.0,378.8500061035156,360.633056640625,1232526
2014-11-10,TITAN.NS,Titan Company,Growth / Compounder,381.5,384.5,375.29998779296875,378.95001220703125,360.7283630371094,1052143
2014-11-11,TITAN.NS,Titan Company,Growth / Compounder,380.3500061035156,381.20001220703125,372.04998779296875,372.95001220703125,355.016845703125,1059635
2014-11-12,TITAN.NS,Titan Company,Growth / Compounder,374.0,379.5,371.25,378.45001220703125,360.2523498535156,1924734
2014-11-13,TITAN.NS,Titan Company,Growth / Compounder,383.25,383.29998779296875,375.0,376.5,358.3961486816406,1003914
2014-11-14,TITAN.NS,Titan Company,Growth / Compounder,373.20001220703125,378.5,372.75,374.6499938964844,356.63507080078125,697374
2014-11-17,TITAN.NS,Titan Company,Growth / Compounder,371.1499938964844,379.8500061035156,371.1499938964844,377.6000061035156,359.4432373046875,789089
2014-11-18,TITAN.NS,Titan Company,Growth / Compounder,376.1499938964844,377.0,371.6000061035156,373.45001220703125,355.4928283691406,1051506
2014-11-19,TITAN.NS,Titan Company,Growth / Compounder,370.20001220703125,374.3999938964844,365.04998779296875,366.3999938964844,348.78179931640625,996890
2014-11-20,TITAN.NS,Titan Company,Growth / Compounder,365.0,366.5,353.5,361.79998779296875,344.4029846191406,1185308
2014-11-21,TITAN.NS,Titan Company,Growth / Compounder,362.5,369.20001220703125,361.45001220703125,367.3500061035156,349.68609619140625,684300
2014-11-24,TITAN.NS,Titan Company,Growth / Compounder,368.0,373.5,365.1499938964844,371.70001220703125,353.82696533203125,705101
2014-11-25,TITAN.NS,Titan Company,Growth / Compounder,371.70001220703125,375.0,364.1499938964844,370.29998779296875,352.4942321777344,1024933
2014-11-26,TITAN.NS,Titan Company,Growth / Compounder,367.29998779296875,372.5,365.5,370.70001220703125,352.875,746341
2014-11-27,TITAN.NS,Titan Company,Growth / Compounder,368.0,370.70001220703125,361.1000061035156,364.29998779296875,346.7827453613281,1215317
2014-11-28,TITAN.NS,Titan Company,Growth / Compounder,365.0,372.79998779296875,365.0,370.8500061035156,353.017822265625,760299
2014-12-01,TITAN.NS,Titan Company,Growth / Compounder,400.5,400.5,380.20001220703125,390.20001220703125,371.4373779296875,4537297
2014-12-02,TITAN.NS,Titan Company,Growth / Compounder,391.0,391.5,383.8999938964844,388.29998779296875,369.62872314453125,733564
2014-12-03,TITAN.NS,Titan Company,Growth / Compounder,390.6000061035156,391.8500061035156,384.6000061035156,386.45001220703125,367.86767578125,529851
2014-12-04,TITAN.NS,Titan Company,Growth / Compounder,387.3999938964844,389.79998779296875,380.04998779296875,385.6000061035156,367.05853271484375,560011
2014-12-05,TITAN.NS,Titan Company,Growth / Compounder,385.6000061035156,390.70001220703125,383.29998779296875,387.0,368.3912658691406,858237
2014-12-08,TITAN.NS,Titan Company,Growth / Compounder,388.0,388.8999938964844,379.25,381.1499938964844,362.82257080078125,567529
2014-12-09,TITAN.NS,Titan Company,Growth / Compounder,380.0,380.95001220703125,370.1000061035156,370.95001220703125,353.113037109375,632742
2014-12-10,TITAN.NS,Titan Company,Growth / Compounder,368.29998779296875,386.79998779296875,368.29998779296875,385.6000061035156,367.05853271484375,1033149
2014-12-11,TITAN.NS,Titan Company,Growth / Compounder,386.0,389.5,377.0,385.3500061035156,366.8205261230469,626629
2014-12-12,TITAN.NS,Titan Company,Growth / Compounder,383.6499938964844,387.70001220703125,370.6000061035156,373.8999938964844,355.921142578125,552232
2014-12-15,TITAN.NS,Titan Company,Growth / Compounder,370.79998779296875,373.0,363.0,366.54998779296875,348.9245300292969,577805
2014-12-16,TITAN.NS,Titan Company,Growth / Compounder,364.0,365.6499938964844,354.70001220703125,360.0,342.68951416015625,723484
2014-12-17,TITAN.NS,Titan Company,Growth / Compounder,357.25,360.6000061035156,345.0,355.0,337.9299621582031,737187
2014-12-18,TITAN.NS,Titan Company,Growth / Compounder,372.0,381.70001220703125,364.70001220703125,377.25,359.11004638671875,1135786
2014-12-19,TITAN.NS,Titan Company,Growth / Compounder,383.0,385.3999938964844,374.1000061035156,376.6000061035156,358.4913024902344,637858
2014-12-22,TITAN.NS,Titan Company,Growth / Compounder,375.0,384.20001220703125,373.0,381.95001220703125,363.5841064453125,589095
2014-12-23,TITAN.NS,Titan Company,Growth / Compounder,383.0,384.0,373.1000061035156,374.8500061035156,356.82550048828125,492420
2014-12-24,TITAN.NS,Titan Company,Growth / Compounder,376.0,377.70001220703125,368.0,368.75,351.018798828125,675773
2014-12-26,TITAN.NS,Titan Company,Growth / Compounder,371.0,371.95001220703125,364.3999938964844,367.25,349.59088134765625,387835
2014-12-29,TITAN.NS,Titan Company,Growth / Compounder,369.0,376.25,367.5,373.95001220703125,355.96875,351585
2014-12-30,TITAN.NS,Titan Company,Growth / Compounder,375.0,379.3999938964844,372.70001220703125,377.1000061035156,358.96728515625,340255
2014-12-31,TITAN.NS,Titan Company,Growth / Compounder,376.3999938964844,384.3500061035156,374.45001220703125,381.6499938964844,363.2984619140625,575804
2015-01-01,TITAN.NS,Titan Company,Growth / Compounder,381.29998779296875,382.54998779296875,377.79998779296875,379.79998779296875,361.5374450683594,269753
2015-01-02,TITAN.NS,Titan Company,Growth / Compounder,379.79998779296875,388.5,379.79998779296875,382.79998779296875,364.3931579589844,623981
2015-01-05,TITAN.NS,Titan Company,Growth / Compounder,384.0,389.6000061035156,382.79998779296875,385.8999938964844,367.3440856933594,551576
2015-01-06,TITAN.NS,Titan Company,Growth / Compounder,382.20001220703125,383.3999938964844,369.20001220703125,372.70001220703125,354.77886962890625,519159
2015-01-07,TITAN.NS,Titan Company,Growth / Compounder,372.8999938964844,377.3999938964844,370.0,374.6000061035156,356.5874938964844,397373
2015-01-08,TITAN.NS,Titan Company,Growth / Compounder,380.0,380.0,368.75,372.8999938964844,354.9692077636719,672501
2015-01-09,TITAN.NS,Titan Company,Growth / Compounder,376.0,376.8999938964844,369.3999938964844,372.8999938964844,354.9692077636719,985975
2015-01-12,TITAN.NS,Titan Company,Growth / Compounder,373.25,378.5,370.6000061035156,376.79998779296875,358.6816711425781,344364
2015-01-13,TITAN.NS,Titan Company,Growth / Compounder,375.8500061035156,384.0,370.79998779296875,372.20001220703125,354.3028869628906,715002
2015-01-14,TITAN.NS,Titan Company,Growth / Compounder,373.04998779296875,376.95001220703125,369.0,371.6000061035156,353.73175048828125,404068
2015-01-15,TITAN.NS,Titan Company,Growth / Compounder,373.70001220703125,379.0,369.70001220703125,375.8999938964844,357.82501220703125,648144
2015-01-16,TITAN.NS,Titan Company,Growth / Compounder,380.0,394.0,376.95001220703125,387.20001220703125,368.5816345214844,1387070
2015-01-19,TITAN.NS,Titan Company,Growth / Compounder,389.20001220703125,395.5,389.20001220703125,394.5,375.5306396484375,913385
2015-01-20,TITAN.NS,Titan Company,Growth / Compounder,397.0,398.8999938964844,390.45001220703125,393.6000061035156,374.6739196777344,603286
2015-01-21,TITAN.NS,Titan Company,Growth / Compounder,394.6000061035156,408.54998779296875,390.45001220703125,406.95001220703125,387.3819885253906,1885665
2015-01-22,TITAN.NS,Titan Company,Growth / Compounder,407.0,409.20001220703125,393.1000061035156,399.75,380.52813720703125,785747
2015-01-23,TITAN.NS,Titan Company,Growth / Compounder,403.1499938964844,405.45001220703125,394.0,398.8500061035156,379.6714782714844,709214
2015-01-27,TITAN.NS,Titan Company,Growth / Compounder,399.0,407.0,393.25,400.6499938964844,381.3849182128906,1306898
2015-01-28,TITAN.NS,Titan Company,Growth / Compounder,409.3999938964844,437.79998779296875,404.0,433.25,412.4172668457031,6282139
2015-01-29,TITAN.NS,Titan Company,Growth / Compounder,427.79998779296875,444.0,425.6499938964844,441.79998779296875,420.55615234375,3488597
2015-01-30,TITAN.NS,Titan Company,Growth / Compounder,441.95001220703125,442.8500061035156,428.75,430.6000061035156,409.8947448730469,970722
2015-02-02,TITAN.NS,Titan Company,Growth / Compounder,430.0,437.79998779296875,427.3500061035156,433.20001220703125,412.3697204589844,1106879
2015-02-03,TITAN.NS,Titan Company,Growth / Compounder,435.8999938964844,448.3999938964844,430.54998779296875,432.29998779296875,411.5130310058594,2245302
2015-02-04,TITAN.NS,Titan Company,Growth / Compounder,434.5,443.95001220703125,427.0,430.04998779296875,409.3711853027344,1392064
2015-02-05,TITAN.NS,Titan Company,Growth / Compounder,431.8999938964844,431.8999938964844,413.3500061035156,417.79998779296875,397.7102355957031,1040089
2015-02-06,TITAN.NS,Titan Company,Growth / Compounder,425.8999938964844,427.0,409.1000061035156,416.70001220703125,396.66314697265625,1116247
2015-02-09,TITAN.NS,Titan Company,Growth / Compounder,409.1000061035156,421.6000061035156,409.1000061035156,412.25,392.4271240234375,813004
2015-02-10,TITAN.NS,Titan Company,Growth / Compounder,409.8500061035156,430.6000061035156,409.79998779296875,425.20001220703125,404.7544250488281,1092699
2015-02-11,TITAN.NS,Titan Company,Growth / Compounder,428.29998779296875,433.75,423.1000061035156,426.25,405.75390625,1113419
2015-02-12,TITAN.NS,Titan Company,Growth / Compounder,429.0,433.8999938964844,423.5,425.75,405.2779846191406,1131467
2015-02-13,TITAN.NS,Titan Company,Growth / Compounder,427.5,432.0,423.6499938964844,426.70001220703125,406.1822814941406,935029
2015-02-16,TITAN.NS,Titan Company,Growth / Compounder,432.3999938964844,432.3999938964844,414.95001220703125,417.5,397.4246826171875,842771
2015-02-18,TITAN.NS,Titan Company,Growth / Compounder,419.1499938964844,432.5,416.29998779296875,429.75,409.0855712890625,1093702
2015-02-19,TITAN.NS,Titan Company,Growth / Compounder,434.8500061035156,442.70001220703125,430.79998779296875,432.75,411.9413146972656,1517003
2015-02-20,TITAN.NS,Titan Company,Growth / Compounder,434.0,439.0,422.5,435.3500061035156,414.4163818359375,1033950
2015-02-23,TITAN.NS,Titan Company,Growth / Compounder,435.29998779296875,435.3500061035156,418.0,419.75,399.5665283203125,1004925
2015-02-24,TITAN.NS,Titan Company,Growth / Compounder,421.25,426.45001220703125,418.0,422.45001220703125,402.13665771484375,748836
2015-02-25,TITAN.NS,Titan Company,Growth / Compounder,424.3999938964844,428.0,418.5,422.25,401.9462585449219,788068
2015-02-26,TITAN.NS,Titan Company,Growth / Compounder,423.8999938964844,426.0,416.1000061035156,423.6000061035156,403.2312927246094,726024
2015-02-27,TITAN.NS,Titan Company,Growth / Compounder,425.1000061035156,436.75,421.29998779296875,435.3500061035156,414.4163818359375,826541
2015-03-02,TITAN.NS,Titan Company,Growth / Compounder,420.70001220703125,420.75,408.1499938964844,412.5,392.6651306152344,1124323
2015-03-03,TITAN.NS,Titan Company,Growth / Compounder,412.6000061035156,421.79998779296875,410.45001220703125,415.8999938964844,395.9015808105469,719506
2015-03-04,TITAN.NS,Titan Company,Growth / Compounder,424.70001220703125,424.70001220703125,409.5,411.3999938964844,391.6179504394531,655400
2015-03-05,TITAN.NS,Titan Company,Growth / Compounder,412.0,415.6499938964844,400.29998779296875,405.75,386.2396545410156,959120
2015-03-09,TITAN.NS,Titan Company,Growth / Compounder,404.0,405.70001220703125,395.20001220703125,399.70001220703125,380.4805603027344,648441
2015-03-10,TITAN.NS,Titan Company,Growth / Compounder,402.3999938964844,407.29998779296875,399.70001220703125,405.3999938964844,385.9064636230469,657218
2015-03-11,TITAN.NS,Titan Company,Growth / Compounder,408.70001220703125,408.70001220703125,398.0,399.8500061035156,380.62335205078125,410728
2015-03-12,TITAN.NS,Titan Company,Growth / Compounder,401.5,406.70001220703125,400.25,404.6000061035156,385.14495849609375,349974
2015-03-13,TITAN.NS,Titan Company,Growth / Compounder,406.0,407.54998779296875,397.20001220703125,398.75,379.5762634277344,428548
2015-03-16,TITAN.NS,Titan Company,Growth / Compounder,399.79998779296875,400.0,391.70001220703125,397.6000061035156,378.4815368652344,399268
2015-03-17,TITAN.NS,Titan Company,Growth / Compounder,399.0,405.75,395.79998779296875,404.45001220703125,385.0022277832031,562431
2015-03-18,TITAN.NS,Titan Company,Growth / Compounder,406.95001220703125,406.95001220703125,400.0,401.79998779296875,382.4795837402344,309016
2015-03-19,TITAN.NS,Titan Company,Growth / Compounder,403.95001220703125,414.70001220703125,400.20001220703125,404.79998779296875,385.3352966308594,1023111
2015-03-20,TITAN.NS,Titan Company,Growth / Compounder,405.6000061035156,407.79998779296875,390.79998779296875,392.70001220703125,373.8171691894531,461698
2015-03-23,TITAN.NS,Titan Company,Growth / Compounder,394.5,396.6000061035156,385.0,390.8500061035156,372.05609130859375,498876
2015-03-24,TITAN.NS,Titan Company,Growth / Compounder,391.04998779296875,396.0,385.54998779296875,387.25,368.6292419433594,408226
2015-03-25,TITAN.NS,Titan Company,Growth / Compounder,388.1000061035156,393.95001220703125,385.0,390.45001220703125,371.6753845214844,636108
2015-03-26,TITAN.NS,Titan Company,Growth / Compounder,390.0,393.70001220703125,385.0,389.75,371.0089416503906,1419196
2015-03-27,TITAN.NS,Titan Company,Growth / Compounder,389.6499938964844,395.6000061035156,385.0,392.8500061035156,373.9599304199219,670005
2015-03-30,TITAN.NS,Titan Company,Growth / Compounder,395.0,397.45001220703125,387.1499938964844,391.3500061035156,372.5320739746094,420532
2015-03-31,TITAN.NS,Titan Company,Growth / Compounder,392.8500061035156,397.95001220703125,390.54998779296875,391.6000061035156,372.7700500488281,438421
2015-04-01,TITAN.NS,Titan Company,Growth / Compounder,391.3999938964844,394.25,387.3500061035156,390.3999938964844,371.6277160644531,452828
2015-04-06,TITAN.NS,Titan Company,Growth / Compounder,395.0,404.3999938964844,391.0,403.6000061035156,384.1930847167969,904638
2015-04-07,TITAN.NS,Titan Company,Growth / Compounder,404.5,410.70001220703125,401.5,406.6000061035156,387.048828125,636179
2015-04-08,TITAN.NS,Titan Company,Growth / Compounder,407.6000061035156,411.3999938964844,404.5,407.45001220703125,387.8579406738281,534912
2015-04-09,TITAN.NS,Titan Company,Growth / Compounder,410.0,410.0,398.1499938964844,399.95001220703125,380.7185974121094,756901
2015-04-10,TITAN.NS,Titan Company,Growth / Compounder,399.70001220703125,406.54998779296875,399.04998779296875,400.54998779296875,381.2896728515625,969396
2015-04-13,TITAN.NS,Titan Company,Growth / Compounder,401.0,418.45001220703125,401.0,414.8500061035156,394.902099609375,1399618
2015-04-15,TITAN.NS,Titan Company,Growth / Compounder,415.0,422.6000061035156,406.1000061035156,411.3500061035156,391.57037353515625,947070
2015-04-16,TITAN.NS,Titan Company,Growth / Compounder,411.3500061035156,417.5,396.6499938964844,406.25,386.71563720703125,884632
2015-04-17,TITAN.NS,Titan Company,Growth / Compounder,403.0,407.95001220703125,393.25,395.04998779296875,376.0541687011719,603542
2015-04-20,TITAN.NS,Titan Company,Growth / Compounder,396.0,403.79998779296875,392.04998779296875,394.95001220703125,375.958984375,934634
2015-04-21,TITAN.NS,Titan Company,Growth / Compounder,401.0,401.3999938964844,388.75,392.25,373.3887939453125,657263
2015-04-22,TITAN.NS,Titan Company,Growth / Compounder,393.3999938964844,397.5,389.20001220703125,396.1000061035156,377.05364990234375,517359
2015-04-23,TITAN.NS,Titan Company,Growth / Compounder,398.1000061035156,404.6499938964844,392.0,403.45001220703125,384.05029296875,743194
2015-04-24,TITAN.NS,Titan Company,Growth / Compounder,405.0,405.5,390.0,395.8999938964844,376.86328125,738949
2015-04-27,TITAN.NS,Titan Company,Growth / Compounder,398.70001220703125,398.70001220703125,383.0,386.5,367.915283203125,947654
2015-04-28,TITAN.NS,Titan Company,Growth / Compounder,386.0,390.54998779296875,382.0,386.1499938964844,367.5821838378906,612828
2015-04-29,TITAN.NS,Titan Company,Growth / Compounder,387.8999938964844,388.6000061035156,380.0,381.8500061035156,363.4888610839844,866439
2015-04-30,TITAN.NS,Titan Company,Growth / Compounder,380.3999938964844,386.8500061035156,379.95001220703125,382.79998779296875,364.3931579589844,2267714
2015-05-04,TITAN.NS,Titan Company,Growth / Compounder,384.79998779296875,394.25,382.25,385.25,366.7253723144531,462963
2015-05-05,TITAN.NS,Titan Company,Growth / Compounder,386.1000061035156,388.70001220703125,380.25,384.3999938964844,365.916259765625,593407
2015-05-06,TITAN.NS,Titan Company,Growth / Compounder,382.6499938964844,386.0,368.0,383.3999938964844,364.96429443359375,1719756
2015-05-07,TITAN.NS,Titan Company,Growth / Compounder,383.8999938964844,385.79998779296875,365.25,369.54998779296875,351.7802734375,1729099
2015-05-08,TITAN.NS,Titan Company,Growth / Compounder,340.0,357.70001220703125,334.3500061035156,353.6000061035156,336.5972900390625,5691342
2015-05-11,TITAN.NS,Titan Company,Growth / Compounder,352.0,371.3999938964844,346.20001220703125,367.6499938964844,349.9716796875,1343524
2015-05-12,TITAN.NS,Titan Company,Growth / Compounder,369.45001220703125,369.45001220703125,356.0,362.75,345.3072814941406,901977
2015-05-13,TITAN.NS,Titan Company,Growth / Compounder,362.20001220703125,369.0,357.95001220703125,367.3999938964844,349.7336730957031,837838
2015-05-14,TITAN.NS,Titan Company,Growth / Compounder,363.54998779296875,366.0,360.1000061035156,362.8999938964844,345.4501037597656,527009
2015-05-15,TITAN.NS,Titan Company,Growth / Compounder,363.1000061035156,371.0,363.1000061035156,367.95001220703125,350.2572326660156,557137
2015-05-18,TITAN.NS,Titan Company,Growth / Compounder,367.75,379.8999938964844,365.04998779296875,378.75,360.5379638671875,796620
2015-05-19,TITAN.NS,Titan Company,Growth / Compounder,378.75,381.8999938964844,373.6000061035156,379.54998779296875,361.2994689941406,711652
2015-05-20,TITAN.NS,Titan Company,Growth / Compounder,381.0,383.79998779296875,375.0,376.1499938964844,358.0629577636719,476821
2015-05-21,TITAN.NS,Titan Company,Growth / Compounder,372.6000061035156,381.0,372.6000061035156,376.0,357.9201354980469,351909
2015-05-22,TITAN.NS,Titan Company,Growth / Compounder,374.1499938964844,378.45001220703125,369.0,370.45001220703125,352.6370544433594,438670
2015-05-25,TITAN.NS,Titan Company,Growth / Compounder,367.04998779296875,372.5,364.6499938964844,371.0,353.16064453125,406302
2015-05-26,TITAN.NS,Titan Company,Growth / Compounder,373.0,373.6000061035156,366.5,370.6000061035156,352.77984619140625,251010
2015-05-27,TITAN.NS,Titan Company,Growth / Compounder,368.04998779296875,375.5,366.8999938964844,372.20001220703125,354.3028869628906,215459
2015-05-28,TITAN.NS,Titan Company,Growth / Compounder,375.0,385.79998779296875,365.5,380.25,361.9658508300781,1467589
2015-05-29,TITAN.NS,Titan Company,Growth / Compounder,381.0,381.0,372.20001220703125,378.29998779296875,360.109619140625,312544
2015-06-01,TITAN.NS,Titan Company,Growth / Compounder,375.1000061035156,379.6000061035156,373.04998779296875,376.29998779296875,358.20574951171875,232939
2015-06-02,TITAN.NS,Titan Company,Growth / Compounder,378.45001220703125,378.45001220703125,367.20001220703125,368.95001220703125,351.2091369628906,322834
2015-06-03,TITAN.NS,Titan Company,Growth / Compounder,369.8999938964844,370.95001220703125,355.5,367.6499938964844,349.9716796875,407702
2015-06-04,TITAN.NS,Titan Company,Growth / Compounder,365.8500061035156,366.6000061035156,355.8999938964844,361.5,344.1174011230469,331402
2015-06-05,TITAN.NS,Titan Company,Growth / Compounder,357.54998779296875,370.8500061035156,354.25,363.75,346.2592468261719,513150
2015-06-08,TITAN.NS,Titan Company,Growth / Compounder,364.5,366.29998779296875,351.20001220703125,352.95001220703125,335.9785461425781,275247
2015-06-09,TITAN.NS,Titan Company,Growth / Compounder,350.04998779296875,360.8999938964844,350.04998779296875,359.54998779296875,342.2611389160156,400693
2015-06-10,TITAN.NS,Titan Company,Growth / Compounder,359.25,366.5,359.0,364.70001220703125,347.1635437011719,423122
2015-06-11,TITAN.NS,Titan Company,Growth / Compounder,365.29998779296875,368.0,351.95001220703125,353.70001220703125,336.6925048828125,402824
2015-06-12,TITAN.NS,Titan Company,Growth / Compounder,353.45001220703125,356.0,345.1000061035156,347.95001220703125,331.218994140625,306206
2015-06-15,TITAN.NS,Titan Company,Growth / Compounder,345.0,352.3500061035156,343.0,344.25,327.6968078613281,502073
2015-06-16,TITAN.NS,Titan Company,Growth / Compounder,346.0,349.6499938964844,337.5,347.1499938964844,330.4573669433594,794358
2015-06-17,TITAN.NS,Titan Company,Growth / Compounder,349.8999938964844,355.5,345.20001220703125,353.95001220703125,336.9304504394531,554088
2015-06-18,TITAN.NS,Titan Company,Growth / Compounder,353.1499938964844,360.5,350.1000061035156,358.79998779296875,341.5471496582031,375925
2015-06-19,TITAN.NS,Titan Company,Growth / Compounder,360.6499938964844,361.20001220703125,352.20001220703125,358.20001220703125,340.9761047363281,499477
2015-06-22,TITAN.NS,Titan Company,Growth / Compounder,357.3500061035156,368.8999938964844,356.0,366.25,348.63897705078125,503127
2015-06-23,TITAN.NS,Titan Company,Growth / Compounder,367.79998779296875,368.0,355.8500061035156,357.25,340.0717468261719,581280
2015-06-24,TITAN.NS,Titan Company,Growth / Compounder,357.6000061035156,361.8999938964844,354.04998779296875,356.6000061035156,339.4530029296875,1036071
2015-06-25,TITAN.NS,Titan Company,Growth / Compounder,353.0,355.95001220703125,348.95001220703125,352.8500061035156,335.88336181640625,2374867
2015-06-26,TITAN.NS,Titan Company,Growth / Compounder,352.8999938964844,361.5,350.25,360.1499938964844,342.8322448730469,972326
2015-06-29,TITAN.NS,Titan Company,Growth / Compounder,354.6499938964844,360.0,350.1499938964844,358.8500061035156,341.5948181152344,521388
2015-06-30,TITAN.NS,Titan Company,Growth / Compounder,358.8500061035156,370.25,355.1000061035156,366.29998779296875,348.6866149902344,928099
2015-07-01,TITAN.NS,Titan Company,Growth / Compounder,365.0,366.95001220703125,360.54998779296875,361.8999938964844,344.4981384277344,581426
2015-07-02,TITAN.NS,Titan Company,Growth / Compounder,362.25,363.25,352.3500061035156,355.25,338.16790771484375,1301446
2015-07-03,TITAN.NS,Titan Company,Growth / Compounder,349.5,359.5,349.5,357.29998779296875,340.11932373046875,640953
2015-07-06,TITAN.NS,Titan Company,Growth / Compounder,352.04998779296875,357.95001220703125,352.0,355.8500061035156,338.7390441894531,606970
2015-07-07,TITAN.NS,Titan Company,Growth / Compounder,356.0,362.95001220703125,355.6000061035156,361.04998779296875,343.68902587890625,622813
2015-07-08,TITAN.NS,Titan Company,Growth / Compounder,356.1000061035156,360.0,351.25,354.95001220703125,337.8823547363281,743184
2015-07-09,TITAN.NS,Titan Company,Growth / Compounder,355.45001220703125,361.8999938964844,354.0,359.70001220703125,342.40399169921875,492767
2015-07-10,TITAN.NS,Titan Company,Growth / Compounder,360.20001220703125,364.45001220703125,354.45001220703125,355.79998779296875,338.6914367675781,675678
2015-07-13,TITAN.NS,Titan Company,Growth / Compounder,356.5,358.5,352.3999938964844,357.29998779296875,340.11932373046875,349986
2015-07-14,TITAN.NS,Titan Company,Growth / Compounder,357.79998779296875,363.6499938964844,356.0,359.8500061035156,342.54669189453125,483292
2015-07-15,TITAN.NS,Titan Company,Growth / Compounder,358.70001220703125,358.70001220703125,348.3500061035156,350.75,333.8843078613281,597184
2015-07-16,TITAN.NS,Titan Company,Growth / Compounder,350.0,353.8500061035156,348.5,350.6499938964844,333.78912353515625,330307
2015-07-17,TITAN.NS,Titan Company,Growth / Compounder,348.5,353.6000061035156,347.1000061035156,348.95001220703125,334.3640441894531,557575
2015-07-20,TITAN.NS,Titan Company,Growth / Compounder,349.0,351.29998779296875,344.0,345.1499938964844,330.7228698730469,808216
2015-07-21,TITAN.NS,Titan Company,Growth / Compounder,346.0,346.8999938964844,338.04998779296875,339.75,325.548583984375,475068
2015-07-22,TITAN.NS,Titan Company,Growth / Compounder,339.0,340.0,333.3500061035156,338.0,323.8717346191406,810073
2015-07-23,TITAN.NS,Titan Company,Growth / Compounder,339.0,345.0,335.29998779296875,337.04998779296875,322.9614562988281,672679
2015-07-24,TITAN.NS,Titan Company,Growth / Compounder,337.0,343.8999938964844,335.3500061035156,340.1000061035156,325.8839416503906,709976
2015-07-27,TITAN.NS,Titan Company,Growth / Compounder,339.5,341.3500061035156,331.20001220703125,335.8999938964844,321.85955810546875,487372
2015-07-28,TITAN.NS,Titan Company,Growth / Compounder,336.5,344.8999938964844,336.5,341.1000061035156,326.8421325683594,1107079
2015-07-29,TITAN.NS,Titan Company,Growth / Compounder,342.8500061035156,343.75,333.29998779296875,338.54998779296875,324.3987731933594,801921
2015-07-30,TITAN.NS,Titan Company,Growth / Compounder,338.5,345.25,336.0,338.79998779296875,324.6383361816406,1117699
2015-07-31,TITAN.NS,Titan Company,Growth / Compounder,339.0,341.6000061035156,320.3500061035156,323.6499938964844,310.1215515136719,3631818
2015-08-03,TITAN.NS,Titan Company,Growth / Compounder,323.0,324.0,315.45001220703125,317.25,303.9891357421875,2457661
2015-08-04,TITAN.NS,Titan Company,Growth / Compounder,317.70001220703125,319.3999938964844,314.5,315.95001220703125,302.74346923828125,1300131
2015-08-05,TITAN.NS,Titan Company,Growth / Compounder,316.95001220703125,322.8500061035156,316.04998779296875,320.5,307.10321044921875,1990552
2015-08-06,TITAN.NS,Titan Company,Growth / Compounder,324.45001220703125,328.75,321.0,327.75,314.0502014160156,1355010
2015-08-07,TITAN.NS,Titan Company,Growth / Compounder,328.0,335.1499938964844,324.5,334.0,320.0389404296875,1020332
2015-08-10,TITAN.NS,Titan Company,Growth / Compounder,334.45001220703125,334.5,328.0,329.3500061035156,315.5833435058594,527219
2015-08-11,TITAN.NS,Titan Company,Growth / Compounder,330.5,338.0,323.1000061035156,328.3999938964844,314.6730041503906,1135585
2015-08-12,TITAN.NS,Titan Company,Growth / Compounder,327.8999938964844,334.0,323.20001220703125,330.1000061035156,316.3019714355469,628727
2015-08-13,TITAN.NS,Titan Company,Growth / Compounder,331.20001220703125,338.6000061035156,320.6000061035156,328.1499938964844,314.4334716796875,1800158
2015-08-14,TITAN.NS,Titan Company,Growth / Compounder,331.8999938964844,337.0,326.0,335.04998779296875,321.0450744628906,349444
2015-08-17,TITAN.NS,Titan Company,Growth / Compounder,336.1000061035156,340.0,330.1499938964844,336.6000061035156,322.53021240234375,590909
2015-08-18,TITAN.NS,Titan Company,Growth / Compounder,338.0,338.6000061035156,331.6000061035156,336.1499938964844,322.0990905761719,219001
2015-08-19,TITAN.NS,Titan Company,Growth / Compounder,335.8500061035156,342.8999938964844,334.25,340.45001220703125,326.2193603515625,336368
2015-08-20,TITAN.NS,Titan Company,Growth / Compounder,344.6000061035156,345.79998779296875,338.3500061035156,341.20001220703125,326.93804931640625,758875
2015-08-21,TITAN.NS,Titan Company,Growth / Compounder,338.1000061035156,345.5,334.1000061035156,344.29998779296875,329.9083557128906,603152
2015-08-24,TITAN.NS,Titan Company,Growth / Compounder,334.5,338.8500061035156,328.54998779296875,332.6000061035156,318.69744873046875,802619
2015-08-25,TITAN.NS,Titan Company,Growth / Compounder,335.04998779296875,337.70001220703125,321.5,327.0,313.33148193359375,635497
2015-08-26,TITAN.NS,Titan Company,Growth / Compounder,328.0,333.1000061035156,320.5,324.75,311.1756286621094,795875
2015-08-27,TITAN.NS,Titan Company,Growth / Compounder,320.0,353.1000061035156,320.0,347.04998779296875,332.54345703125,3735076
2015-08-28,TITAN.NS,Titan Company,Growth / Compounder,346.1000061035156,348.0,338.3999938964844,341.6000061035156,327.3212585449219,742569
2015-08-31,TITAN.NS,Titan Company,Growth / Compounder,341.8999938964844,345.0,336.1499938964844,337.79998779296875,323.68011474609375,561975
2015-09-01,TITAN.NS,Titan Company,Growth / Compounder,335.75,339.29998779296875,328.0,334.95001220703125,320.9492492675781,423225
2015-09-02,TITAN.NS,Titan Company,Growth / Compounder,336.0,336.0,321.1000061035156,323.1000061035156,309.59454345703125,909066
2015-09-03,TITAN.NS,Titan Company,Growth / Compounder,324.8500061035156,330.0,323.0,327.20001220703125,313.5232238769531,351699
2015-09-04,TITAN.NS,Titan Company,Growth / Compounder,327.75,334.3999938964844,318.3500061035156,332.95001220703125,319.0328369140625,854711
2015-09-07,TITAN.NS,Titan Company,Growth / Compounder,333.0,337.70001220703125,329.1000061035156,332.3999938964844,318.5058288574219,366587
2015-09-08,TITAN.NS,Titan Company,Growth / Compounder,333.1000061035156,334.95001220703125,316.04998779296875,322.0,308.5404968261719,842521
2015-09-09,TITAN.NS,Titan Company,Growth / Compounder,325.25,332.5,324.3500061035156,330.54998779296875,316.733154296875,903800
2015-09-10,TITAN.NS,Titan Company,Growth / Compounder,326.3500061035156,329.79998779296875,321.25,325.95001220703125,312.325439453125,756925
2015-09-11,TITAN.NS,Titan Company,Growth / Compounder,326.25,331.0,325.1499938964844,326.45001220703125,312.80450439453125,481787
2015-09-14,TITAN.NS,Titan Company,Growth / Compounder,329.8999938964844,331.0,325.20001220703125,329.0,315.2479553222656,324466
2015-09-15,TITAN.NS,Titan Company,Growth / Compounder,331.0,331.0,323.0,326.0,312.3733825683594,231855
2015-09-16,TITAN.NS,Titan Company,Growth / Compounder,330.1000061035156,331.25,326.3999938964844,327.75,314.0502014160156,179163
2015-09-18,TITAN.NS,Titan Company,Growth / Compounder,326.29998779296875,329.79998779296875,319.6499938964844,321.8999938964844,308.44476318359375,1000353
2015-09-21,TITAN.NS,Titan Company,Growth / Compounder,320.0,323.3999938964844,317.29998779296875,318.70001220703125,305.37847900390625,430092
2015-09-22,TITAN.NS,Titan Company,Growth / Compounder,319.5,323.6499938964844,316.29998779296875,318.8500061035156,305.52215576171875,457865
2015-09-23,TITAN.NS,Titan Company,Growth / Compounder,317.0,321.5,311.20001220703125,319.8999938964844,306.5283203125,635557
2015-09-24,TITAN.NS,Titan Company,Growth / Compounder,319.45001220703125,326.8999938964844,318.0,324.8500061035156,311.2713928222656,1692883
2015-09-28,TITAN.NS,Titan Company,Growth / Compounder,324.95001220703125,328.70001220703125,321.20001220703125,326.1000061035156,312.4691467285156,484788
2015-09-29,TITAN.NS,Titan Company,Growth / Compounder,323.79998779296875,324.95001220703125,318.5,321.20001220703125,307.7740478515625,589238
2015-09-30,TITAN.NS,Titan Company,Growth / Compounder,323.0,324.6000061035156,316.3999938964844,317.8500061035156,304.56396484375,697606
2015-10-01,TITAN.NS,Titan Company,Growth / Compounder,314.0,329.70001220703125,302.75,327.25,313.5711669921875,1842510
2015-10-05,TITAN.NS,Titan Company,Growth / Compounder,331.8999938964844,334.45001220703125,325.79998779296875,330.8500061035156,317.0206604003906,473457
2015-10-06,TITAN.NS,Titan Company,Growth / Compounder,333.20001220703125,349.95001220703125,329.45001220703125,348.5,333.9328308105469,1592362
2015-10-07,TITAN.NS,Titan Company,Growth / Compounder,344.0,347.70001220703125,342.3999938964844,345.1499938964844,330.7228698730469,398156
2015-10-08,TITAN.NS,Titan Company,Growth / Compounder,345.04998779296875,349.1000061035156,340.0,341.04998779296875,326.79425048828125,353672
2015-10-09,TITAN.NS,Titan Company,Growth / Compounder,342.75,347.25,340.3500061035156,343.20001220703125,328.8543395996094,521299
2015-10-12,TITAN.NS,Titan Company,Growth / Compounder,340.70001220703125,349.45001220703125,340.70001220703125,342.6499938964844,328.3273620605469,731079
2015-10-13,TITAN.NS,Titan Company,Growth / Compounder,342.5,346.1000061035156,342.29998779296875,343.45001220703125,329.0939636230469,222643
2015-10-14,TITAN.NS,Titan Company,Growth / Compounder,345.0,351.79998779296875,341.95001220703125,348.45001220703125,333.8848876953125,775139
2015-10-15,TITAN.NS,Titan Company,Growth / Compounder,350.20001220703125,355.0,343.29998779296875,352.95001220703125,338.1968688964844,830753
2015-10-16,TITAN.NS,Titan Company,Growth / Compounder,354.6499938964844,355.79998779296875,350.79998779296875,353.95001220703125,339.1550598144531,592163
2015-10-19,TITAN.NS,Titan Company,Growth / Compounder,346.0,356.75,346.0,350.95001220703125,336.2804260253906,535865
2015-10-20,TITAN.NS,Titan Company,Growth / Compounder,351.29998779296875,357.95001220703125,349.75,352.1000061035156,337.3823547363281,440519
2015-10-21,TITAN.NS,Titan Company,Growth / Compounder,353.6000061035156,354.0,343.70001220703125,347.79998779296875,333.2620849609375,397954
2015-10-23,TITAN.NS,Titan Company,Growth / Compounder,355.6499938964844,355.6499938964844,342.70001220703125,343.70001220703125,329.33349609375,336286
2015-10-26,TITAN.NS,Titan Company,Growth / Compounder,344.3999938964844,349.0,343.1000061035156,344.79998779296875,330.3874816894531,475118
2015-10-27,TITAN.NS,Titan Company,Growth / Compounder,344.79998779296875,346.25,338.25,340.3999938964844,326.17144775390625,265056
2015-10-28,TITAN.NS,Titan Company,Growth / Compounder,341.0,355.5,340.95001220703125,350.79998779296875,336.13671875,670732
2015-10-29,TITAN.NS,Titan Company,Growth / Compounder,351.29998779296875,356.5,348.20001220703125,352.29998779296875,337.57403564453125,880195
2015-10-30,TITAN.NS,Titan Company,Growth / Compounder,346.0,355.0,342.8999938964844,349.95001220703125,335.3222351074219,1191629
2015-11-02,TITAN.NS,Titan Company,Growth / Compounder,335.0,358.8999938964844,329.3500061035156,356.6000061035156,341.69427490234375,4413018
2015-11-03,TITAN.NS,Titan Company,Growth / Compounder,354.8999938964844,364.5,347.6000061035156,348.3999938964844,333.8370361328125,1697686
2015-11-04,TITAN.NS,Titan Company,Growth / Compounder,349.1000061035156,354.54998779296875,346.95001220703125,348.0,333.4537658691406,774920
2015-11-05,TITAN.NS,Titan Company,Growth / Compounder,347.04998779296875,354.0,346.0,348.75,334.17236328125,476785
2015-11-06,TITAN.NS,Titan Company,Growth / Compounder,348.95001220703125,353.0,346.1499938964844,350.04998779296875,335.4180908203125,495582
2015-11-09,TITAN.NS,Titan Company,Growth / Compounder,340.5,361.0,340.5,354.3999938964844,339.5862121582031,714356
2015-11-10,TITAN.NS,Titan Company,Growth / Compounder,354.0,358.0,348.8500061035156,352.79998779296875,338.0530700683594,347269
2015-11-13,TITAN.NS,Titan Company,Growth / Compounder,351.70001220703125,359.0,350.20001220703125,354.6499938964844,339.82574462890625,567501
2015-11-16,TITAN.NS,Titan Company,Growth / Compounder,351.04998779296875,362.6000061035156,351.04998779296875,359.70001220703125,344.66473388671875,655262
2015-11-17,TITAN.NS,Titan Company,Growth / Compounder,360.20001220703125,361.25,356.0,358.3999938964844,343.41900634765625,506095
2015-11-18,TITAN.NS,Titan Company,Growth / Compounder,356.20001220703125,364.79998779296875,356.20001220703125,360.79998779296875,345.71868896484375,409990
2015-11-19,TITAN.NS,Titan Company,Growth / Compounder,363.70001220703125,372.0,358.79998779296875,369.8999938964844,354.4383544921875,802938
2015-11-20,TITAN.NS,Titan Company,Growth / Compounder,372.1499938964844,374.45001220703125,366.6499938964844,371.70001220703125,356.1631164550781,724817
2015-11-23,TITAN.NS,Titan Company,Growth / Compounder,371.70001220703125,382.8999938964844,370.20001220703125,380.29998779296875,364.4035949707031,869178
2015-11-24,TITAN.NS,Titan Company,Growth / Compounder,384.0,384.29998779296875,376.3500061035156,378.04998779296875,362.2476501464844,813490
2015-11-26,TITAN.NS,Titan Company,Growth / Compounder,376.1000061035156,392.3999938964844,376.1000061035156,388.54998779296875,372.30877685546875,2068604
2015-11-27,TITAN.NS,Titan Company,Growth / Compounder,389.75,389.75,378.6499938964844,379.8999938964844,364.0202941894531,638174
2015-11-30,TITAN.NS,Titan Company,Growth / Compounder,378.0,385.8999938964844,377.75,381.5,365.553466796875,315528
2015-12-01,TITAN.NS,Titan Company,Growth / Compounder,382.1499938964844,382.5,376.6499938964844,377.8999938964844,362.1039123535156,400194
2015-12-02,TITAN.NS,Titan Company,Growth / Compounder,378.04998779296875,383.95001220703125,375.3500061035156,376.70001220703125,360.9541015625,377398
2015-12-03,TITAN.NS,Titan Company,Growth / Compounder,373.5,379.0,370.04998779296875,372.0,356.4505920410156,411070
2015-12-04,TITAN.NS,Titan Company,Growth / Compounder,370.1499938964844,375.6000061035156,365.75,366.75,351.41998291015625,263031
2015-12-07,TITAN.NS,Titan Company,Growth / Compounder,368.20001220703125,372.75,364.5,367.8500061035156,352.4740295410156,463510
2015-12-08,TITAN.NS,Titan Company,Growth / Compounder,366.0,371.25,363.8999938964844,365.79998779296875,350.50970458984375,414619
2015-12-09,TITAN.NS,Titan Company,Growth / Compounder,365.70001220703125,368.0,358.70001220703125,359.79998779296875,344.7605285644531,419161
2015-12-10,TITAN.NS,Titan Company,Growth / Compounder,360.8999938964844,364.25,358.1499938964844,362.75,347.5871887207031,236817
2015-12-11,TITAN.NS,Titan Company,Growth / Compounder,370.8500061035156,378.3500061035156,349.70001220703125,352.54998779296875,337.8135681152344,3053855
2015-12-14,TITAN.NS,Titan Company,Growth / Compounder,348.79998779296875,358.29998779296875,348.04998779296875,353.20001220703125,338.4364013671875,1503832
2015-12-15,TITAN.NS,Titan Company,Growth / Compounder,353.95001220703125,365.3999938964844,350.0,364.04998779296875,348.8328552246094,1385795
2015-12-16,TITAN.NS,Titan Company,Growth / Compounder,364.45001220703125,365.95001220703125,352.3999938964844,355.45001220703125,340.5924072265625,1158158
2015-12-17,TITAN.NS,Titan Company,Growth / Compounder,356.1499938964844,356.8500061035156,350.0,353.1499938964844,338.3884582519531,1160421
2015-12-18,TITAN.NS,Titan Company,Growth / Compounder,352.8999938964844,363.0,350.5,361.79998779296875,346.67694091796875,2133764
2015-12-21,TITAN.NS,Titan Company,Growth / Compounder,360.95001220703125,360.95001220703125,352.79998779296875,355.1000061035156,340.2569274902344,893057
2015-12-22,TITAN.NS,Titan Company,Growth / Compounder,356.0,362.8999938964844,354.45001220703125,361.3500061035156,346.2457580566406,1122747
2015-12-23,TITAN.NS,Titan Company,Growth / Compounder,362.20001220703125,364.3999938964844,355.75,358.20001220703125,343.2274169921875,751759
2015-12-24,TITAN.NS,Titan Company,Growth / Compounder,360.0,364.70001220703125,343.20001220703125,350.6499938964844,335.99298095703125,1477723
2015-12-28,TITAN.NS,Titan Company,Growth / Compounder,350.6499938964844,353.3999938964844,349.29998779296875,350.5,335.8492431640625,647834
2015-12-29,TITAN.NS,Titan Company,Growth / Compounder,349.5,352.5,343.79998779296875,351.29998779296875,336.61578369140625,1612905
2015-12-30,TITAN.NS,Titan Company,Growth / Compounder,351.0,352.5,348.5,349.8500061035156,335.2264099121094,312305
2015-12-31,TITAN.NS,Titan Company,Growth / Compounder,350.20001220703125,354.8500061035156,339.79998779296875,347.1499938964844,332.63922119140625,4706175
2016-01-01,TITAN.NS,Titan Company,Growth / Compounder,347.1499938964844,353.79998779296875,346.5,352.04998779296875,337.3344421386719,452823
2016-01-04,TITAN.NS,Titan Company,Growth / Compounder,350.0,353.5,347.8500061035156,351.3999938964844,336.7116394042969,687951
2016-01-05,TITAN.NS,Titan Company,Growth / Compounder,351.8999938964844,355.0,345.79998779296875,347.70001220703125,333.16632080078125,1494306
2016-01-06,TITAN.NS,Titan Company,Growth / Compounder,347.70001220703125,350.8999938964844,343.20001220703125,347.8500061035156,333.30999755859375,1000140
2016-01-07,TITAN.NS,Titan Company,Growth / Compounder,346.70001220703125,347.70001220703125,336.54998779296875,344.04998779296875,329.66888427734375,1423390
2016-01-08,TITAN.NS,Titan Company,Growth / Compounder,347.70001220703125,350.5,338.20001220703125,348.0,333.4537658691406,1341603
2016-01-11,TITAN.NS,Titan Company,Growth / Compounder,345.0,350.0,343.6499938964844,345.04998779296875,330.6270446777344,705294
2016-01-12,TITAN.NS,Titan Company,Growth / Compounder,346.5,349.0,344.70001220703125,346.8999938964844,332.3997497558594,638269
2016-01-13,TITAN.NS,Titan Company,Growth / Compounder,349.5,351.25,345.0,349.95001220703125,335.3222351074219,735198
2016-01-14,TITAN.NS,Titan Company,Growth / Compounder,347.0,359.95001220703125,340.0,341.70001220703125,327.4170837402344,2007294
2016-01-15,TITAN.NS,Titan Company,Growth / Compounder,342.0,342.5,332.54998779296875,335.8500061035156,321.8116455078125,1570462
2016-01-18,TITAN.NS,Titan Company,Growth / Compounder,335.0,343.79998779296875,332.6000061035156,334.25,320.27850341796875,2640407
2016-01-19,TITAN.NS,Titan Company,Growth / Compounder,334.1000061035156,340.45001220703125,326.95001220703125,339.20001220703125,325.0216064453125,1222626
2016-01-20,TITAN.NS,Titan Company,Growth / Compounder,335.8999938964844,343.8999938964844,333.95001220703125,340.8500061035156,326.6025695800781,1530254
2016-01-21,TITAN.NS,Titan Company,Growth / Compounder,343.8999938964844,347.6000061035156,337.20001220703125,343.3999938964844,329.04608154296875,1015243
2016-01-22,TITAN.NS,Titan Company,Growth / Compounder,346.0,349.0,336.79998779296875,347.6000061035156,333.07049560546875,1027422
2016-01-25,TITAN.NS,Titan Company,Growth / Compounder,350.8999938964844,357.95001220703125,346.54998779296875,354.45001220703125,339.63409423828125,801820
2016-01-27,TITAN.NS,Titan Company,Growth / Compounder,357.8500061035156,357.8500061035156,345.0,349.6499938964844,335.03472900390625,866074
2016-01-28,TITAN.NS,Titan Company,Growth / Compounder,345.79998779296875,348.8999938964844,336.8999938964844,339.0,324.8299560546875,1060659
2016-01-29,TITAN.NS,Titan Company,Growth / Compounder,347.0,366.70001220703125,346.45001220703125,363.70001220703125,348.4975280761719,1807418
2016-02-01,TITAN.NS,Titan Company,Growth / Compounder,364.5,366.25,357.45001220703125,359.95001220703125,344.9042663574219,659748
2016-02-02,TITAN.NS,Titan Company,Growth / Compounder,359.8999938964844,362.79998779296875,350.70001220703125,352.0,337.28656005859375,757686
2016-02-03,TITAN.NS,Titan Company,Growth / Compounder,345.0,356.5,345.0,354.04998779296875,339.2508544921875,723244
2016-02-04,TITAN.NS,Titan Company,Growth / Compounder,356.04998779296875,372.8999938964844,356.04998779296875,362.0,346.8685302734375,1519516
2016-02-05,TITAN.NS,Titan Company,Growth / Compounder,363.6499938964844,372.0,361.1000061035156,369.54998779296875,354.1029357910156,1549307
2016-02-08,TITAN.NS,Titan Company,Growth / Compounder,366.1000061035156,376.0,365.0,371.6000061035156,356.0672912597656,1047610
2016-02-09,TITAN.NS,Titan Company,Growth / Compounder,367.5,375.6000061035156,365.5,366.8500061035156,351.515869140625,808046
2016-02-10,TITAN.NS,Titan Company,Growth / Compounder,365.0,373.79998779296875,364.04998779296875,370.3999938964844,354.9174499511719,2059928
2016-02-11,TITAN.NS,Titan Company,Growth / Compounder,369.0,370.29998779296875,353.95001220703125,356.3500061035156,341.4547424316406,1069363
2016-02-12,TITAN.NS,Titan Company,Growth / Compounder,358.1499938964844,360.75,341.1000061035156,355.8500061035156,340.9755859375,2187500
2016-02-15,TITAN.NS,Titan Company,Growth / Compounder,356.25,364.6499938964844,350.5,358.70001220703125,343.7065124511719,775675
2016-02-16,TITAN.NS,Titan Company,Growth / Compounder,362.95001220703125,363.3999938964844,346.5,347.54998779296875,333.0225524902344,1720575
2016-02-17,TITAN.NS,Titan Company,Growth / Compounder,346.29998779296875,346.3500061035156,323.04998779296875,326.8500061035156,313.18780517578125,2744020
2016-02-18,TITAN.NS,Titan Company,Growth / Compounder,328.1000061035156,335.5,320.1499938964844,333.6499938964844,319.7035217285156,1744811
2016-02-19,TITAN.NS,Titan Company,Growth / Compounder,333.0,340.79998779296875,331.0,334.70001220703125,320.70965576171875,807083
2016-02-22,TITAN.NS,Titan Company,Growth / Compounder,337.70001220703125,339.3999938964844,326.29998779296875,337.8999938964844,323.77587890625,873701
2016-02-23,TITAN.NS,Titan Company,Growth / Compounder,338.0,338.0,326.5,329.45001220703125,315.6791076660156,828320
2016-02-24,TITAN.NS,Titan Company,Growth / Compounder,331.0,332.0,324.1499938964844,326.95001220703125,313.2836608886719,668565
2016-02-25,TITAN.NS,Titan Company,Growth / Compounder,328.1000061035156,330.75,322.70001220703125,323.75,310.2173767089844,1270824
2016-02-26,TITAN.NS,Titan Company,Growth / Compounder,328.54998779296875,337.0,324.95001220703125,330.1499938964844,316.3498840332031,881692
2016-02-29,TITAN.NS,Titan Company,Growth / Compounder,331.75,331.75,301.70001220703125,316.79998779296875,303.5578308105469,1857767
2016-03-01,TITAN.NS,Titan Company,Growth / Compounder,312.5,340.0,310.0,337.5,323.39263916015625,1388815
2016-03-02,TITAN.NS,Titan Company,Growth / Compounder,337.5,338.45001220703125,327.5,333.8999938964844,319.9431457519531,1520145
2016-03-03,TITAN.NS,Titan Company,Growth / Compounder,333.0,344.5,332.45001220703125,342.1499938964844,327.8482666015625,1501530
2016-03-04,TITAN.NS,Titan Company,Growth / Compounder,341.8999938964844,345.3999938964844,336.0,338.45001220703125,324.30291748046875,893896
2016-03-08,TITAN.NS,Titan Company,Growth / Compounder,338.0,344.0,336.20001220703125,341.54998779296875,327.27337646484375,2006420
2016-03-09,TITAN.NS,Titan Company,Growth / Compounder,341.54998779296875,341.54998779296875,337.20001220703125,339.8500061035156,325.6444396972656,914711
2016-03-10,TITAN.NS,Titan Company,Growth / Compounder,339.70001220703125,345.5,337.79998779296875,339.04998779296875,324.8778381347656,3429651
2016-03-11,TITAN.NS,Titan Company,Growth / Compounder,340.04998779296875,347.3999938964844,337.0,346.0,331.537353515625,1425552
2016-03-14,TITAN.NS,Titan Company,Growth / Compounder,347.1000061035156,349.5,340.04998779296875,341.1499938964844,326.8900451660156,794134
2016-03-15,TITAN.NS,Titan Company,Growth / Compounder,342.70001220703125,345.0,340.25,343.79998779296875,329.4292907714844,963552
2016-03-16,TITAN.NS,Titan Company,Growth / Compounder,342.8999938964844,343.6000061035156,337.04998779296875,339.6499938964844,325.4527893066406,804723
2016-03-17,TITAN.NS,Titan Company,Growth / Compounder,343.5,343.8999938964844,337.70001220703125,339.5,325.30902099609375,1527064
2016-03-18,TITAN.NS,Titan Company,Growth / Compounder,340.1000061035156,344.5,336.04998779296875,337.79998779296875,323.68011474609375,2523802
2016-03-21,TITAN.NS,Titan Company,Growth / Compounder,341.0,344.45001220703125,337.25,342.1000061035156,327.8003234863281,1071707
2016-03-22,TITAN.NS,Titan Company,Growth / Compounder,341.6000061035156,361.0,341.6000061035156,358.6000061035156,345.8346862792969,1399074
2016-03-23,TITAN.NS,Titan Company,Growth / Compounder,358.6000061035156,358.8999938964844,351.5,352.70001220703125,340.1446838378906,472224
2016-03-28,TITAN.NS,Titan Company,Growth / Compounder,356.70001220703125,357.0,325.0,327.3999938964844,315.7453308105469,1417021
2016-03-29,TITAN.NS,Titan Company,Growth / Compounder,325.0,331.0,320.29998779296875,329.75,318.01165771484375,2005734
2016-03-30,TITAN.NS,Titan Company,Growth / Compounder,331.3999938964844,339.54998779296875,331.3999938964844,338.25,326.20904541015625,1455310
2016-03-31,TITAN.NS,Titan Company,Growth / Compounder,338.5,340.1499938964844,334.25,339.1000061035156,327.0288391113281,895578
2016-04-01,TITAN.NS,Titan Company,Growth / Compounder,339.0,343.0,335.3999938964844,339.45001220703125,327.36639404296875,517494
2016-04-04,TITAN.NS,Titan Company,Growth / Compounder,338.20001220703125,345.8500061035156,336.5,344.54998779296875,332.2848205566406,796436
2016-04-05,TITAN.NS,Titan Company,Growth / Compounder,343.8999938964844,348.0,341.29998779296875,345.6000061035156,333.2974548339844,829255
2016-04-06,TITAN.NS,Titan Company,Growth / Compounder,346.79998779296875,350.0,345.1499938964844,348.1000061035156,335.7084045410156,1075449
2016-04-07,TITAN.NS,Titan Company,Growth / Compounder,346.0,348.3999938964844,338.45001220703125,339.29998779296875,327.2216796875,1433323
2016-04-08,TITAN.NS,Titan Company,Growth / Compounder,339.0,339.0,333.79998779296875,335.8500061035156,323.8945617675781,652937
2016-04-11,TITAN.NS,Titan Company,Growth / Compounder,336.8999938964844,347.8999938964844,336.8500061035156,344.54998779296875,332.2848205566406,676453
2016-04-12,TITAN.NS,Titan Company,Growth / Compounder,349.6499938964844,354.0,346.04998779296875,350.3999938964844,337.92657470703125,1549878
2016-04-13,TITAN.NS,Titan Company,Growth / Compounder,353.0,360.29998779296875,348.3999938964844,352.8500061035156,340.2893981933594,1722232
2016-04-18,TITAN.NS,Titan Company,Growth / Compounder,352.1000061035156,364.45001220703125,349.04998779296875,361.79998779296875,348.9208068847656,2020524
2016-04-20,TITAN.NS,Titan Company,Growth / Compounder,365.79998779296875,379.0,363.25,373.79998779296875,360.4936218261719,2840312
2016-04-21,TITAN.NS,Titan Company,Growth / Compounder,379.95001220703125,384.6000061035156,366.75,369.3500061035156,356.2019958496094,1769805
2016-04-22,TITAN.NS,Titan Company,Growth / Compounder,369.0,374.6499938964844,363.6000061035156,371.6499938964844,358.4201965332031,748456
2016-04-25,TITAN.NS,Titan Company,Growth / Compounder,374.8999938964844,375.0,369.25,373.6000061035156,360.30072021484375,751650
2016-04-26,TITAN.NS,Titan Company,Growth / Compounder,372.5,373.95001220703125,366.3999938964844,371.8500061035156,358.613037109375,993569
2016-04-27,TITAN.NS,Titan Company,Growth / Compounder,371.70001220703125,377.0,367.29998779296875,371.5,358.2754821777344,648977
2016-04-28,TITAN.NS,Titan Company,Growth / Compounder,371.5,372.8999938964844,366.1000061035156,369.54998779296875,356.3948669433594,1902333
2016-04-29,TITAN.NS,Titan Company,Growth / Compounder,366.0,368.29998779296875,355.0,355.8999938964844,343.23077392578125,1099913
2016-05-02,TITAN.NS,Titan Company,Growth / Compounder,357.70001220703125,368.95001220703125,355.95001220703125,367.6499938964844,354.5625305175781,966084
2016-05-03,TITAN.NS,Titan Company,Growth / Compounder,367.1000061035156,369.0,357.3999938964844,360.1000061035156,347.28125,963168
2016-05-04,TITAN.NS,Titan Company,Growth / Compounder,358.0,364.04998779296875,357.25,360.04998779296875,347.2330627441406,1040577
2016-05-05,TITAN.NS,Titan Company,Growth / Compounder,358.70001220703125,364.5,353.20001220703125,359.20001220703125,346.41339111328125,1448922
2016-05-06,TITAN.NS,Titan Company,Growth / Compounder,357.6000061035156,368.1000061035156,353.79998779296875,365.45001220703125,352.4408264160156,1508866
2016-05-09,TITAN.NS,Titan Company,Growth / Compounder,354.20001220703125,369.54998779296875,354.20001220703125,365.5,352.4890441894531,4231513
2016-05-10,TITAN.NS,Titan Company,Growth / Compounder,362.70001220703125,372.6499938964844,361.0,371.8500061035156,358.613037109375,1693745
2016-05-11,TITAN.NS,Titan Company,Growth / Compounder,367.5,374.1499938964844,366.95001220703125,372.0,358.7577209472656,3445883
2016-05-12,TITAN.NS,Titan Company,Growth / Compounder,372.0,378.45001220703125,370.6000061035156,374.0,360.6864929199219,1198216
2016-05-13,TITAN.NS,Titan Company,Growth / Compounder,375.1000061035156,384.8500061035156,363.6499938964844,364.70001220703125,351.7175598144531,2542678
2016-05-16,TITAN.NS,Titan Company,Growth / Compounder,366.0,369.0,363.5,364.8500061035156,351.8621826171875,2146484
2016-05-17,TITAN.NS,Titan Company,Growth / Compounder,367.0,371.3999938964844,363.25,364.75,351.7657470703125,1457307
2016-05-18,TITAN.NS,Titan Company,Growth / Compounder,364.1000061035156,368.75,362.1000061035156,365.25,352.24798583984375,1500718
2016-05-19,TITAN.NS,Titan Company,Growth / Compounder,365.75,368.29998779296875,362.79998779296875,363.95001220703125,350.9942321777344,1203562
2016-05-20,TITAN.NS,Titan Company,Growth / Compounder,366.95001220703125,369.45001220703125,363.79998779296875,366.04998779296875,353.0194396972656,1829681
2016-05-23,TITAN.NS,Titan Company,Growth / Compounder,366.3999938964844,368.8500061035156,361.0,362.6000061035156,349.6922607421875,791265
2016-05-24,TITAN.NS,Titan Company,Growth / Compounder,364.8999938964844,367.5,358.70001220703125,362.6000061035156,349.6922607421875,2006771
2016-05-25,TITAN.NS,Titan Company,Growth / Compounder,363.1499938964844,366.3999938964844,358.6499938964844,364.54998779296875,351.5728759765625,1152110
2016-05-26,TITAN.NS,Titan Company,Growth / Compounder,363.25,366.95001220703125,359.0,361.8999938964844,349.0171813964844,1578440
2016-05-27,TITAN.NS,Titan Company,Growth / Compounder,363.8999938964844,363.8999938964844,359.1000061035156,360.45001220703125,347.6188049316406,804692
2016-05-30,TITAN.NS,Titan Company,Growth / Compounder,361.1000061035156,365.6000061035156,354.25,363.54998779296875,350.60845947265625,2101717
2016-05-31,TITAN.NS,Titan Company,Growth / Compounder,372.5,381.95001220703125,355.3500061035156,360.5,347.6670837402344,27065544
2016-06-01,TITAN.NS,Titan Company,Growth / Compounder,359.0,364.25,356.3999938964844,359.25,346.4615478515625,1519865
2016-06-02,TITAN.NS,Titan Company,Growth / Compounder,358.75,363.0,354.6000061035156,358.04998779296875,345.3042297363281,1144323
2016-06-03,TITAN.NS,Titan Company,Growth / Compounder,359.3999938964844,361.6499938964844,353.20001220703125,355.3500061035156,342.7003479003906,1126862
2016-06-06,TITAN.NS,Titan Company,Growth / Compounder,354.8999938964844,357.04998779296875,351.70001220703125,353.0,340.43408203125,908115
2016-06-07,TITAN.NS,Titan Company,Growth / Compounder,354.29998779296875,361.79998779296875,353.95001220703125,360.6000061035156,347.7634582519531,1181754
2016-06-08,TITAN.NS,Titan Company,Growth / Compounder,361.75,365.5,357.5,362.04998779296875,349.1618347167969,1176799
2016-06-09,TITAN.NS,Titan Company,Growth / Compounder,363.0,366.45001220703125,361.5,364.6499938964844,351.6693420410156,394763
2016-06-10,TITAN.NS,Titan Company,Growth / Compounder,364.20001220703125,366.6499938964844,360.6000061035156,362.0,349.1136474609375,422023
2016-06-13,TITAN.NS,Titan Company,Growth / Compounder,360.0,367.0,358.25,364.20001220703125,351.2353820800781,603739
2016-06-14,TITAN.NS,Titan Company,Growth / Compounder,364.70001220703125,368.8500061035156,363.6000061035156,367.04998779296875,353.98388671875,452856
2016-06-15,TITAN.NS,Titan Company,Growth / Compounder,368.04998779296875,369.8999938964844,364.25,366.8500061035156,353.7910461425781,736622
2016-06-16,TITAN.NS,Titan Company,Growth / Compounder,366.0,372.54998779296875,364.5,371.5,358.2754821777344,850822
2016-06-17,TITAN.NS,Titan Company,Growth / Compounder,372.3500061035156,378.0,372.0,376.3500061035156,362.95281982421875,1834207
2016-06-20,TITAN.NS,Titan Company,Growth / Compounder,375.0,378.29998779296875,371.1000061035156,376.6000061035156,363.1939392089844,1358070
2016-06-21,TITAN.NS,Titan Company,Growth / Compounder,376.8999938964844,377.3999938964844,373.20001220703125,375.45001220703125,362.08489990234375,453254
2016-06-22,TITAN.NS,Titan Company,Growth / Compounder,375.95001220703125,380.8999938964844,375.5,379.29998779296875,365.7978210449219,887946
2016-06-23,TITAN.NS,Titan Company,Growth / Compounder,378.79998779296875,389.70001220703125,377.54998779296875,388.1499938964844,374.3327941894531,1066962
2016-06-24,TITAN.NS,Titan Company,Growth / Compounder,382.0,400.5,378.04998779296875,390.45001220703125,376.5509338378906,2567589
2016-06-27,TITAN.NS,Titan Company,Growth / Compounder,392.0,395.79998779296875,388.45001220703125,391.5,377.5635070800781,963785
2016-06-28,TITAN.NS,Titan Company,Growth / Compounder,395.0,396.0,388.1000061035156,389.8999938964844,376.02044677734375,451122
2016-06-29,TITAN.NS,Titan Company,Growth / Compounder,389.0,398.0,387.70001220703125,396.5,382.38555908203125,972222
2016-06-30,TITAN.NS,Titan Company,Growth / Compounder,398.0,410.1499938964844,396.0,406.25,391.7884826660156,3607558
2016-07-01,TITAN.NS,Titan Company,Growth / Compounder,413.79998779296875,413.79998779296875,404.1499938964844,405.8500061035156,391.4027099609375,881009
2016-07-04,TITAN.NS,Titan Company,Growth / Compounder,408.0,409.8999938964844,404.29998779296875,405.25,390.8240966796875,359798
2016-07-05,TITAN.NS,Titan Company,Growth / Compounder,398.0,407.0,398.0,401.8999938964844,387.5932922363281,608931
2016-07-07,TITAN.NS,Titan Company,Growth / Compounder,402.8999938964844,404.70001220703125,401.20001220703125,402.8500061035156,388.5094909667969,442528
2016-07-08,TITAN.NS,Titan Company,Growth / Compounder,402.1000061035156,405.8999938964844,397.75,401.45001220703125,387.15936279296875,332694
2016-07-11,TITAN.NS,Titan Company,Growth / Compounder,405.20001220703125,407.0,401.6000061035156,402.6499938964844,388.3166198730469,896345
2016-07-12,TITAN.NS,Titan Company,Growth / Compounder,404.1499938964844,408.45001220703125,398.0,406.04998779296875,391.5955810546875,602537
2016-07-13,TITAN.NS,Titan Company,Growth / Compounder,406.1499938964844,407.3999938964844,401.0,404.79998779296875,390.3900451660156,996482
2016-07-14,TITAN.NS,Titan Company,Growth / Compounder,408.0,416.79998779296875,406.29998779296875,414.8999938964844,400.13055419921875,1007303
2016-07-15,TITAN.NS,Titan Company,Growth / Compounder,426.5,435.0,415.04998779296875,417.75,402.8790588378906,2849329
2016-07-18,TITAN.NS,Titan Company,Growth / Compounder,422.0,422.0,391.5,413.79998779296875,399.0696716308594,613955
2016-07-19,TITAN.NS,Titan Company,Growth / Compounder,413.8999938964844,415.3500061035156,409.5,413.25,398.5392761230469,614051
2016-07-20,TITAN.NS,Titan Company,Growth / Compounder,409.0,417.3999938964844,407.20001220703125,412.1000061035156,397.43023681640625,537315
2016-07-21,TITAN.NS,Titan Company,Growth / Compounder,412.0,414.29998779296875,406.25,409.20001220703125,394.6334533691406,316459
2016-07-22,TITAN.NS,Titan Company,Growth / Compounder,410.0,412.1499938964844,405.70001220703125,409.70001220703125,395.1156921386719,562267
2016-07-25,TITAN.NS,Titan Company,Growth / Compounder,411.0,416.5,409.0,412.75,398.0570983886719,704244
2016-07-26,TITAN.NS,Titan Company,Growth / Compounder,414.5,419.3500061035156,411.20001220703125,414.0,399.2625427246094,675183
2016-07-27,TITAN.NS,Titan Company,Growth / Compounder,414.29998779296875,416.3999938964844,407.20001220703125,411.70001220703125,397.04443359375,529343
2016-07-28,TITAN.NS,Titan Company,Growth / Compounder,411.70001220703125,432.5,410.54998779296875,426.6000061035156,411.4140625,1930303
2016-07-29,TITAN.NS,Titan Company,Growth / Compounder,425.1000061035156,427.5,419.5,421.3999938964844,406.399169921875,524658
2016-08-01,TITAN.NS,Titan Company,Growth / Compounder,423.1000061035156,426.0,416.5,422.29998779296875,407.26708984375,527565
2016-08-02,TITAN.NS,Titan Company,Growth / Compounder,422.95001220703125,429.0,421.6499938964844,423.45001220703125,408.376220703125,737731
2016-08-03,TITAN.NS,Titan Company,Growth / Compounder,424.70001220703125,427.0,395.29998779296875,414.75,399.98590087890625,3494599
2016-08-04,TITAN.NS,Titan Company,Growth / Compounder,410.0,411.6499938964844,398.1000061035156,408.20001220703125,393.66900634765625,1763216
2016-08-05,TITAN.NS,Titan Company,Growth / Compounder,410.0,418.1499938964844,404.5,416.45001220703125,401.6253662109375,1055018
2016-08-08,TITAN.NS,Titan Company,Growth / Compounder,420.0,422.20001220703125,415.0,419.70001220703125,404.75970458984375,616890
2016-08-09,TITAN.NS,Titan Company,Growth / Compounder,405.0,421.75,405.0,420.1000061035156,405.1453857421875,813302
2016-08-10,TITAN.NS,Titan Company,Growth / Compounder,420.1000061035156,420.1000061035156,402.3500061035156,403.95001220703125,389.57037353515625,915542
2016-08-11,TITAN.NS,Titan Company,Growth / Compounder,404.79998779296875,405.95001220703125,398.45001220703125,400.3500061035156,386.09844970703125,1784058
2016-08-12,TITAN.NS,Titan Company,Growth / Compounder,401.20001220703125,407.79998779296875,399.6000061035156,401.95001220703125,387.6415100097656,1055193
2016-08-16,TITAN.NS,Titan Company,Growth / Compounder,402.1499938964844,407.8999938964844,392.5,404.54998779296875,390.14892578125,985377
2016-08-17,TITAN.NS,Titan Company,Growth / Compounder,404.8500061035156,409.8999938964844,401.1000061035156,404.6499938964844,390.2454528808594,902574
2016-08-18,TITAN.NS,Titan Company,Growth / Compounder,405.0,407.79998779296875,397.1000061035156,398.1499938964844,383.9767761230469,745822
2016-08-19,TITAN.NS,Titan Company,Growth / Compounder,400.0,403.3500061035156,394.1499938964844,402.0,387.6897888183594,1115131
2016-08-22,TITAN.NS,Titan Company,Growth / Compounder,402.5,406.5,399.1499938964844,402.95001220703125,388.6059875488281,618307
2016-08-23,TITAN.NS,Titan Company,Growth / Compounder,403.0,407.5,401.6000061035156,406.75,392.2706604003906,1353924
2016-08-24,TITAN.NS,Titan Company,Growth / Compounder,406.8999938964844,410.3500061035156,401.6000061035156,404.1499938964844,389.76324462890625,568052
2016-08-25,TITAN.NS,Titan Company,Growth / Compounder,405.45001220703125,408.1000061035156,392.0,395.1000061035156,381.035400390625,1667694
2016-08-26,TITAN.NS,Titan Company,Growth / Compounder,398.3999938964844,407.29998779296875,398.04998779296875,405.75,391.3062744140625,586830
2016-08-29,TITAN.NS,Titan Company,Growth / Compounder,405.75,405.8500061035156,400.25,403.20001220703125,388.84698486328125,232134
2016-08-30,TITAN.NS,Titan Company,Growth / Compounder,403.95001220703125,410.5,402.1000061035156,407.6000061035156,393.0904541015625,866952
2016-08-31,TITAN.NS,Titan Company,Growth / Compounder,408.0,420.25,408.0,418.5,403.6023864746094,1679311
2016-09-01,TITAN.NS,Titan Company,Growth / Compounder,419.0,424.20001220703125,411.25,413.5,398.7803649902344,771295
2016-09-02,TITAN.NS,Titan Company,Growth / Compounder,415.79998779296875,420.1000061035156,415.0,418.3500061035156,403.45770263671875,653097
2016-09-06,TITAN.NS,Titan Company,Growth / Compounder,419.1499938964844,440.0,419.0,437.45001220703125,421.8778381347656,1339453
2016-09-07,TITAN.NS,Titan Company,Growth / Compounder,444.0,444.5,423.29998779296875,425.29998779296875,410.1603088378906,1104546
2016-09-08,TITAN.NS,Titan Company,Growth / Compounder,425.3999938964844,434.8999938964844,423.3500061035156,432.8500061035156,417.44158935546875,990006
2016-09-09,TITAN.NS,Titan Company,Growth / Compounder,434.20001220703125,434.20001220703125,422.1000061035156,423.95001220703125,408.8583984375,975257
2016-09-12,TITAN.NS,Titan Company,Growth / Compounder,420.0,420.0,410.0,411.29998779296875,396.6586608886719,994629
2016-09-14,TITAN.NS,Titan Company,Growth / Compounder,414.0,418.0,406.0,414.54998779296875,399.7929382324219,1555042
2016-09-15,TITAN.NS,Titan Company,Growth / Compounder,417.8999938964844,417.8999938964844,404.3999938964844,406.3999938964844,391.93310546875,1551475
2016-09-16,TITAN.NS,Titan Company,Growth / Compounder,408.5,410.79998779296875,403.20001220703125,407.6000061035156,393.0904541015625,1324334
2016-09-19,TITAN.NS,Titan Company,Growth / Compounder,406.0,409.5,401.5,402.8500061035156,388.5094909667969,860013
2016-09-20,TITAN.NS,Titan Company,Growth / Compounder,401.0,406.5,399.70001220703125,402.8500061035156,388.5094909667969,515849
2016-09-21,TITAN.NS,Titan Company,Growth / Compounder,405.70001220703125,409.8999938964844,402.25,406.45001220703125,391.9813537597656,1052732
2016-09-22,TITAN.NS,Titan Company,Growth / Compounder,409.8500061035156,417.0,408.54998779296875,414.3999938964844,399.6483459472656,1140943
2016-09-23,TITAN.NS,Titan Company,Growth / Compounder,414.0,419.0,407.29998779296875,409.0,394.4405822753906,834603
2016-09-26,TITAN.NS,Titan Company,Growth / Compounder,408.5,410.8500061035156,401.5,404.75,390.34185791015625,555483
2016-09-27,TITAN.NS,Titan Company,Growth / Compounder,402.0,406.75,402.0,405.3500061035156,390.9205017089844,599703
2016-09-28,TITAN.NS,Titan Company,Growth / Compounder,405.0,410.8999938964844,402.0,409.70001220703125,395.1156921386719,1071066
2016-09-29,TITAN.NS,Titan Company,Growth / Compounder,413.0,413.95001220703125,391.04998779296875,393.1499938964844,379.15478515625,1437151
2016-09-30,TITAN.NS,Titan Company,Growth / Compounder,393.04998779296875,399.20001220703125,383.20001220703125,395.1000061035156,381.035400390625,1517886
2016-10-03,TITAN.NS,Titan Company,Growth / Compounder,398.0,408.54998779296875,395.1000061035156,406.6000061035156,392.12603759765625,1133074
2016-10-04,TITAN.NS,Titan Company,Growth / Compounder,407.3500061035156,408.20001220703125,400.6000061035156,406.54998779296875,392.07781982421875,784343
2016-10-05,TITAN.NS,Titan Company,Growth / Compounder,406.70001220703125,408.8500061035156,400.70001220703125,405.8999938964844,391.450927734375,734681
2016-10-06,TITAN.NS,Titan Company,Growth / Compounder,406.5,408.8999938964844,395.1000061035156,398.8500061035156,384.65191650390625,903119
2016-10-07,TITAN.NS,Titan Company,Growth / Compounder,399.8999938964844,400.95001220703125,392.29998779296875,395.29998779296875,381.228271484375,1412940
2016-10-10,TITAN.NS,Titan Company,Growth / Compounder,395.29998779296875,408.6000061035156,395.0,403.70001220703125,389.3292541503906,1317724
2016-10-13,TITAN.NS,Titan Company,Growth / Compounder,403.5,404.04998779296875,385.5,388.20001220703125,374.3810119628906,4769967
2016-10-14,TITAN.NS,Titan Company,Growth / Compounder,392.3999938964844,392.3999938964844,380.1499938964844,385.25,371.5359802246094,3113531
2016-10-17,TITAN.NS,Titan Company,Growth / Compounder,385.25,389.0,380.29998779296875,386.1000061035156,372.3557434082031,1651931
2016-10-18,TITAN.NS,Titan Company,Growth / Compounder,389.8999938964844,390.8999938964844,385.0,390.1000061035156,376.21337890625,864701
2016-10-19,TITAN.NS,Titan Company,Growth / Compounder,391.1000061035156,393.3500061035156,385.95001220703125,388.3999938964844,374.5738830566406,1428598
2016-10-20,TITAN.NS,Titan Company,Growth / Compounder,388.8999938964844,394.0,387.6499938964844,389.6000061035156,375.7311706542969,1130359
2016-10-21,TITAN.NS,Titan Company,Growth / Compounder,390.1000061035156,392.8999938964844,377.1499938964844,379.3999938964844,365.8942565917969,997847
2016-10-24,TITAN.NS,Titan Company,Growth / Compounder,381.6499938964844,381.6499938964844,372.6499938964844,377.54998779296875,364.11004638671875,1511482
2016-10-25,TITAN.NS,Titan Company,Growth / Compounder,375.0,375.5,367.5,373.29998779296875,360.0113525390625,1613924
2016-10-26,TITAN.NS,Titan Company,Growth / Compounder,372.1000061035156,380.45001220703125,367.3500061035156,375.54998779296875,362.1812744140625,1874976
2016-10-27,TITAN.NS,Titan Company,Growth / Compounder,373.0,375.70001220703125,361.1000061035156,369.20001220703125,356.057373046875,1476366
2016-10-28,TITAN.NS,Titan Company,Growth / Compounder,370.45001220703125,376.70001220703125,368.54998779296875,373.54998779296875,360.25244140625,1479061
2016-11-01,TITAN.NS,Titan Company,Growth / Compounder,379.5,381.1000061035156,370.54998779296875,372.70001220703125,359.4327697753906,2554087
2016-11-02,TITAN.NS,Titan Company,Growth / Compounder,371.5,384.29998779296875,369.1499938964844,377.6000061035156,364.1583557128906,2464297
2016-11-03,TITAN.NS,Titan Company,Growth / Compounder,377.45001220703125,383.5,373.79998779296875,377.20001220703125,363.7725830078125,1629999
2016-11-04,TITAN.NS,Titan Company,Growth / Compounder,377.20001220703125,378.0,360.04998779296875,369.04998779296875,355.9127197265625,5181261
2016-11-07,TITAN.NS,Titan Company,Growth / Compounder,372.6000061035156,383.5,368.0,370.5,357.31109619140625,1702175
2016-11-08,TITAN.NS,Titan Company,Growth / Compounder,372.0,374.6000061035156,364.79998779296875,371.1499938964844,357.93792724609375,725837
2016-11-09,TITAN.NS,Titan Company,Growth / Compounder,334.04998779296875,356.25,315.5,348.79998779296875,336.383544921875,6105180
2016-11-10,TITAN.NS,Titan Company,Growth / Compounder,355.3999938964844,359.79998779296875,347.5,349.3500061035156,336.9139709472656,3548040
2016-11-11,TITAN.NS,Titan Company,Growth / Compounder,342.0,343.20001220703125,323.8500061035156,334.95001220703125,323.0265808105469,2165568
2016-11-15,TITAN.NS,Titan Company,Growth / Compounder,332.0,333.6499938964844,301.6499938964844,329.3999938964844,317.674072265625,4023810
2016-11-16,TITAN.NS,Titan Company,Growth / Compounder,333.5,338.1000061035156,313.1499938964844,320.29998779296875,308.8980712890625,1715484
2016-11-17,TITAN.NS,Titan Company,Growth / Compounder,319.95001220703125,322.0,308.29998779296875,315.8999938964844,304.65472412109375,1965715
2016-11-18,TITAN.NS,Titan Company,Growth / Compounder,319.29998779296875,319.5,299.0,303.29998779296875,292.5032043457031,5298478
2016-11-21,TITAN.NS,Titan Company,Growth / Compounder,304.0,306.29998779296875,296.1499938964844,304.1000061035156,293.2747802734375,3322407
2016-11-22,TITAN.NS,Titan Company,Growth / Compounder,306.0,311.70001220703125,300.6499938964844,306.8999938964844,295.9750671386719,1945517
2016-11-23,TITAN.NS,Titan Company,Growth / Compounder,309.0,314.0,306.25,312.5,301.3757019042969,1250719
2016-11-24,TITAN.NS,Titan Company,Growth / Compounder,311.0,314.70001220703125,306.0,307.54998779296875,296.6019287109375,2751768
2016-11-25,TITAN.NS,Titan Company,Growth / Compounder,310.8999938964844,319.20001220703125,306.29998779296875,316.1499938964844,304.8957824707031,1285140
2016-11-28,TITAN.NS,Titan Company,Growth / Compounder,316.95001220703125,318.0,303.75,306.54998779296875,295.6374816894531,1676934
2016-11-29,TITAN.NS,Titan Company,Growth / Compounder,306.0,316.25,305.25,313.8500061035156,302.6776428222656,1450559
2016-11-30,TITAN.NS,Titan Company,Growth / Compounder,314.45001220703125,328.54998779296875,311.45001220703125,323.5,311.984130859375,3265106
2016-12-01,TITAN.NS,Titan Company,Growth / Compounder,323.0,333.3999938964844,317.25,324.8999938964844,313.3343505859375,2650987
2016-12-02,TITAN.NS,Titan Company,Growth / Compounder,320.0,328.20001220703125,307.1499938964844,313.20001220703125,302.05078125,2033226
2016-12-05,TITAN.NS,Titan Company,Growth / Compounder,314.79998779296875,328.5,308.0,325.8500061035156,314.25054931640625,2844583
2016-12-06,TITAN.NS,Titan Company,Growth / Compounder,325.79998779296875,327.25,321.04998779296875,323.5,311.984130859375,1159353
2016-12-07,TITAN.NS,Titan Company,Growth / Compounder,324.8500061035156,327.8999938964844,321.6499938964844,324.20001220703125,312.6592712402344,903190
2016-12-08,TITAN.NS,Titan Company,Growth / Compounder,325.54998779296875,335.5,324.3500061035156,326.6000061035156,314.97381591796875,1684964
2016-12-09,TITAN.NS,Titan Company,Growth / Compounder,326.20001220703125,330.70001220703125,322.70001220703125,326.54998779296875,314.92559814453125,648772
2016-12-12,TITAN.NS,Titan Company,Growth / Compounder,325.29998779296875,330.8500061035156,317.20001220703125,321.70001220703125,310.2482604980469,819985
2016-12-13,TITAN.NS,Titan Company,Growth / Compounder,322.0,327.8999938964844,318.3999938964844,320.04998779296875,308.656982421875,894222
2016-12-14,TITAN.NS,Titan Company,Growth / Compounder,318.8999938964844,325.20001220703125,318.29998779296875,322.1499938964844,310.68212890625,1104507
2016-12-15,TITAN.NS,Titan Company,Growth / Compounder,320.70001220703125,323.79998779296875,314.1000061035156,315.3500061035156,304.1242980957031,1010984
2016-12-16,TITAN.NS,Titan Company,Growth / Compounder,316.0,322.79998779296875,315.20001220703125,321.70001220703125,310.2482604980469,1225800
2016-12-19,TITAN.NS,Titan Company,Growth / Compounder,320.70001220703125,321.5,316.1000061035156,316.8500061035156,305.5709228515625,563223
2016-12-20,TITAN.NS,Titan Company,Growth / Compounder,318.0,322.45001220703125,316.1000061035156,317.95001220703125,306.63177490234375,572858
2016-12-21,TITAN.NS,Titan Company,Growth / Compounder,319.70001220703125,327.8999938964844,313.0,319.70001220703125,308.3194580078125,1494083
2016-12-22,TITAN.NS,Titan Company,Growth / Compounder,318.70001220703125,322.8999938964844,308.3999938964844,309.79998779296875,298.7718811035156,2326292
2016-12-23,TITAN.NS,Titan Company,Growth / Compounder,310.8999938964844,315.5,308.5,314.29998779296875,303.1116943359375,966581
2016-12-26,TITAN.NS,Titan Company,Growth / Compounder,313.0,314.3999938964844,307.1000061035156,307.8500061035156,296.89129638671875,672698
2016-12-27,TITAN.NS,Titan Company,Growth / Compounder,311.0,317.0,308.1000061035156,316.3500061035156,305.0887145996094,722421
2016-12-28,TITAN.NS,Titan Company,Growth / Compounder,312.79998779296875,317.95001220703125,312.79998779296875,314.25,303.06341552734375,949474
2016-12-29,TITAN.NS,Titan Company,Growth / Compounder,314.95001220703125,323.3999938964844,312.3500061035156,320.95001220703125,309.52496337890625,1462224
2016-12-30,TITAN.NS,Titan Company,Growth / Compounder,322.6000061035156,328.0,321.70001220703125,326.79998779296875,315.1666564941406,498203
2017-01-02,TITAN.NS,Titan Company,Growth / Compounder,328.95001220703125,336.29998779296875,325.5,333.95001220703125,322.06219482421875,656084
2017-01-03,TITAN.NS,Titan Company,Growth / Compounder,341.0,354.6000061035156,339.1499938964844,348.1499938964844,335.7566833496094,2773103
2017-01-04,TITAN.NS,Titan Company,Growth / Compounder,350.3999938964844,361.95001220703125,349.20001220703125,359.6499938964844,346.8473205566406,2371009
2017-01-05,TITAN.NS,Titan Company,Growth / Compounder,360.5,361.5,355.45001220703125,358.04998779296875,345.3042297363281,1187872
2017-01-06,TITAN.NS,Titan Company,Growth / Compounder,359.0,363.0,352.6000061035156,355.20001220703125,342.5557556152344,1089982
2017-01-09,TITAN.NS,Titan Company,Growth / Compounder,355.95001220703125,357.3500061035156,351.6000061035156,354.6000061035156,341.9770812988281,388058
2017-01-10,TITAN.NS,Titan Company,Growth / Compounder,355.25,363.45001220703125,354.0,361.45001220703125,348.5832824707031,680201
2017-01-11,TITAN.NS,Titan Company,Growth / Compounder,363.5,365.45001220703125,359.1000061035156,360.75,347.9081726074219,1059399
2017-01-12,TITAN.NS,Titan Company,Growth / Compounder,360.95001220703125,365.79998779296875,359.5,363.70001220703125,350.753173828125,1138752
2017-01-13,TITAN.NS,Titan Company,Growth / Compounder,363.3500061035156,366.45001220703125,355.0,358.3500061035156,345.5935974121094,701469
2017-01-16,TITAN.NS,Titan Company,Growth / Compounder,358.3999938964844,364.6000061035156,357.04998779296875,362.8500061035156,349.9334411621094,577654
2017-01-17,TITAN.NS,Titan Company,Growth / Compounder,362.8500061035156,364.5,358.29998779296875,359.95001220703125,347.13665771484375,1393756
2017-01-18,TITAN.NS,Titan Company,Growth / Compounder,360.29998779296875,370.6499938964844,359.04998779296875,367.0,353.9356689453125,865079
2017-01-19,TITAN.NS,Titan Company,Growth / Compounder,365.1000061035156,374.8999938964844,365.1000061035156,372.70001220703125,359.4327697753906,1091633
2017-01-20,TITAN.NS,Titan Company,Growth / Compounder,371.0,371.0,358.25,360.70001220703125,347.85992431640625,829787
2017-01-23,TITAN.NS,Titan Company,Growth / Compounder,356.8999938964844,364.95001220703125,356.8999938964844,363.95001220703125,350.9942321777344,768682
2017-01-24,TITAN.NS,Titan Company,Growth / Compounder,369.5,369.8999938964844,361.79998779296875,364.3500061035156,351.3799743652344,883274
2017-01-25,TITAN.NS,Titan Company,Growth / Compounder,366.0,378.45001220703125,361.75,372.1499938964844,358.90234375,2920137
2017-01-27,TITAN.NS,Titan Company,Growth / Compounder,372.0,375.6499938964844,366.54998779296875,372.79998779296875,359.5291748046875,386491
2017-01-30,TITAN.NS,Titan Company,Growth / Compounder,370.0,374.0,368.1000061035156,371.45001220703125,358.22723388671875,361868
2017-01-31,TITAN.NS,Titan Company,Growth / Compounder,370.8999938964844,370.8999938964844,359.3500061035156,362.04998779296875,349.1618347167969,788682
2017-02-01,TITAN.NS,Titan Company,Growth / Compounder,363.75,372.25,359.0,369.95001220703125,356.7806701660156,931350
2017-02-02,TITAN.NS,Titan Company,Growth / Compounder,370.95001220703125,394.3999938964844,369.0,389.29998779296875,375.4418029785156,1863055
2017-02-03,TITAN.NS,Titan Company,Growth / Compounder,389.0,389.0,377.5,379.75,366.2318115234375,719064
2017-02-06,TITAN.NS,Titan Company,Growth / Compounder,385.0,397.0,383.1499938964844,391.04998779296875,377.1295166015625,1765785
2017-02-07,TITAN.NS,Titan Company,Growth / Compounder,393.95001220703125,397.0,386.6499938964844,393.45001220703125,379.4441833496094,2246432
2017-02-08,TITAN.NS,Titan Company,Growth / Compounder,410.0,431.54998779296875,406.3500061035156,425.6000061035156,410.44964599609375,12272324
2017-02-09,TITAN.NS,Titan Company,Growth / Compounder,422.3999938964844,429.5,418.6499938964844,427.0,411.7998352050781,1899826
2017-02-10,TITAN.NS,Titan Company,Growth / Compounder,427.0,435.3999938964844,423.75,432.0,416.621826171875,1554723
2017-02-13,TITAN.NS,Titan Company,Growth / Compounder,432.0,432.0,422.6000061035156,428.3500061035156,413.1017761230469,725350
2017-02-14,TITAN.NS,Titan Company,Growth / Compounder,429.70001220703125,431.8500061035156,420.6000061035156,428.3500061035156,413.1017761230469,860400
2017-02-15,TITAN.NS,Titan Company,Growth / Compounder,429.95001220703125,431.3999938964844,410.5,412.45001220703125,397.76776123046875,1647015
2017-02-16,TITAN.NS,Titan Company,Growth / Compounder,408.54998779296875,426.0,408.54998779296875,424.0,408.9065856933594,1360235
2017-02-17,TITAN.NS,Titan Company,Growth / Compounder,424.0,433.79998779296875,421.3999938964844,431.5,416.1396179199219,1184805
2017-02-20,TITAN.NS,Titan Company,Growth / Compounder,431.8999938964844,438.3999938964844,426.45001220703125,434.45001220703125,418.984619140625,1216989
2017-02-21,TITAN.NS,Titan Company,Growth / Compounder,433.95001220703125,458.5,430.1000061035156,457.29998779296875,441.02117919921875,2381361
2017-02-22,TITAN.NS,Titan Company,Growth / Compounder,457.20001220703125,458.0,438.5,440.0,424.3370361328125,2543124
2017-02-23,TITAN.NS,Titan Company,Growth / Compounder,440.3999938964844,441.6000061035156,431.0,432.95001220703125,417.53802490234375,3737985
2017-02-27,TITAN.NS,Titan Company,Growth / Compounder,433.0,438.54998779296875,425.75,435.3500061035156,419.85260009765625,891399
2017-02-28,TITAN.NS,Titan Company,Growth / Compounder,434.95001220703125,439.8999938964844,432.6499938964844,437.20001220703125,421.6367492675781,995271
2017-03-01,TITAN.NS,Titan Company,Growth / Compounder,438.1000061035156,442.6000061035156,435.6499938964844,438.1499938964844,422.5528869628906,602504
2017-03-02,TITAN.NS,Titan Company,Growth / Compounder,441.0,446.0,428.0,430.45001220703125,415.12701416015625,1145833
2017-03-03,TITAN.NS,Titan Company,Growth / Compounder,430.45001220703125,441.0,428.79998779296875,439.8500061035156,424.1923522949219,853988
2017-03-06,TITAN.NS,Titan Company,Growth / Compounder,440.70001220703125,444.0,436.20001220703125,438.04998779296875,422.4564208984375,767048
2017-03-07,TITAN.NS,Titan Company,Growth / Compounder,440.0,444.8500061035156,434.6000061035156,439.54998779296875,423.9031066894531,1118365
2017-03-08,TITAN.NS,Titan Company,Growth / Compounder,439.0,443.70001220703125,435.25,440.95001220703125,425.25323486328125,727813
2017-03-09,TITAN.NS,Titan Company,Growth / Compounder,442.0,447.5,438.04998779296875,442.25,426.5069580078125,998661
2017-03-10,TITAN.NS,Titan Company,Growth / Compounder,441.25,447.25,440.25,445.29998779296875,429.4483337402344,798924
2017-03-14,TITAN.NS,Titan Company,Growth / Compounder,450.04998779296875,463.70001220703125,447.3999938964844,462.20001220703125,445.7467346191406,1865638
2017-03-15,TITAN.NS,Titan Company,Growth / Compounder,465.0,467.0,460.5,462.04998779296875,445.60211181640625,1372111
2017-03-16,TITAN.NS,Titan Company,Growth / Compounder,463.0,470.6000061035156,462.6000061035156,465.79998779296875,449.2185974121094,885731
2017-03-17,TITAN.NS,Titan Company,Growth / Compounder,465.95001220703125,467.79998779296875,459.0,463.5,447.0004577636719,1047995
2017-03-20,TITAN.NS,Titan Company,Growth / Compounder,465.95001220703125,470.0,461.79998779296875,465.54998779296875,448.97747802734375,464420
2017-03-21,TITAN.NS,Titan Company,Growth / Compounder,466.8999938964844,466.8999938964844,459.6000061035156,463.70001220703125,447.193359375,907074
2017-03-22,TITAN.NS,Titan Company,Growth / Compounder,460.0,460.0,441.8999938964844,445.75,429.8823547363281,2027879
2017-03-23,TITAN.NS,Titan Company,Growth / Compounder,449.6000061035156,454.0,446.1499938964844,452.0,435.9098815917969,1420121
2017-03-24,TITAN.NS,Titan Company,Growth / Compounder,453.1000061035156,457.75,446.95001220703125,447.95001220703125,432.0040283203125,854519
2017-03-27,TITAN.NS,Titan Company,Growth / Compounder,446.0,451.0,440.75,447.95001220703125,432.0040283203125,505757
2017-03-28,TITAN.NS,Titan Company,Growth / Compounder,450.0,456.0,447.8500061035156,453.6499938964844,437.5010986328125,1419986
2017-03-29,TITAN.NS,Titan Company,Growth / Compounder,455.0,456.54998779296875,451.1000061035156,455.0,438.80303955078125,502071
2017-03-30,TITAN.NS,Titan Company,Growth / Compounder,455.0,462.0,453.6000061035156,457.29998779296875,441.02117919921875,1328990
2017-03-31,TITAN.NS,Titan Company,Growth / Compounder,457.29998779296875,466.79998779296875,452.54998779296875,462.75,446.2771911621094,942301
2017-04-03,TITAN.NS,Titan Company,Growth / Compounder,459.5,461.25,455.79998779296875,459.3500061035156,442.9982604980469,563933
2017-04-05,TITAN.NS,Titan Company,Growth / Compounder,478.0,495.54998779296875,471.0,491.75,474.244873046875,4809506
2017-04-06,TITAN.NS,Titan Company,Growth / Compounder,490.0,490.8999938964844,483.04998779296875,487.3999938964844,470.04974365234375,1996260
2017-04-07,TITAN.NS,Titan Company,Growth / Compounder,489.0,492.3500061035156,483.6000061035156,485.3999938964844,468.12091064453125,1100640
2017-04-10,TITAN.NS,Titan Company,Growth / Compounder,484.75,490.0,483.04998779296875,485.75,468.45843505859375,1439403
2017-04-11,TITAN.NS,Titan Company,Growth / Compounder,487.0,489.20001220703125,482.29998779296875,486.75,469.4228820800781,1020639
2017-04-12,TITAN.NS,Titan Company,Growth / Compounder,485.0,491.1499938964844,473.6000061035156,479.79998779296875,462.7202453613281,2040706
2017-04-13,TITAN.NS,Titan Company,Growth / Compounder,478.0,485.95001220703125,475.04998779296875,484.1499938964844,466.9153747558594,410747
2017-04-17,TITAN.NS,Titan Company,Growth / Compounder,484.3999938964844,495.45001220703125,476.3500061035156,481.25,464.11865234375,1888968
2017-04-18,TITAN.NS,Titan Company,Growth / Compounder,477.3999938964844,484.6499938964844,468.04998779296875,471.20001220703125,454.4263916015625,921112
2017-04-19,TITAN.NS,Titan Company,Growth / Compounder,473.29998779296875,474.8999938964844,469.04998779296875,472.25,455.43902587890625,737073
2017-04-20,TITAN.NS,Titan Company,Growth / Compounder,474.3999938964844,482.25,468.3999938964844,479.5,462.4309387207031,1055041
2017-04-21,TITAN.NS,Titan Company,Growth / Compounder,481.0,486.25,476.54998779296875,479.3999938964844,462.33447265625,685339
2017-04-24,TITAN.NS,Titan Company,Growth / Compounder,476.0,485.25,475.25,482.3500061035156,465.1794738769531,831740
2017-04-25,TITAN.NS,Titan Company,Growth / Compounder,483.5,485.29998779296875,477.1499938964844,483.6499938964844,466.43316650390625,1815460
2017-04-26,TITAN.NS,Titan Company,Growth / Compounder,484.20001220703125,490.0,475.0,479.79998779296875,462.7202453613281,1227056
2017-04-27,TITAN.NS,Titan Company,Growth / Compounder,479.29998779296875,483.54998779296875,477.1499938964844,478.29998779296875,461.2736511230469,986347
2017-04-28,TITAN.NS,Titan Company,Growth / Compounder,478.6000061035156,481.75,468.20001220703125,470.25,453.51025390625,681325
2017-05-02,TITAN.NS,Titan Company,Growth / Compounder,471.45001220703125,486.6000061035156,470.5,485.1000061035156,467.8315734863281,1181816
2017-05-03,TITAN.NS,Titan Company,Growth / Compounder,485.0,490.5,480.6000061035156,483.3999938964844,466.192138671875,1510792
2017-05-04,TITAN.NS,Titan Company,Growth / Compounder,483.0,496.45001220703125,480.5,492.6499938964844,475.1128234863281,1070973
2017-05-05,TITAN.NS,Titan Company,Growth / Compounder,496.5,504.79998779296875,489.3500061035156,491.20001220703125,473.7144470214844,1348432
2017-05-08,TITAN.NS,Titan Company,Growth / Compounder,490.1000061035156,495.5,482.95001220703125,484.54998779296875,467.3011474609375,635599
2017-05-09,TITAN.NS,Titan Company,Growth / Compounder,481.8999938964844,485.0,464.29998779296875,467.1499938964844,450.5205383300781,1883022
2017-05-10,TITAN.NS,Titan Company,Growth / Compounder,468.5,484.0,465.3500061035156,482.3999938964844,465.2277526855469,1731571
2017-05-11,TITAN.NS,Titan Company,Growth / Compounder,482.1499938964844,503.0,478.1000061035156,501.1499938964844,483.31024169921875,1951787
2017-05-12,TITAN.NS,Titan Company,Growth / Compounder,504.70001220703125,506.1499938964844,491.20001220703125,495.0,477.3791809082031,1383268
2017-05-15,TITAN.NS,Titan Company,Growth / Compounder,489.6499938964844,490.0,472.3999938964844,483.6499938964844,466.43316650390625,3897357
2017-05-16,TITAN.NS,Titan Company,Growth / Compounder,486.0,491.0,480.79998779296875,488.29998779296875,470.9176025390625,1308863
2017-05-17,TITAN.NS,Titan Company,Growth / Compounder,490.0,490.1000061035156,477.29998779296875,481.75,464.6008605957031,859054
2017-05-18,TITAN.NS,Titan Company,Growth / Compounder,479.0,482.6000061035156,470.04998779296875,471.6499938964844,454.8603515625,811219
2017-05-19,TITAN.NS,Titan Company,Growth / Compounder,475.0,479.5,460.3500061035156,471.1499938964844,454.3782043457031,1022479
2017-05-22,TITAN.NS,Titan Company,Growth / Compounder,474.0,483.75,472.20001220703125,481.3999938964844,464.2632751464844,1725108
2017-05-23,TITAN.NS,Titan Company,Growth / Compounder,478.6499938964844,485.6000061035156,472.95001220703125,478.3500061035156,461.3218688964844,1651642
2017-05-24,TITAN.NS,Titan Company,Growth / Compounder,474.25,478.95001220703125,460.1000061035156,469.20001220703125,452.49761962890625,1477366
2017-05-25,TITAN.NS,Titan Company,Growth / Compounder,471.1000061035156,471.8500061035156,461.0,463.8999938964844,447.3862609863281,974154
2017-05-26,TITAN.NS,Titan Company,Growth / Compounder,464.79998779296875,477.95001220703125,462.8999938964844,473.45001220703125,456.5962829589844,1594613
2017-05-29,TITAN.NS,Titan Company,Growth / Compounder,471.79998779296875,494.1499938964844,469.0,470.6499938964844,453.8959655761719,2314193
2017-05-30,TITAN.NS,Titan Company,Growth / Compounder,470.0,471.0,462.45001220703125,469.79998779296875,453.0762634277344,1496350
2017-05-31,TITAN.NS,Titan Company,Growth / Compounder,469.3999938964844,480.0,467.54998779296875,474.8999938964844,457.99468994140625,1366115
2017-06-01,TITAN.NS,Titan Company,Growth / Compounder,475.95001220703125,476.45001220703125,465.29998779296875,470.70001220703125,453.9442443847656,715073
2017-06-02,TITAN.NS,Titan Company,Growth / Compounder,472.70001220703125,474.6000061035156,467.0,471.75,454.9568176269531,596655
2017-06-05,TITAN.NS,Titan Company,Growth / Compounder,511.0,569.2000122070312,505.0,551.8499755859375,532.2054443359375,27100101
2017-06-06,TITAN.NS,Titan Company,Growth / Compounder,547.0,547.0999755859375,521.4000244140625,527.1500244140625,508.3847351074219,9844354
2017-06-07,TITAN.NS,Titan Company,Growth / Compounder,528.0,547.0,528.0,536.2000122070312,517.1124877929688,4874204
2017-06-08,TITAN.NS,Titan Company,Growth / Compounder,535.0,536.2000122070312,524.0999755859375,529.0999755859375,510.2653503417969,1883423
2017-06-09,TITAN.NS,Titan Company,Growth / Compounder,529.9500122070312,529.9500122070312,521.9500122070312,525.4500122070312,506.7452697753906,1164090
2017-06-12,TITAN.NS,Titan Company,Growth / Compounder,541.9000244140625,541.9000244140625,513.2999877929688,515.7999877929688,497.4387512207031,4546833
2017-06-13,TITAN.NS,Titan Company,Growth / Compounder,516.0999755859375,524.7999877929688,511.3999938964844,520.5499877929688,502.0196533203125,2382953
2017-06-14,TITAN.NS,Titan Company,Growth / Compounder,520.5,524.0999755859375,514.0,521.9000244140625,503.32159423828125,1167358
2017-06-15,TITAN.NS,Titan Company,Growth / Compounder,520.0,524.0,516.2000122070312,517.6500244140625,499.22296142578125,855133
2017-06-16,TITAN.NS,Titan Company,Growth / Compounder,516.0,520.7999877929688,511.79998779296875,516.4000244140625,498.0173645019531,667200
2017-06-19,TITAN.NS,Titan Company,Growth / Compounder,515.25,518.0,511.20001220703125,515.2000122070312,496.860107421875,782349
2017-06-20,TITAN.NS,Titan Company,Growth / Compounder,514.0,530.8499755859375,512.0499877929688,526.7000122070312,507.9507751464844,2299154
2017-06-21,TITAN.NS,Titan Company,Growth / Compounder,526.4000244140625,529.8499755859375,518.6500244140625,523.0999755859375,504.4789123535156,1357751
2017-06-22,TITAN.NS,Titan Company,Growth / Compounder,523.0,528.7999877929688,516.4500122070312,519.9000244140625,501.3927917480469,1005512
2017-06-23,TITAN.NS,Titan Company,Growth / Compounder,520.8499755859375,521.0,507.6499938964844,513.2999877929688,495.0276794433594,1392507
2017-06-27,TITAN.NS,Titan Company,Growth / Compounder,510.1000061035156,520.2000122070312,506.5,516.0,497.6316223144531,1386743
2017-06-28,TITAN.NS,Titan Company,Growth / Compounder,516.4000244140625,516.5999755859375,500.6000061035156,507.29998779296875,489.24127197265625,1545428
2017-06-29,TITAN.NS,Titan Company,Growth / Compounder,510.0,518.5999755859375,507.70001220703125,509.6000061035156,491.4594421386719,1911111
2017-06-30,TITAN.NS,Titan Company,Growth / Compounder,508.95001220703125,525.5999755859375,503.25,524.4500122070312,505.7808532714844,1156474
2017-07-03,TITAN.NS,Titan Company,Growth / Compounder,536.0499877929688,537.0,527.5,532.4000244140625,513.4478759765625,1304851
2017-07-04,TITAN.NS,Titan Company,Growth / Compounder,533.5,539.0,526.0,535.5499877929688,516.4857788085938,1624088
2017-07-05,TITAN.NS,Titan Company,Growth / Compounder,539.25,540.0,530.2000122070312,531.7999877929688,512.8692016601562,894627
2017-07-06,TITAN.NS,Titan Company,Growth / Compounder,532.0,536.5,528.0999755859375,533.9500122070312,514.9426879882812,1428440
2017-07-07,TITAN.NS,Titan Company,Growth / Compounder,533.9500122070312,538.9000244140625,529.0,532.5,513.5443115234375,1724825
2017-07-10,TITAN.NS,Titan Company,Growth / Compounder,533.0,538.0,523.2000122070312,536.75,517.6429443359375,509531
2017-07-11,TITAN.NS,Titan Company,Growth / Compounder,537.0,537.9000244140625,526.2999877929688,528.7000122070312,509.87957763671875,960330
2017-07-12,TITAN.NS,Titan Company,Growth / Compounder,532.0,534.8499755859375,528.25,530.7999877929688,511.90472412109375,855127
2017-07-13,TITAN.NS,Titan Company,Growth / Compounder,525.4000244140625,537.0,525.0,534.1500244140625,515.1355590820312,1059461
2017-07-14,TITAN.NS,Titan Company,Growth / Compounder,538.0,541.9000244140625,532.0999755859375,533.6500244140625,514.6533203125,1131348
2017-07-17,TITAN.NS,Titan Company,Growth / Compounder,535.5,538.75,531.25,533.75,514.749755859375,1312136
2017-07-18,TITAN.NS,Titan Company,Growth / Compounder,530.0,536.7999877929688,526.7000122070312,527.75,508.96331787109375,1387108
2017-07-19,TITAN.NS,Titan Company,Growth / Compounder,528.7999877929688,535.1500244140625,527.5,533.0499877929688,514.0745849609375,841355
2017-07-20,TITAN.NS,Titan Company,Growth / Compounder,531.0,535.6500244140625,528.4000244140625,529.7999877929688,510.94036865234375,590904
2017-07-21,TITAN.NS,Titan Company,Growth / Compounder,531.7000122070312,545.5,530.2999877929688,543.2000122070312,523.8634033203125,1146931
2017-07-24,TITAN.NS,Titan Company,Growth / Compounder,545.2999877929688,546.9500122070312,535.5999755859375,538.1500244140625,521.4892578125,1120371
2017-07-25,TITAN.NS,Titan Company,Growth / Compounder,540.0,542.7000122070312,534.5499877929688,536.1500244140625,519.5510864257812,722277
2017-07-26,TITAN.NS,Titan Company,Growth / Compounder,535.2000122070312,541.0,533.2000122070312,537.9000244140625,521.2470092773438,817433
2017-07-27,TITAN.NS,Titan Company,Growth / Compounder,537.9000244140625,539.7000122070312,524.4000244140625,527.4500122070312,511.12060546875,1803847
2017-07-28,TITAN.NS,Titan Company,Growth / Compounder,527.0,535.0,525.8499755859375,533.1500244140625,516.64404296875,678345
2017-07-31,TITAN.NS,Titan Company,Growth / Compounder,533.7999877929688,546.5999755859375,528.8499755859375,544.25,527.4003295898438,1113439
2017-08-01,TITAN.NS,Titan Company,Growth / Compounder,546.5,549.9000244140625,538.0999755859375,539.3499755859375,522.6519775390625,1346764
2017-08-02,TITAN.NS,Titan Company,Growth / Compounder,541.9000244140625,555.5499877929688,538.5,552.7999877929688,535.6856079101562,1469268
2017-08-03,TITAN.NS,Titan Company,Growth / Compounder,555.7999877929688,565.4000244140625,546.6500244140625,558.0499877929688,540.7730712890625,4333554
2017-08-04,TITAN.NS,Titan Company,Growth / Compounder,565.0499877929688,616.3499755859375,564.7999877929688,611.2000122070312,592.2776489257812,14943128
2017-08-07,TITAN.NS,Titan Company,Growth / Compounder,608.0,618.4000244140625,602.0999755859375,614.8499755859375,595.8146362304688,2467527
2017-08-08,TITAN.NS,Titan Company,Growth / Compounder,607.25,615.7999877929688,604.0,609.4000244140625,590.5333862304688,1891037
2017-08-09,TITAN.NS,Titan Company,Growth / Compounder,611.0,627.4000244140625,606.0,619.1500244140625,599.9815673828125,4440491
2017-08-10,TITAN.NS,Titan Company,Growth / Compounder,616.9000244140625,618.8499755859375,601.5999755859375,610.3499755859375,591.453857421875,1378763
2017-08-11,TITAN.NS,Titan Company,Growth / Compounder,604.0,617.5,601.9000244140625,607.0,588.2076416015625,1482422
2017-08-14,TITAN.NS,Titan Company,Growth / Compounder,611.0,636.6500244140625,611.0,630.4000244140625,610.8832397460938,2945005
2017-08-16,TITAN.NS,Titan Company,Growth / Compounder,633.5,638.2999877929688,618.8499755859375,627.7000122070312,608.266845703125,2075867
2017-08-17,TITAN.NS,Titan Company,Growth / Compounder,629.5999755859375,631.5499877929688,619.2000122070312,621.5,602.2587890625,938044
2017-08-18,TITAN.NS,Titan Company,Growth / Compounder,621.5,630.4000244140625,616.5999755859375,623.5,604.1968383789062,1401428
2017-08-21,TITAN.NS,Titan Company,Growth / Compounder,623.6500244140625,630.0,613.0,615.5,596.4445190429688,1009586
2017-08-22,TITAN.NS,Titan Company,Growth / Compounder,617.0999755859375,627.25,610.0999755859375,615.0999755859375,596.0567626953125,1367266
2017-08-23,TITAN.NS,Titan Company,Growth / Compounder,619.9500122070312,620.2000122070312,602.2000122070312,607.5,588.6921997070312,2030608
2017-08-24,TITAN.NS,Titan Company,Growth / Compounder,609.0499877929688,614.25,603.5,606.7999877929688,588.0137939453125,1115671
2017-08-28,TITAN.NS,Titan Company,Growth / Compounder,603.7000122070312,614.8499755859375,600.0499877929688,612.25,593.2950439453125,1284579
2017-08-29,TITAN.NS,Titan Company,Growth / Compounder,610.0,613.7999877929688,598.6500244140625,600.4500122070312,581.8604736328125,1078030
2017-08-30,TITAN.NS,Titan Company,Growth / Compounder,608.4500122070312,614.8499755859375,604.0,611.5999755859375,592.665283203125,977962
2017-08-31,TITAN.NS,Titan Company,Growth / Compounder,610.0,621.0,607.9500122070312,617.0999755859375,597.9949951171875,1816689
2017-09-01,TITAN.NS,Titan Company,Growth / Compounder,618.9000244140625,619.9500122070312,610.2000122070312,613.5,594.5065307617188,517606
2017-09-04,TITAN.NS,Titan Company,Growth / Compounder,610.0,620.0,606.5,612.25,593.2950439453125,539333
2017-09-05,TITAN.NS,Titan Company,Growth / Compounder,613.0,642.0,609.7000122070312,638.8499755859375,619.071533203125,3636744
2017-09-06,TITAN.NS,Titan Company,Growth / Compounder,636.9000244140625,651.0,635.0499877929688,640.7999877929688,620.961181640625,3288264
2017-09-07,TITAN.NS,Titan Company,Growth / Compounder,641.9000244140625,645.2000122070312,629.25,637.0,617.27880859375,1507721
2017-09-08,TITAN.NS,Titan Company,Growth / Compounder,645.0,646.0,631.0,633.4000244140625,613.7903442382812,1688468
2017-09-11,TITAN.NS,Titan Company,Growth / Compounder,637.0,638.5999755859375,631.9000244140625,632.9500122070312,613.3543090820312,738301
2017-09-12,TITAN.NS,Titan Company,Growth / Compounder,634.9000244140625,640.75,632.25,637.9000244140625,618.1510620117188,1102076
2017-09-13,TITAN.NS,Titan Company,Growth / Compounder,638.0,648.2999877929688,627.7000122070312,630.2999877929688,610.7862548828125,1346590
2017-09-14,TITAN.NS,Titan Company,Growth / Compounder,630.5,636.9500122070312,628.3499755859375,633.5499877929688,613.9356689453125,703116
2017-09-15,TITAN.NS,Titan Company,Growth / Compounder,629.9000244140625,633.2000122070312,622.6500244140625,632.1500244140625,612.5790405273438,1067596
2017-09-18,TITAN.NS,Titan Company,Growth / Compounder,635.0999755859375,650.5,627.9500122070312,646.0999755859375,626.09716796875,1409213
2017-09-19,TITAN.NS,Titan Company,Growth / Compounder,654.0499877929688,654.2000122070312,640.0,641.5499877929688,621.68798828125,1232251
2017-09-20,TITAN.NS,Titan Company,Growth / Compounder,640.0,645.9000244140625,628.3499755859375,630.7999877929688,611.2708129882812,1305505
2017-09-21,TITAN.NS,Titan Company,Growth / Compounder,631.5999755859375,638.2000122070312,615.9000244140625,618.5499877929688,599.4002075195312,1388073
2017-09-22,TITAN.NS,Titan Company,Growth / Compounder,617.5499877929688,617.5499877929688,600.0,602.2999877929688,583.6531372070312,982598
2017-09-25,TITAN.NS,Titan Company,Growth / Compounder,603.7000122070312,611.4500122070312,584.7999877929688,602.1500244140625,583.5078125,1003871
2017-09-26,TITAN.NS,Titan Company,Growth / Compounder,606.9000244140625,606.9000244140625,588.0499877929688,592.25,573.914306640625,824136
2017-09-27,TITAN.NS,Titan Company,Growth / Compounder,602.2999877929688,603.0,586.0499877929688,590.0,571.7339477539062,1073002
2017-09-28,TITAN.NS,Titan Company,Growth / Compounder,591.0,591.0,571.0,575.6500244140625,557.8282470703125,1802129
2017-09-29,TITAN.NS,Titan Company,Growth / Compounder,581.8499755859375,587.1500244140625,563.6500244140625,584.5499877929688,566.4527587890625,3138820
2017-10-03,TITAN.NS,Titan Company,Growth / Compounder,588.0,601.7999877929688,588.0,600.0499877929688,581.4727172851562,1797702
2017-10-04,TITAN.NS,Titan Company,Growth / Compounder,603.4500122070312,608.5,598.6500244140625,600.9000244140625,582.2965087890625,1262109
2017-10-05,TITAN.NS,Titan Company,Growth / Compounder,602.9000244140625,603.75,594.2999877929688,595.75,577.305908203125,656926
2017-10-06,TITAN.NS,Titan Company,Growth / Compounder,599.9500122070312,604.9500122070312,594.9000244140625,596.5999755859375,578.129638671875,911164
2017-10-09,TITAN.NS,Titan Company,Growth / Compounder,620.0,630.4000244140625,612.5499877929688,616.1500244140625,597.074462890625,2467158
2017-10-10,TITAN.NS,Titan Company,Growth / Compounder,619.75,621.2999877929688,613.7000122070312,615.8499755859375,596.7836303710938,784162
2017-10-11,TITAN.NS,Titan Company,Growth / Compounder,619.3499755859375,623.7000122070312,607.5999755859375,610.5999755859375,591.6961669921875,1166347
2017-10-12,TITAN.NS,Titan Company,Growth / Compounder,615.0,626.5,607.8499755859375,623.4500122070312,604.1484375,2285154
2017-10-13,TITAN.NS,Titan Company,Growth / Compounder,625.0,633.5,621.0,625.1500244140625,605.7957153320312,1652696
2017-10-16,TITAN.NS,Titan Company,Growth / Compounder,622.0499877929688,631.0,622.0499877929688,627.4500122070312,608.0245361328125,730725
2017-10-17,TITAN.NS,Titan Company,Growth / Compounder,630.9000244140625,631.9500122070312,624.0,625.75,606.3771362304688,707951
2017-10-18,TITAN.NS,Titan Company,Growth / Compounder,625.7999877929688,626.7000122070312,611.0,612.9000244140625,593.9249877929688,789926
2017-10-19,TITAN.NS,Titan Company,Growth / Compounder,614.0,614.9000244140625,601.0,606.9500122070312,588.1592407226562,162721
2017-10-23,TITAN.NS,Titan Company,Growth / Compounder,601.5,607.9500122070312,594.9000244140625,604.0499877929688,585.3489990234375,930435
2017-10-24,TITAN.NS,Titan Company,Growth / Compounder,604.0,611.4500122070312,600.0999755859375,606.0499877929688,587.2869873046875,538189
2017-10-25,TITAN.NS,Titan Company,Growth / Compounder,610.0,613.25,589.3499755859375,590.75,572.4607543945312,1096069
2017-10-26,TITAN.NS,Titan Company,Growth / Compounder,587.0,598.5499877929688,582.0999755859375,584.6500244140625,566.5496826171875,1708870
2017-10-27,TITAN.NS,Titan Company,Growth / Compounder,586.0999755859375,592.0999755859375,583.5999755859375,590.0499877929688,571.7822875976562,1201819
2017-10-30,TITAN.NS,Titan Company,Growth / Compounder,589.2000122070312,622.0,589.2000122070312,618.2999877929688,599.1578369140625,1375701
2017-10-31,TITAN.NS,Titan Company,Growth / Compounder,624.0,639.5,621.2999877929688,635.25,615.5830688476562,1884635
2017-11-01,TITAN.NS,Titan Company,Growth / Compounder,640.0,643.1500244140625,634.5,637.4500122070312,617.7149047851562,966894
2017-11-02,TITAN.NS,Titan Company,Growth / Compounder,635.0499877929688,661.7999877929688,635.0499877929688,655.1500244140625,634.866943359375,1680690
2017-11-03,TITAN.NS,Titan Company,Growth / Compounder,664.0,668.0,652.0,659.75,639.324462890625,2416963
2017-11-06,TITAN.NS,Titan Company,Growth / Compounder,725.7000122070312,824.6500244140625,725.7000122070312,783.7000122070312,759.4371337890625,21820434
2017-11-07,TITAN.NS,Titan Company,Growth / Compounder,778.0,779.7999877929688,748.5,753.7999877929688,730.4627685546875,5830428
2017-11-08,TITAN.NS,Titan Company,Growth / Compounder,757.5499877929688,761.4500122070312,738.9500122070312,743.2999877929688,720.2877807617188,2994196
2017-11-09,TITAN.NS,Titan Company,Growth / Compounder,740.2000122070312,779.7000122070312,740.2000122070312,777.9000244140625,753.8167114257812,5216016
2017-11-10,TITAN.NS,Titan Company,Growth / Compounder,769.1500244140625,791.9000244140625,766.5999755859375,782.0499877929688,757.8381958007812,3225337
2017-11-13,TITAN.NS,Titan Company,Growth / Compounder,780.0,790.5499877929688,762.2999877929688,765.0999755859375,741.4129638671875,1082635
2017-11-14,TITAN.NS,Titan Company,Growth / Compounder,765.0,783.4500122070312,757.6500244140625,774.2999877929688,750.328125,1514814
2017-11-15,TITAN.NS,Titan Company,Growth / Compounder,745.0,778.5,745.0,771.0499877929688,747.1787109375,1512882
2017-11-16,TITAN.NS,Titan Company,Growth / Compounder,771.2000122070312,777.6500244140625,765.9000244140625,768.2999877929688,744.513916015625,794968
2017-11-17,TITAN.NS,Titan Company,Growth / Compounder,778.4000244140625,798.0,774.5,786.2999877929688,761.9566040039062,2404092
2017-11-20,TITAN.NS,Titan Company,Growth / Compounder,791.0999755859375,793.4000244140625,778.0,783.9500122070312,759.6793212890625,1244897
2017-11-21,TITAN.NS,Titan Company,Growth / Compounder,789.0,819.4500122070312,788.25,815.4500122070312,790.2041625976562,4969028
2017-11-22,TITAN.NS,Titan Company,Growth / Compounder,820.0,827.0,810.1500244140625,813.1500244140625,787.9754028320312,4216518
2017-11-23,TITAN.NS,Titan Company,Growth / Compounder,815.0,820.5,794.4500122070312,805.9000244140625,780.9498901367188,1689989
2017-11-24,TITAN.NS,Titan Company,Growth / Compounder,806.9500122070312,831.7999877929688,796.75,829.2999877929688,803.6254272460938,2744733
2017-11-27,TITAN.NS,Titan Company,Growth / Compounder,838.9000244140625,838.9000244140625,825.2999877929688,832.5999755859375,806.8231201171875,3544024
2017-11-28,TITAN.NS,Titan Company,Growth / Compounder,832.0,833.0,815.0,818.0999755859375,792.7720947265625,1748906
2017-11-29,TITAN.NS,Titan Company,Growth / Compounder,820.0,828.4500122070312,813.0,818.0999755859375,792.7720947265625,1660305
2017-11-30,TITAN.NS,Titan Company,Growth / Compounder,812.0,822.9000244140625,808.0999755859375,818.9000244140625,793.5474243164062,2808579
2017-12-01,TITAN.NS,Titan Company,Growth / Compounder,821.0,825.7000122070312,798.5,805.25,780.3200073242188,1562677
2017-12-04,TITAN.NS,Titan Company,Growth / Compounder,805.1500244140625,813.8499755859375,798.0,804.5499877929688,779.6415405273438,1291369
2017-12-05,TITAN.NS,Titan Company,Growth / Compounder,808.75,810.0,786.5999755859375,792.5999755859375,768.0616455078125,1136767
2017-12-06,TITAN.NS,Titan Company,Growth / Compounder,790.9500122070312,795.3499755859375,770.0,773.5999755859375,749.6497802734375,1742133
2017-12-07,TITAN.NS,Titan Company,Growth / Compounder,775.0,807.0,773.5999755859375,800.5999755859375,775.8139038085938,2085106
2017-12-08,TITAN.NS,Titan Company,Growth / Compounder,795.25,821.3499755859375,795.25,810.9500122070312,785.8434448242188,2844071
2017-12-11,TITAN.NS,Titan Company,Growth / Compounder,813.0,824.9500122070312,811.0,820.5999755859375,795.1947021484375,1788914
2017-12-12,TITAN.NS,Titan Company,Growth / Compounder,820.25,831.5999755859375,814.2000122070312,822.4000244140625,796.9390258789062,2325014
2017-12-13,TITAN.NS,Titan Company,Growth / Compounder,821.5,844.25,811.8499755859375,818.9500122070312,793.5958251953125,3127944
2017-12-14,TITAN.NS,Titan Company,Growth / Compounder,820.0,828.0,805.0999755859375,816.25,790.9793701171875,3020320
2017-12-15,TITAN.NS,Titan Company,Growth / Compounder,826.25,836.0,818.5,832.8499755859375,807.0654296875,2015120
2017-12-18,TITAN.NS,Titan Company,Growth / Compounder,830.0,846.3499755859375,802.0,840.0999755859375,814.0910034179688,1698653
2017-12-19,TITAN.NS,Titan Company,Growth / Compounder,845.0,871.0,843.0999755859375,868.3499755859375,841.4664306640625,3308280
2017-12-20,TITAN.NS,Titan Company,Growth / Compounder,869.3499755859375,872.0,861.2999877929688,862.9500122070312,836.2335815429688,1105619
2017-12-21,TITAN.NS,Titan Company,Growth / Compounder,862.9000244140625,866.4500122070312,854.9500122070312,858.4500122070312,831.8728637695312,897152
2017-12-22,TITAN.NS,Titan Company,Growth / Compounder,859.0,868.5999755859375,853.9000244140625,856.8499755859375,830.3223876953125,1381784
2017-12-26,TITAN.NS,Titan Company,Growth / Compounder,857.0,863.9000244140625,852.5499877929688,854.7999877929688,828.3359985351562,1467917
2017-12-27,TITAN.NS,Titan Company,Growth / Compounder,856.4000244140625,860.2000122070312,842.0,849.0499877929688,822.7639770507812,735296
2017-12-28,TITAN.NS,Titan Company,Growth / Compounder,849.8499755859375,856.3499755859375,840.5999755859375,851.7000122070312,825.3319091796875,980277
2017-12-29,TITAN.NS,Titan Company,Growth / Compounder,854.5,863.75,851.4000244140625,858.1500244140625,831.5821533203125,1245513
2018-01-01,TITAN.NS,Titan Company,Growth / Compounder,857.7000122070312,862.0499877929688,851.0499877929688,852.4500122070312,826.0585327148438,472607
2018-01-02,TITAN.NS,Titan Company,Growth / Compounder,854.0999755859375,858.4500122070312,840.5999755859375,845.1500244140625,818.9847412109375,1181949
2018-01-03,TITAN.NS,Titan Company,Growth / Compounder,863.9000244140625,869.4000244140625,853.0,856.2999877929688,829.78955078125,2606556
2018-01-04,TITAN.NS,Titan Company,Growth / Compounder,864.4000244140625,897.4500122070312,853.0999755859375,892.9000244140625,865.25634765625,3028931
2018-01-05,TITAN.NS,Titan Company,Growth / Compounder,895.0,913.9500122070312,893.5,909.7000122070312,881.5363159179688,4036882
2018-01-08,TITAN.NS,Titan Company,Growth / Compounder,911.0,930.0,906.75,926.0999755859375,897.428466796875,2112170
2018-01-09,TITAN.NS,Titan Company,Growth / Compounder,925.0,938.5,917.25,932.9500122070312,904.0664672851562,2419079
2018-01-10,TITAN.NS,Titan Company,Growth / Compounder,932.5,935.4000244140625,911.9000244140625,917.5999755859375,889.1915893554688,1605433
2018-01-11,TITAN.NS,Titan Company,Growth / Compounder,916.9000244140625,917.7000122070312,903.2999877929688,906.9000244140625,878.822998046875,1597329
2018-01-12,TITAN.NS,Titan Company,Growth / Compounder,906.0,917.4000244140625,892.4500122070312,903.7999877929688,875.8189697265625,1874518
2018-01-15,TITAN.NS,Titan Company,Growth / Compounder,909.0,921.9000244140625,897.7000122070312,918.25,889.821533203125,2195562
2018-01-16,TITAN.NS,Titan Company,Growth / Compounder,927.0,927.5,882.5999755859375,889.4000244140625,861.8648071289062,2383484
2018-01-17,TITAN.NS,Titan Company,Growth / Compounder,892.7999877929688,895.5499877929688,862.5,893.0999755859375,865.4501342773438,2553841
2018-01-18,TITAN.NS,Titan Company,Growth / Compounder,897.75,903.5999755859375,875.0,885.8499755859375,858.4246215820312,1285534
2018-01-19,TITAN.NS,Titan Company,Growth / Compounder,879.0999755859375,897.5499877929688,879.0999755859375,891.4500122070312,863.851318359375,1483177
2018-01-22,TITAN.NS,Titan Company,Growth / Compounder,890.0,912.0,887.0999755859375,909.75,881.5846557617188,1495629
2018-01-23,TITAN.NS,Titan Company,Growth / Compounder,910.7000122070312,914.7000122070312,898.2999877929688,905.7000122070312,877.66015625,1747166
2018-01-24,TITAN.NS,Titan Company,Growth / Compounder,905.7000122070312,909.25,881.0,886.9000244140625,859.4420776367188,1109233
2018-01-25,TITAN.NS,Titan Company,Growth / Compounder,882.0,905.2999877929688,876.75,884.0999755859375,856.7288818359375,3104669
2018-01-29,TITAN.NS,Titan Company,Growth / Compounder,887.4000244140625,901.5,880.5,896.2000122070312,868.4542236328125,1151570
2018-01-30,TITAN.NS,Titan Company,Growth / Compounder,899.25,911.5999755859375,878.3499755859375,884.1500244140625,856.7772216796875,2101888
2018-01-31,TITAN.NS,Titan Company,Growth / Compounder,883.0,884.9500122070312,859.4000244140625,869.5499877929688,842.6292114257812,1431670
2018-02-01,TITAN.NS,Titan Company,Growth / Compounder,877.5,879.0999755859375,812.75,831.0,805.272705078125,6097492
2018-02-02,TITAN.NS,Titan Company,Growth / Compounder,810.0,849.75,784.1500244140625,822.2000122070312,796.7451782226562,8088986
2018-02-05,TITAN.NS,Titan Company,Growth / Compounder,810.0,816.75,795.2000122070312,802.2999877929688,777.4613647460938,3079541
2018-02-06,TITAN.NS,Titan Company,Growth / Compounder,765.0,788.4000244140625,752.7000122070312,782.6500244140625,758.419677734375,3188895
2018-02-07,TITAN.NS,Titan Company,Growth / Compounder,785.0,801.0,780.0,783.6500244140625,759.388671875,2686877
2018-02-08,TITAN.NS,Titan Company,Growth / Compounder,785.0999755859375,808.9000244140625,780.7999877929688,800.75,775.9593505859375,2219546
2018-02-09,TITAN.NS,Titan Company,Growth / Compounder,790.0999755859375,804.0,783.0499877929688,796.7999877929688,772.131591796875,1564899
2018-02-12,TITAN.NS,Titan Company,Growth / Compounder,803.0,812.7999877929688,796.5499877929688,809.0499877929688,784.0022583007812,2067452
2018-02-14,TITAN.NS,Titan Company,Growth / Compounder,814.0,825.9000244140625,809.0999755859375,813.7000122070312,788.5084228515625,2154852
2018-02-15,TITAN.NS,Titan Company,Growth / Compounder,822.7000122070312,823.2999877929688,800.0,814.8499755859375,789.6226806640625,2225089
2018-02-16,TITAN.NS,Titan Company,Growth / Compounder,820.0,826.9000244140625,798.6500244140625,803.2000122070312,778.3333740234375,1698333
2018-02-19,TITAN.NS,Titan Company,Growth / Compounder,805.0,809.0,790.0,803.9500122070312,779.0601806640625,1699508
2018-02-20,TITAN.NS,Titan Company,Growth / Compounder,803.9500122070312,837.9000244140625,797.6500244140625,832.25,806.4840087890625,3881439
2018-02-21,TITAN.NS,Titan Company,Growth / Compounder,837.9500122070312,841.5,818.75,822.9000244140625,797.4235229492188,2067029
2018-02-22,TITAN.NS,Titan Company,Growth / Compounder,825.0,836.0,814.0499877929688,817.5,792.190673828125,3244314
2018-02-23,TITAN.NS,Titan Company,Growth / Compounder,822.2000122070312,823.5999755859375,810.25,814.2000122070312,788.9927978515625,2446637
2018-02-26,TITAN.NS,Titan Company,Growth / Compounder,819.9500122070312,823.3499755859375,805.0,819.7000122070312,794.3226318359375,2438241
2018-02-27,TITAN.NS,Titan Company,Growth / Compounder,825.0,835.7000122070312,819.25,822.5999755859375,797.1328125,2089446
2018-02-28,TITAN.NS,Titan Company,Growth / Compounder,819.7999877929688,825.9000244140625,810.4000244140625,816.1500244140625,790.8825073242188,1583674
2018-03-01,TITAN.NS,Titan Company,Growth / Compounder,814.0,822.2999877929688,808.0,810.2000122070312,785.1167602539062,975986
2018-03-05,TITAN.NS,Titan Company,Growth / Compounder,810.0,814.8499755859375,801.0,808.9000244140625,783.85693359375,1262568
2018-03-06,TITAN.NS,Titan Company,Growth / Compounder,812.5,823.2000122070312,799.0499877929688,807.6500244140625,782.6456909179688,1358775
2018-03-07,TITAN.NS,Titan Company,Growth / Compounder,806.0,820.0999755859375,800.2000122070312,814.8499755859375,789.6226806640625,1826249
2018-03-08,TITAN.NS,Titan Company,Growth / Compounder,820.0,822.2999877929688,808.0499877929688,817.7000122070312,792.3845825195312,1109489
2018-03-09,TITAN.NS,Titan Company,Growth / Compounder,820.0,827.5999755859375,815.5,819.0999755859375,793.7410888671875,1061685
2018-03-12,TITAN.NS,Titan Company,Growth / Compounder,824.0,831.5999755859375,822.4000244140625,829.0999755859375,803.4315185546875,1033715
2018-03-13,TITAN.NS,Titan Company,Growth / Compounder,836.0,860.0,830.0,851.9500122070312,825.5741577148438,2754435
2018-03-14,TITAN.NS,Titan Company,Growth / Compounder,851.0,867.8499755859375,849.9500122070312,865.0,838.2200317382812,1889040
2018-03-15,TITAN.NS,Titan Company,Growth / Compounder,864.9000244140625,875.75,860.0,872.5,845.4879760742188,2486538
2018-03-16,TITAN.NS,Titan Company,Growth / Compounder,879.0,883.4000244140625,862.0999755859375,879.25,852.0289306640625,2538310
2018-03-19,TITAN.NS,Titan Company,Growth / Compounder,879.7000122070312,891.8499755859375,864.0,869.0,842.0962524414062,2536517
2018-03-20,TITAN.NS,Titan Company,Growth / Compounder,867.0,880.0,860.0999755859375,871.75,844.7611694335938,1985478
2018-03-21,TITAN.NS,Titan Company,Growth / Compounder,875.0,884.7000122070312,869.5999755859375,872.25,845.2456665039062,1859947
2018-03-22,TITAN.NS,Titan Company,Growth / Compounder,873.0,892.0,872.25,887.5499877929688,860.0719604492188,3186401
2018-03-23,TITAN.NS,Titan Company,Growth / Compounder,874.0999755859375,900.0,872.8499755859375,895.0499877929688,867.33984375,4132765
2018-03-26,TITAN.NS,Titan Company,Growth / Compounder,896.4500122070312,949.7999877929688,896.4500122070312,939.0499877929688,909.9776000976562,5918775
2018-03-27,TITAN.NS,Titan Company,Growth / Compounder,948.4500122070312,949.5,932.3499755859375,942.4000244140625,913.2239379882812,2756923
2018-03-28,TITAN.NS,Titan Company,Growth / Compounder,938.2000122070312,964.0,918.0,942.2999877929688,913.1270141601562,11431588
2018-04-02,TITAN.NS,Titan Company,Growth / Compounder,943.0999755859375,948.5,926.2999877929688,944.0999755859375,914.8711547851562,2764385
2018-04-03,TITAN.NS,Titan Company,Growth / Compounder,944.9000244140625,951.7000122070312,924.5499877929688,931.9500122070312,903.0973510742188,2454365
2018-04-04,TITAN.NS,Titan Company,Growth / Compounder,939.7000122070312,939.7000122070312,902.0,904.3499755859375,876.351806640625,2930774
2018-04-05,TITAN.NS,Titan Company,Growth / Compounder,915.0,924.0,902.6500244140625,920.0499877929688,891.565673828125,4148653
2018-04-06,TITAN.NS,Titan Company,Growth / Compounder,922.0,946.0,908.0499877929688,940.2999877929688,911.1889038085938,2819200
2018-04-09,TITAN.NS,Titan Company,Growth / Compounder,950.0,971.7999877929688,947.0499877929688,960.6500244140625,930.9088745117188,5116819
2018-04-10,TITAN.NS,Titan Company,Growth / Compounder,964.8499755859375,968.9000244140625,953.0999755859375,962.25,932.4593505859375,2434826
2018-04-11,TITAN.NS,Titan Company,Growth / Compounder,967.0,981.4000244140625,958.0999755859375,979.9500122070312,949.611328125,3452488
2018-04-12,TITAN.NS,Titan Company,Growth / Compounder,982.25,993.0,971.3499755859375,976.0499877929688,945.8320922851562,4379096
2018-04-13,TITAN.NS,Titan Company,Growth / Compounder,986.0499877929688,994.7999877929688,980.5,987.1500244140625,956.5885620117188,3311755
2018-04-16,TITAN.NS,Titan Company,Growth / Compounder,986.0,991.9000244140625,973.2999877929688,980.5,950.1443481445312,2247785
2018-04-17,TITAN.NS,Titan Company,Growth / Compounder,985.0,999.0,974.0999755859375,997.5999755859375,966.7149658203125,2983704
2018-04-18,TITAN.NS,Titan Company,Growth / Compounder,999.7000122070312,999.7000122070312,975.0999755859375,977.0999755859375,946.8495483398438,2621345
2018-04-19,TITAN.NS,Titan Company,Growth / Compounder,978.5,983.0,949.2000122070312,952.75,923.2534790039062,3347181
2018-04-20,TITAN.NS,Titan Company,Growth / Compounder,950.0,965.4000244140625,947.0499877929688,956.5499877929688,926.9356689453125,2201052
2018-04-23,TITAN.NS,Titan Company,Growth / Compounder,960.0,973.2000122070312,948.5999755859375,962.9500122070312,933.1376953125,2295872
2018-04-24,TITAN.NS,Titan Company,Growth / Compounder,966.0,971.2999877929688,954.25,961.9500122070312,932.1685791015625,1473491
2018-04-25,TITAN.NS,Titan Company,Growth / Compounder,961.75,968.0,955.0999755859375,960.8499755859375,931.1026611328125,1385599
2018-04-26,TITAN.NS,Titan Company,Growth / Compounder,963.5,972.4500122070312,955.0,969.5,939.4848022460938,1859223
2018-04-27,TITAN.NS,Titan Company,Growth / Compounder,972.0,978.0,963.5999755859375,970.0,939.9694213867188,1049687
2018-04-30,TITAN.NS,Titan Company,Growth / Compounder,970.5,984.9000244140625,968.0,981.7999877929688,951.404052734375,1083840
2018-05-02,TITAN.NS,Titan Company,Growth / Compounder,981.9500122070312,985.4500122070312,960.4000244140625,964.5,934.6397094726562,1027474
2018-05-03,TITAN.NS,Titan Company,Growth / Compounder,964.7999877929688,977.75,951.0,959.3499755859375,929.6490478515625,1585290
2018-05-04,TITAN.NS,Titan Company,Growth / Compounder,961.0,966.0,952.3499755859375,958.0999755859375,928.4378051757812,958663
2018-05-07,TITAN.NS,Titan Company,Growth / Compounder,962.0,980.9000244140625,957.2999877929688,968.9500122070312,938.9520263671875,1987395
2018-05-08,TITAN.NS,Titan Company,Growth / Compounder,978.9500122070312,978.9500122070312,963.0,968.0999755859375,938.1281127929688,1979745
2018-05-09,TITAN.NS,Titan Company,Growth / Compounder,974.9000244140625,995.5999755859375,971.0,985.7000122070312,955.1832885742188,4201827
2018-05-10,TITAN.NS,Titan Company,Growth / Compounder,991.4000244140625,993.8499755859375,965.5499877929688,973.0999755859375,942.9732666015625,3434978
2018-05-11,TITAN.NS,Titan Company,Growth / Compounder,990.0,991.8499755859375,952.0,956.0499877929688,926.4512329101562,5712581
2018-05-14,TITAN.NS,Titan Company,Growth / Compounder,960.0,962.0,917.0499877929688,920.0,891.5173950195312,3754208
2018-05-15,TITAN.NS,Titan Company,Growth / Compounder,925.0,944.4500122070312,909.25,931.0,902.1767578125,3154028
2018-05-16,TITAN.NS,Titan Company,Growth / Compounder,928.0,939.5,915.8499755859375,931.1500244140625,902.3222045898438,1923381
2018-05-17,TITAN.NS,Titan Company,Growth / Compounder,935.8499755859375,949.0,927.7000122070312,936.5,907.5064697265625,2895005
2018-05-18,TITAN.NS,Titan Company,Growth / Compounder,937.0,945.8499755859375,930.2999877929688,939.9500122070312,910.8497924804688,2574768
2018-05-21,TITAN.NS,Titan Company,Growth / Compounder,940.5999755859375,944.5,912.75,915.25,886.9144287109375,1233987
2018-05-22,TITAN.NS,Titan Company,Growth / Compounder,915.0,930.8499755859375,904.0499877929688,914.2000122070312,885.89697265625,2086584
2018-05-23,TITAN.NS,Titan Company,Growth / Compounder,914.2000122070312,923.0,908.0999755859375,920.0999755859375,891.6141967773438,1938630
2018-05-24,TITAN.NS,Titan Company,Growth / Compounder,923.0,926.7999877929688,913.9500122070312,921.2999877929688,892.777099609375,1209456
2018-05-25,TITAN.NS,Titan Company,Growth / Compounder,923.3499755859375,938.5999755859375,915.0999755859375,924.4000244140625,895.7811279296875,1700500
2018-05-28,TITAN.NS,Titan Company,Growth / Compounder,928.0,935.5999755859375,917.5,928.9000244140625,900.141845703125,1139544
2018-05-29,TITAN.NS,Titan Company,Growth / Compounder,929.0,930.5,912.0,914.5,886.1876831054688,999806
2018-05-30,TITAN.NS,Titan Company,Growth / Compounder,906.0,919.0,897.2000122070312,913.5999755859375,885.3154907226562,1911011
2018-05-31,TITAN.NS,Titan Company,Growth / Compounder,918.7000122070312,924.0,890.1500244140625,900.0999755859375,872.2334594726562,4903734
2018-06-01,TITAN.NS,Titan Company,Growth / Compounder,907.5,912.3499755859375,898.0,900.0,872.1365966796875,1392273
2018-06-04,TITAN.NS,Titan Company,Growth / Compounder,906.0,907.9500122070312,881.5999755859375,885.3499755859375,857.9401245117188,1529852
2018-06-05,TITAN.NS,Titan Company,Growth / Compounder,885.0,886.4500122070312,858.2000122070312,863.9500122070312,837.20263671875,2948255
2018-06-06,TITAN.NS,Titan Company,Growth / Compounder,860.0999755859375,904.0,853.2999877929688,899.4500122070312,871.6036987304688,2854320
2018-06-07,TITAN.NS,Titan Company,Growth / Compounder,902.0999755859375,906.7000122070312,884.2000122070312,887.1500244140625,859.6843872070312,2875636
2018-06-08,TITAN.NS,Titan Company,Growth / Compounder,887.1500244140625,898.0,880.4000244140625,896.0,868.2603759765625,1672490
2018-06-11,TITAN.NS,Titan Company,Growth / Compounder,897.0,914.0,896.0,903.3499755859375,875.3828735351562,2032601
2018-06-12,TITAN.NS,Titan Company,Growth / Compounder,903.4500122070312,911.0,901.0999755859375,904.7000122070312,876.6910400390625,1426736
2018-06-13,TITAN.NS,Titan Company,Growth / Compounder,906.7000122070312,926.7999877929688,905.0,918.1500244140625,889.7246704101562,2933810
2018-06-14,TITAN.NS,Titan Company,Growth / Compounder,918.1500244140625,921.3499755859375,903.25,905.25,877.22412109375,2004165
2018-06-15,TITAN.NS,Titan Company,Growth / Compounder,910.7999877929688,916.9000244140625,898.5,903.4500122070312,875.4798583984375,2364375
2018-06-18,TITAN.NS,Titan Company,Growth / Compounder,904.0,905.25,891.7000122070312,897.7000122070312,869.9078369140625,1309586
2018-06-19,TITAN.NS,Titan Company,Growth / Compounder,896.0,896.4500122070312,886.0,889.0,861.47705078125,1833168
2018-06-20,TITAN.NS,Titan Company,Growth / Compounder,892.0,897.0,880.5,888.3499755859375,860.84716796875,1850681
2018-06-21,TITAN.NS,Titan Company,Growth / Compounder,894.0,894.7999877929688,866.0,868.4000244140625,841.514892578125,1274479
2018-06-22,TITAN.NS,Titan Company,Growth / Compounder,870.7000122070312,881.75,859.0,877.5499877929688,850.381591796875,2183928
2018-06-25,TITAN.NS,Titan Company,Growth / Compounder,878.0,885.2999877929688,862.0,864.0,837.251220703125,1217765
2018-06-26,TITAN.NS,Titan Company,Growth / Compounder,863.9000244140625,874.5,862.0,872.1500244140625,845.1488647460938,1801638
2018-06-27,TITAN.NS,Titan Company,Growth / Compounder,872.0,879.5,867.0,869.6500244140625,842.7261352539062,2037781
2018-06-28,TITAN.NS,Titan Company,Growth / Compounder,868.0,868.0,830.0,836.3499755859375,810.4570922851562,9824968
2018-06-29,TITAN.NS,Titan Company,Growth / Compounder,826.0499877929688,881.7999877929688,826.0499877929688,878.5,851.3021850585938,4960179
2018-07-02,TITAN.NS,Titan Company,Growth / Compounder,883.0999755859375,906.9000244140625,870.1500244140625,897.4000244140625,869.6170043945312,3353006
2018-07-03,TITAN.NS,Titan Company,Growth / Compounder,890.2000122070312,902.7999877929688,883.7999877929688,893.2000122070312,865.5469970703125,2770123
2018-07-04,TITAN.NS,Titan Company,Growth / Compounder,893.25,899.3499755859375,882.5,886.5499877929688,859.1029663085938,1104449
2018-07-05,TITAN.NS,Titan Company,Growth / Compounder,869.5999755859375,870.75,833.25,838.0,812.0560302734375,6128988
2018-07-06,TITAN.NS,Titan Company,Growth / Compounder,838.0,848.5,813.0,829.6500244140625,803.9645385742188,6884175
2018-07-09,TITAN.NS,Titan Company,Growth / Compounder,834.9000244140625,836.2999877929688,817.6500244140625,821.7999877929688,796.3576049804688,4098360
2018-07-10,TITAN.NS,Titan Company,Growth / Compounder,823.0,840.0,822.4000244140625,832.8499755859375,807.0654296875,2670508
2018-07-11,TITAN.NS,Titan Company,Growth / Compounder,833.1500244140625,833.1500244140625,805.5999755859375,809.5,784.4382934570312,2909483
2018-07-12,TITAN.NS,Titan Company,Growth / Compounder,816.3499755859375,823.25,804.0,808.4500122070312,783.4208374023438,2832418
2018-07-13,TITAN.NS,Titan Company,Growth / Compounder,813.0,842.0,799.6500244140625,838.7000122070312,812.7343139648438,4995028
2018-07-16,TITAN.NS,Titan Company,Growth / Compounder,839.0,844.0999755859375,816.0999755859375,831.2000122070312,805.4666137695312,3256321
2018-07-17,TITAN.NS,Titan Company,Growth / Compounder,831.4000244140625,855.2000122070312,826.0,845.1500244140625,818.9847412109375,2849218
2018-07-18,TITAN.NS,Titan Company,Growth / Compounder,848.0,856.0999755859375,838.0999755859375,846.2000122070312,820.002197265625,2660188
2018-07-19,TITAN.NS,Titan Company,Growth / Compounder,851.9000244140625,874.7999877929688,847.0499877929688,869.8499755859375,842.9199829101562,3924410
2018-07-20,TITAN.NS,Titan Company,Growth / Compounder,869.0,876.5999755859375,857.4000244140625,860.4000244140625,833.7625122070312,2048572
2018-07-23,TITAN.NS,Titan Company,Growth / Compounder,859.0,866.0,845.2000122070312,858.75,835.8064575195312,1334621
2018-07-24,TITAN.NS,Titan Company,Growth / Compounder,859.0,870.9000244140625,851.5,861.6500244140625,838.6289672851562,2015425
2018-07-25,TITAN.NS,Titan Company,Growth / Compounder,868.0,871.5999755859375,853.0,865.9000244140625,842.7654418945312,1453640
2018-07-26,TITAN.NS,Titan Company,Growth / Compounder,869.9500122070312,869.9500122070312,850.5,854.5,831.6700439453125,1167616
2018-07-27,TITAN.NS,Titan Company,Growth / Compounder,859.9500122070312,894.5,852.2000122070312,884.0999755859375,860.4791870117188,3210162
2018-07-30,TITAN.NS,Titan Company,Growth / Compounder,882.7999877929688,903.0,880.7999877929688,892.0499877929688,868.2167358398438,2418684
2018-07-31,TITAN.NS,Titan Company,Growth / Compounder,893.0,914.0,886.4000244140625,912.3499755859375,887.9743041992188,2165312
2018-08-01,TITAN.NS,Titan Company,Growth / Compounder,915.0,920.5,905.2999877929688,917.3499755859375,892.8406982421875,1818993
2018-08-02,TITAN.NS,Titan Company,Growth / Compounder,915.0,933.5999755859375,909.25,921.5,896.8798217773438,2313020
2018-08-03,TITAN.NS,Titan Company,Growth / Compounder,930.0,942.0,902.2000122070312,919.2000122070312,894.641357421875,9358217
2018-08-06,TITAN.NS,Titan Company,Growth / Compounder,928.7000122070312,939.0999755859375,896.75,901.6500244140625,877.5602416992188,3763151
2018-08-07,TITAN.NS,Titan Company,Growth / Compounder,904.6500244140625,931.9000244140625,898.7000122070312,927.25,902.4762573242188,4450696
2018-08-08,TITAN.NS,Titan Company,Growth / Compounder,929.0999755859375,936.5,921.0,935.0,910.0192260742188,2163746
2018-08-09,TITAN.NS,Titan Company,Growth / Compounder,934.7999877929688,934.7999877929688,909.2999877929688,915.2999877929688,890.8455810546875,2536080
2018-08-10,TITAN.NS,Titan Company,Growth / Compounder,915.0,932.0,913.0,920.0999755859375,895.5172119140625,2105317
2018-08-13,TITAN.NS,Titan Company,Growth / Compounder,915.0,924.0,910.5499877929688,913.6500244140625,889.2396240234375,1316517
2018-08-14,TITAN.NS,Titan Company,Growth / Compounder,914.2000122070312,927.0,914.0499877929688,925.5999755859375,900.8703002929688,1404450
2018-08-16,TITAN.NS,Titan Company,Growth / Compounder,924.0,929.0,917.0,919.4500122070312,894.8847045898438,1196749
2018-08-17,TITAN.NS,Titan Company,Growth / Compounder,924.9000244140625,945.0,921.5499877929688,941.5499877929688,916.3941040039062,2697290
2018-08-20,TITAN.NS,Titan Company,Growth / Compounder,942.0,943.5,914.1500244140625,921.7000122070312,897.0746459960938,2529831
2018-08-21,TITAN.NS,Titan Company,Growth / Compounder,924.6500244140625,927.9500122070312,905.7999877929688,916.2999877929688,891.8187866210938,2531200
2018-08-23,TITAN.NS,Titan Company,Growth / Compounder,925.0,926.4000244140625,907.0999755859375,911.9000244140625,887.536376953125,1571386
2018-08-24,TITAN.NS,Titan Company,Growth / Compounder,912.4000244140625,915.9000244140625,882.5,885.3499755859375,861.6957397460938,3218302
2018-08-27,TITAN.NS,Titan Company,Growth / Compounder,894.0,900.0,887.0999755859375,890.9000244140625,867.0974731445312,1789147
2018-08-28,TITAN.NS,Titan Company,Growth / Compounder,895.0,897.75,871.5499877929688,888.2999877929688,864.5668334960938,3563757
2018-08-29,TITAN.NS,Titan Company,Growth / Compounder,888.0,895.5999755859375,876.5,882.7999877929688,859.2138061523438,1863018
2018-08-30,TITAN.NS,Titan Company,Growth / Compounder,884.4500122070312,891.0,876.0,878.3499755859375,854.8827514648438,1758855
2018-08-31,TITAN.NS,Titan Company,Growth / Compounder,881.0,894.7999877929688,877.0999755859375,891.9000244140625,868.07080078125,1677232
2018-09-03,TITAN.NS,Titan Company,Growth / Compounder,896.8499755859375,921.3499755859375,891.1500244140625,912.75,888.3635864257812,4972521
2018-09-04,TITAN.NS,Titan Company,Growth / Compounder,917.0,928.4000244140625,877.0999755859375,880.9000244140625,857.3646240234375,3880086
2018-09-05,TITAN.NS,Titan Company,Growth / Compounder,875.0999755859375,882.4000244140625,851.6500244140625,863.9000244140625,840.81884765625,2990706
2018-09-06,TITAN.NS,Titan Company,Growth / Compounder,871.0,883.5,858.0999755859375,867.1500244140625,843.9819946289062,2399973
2018-09-07,TITAN.NS,Titan Company,Growth / Compounder,871.0,876.0,861.0499877929688,867.4500122070312,844.2740478515625,1297983
2018-09-10,TITAN.NS,Titan Company,Growth / Compounder,864.0,868.0,850.0,857.5499877929688,834.638427734375,1576682
2018-09-11,TITAN.NS,Titan Company,Growth / Compounder,860.0,860.9000244140625,815.7999877929688,820.75,798.8216552734375,4918816
2018-09-12,TITAN.NS,Titan Company,Growth / Compounder,817.0,838.3499755859375,790.1500244140625,826.4500122070312,804.3694458007812,6728840
2018-09-14,TITAN.NS,Titan Company,Growth / Compounder,838.0,852.0,829.25,842.5999755859375,820.087890625,3329172
2018-09-17,TITAN.NS,Titan Company,Growth / Compounder,834.7999877929688,838.0,816.7000122070312,823.4500122070312,801.4495239257812,2843632
2018-09-18,TITAN.NS,Titan Company,Growth / Compounder,819.0,843.9500122070312,818.6500244140625,824.9000244140625,802.86083984375,3331397
2018-09-19,TITAN.NS,Titan Company,Growth / Compounder,812.5,829.7999877929688,786.0999755859375,823.5999755859375,801.5955200195312,5347338
2018-09-21,TITAN.NS,Titan Company,Growth / Compounder,834.2000122070312,836.6500244140625,779.2000122070312,800.5999755859375,779.2100219726562,4259892
2018-09-24,TITAN.NS,Titan Company,Growth / Compounder,801.7999877929688,805.0,773.3499755859375,791.0999755859375,769.9638061523438,3244812
2018-09-25,TITAN.NS,Titan Company,Growth / Compounder,791.0,814.2999877929688,778.1500244140625,796.8499755859375,775.5601196289062,3150095
2018-09-26,TITAN.NS,Titan Company,Growth / Compounder,812.0,820.0,802.1500244140625,814.7000122070312,792.9332885742188,4080359
2018-09-27,TITAN.NS,Titan Company,Growth / Compounder,833.5999755859375,843.6500244140625,815.5,821.4500122070312,799.5029907226562,7668506
2018-09-28,TITAN.NS,Titan Company,Growth / Compounder,823.0999755859375,831.1500244140625,794.3499755859375,805.5999755859375,784.076416015625,3145969
2018-10-01,TITAN.NS,Titan Company,Growth / Compounder,800.0,814.4000244140625,782.0,809.75,788.1156616210938,2445752
2018-10-03,TITAN.NS,Titan Company,Growth / Compounder,811.5,813.0,791.2000122070312,794.5,773.2730102539062,3478716
2018-10-04,TITAN.NS,Titan Company,Growth / Compounder,785.0,797.5,760.2999877929688,776.7000122070312,755.9485473632812,4579535
2018-10-05,TITAN.NS,Titan Company,Growth / Compounder,788.25,815.7000122070312,784.0,792.0999755859375,770.9370727539062,7398167
2018-10-08,TITAN.NS,Titan Company,Growth / Compounder,792.0,819.0,774.7000122070312,813.5499877929688,791.8141479492188,3961739
2018-10-09,TITAN.NS,Titan Company,Growth / Compounder,818.9500122070312,820.9500122070312,732.2999877929688,749.5,729.4752807617188,8683946
2018-10-10,TITAN.NS,Titan Company,Growth / Compounder,746.0,796.3499755859375,740.0,788.5499877929688,767.48193359375,7285084
2018-10-11,TITAN.NS,Titan Company,Growth / Compounder,764.0,798.0,754.5499877929688,778.9000244140625,758.0897827148438,3766505
2018-10-12,TITAN.NS,Titan Company,Growth / Compounder,784.0,809.75,777.0999755859375,805.1500244140625,783.6384887695312,4322158
2018-10-15,TITAN.NS,Titan Company,Growth / Compounder,805.2000122070312,812.0,788.75,807.2000122070312,785.6337890625,2234430
2018-10-16,TITAN.NS,Titan Company,Growth / Compounder,811.0,819.6500244140625,808.0,810.5999755859375,788.94287109375,2347048
2018-10-17,TITAN.NS,Titan Company,Growth / Compounder,817.0999755859375,823.2999877929688,792.5499877929688,800.0999755859375,778.7233276367188,2975579
2018-10-19,TITAN.NS,Titan Company,Growth / Compounder,810.0,810.0,782.5,788.7000122070312,767.6278686523438,2892515
2018-10-22,TITAN.NS,Titan Company,Growth / Compounder,793.4000244140625,795.9000244140625,773.2000122070312,774.7999877929688,754.0993041992188,2766247
2018-10-23,TITAN.NS,Titan Company,Growth / Compounder,771.9000244140625,787.0,766.1500244140625,778.2000122070312,757.408447265625,2239883
2018-10-24,TITAN.NS,Titan Company,Growth / Compounder,785.3499755859375,794.7999877929688,772.25,791.5999755859375,770.4505004882812,2060580
2018-10-25,TITAN.NS,Titan Company,Growth / Compounder,785.0,796.0,777.7999877929688,791.25,770.1098022460938,1681346
2018-10-26,TITAN.NS,Titan Company,Growth / Compounder,790.0,820.0,786.6500244140625,806.9000244140625,785.3417358398438,3738778
2018-10-29,TITAN.NS,Titan Company,Growth / Compounder,813.0,834.4500122070312,807.6500244140625,829.75,807.5812377929688,2473393
2018-10-30,TITAN.NS,Titan Company,Growth / Compounder,829.0,841.4000244140625,819.4000244140625,830.5,808.3112182617188,1876874
2018-10-31,TITAN.NS,Titan Company,Growth / Compounder,837.5,847.9000244140625,818.5,844.5999755859375,822.0344848632812,2435865
2018-11-01,TITAN.NS,Titan Company,Growth / Compounder,844.5999755859375,862.9000244140625,834.4000244140625,854.4500122070312,831.6212768554688,2485725
2018-11-02,TITAN.NS,Titan Company,Growth / Compounder,860.0,884.0,857.9000244140625,871.0,847.7290649414062,3078543
2018-11-05,TITAN.NS,Titan Company,Growth / Compounder,870.0,872.4000244140625,856.5499877929688,863.7000122070312,840.6242065429688,1903690
2018-11-06,TITAN.NS,Titan Company,Growth / Compounder,869.0,877.5999755859375,840.2000122070312,846.25,823.640380859375,2504504
2018-11-07,TITAN.NS,Titan Company,Growth / Compounder,855.0,855.9500122070312,847.5999755859375,850.1500244140625,827.4361572265625,331169
2018-11-09,TITAN.NS,Titan Company,Growth / Compounder,855.0,865.0,844.0,847.6500244140625,825.0029907226562,3528039
2018-11-12,TITAN.NS,Titan Company,Growth / Compounder,857.0,901.5,843.2000122070312,894.75,870.8445434570312,13985301
2018-11-13,TITAN.NS,Titan Company,Growth / Compounder,889.2000122070312,899.6500244140625,879.0999755859375,897.5,873.52099609375,4432001
2018-11-14,TITAN.NS,Titan Company,Growth / Compounder,897.0499877929688,897.5,883.0,892.2000122070312,868.3627319335938,2606605
2018-11-15,TITAN.NS,Titan Company,Growth / Compounder,892.25,924.0,889.0,920.7999877929688,896.198486328125,4711756
2018-11-16,TITAN.NS,Titan Company,Growth / Compounder,921.0,928.7000122070312,912.7000122070312,921.3499755859375,896.73388671875,2769698
2018-11-19,TITAN.NS,Titan Company,Growth / Compounder,922.0,927.0,915.0499877929688,920.5499877929688,895.9552612304688,2104102
2018-11-20,TITAN.NS,Titan Company,Growth / Compounder,919.0,925.2000122070312,908.8499755859375,915.4500122070312,890.991455078125,1540046
2018-11-21,TITAN.NS,Titan Company,Growth / Compounder,917.5,929.9000244140625,909.5499877929688,926.5499877929688,901.794921875,1855760
2018-11-22,TITAN.NS,Titan Company,Growth / Compounder,929.0,933.4000244140625,911.7999877929688,915.75,891.2835083007812,1617491
2018-11-26,TITAN.NS,Titan Company,Growth / Compounder,913.0999755859375,920.5,892.5999755859375,916.4000244140625,891.9161987304688,2116814
2018-11-27,TITAN.NS,Titan Company,Growth / Compounder,914.0,918.0,906.0,914.2999877929688,889.8722534179688,1126278
2018-11-28,TITAN.NS,Titan Company,Growth / Compounder,916.0,931.0,915.0,922.9500122070312,898.2911376953125,2434110
2018-11-29,TITAN.NS,Titan Company,Growth / Compounder,929.0499877929688,933.9000244140625,913.0,931.4000244140625,906.5155029296875,1991914
2018-11-30,TITAN.NS,Titan Company,Growth / Compounder,929.9500122070312,931.0,918.0,927.0999755859375,902.3302612304688,2738673
2018-12-03,TITAN.NS,Titan Company,Growth / Compounder,932.5499877929688,939.7999877929688,920.5,936.25,911.2357788085938,2044427
2018-12-04,TITAN.NS,Titan Company,Growth / Compounder,935.0,940.1500244140625,921.5,923.7999877929688,899.118408203125,1424621
2018-12-05,TITAN.NS,Titan Company,Growth / Compounder,921.0,925.6500244140625,901.5499877929688,920.25,895.6632690429688,3020688
2018-12-06,TITAN.NS,Titan Company,Growth / Compounder,913.0,920.0,902.0,905.75,881.5505981445312,1425935
2018-12-07,TITAN.NS,Titan Company,Growth / Compounder,911.0,921.4500122070312,893.2999877929688,916.5999755859375,892.1107177734375,2750589
2018-12-10,TITAN.NS,Titan Company,Growth / Compounder,905.0,916.0,898.0,907.0999755859375,882.8645629882812,1508069
2018-12-11,TITAN.NS,Titan Company,Growth / Compounder,899.0,936.9500122070312,894.1500244140625,933.1500244140625,908.2186889648438,2792386
2018-12-12,TITAN.NS,Titan Company,Growth / Compounder,937.5,938.0999755859375,921.0,929.9500122070312,905.1041870117188,3256275
2018-12-13,TITAN.NS,Titan Company,Growth / Compounder,932.0999755859375,961.25,924.25,944.1500244140625,918.9248657226562,4821052
2018-12-14,TITAN.NS,Titan Company,Growth / Compounder,943.6500244140625,951.7000122070312,928.4500122070312,931.5,906.6127319335938,2558651
2018-12-17,TITAN.NS,Titan Company,Growth / Compounder,931.75,937.2000122070312,925.4000244140625,935.2999877929688,910.3110961914062,2284630
2018-12-18,TITAN.NS,Titan Company,Growth / Compounder,932.5,938.75,930.7999877929688,933.0,908.0726318359375,2222788
2018-12-19,TITAN.NS,Titan Company,Growth / Compounder,933.0999755859375,941.5499877929688,927.5,929.2000122070312,904.3741455078125,2237859
2018-12-20,TITAN.NS,Titan Company,Growth / Compounder,928.0,933.0,922.2000122070312,926.75,901.9896240234375,1630740
2018-12-21,TITAN.NS,Titan Company,Growth / Compounder,927.8499755859375,927.8499755859375,897.25,900.0499877929688,876.0029907226562,2972085
2018-12-24,TITAN.NS,Titan Company,Growth / Compounder,900.0999755859375,902.7999877929688,874.0,879.8499755859375,856.3425903320312,2554749
2018-12-26,TITAN.NS,Titan Company,Growth / Compounder,879.0,900.0,868.2000122070312,889.1500244140625,865.3942260742188,3840772
2018-12-27,TITAN.NS,Titan Company,Growth / Compounder,896.0,897.7999877929688,881.5,887.6500244140625,863.9342651367188,2160188
2018-12-28,TITAN.NS,Titan Company,Growth / Compounder,904.0,925.75,898.7999877929688,922.7000122070312,898.0477905273438,8067914
2018-12-31,TITAN.NS,Titan Company,Growth / Compounder,926.0,939.5,920.3499755859375,931.0,906.1260375976562,4917511
2019-01-01,TITAN.NS,Titan Company,Growth / Compounder,931.75,934.2000122070312,923.0,928.0,903.2062377929688,2064502
2019-01-02,TITAN.NS,Titan Company,Growth / Compounder,923.2999877929688,937.0,923.2999877929688,932.1500244140625,907.2454223632812,2672587
2019-01-03,TITAN.NS,Titan Company,Growth / Compounder,936.0,944.9500122070312,928.0,931.2000122070312,906.32080078125,3292918
2019-01-04,TITAN.NS,Titan Company,Growth / Compounder,934.0,938.9000244140625,920.2000122070312,928.4500122070312,903.6442260742188,2340304
2019-01-07,TITAN.NS,Titan Company,Growth / Compounder,950.0,964.0,934.0999755859375,944.0499877929688,918.8273315429688,5337211
2019-01-08,TITAN.NS,Titan Company,Growth / Compounder,944.2000122070312,950.0,938.5499877929688,946.1500244140625,920.871337890625,2039160
2019-01-09,TITAN.NS,Titan Company,Growth / Compounder,949.0,955.3499755859375,945.3499755859375,952.9500122070312,927.4896240234375,2115974
2019-01-10,TITAN.NS,Titan Company,Growth / Compounder,950.4000244140625,969.4000244140625,948.5499877929688,966.7000122070312,940.872314453125,2450895
2019-01-11,TITAN.NS,Titan Company,Growth / Compounder,965.25,969.5,956.7999877929688,959.2999877929688,933.669921875,1535995
2019-01-14,TITAN.NS,Titan Company,Growth / Compounder,958.0,961.3499755859375,949.0,957.5,931.9180297851562,864306
2019-01-15,TITAN.NS,Titan Company,Growth / Compounder,956.0,970.7000122070312,955.0999755859375,968.2999877929688,942.4295654296875,1452136
2019-01-16,TITAN.NS,Titan Company,Growth / Compounder,965.2999877929688,970.4000244140625,959.2999877929688,961.2000122070312,935.5191650390625,1118736
2019-01-17,TITAN.NS,Titan Company,Growth / Compounder,961.3499755859375,965.0,951.5499877929688,961.5499877929688,935.85986328125,1303576
2019-01-18,TITAN.NS,Titan Company,Growth / Compounder,961.5499877929688,965.0,954.0499877929688,960.9500122070312,935.2760009765625,1168989
2019-01-21,TITAN.NS,Titan Company,Growth / Compounder,960.0999755859375,965.7999877929688,957.0,962.75,937.0277709960938,1035360
2019-01-22,TITAN.NS,Titan Company,Growth / Compounder,962.1500244140625,986.4000244140625,958.7000122070312,982.6500244140625,956.3961181640625,2797244
2019-01-23,TITAN.NS,Titan Company,Growth / Compounder,987.4000244140625,987.4000244140625,957.5999755859375,962.1500244140625,936.4437866210938,1574247
2019-01-24,TITAN.NS,Titan Company,Growth / Compounder,960.2000122070312,972.2999877929688,955.9000244140625,969.6500244140625,943.7434692382812,1246903
2019-01-25,TITAN.NS,Titan Company,Growth / Compounder,972.0,984.0,969.1500244140625,978.0,951.870361328125,1985833
2019-01-28,TITAN.NS,Titan Company,Growth / Compounder,978.0,981.2000122070312,955.2000122070312,958.6500244140625,933.0374755859375,1499181
2019-01-29,TITAN.NS,Titan Company,Growth / Compounder,955.2000122070312,970.0,945.0,966.0999755859375,940.2883911132812,1411027
2019-01-30,TITAN.NS,Titan Company,Growth / Compounder,966.0999755859375,974.9500122070312,960.0499877929688,968.9000244140625,943.013427734375,1468812
2019-01-31,TITAN.NS,Titan Company,Growth / Compounder,968.2000122070312,1000.0,966.5,995.7999877929688,969.19482421875,2306391
2019-02-01,TITAN.NS,Titan Company,Growth / Compounder,1003.0,1005.0,985.0999755859375,991.5499877929688,965.058349609375,3424938
2019-02-04,TITAN.NS,Titan Company,Growth / Compounder,1025.0,1050.0,1009.0499877929688,1025.75,998.3445434570312,9556052
2019-02-05,TITAN.NS,Titan Company,Growth / Compounder,1026.949951171875,1074.0,1020.0,1066.699951171875,1038.2003173828125,7144200
2019-02-06,TITAN.NS,Titan Company,Growth / Compounder,1066.0,1072.0,1050.5,1059.050048828125,1030.7547607421875,2449722
2019-02-07,TITAN.NS,Titan Company,Growth / Compounder,1059.800048828125,1067.050048828125,1050.0,1056.800048828125,1028.5653076171875,1293109
2019-02-08,TITAN.NS,Titan Company,Growth / Compounder,1058.5,1076.8499755859375,1047.5999755859375,1053.25,1025.10986328125,2576054
2019-02-11,TITAN.NS,Titan Company,Growth / Compounder,1059.0,1063.5,1045.199951171875,1056.4000244140625,1028.1756591796875,1057548
2019-02-12,TITAN.NS,Titan Company,Growth / Compounder,1058.0,1073.949951171875,1050.0999755859375,1066.25,1037.7625732421875,3075801
2019-02-14,TITAN.NS,Titan Company,Growth / Compounder,1063.949951171875,1063.949951171875,1030.5,1042.25,1014.4036865234375,2182379
2019-02-15,TITAN.NS,Titan Company,Growth / Compounder,1035.0,1052.0,1016.7999877929688,1039.0,1011.2405395507812,2566210
2019-02-18,TITAN.NS,Titan Company,Growth / Compounder,1040.0999755859375,1040.6500244140625,1021.2999877929688,1027.3499755859375,999.9017333984375,1023065
2019-02-19,TITAN.NS,Titan Company,Growth / Compounder,1030.449951171875,1049.800048828125,1025.300048828125,1028.800048828125,1001.3131103515625,1551617
2019-02-20,TITAN.NS,Titan Company,Growth / Compounder,1030.0,1044.4000244140625,1027.5,1032.75,1005.1575927734375,1506583
2019-02-21,TITAN.NS,Titan Company,Growth / Compounder,1039.9000244140625,1045.0,1031.25,1042.5,1014.6471557617188,1220939
2019-02-22,TITAN.NS,Titan Company,Growth / Compounder,1035.5,1044.0,1030.300048828125,1041.5999755859375,1013.7711791992188,1298608
2019-02-25,TITAN.NS,Titan Company,Growth / Compounder,1038.0,1055.0,1035.5999755859375,1043.0,1015.1338500976562,1691809
2019-02-26,TITAN.NS,Titan Company,Growth / Compounder,1039.0,1041.9000244140625,1016.0499877929688,1038.3499755859375,1010.6078491210938,1906268
2019-02-27,TITAN.NS,Titan Company,Growth / Compounder,1042.9000244140625,1047.1500244140625,1013.9500122070312,1016.25,989.098388671875,1897310
2019-02-28,TITAN.NS,Titan Company,Growth / Compounder,1018.0,1033.800048828125,1002.0499877929688,1025.199951171875,997.8092041015625,5080712
2019-03-01,TITAN.NS,Titan Company,Growth / Compounder,1031.9000244140625,1036.0,1017.0999755859375,1021.3499755859375,994.0621948242188,1967656
2019-03-05,TITAN.NS,Titan Company,Growth / Compounder,1023.5999755859375,1039.949951171875,1016.2000122070312,1035.0,1007.3475341796875,1577329
2019-03-06,TITAN.NS,Titan Company,Growth / Compounder,1038.0,1060.9000244140625,1028.300048828125,1055.949951171875,1027.7376708984375,2758056
2019-03-07,TITAN.NS,Titan Company,Growth / Compounder,1069.0,1069.0,1039.0,1043.300048828125,1015.4258422851562,2584721
2019-03-08,TITAN.NS,Titan Company,Growth / Compounder,1044.75,1059.550048828125,1037.0,1053.199951171875,1025.0611572265625,2179863
2019-03-11,TITAN.NS,Titan Company,Growth / Compounder,1058.0,1074.5999755859375,1057.5999755859375,1069.199951171875,1040.633544921875,2837644
2019-03-12,TITAN.NS,Titan Company,Growth / Compounder,1074.949951171875,1095.949951171875,1072.0,1086.449951171875,1057.4228515625,3418782
2019-03-13,TITAN.NS,Titan Company,Growth / Compounder,1087.4000244140625,1093.9000244140625,1065.0999755859375,1078.300048828125,1049.4906005859375,2024554
2019-03-14,TITAN.NS,Titan Company,Growth / Compounder,1078.9000244140625,1089.0,1063.1500244140625,1086.3499755859375,1057.325439453125,1193296
2019-03-15,TITAN.NS,Titan Company,Growth / Compounder,1087.0,1113.800048828125,1082.0,1097.25,1067.934326171875,5318660
2019-03-18,TITAN.NS,Titan Company,Growth / Compounder,1105.0,1108.9000244140625,1092.0999755859375,1099.800048828125,1070.416259765625,1525276
2019-03-19,TITAN.NS,Titan Company,Growth / Compounder,1102.0,1112.0,1098.5999755859375,1109.050048828125,1079.419189453125,1376594
2019-03-20,TITAN.NS,Titan Company,Growth / Compounder,1111.0,1115.0,1098.0,1102.3499755859375,1072.8980712890625,1295061
2019-03-22,TITAN.NS,Titan Company,Growth / Compounder,1103.5999755859375,1124.4000244140625,1093.699951171875,1102.550048828125,1073.0926513671875,2486418
2019-03-25,TITAN.NS,Titan Company,Growth / Compounder,1102.0,1106.5,1090.4000244140625,1100.0999755859375,1070.7081298828125,909855
2019-03-26,TITAN.NS,Titan Company,Growth / Compounder,1105.0,1120.0,1088.3499755859375,1115.75,1085.93994140625,1851505
2019-03-27,TITAN.NS,Titan Company,Growth / Compounder,1125.0,1125.0,1106.0,1116.5,1086.6700439453125,1668427
2019-03-28,TITAN.NS,Titan Company,Growth / Compounder,1120.0,1139.550048828125,1111.449951171875,1134.25,1103.94580078125,2292966
2019-04-01,TITAN.NS,Titan Company,Growth / Compounder,1140.0,1148.0,1116.800048828125,1120.3499755859375,1090.417236328125,1703651
2019-04-02,TITAN.NS,Titan Company,Growth / Compounder,1125.0,1131.1500244140625,1108.4000244140625,1111.9000244140625,1082.19287109375,1469173
2019-04-03,TITAN.NS,Titan Company,Growth / Compounder,1117.0,1127.199951171875,1098.050048828125,1100.5,1071.0975341796875,1553200
2019-04-04,TITAN.NS,Titan Company,Growth / Compounder,1112.699951171875,1122.5999755859375,1094.300048828125,1106.0999755859375,1076.5477294921875,2463998
2019-04-05,TITAN.NS,Titan Company,Growth / Compounder,1123.0,1129.699951171875,1101.449951171875,1106.4000244140625,1076.8399658203125,4108366
2019-04-08,TITAN.NS,Titan Company,Growth / Compounder,1109.0,1115.0,1092.0,1104.4000244140625,1074.8931884765625,1672293
2019-04-09,TITAN.NS,Titan Company,Growth / Compounder,1109.0,1109.949951171875,1091.5,1098.550048828125,1069.19970703125,1288739
2019-04-10,TITAN.NS,Titan Company,Growth / Compounder,1099.4000244140625,1105.0,1083.5,1100.199951171875,1070.805419921875,1612236
2019-04-11,TITAN.NS,Titan Company,Growth / Compounder,1106.949951171875,1106.949951171875,1090.0999755859375,1105.050048828125,1075.5260009765625,1412462
2019-04-12,TITAN.NS,Titan Company,Growth / Compounder,1107.0,1107.949951171875,1094.0,1097.0,1067.69091796875,1499571
2019-04-15,TITAN.NS,Titan Company,Growth / Compounder,1102.0,1102.0,1088.0,1090.1500244140625,1061.0240478515625,1116346
2019-04-16,TITAN.NS,Titan Company,Growth / Compounder,1093.0999755859375,1124.75,1092.4000244140625,1120.050048828125,1090.125244140625,2144260
2019-04-18,TITAN.NS,Titan Company,Growth / Compounder,1125.949951171875,1129.5,1113.5,1125.4000244140625,1095.332275390625,1609911
2019-04-22,TITAN.NS,Titan Company,Growth / Compounder,1125.0,1132.0,1119.0999755859375,1123.699951171875,1093.6773681640625,1307412
2019-04-23,TITAN.NS,Titan Company,Growth / Compounder,1124.0,1136.699951171875,1120.050048828125,1129.550048828125,1099.3714599609375,1237289
2019-04-24,TITAN.NS,Titan Company,Growth / Compounder,1128.0,1152.0,1125.550048828125,1149.1500244140625,1118.447509765625,1809133
2019-04-25,TITAN.NS,Titan Company,Growth / Compounder,1155.0,1165.0,1135.4000244140625,1141.300048828125,1110.807373046875,3579153
2019-04-26,TITAN.NS,Titan Company,Growth / Compounder,1146.699951171875,1149.5,1131.0,1137.5,1107.1090087890625,846570
2019-04-30,TITAN.NS,Titan Company,Growth / Compounder,1140.0,1161.75,1133.5,1158.550048828125,1127.5966796875,1469889
2019-05-02,TITAN.NS,Titan Company,Growth / Compounder,1159.0,1160.0,1135.5999755859375,1138.1500244140625,1107.7415771484375,1517989
2019-05-03,TITAN.NS,Titan Company,Growth / Compounder,1145.0,1154.800048828125,1135.050048828125,1145.050048828125,1114.4573974609375,1146869
2019-05-06,TITAN.NS,Titan Company,Growth / Compounder,1142.800048828125,1142.800048828125,1075.0999755859375,1082.8499755859375,1053.9190673828125,4064781
2019-05-07,TITAN.NS,Titan Company,Growth / Compounder,1097.800048828125,1105.0,1083.0,1086.5,1057.471435546875,2605643
2019-05-08,TITAN.NS,Titan Company,Growth / Compounder,1090.0,1100.0,1067.8499755859375,1088.699951171875,1059.6126708984375,3336769
2019-05-09,TITAN.NS,Titan Company,Growth / Compounder,1100.0,1110.0,1088.699951171875,1104.449951171875,1074.94189453125,4362293
2019-05-10,TITAN.NS,Titan Company,Growth / Compounder,1108.0,1137.8499755859375,1094.300048828125,1132.0999755859375,1101.8531494140625,3032624
2019-05-13,TITAN.NS,Titan Company,Growth / Compounder,1125.300048828125,1152.800048828125,1124.050048828125,1144.699951171875,1114.1165771484375,2695155
2019-05-14,TITAN.NS,Titan Company,Growth / Compounder,1140.0,1163.0,1122.949951171875,1154.75,1123.8980712890625,2894382
2019-05-15,TITAN.NS,Titan Company,Growth / Compounder,1160.0,1167.5,1152.3499755859375,1163.0,1131.927490234375,2476357
2019-05-16,TITAN.NS,Titan Company,Growth / Compounder,1162.699951171875,1195.0,1159.949951171875,1186.449951171875,1154.7509765625,2948769
2019-05-17,TITAN.NS,Titan Company,Growth / Compounder,1184.0,1203.0,1180.0,1190.5,1158.693115234375,3265842
2019-05-20,TITAN.NS,Titan Company,Growth / Compounder,1214.0,1238.0,1205.0,1231.6500244140625,1198.743408203125,2881354
2019-05-21,TITAN.NS,Titan Company,Growth / Compounder,1239.0,1251.6500244140625,1233.3499755859375,1244.4000244140625,1211.1527099609375,3218291
2019-05-22,TITAN.NS,Titan Company,Growth / Compounder,1245.949951171875,1250.9000244140625,1226.3499755859375,1241.0999755859375,1207.9410400390625,1972398
2019-05-23,TITAN.NS,Titan Company,Growth / Compounder,1259.25,1262.800048828125,1216.25,1220.25,1187.64794921875,2494025
2019-05-24,TITAN.NS,Titan Company,Growth / Compounder,1221.0,1229.949951171875,1194.449951171875,1219.9000244140625,1187.3072509765625,2423569
2019-05-27,TITAN.NS,Titan Company,Growth / Compounder,1226.5,1243.5,1203.5,1240.949951171875,1207.794921875,1380441
2019-05-28,TITAN.NS,Titan Company,Growth / Compounder,1243.0,1244.9000244140625,1222.699951171875,1231.550048828125,1198.6461181640625,1811869
2019-05-29,TITAN.NS,Titan Company,Growth / Compounder,1232.0,1237.699951171875,1224.199951171875,1234.6500244140625,1201.663330078125,918488
2019-05-30,TITAN.NS,Titan Company,Growth / Compounder,1234.0,1249.800048828125,1225.0,1240.5999755859375,1207.4542236328125,1081863
2019-05-31,TITAN.NS,Titan Company,Growth / Compounder,1248.0,1250.6500244140625,1227.0,1235.75,1202.7340087890625,1213810
2019-06-03,TITAN.NS,Titan Company,Growth / Compounder,1239.0,1269.0,1227.5,1266.25,1232.4190673828125,1627758
2019-06-04,TITAN.NS,Titan Company,Growth / Compounder,1267.0,1276.8499755859375,1243.800048828125,1248.0,1214.6566162109375,1378780
2019-06-06,TITAN.NS,Titan Company,Growth / Compounder,1255.0,1273.6500244140625,1244.6500244140625,1269.449951171875,1235.533447265625,2345134
2019-06-07,TITAN.NS,Titan Company,Growth / Compounder,1274.949951171875,1274.949951171875,1254.0,1268.949951171875,1235.0467529296875,1381956
2019-06-10,TITAN.NS,Titan Company,Growth / Compounder,1274.6500244140625,1289.199951171875,1270.0,1277.0,1242.8818359375,1516266
2019-06-11,TITAN.NS,Titan Company,Growth / Compounder,1278.0,1288.0,1266.800048828125,1284.949951171875,1250.619384765625,1782094
2019-06-12,TITAN.NS,Titan Company,Growth / Compounder,1284.949951171875,1292.699951171875,1277.550048828125,1288.8499755859375,1254.4150390625,1456438
2019-06-13,TITAN.NS,Titan Company,Growth / Compounder,1283.0,1298.25,1276.4000244140625,1295.449951171875,1260.839111328125,1734153
2019-06-14,TITAN.NS,Titan Company,Growth / Compounder,1296.050048828125,1297.949951171875,1277.0999755859375,1281.9000244140625,1247.651123046875,874483
2019-06-17,TITAN.NS,Titan Company,Growth / Compounder,1286.0,1292.550048828125,1248.5,1256.050048828125,1222.491455078125,2057502
2019-06-18,TITAN.NS,Titan Company,Growth / Compounder,1256.050048828125,1261.0,1235.0,1257.5,1223.9027099609375,1845151
2019-06-19,TITAN.NS,Titan Company,Growth / Compounder,1280.0,1288.0,1257.6500244140625,1275.0999755859375,1241.03271484375,1650715
2019-06-20,TITAN.NS,Titan Company,Growth / Compounder,1274.5,1308.949951171875,1266.050048828125,1306.5999755859375,1271.6910400390625,1693438
2019-06-21,TITAN.NS,Titan Company,Growth / Compounder,1306.0,1317.0,1288.25,1292.3499755859375,1257.8218994140625,2640376
2019-06-24,TITAN.NS,Titan Company,Growth / Compounder,1302.0,1307.4000244140625,1291.050048828125,1300.050048828125,1265.3160400390625,1419605
2019-06-25,TITAN.NS,Titan Company,Growth / Compounder,1309.0,1320.8499755859375,1296.050048828125,1318.1500244140625,1282.932373046875,1955640
2019-06-26,TITAN.NS,Titan Company,Growth / Compounder,1312.5999755859375,1322.9000244140625,1306.6500244140625,1309.050048828125,1274.0755615234375,1335984
2019-06-27,TITAN.NS,Titan Company,Growth / Compounder,1309.0999755859375,1332.699951171875,1306.75,1329.199951171875,1293.68701171875,1841074
2019-06-28,TITAN.NS,Titan Company,Growth / Compounder,1325.0,1337.050048828125,1318.0,1334.699951171875,1299.0401611328125,1345592
2019-07-01,TITAN.NS,Titan Company,Growth / Compounder,1330.0999755859375,1340.9000244140625,1321.1500244140625,1323.199951171875,1287.8475341796875,1554897
2019-07-02,TITAN.NS,Titan Company,Growth / Compounder,1325.0,1332.199951171875,1310.5,1324.0,1288.6260986328125,1397406
2019-07-03,TITAN.NS,Titan Company,Growth / Compounder,1329.550048828125,1333.5,1316.5,1328.449951171875,1292.957275390625,1351543
2019-07-04,TITAN.NS,Titan Company,Growth / Compounder,1321.800048828125,1321.800048828125,1286.0,1290.3499755859375,1255.875,2901447
2019-07-05,TITAN.NS,Titan Company,Growth / Compounder,1283.5,1300.550048828125,1249.699951171875,1278.0999755859375,1243.95263671875,3015054
2019-07-08,TITAN.NS,Titan Company,Growth / Compounder,1260.0,1270.9000244140625,1245.699951171875,1252.449951171875,1218.9876708984375,2308725
2019-07-09,TITAN.NS,Titan Company,Growth / Compounder,1175.0,1175.0,1073.0,1098.949951171875,1069.5887451171875,22143587
2019-07-10,TITAN.NS,Titan Company,Growth / Compounder,1103.0,1125.0,1088.3499755859375,1101.199951171875,1071.7786865234375,6366343
2019-07-11,TITAN.NS,Titan Company,Growth / Compounder,1109.0,1115.6500244140625,1071.4000244140625,1097.0,1067.69091796875,5179244
2019-07-12,TITAN.NS,Titan Company,Growth / Compounder,1104.0,1129.0,1090.0,1101.199951171875,1071.7786865234375,4845853
2019-07-15,TITAN.NS,Titan Company,Growth / Compounder,1110.0,1110.050048828125,1077.3499755859375,1089.4000244140625,1060.2938232421875,2563929
2019-07-16,TITAN.NS,Titan Company,Growth / Compounder,1092.0,1118.0,1082.550048828125,1114.75,1084.9666748046875,2457767
2019-07-17,TITAN.NS,Titan Company,Growth / Compounder,1110.25,1118.0,1105.300048828125,1109.9000244140625,1080.246337890625,2538956
2019-07-18,TITAN.NS,Titan Company,Growth / Compounder,1105.0,1106.5,1056.199951171875,1080.0,1051.1451416015625,3482208
2019-07-19,TITAN.NS,Titan Company,Growth / Compounder,1090.0,1103.0,1077.949951171875,1091.050048828125,1061.9000244140625,3302082
2019-07-22,TITAN.NS,Titan Company,Growth / Compounder,1087.9000244140625,1092.0,1062.0999755859375,1085.550048828125,1056.546875,2341863
2019-07-23,TITAN.NS,Titan Company,Growth / Compounder,1090.0,1109.9000244140625,1086.4000244140625,1099.1500244140625,1069.7835693359375,2527679
2019-07-24,TITAN.NS,Titan Company,Growth / Compounder,1101.0,1110.0,1081.25,1087.4000244140625,1058.3475341796875,1732174
2019-07-25,TITAN.NS,Titan Company,Growth / Compounder,1093.9000244140625,1100.699951171875,1084.5999755859375,1090.449951171875,1061.31591796875,1770220
2019-07-26,TITAN.NS,Titan Company,Growth / Compounder,1085.800048828125,1112.199951171875,1083.0,1106.4000244140625,1076.8399658203125,1128870
2019-07-29,TITAN.NS,Titan Company,Growth / Compounder,1106.9000244140625,1109.0,1071.9000244140625,1078.9000244140625,1054.841552734375,1661014
2019-07-30,TITAN.NS,Titan Company,Growth / Compounder,1080.0,1093.5999755859375,1072.0999755859375,1079.199951171875,1055.134765625,2335907
2019-07-31,TITAN.NS,Titan Company,Growth / Compounder,1079.1500244140625,1079.1500244140625,1041.0,1056.3499755859375,1032.7943115234375,3050699
2019-08-01,TITAN.NS,Titan Company,Growth / Compounder,1052.0999755859375,1069.3499755859375,1041.4000244140625,1057.300048828125,1033.72314453125,2321381
2019-08-02,TITAN.NS,Titan Company,Growth / Compounder,1062.0,1075.4000244140625,1046.050048828125,1064.699951171875,1040.958251953125,1789229
2019-08-05,TITAN.NS,Titan Company,Growth / Compounder,1059.5,1059.5,1026.5999755859375,1036.800048828125,1013.6805419921875,1962260
2019-08-06,TITAN.NS,Titan Company,Growth / Compounder,1027.0,1070.0,1021.25,1046.699951171875,1023.3595581054688,5738839
2019-08-07,TITAN.NS,Titan Company,Growth / Compounder,1022.0,1040.9000244140625,998.0,1028.449951171875,1005.5164794921875,8983860
2019-08-08,TITAN.NS,Titan Company,Growth / Compounder,1036.0,1059.800048828125,1011.6500244140625,1041.0999755859375,1017.88427734375,2553976
2019-08-09,TITAN.NS,Titan Company,Growth / Compounder,1050.0,1077.0,1041.5,1067.0,1043.2069091796875,2944544
2019-08-13,TITAN.NS,Titan Company,Growth / Compounder,1070.0,1088.5,1056.0999755859375,1063.8499755859375,1040.127197265625,3293100
2019-08-14,TITAN.NS,Titan Company,Growth / Compounder,1054.0999755859375,1090.8499755859375,1051.050048828125,1084.0,1059.827880859375,1834669
2019-08-16,TITAN.NS,Titan Company,Growth / Compounder,1075.0,1084.300048828125,1070.199951171875,1075.800048828125,1051.810791015625,1366746
2019-08-19,TITAN.NS,Titan Company,Growth / Compounder,1104.699951171875,1104.699951171875,1080.1500244140625,1088.949951171875,1064.667236328125,1467603
2019-08-20,TITAN.NS,Titan Company,Growth / Compounder,1090.9000244140625,1095.75,1075.550048828125,1092.3499755859375,1067.9915771484375,1584464
2019-08-21,TITAN.NS,Titan Company,Growth / Compounder,1090.5,1097.0,1060.300048828125,1065.300048828125,1041.544921875,1344715
2019-08-22,TITAN.NS,Titan Company,Growth / Compounder,1065.800048828125,1070.0,1048.050048828125,1061.75,1038.073974609375,1182766
2019-08-23,TITAN.NS,Titan Company,Growth / Compounder,1062.300048828125,1082.9000244140625,1040.0,1073.5,1049.56201171875,1925420
2019-08-26,TITAN.NS,Titan Company,Growth / Compounder,1094.699951171875,1106.800048828125,1061.6500244140625,1102.449951171875,1077.866455078125,2601437
2019-08-27,TITAN.NS,Titan Company,Growth / Compounder,1108.0,1130.1500244140625,1099.199951171875,1123.699951171875,1098.6424560546875,2825727
2019-08-28,TITAN.NS,Titan Company,Growth / Compounder,1129.0,1131.5,1107.5,1110.949951171875,1086.1767578125,1599333
2019-08-29,TITAN.NS,Titan Company,Growth / Compounder,1111.5,1115.0,1096.550048828125,1101.800048828125,1077.2310791015625,1204392
2019-08-30,TITAN.NS,Titan Company,Growth / Compounder,1107.050048828125,1113.0,1095.0,1105.0999755859375,1080.4573974609375,1454803
2019-09-03,TITAN.NS,Titan Company,Growth / Compounder,1098.0,1098.300048828125,1052.949951171875,1059.6500244140625,1036.0208740234375,1858383
2019-09-04,TITAN.NS,Titan Company,Growth / Compounder,1060.0,1069.0,1025.5,1037.199951171875,1014.0713500976562,2881072
2019-09-05,TITAN.NS,Titan Company,Growth / Compounder,1037.0,1052.9000244140625,1036.25,1048.6500244140625,1025.26611328125,1587469
2019-09-06,TITAN.NS,Titan Company,Growth / Compounder,1054.0,1070.949951171875,1042.449951171875,1068.699951171875,1044.8690185546875,1443212
2019-09-09,TITAN.NS,Titan Company,Growth / Compounder,1065.0,1091.949951171875,1058.4000244140625,1088.3499755859375,1064.0809326171875,1272456
2019-09-11,TITAN.NS,Titan Company,Growth / Compounder,1095.949951171875,1103.5,1083.050048828125,1101.050048828125,1076.4976806640625,1432923
2019-09-12,TITAN.NS,Titan Company,Growth / Compounder,1110.699951171875,1114.5999755859375,1083.75,1086.0999755859375,1061.8809814453125,1792647
2019-09-13,TITAN.NS,Titan Company,Growth / Compounder,1088.0999755859375,1126.5,1088.0999755859375,1123.4000244140625,1098.34912109375,3428008
2019-09-16,TITAN.NS,Titan Company,Growth / Compounder,1123.9000244140625,1152.0,1115.4000244140625,1148.550048828125,1122.9384765625,3645849
2019-09-17,TITAN.NS,Titan Company,Growth / Compounder,1155.0,1176.199951171875,1154.050048828125,1158.25,1132.4219970703125,3120692
2019-09-18,TITAN.NS,Titan Company,Growth / Compounder,1163.0,1168.0,1150.550048828125,1160.699951171875,1134.8173828125,1434623
2019-09-19,TITAN.NS,Titan Company,Growth / Compounder,1164.0,1167.6500244140625,1148.449951171875,1153.199951171875,1127.484619140625,1255713
2019-09-20,TITAN.NS,Titan Company,Growth / Compounder,1160.0,1334.4000244140625,1153.0,1263.550048828125,1235.3740234375,7588909
2019-09-23,TITAN.NS,Titan Company,Growth / Compounder,1275.199951171875,1345.0,1275.0,1311.800048828125,1282.54833984375,5902008
2019-09-24,TITAN.NS,Titan Company,Growth / Compounder,1317.0,1324.25,1282.0,1292.6500244140625,1263.8250732421875,2642955
2019-09-25,TITAN.NS,Titan Company,Growth / Compounder,1296.1500244140625,1314.9000244140625,1262.800048828125,1268.9000244140625,1240.60498046875,3928117
2019-09-26,TITAN.NS,Titan Company,Growth / Compounder,1273.0,1292.550048828125,1272.0,1288.300048828125,1259.5721435546875,2277616
2019-09-27,TITAN.NS,Titan Company,Growth / Compounder,1291.0,1293.949951171875,1265.1500244140625,1284.050048828125,1255.4169921875,1847785
2019-09-30,TITAN.NS,Titan Company,Growth / Compounder,1290.5,1295.8499755859375,1266.5,1273.050048828125,1244.6622314453125,2142791
2019-10-01,TITAN.NS,Titan Company,Growth / Compounder,1282.0,1297.800048828125,1267.550048828125,1280.5999755859375,1252.0439453125,1454512
2019-10-03,TITAN.NS,Titan Company,Growth / Compounder,1279.4000244140625,1298.0,1268.75,1295.5,1266.611572265625,1449986
2019-10-04,TITAN.NS,Titan Company,Growth / Compounder,1303.0,1306.699951171875,1240.0999755859375,1250.9000244140625,1223.006103515625,2383219
2019-10-07,TITAN.NS,Titan Company,Growth / Compounder,1255.0999755859375,1265.800048828125,1241.300048828125,1259.0,1230.925537109375,1100794
2019-10-09,TITAN.NS,Titan Company,Growth / Compounder,1200.0,1236.25,1177.050048828125,1230.300048828125,1202.865478515625,8327469
2019-10-10,TITAN.NS,Titan Company,Growth / Compounder,1231.199951171875,1242.449951171875,1220.0,1234.699951171875,1207.167236328125,1479753
2019-10-11,TITAN.NS,Titan Company,Growth / Compounder,1242.050048828125,1249.0,1215.0,1243.5999755859375,1215.86865234375,2182903
2019-10-14,TITAN.NS,Titan Company,Growth / Compounder,1239.800048828125,1258.0,1233.5,1248.949951171875,1221.099609375,1241231
2019-10-15,TITAN.NS,Titan Company,Growth / Compounder,1254.0,1275.1500244140625,1253.0,1272.0999755859375,1243.7332763671875,1379017
2019-10-16,TITAN.NS,Titan Company,Growth / Compounder,1274.800048828125,1277.699951171875,1256.050048828125,1274.550048828125,1246.1287841796875,1223194
2019-10-17,TITAN.NS,Titan Company,Growth / Compounder,1285.0,1285.550048828125,1271.0999755859375,1277.050048828125,1248.572998046875,1500556
2019-10-18,TITAN.NS,Titan Company,Growth / Compounder,1278.0,1305.0,1274.050048828125,1300.5999755859375,1271.597900390625,1135957
2019-10-22,TITAN.NS,Titan Company,Growth / Compounder,1300.449951171875,1336.800048828125,1294.5,1329.449951171875,1299.804443359375,2138284
2019-10-23,TITAN.NS,Titan Company,Growth / Compounder,1331.949951171875,1366.3499755859375,1327.050048828125,1348.6500244140625,1318.5762939453125,3148288
2019-10-24,TITAN.NS,Titan Company,Growth / Compounder,1364.0,1379.0,1350.6500244140625,1374.550048828125,1343.8988037109375,1791699
2019-10-25,TITAN.NS,Titan Company,Growth / Compounder,1378.9000244140625,1389.949951171875,1331.1500244140625,1335.0,1305.230712890625,3934315
2019-10-27,TITAN.NS,Titan Company,Growth / Compounder,1338.949951171875,1341.800048828125,1315.699951171875,1319.9000244140625,1290.467529296875,470393
2019-10-29,TITAN.NS,Titan Company,Growth / Compounder,1320.0,1340.0,1293.199951171875,1332.5999755859375,1302.8841552734375,2030358
2019-10-30,TITAN.NS,Titan Company,Growth / Compounder,1347.0,1347.0,1312.0,1316.1500244140625,1286.8011474609375,1681593
2019-10-31,TITAN.NS,Titan Company,Growth / Compounder,1322.0,1336.0,1319.6500244140625,1331.199951171875,1301.515625,1533763
2019-11-01,TITAN.NS,Titan Company,Growth / Compounder,1331.800048828125,1333.3499755859375,1287.050048828125,1301.9000244140625,1272.8690185546875,2491686
2019-11-04,TITAN.NS,Titan Company,Growth / Compounder,1311.0,1311.0,1282.0999755859375,1298.800048828125,1269.838134765625,1706003
2019-11-05,TITAN.NS,Titan Company,Growth / Compounder,1295.0,1306.25,1277.5,1283.800048828125,1255.1724853515625,2881634
2019-11-06,TITAN.NS,Titan Company,Growth / Compounder,1165.0,1199.0,1150.0,1156.0999755859375,1130.320068359375,18294122
2019-11-07,TITAN.NS,Titan Company,Growth / Compounder,1161.0,1179.0,1156.449951171875,1167.199951171875,1141.1724853515625,6500446
2019-11-08,TITAN.NS,Titan Company,Growth / Compounder,1167.199951171875,1172.949951171875,1154.0,1156.75,1130.95556640625,2796511
2019-11-11,TITAN.NS,Titan Company,Growth / Compounder,1156.75,1163.75,1137.6500244140625,1155.699951171875,1129.928955078125,2357413
2019-11-13,TITAN.NS,Titan Company,Growth / Compounder,1155.699951171875,1167.0,1150.0999755859375,1159.050048828125,1133.204345703125,2336007
2019-11-14,TITAN.NS,Titan Company,Growth / Compounder,1164.0,1176.300048828125,1162.0,1169.0999755859375,1143.0302734375,2571355
2019-11-15,TITAN.NS,Titan Company,Growth / Compounder,1173.0,1174.800048828125,1155.9000244140625,1158.449951171875,1132.617431640625,1506407
2019-11-18,TITAN.NS,Titan Company,Growth / Compounder,1160.1500244140625,1164.5,1152.800048828125,1158.800048828125,1132.9599609375,1132129
2019-11-19,TITAN.NS,Titan Company,Growth / Compounder,1158.800048828125,1167.800048828125,1153.0999755859375,1163.199951171875,1137.2618408203125,1109428
2019-11-20,TITAN.NS,Titan Company,Growth / Compounder,1166.0,1167.5,1156.4000244140625,1162.8499755859375,1136.91943359375,920219
2019-11-21,TITAN.NS,Titan Company,Growth / Compounder,1163.0,1170.0,1144.0,1148.25,1122.645263671875,1417102
2019-11-22,TITAN.NS,Titan Company,Growth / Compounder,1148.0,1150.699951171875,1123.199951171875,1135.5999755859375,1110.2772216796875,2320184
2019-11-25,TITAN.NS,Titan Company,Growth / Compounder,1149.9000244140625,1166.949951171875,1143.0999755859375,1163.5999755859375,1137.65283203125,2270744
2019-11-26,TITAN.NS,Titan Company,Growth / Compounder,1166.9000244140625,1184.75,1162.199951171875,1166.0999755859375,1140.096923828125,4025257
2019-11-27,TITAN.NS,Titan Company,Growth / Compounder,1170.0,1182.5,1161.0,1167.1500244140625,1141.1236572265625,1587451
2019-11-28,TITAN.NS,Titan Company,Growth / Compounder,1172.0,1172.0,1160.3499755859375,1169.5,1143.4212646484375,1031591
2019-11-29,TITAN.NS,Titan Company,Growth / Compounder,1173.0,1178.550048828125,1155.0,1159.699951171875,1133.8397216796875,1244953
2019-12-02,TITAN.NS,Titan Company,Growth / Compounder,1160.0,1161.0,1142.5,1153.800048828125,1128.071533203125,1016807
2019-12-03,TITAN.NS,Titan Company,Growth / Compounder,1155.0,1170.0,1150.0999755859375,1158.1500244140625,1132.324462890625,1315825
2019-12-04,TITAN.NS,Titan Company,Growth / Compounder,1154.699951171875,1178.0,1153.0,1174.6500244140625,1148.4564208984375,1388528
2019-12-05,TITAN.NS,Titan Company,Growth / Compounder,1180.0,1204.5999755859375,1175.0,1184.25,1157.8424072265625,3637705
2019-12-06,TITAN.NS,Titan Company,Growth / Compounder,1189.800048828125,1189.800048828125,1168.9000244140625,1172.0,1145.865478515625,1026657
2019-12-09,TITAN.NS,Titan Company,Growth / Compounder,1173.0,1186.0,1165.8499755859375,1178.050048828125,1151.78076171875,1092070
2019-12-10,TITAN.NS,Titan Company,Growth / Compounder,1175.0999755859375,1192.0999755859375,1172.9000244140625,1179.300048828125,1153.0028076171875,1641867
2019-12-11,TITAN.NS,Titan Company,Growth / Compounder,1178.0999755859375,1189.0,1175.75,1179.550048828125,1153.2471923828125,1005638
2019-12-12,TITAN.NS,Titan Company,Growth / Compounder,1182.0999755859375,1192.0,1177.5,1188.0,1161.5087890625,1065673
2019-12-13,TITAN.NS,Titan Company,Growth / Compounder,1193.0,1203.5,1182.5999755859375,1186.1500244140625,1159.7000732421875,1624478
2019-12-16,TITAN.NS,Titan Company,Growth / Compounder,1188.550048828125,1192.25,1162.8499755859375,1165.6500244140625,1139.656982421875,1239589
2019-12-17,TITAN.NS,Titan Company,Growth / Compounder,1171.0,1171.0,1152.0,1157.3499755859375,1131.5421142578125,1706196
2019-12-18,TITAN.NS,Titan Company,Growth / Compounder,1164.0,1167.3499755859375,1150.3499755859375,1159.0999755859375,1133.2532958984375,1391631
2019-12-19,TITAN.NS,Titan Company,Growth / Compounder,1159.0,1162.5,1153.0,1159.050048828125,1133.204345703125,1338696
2019-12-20,TITAN.NS,Titan Company,Growth / Compounder,1160.0,1206.449951171875,1160.0,1201.9000244140625,1175.0987548828125,6754831
2019-12-23,TITAN.NS,Titan Company,Growth / Compounder,1206.0999755859375,1229.0,1201.0999755859375,1209.0999755859375,1182.13818359375,3980835
2019-12-24,TITAN.NS,Titan Company,Growth / Compounder,1206.050048828125,1222.0,1200.6500244140625,1204.0999755859375,1177.249755859375,2236779
2019-12-26,TITAN.NS,Titan Company,Growth / Compounder,1209.949951171875,1213.75,1190.5999755859375,1192.5,1165.908203125,1800229
2019-12-27,TITAN.NS,Titan Company,Growth / Compounder,1196.449951171875,1199.199951171875,1184.8499755859375,1191.449951171875,1164.8817138671875,1332568
2019-12-30,TITAN.NS,Titan Company,Growth / Compounder,1195.0,1198.0,1183.0999755859375,1193.75,1167.130615234375,1109808
2019-12-31,TITAN.NS,Titan Company,Growth / Compounder,1195.0,1203.699951171875,1184.199951171875,1187.949951171875,1161.459716796875,1753530
2020-01-01,TITAN.NS,Titan Company,Growth / Compounder,1194.449951171875,1199.0,1152.199951171875,1154.75,1129.000244140625,3137636
2020-01-02,TITAN.NS,Titan Company,Growth / Compounder,1157.0,1159.9000244140625,1140.0,1155.5999755859375,1129.831298828125,3286436
2020-01-03,TITAN.NS,Titan Company,Growth / Compounder,1156.0,1156.0,1132.0,1139.699951171875,1114.28564453125,2695237
2020-01-06,TITAN.NS,Titan Company,Growth / Compounder,1162.0,1171.4000244140625,1150.0999755859375,1158.5999755859375,1132.764404296875,4494752
2020-01-07,TITAN.NS,Titan Company,Growth / Compounder,1170.949951171875,1173.8499755859375,1152.050048828125,1159.949951171875,1134.0841064453125,2363578
2020-01-08,TITAN.NS,Titan Company,Growth / Compounder,1145.0,1156.300048828125,1138.0,1143.300048828125,1117.805419921875,2370166
2020-01-09,TITAN.NS,Titan Company,Growth / Compounder,1155.0,1168.0,1148.5,1163.449951171875,1137.5062255859375,1764131
2020-01-10,TITAN.NS,Titan Company,Growth / Compounder,1167.0,1170.699951171875,1150.75,1154.050048828125,1128.31591796875,1517311
2020-01-13,TITAN.NS,Titan Company,Growth / Compounder,1155.0,1162.449951171875,1148.5,1158.949951171875,1133.1065673828125,1135936
2020-01-14,TITAN.NS,Titan Company,Growth / Compounder,1162.0,1168.6500244140625,1157.1500244140625,1167.0999755859375,1141.0745849609375,1324743
2020-01-15,TITAN.NS,Titan Company,Growth / Compounder,1173.5,1191.5,1170.5999755859375,1184.8499755859375,1158.428955078125,2665214
2020-01-16,TITAN.NS,Titan Company,Growth / Compounder,1184.8499755859375,1195.5,1174.0999755859375,1192.9000244140625,1166.2994384765625,1644541
2020-01-17,TITAN.NS,Titan Company,Growth / Compounder,1194.800048828125,1196.8499755859375,1184.0,1188.75,1162.2420654296875,1034774
2020-01-20,TITAN.NS,Titan Company,Growth / Compounder,1190.0,1195.0,1179.0999755859375,1187.8499755859375,1161.3621826171875,1139858
2020-01-21,TITAN.NS,Titan Company,Growth / Compounder,1183.449951171875,1183.9000244140625,1161.0,1176.199951171875,1149.9716796875,925998
2020-01-22,TITAN.NS,Titan Company,Growth / Compounder,1181.800048828125,1185.949951171875,1172.0,1177.6500244140625,1151.3896484375,902471
2020-01-23,TITAN.NS,Titan Company,Growth / Compounder,1176.0,1206.6500244140625,1175.0,1204.0999755859375,1177.249755859375,2101116
2020-01-24,TITAN.NS,Titan Company,Growth / Compounder,1208.9000244140625,1230.0,1206.050048828125,1227.8499755859375,1200.4700927734375,2841654
2020-01-27,TITAN.NS,Titan Company,Growth / Compounder,1228.0,1240.3499755859375,1208.8499755859375,1213.800048828125,1186.7333984375,2332864
2020-01-28,TITAN.NS,Titan Company,Growth / Compounder,1215.0,1223.5,1188.300048828125,1195.0,1168.352783203125,1703068
2020-01-29,TITAN.NS,Titan Company,Growth / Compounder,1198.5,1207.9000244140625,1181.5999755859375,1186.199951171875,1159.748779296875,1380266
2020-01-30,TITAN.NS,Titan Company,Growth / Compounder,1191.0,1191.5,1176.199951171875,1179.25,1152.9537353515625,1859283
2020-01-31,TITAN.NS,Titan Company,Growth / Compounder,1185.5,1194.800048828125,1180.0,1187.75,1161.264404296875,1809101
2020-02-03,TITAN.NS,Titan Company,Growth / Compounder,1170.0,1192.300048828125,1162.550048828125,1186.4000244140625,1159.9444580078125,3595537
2020-02-04,TITAN.NS,Titan Company,Growth / Compounder,1195.0,1287.800048828125,1185.0,1275.800048828125,1247.35107421875,7875930
2020-02-05,TITAN.NS,Titan Company,Growth / Compounder,1284.75,1297.699951171875,1255.0,1279.8499755859375,1251.310546875,5459816
2020-02-06,TITAN.NS,Titan Company,Growth / Compounder,1284.949951171875,1294.199951171875,1252.050048828125,1259.300048828125,1231.2188720703125,2463971
2020-02-07,TITAN.NS,Titan Company,Growth / Compounder,1264.050048828125,1279.5,1258.4000244140625,1275.0,1246.5687255859375,2277867
2020-02-10,TITAN.NS,Titan Company,Growth / Compounder,1270.9000244140625,1275.0,1253.3499755859375,1257.199951171875,1229.16552734375,1021943
2020-02-11,TITAN.NS,Titan Company,Growth / Compounder,1263.0,1278.9000244140625,1258.550048828125,1270.699951171875,1242.3646240234375,1351413
2020-02-12,TITAN.NS,Titan Company,Growth / Compounder,1276.949951171875,1288.949951171875,1265.8499755859375,1269.0,1240.7025146484375,1195516
2020-02-13,TITAN.NS,Titan Company,Growth / Compounder,1270.0,1308.0,1270.0,1298.0999755859375,1269.153564453125,4458645
2020-02-14,TITAN.NS,Titan Company,Growth / Compounder,1306.949951171875,1310.699951171875,1290.0,1293.449951171875,1264.607177734375,1416212
2020-02-17,TITAN.NS,Titan Company,Growth / Compounder,1293.050048828125,1321.5999755859375,1288.3499755859375,1316.050048828125,1286.703369140625,2347399
2020-02-18,TITAN.NS,Titan Company,Growth / Compounder,1314.0,1318.9000244140625,1301.25,1311.0,1281.76611328125,1761012
2020-02-19,TITAN.NS,Titan Company,Growth / Compounder,1317.0,1332.9000244140625,1312.050048828125,1329.5999755859375,1299.951171875,1445826
2020-02-20,TITAN.NS,Titan Company,Growth / Compounder,1330.0,1341.050048828125,1320.0,1322.8499755859375,1293.351806640625,1513648
2020-02-24,TITAN.NS,Titan Company,Growth / Compounder,1310.0,1317.800048828125,1273.8499755859375,1279.9000244140625,1251.3594970703125,1341317
2020-02-25,TITAN.NS,Titan Company,Growth / Compounder,1285.0,1286.75,1256.800048828125,1260.0999755859375,1232.0008544921875,1358874
2020-02-26,TITAN.NS,Titan Company,Growth / Compounder,1256.0,1267.0,1245.0999755859375,1255.0999755859375,1227.1124267578125,1506693
2020-02-27,TITAN.NS,Titan Company,Growth / Compounder,1250.0,1286.0,1250.0,1277.9000244140625,1249.404052734375,4569014
2020-02-28,TITAN.NS,Titan Company,Growth / Compounder,1255.0,1270.699951171875,1235.6500244140625,1254.5,1226.52587890625,2728105
2020-03-02,TITAN.NS,Titan Company,Growth / Compounder,1275.0,1294.0,1228.0,1244.1500244140625,1216.40673828125,2773593
2020-03-03,TITAN.NS,Titan Company,Growth / Compounder,1248.199951171875,1272.0,1225.0,1247.0,1219.193115234375,2660100
2020-03-04,TITAN.NS,Titan Company,Growth / Compounder,1251.949951171875,1265.6500244140625,1217.300048828125,1250.949951171875,1223.05517578125,3007393
2020-03-05,TITAN.NS,Titan Company,Growth / Compounder,1253.5,1265.1500244140625,1242.199951171875,1259.1500244140625,1231.0721435546875,1555538
2020-03-06,TITAN.NS,Titan Company,Growth / Compounder,1229.0,1246.949951171875,1219.699951171875,1242.5999755859375,1214.891357421875,1678642
2020-03-09,TITAN.NS,Titan Company,Growth / Compounder,1225.0,1241.8499755859375,1175.0,1203.449951171875,1176.6141357421875,2285787
2020-03-11,TITAN.NS,Titan Company,Growth / Compounder,1197.949951171875,1213.3499755859375,1177.550048828125,1187.6500244140625,1161.16650390625,2314388
2020-03-12,TITAN.NS,Titan Company,Growth / Compounder,1150.0,1153.949951171875,1064.6500244140625,1076.75,1052.739501953125,3608906
2020-03-13,TITAN.NS,Titan Company,Growth / Compounder,1055.5999755859375,1134.699951171875,946.0499877929688,1084.3499755859375,1060.169921875,4337046
2020-03-16,TITAN.NS,Titan Company,Growth / Compounder,1049.949951171875,1049.949951171875,983.0,1011.3499755859375,988.7978515625,3443930
2020-03-17,TITAN.NS,Titan Company,Growth / Compounder,1005.0,1038.0,977.7999877929688,1001.0,978.6785888671875,2985146
2020-03-18,TITAN.NS,Titan Company,Growth / Compounder,1028.0,1028.0,921.0,930.75,909.9951782226562,5508541
2020-03-19,TITAN.NS,Titan Company,Growth / Compounder,879.9500122070312,924.4000244140625,839.75,903.5,883.352783203125,4838552
2020-03-20,TITAN.NS,Titan Company,Growth / Compounder,906.0999755859375,934.0,866.0,904.9000244140625,884.7216796875,4407646
2020-03-23,TITAN.NS,Titan Company,Growth / Compounder,839.6500244140625,841.0499877929688,771.25,800.9500122070312,783.0896606445312,4960906
2020-03-24,TITAN.NS,Titan Company,Growth / Compounder,805.25,857.8499755859375,720.9000244140625,816.0999755859375,797.9016723632812,5404961
2020-03-25,TITAN.NS,Titan Company,Growth / Compounder,799.0,897.7000122070312,784.7999877929688,880.7999877929688,861.158935546875,3564854
2020-03-26,TITAN.NS,Titan Company,Growth / Compounder,895.0,947.7999877929688,872.2999877929688,928.2999877929688,907.5997314453125,3635282
2020-03-27,TITAN.NS,Titan Company,Growth / Compounder,960.0,965.0,896.0,937.0499877929688,916.1546630859375,2999631
2020-03-30,TITAN.NS,Titan Company,Growth / Compounder,861.0,959.0,861.0,943.6500244140625,922.6075439453125,2901412
2020-03-31,TITAN.NS,Titan Company,Growth / Compounder,967.0,971.7000122070312,923.75,933.7000122070312,912.8794555664062,3811918
2020-04-01,TITAN.NS,Titan Company,Growth / Compounder,929.7000122070312,950.0,902.0,936.0499877929688,915.1769409179688,2935916
2020-04-03,TITAN.NS,Titan Company,Growth / Compounder,930.0,930.0499877929688,855.9500122070312,862.7999877929688,843.5604858398438,4951957
2020-04-07,TITAN.NS,Titan Company,Growth / Compounder,900.0999755859375,954.9500122070312,892.2999877929688,947.4500122070312,926.32275390625,4186574
2020-04-08,TITAN.NS,Titan Company,Growth / Compounder,935.0,966.4000244140625,893.4000244140625,913.4500122070312,893.0809936523438,5505995
2020-04-09,TITAN.NS,Titan Company,Growth / Compounder,931.6500244140625,1044.0,917.3499755859375,1013.8499755859375,991.2420654296875,8532854
2020-04-13,TITAN.NS,Titan Company,Growth / Compounder,1014.5,1014.5,943.2000122070312,966.8499755859375,945.2901611328125,4399110
2020-04-15,TITAN.NS,Titan Company,Growth / Compounder,990.0,990.0,937.2000122070312,952.0499877929688,930.8201293945312,5502739
2020-04-16,TITAN.NS,Titan Company,Growth / Compounder,929.0,999.0,915.0,985.25,963.2799072265625,6251879
2020-04-17,TITAN.NS,Titan Company,Growth / Compounder,1001.0999755859375,1017.7000122070312,956.2999877929688,975.5,953.747314453125,5761623
2020-04-20,TITAN.NS,Titan Company,Growth / Compounder,975.5,982.2000122070312,957.0,975.5,953.747314453125,2557331
2020-04-21,TITAN.NS,Titan Company,Growth / Compounder,958.0,962.2000122070312,932.4500122070312,936.7000122070312,915.8125610351562,3717567
2020-04-22,TITAN.NS,Titan Company,Growth / Compounder,936.7000122070312,955.25,922.5499877929688,951.4000244140625,930.1847534179688,2779272
2020-04-23,TITAN.NS,Titan Company,Growth / Compounder,922.25,935.5,905.0,912.5999755859375,892.2498168945312,7009187
2020-04-24,TITAN.NS,Titan Company,Growth / Compounder,910.0,926.9000244140625,893.0999755859375,906.0499877929688,885.845947265625,4692972
2020-04-27,TITAN.NS,Titan Company,Growth / Compounder,914.2000122070312,938.0,912.0499877929688,927.75,907.0621337890625,3816089
2020-04-28,TITAN.NS,Titan Company,Growth / Compounder,930.3499755859375,940.0,917.0,932.8499755859375,912.0482788085938,2548149
2020-04-29,TITAN.NS,Titan Company,Growth / Compounder,932.0,933.5999755859375,918.0,925.4000244140625,904.7644653320312,2514908
2020-04-30,TITAN.NS,Titan Company,Growth / Compounder,935.2000122070312,978.9500122070312,929.0,970.0499877929688,948.4188232421875,4336412
2020-05-04,TITAN.NS,Titan Company,Growth / Compounder,928.5,929.0,886.0,891.8499755859375,871.9625854492188,4201101
2020-05-05,TITAN.NS,Titan Company,Growth / Compounder,905.0,908.8499755859375,877.0,886.9500122070312,867.171875,5214901
2020-05-06,TITAN.NS,Titan Company,Growth / Compounder,887.0,891.9500122070312,861.25,876.4500122070312,856.906005859375,3713850
2020-05-07,TITAN.NS,Titan Company,Growth / Compounder,878.5,878.5,846.4000244140625,849.0999755859375,830.1658935546875,4744629
2020-05-08,TITAN.NS,Titan Company,Growth / Compounder,857.0,862.5,830.2999877929688,832.8499755859375,814.2781982421875,4751910
2020-05-11,TITAN.NS,Titan Company,Growth / Compounder,848.4500122070312,851.4000244140625,824.0,829.5999755859375,811.1007080078125,3704305
2020-05-12,TITAN.NS,Titan Company,Growth / Compounder,827.0,851.0,822.25,846.4500122070312,827.574951171875,5287477
2020-05-13,TITAN.NS,Titan Company,Growth / Compounder,874.9500122070312,883.9500122070312,856.0,860.4500122070312,841.2628173828125,3599358
2020-05-14,TITAN.NS,Titan Company,Growth / Compounder,855.0,856.0,841.25,846.0,827.1350708007812,2161536
2020-05-15,TITAN.NS,Titan Company,Growth / Compounder,846.0,859.7999877929688,842.0,845.5999755859375,826.743896484375,2130736
2020-05-18,TITAN.NS,Titan Company,Growth / Compounder,841.5,845.0,810.0,817.2999877929688,799.074951171875,4634758
2020-05-19,TITAN.NS,Titan Company,Growth / Compounder,827.2999877929688,844.1500244140625,818.1500244140625,826.7999877929688,808.3631591796875,3072505
2020-05-20,TITAN.NS,Titan Company,Growth / Compounder,824.0,854.0,818.5999755859375,848.7000122070312,829.7748413085938,3403474
2020-05-21,TITAN.NS,Titan Company,Growth / Compounder,854.0,860.0,843.9000244140625,849.8499755859375,830.899169921875,2217516
2020-05-22,TITAN.NS,Titan Company,Growth / Compounder,844.9000244140625,855.9500122070312,837.9000244140625,849.6500244140625,830.7037353515625,1955658
2020-05-26,TITAN.NS,Titan Company,Growth / Compounder,856.0,896.9500122070312,855.1500244140625,892.75,872.8424682617188,5625204
2020-05-27,TITAN.NS,Titan Company,Growth / Compounder,884.9000244140625,890.75,868.5,885.8499755859375,866.0963745117188,3925259
2020-05-28,TITAN.NS,Titan Company,Growth / Compounder,885.8499755859375,904.0999755859375,875.0,899.4500122070312,879.3932495117188,3441157
2020-05-29,TITAN.NS,Titan Company,Growth / Compounder,895.4500122070312,898.0,875.0,890.0,870.15380859375,4140081
2020-06-01,TITAN.NS,Titan Company,Growth / Compounder,898.5,979.0,898.5,958.9000244140625,937.5173950195312,9822341
2020-06-02,TITAN.NS,Titan Company,Growth / Compounder,958.9000244140625,984.0,946.3499755859375,976.1500244140625,954.3828125,4518557
2020-06-03,TITAN.NS,Titan Company,Growth / Compounder,989.0,1005.0,979.7000122070312,984.3499755859375,962.3999633789062,4194237
2020-06-04,TITAN.NS,Titan Company,Growth / Compounder,970.0999755859375,977.4500122070312,942.3499755859375,971.25,949.5921020507812,5293647
2020-06-05,TITAN.NS,Titan Company,Growth / Compounder,977.0,995.0,967.0,990.9500122070312,968.852783203125,3136137
2020-06-08,TITAN.NS,Titan Company,Growth / Compounder,1009.0,1050.0,1006.0499877929688,1025.0,1002.1434936523438,7033675
2020-06-09,TITAN.NS,Titan Company,Growth / Compounder,1037.0,1047.0,989.25,997.0999755859375,974.8656005859375,17283990
2020-06-10,TITAN.NS,Titan Company,Growth / Compounder,997.0999755859375,1008.9500122070312,970.8499755859375,977.25,955.458251953125,5971985
2020-06-11,TITAN.NS,Titan Company,Growth / Compounder,976.0,976.0,949.0999755859375,951.25,930.0380249023438,4955842
2020-06-12,TITAN.NS,Titan Company,Growth / Compounder,910.0499877929688,984.7999877929688,901.0,977.7000122070312,955.898193359375,6968318
2020-06-15,TITAN.NS,Titan Company,Growth / Compounder,979.9500122070312,986.5499877929688,945.0,948.4000244140625,927.2515869140625,3823415
2020-06-16,TITAN.NS,Titan Company,Growth / Compounder,965.0,970.0,933.6500244140625,958.0499877929688,936.6864013671875,2976379
2020-06-17,TITAN.NS,Titan Company,Growth / Compounder,955.0,972.8499755859375,945.75,963.0,941.5260620117188,2372940
2020-06-18,TITAN.NS,Titan Company,Growth / Compounder,958.0999755859375,980.5,953.6500244140625,976.0,954.2361450195312,2118941
2020-06-19,TITAN.NS,Titan Company,Growth / Compounder,980.0,994.9500122070312,973.0,975.8499755859375,954.0894165039062,2817395
2020-06-22,TITAN.NS,Titan Company,Growth / Compounder,979.0,988.0,968.5499877929688,979.5,957.6581420898438,1840153
2020-06-23,TITAN.NS,Titan Company,Growth / Compounder,981.5,1008.0,981.5,999.25,976.9676513671875,2929867
2020-06-24,TITAN.NS,Titan Company,Growth / Compounder,1010.0,1026.0,985.1500244140625,988.2000122070312,966.1641235351562,3451720
2020-06-25,TITAN.NS,Titan Company,Growth / Compounder,985.0,994.0,973.5499877929688,977.5999755859375,955.8004150390625,2214883
2020-06-26,TITAN.NS,Titan Company,Growth / Compounder,988.0,989.9000244140625,961.9000244140625,966.2000122070312,944.6546020507812,2514103
2020-06-29,TITAN.NS,Titan Company,Growth / Compounder,964.9000244140625,971.5999755859375,935.0,957.4500122070312,936.0997314453125,3422997
2020-06-30,TITAN.NS,Titan Company,Growth / Compounder,965.0,971.9500122070312,946.4000244140625,949.8499755859375,928.6692504882812,1947529
2020-07-01,TITAN.NS,Titan Company,Growth / Compounder,950.0,968.5,945.0,948.2000122070312,927.0560302734375,3043306
2020-07-02,TITAN.NS,Titan Company,Growth / Compounder,956.9500122070312,994.0,953.0999755859375,986.4000244140625,964.404296875,3845200
2020-07-03,TITAN.NS,Titan Company,Growth / Compounder,992.0,1008.0,986.2999877929688,1003.5,981.1229248046875,3073808
2020-07-06,TITAN.NS,Titan Company,Growth / Compounder,1007.0,1019.7999877929688,995.6500244140625,1014.2000122070312,991.5842895507812,2509450
2020-07-07,TITAN.NS,Titan Company,Growth / Compounder,1015.0,1029.0,1007.0,1016.25,993.588623046875,3538454
2020-07-08,TITAN.NS,Titan Company,Growth / Compounder,1026.0,1029.0,987.0499877929688,991.1500244140625,969.04833984375,4272654
2020-07-09,TITAN.NS,Titan Company,Growth / Compounder,995.0,1002.5,978.3499755859375,991.5999755859375,969.48828125,3585878
2020-07-10,TITAN.NS,Titan Company,Growth / Compounder,985.0499877929688,987.0,957.4000244140625,961.8499755859375,940.401611328125,3691688
2020-07-13,TITAN.NS,Titan Company,Growth / Compounder,973.9500122070312,973.9500122070312,959.0,966.3499755859375,944.8013305664062,2760626
2020-07-14,TITAN.NS,Titan Company,Growth / Compounder,960.0,977.9000244140625,955.0,973.7999877929688,952.085205078125,3642970
2020-07-15,TITAN.NS,Titan Company,Growth / Compounder,979.0,985.7999877929688,963.4000244140625,967.9500122070312,946.3656005859375,2366530
2020-07-16,TITAN.NS,Titan Company,Growth / Compounder,968.5,972.9500122070312,941.7999877929688,961.3499755859375,939.9127807617188,2914310
2020-07-17,TITAN.NS,Titan Company,Growth / Compounder,960.0,1000.0,956.4500122070312,997.8499755859375,975.598876953125,3843594
2020-07-20,TITAN.NS,Titan Company,Growth / Compounder,1000.0,1012.5,986.0,1001.7000122070312,979.3630981445312,3349775
2020-07-21,TITAN.NS,Titan Company,Growth / Compounder,1004.0,1017.4000244140625,999.25,1015.1500244140625,992.5131225585938,2491480
2020-07-22,TITAN.NS,Titan Company,Growth / Compounder,1020.25,1065.949951171875,1015.5999755859375,1057.699951171875,1034.1142578125,7642553
2020-07-23,TITAN.NS,Titan Company,Growth / Compounder,1067.949951171875,1083.0,1051.0999755859375,1070.199951171875,1046.3355712890625,6785686
2020-07-24,TITAN.NS,Titan Company,Growth / Compounder,1064.800048828125,1066.0,1032.699951171875,1057.5999755859375,1034.0164794921875,4407065
2020-07-27,TITAN.NS,Titan Company,Growth / Compounder,1057.0,1072.5,1039.3499755859375,1042.0999755859375,1018.8621826171875,2783336
2020-07-28,TITAN.NS,Titan Company,Growth / Compounder,1045.0,1054.949951171875,1028.550048828125,1052.699951171875,1029.2257080078125,3129955
2020-07-29,TITAN.NS,Titan Company,Growth / Compounder,1056.800048828125,1066.75,1036.199951171875,1040.449951171875,1017.2489013671875,2332468
2020-07-30,TITAN.NS,Titan Company,Growth / Compounder,1042.0,1057.699951171875,1039.949951171875,1041.8499755859375,1018.6177368164062,2297977
2020-07-31,TITAN.NS,Titan Company,Growth / Compounder,1045.5,1051.0999755859375,1032.699951171875,1043.25,1019.9866333007812,1786573
2020-08-03,TITAN.NS,Titan Company,Growth / Compounder,1047.0,1094.6500244140625,1043.0,1077.3499755859375,1057.3802490234375,7646498
2020-08-04,TITAN.NS,Titan Company,Growth / Compounder,1088.949951171875,1089.199951171875,1065.25,1075.199951171875,1055.270263671875,3357481
2020-08-05,TITAN.NS,Titan Company,Growth / Compounder,1083.0,1114.449951171875,1078.0,1105.449951171875,1084.9593505859375,5465772
2020-08-06,TITAN.NS,Titan Company,Growth / Compounder,1105.449951171875,1125.0,1091.25,1120.1500244140625,1099.386962890625,4499103
2020-08-07,TITAN.NS,Titan Company,Growth / Compounder,1114.949951171875,1131.4000244140625,1086.050048828125,1091.050048828125,1070.826416015625,4553672
2020-08-10,TITAN.NS,Titan Company,Growth / Compounder,1093.0,1114.5999755859375,1084.0,1107.550048828125,1087.0206298828125,5185798
2020-08-11,TITAN.NS,Titan Company,Growth / Compounder,1074.0,1087.699951171875,1048.5999755859375,1066.25,1046.4862060546875,11189277
2020-08-12,TITAN.NS,Titan Company,Growth / Compounder,1068.0,1076.9000244140625,1048.550048828125,1056.3499755859375,1036.7696533203125,6260227
2020-08-13,TITAN.NS,Titan Company,Growth / Compounder,1064.050048828125,1103.1500244140625,1062.0,1097.6500244140625,1077.3040771484375,5476727
2020-08-14,TITAN.NS,Titan Company,Growth / Compounder,1097.6500244140625,1119.0,1090.050048828125,1104.1500244140625,1083.68359375,4149195
2020-08-17,TITAN.NS,Titan Company,Growth / Compounder,1113.0,1126.199951171875,1106.0,1123.8499755859375,1103.018310546875,3033448
2020-08-18,TITAN.NS,Titan Company,Growth / Compounder,1128.949951171875,1151.800048828125,1125.0999755859375,1145.550048828125,1124.31640625,4134374
2020-08-19,TITAN.NS,Titan Company,Growth / Compounder,1158.8499755859375,1159.0,1145.0,1148.4000244140625,1127.113525390625,2570066
2020-08-20,TITAN.NS,Titan Company,Growth / Compounder,1130.050048828125,1138.4000244140625,1118.800048828125,1125.699951171875,1104.8341064453125,2727302
2020-08-21,TITAN.NS,Titan Company,Growth / Compounder,1137.699951171875,1143.800048828125,1129.0999755859375,1138.0999755859375,1117.004150390625,2181243
2020-08-24,TITAN.NS,Titan Company,Growth / Compounder,1140.0,1146.75,1124.0,1126.6500244140625,1105.7666015625,2122417
2020-08-25,TITAN.NS,Titan Company,Growth / Compounder,1131.0,1139.0,1122.9000244140625,1136.5,1115.433837890625,1465877
2020-08-26,TITAN.NS,Titan Company,Growth / Compounder,1139.699951171875,1150.0,1127.1500244140625,1134.199951171875,1113.176513671875,2009966
2020-08-27,TITAN.NS,Titan Company,Growth / Compounder,1140.0,1148.5,1127.0,1137.6500244140625,1116.562744140625,1459135
2020-08-28,TITAN.NS,Titan Company,Growth / Compounder,1148.25,1148.25,1131.5999755859375,1134.0999755859375,1113.078369140625,1628956
2020-08-31,TITAN.NS,Titan Company,Growth / Compounder,1131.0,1153.0,1086.0,1100.5,1080.1011962890625,3373546
2020-09-01,TITAN.NS,Titan Company,Growth / Compounder,1105.0,1129.6500244140625,1095.6500244140625,1120.050048828125,1099.2889404296875,2043953
2020-09-02,TITAN.NS,Titan Company,Growth / Compounder,1116.949951171875,1124.6500244140625,1102.5999755859375,1121.300048828125,1100.515625,1919880
2020-09-03,TITAN.NS,Titan Company,Growth / Compounder,1121.300048828125,1191.5999755859375,1121.300048828125,1185.300048828125,1163.3294677734375,5945052
2020-09-04,TITAN.NS,Titan Company,Growth / Compounder,1161.5999755859375,1198.050048828125,1155.0,1159.25,1137.76220703125,3490945
2020-09-07,TITAN.NS,Titan Company,Growth / Compounder,1164.0,1176.449951171875,1149.300048828125,1167.699951171875,1146.0555419921875,2166322
2020-09-08,TITAN.NS,Titan Company,Growth / Compounder,1167.699951171875,1174.0999755859375,1154.5999755859375,1162.550048828125,1141.0010986328125,1994062
2020-09-09,TITAN.NS,Titan Company,Growth / Compounder,1156.9000244140625,1171.800048828125,1148.300048828125,1161.0999755859375,1139.5777587890625,1918422
2020-09-10,TITAN.NS,Titan Company,Growth / Compounder,1165.0,1165.8499755859375,1138.75,1155.25,1133.8363037109375,1841208
2020-09-11,TITAN.NS,Titan Company,Growth / Compounder,1156.0,1194.0,1155.0,1167.75,1146.104736328125,5572098
2020-09-14,TITAN.NS,Titan Company,Growth / Compounder,1168.5,1191.5999755859375,1167.949951171875,1188.0,1165.9793701171875,2019325
2020-09-15,TITAN.NS,Titan Company,Growth / Compounder,1194.800048828125,1220.0,1170.1500244140625,1174.550048828125,1152.7786865234375,5204233
2020-09-16,TITAN.NS,Titan Company,Growth / Compounder,1180.0,1189.0,1164.699951171875,1181.699951171875,1159.7960205078125,2463561
2020-09-17,TITAN.NS,Titan Company,Growth / Compounder,1174.949951171875,1191.550048828125,1168.050048828125,1182.4000244140625,1160.4830322265625,2019300
2020-09-18,TITAN.NS,Titan Company,Growth / Compounder,1185.0,1201.5,1157.3499755859375,1163.5999755859375,1142.0316162109375,2575064
2020-09-21,TITAN.NS,Titan Company,Growth / Compounder,1163.5999755859375,1171.800048828125,1115.050048828125,1119.9000244140625,1099.1414794921875,2666086
2020-09-22,TITAN.NS,Titan Company,Growth / Compounder,1120.0,1127.5,1093.1500244140625,1104.449951171875,1083.97802734375,2000953
2020-09-23,TITAN.NS,Titan Company,Growth / Compounder,1107.5,1121.949951171875,1103.0,1117.199951171875,1096.49169921875,2068183
2020-09-24,TITAN.NS,Titan Company,Growth / Compounder,1113.0,1113.9000244140625,1076.0,1096.1500244140625,1075.831787109375,2356296
2020-09-25,TITAN.NS,Titan Company,Growth / Compounder,1097.550048828125,1115.0,1081.25,1109.3499755859375,1088.7872314453125,2275740
2020-09-28,TITAN.NS,Titan Company,Growth / Compounder,1119.0,1143.949951171875,1108.3499755859375,1138.75,1117.642333984375,2509616
2020-09-29,TITAN.NS,Titan Company,Growth / Compounder,1145.0,1174.1500244140625,1139.3499755859375,1167.300048828125,1145.6629638671875,3586518
2020-09-30,TITAN.NS,Titan Company,Growth / Compounder,1173.0,1205.0,1163.25,1201.3499755859375,1179.08203125,3635996
2020-10-01,TITAN.NS,Titan Company,Growth / Compounder,1203.5999755859375,1211.0,1182.0,1198.6500244140625,1176.431884765625,2990243
2020-10-05,TITAN.NS,Titan Company,Growth / Compounder,1201.0,1216.0,1188.699951171875,1194.3499755859375,1172.21142578125,2151235
2020-10-06,TITAN.NS,Titan Company,Growth / Compounder,1204.0,1215.949951171875,1192.0,1199.949951171875,1177.707763671875,2087249
2020-10-07,TITAN.NS,Titan Company,Growth / Compounder,1205.0,1268.0,1200.449951171875,1254.0,1230.755859375,9411156
2020-10-08,TITAN.NS,Titan Company,Growth / Compounder,1257.0,1262.550048828125,1233.5999755859375,1254.1500244140625,1230.9031982421875,3144780
2020-10-09,TITAN.NS,Titan Company,Growth / Compounder,1254.1500244140625,1269.0,1247.5,1255.199951171875,1231.9337158203125,1873176
2020-10-12,TITAN.NS,Titan Company,Growth / Compounder,1260.199951171875,1261.3499755859375,1236.0,1256.75,1233.4549560546875,2009418
2020-10-13,TITAN.NS,Titan Company,Growth / Compounder,1257.550048828125,1281.9000244140625,1223.6500244140625,1228.8499755859375,1206.0721435546875,4735253
2020-10-14,TITAN.NS,Titan Company,Growth / Compounder,1224.3499755859375,1248.949951171875,1218.550048828125,1223.449951171875,1200.7723388671875,4096708
2020-10-15,TITAN.NS,Titan Company,Growth / Compounder,1222.9000244140625,1237.550048828125,1210.0,1213.5999755859375,1191.1048583984375,2727327
2020-10-16,TITAN.NS,Titan Company,Growth / Compounder,1216.050048828125,1240.050048828125,1216.0,1223.1500244140625,1200.4779052734375,2772602
2020-10-19,TITAN.NS,Titan Company,Growth / Compounder,1225.0999755859375,1234.5999755859375,1213.0999755859375,1228.800048828125,1206.023193359375,1606979
2020-10-20,TITAN.NS,Titan Company,Growth / Compounder,1230.0,1245.550048828125,1217.0999755859375,1233.5,1210.6358642578125,2841242
2020-10-21,TITAN.NS,Titan Company,Growth / Compounder,1241.0,1256.550048828125,1229.0,1244.699951171875,1221.628173828125,2687516
2020-10-22,TITAN.NS,Titan Company,Growth / Compounder,1240.1500244140625,1253.0,1220.0,1229.449951171875,1206.660888671875,1973416
2020-10-23,TITAN.NS,Titan Company,Growth / Compounder,1235.0,1247.800048828125,1231.199951171875,1241.699951171875,1218.68408203125,1527141
2020-10-26,TITAN.NS,Titan Company,Growth / Compounder,1250.0,1250.0,1210.5,1215.5,1192.9697265625,1425518
2020-10-27,TITAN.NS,Titan Company,Growth / Compounder,1219.0,1237.0,1213.550048828125,1231.800048828125,1208.967529296875,1778338
2020-10-28,TITAN.NS,Titan Company,Growth / Compounder,1231.800048828125,1241.0,1185.3499755859375,1217.0,1194.44189453125,4810354
2020-10-29,TITAN.NS,Titan Company,Growth / Compounder,1201.0,1201.0,1155.550048828125,1178.199951171875,1156.3609619140625,5274120
2020-10-30,TITAN.NS,Titan Company,Growth / Compounder,1176.4000244140625,1187.800048828125,1159.0999755859375,1165.75,1144.141845703125,2275592
2020-11-02,TITAN.NS,Titan Company,Growth / Compounder,1167.5,1182.0,1154.0,1168.5,1146.8406982421875,2502801
2020-11-03,TITAN.NS,Titan Company,Growth / Compounder,1178.0,1205.300048828125,1174.800048828125,1199.949951171875,1177.707763671875,2079628
2020-11-04,TITAN.NS,Titan Company,Growth / Compounder,1199.949951171875,1217.9000244140625,1192.699951171875,1215.6500244140625,1193.1168212890625,2043263
2020-11-05,TITAN.NS,Titan Company,Growth / Compounder,1224.1500244140625,1253.8499755859375,1210.25,1242.0999755859375,1219.076416015625,2215527
2020-11-06,TITAN.NS,Titan Company,Growth / Compounder,1242.0999755859375,1265.8499755859375,1239.0,1253.5,1230.26513671875,2546487
2020-11-09,TITAN.NS,Titan Company,Growth / Compounder,1265.4000244140625,1287.699951171875,1252.449951171875,1285.050048828125,1261.2303466796875,1840061
2020-11-10,TITAN.NS,Titan Company,Growth / Compounder,1286.0,1312.0,1274.3499755859375,1305.4000244140625,1281.203125,2898878
2020-11-11,TITAN.NS,Titan Company,Growth / Compounder,1309.9000244140625,1318.699951171875,1263.699951171875,1274.699951171875,1251.072265625,2872916
2020-11-12,TITAN.NS,Titan Company,Growth / Compounder,1286.949951171875,1296.0,1267.0,1278.0999755859375,1254.4093017578125,3650248
2020-11-13,TITAN.NS,Titan Company,Growth / Compounder,1297.0,1304.0,1278.449951171875,1288.449951171875,1264.5673828125,3107920
2020-11-14,TITAN.NS,Titan Company,Growth / Compounder,1295.0,1297.9000244140625,1279.0999755859375,1286.800048828125,1262.947998046875,288198
2020-11-17,TITAN.NS,Titan Company,Growth / Compounder,1297.0,1304.800048828125,1277.300048828125,1301.949951171875,1277.817138671875,2185705
2020-11-18,TITAN.NS,Titan Company,Growth / Compounder,1301.949951171875,1303.0,1267.0,1280.0999755859375,1256.3720703125,2934467
2020-11-19,TITAN.NS,Titan Company,Growth / Compounder,1278.550048828125,1345.5999755859375,1270.050048828125,1292.449951171875,1268.493408203125,6942825
2020-11-20,TITAN.NS,Titan Company,Growth / Compounder,1295.949951171875,1371.300048828125,1295.5999755859375,1365.1500244140625,1339.8458251953125,10421957
2020-11-23,TITAN.NS,Titan Company,Growth / Compounder,1375.0,1375.0,1332.0,1347.5999755859375,1322.6209716796875,2995116
2020-11-24,TITAN.NS,Titan Company,Growth / Compounder,1347.5999755859375,1364.449951171875,1323.25,1327.1500244140625,1302.5499267578125,2876893
2020-11-25,TITAN.NS,Titan Company,Growth / Compounder,1331.0,1345.0,1300.3499755859375,1306.949951171875,1282.7244873046875,3417818
2020-11-26,TITAN.NS,Titan Company,Growth / Compounder,1316.949951171875,1333.0,1308.1500244140625,1327.4000244140625,1302.79541015625,2819881
2020-11-27,TITAN.NS,Titan Company,Growth / Compounder,1333.0,1368.4000244140625,1313.550048828125,1361.199951171875,1335.9688720703125,5497388
2020-12-01,TITAN.NS,Titan Company,Growth / Compounder,1383.0,1386.4000244140625,1335.0,1341.0999755859375,1316.241455078125,2881906
2020-12-02,TITAN.NS,Titan Company,Growth / Compounder,1347.949951171875,1392.050048828125,1343.5,1389.0,1363.253662109375,2969071
2020-12-03,TITAN.NS,Titan Company,Growth / Compounder,1398.9000244140625,1424.0,1386.050048828125,1418.5,1392.206787109375,3939085
2020-12-04,TITAN.NS,Titan Company,Growth / Compounder,1418.5,1440.550048828125,1413.699951171875,1437.1500244140625,1410.510986328125,2229459
2020-12-07,TITAN.NS,Titan Company,Growth / Compounder,1436.0,1436.0,1418.0,1425.300048828125,1398.880859375,1430365
2020-12-08,TITAN.NS,Titan Company,Growth / Compounder,1425.300048828125,1435.6500244140625,1412.3499755859375,1427.8499755859375,1401.3834228515625,1666175
2020-12-09,TITAN.NS,Titan Company,Growth / Compounder,1430.0,1435.0,1417.550048828125,1426.1500244140625,1399.715087890625,1579066
2020-12-10,TITAN.NS,Titan Company,Growth / Compounder,1428.0,1445.0,1415.550048828125,1424.199951171875,1397.8011474609375,2588422
2020-12-11,TITAN.NS,Titan Company,Growth / Compounder,1427.5,1449.8499755859375,1423.0,1442.4000244140625,1415.663818359375,1398271
2020-12-14,TITAN.NS,Titan Company,Growth / Compounder,1451.0,1469.5,1445.0,1463.449951171875,1436.32373046875,2453825
2020-12-15,TITAN.NS,Titan Company,Growth / Compounder,1460.5,1476.0,1449.300048828125,1468.75,1441.5255126953125,2035503
2020-12-16,TITAN.NS,Titan Company,Growth / Compounder,1477.0,1510.0,1469.199951171875,1504.449951171875,1476.5635986328125,2638988
2020-12-17,TITAN.NS,Titan Company,Growth / Compounder,1495.1500244140625,1520.0,1492.300048828125,1501.949951171875,1474.1097412109375,1951230
2020-12-18,TITAN.NS,Titan Company,Growth / Compounder,1502.0,1525.0,1497.0999755859375,1519.3499755859375,1491.1875,3299825
2020-12-21,TITAN.NS,Titan Company,Growth / Compounder,1514.199951171875,1528.550048828125,1451.0,1471.6500244140625,1444.371826171875,2298069
2020-12-22,TITAN.NS,Titan Company,Growth / Compounder,1466.0,1510.0,1451.199951171875,1498.800048828125,1471.0184326171875,3305444
2020-12-23,TITAN.NS,Titan Company,Growth / Compounder,1504.699951171875,1519.800048828125,1478.050048828125,1490.8499755859375,1463.2156982421875,2847742
2020-12-24,TITAN.NS,Titan Company,Growth / Compounder,1520.0,1520.0,1486.0,1495.9000244140625,1468.1722412109375,1947894
2020-12-28,TITAN.NS,Titan Company,Growth / Compounder,1503.300048828125,1547.6500244140625,1496.1500244140625,1543.550048828125,1514.93896484375,2497242
2020-12-29,TITAN.NS,Titan Company,Growth / Compounder,1554.0,1556.8499755859375,1528.449951171875,1540.0999755859375,1511.5528564453125,2081338
2020-12-30,TITAN.NS,Titan Company,Growth / Compounder,1548.0,1555.699951171875,1533.300048828125,1552.5999755859375,1523.8211669921875,1151230
2020-12-31,TITAN.NS,Titan Company,Growth / Compounder,1549.0,1571.0,1544.199951171875,1567.1500244140625,1538.1014404296875,2031709
2021-01-01,TITAN.NS,Titan Company,Growth / Compounder,1562.0999755859375,1573.0,1555.949951171875,1558.5999755859375,1529.7099609375,1003018
2021-01-04,TITAN.NS,Titan Company,Growth / Compounder,1566.0,1567.0,1538.0,1550.9000244140625,1522.1527099609375,1383979
2021-01-05,TITAN.NS,Titan Company,Growth / Compounder,1545.0,1576.8499755859375,1541.5,1570.949951171875,1541.8309326171875,1351709
2021-01-06,TITAN.NS,Titan Company,Growth / Compounder,1578.0,1621.3499755859375,1561.8499755859375,1572.5999755859375,1543.4503173828125,3312171
2021-01-07,TITAN.NS,Titan Company,Growth / Compounder,1570.0,1570.0,1535.0,1542.3499755859375,1513.7611083984375,2820445
2021-01-08,TITAN.NS,Titan Company,Growth / Compounder,1547.9000244140625,1555.300048828125,1521.5,1548.5999755859375,1519.895263671875,3478504
2021-01-11,TITAN.NS,Titan Company,Growth / Compounder,1560.0,1572.0,1545.699951171875,1563.9000244140625,1534.91162109375,1425529
2021-01-12,TITAN.NS,Titan Company,Growth / Compounder,1560.0,1560.800048828125,1524.0,1527.0999755859375,1498.7938232421875,2550741
2021-01-13,TITAN.NS,Titan Company,Growth / Compounder,1530.0,1536.0,1495.0,1505.800048828125,1477.8887939453125,3527208
2021-01-14,TITAN.NS,Titan Company,Growth / Compounder,1508.0,1517.8499755859375,1480.050048828125,1489.949951171875,1462.332275390625,2814477
2021-01-15,TITAN.NS,Titan Company,Growth / Compounder,1489.949951171875,1509.0,1471.300048828125,1477.25,1449.867919921875,1725346
2021-01-18,TITAN.NS,Titan Company,Growth / Compounder,1467.0,1509.0,1460.0,1503.550048828125,1475.6802978515625,2302268
2021-01-19,TITAN.NS,Titan Company,Growth / Compounder,1518.0,1524.0,1501.0,1519.9000244140625,1491.7271728515625,2279346
2021-01-20,TITAN.NS,Titan Company,Growth / Compounder,1519.9000244140625,1541.0,1519.9000244140625,1531.300048828125,1502.9161376953125,1838240
2021-01-21,TITAN.NS,Titan Company,Growth / Compounder,1533.0999755859375,1549.8499755859375,1512.050048828125,1517.300048828125,1489.1756591796875,1558030
2021-01-22,TITAN.NS,Titan Company,Growth / Compounder,1522.0,1534.699951171875,1487.0,1491.199951171875,1463.5592041015625,1364197
2021-01-25,TITAN.NS,Titan Company,Growth / Compounder,1505.050048828125,1512.800048828125,1478.75,1499.8499755859375,1472.0487060546875,1604484
2021-01-27,TITAN.NS,Titan Company,Growth / Compounder,1505.0,1505.0,1432.0,1440.699951171875,1413.9952392578125,2021747
2021-01-28,TITAN.NS,Titan Company,Growth / Compounder,1420.0,1454.449951171875,1415.6500244140625,1450.0999755859375,1423.2210693359375,1850239
2021-01-29,TITAN.NS,Titan Company,Growth / Compounder,1456.0,1469.25,1415.25,1420.300048828125,1393.9735107421875,2435997
2021-02-01,TITAN.NS,Titan Company,Growth / Compounder,1437.800048828125,1508.550048828125,1423.6500244140625,1501.550048828125,1473.717529296875,2215933
2021-02-02,TITAN.NS,Titan Company,Growth / Compounder,1515.0,1536.0,1482.0,1485.449951171875,1457.9158935546875,1974202
2021-02-03,TITAN.NS,Titan Company,Growth / Compounder,1492.0,1529.0,1492.0,1525.1500244140625,1496.8800048828125,1853072
2021-02-04,TITAN.NS,Titan Company,Growth / Compounder,1530.0,1540.0,1488.0999755859375,1513.5999755859375,1485.5439453125,2728965
2021-02-05,TITAN.NS,Titan Company,Growth / Compounder,1518.550048828125,1538.949951171875,1504.5,1509.449951171875,1481.470947265625,1344007
2021-02-08,TITAN.NS,Titan Company,Growth / Compounder,1514.0,1564.8499755859375,1510.050048828125,1541.699951171875,1513.1231689453125,2683198
2021-02-09,TITAN.NS,Titan Company,Growth / Compounder,1548.0,1584.6500244140625,1543.050048828125,1559.9000244140625,1530.98583984375,2364475
2021-02-10,TITAN.NS,Titan Company,Growth / Compounder,1575.4000244140625,1588.0,1526.0,1563.1500244140625,1534.1756591796875,2125469
2021-02-11,TITAN.NS,Titan Company,Growth / Compounder,1552.0,1575.9000244140625,1511.25,1524.699951171875,1496.4383544921875,5970196
2021-02-12,TITAN.NS,Titan Company,Growth / Compounder,1536.699951171875,1536.699951171875,1491.0,1494.199951171875,1466.503662109375,3284441
2021-02-15,TITAN.NS,Titan Company,Growth / Compounder,1506.0,1518.5,1476.75,1484.75,1457.2288818359375,3156535
2021-02-16,TITAN.NS,Titan Company,Growth / Compounder,1492.1500244140625,1505.0,1461.0,1471.8499755859375,1444.56787109375,3090249
2021-02-17,TITAN.NS,Titan Company,Growth / Compounder,1469.4000244140625,1483.0,1449.5,1460.4000244140625,1433.3302001953125,2096959
2021-02-18,TITAN.NS,Titan Company,Growth / Compounder,1465.0999755859375,1471.9000244140625,1429.0,1433.0,1406.43798828125,2686046
2021-02-19,TITAN.NS,Titan Company,Growth / Compounder,1434.0,1444.9000244140625,1412.800048828125,1425.550048828125,1399.1260986328125,2543997
2021-02-22,TITAN.NS,Titan Company,Growth / Compounder,1425.0,1433.0999755859375,1396.0,1405.25,1379.2025146484375,1931189
2021-02-23,TITAN.NS,Titan Company,Growth / Compounder,1415.0,1436.949951171875,1400.1500244140625,1424.050048828125,1397.65380859375,1871135
2021-02-24,TITAN.NS,Titan Company,Growth / Compounder,1424.050048828125,1474.0,1424.050048828125,1451.8499755859375,1424.9385986328125,1143204
2021-02-25,TITAN.NS,Titan Company,Growth / Compounder,1460.0,1462.949951171875,1430.5,1434.449951171875,1407.861328125,1967386
2021-02-26,TITAN.NS,Titan Company,Growth / Compounder,1420.0,1431.949951171875,1403.0999755859375,1406.9000244140625,1380.8218994140625,2715597
2021-03-01,TITAN.NS,Titan Company,Growth / Compounder,1421.5,1466.0,1416.5999755859375,1452.1500244140625,1425.2330322265625,1962042
2021-03-02,TITAN.NS,Titan Company,Growth / Compounder,1469.0,1474.0,1450.0,1471.1500244140625,1443.8809814453125,1293306
2021-03-03,TITAN.NS,Titan Company,Growth / Compounder,1472.0,1481.6500244140625,1466.1500244140625,1474.5999755859375,1447.2669677734375,1227772
2021-03-04,TITAN.NS,Titan Company,Growth / Compounder,1452.0,1487.6500244140625,1450.550048828125,1470.5,1443.2430419921875,1822476
2021-03-05,TITAN.NS,Titan Company,Growth / Compounder,1465.0,1493.0,1462.199951171875,1474.199951171875,1446.874267578125,1954113
2021-03-08,TITAN.NS,Titan Company,Growth / Compounder,1475.0,1481.25,1451.0,1456.75,1429.747802734375,1060584
2021-03-09,TITAN.NS,Titan Company,Growth / Compounder,1470.0,1478.9000244140625,1445.0,1456.9000244140625,1429.8951416015625,941590
2021-03-10,TITAN.NS,Titan Company,Growth / Compounder,1470.0,1481.0,1463.0,1471.25,1443.97900390625,1257628
2021-03-12,TITAN.NS,Titan Company,Growth / Compounder,1480.0,1507.800048828125,1478.5,1482.5,1455.0203857421875,2631081
2021-03-15,TITAN.NS,Titan Company,Growth / Compounder,1496.9000244140625,1496.9000244140625,1471.0,1492.199951171875,1464.5406494140625,1482287
2021-03-16,TITAN.NS,Titan Company,Growth / Compounder,1505.0,1531.0,1496.9000244140625,1500.949951171875,1473.12841796875,3191850
2021-03-17,TITAN.NS,Titan Company,Growth / Compounder,1494.25,1499.550048828125,1470.050048828125,1472.550048828125,1445.2550048828125,1195023
2021-03-18,TITAN.NS,Titan Company,Growth / Compounder,1485.5999755859375,1492.9000244140625,1463.0,1468.199951171875,1440.9852294921875,1242978
2021-03-19,TITAN.NS,Titan Company,Growth / Compounder,1450.0,1470.8499755859375,1432.050048828125,1465.449951171875,1438.286376953125,2360672
2021-03-22,TITAN.NS,Titan Company,Growth / Compounder,1465.0,1468.6500244140625,1448.0,1460.300048828125,1433.2320556640625,1331121
2021-03-23,TITAN.NS,Titan Company,Growth / Compounder,1460.300048828125,1514.800048828125,1454.0,1495.3499755859375,1467.63232421875,2534795
2021-03-24,TITAN.NS,Titan Company,Growth / Compounder,1486.0,1508.800048828125,1476.449951171875,1488.1500244140625,1460.5657958984375,1871092
2021-03-25,TITAN.NS,Titan Company,Growth / Compounder,1484.0999755859375,1498.5,1447.75,1450.8499755859375,1423.95703125,1609996
2021-03-26,TITAN.NS,Titan Company,Growth / Compounder,1459.9000244140625,1512.4000244140625,1457.0,1505.8499755859375,1477.9378662109375,1922278
2021-03-30,TITAN.NS,Titan Company,Growth / Compounder,1510.0,1563.0,1510.0,1552.199951171875,1523.4283447265625,3466042
2021-03-31,TITAN.NS,Titan Company,Growth / Compounder,1549.9000244140625,1567.4000244140625,1536.75,1558.050048828125,1529.1702880859375,1431746
2021-04-01,TITAN.NS,Titan Company,Growth / Compounder,1560.0,1593.300048828125,1551.550048828125,1559.3499755859375,1530.4459228515625,1343989
2021-04-05,TITAN.NS,Titan Company,Growth / Compounder,1541.0999755859375,1559.0,1500.0,1535.0,1506.54736328125,1376233
2021-04-06,TITAN.NS,Titan Company,Growth / Compounder,1529.5,1548.0,1509.0,1525.5,1497.2235107421875,1400544
2021-04-07,TITAN.NS,Titan Company,Growth / Compounder,1522.0999755859375,1561.449951171875,1508.0,1514.0999755859375,1486.034912109375,2592185
2021-04-08,TITAN.NS,Titan Company,Growth / Compounder,1529.25,1579.0,1525.5,1571.300048828125,1542.174560546875,2085919
2021-04-09,TITAN.NS,Titan Company,Growth / Compounder,1569.9000244140625,1618.0,1561.300048828125,1592.0,1562.49072265625,3569146
2021-04-12,TITAN.NS,Titan Company,Growth / Compounder,1571.0,1572.6500244140625,1502.25,1510.449951171875,1482.4522705078125,1889829
2021-04-13,TITAN.NS,Titan Company,Growth / Compounder,1528.5999755859375,1553.300048828125,1516.6500244140625,1530.5999755859375,1502.2288818359375,1880575
2021-04-15,TITAN.NS,Titan Company,Growth / Compounder,1545.0,1554.5,1515.550048828125,1538.550048828125,1510.0316162109375,1313429
2021-04-16,TITAN.NS,Titan Company,Growth / Compounder,1529.800048828125,1559.800048828125,1529.800048828125,1549.050048828125,1520.3369140625,1501276
2021-04-19,TITAN.NS,Titan Company,Growth / Compounder,1525.0,1532.449951171875,1500.0999755859375,1518.699951171875,1490.5494384765625,1439975
2021-04-20,TITAN.NS,Titan Company,Growth / Compounder,1524.199951171875,1560.0,1510.0,1522.9000244140625,1494.6717529296875,1789104
2021-04-22,TITAN.NS,Titan Company,Growth / Compounder,1530.0,1530.0,1473.1500244140625,1480.8499755859375,1453.4010009765625,2200432
2021-04-23,TITAN.NS,Titan Company,Growth / Compounder,1478.0,1496.9000244140625,1451.5999755859375,1461.449951171875,1434.3604736328125,1726070
2021-04-26,TITAN.NS,Titan Company,Growth / Compounder,1470.0,1489.75,1465.1500244140625,1479.8499755859375,1452.4195556640625,1020499
2021-04-27,TITAN.NS,Titan Company,Growth / Compounder,1485.0,1503.550048828125,1482.0,1495.0999755859375,1467.386962890625,1145908
2021-04-28,TITAN.NS,Titan Company,Growth / Compounder,1505.0,1514.9000244140625,1491.699951171875,1508.8499755859375,1480.882080078125,1037771
2021-04-29,TITAN.NS,Titan Company,Growth / Compounder,1524.0,1527.5,1497.0,1506.800048828125,1478.8699951171875,1927546
2021-04-30,TITAN.NS,Titan Company,Growth / Compounder,1500.0,1516.550048828125,1471.0,1491.6500244140625,1464.0009765625,3691399
2021-05-03,TITAN.NS,Titan Company,Growth / Compounder,1477.0,1477.0,1421.0,1423.949951171875,1397.5557861328125,3945733
2021-05-04,TITAN.NS,Titan Company,Growth / Compounder,1434.0,1434.0,1400.050048828125,1402.9000244140625,1376.89599609375,3194977
2021-05-05,TITAN.NS,Titan Company,Growth / Compounder,1406.0,1431.9000244140625,1403.4000244140625,1428.4000244140625,1401.92333984375,1819256
2021-05-06,TITAN.NS,Titan Company,Growth / Compounder,1435.800048828125,1448.449951171875,1431.0,1444.4000244140625,1417.6265869140625,1464006
2021-05-07,TITAN.NS,Titan Company,Growth / Compounder,1449.0,1459.25,1439.9000244140625,1446.5,1419.6878662109375,1190019
2021-05-10,TITAN.NS,Titan Company,Growth / Compounder,1454.4000244140625,1469.75,1445.0,1455.1500244140625,1428.177490234375,1322561
2021-05-11,TITAN.NS,Titan Company,Growth / Compounder,1439.0999755859375,1457.949951171875,1432.0,1435.25,1408.6463623046875,1582827
2021-05-12,TITAN.NS,Titan Company,Growth / Compounder,1431.0,1460.0,1425.8499755859375,1454.949951171875,1427.981201171875,1358169
2021-05-14,TITAN.NS,Titan Company,Growth / Compounder,1469.0,1477.800048828125,1433.0,1455.8499755859375,1428.8643798828125,1876873
2021-05-17,TITAN.NS,Titan Company,Growth / Compounder,1462.0,1470.800048828125,1438.0,1468.300048828125,1441.083984375,2218758
2021-05-18,TITAN.NS,Titan Company,Growth / Compounder,1480.0,1547.0999755859375,1476.25,1539.25,1510.71875,3075596
2021-05-19,TITAN.NS,Titan Company,Growth / Compounder,1522.25,1553.9000244140625,1516.800048828125,1521.1500244140625,1492.9541015625,1504440
2021-05-20,TITAN.NS,Titan Company,Growth / Compounder,1523.0,1566.25,1522.5,1531.3499755859375,1502.965087890625,3032029
2021-05-21,TITAN.NS,Titan Company,Growth / Compounder,1552.199951171875,1552.8499755859375,1533.550048828125,1538.3499755859375,1509.8353271484375,1158893
2021-05-24,TITAN.NS,Titan Company,Growth / Compounder,1532.1500244140625,1535.0,1505.449951171875,1520.75,1492.5616455078125,1126532
2021-05-25,TITAN.NS,Titan Company,Growth / Compounder,1536.0,1574.9000244140625,1535.0,1569.1500244140625,1540.064453125,2530758
2021-05-26,TITAN.NS,Titan Company,Growth / Compounder,1580.0,1614.0,1576.6500244140625,1582.949951171875,1553.6083984375,3839248
2021-05-27,TITAN.NS,Titan Company,Growth / Compounder,1590.699951171875,1606.949951171875,1567.3499755859375,1594.25,1564.6990966796875,2810155
2021-05-28,TITAN.NS,Titan Company,Growth / Compounder,1595.0,1612.25,1570.550048828125,1577.0,1547.768798828125,1028675
2021-05-31,TITAN.NS,Titan Company,Growth / Compounder,1570.6500244140625,1608.25,1569.0,1596.25,1566.662109375,1525715
2021-06-01,TITAN.NS,Titan Company,Growth / Compounder,1608.0,1612.0,1589.300048828125,1591.4000244140625,1561.90185546875,1111933
2021-06-02,TITAN.NS,Titan Company,Growth / Compounder,1581.0,1596.75,1564.199951171875,1585.699951171875,1556.3074951171875,1859258
2021-06-03,TITAN.NS,Titan Company,Growth / Compounder,1601.0,1702.300048828125,1588.550048828125,1691.199951171875,1659.8519287109375,7221910
2021-06-04,TITAN.NS,Titan Company,Growth / Compounder,1713.800048828125,1713.800048828125,1665.5,1679.5,1648.3687744140625,2952017
2021-06-07,TITAN.NS,Titan Company,Growth / Compounder,1685.8499755859375,1713.8499755859375,1676.0,1685.0999755859375,1653.8651123046875,1471576
2021-06-08,TITAN.NS,Titan Company,Growth / Compounder,1686.0,1726.0,1674.199951171875,1712.5,1680.7572021484375,1743285
2021-06-09,TITAN.NS,Titan Company,Growth / Compounder,1714.949951171875,1739.9000244140625,1696.1500244140625,1730.75,1698.6689453125,2551140
2021-06-10,TITAN.NS,Titan Company,Growth / Compounder,1741.4000244140625,1745.8499755859375,1722.199951171875,1738.6500244140625,1706.42236328125,1850763
2021-06-11,TITAN.NS,Titan Company,Growth / Compounder,1736.550048828125,1743.0,1724.550048828125,1728.449951171875,1696.41162109375,761647
2021-06-14,TITAN.NS,Titan Company,Growth / Compounder,1728.449951171875,1740.0,1713.0,1734.800048828125,1702.64404296875,887780
2021-06-15,TITAN.NS,Titan Company,Growth / Compounder,1748.0,1748.949951171875,1719.5999755859375,1723.4000244140625,1691.4552001953125,868275
2021-06-16,TITAN.NS,Titan Company,Growth / Compounder,1724.0,1729.0,1706.5,1714.949951171875,1683.1617431640625,1116772
2021-06-17,TITAN.NS,Titan Company,Growth / Compounder,1706.0,1722.0,1701.4000244140625,1711.4000244140625,1679.6776123046875,546515
2021-06-18,TITAN.NS,Titan Company,Growth / Compounder,1700.0999755859375,1725.0,1686.0,1711.300048828125,1679.5794677734375,2018319
2021-06-21,TITAN.NS,Titan Company,Growth / Compounder,1699.0,1747.550048828125,1690.75,1742.8499755859375,1710.544677734375,925811
2021-06-22,TITAN.NS,Titan Company,Growth / Compounder,1750.0999755859375,1770.800048828125,1748.0,1757.0,1724.432373046875,2083172
2021-06-23,TITAN.NS,Titan Company,Growth / Compounder,1757.0,1786.0,1755.050048828125,1782.550048828125,1749.5089111328125,1608518
2021-06-24,TITAN.NS,Titan Company,Growth / Compounder,1785.0,1792.949951171875,1767.5999755859375,1780.8499755859375,1747.8402099609375,1271298
2021-06-25,TITAN.NS,Titan Company,Growth / Compounder,1785.0,1792.0,1742.0,1753.8499755859375,1721.340576171875,1378327
2021-06-28,TITAN.NS,Titan Company,Growth / Compounder,1768.5,1768.5,1719.75,1728.050048828125,1696.0189208984375,1339433
2021-06-29,TITAN.NS,Titan Company,Growth / Compounder,1735.800048828125,1746.0,1721.25,1731.5999755859375,1699.5030517578125,1236704
2021-06-30,TITAN.NS,Titan Company,Growth / Compounder,1738.0,1755.3499755859375,1728.1500244140625,1732.5,1700.38671875,803926
2021-07-01,TITAN.NS,Titan Company,Growth / Compounder,1729.0,1746.4000244140625,1725.75,1740.300048828125,1708.0418701171875,567971
2021-07-02,TITAN.NS,Titan Company,Growth / Compounder,1755.0,1767.8499755859375,1740.199951171875,1754.75,1722.2239990234375,1259675
2021-07-05,TITAN.NS,Titan Company,Growth / Compounder,1760.0,1762.9000244140625,1743.0,1749.9000244140625,1717.4638671875,632904
2021-07-06,TITAN.NS,Titan Company,Growth / Compounder,1750.0,1774.0,1746.050048828125,1762.800048828125,1730.1248779296875,960973
2021-07-07,TITAN.NS,Titan Company,Growth / Compounder,1762.800048828125,1783.4000244140625,1718.0,1727.25,1695.23388671875,2188364
2021-07-08,TITAN.NS,Titan Company,Growth / Compounder,1730.0,1746.0,1721.25,1726.3499755859375,1694.3505859375,1167637
2021-07-09,TITAN.NS,Titan Company,Growth / Compounder,1724.0,1739.949951171875,1718.0,1720.5999755859375,1688.7071533203125,831213
2021-07-12,TITAN.NS,Titan Company,Growth / Compounder,1730.0,1739.199951171875,1711.9000244140625,1719.8499755859375,1687.9710693359375,792602
2021-07-13,TITAN.NS,Titan Company,Growth / Compounder,1730.0,1735.0,1717.449951171875,1724.25,1692.2894287109375,797913
2021-07-14,TITAN.NS,Titan Company,Growth / Compounder,1726.0,1728.5999755859375,1705.0,1710.3499755859375,1678.6470947265625,891780
2021-07-15,TITAN.NS,Titan Company,Growth / Compounder,1705.5,1716.75,1694.5,1701.550048828125,1670.0103759765625,943422
2021-07-16,TITAN.NS,Titan Company,Growth / Compounder,1706.9000244140625,1710.0,1688.6500244140625,1695.3499755859375,1663.9249267578125,907734
2021-07-19,TITAN.NS,Titan Company,Growth / Compounder,1694.3499755859375,1709.25,1674.9000244140625,1680.3499755859375,1649.2032470703125,831260
2021-07-20,TITAN.NS,Titan Company,Growth / Compounder,1680.3499755859375,1691.449951171875,1662.5,1671.4000244140625,1640.419189453125,819793
2021-07-22,TITAN.NS,Titan Company,Growth / Compounder,1695.0,1714.6500244140625,1682.199951171875,1701.75,1674.2132568359375,1146821
2021-07-23,TITAN.NS,Titan Company,Growth / Compounder,1714.6500244140625,1725.949951171875,1697.0,1700.949951171875,1673.426025390625,1053239
2021-07-26,TITAN.NS,Titan Company,Growth / Compounder,1700.9000244140625,1736.8499755859375,1700.0,1722.8499755859375,1694.9718017578125,1435514
2021-07-27,TITAN.NS,Titan Company,Growth / Compounder,1733.0,1742.4000244140625,1713.3499755859375,1729.050048828125,1701.071533203125,1075244
2021-07-28,TITAN.NS,Titan Company,Growth / Compounder,1730.0,1749.199951171875,1715.5999755859375,1723.550048828125,1695.660400390625,1714957
2021-07-29,TITAN.NS,Titan Company,Growth / Compounder,1739.0,1756.300048828125,1727.800048828125,1739.1500244140625,1711.0081787109375,1346162
2021-07-30,TITAN.NS,Titan Company,Growth / Compounder,1742.0,1747.9000244140625,1711.199951171875,1714.550048828125,1686.80615234375,1199644
2021-08-02,TITAN.NS,Titan Company,Growth / Compounder,1728.0,1776.0,1725.0,1771.550048828125,1742.8837890625,1718511
2021-08-03,TITAN.NS,Titan Company,Growth / Compounder,1780.0,1854.949951171875,1777.1500244140625,1840.199951171875,1810.4228515625,5956344
2021-08-04,TITAN.NS,Titan Company,Growth / Compounder,1857.199951171875,1858.6500244140625,1795.0,1799.5999755859375,1770.479736328125,2040687
2021-08-05,TITAN.NS,Titan Company,Growth / Compounder,1820.050048828125,1821.199951171875,1763.199951171875,1799.300048828125,1770.1846923828125,2301814
2021-08-06,TITAN.NS,Titan Company,Growth / Compounder,1796.0,1796.3499755859375,1778.0,1787.75,1758.8216552734375,877876
2021-08-09,TITAN.NS,Titan Company,Growth / Compounder,1787.75,1831.5999755859375,1777.75,1799.1500244140625,1770.037109375,1770502
2021-08-10,TITAN.NS,Titan Company,Growth / Compounder,1810.0,1822.0,1793.3499755859375,1799.199951171875,1770.08642578125,862746
2021-08-11,TITAN.NS,Titan Company,Growth / Compounder,1805.0,1815.0,1773.550048828125,1789.4000244140625,1760.445068359375,748179
2021-08-12,TITAN.NS,Titan Company,Growth / Compounder,1798.0,1829.5999755859375,1781.0,1823.5999755859375,1794.091552734375,889082
2021-08-13,TITAN.NS,Titan Company,Growth / Compounder,1830.0,1841.0,1818.75,1837.9000244140625,1808.16015625,1194666
2021-08-16,TITAN.NS,Titan Company,Growth / Compounder,1828.0,1847.050048828125,1817.0,1837.199951171875,1807.471435546875,461655
2021-08-17,TITAN.NS,Titan Company,Growth / Compounder,1840.0,1878.3499755859375,1828.6500244140625,1874.449951171875,1844.1187744140625,1917077
2021-08-18,TITAN.NS,Titan Company,Growth / Compounder,1887.800048828125,1890.6500244140625,1860.0,1880.300048828125,1849.8740234375,1029077
2021-08-20,TITAN.NS,Titan Company,Growth / Compounder,1859.4000244140625,1892.300048828125,1857.949951171875,1876.800048828125,1846.4306640625,1070166
2021-08-23,TITAN.NS,Titan Company,Growth / Compounder,1889.0,1895.0,1847.8499755859375,1870.3499755859375,1840.0850830078125,1092285
2021-08-24,TITAN.NS,Titan Company,Growth / Compounder,1883.0,1887.300048828125,1852.5999755859375,1869.5999755859375,1839.34716796875,1003905
2021-08-25,TITAN.NS,Titan Company,Growth / Compounder,1860.0,1869.699951171875,1820.0,1822.6500244140625,1793.1568603515625,1280400
2021-08-26,TITAN.NS,Titan Company,Growth / Compounder,1822.6500244140625,1834.5999755859375,1805.25,1815.3499755859375,1785.97509765625,1059290
2021-08-27,TITAN.NS,Titan Company,Growth / Compounder,1824.0,1830.0,1797.0,1822.550048828125,1793.05859375,1020589
2021-08-30,TITAN.NS,Titan Company,Growth / Compounder,1835.0,1886.949951171875,1831.800048828125,1878.449951171875,1848.0538330078125,1670309
2021-08-31,TITAN.NS,Titan Company,Growth / Compounder,1878.449951171875,1925.0,1875.550048828125,1921.5999755859375,1890.5057373046875,1816071
2021-09-01,TITAN.NS,Titan Company,Growth / Compounder,1925.199951171875,1953.949951171875,1915.0,1939.4000244140625,1908.0177001953125,1247432
2021-09-02,TITAN.NS,Titan Company,Growth / Compounder,1958.5,1979.5,1946.8499755859375,1967.0999755859375,1935.2694091796875,1167157
2021-09-03,TITAN.NS,Titan Company,Growth / Compounder,1970.0999755859375,2024.4000244140625,1970.0999755859375,2019.300048828125,1986.624755859375,1548784
2021-09-06,TITAN.NS,Titan Company,Growth / Compounder,2025.0,2032.8499755859375,2006.1500244140625,2020.6500244140625,1987.952880859375,679133
2021-09-07,TITAN.NS,Titan Company,Growth / Compounder,2014.0,2039.9000244140625,2012.699951171875,2033.9000244140625,2000.988525390625,773091
2021-09-08,TITAN.NS,Titan Company,Growth / Compounder,2033.949951171875,2067.0,2015.050048828125,2055.949951171875,2022.681640625,796813
2021-09-09,TITAN.NS,Titan Company,Growth / Compounder,2052.0,2060.0,2021.050048828125,2034.300048828125,2001.3822021484375,653397
2021-09-13,TITAN.NS,Titan Company,Growth / Compounder,2037.0,2043.449951171875,2021.1500244140625,2030.6500244140625,1997.7911376953125,786459
2021-09-14,TITAN.NS,Titan Company,Growth / Compounder,2038.9000244140625,2061.5,2032.050048828125,2055.699951171875,2022.4356689453125,888765
2021-09-15,TITAN.NS,Titan Company,Growth / Compounder,2060.0,2133.0,2060.0,2119.85009765625,2085.5478515625,2795995
2021-09-16,TITAN.NS,Titan Company,Growth / Compounder,2132.949951171875,2132.949951171875,2095.050048828125,2108.699951171875,2074.577880859375,725123
2021-09-17,TITAN.NS,Titan Company,Growth / Compounder,2113.949951171875,2150.0,2080.0,2095.60009765625,2061.6904296875,1727410
2021-09-20,TITAN.NS,Titan Company,Growth / Compounder,2088.0,2096.0,2070.550048828125,2077.35009765625,2043.7357177734375,411738
2021-09-21,TITAN.NS,Titan Company,Growth / Compounder,2075.0,2097.5,2062.10009765625,2085.85009765625,2052.09765625,539788
2021-09-22,TITAN.NS,Titan Company,Growth / Compounder,2096.800048828125,2110.949951171875,2073.39990234375,2081.050048828125,2047.375732421875,1057480
2021-09-23,TITAN.NS,Titan Company,Growth / Compounder,2090.0,2113.75,2076.60009765625,2105.050048828125,2070.9873046875,711634
2021-09-24,TITAN.NS,Titan Company,Growth / Compounder,2105.0,2115.0,2085.0,2092.89990234375,2059.033935546875,540771
2021-09-27,TITAN.NS,Titan Company,Growth / Compounder,2099.0,2107.35009765625,2077.199951171875,2090.25,2056.427001953125,507550
2021-09-28,TITAN.NS,Titan Company,Growth / Compounder,2083.199951171875,2138.0,2083.050048828125,2129.300048828125,2094.844970703125,923489
2021-09-29,TITAN.NS,Titan Company,Growth / Compounder,2129.0,2167.89990234375,2110.050048828125,2147.5,2112.750244140625,912912
2021-09-30,TITAN.NS,Titan Company,Growth / Compounder,2149.89990234375,2185.0,2136.300048828125,2161.85009765625,2126.868408203125,1374265
2021-10-01,TITAN.NS,Titan Company,Growth / Compounder,2157.0,2175.0,2122.64990234375,2163.75,2128.7373046875,626710
2021-10-04,TITAN.NS,Titan Company,Growth / Compounder,2160.0,2174.300048828125,2138.0,2155.300048828125,2120.42431640625,870878
2021-10-05,TITAN.NS,Titan Company,Growth / Compounder,2155.300048828125,2206.64990234375,2130.0,2192.64990234375,2157.169677734375,1329784
2021-10-06,TITAN.NS,Titan Company,Growth / Compounder,2194.0,2204.699951171875,2135.10009765625,2147.64990234375,2112.897705078125,895210
2021-10-07,TITAN.NS,Titan Company,Growth / Compounder,2255.0,2384.25,2250.0,2375.35009765625,2336.91357421875,8361061
2021-10-08,TITAN.NS,Titan Company,Growth / Compounder,2420.0,2420.0,2353.0,2358.199951171875,2320.041015625,1845797
2021-10-11,TITAN.NS,Titan Company,Growth / Compounder,2377.0,2406.10009765625,2357.550048828125,2362.39990234375,2324.173095703125,1056932
2021-10-12,TITAN.NS,Titan Company,Growth / Compounder,2365.0,2507.800048828125,2342.64990234375,2492.60009765625,2452.2666015625,3517011
2021-10-13,TITAN.NS,Titan Company,Growth / Compounder,2539.89990234375,2608.949951171875,2490.0,2537.199951171875,2496.14453125,4023645
2021-10-14,TITAN.NS,Titan Company,Growth / Compounder,2575.300048828125,2584.0,2532.35009765625,2564.050048828125,2522.559814453125,1546459
2021-10-18,TITAN.NS,Titan Company,Growth / Compounder,2620.0,2677.89990234375,2575.5,2588.800048828125,2546.90966796875,2572741
2021-10-19,TITAN.NS,Titan Company,Growth / Compounder,2638.0,2638.0,2468.75,2484.89990234375,2444.6904296875,3546129
2021-10-20,TITAN.NS,Titan Company,Growth / Compounder,2487.10009765625,2505.550048828125,2403.0,2411.39990234375,2372.3798828125,2868983
2021-10-21,TITAN.NS,Titan Company,Growth / Compounder,2433.89990234375,2435.949951171875,2380.050048828125,2395.699951171875,2356.93408203125,2303014
2021-10-22,TITAN.NS,Titan Company,Growth / Compounder,2417.39990234375,2494.949951171875,2398.0,2412.0,2372.97021484375,3063724
2021-10-25,TITAN.NS,Titan Company,Growth / Compounder,2405.0,2412.0,2340.0,2379.14990234375,2340.651611328125,1446182
2021-10-26,TITAN.NS,Titan Company,Growth / Compounder,2390.0,2468.449951171875,2371.0,2454.75,2415.02880859375,2567357
2021-10-27,TITAN.NS,Titan Company,Growth / Compounder,2468.0,2482.35009765625,2452.199951171875,2460.10009765625,2420.2919921875,2082690
2021-10-28,TITAN.NS,Titan Company,Growth / Compounder,2470.0,2470.0,2360.0,2375.14990234375,2336.71630859375,3330380
2021-10-29,TITAN.NS,Titan Company,Growth / Compounder,2400.0,2404.0,2346.550048828125,2383.550048828125,2344.980712890625,1450019
2021-11-01,TITAN.NS,Titan Company,Growth / Compounder,2441.449951171875,2441.449951171875,2390.35009765625,2406.300048828125,2367.36279296875,1276469
2021-11-02,TITAN.NS,Titan Company,Growth / Compounder,2422.800048828125,2464.800048828125,2421.050048828125,2453.949951171875,2414.2412109375,1546219
2021-11-03,TITAN.NS,Titan Company,Growth / Compounder,2462.0,2471.64990234375,2406.050048828125,2417.949951171875,2378.82421875,1554405
2021-11-04,TITAN.NS,Titan Company,Growth / Compounder,2439.0,2444.800048828125,2422.0,2431.75,2392.40087890625,181506
2021-11-08,TITAN.NS,Titan Company,Growth / Compounder,2477.89990234375,2548.699951171875,2448.300048828125,2536.75,2495.70166015625,3449086
2021-11-09,TITAN.NS,Titan Company,Growth / Compounder,2528.949951171875,2543.800048828125,2491.14990234375,2512.10009765625,2471.450439453125,1097405
2021-11-10,TITAN.NS,Titan Company,Growth / Compounder,2505.0,2526.85009765625,2472.199951171875,2484.60009765625,2444.395751953125,911235
2021-11-11,TITAN.NS,Titan Company,Growth / Compounder,2484.0,2542.800048828125,2476.300048828125,2528.10009765625,2487.19189453125,1726010
2021-11-12,TITAN.NS,Titan Company,Growth / Compounder,2547.85009765625,2561.75,2523.0,2539.5,2498.4072265625,1673817
2021-11-15,TITAN.NS,Titan Company,Growth / Compounder,2551.0,2572.699951171875,2531.699951171875,2539.39990234375,2498.308837890625,846885
2021-11-16,TITAN.NS,Titan Company,Growth / Compounder,2550.10009765625,2551.35009765625,2520.14990234375,2531.75,2490.782470703125,1133767
2021-11-17,TITAN.NS,Titan Company,Growth / Compounder,2522.89990234375,2539.0,2491.10009765625,2499.35009765625,2458.906982421875,892518
2021-11-18,TITAN.NS,Titan Company,Growth / Compounder,2492.0,2520.0,2456.5,2478.199951171875,2438.09912109375,739912
2021-11-22,TITAN.NS,Titan Company,Growth / Compounder,2492.39990234375,2492.39990234375,2353.0,2391.300048828125,2352.605224609375,1361329
2021-11-23,TITAN.NS,Titan Company,Growth / Compounder,2380.0,2410.949951171875,2365.050048828125,2387.699951171875,2349.0634765625,1247942
2021-11-24,TITAN.NS,Titan Company,Growth / Compounder,2400.0,2405.25,2365.0,2375.85009765625,2337.405517578125,614145
2021-11-25,TITAN.NS,Titan Company,Growth / Compounder,2360.0,2403.199951171875,2355.14990234375,2397.800048828125,2359.000244140625,662071
2021-11-26,TITAN.NS,Titan Company,Growth / Compounder,2377.800048828125,2385.10009765625,2285.050048828125,2292.300048828125,2255.207275390625,1289322
2021-11-29,TITAN.NS,Titan Company,Growth / Compounder,2290.0,2334.39990234375,2231.39990234375,2324.199951171875,2286.5908203125,1094276
2021-11-30,TITAN.NS,Titan Company,Growth / Compounder,2336.39990234375,2390.0,2336.39990234375,2375.5,2337.06103515625,2675375
2021-12-01,TITAN.NS,Titan Company,Growth / Compounder,2409.800048828125,2441.949951171875,2347.39990234375,2360.199951171875,2322.008056640625,2177426
2021-12-02,TITAN.NS,Titan Company,Growth / Compounder,2369.0,2422.5,2360.050048828125,2386.5,2347.8828125,1682636
2021-12-03,TITAN.NS,Titan Company,Growth / Compounder,2405.0,2405.449951171875,2355.050048828125,2369.25,2330.911865234375,1062389
2021-12-06,TITAN.NS,Titan Company,Growth / Compounder,2361.35009765625,2379.85009765625,2318.39990234375,2325.300048828125,2287.67333984375,547641
2021-12-07,TITAN.NS,Titan Company,Growth / Compounder,2336.5,2385.85009765625,2325.35009765625,2380.550048828125,2342.029541015625,904175
2021-12-08,TITAN.NS,Titan Company,Growth / Compounder,2385.0,2418.0,2377.10009765625,2405.550048828125,2366.625,926476
2021-12-09,TITAN.NS,Titan Company,Growth / Compounder,2424.0,2424.0,2355.85009765625,2373.14990234375,2334.748779296875,1250492
2021-12-10,TITAN.NS,Titan Company,Growth / Compounder,2385.39990234375,2385.39990234375,2296.300048828125,2339.35009765625,2301.49609375,2288164
2021-12-13,TITAN.NS,Titan Company,Growth / Compounder,2352.60009765625,2386.0,2340.10009765625,2350.5,2312.46533203125,992852
2021-12-14,TITAN.NS,Titan Company,Growth / Compounder,2342.699951171875,2371.25,2318.75,2354.85009765625,2316.7451171875,765269
2021-12-15,TITAN.NS,Titan Company,Growth / Compounder,2355.10009765625,2368.25,2317.449951171875,2323.14990234375,2285.55810546875,567271
2021-12-16,TITAN.NS,Titan Company,Growth / Compounder,2344.10009765625,2364.800048828125,2325.25,2357.25,2319.1064453125,998086
2021-12-17,TITAN.NS,Titan Company,Growth / Compounder,2336.0,2339.300048828125,2257.10009765625,2280.39990234375,2243.49951171875,1591893
2021-12-20,TITAN.NS,Titan Company,Growth / Compounder,2259.699951171875,2263.14990234375,2205.0,2239.35009765625,2203.1142578125,1063366
2021-12-21,TITAN.NS,Titan Company,Growth / Compounder,2251.300048828125,2310.0,2251.300048828125,2287.64990234375,2250.63232421875,883858
2021-12-22,TITAN.NS,Titan Company,Growth / Compounder,2306.300048828125,2308.10009765625,2282.35009765625,2299.75,2262.53662109375,643034
2021-12-23,TITAN.NS,Titan Company,Growth / Compounder,2320.0,2337.550048828125,2310.0,2329.89990234375,2292.19873046875,613686
2021-12-24,TITAN.NS,Titan Company,Growth / Compounder,2340.10009765625,2341.89990234375,2310.0,2319.449951171875,2281.917724609375,534065
2021-12-27,TITAN.NS,Titan Company,Growth / Compounder,2306.14990234375,2344.0,2286.300048828125,2331.300048828125,2293.576171875,537545
2021-12-28,TITAN.NS,Titan Company,Growth / Compounder,2340.10009765625,2384.949951171875,2327.5,2379.85009765625,2341.340576171875,871453
2021-12-29,TITAN.NS,Titan Company,Growth / Compounder,2379.0,2416.449951171875,2370.35009765625,2402.14990234375,2363.279541015625,764644
2021-12-30,TITAN.NS,Titan Company,Growth / Compounder,2393.800048828125,2448.0,2390.699951171875,2437.300048828125,2397.86083984375,1152684
2021-12-31,TITAN.NS,Titan Company,Growth / Compounder,2447.300048828125,2535.0,2444.60009765625,2522.39990234375,2481.583740234375,2225749
2022-01-03,TITAN.NS,Titan Company,Growth / Compounder,2510.0,2546.0,2502.300048828125,2523.85009765625,2483.010498046875,921729
2022-01-04,TITAN.NS,Titan Company,Growth / Compounder,2525.0,2594.949951171875,2524.39990234375,2583.0,2541.20361328125,1037293
2022-01-05,TITAN.NS,Titan Company,Growth / Compounder,2576.0,2608.0,2560.10009765625,2576.14990234375,2534.4638671875,1244568
2022-01-06,TITAN.NS,Titan Company,Growth / Compounder,2540.0,2601.35009765625,2538.449951171875,2595.89990234375,2553.89453125,1130508
2022-01-07,TITAN.NS,Titan Company,Growth / Compounder,2630.0,2687.25,2562.35009765625,2572.699951171875,2531.06982421875,4625230
2022-01-10,TITAN.NS,Titan Company,Growth / Compounder,2585.0,2663.550048828125,2571.0,2657.5,2614.49755859375,1894316
2022-01-11,TITAN.NS,Titan Company,Growth / Compounder,2650.0,2678.75,2634.300048828125,2653.35009765625,2610.4150390625,1123968
2022-01-12,TITAN.NS,Titan Company,Growth / Compounder,2641.0,2672.0,2608.0,2612.949951171875,2570.66845703125,1293999
2022-01-13,TITAN.NS,Titan Company,Growth / Compounder,2611.0,2628.89990234375,2588.0,2619.25,2576.86669921875,1023670
2022-01-14,TITAN.NS,Titan Company,Growth / Compounder,2626.0,2639.0,2588.85009765625,2592.75,2550.79541015625,1166457
2022-01-17,TITAN.NS,Titan Company,Growth / Compounder,2592.75,2604.300048828125,2550.39990234375,2597.550048828125,2555.51806640625,1172956
2022-01-18,TITAN.NS,Titan Company,Growth / Compounder,2598.0,2635.0,2587.0,2600.60009765625,2558.51904296875,1221314
2022-01-19,TITAN.NS,Titan Company,Growth / Compounder,2598.0,2617.800048828125,2571.10009765625,2588.89990234375,2547.007568359375,629040
2022-01-20,TITAN.NS,Titan Company,Growth / Compounder,2597.0,2610.0,2550.0,2564.300048828125,2522.805908203125,1215237
2022-01-21,TITAN.NS,Titan Company,Growth / Compounder,2548.0,2561.89990234375,2505.0,2528.14990234375,2487.24072265625,1457884
2022-01-24,TITAN.NS,Titan Company,Growth / Compounder,2520.0,2522.550048828125,2376.0,2403.050048828125,2364.165283203125,1411443
2022-01-25,TITAN.NS,Titan Company,Growth / Compounder,2386.0,2407.75,2330.39990234375,2376.5,2338.044677734375,2849686
2022-01-27,TITAN.NS,Titan Company,Growth / Compounder,2327.0,2360.39990234375,2260.0,2310.050048828125,2272.670166015625,2460051
2022-01-28,TITAN.NS,Titan Company,Growth / Compounder,2313.0,2377.800048828125,2308.0,2315.60009765625,2278.13037109375,1317407
2022-01-31,TITAN.NS,Titan Company,Growth / Compounder,2353.0,2380.0,2336.35009765625,2360.300048828125,2322.10693359375,900510
2022-02-01,TITAN.NS,Titan Company,Growth / Compounder,2378.800048828125,2442.10009765625,2358.949951171875,2431.800048828125,2392.449951171875,1246431
2022-02-02,TITAN.NS,Titan Company,Growth / Compounder,2451.0,2477.89990234375,2441.75,2464.0,2424.128662109375,1144427
2022-02-03,TITAN.NS,Titan Company,Growth / Compounder,2480.5,2506.550048828125,2417.0,2474.949951171875,2434.901611328125,3883564
2022-02-04,TITAN.NS,Titan Company,Growth / Compounder,2510.0,2520.0,2430.0,2471.14990234375,2431.1630859375,2718069
2022-02-07,TITAN.NS,Titan Company,Growth / Compounder,2480.0,2498.14990234375,2388.0,2409.199951171875,2370.215576171875,1119632
2022-02-08,TITAN.NS,Titan Company,Growth / Compounder,2418.39990234375,2465.0,2400.89990234375,2443.64990234375,2404.10791015625,1524580
2022-02-09,TITAN.NS,Titan Company,Growth / Compounder,2465.0,2495.0,2456.050048828125,2484.800048828125,2444.59228515625,826261
2022-02-10,TITAN.NS,Titan Company,Growth / Compounder,2499.949951171875,2503.949951171875,2465.550048828125,2491.85009765625,2451.52880859375,788689
2022-02-11,TITAN.NS,Titan Company,Growth / Compounder,2480.0,2480.0,2421.25,2442.25,2402.730712890625,1030760
2022-02-14,TITAN.NS,Titan Company,Growth / Compounder,2380.0,2423.0,2351.25,2398.0,2359.19677734375,816491
2022-02-15,TITAN.NS,Titan Company,Growth / Compounder,2421.949951171875,2499.800048828125,2399.0,2495.89990234375,2455.5126953125,1293933
2022-02-16,TITAN.NS,Titan Company,Growth / Compounder,2510.0,2519.89990234375,2460.25,2488.050048828125,2447.78955078125,1008929
2022-02-17,TITAN.NS,Titan Company,Growth / Compounder,2509.5,2537.5,2487.0,2493.199951171875,2452.856201171875,960885
2022-02-18,TITAN.NS,Titan Company,Growth / Compounder,2479.300048828125,2499.5,2460.800048828125,2488.949951171875,2448.675048828125,654373
2022-02-21,TITAN.NS,Titan Company,Growth / Compounder,2488.0,2488.0,2411.050048828125,2454.35009765625,2414.63525390625,788568
2022-02-22,TITAN.NS,Titan Company,Growth / Compounder,2377.0,2457.0,2377.0,2450.10009765625,2410.4541015625,874150
2022-02-23,TITAN.NS,Titan Company,Growth / Compounder,2452.0,2525.0,2452.0,2495.699951171875,2455.315673828125,2096198
2022-02-24,TITAN.NS,Titan Company,Growth / Compounder,2402.0,2466.0,2395.0,2406.60009765625,2367.658203125,1875086
2022-02-25,TITAN.NS,Titan Company,Growth / Compounder,2423.5,2474.0,2423.5,2468.449951171875,2428.506591796875,1284338
2022-02-28,TITAN.NS,Titan Company,Growth / Compounder,2430.0,2563.64990234375,2430.0,2546.550048828125,2505.343017578125,2355891
2022-03-02,TITAN.NS,Titan Company,Growth / Compounder,2550.0,2604.800048828125,2524.35009765625,2592.64990234375,2550.697021484375,3536974
2022-03-03,TITAN.NS,Titan Company,Growth / Compounder,2620.0,2639.800048828125,2560.0,2574.25,2532.594970703125,2153478
2022-03-04,TITAN.NS,Titan Company,Growth / Compounder,2565.0,2565.0,2430.0,2441.0,2401.501220703125,2652474
2022-03-07,TITAN.NS,Titan Company,Growth / Compounder,2414.800048828125,2419.949951171875,2330.0,2389.699951171875,2351.031005859375,1545686
2022-03-08,TITAN.NS,Titan Company,Growth / Compounder,2400.0,2419.5,2325.60009765625,2371.25,2332.879638671875,1467595
2022-03-09,TITAN.NS,Titan Company,Growth / Compounder,2393.0,2460.5,2375.0,2433.64990234375,2394.27001953125,1581979
2022-03-10,TITAN.NS,Titan Company,Growth / Compounder,2498.0,2504.75,2444.85009765625,2467.800048828125,2427.86767578125,1051744
2022-03-11,TITAN.NS,Titan Company,Growth / Compounder,2478.0,2498.199951171875,2448.85009765625,2493.60009765625,2453.25,812330
2022-03-14,TITAN.NS,Titan Company,Growth / Compounder,2490.0,2545.0,2475.0,2539.0,2497.915283203125,1004492
2022-03-15,TITAN.NS,Titan Company,Growth / Compounder,2559.0,2579.0,2543.199951171875,2556.949951171875,2515.574951171875,1571483
2022-03-16,TITAN.NS,Titan Company,Growth / Compounder,2577.800048828125,2593.5,2566.0,2587.300048828125,2545.43359375,757197
2022-03-17,TITAN.NS,Titan Company,Growth / Compounder,2600.10009765625,2721.64990234375,2600.10009765625,2703.0,2659.26171875,3336088
2022-03-21,TITAN.NS,Titan Company,Growth / Compounder,2740.0,2768.0,2700.0,2707.25,2663.442626953125,1889261
2022-03-22,TITAN.NS,Titan Company,Growth / Compounder,2716.25,2718.800048828125,2646.449951171875,2712.75,2668.853759765625,1279904
2022-03-23,TITAN.NS,Titan Company,Growth / Compounder,2730.0,2742.949951171875,2677.85009765625,2690.0,2646.471923828125,1281815
2022-03-24,TITAN.NS,Titan Company,Growth / Compounder,2694.0,2694.0,2612.550048828125,2618.5,2576.12890625,1835380
2022-03-25,TITAN.NS,Titan Company,Growth / Compounder,2631.0,2634.0,2518.0,2523.89990234375,2483.0595703125,2863040
2022-03-28,TITAN.NS,Titan Company,Growth / Compounder,2536.5,2545.550048828125,2483.0,2535.89990234375,2494.865478515625,1316800
2022-03-29,TITAN.NS,Titan Company,Growth / Compounder,2550.0,2559.0,2525.300048828125,2538.800048828125,2497.718505859375,908172
2022-03-30,TITAN.NS,Titan Company,Growth / Compounder,2556.300048828125,2565.75,2510.0,2523.14990234375,2482.32177734375,866666
2022-03-31,TITAN.NS,Titan Company,Growth / Compounder,2525.25,2545.39990234375,2519.949951171875,2536.14990234375,2495.111328125,910316
2022-04-01,TITAN.NS,Titan Company,Growth / Compounder,2538.0,2550.0,2491.85009765625,2520.85009765625,2480.05908203125,1208002
2022-04-04,TITAN.NS,Titan Company,Growth / Compounder,2540.35009765625,2562.0,2508.75,2517.0,2476.271484375,1424995
2022-04-05,TITAN.NS,Titan Company,Growth / Compounder,2532.0,2577.800048828125,2520.050048828125,2549.199951171875,2507.9501953125,1586304
2022-04-06,TITAN.NS,Titan Company,Growth / Compounder,2547.0,2564.89990234375,2523.300048828125,2540.050048828125,2498.9482421875,1349078
2022-04-07,TITAN.NS,Titan Company,Growth / Compounder,2502.300048828125,2544.449951171875,2452.0,2458.35009765625,2418.5703125,2785215
2022-04-08,TITAN.NS,Titan Company,Growth / Compounder,2468.35009765625,2532.64990234375,2465.0,2509.949951171875,2469.335205078125,1217812
2022-04-11,TITAN.NS,Titan Company,Growth / Compounder,2503.0,2509.949951171875,2477.39990234375,2489.85009765625,2449.560546875,660112
2022-04-12,TITAN.NS,Titan Company,Growth / Compounder,2480.0,2508.5,2440.25,2488.199951171875,2447.93701171875,1182427
2022-04-13,TITAN.NS,Titan Company,Growth / Compounder,2492.199951171875,2495.949951171875,2441.10009765625,2461.35009765625,2421.52197265625,1165453
2022-04-18,TITAN.NS,Titan Company,Growth / Compounder,2435.0,2500.0,2410.0,2493.449951171875,2453.102294921875,1109814
2022-04-19,TITAN.NS,Titan Company,Growth / Compounder,2509.39990234375,2520.60009765625,2441.0,2452.60009765625,2412.913330078125,929834
2022-04-20,TITAN.NS,Titan Company,Growth / Compounder,2453.050048828125,2505.0,2442.699951171875,2482.699951171875,2442.526123046875,639190
2022-04-21,TITAN.NS,Titan Company,Growth / Compounder,2482.699951171875,2524.949951171875,2466.0,2521.0,2480.20654296875,880723
2022-04-22,TITAN.NS,Titan Company,Growth / Compounder,2515.0,2526.449951171875,2476.5,2512.699951171875,2472.040771484375,878780
2022-04-25,TITAN.NS,Titan Company,Growth / Compounder,2471.0,2489.0,2447.050048828125,2453.89990234375,2414.192138671875,682383
2022-04-26,TITAN.NS,Titan Company,Growth / Compounder,2460.0,2552.14990234375,2459.0,2548.199951171875,2506.96630859375,1232557
2022-04-27,TITAN.NS,Titan Company,Growth / Compounder,2528.64990234375,2537.800048828125,2488.25,2492.35009765625,2452.0205078125,801135
2022-04-28,TITAN.NS,Titan Company,Growth / Compounder,2529.89990234375,2531.0,2477.0,2513.199951171875,2472.53271484375,933881
2022-04-29,TITAN.NS,Titan Company,Growth / Compounder,2521.0,2532.0,2450.0,2458.199951171875,2418.422607421875,1496781
2022-05-02,TITAN.NS,Titan Company,Growth / Compounder,2435.0,2437.0,2372.35009765625,2386.550048828125,2347.93212890625,1287401
2022-05-04,TITAN.NS,Titan Company,Growth / Compounder,2356.0,2407.0,2275.0,2289.949951171875,2252.895263671875,2357806
2022-05-05,TITAN.NS,Titan Company,Growth / Compounder,2309.0,2309.0,2252.14990234375,2262.0,2225.397705078125,2118580
2022-05-06,TITAN.NS,Titan Company,Growth / Compounder,2240.0,2240.0,2195.449951171875,2208.75,2173.00927734375,1465638
2022-05-09,TITAN.NS,Titan Company,Growth / Compounder,2195.0,2213.35009765625,2171.0,2183.199951171875,2147.872314453125,968069
2022-05-10,TITAN.NS,Titan Company,Growth / Compounder,2180.0,2186.0,2125.0,2137.35009765625,2102.764892578125,1092429
2022-05-11,TITAN.NS,Titan Company,Growth / Compounder,2127.199951171875,2138.0,2095.75,2114.699951171875,2080.48095703125,1472911
2022-05-12,TITAN.NS,Titan Company,Growth / Compounder,2102.0,2103.89990234375,2035.550048828125,2048.550048828125,2015.4014892578125,1362031
2022-05-13,TITAN.NS,Titan Company,Growth / Compounder,2056.14990234375,2154.0,2056.14990234375,2091.699951171875,2057.853271484375,2580348
2022-05-16,TITAN.NS,Titan Company,Growth / Compounder,2118.0,2152.0,2096.699951171875,2109.60009765625,2075.46337890625,1370151
2022-05-17,TITAN.NS,Titan Company,Growth / Compounder,2145.0,2185.0,2111.0,2176.35009765625,2141.133544921875,1256142
2022-05-18,TITAN.NS,Titan Company,Growth / Compounder,2187.0,2194.300048828125,2161.0,2166.75,2131.688720703125,1188772
2022-05-19,TITAN.NS,Titan Company,Growth / Compounder,2125.0,2156.10009765625,2055.10009765625,2111.949951171875,2077.775634765625,981115
2022-05-20,TITAN.NS,Titan Company,Growth / Compounder,2139.89990234375,2155.550048828125,2129.199951171875,2137.050048828125,2102.469482421875,1017542
2022-05-23,TITAN.NS,Titan Company,Growth / Compounder,2160.0,2200.0,2138.0,2151.300048828125,2116.489013671875,1346294
2022-05-24,TITAN.NS,Titan Company,Growth / Compounder,2151.64990234375,2165.0,2121.35009765625,2140.25,2105.617431640625,1150314
2022-05-25,TITAN.NS,Titan Company,Growth / Compounder,2160.0,2181.0,2106.0,2113.39990234375,2079.2021484375,1125068
2022-05-26,TITAN.NS,Titan Company,Growth / Compounder,2132.0,2150.85009765625,2075.5,2141.949951171875,2107.290283203125,1382368
2022-05-27,TITAN.NS,Titan Company,Growth / Compounder,2155.0,2159.949951171875,2123.39990234375,2149.199951171875,2114.4228515625,865917
2022-05-30,TITAN.NS,Titan Company,Growth / Compounder,2164.0,2260.0,2164.0,2255.89990234375,2219.395751953125,1691435
2022-05-31,TITAN.NS,Titan Company,Growth / Compounder,2254.89990234375,2300.0,2176.60009765625,2216.0,2180.14208984375,7005071
2022-06-01,TITAN.NS,Titan Company,Growth / Compounder,2255.0,2304.89990234375,2180.0,2197.60009765625,2162.039794921875,2126105
2022-06-02,TITAN.NS,Titan Company,Growth / Compounder,2176.60009765625,2225.35009765625,2176.60009765625,2220.949951171875,2185.011962890625,966727
2022-06-03,TITAN.NS,Titan Company,Growth / Compounder,2231.64990234375,2244.949951171875,2197.75,2204.39990234375,2168.7294921875,1228695
2022-06-06,TITAN.NS,Titan Company,Growth / Compounder,2204.39990234375,2208.949951171875,2165.949951171875,2198.550048828125,2162.974365234375,1285097
2022-06-07,TITAN.NS,Titan Company,Growth / Compounder,2173.550048828125,2179.449951171875,2088.0,2100.800048828125,2066.8056640625,3255286
2022-06-08,TITAN.NS,Titan Company,Growth / Compounder,2106.050048828125,2133.0,2096.550048828125,2128.85009765625,2094.402099609375,1775344
2022-06-09,TITAN.NS,Titan Company,Growth / Compounder,2106.0,2154.0,2103.0,2139.699951171875,2105.076171875,1035771
2022-06-10,TITAN.NS,Titan Company,Growth / Compounder,2108.0,2166.0,2108.0,2142.25,2107.58544921875,927889
2022-06-13,TITAN.NS,Titan Company,Growth / Compounder,2108.0,2124.449951171875,2076.199951171875,2102.39990234375,2068.3798828125,928411
2022-06-14,TITAN.NS,Titan Company,Growth / Compounder,2100.0,2116.89990234375,2072.64990234375,2102.0,2067.986328125,893733
2022-06-15,TITAN.NS,Titan Company,Growth / Compounder,2104.0,2127.5,2090.0,2105.050048828125,2070.9873046875,783714
2022-06-16,TITAN.NS,Titan Company,Growth / Compounder,2126.39990234375,2145.0,2042.050048828125,2060.949951171875,2027.6007080078125,1265289
2022-06-17,TITAN.NS,Titan Company,Growth / Compounder,2041.0,2051.64990234375,1910.550048828125,1936.449951171875,1905.115478515625,6066708
2022-06-20,TITAN.NS,Titan Company,Growth / Compounder,1938.0,1973.449951171875,1905.449951171875,1961.699951171875,1929.956787109375,1967950
2022-06-21,TITAN.NS,Titan Company,Growth / Compounder,1979.9000244140625,2093.75,1966.5,2078.10009765625,2044.4735107421875,3289922
2022-06-22,TITAN.NS,Titan Company,Growth / Compounder,2070.0,2070.949951171875,2007.0,2031.199951171875,1998.3321533203125,1507811
2022-06-23,TITAN.NS,Titan Company,Growth / Compounder,2040.0,2047.800048828125,1997.1500244140625,2041.4000244140625,2008.3671875,1632845
2022-06-24,TITAN.NS,Titan Company,Growth / Compounder,2053.550048828125,2076.39990234375,2033.949951171875,2045.5999755859375,2012.499267578125,854618
2022-06-27,TITAN.NS,Titan Company,Growth / Compounder,2082.0,2083.64990234375,2025.0,2040.300048828125,2007.2850341796875,1067849
2022-06-28,TITAN.NS,Titan Company,Growth / Compounder,2020.0,2022.0,1960.0,1968.050048828125,1936.2042236328125,3397585
2022-06-29,TITAN.NS,Titan Company,Growth / Compounder,1950.0,1954.300048828125,1923.0,1936.1500244140625,1904.8204345703125,2375427
2022-06-30,TITAN.NS,Titan Company,Growth / Compounder,1950.0,1965.75,1926.0,1941.25,1909.837646484375,2489709
2022-07-01,TITAN.NS,Titan Company,Growth / Compounder,1895.0,1954.3499755859375,1825.050048828125,1946.199951171875,1914.70751953125,4064801
2022-07-04,TITAN.NS,Titan Company,Growth / Compounder,1954.0,1966.5999755859375,1928.0,1962.5,1930.7440185546875,1023678
2022-07-05,TITAN.NS,Titan Company,Growth / Compounder,1967.0,1989.0999755859375,1940.550048828125,1954.25,1922.62744140625,1555345
2022-07-06,TITAN.NS,Titan Company,Growth / Compounder,1958.0,2025.5,1941.3499755859375,2013.550048828125,1980.9678955078125,1952701
2022-07-07,TITAN.NS,Titan Company,Growth / Compounder,2130.0,2171.60009765625,2102.550048828125,2127.5,2093.073974609375,5915740
2022-07-08,TITAN.NS,Titan Company,Growth / Compounder,2140.0,2154.0,2110.5,2144.35009765625,2117.114990234375,2039331
2022-07-11,TITAN.NS,Titan Company,Growth / Compounder,2153.0,2173.85009765625,2126.60009765625,2163.60009765625,2136.1201171875,1219508
2022-07-12,TITAN.NS,Titan Company,Growth / Compounder,2132.0,2142.0,2114.449951171875,2130.0,2102.947021484375,1096542
2022-07-13,TITAN.NS,Titan Company,Growth / Compounder,2130.0,2141.800048828125,2107.449951171875,2111.39990234375,2084.5830078125,1169721
2022-07-14,TITAN.NS,Titan Company,Growth / Compounder,2132.0,2140.0,2113.0,2127.449951171875,2100.429443359375,767221
2022-07-15,TITAN.NS,Titan Company,Growth / Compounder,2135.0,2193.14990234375,2132.199951171875,2189.699951171875,2161.888671875,1742573
2022-07-18,TITAN.NS,Titan Company,Growth / Compounder,2196.0,2247.300048828125,2194.050048828125,2237.449951171875,2209.032470703125,2016386
2022-07-19,TITAN.NS,Titan Company,Growth / Compounder,2232.5,2253.0,2216.699951171875,2241.199951171875,2212.734619140625,867223
2022-07-20,TITAN.NS,Titan Company,Growth / Compounder,2280.0,2298.0,2261.10009765625,2271.199951171875,2242.353515625,1620332
2022-07-21,TITAN.NS,Titan Company,Growth / Compounder,2285.0,2298.0,2264.0,2288.60009765625,2259.53271484375,1117118
2022-07-22,TITAN.NS,Titan Company,Growth / Compounder,2299.0,2329.949951171875,2283.10009765625,2325.0,2295.470458984375,1185176
2022-07-25,TITAN.NS,Titan Company,Growth / Compounder,2339.300048828125,2348.800048828125,2313.0,2328.85009765625,2299.271484375,1248393
2022-07-26,TITAN.NS,Titan Company,Growth / Compounder,2334.949951171875,2334.949951171875,2286.550048828125,2293.199951171875,2264.07421875,1142159
2022-07-27,TITAN.NS,Titan Company,Growth / Compounder,2285.10009765625,2311.0,2266.550048828125,2303.550048828125,2274.292724609375,1456382
2022-07-28,TITAN.NS,Titan Company,Growth / Compounder,2321.0,2341.5,2305.050048828125,2334.64990234375,2304.99755859375,1126799
2022-07-29,TITAN.NS,Titan Company,Growth / Compounder,2355.0,2392.5,2339.050048828125,2352.050048828125,2322.176513671875,1239445
2022-08-01,TITAN.NS,Titan Company,Growth / Compounder,2364.800048828125,2381.050048828125,2339.0,2376.25,2346.0693359375,581266
2022-08-02,TITAN.NS,Titan Company,Growth / Compounder,2370.0,2397.800048828125,2357.050048828125,2384.949951171875,2354.658935546875,777687
2022-08-03,TITAN.NS,Titan Company,Growth / Compounder,2395.0,2425.89990234375,2355.0,2416.39990234375,2385.709228515625,1207016
2022-08-04,TITAN.NS,Titan Company,Growth / Compounder,2429.949951171875,2430.449951171875,2370.949951171875,2423.64990234375,2392.8671875,1015590
2022-08-05,TITAN.NS,Titan Company,Growth / Compounder,2425.199951171875,2472.39990234375,2417.35009765625,2432.800048828125,2401.901123046875,2443597
2022-08-08,TITAN.NS,Titan Company,Growth / Compounder,2460.0,2474.699951171875,2433.14990234375,2446.949951171875,2415.871337890625,1576547
2022-08-10,TITAN.NS,Titan Company,Growth / Compounder,2469.89990234375,2469.89990234375,2417.10009765625,2433.60009765625,2402.691162109375,1065998
2022-08-11,TITAN.NS,Titan Company,Growth / Compounder,2446.199951171875,2486.0,2446.199951171875,2472.35009765625,2440.94873046875,1127878
2022-08-12,TITAN.NS,Titan Company,Growth / Compounder,2472.0,2493.0,2461.89990234375,2471.949951171875,2440.5537109375,761420
2022-08-16,TITAN.NS,Titan Company,Growth / Compounder,2461.10009765625,2499.5,2435.0,2493.85009765625,2462.17578125,1035928
2022-08-17,TITAN.NS,Titan Company,Growth / Compounder,2495.0,2523.14990234375,2480.64990234375,2492.199951171875,2460.546630859375,863500
2022-08-18,TITAN.NS,Titan Company,Growth / Compounder,2492.199951171875,2503.89990234375,2467.300048828125,2478.699951171875,2447.21826171875,827663
2022-08-19,TITAN.NS,Titan Company,Growth / Compounder,2498.949951171875,2498.949951171875,2430.89990234375,2440.60009765625,2409.60205078125,751505
2022-08-22,TITAN.NS,Titan Company,Growth / Compounder,2440.0,2458.0,2408.0,2417.60009765625,2386.89404296875,947292
2022-08-23,TITAN.NS,Titan Company,Growth / Compounder,2407.0,2501.949951171875,2400.0,2480.199951171875,2448.69921875,1417877
2022-08-24,TITAN.NS,Titan Company,Growth / Compounder,2495.0,2495.0,2441.050048828125,2460.699951171875,2429.44677734375,672569
2022-08-25,TITAN.NS,Titan Company,Growth / Compounder,2473.0,2501.60009765625,2456.699951171875,2466.449951171875,2435.123779296875,732577
2022-08-26,TITAN.NS,Titan Company,Growth / Compounder,2483.050048828125,2556.0,2481.550048828125,2532.89990234375,2500.729736328125,2398253
2022-08-29,TITAN.NS,Titan Company,Growth / Compounder,2457.25,2540.89990234375,2457.25,2531.699951171875,2499.544921875,1149676
2022-08-30,TITAN.NS,Titan Company,Growth / Compounder,2545.0,2623.10009765625,2543.0,2604.64990234375,2571.568359375,1794736
2022-09-01,TITAN.NS,Titan Company,Growth / Compounder,2592.949951171875,2647.14990234375,2565.64990234375,2622.0,2588.697998046875,1438313
2022-09-02,TITAN.NS,Titan Company,Growth / Compounder,2631.0,2645.0,2607.050048828125,2612.60009765625,2579.41748046875,800453
2022-09-05,TITAN.NS,Titan Company,Growth / Compounder,2625.0,2640.0,2610.85009765625,2627.35009765625,2593.97998046875,733481
2022-09-06,TITAN.NS,Titan Company,Growth / Compounder,2631.699951171875,2646.89990234375,2611.0,2631.64990234375,2598.225341796875,680071
2022-09-07,TITAN.NS,Titan Company,Growth / Compounder,2607.0,2641.39990234375,2600.39990234375,2637.75,2604.248046875,438635
2022-09-08,TITAN.NS,Titan Company,Growth / Compounder,2649.0,2659.89990234375,2616.0,2626.699951171875,2593.33837890625,754150
2022-09-09,TITAN.NS,Titan Company,Growth / Compounder,2652.0,2652.14990234375,2593.0,2603.449951171875,2570.3837890625,777186
2022-09-12,TITAN.NS,Titan Company,Growth / Compounder,2616.800048828125,2669.699951171875,2610.0,2661.14990234375,2627.3505859375,808360
2022-09-13,TITAN.NS,Titan Company,Growth / Compounder,2680.0,2723.0,2672.0,2705.550048828125,2671.18701171875,1536444
2022-09-14,TITAN.NS,Titan Company,Growth / Compounder,2645.0,2712.0,2645.0,2700.60009765625,2666.2998046875,915281
2022-09-15,TITAN.NS,Titan Company,Growth / Compounder,2714.14990234375,2717.0,2648.0,2656.14990234375,2622.414306640625,753648
2022-09-16,TITAN.NS,Titan Company,Growth / Compounder,2648.0,2677.64990234375,2604.25,2611.800048828125,2578.627685546875,1425731
2022-09-19,TITAN.NS,Titan Company,Growth / Compounder,2611.75,2632.0,2552.550048828125,2619.800048828125,2586.526123046875,808421
2022-09-20,TITAN.NS,Titan Company,Growth / Compounder,2642.199951171875,2693.550048828125,2635.10009765625,2684.0,2649.910400390625,844553
2022-09-21,TITAN.NS,Titan Company,Growth / Compounder,2688.0,2700.0,2656.64990234375,2666.64990234375,2632.78076171875,1052572
2022-09-22,TITAN.NS,Titan Company,Growth / Compounder,2660.0,2744.949951171875,2650.0,2737.60009765625,2702.829833984375,1352472
2022-09-23,TITAN.NS,Titan Company,Growth / Compounder,2737.60009765625,2755.699951171875,2667.0,2672.449951171875,2638.507080078125,1226889
2022-09-26,TITAN.NS,Titan Company,Growth / Compounder,2666.0,2677.949951171875,2563.550048828125,2655.5,2621.772216796875,1371409
2022-09-27,TITAN.NS,Titan Company,Growth / Compounder,2669.949951171875,2679.550048828125,2585.550048828125,2600.35009765625,2567.3232421875,1246270
2022-09-28,TITAN.NS,Titan Company,Growth / Compounder,2587.5,2634.5,2564.5,2576.949951171875,2544.22021484375,1419969
2022-09-29,TITAN.NS,Titan Company,Growth / Compounder,2594.85009765625,2606.050048828125,2517.35009765625,2531.5,2499.347412109375,1177076
2022-09-30,TITAN.NS,Titan Company,Growth / Compounder,2538.0,2637.39990234375,2522.60009765625,2606.949951171875,2573.83935546875,1453944
2022-10-03,TITAN.NS,Titan Company,Growth / Compounder,2625.0,2625.0,2555.60009765625,2574.199951171875,2541.505126953125,1049142
2022-10-04,TITAN.NS,Titan Company,Growth / Compounder,2629.0,2629.0,2571.64990234375,2585.10009765625,2552.266845703125,1291070
2022-10-06,TITAN.NS,Titan Company,Growth / Compounder,2598.050048828125,2620.0,2581.60009765625,2592.85009765625,2559.91845703125,1409852
2022-10-07,TITAN.NS,Titan Company,Growth / Compounder,2690.0,2745.0,2675.0,2730.5,2695.8203125,5284814
2022-10-10,TITAN.NS,Titan Company,Growth / Compounder,2710.0,2727.89990234375,2658.0,2680.10009765625,2646.060302734375,1290447
2022-10-11,TITAN.NS,Titan Company,Growth / Compounder,2693.0,2694.0,2616.39990234375,2624.5,2591.16650390625,1067626
2022-10-12,TITAN.NS,Titan Company,Growth / Compounder,2630.0,2644.89990234375,2606.0,2621.35009765625,2588.056396484375,1131702
2022-10-13,TITAN.NS,Titan Company,Growth / Compounder,2610.0,2628.0,2591.0,2598.64990234375,2565.644287109375,1038687
2022-10-14,TITAN.NS,Titan Company,Growth / Compounder,2640.0,2663.60009765625,2607.75,2617.800048828125,2584.55126953125,1326916
2022-10-17,TITAN.NS,Titan Company,Growth / Compounder,2613.89990234375,2634.89990234375,2602.550048828125,2625.0,2591.66015625,1111199
2022-10-18,TITAN.NS,Titan Company,Growth / Compounder,2638.14990234375,2664.699951171875,2623.14990234375,2641.10009765625,2607.555419921875,771852
2022-10-19,TITAN.NS,Titan Company,Growth / Compounder,2654.35009765625,2677.0,2640.0,2644.550048828125,2610.961669921875,1001916
2022-10-20,TITAN.NS,Titan Company,Growth / Compounder,2640.0,2644.0,2581.35009765625,2631.5,2598.077392578125,1022636
2022-10-21,TITAN.NS,Titan Company,Growth / Compounder,2650.0,2679.64990234375,2640.050048828125,2665.64990234375,2631.793212890625,986521
2022-10-24,TITAN.NS,Titan Company,Growth / Compounder,2697.0,2699.89990234375,2679.14990234375,2683.89990234375,2649.811767578125,184595
2022-10-25,TITAN.NS,Titan Company,Growth / Compounder,2697.35009765625,2697.35009765625,2662.0,2670.300048828125,2636.384521484375,505759
2022-10-27,TITAN.NS,Titan Company,Growth / Compounder,2700.0,2765.0,2680.0,2703.800048828125,2669.459228515625,2117791
2022-10-28,TITAN.NS,Titan Company,Growth / Compounder,2708.949951171875,2738.89990234375,2693.25,2736.39990234375,2701.64501953125,1003160
2022-10-31,TITAN.NS,Titan Company,Growth / Compounder,2750.0,2791.0,2738.25,2761.5,2726.42626953125,1144647
2022-11-01,TITAN.NS,Titan Company,Growth / Compounder,2770.14990234375,2784.0,2741.0,2754.949951171875,2719.959228515625,890107
2022-11-02,TITAN.NS,Titan Company,Growth / Compounder,2745.0,2747.35009765625,2703.0,2728.449951171875,2693.796142578125,1704942
2022-11-03,TITAN.NS,Titan Company,Growth / Compounder,2705.0,2779.0,2705.0,2763.64990234375,2728.548583984375,1227960
2022-11-04,TITAN.NS,Titan Company,Growth / Compounder,2774.89990234375,2781.449951171875,2746.60009765625,2769.699951171875,2734.52197265625,1172058
2022-11-07,TITAN.NS,Titan Company,Growth / Compounder,2772.0,2772.0,2706.300048828125,2741.550048828125,2706.72998046875,1825529
2022-11-09,TITAN.NS,Titan Company,Growth / Compounder,2769.0,2769.0,2710.0,2718.10009765625,2683.57763671875,1184702
2022-11-10,TITAN.NS,Titan Company,Growth / Compounder,2710.0,2711.10009765625,2628.0,2641.0,2607.456787109375,1198585
2022-11-11,TITAN.NS,Titan Company,Growth / Compounder,2671.0,2694.39990234375,2641.550048828125,2651.800048828125,2618.11962890625,833729
2022-11-14,TITAN.NS,Titan Company,Growth / Compounder,2658.0,2665.0,2623.199951171875,2629.800048828125,2596.399169921875,565428
2022-11-15,TITAN.NS,Titan Company,Growth / Compounder,2642.949951171875,2669.14990234375,2621.050048828125,2656.64990234375,2622.90771484375,1033296
2022-11-16,TITAN.NS,Titan Company,Growth / Compounder,2659.0,2678.199951171875,2630.0,2644.300048828125,2610.71484375,835064
2022-11-17,TITAN.NS,Titan Company,Growth / Compounder,2638.0,2645.0,2576.0,2582.0,2549.2060546875,1265647
2022-11-18,TITAN.NS,Titan Company,Growth / Compounder,2580.0,2583.39990234375,2545.0,2565.800048828125,2533.2119140625,1038751
2022-11-21,TITAN.NS,Titan Company,Growth / Compounder,2552.0,2578.949951171875,2539.64990234375,2573.35009765625,2540.666015625,629040
2022-11-22,TITAN.NS,Titan Company,Growth / Compounder,2580.0,2609.0,2561.0,2606.199951171875,2573.0986328125,912070
2022-11-23,TITAN.NS,Titan Company,Growth / Compounder,2614.949951171875,2632.5,2590.800048828125,2601.75,2568.705322265625,992873
2022-11-24,TITAN.NS,Titan Company,Growth / Compounder,2611.0,2618.300048828125,2592.5,2610.199951171875,2577.0478515625,752066
2022-11-25,TITAN.NS,Titan Company,Growth / Compounder,2620.0,2620.0,2586.0,2595.39990234375,2562.435791015625,633047
2022-11-28,TITAN.NS,Titan Company,Growth / Compounder,2584.39990234375,2608.5,2579.0,2592.25,2559.326171875,665149
2022-11-29,TITAN.NS,Titan Company,Growth / Compounder,2597.14990234375,2640.0,2595.050048828125,2613.75,2580.552734375,866621
2022-11-30,TITAN.NS,Titan Company,Growth / Compounder,2613.75,2665.0,2604.199951171875,2653.0,2619.304443359375,1569918
2022-12-01,TITAN.NS,Titan Company,Growth / Compounder,2662.0,2665.0,2630.0,2638.699951171875,2605.185791015625,539844
2022-12-02,TITAN.NS,Titan Company,Growth / Compounder,2648.0,2651.39990234375,2605.0,2617.89990234375,2584.64990234375,731396
2022-12-05,TITAN.NS,Titan Company,Growth / Compounder,2629.0,2629.949951171875,2589.25,2615.64990234375,2582.4287109375,747114
2022-12-06,TITAN.NS,Titan Company,Growth / Compounder,2619.800048828125,2624.0,2591.300048828125,2617.0,2583.761474609375,706596
2022-12-07,TITAN.NS,Titan Company,Growth / Compounder,2616.300048828125,2623.75,2586.699951171875,2596.85009765625,2563.867431640625,712914
2022-12-08,TITAN.NS,Titan Company,Growth / Compounder,2596.85009765625,2613.89990234375,2578.75,2583.5,2550.68701171875,648288
2022-12-09,TITAN.NS,Titan Company,Growth / Compounder,2597.0,2629.89990234375,2567.949951171875,2615.449951171875,2582.231201171875,935047
2022-12-12,TITAN.NS,Titan Company,Growth / Compounder,2613.5,2613.5,2571.0,2584.64990234375,2551.822265625,726330
2022-12-13,TITAN.NS,Titan Company,Growth / Compounder,2597.39990234375,2600.0,2565.0,2575.89990234375,2543.183349609375,832740
2022-12-14,TITAN.NS,Titan Company,Growth / Compounder,2574.85009765625,2596.0,2571.14990234375,2591.10009765625,2558.190673828125,767737
2022-12-15,TITAN.NS,Titan Company,Growth / Compounder,2585.0,2588.64990234375,2514.550048828125,2522.699951171875,2490.6591796875,1225728
2022-12-16,TITAN.NS,Titan Company,Growth / Compounder,2500.0,2520.0,2480.0,2482.85009765625,2451.315185546875,1177053
2022-12-19,TITAN.NS,Titan Company,Growth / Compounder,2483.199951171875,2525.25,2468.699951171875,2521.800048828125,2489.770751953125,572224
2022-12-20,TITAN.NS,Titan Company,Growth / Compounder,2516.800048828125,2517.60009765625,2482.10009765625,2508.14990234375,2476.293701171875,597902
2022-12-21,TITAN.NS,Titan Company,Growth / Compounder,2515.0,2528.0,2481.0,2489.60009765625,2457.979736328125,519326
2022-12-22,TITAN.NS,Titan Company,Growth / Compounder,2491.800048828125,2509.199951171875,2465.0,2483.0,2451.46337890625,557608
2022-12-23,TITAN.NS,Titan Company,Growth / Compounder,2467.64990234375,2505.0,2455.0,2483.050048828125,2451.512939453125,1310439
2022-12-26,TITAN.NS,Titan Company,Growth / Compounder,2487.75,2512.39990234375,2470.25,2481.10009765625,2449.587890625,1076808
2022-12-27,TITAN.NS,Titan Company,Growth / Compounder,2498.0,2519.89990234375,2485.60009765625,2503.550048828125,2471.752685546875,791283
2022-12-28,TITAN.NS,Titan Company,Growth / Compounder,2502.800048828125,2596.0,2497.5,2580.14990234375,2547.379638671875,2443430
2022-12-29,TITAN.NS,Titan Company,Growth / Compounder,2555.0,2588.85009765625,2542.199951171875,2553.25,2520.8212890625,1583143
2022-12-30,TITAN.NS,Titan Company,Growth / Compounder,2564.0,2610.0,2553.050048828125,2597.5,2564.509033203125,1057182
2023-01-02,TITAN.NS,Titan Company,Growth / Compounder,2607.0,2616.0,2556.800048828125,2565.75,2533.16259765625,697408
2023-01-03,TITAN.NS,Titan Company,Growth / Compounder,2568.0,2619.0,2555.050048828125,2613.60009765625,2580.40478515625,852511
2023-01-04,TITAN.NS,Titan Company,Growth / Compounder,2618.800048828125,2626.25,2585.60009765625,2597.550048828125,2564.558837890625,832054
2023-01-05,TITAN.NS,Titan Company,Growth / Compounder,2591.0,2620.0,2543.64990234375,2562.10009765625,2529.558837890625,1544601
2023-01-06,TITAN.NS,Titan Company,Growth / Compounder,2560.0,2584.39990234375,2517.0,2538.10009765625,2505.864013671875,879019
2023-01-09,TITAN.NS,Titan Company,Growth / Compounder,2529.949951171875,2529.949951171875,2467.800048828125,2484.64990234375,2453.09228515625,2324487
2023-01-10,TITAN.NS,Titan Company,Growth / Compounder,2495.0,2498.699951171875,2456.0,2468.199951171875,2436.85107421875,948787
2023-01-11,TITAN.NS,Titan Company,Growth / Compounder,2473.0,2488.60009765625,2431.0,2437.39990234375,2406.442626953125,1000412
2023-01-12,TITAN.NS,Titan Company,Growth / Compounder,2450.0,2475.0,2432.0,2446.60009765625,2415.52587890625,874520
2023-01-13,TITAN.NS,Titan Company,Growth / Compounder,2456.89990234375,2456.89990234375,2400.0,2417.199951171875,2386.49951171875,1416869
2023-01-16,TITAN.NS,Titan Company,Growth / Compounder,2428.0,2434.800048828125,2392.0,2405.85009765625,2375.29345703125,737012
2023-01-17,TITAN.NS,Titan Company,Growth / Compounder,2405.0,2417.89990234375,2386.0,2407.949951171875,2377.366943359375,926137
2023-01-18,TITAN.NS,Titan Company,Growth / Compounder,2418.0,2429.85009765625,2412.800048828125,2424.10009765625,2393.311767578125,601233
2023-01-19,TITAN.NS,Titan Company,Growth / Compounder,2392.5,2411.800048828125,2367.199951171875,2385.050048828125,2354.757568359375,1116874
2023-01-20,TITAN.NS,Titan Company,Growth / Compounder,2389.949951171875,2396.949951171875,2353.0,2371.300048828125,2341.18212890625,1229902
2023-01-23,TITAN.NS,Titan Company,Growth / Compounder,2383.949951171875,2384.300048828125,2355.60009765625,2364.699951171875,2334.666015625,932554
2023-01-24,TITAN.NS,Titan Company,Growth / Compounder,2372.5,2390.60009765625,2364.0,2370.75,2340.63916015625,714000
2023-01-25,TITAN.NS,Titan Company,Growth / Compounder,2370.0,2370.0,2333.550048828125,2356.60009765625,2326.6689453125,650664
2023-01-27,TITAN.NS,Titan Company,Growth / Compounder,2368.39990234375,2368.39990234375,2302.60009765625,2331.25,2301.640869140625,1238620
2023-01-30,TITAN.NS,Titan Company,Growth / Compounder,2332.0,2342.85009765625,2287.050048828125,2335.550048828125,2305.88623046875,1401847
2023-01-31,TITAN.NS,Titan Company,Growth / Compounder,2347.0,2386.449951171875,2335.64990234375,2377.14990234375,2346.957763671875,1252600
2023-02-01,TITAN.NS,Titan Company,Growth / Compounder,2408.550048828125,2409.800048828125,2300.050048828125,2345.89990234375,2316.104736328125,1521514
2023-02-02,TITAN.NS,Titan Company,Growth / Compounder,2341.050048828125,2385.0,2269.60009765625,2308.10009765625,2278.784912109375,1788381
2023-02-03,TITAN.NS,Titan Company,Growth / Compounder,2320.10009765625,2470.0,2320.10009765625,2463.10009765625,2431.816162109375,3693638
2023-02-06,TITAN.NS,Titan Company,Growth / Compounder,2474.85009765625,2479.949951171875,2447.60009765625,2458.0,2426.781005859375,1049075
2023-02-07,TITAN.NS,Titan Company,Growth / Compounder,2456.300048828125,2459.75,2432.10009765625,2446.89990234375,2415.82177734375,563195
2023-02-08,TITAN.NS,Titan Company,Growth / Compounder,2447.0,2480.0,2447.0,2466.75,2435.419921875,539085
2023-02-09,TITAN.NS,Titan Company,Growth / Compounder,2467.0,2475.64990234375,2451.60009765625,2462.550048828125,2431.273193359375,464715
2023-02-10,TITAN.NS,Titan Company,Growth / Compounder,2452.0,2472.0,2442.050048828125,2468.5,2437.147216796875,597337
2023-02-13,TITAN.NS,Titan Company,Growth / Compounder,2480.0,2523.949951171875,2476.14990234375,2519.050048828125,2487.055419921875,1856317
2023-02-14,TITAN.NS,Titan Company,Growth / Compounder,2528.949951171875,2528.949951171875,2480.0,2506.89990234375,2475.059814453125,843477
2023-02-15,TITAN.NS,Titan Company,Growth / Compounder,2503.449951171875,2528.25,2483.300048828125,2524.300048828125,2492.23876953125,707224
2023-02-16,TITAN.NS,Titan Company,Growth / Compounder,2530.0,2545.64990234375,2518.10009765625,2522.39990234375,2490.36279296875,704946
2023-02-17,TITAN.NS,Titan Company,Growth / Compounder,2515.0,2545.85009765625,2496.0,2500.300048828125,2468.543701171875,607239
2023-02-20,TITAN.NS,Titan Company,Growth / Compounder,2500.0,2507.25,2466.300048828125,2474.14990234375,2442.7255859375,460090
2023-02-21,TITAN.NS,Titan Company,Growth / Compounder,2485.949951171875,2485.949951171875,2450.5,2463.60009765625,2432.31005859375,750272
2023-02-22,TITAN.NS,Titan Company,Growth / Compounder,2451.949951171875,2462.800048828125,2414.39990234375,2431.550048828125,2400.6669921875,1098118
2023-02-23,TITAN.NS,Titan Company,Growth / Compounder,2432.5,2432.5,2380.0,2394.5,2364.087646484375,1602078
2023-02-24,TITAN.NS,Titan Company,Growth / Compounder,2400.0,2413.75,2377.949951171875,2399.10009765625,2368.62939453125,1145691
2023-02-27,TITAN.NS,Titan Company,Growth / Compounder,2399.10009765625,2412.0,2373.60009765625,2401.0,2370.505126953125,862629
2023-02-28,TITAN.NS,Titan Company,Growth / Compounder,2401.10009765625,2425.0,2363.60009765625,2372.800048828125,2342.6630859375,1430349
2023-03-01,TITAN.NS,Titan Company,Growth / Compounder,2370.0,2396.050048828125,2366.35009765625,2382.39990234375,2352.141357421875,479935
2023-03-02,TITAN.NS,Titan Company,Growth / Compounder,2382.35009765625,2394.300048828125,2351.75,2358.949951171875,2328.989013671875,529609
2023-03-03,TITAN.NS,Titan Company,Growth / Compounder,2370.0,2402.0,2358.300048828125,2396.10009765625,2365.6669921875,710845
2023-03-06,TITAN.NS,Titan Company,Growth / Compounder,2412.550048828125,2426.39990234375,2392.60009765625,2403.449951171875,2372.924072265625,682556
2023-03-08,TITAN.NS,Titan Company,Growth / Compounder,2396.39990234375,2401.199951171875,2372.25,2397.10009765625,2366.654541015625,858496
2023-03-09,TITAN.NS,Titan Company,Growth / Compounder,2400.800048828125,2407.949951171875,2365.0,2368.25,2338.1708984375,601071
2023-03-10,TITAN.NS,Titan Company,Growth / Compounder,2354.85009765625,2379.949951171875,2338.0,2375.5,2345.328857421875,543004
2023-03-13,TITAN.NS,Titan Company,Growth / Compounder,2372.75,2376.949951171875,2321.0,2332.0,2302.38134765625,631722
2023-03-14,TITAN.NS,Titan Company,Growth / Compounder,2336.949951171875,2391.85009765625,2328.85009765625,2355.60009765625,2325.681884765625,1470817
2023-03-15,TITAN.NS,Titan Company,Growth / Compounder,2380.0,2413.85009765625,2379.949951171875,2399.10009765625,2368.62939453125,1656307
2023-03-16,TITAN.NS,Titan Company,Growth / Compounder,2413.5,2482.0,2413.0,2450.35009765625,2419.228271484375,2317115
2023-03-17,TITAN.NS,Titan Company,Growth / Compounder,2467.14990234375,2474.0,2447.39990234375,2455.64990234375,2424.4609375,1625905
2023-03-20,TITAN.NS,Titan Company,Growth / Compounder,2462.0,2474.949951171875,2441.550048828125,2459.949951171875,2428.706298828125,918922
2023-03-21,TITAN.NS,Titan Company,Growth / Compounder,2475.0,2521.550048828125,2468.050048828125,2514.050048828125,2482.119140625,1652107
2023-03-22,TITAN.NS,Titan Company,Growth / Compounder,2517.949951171875,2524.0,2495.0,2508.14990234375,2476.293701171875,754732
2023-03-23,TITAN.NS,Titan Company,Growth / Compounder,2510.0,2528.0,2494.050048828125,2519.050048828125,2487.055419921875,610778
2023-03-24,TITAN.NS,Titan Company,Growth / Compounder,2516.800048828125,2519.699951171875,2474.949951171875,2493.35009765625,2461.68212890625,838919
2023-03-27,TITAN.NS,Titan Company,Growth / Compounder,2480.0,2510.0,2466.800048828125,2494.39990234375,2462.718505859375,728727
2023-03-28,TITAN.NS,Titan Company,Growth / Compounder,2502.89990234375,2507.14990234375,2493.89990234375,2500.300048828125,2468.543701171875,599191
2023-03-29,TITAN.NS,Titan Company,Growth / Compounder,2500.300048828125,2525.0,2494.0,2515.050048828125,2483.106689453125,710603
2023-03-31,TITAN.NS,Titan Company,Growth / Compounder,2526.949951171875,2536.75,2500.0,2514.89990234375,2482.95849609375,848456
2023-04-03,TITAN.NS,Titan Company,Growth / Compounder,2525.89990234375,2544.64990234375,2513.300048828125,2537.39990234375,2505.17236328125,701713
2023-04-05,TITAN.NS,Titan Company,Growth / Compounder,2560.0,2581.5,2550.10009765625,2572.699951171875,2540.02392578125,1438377
2023-04-06,TITAN.NS,Titan Company,Growth / Compounder,2583.0,2584.0,2545.0,2548.449951171875,2516.08203125,1192271
2023-04-10,TITAN.NS,Titan Company,Growth / Compounder,2568.0,2602.0,2561.050048828125,2583.699951171875,2550.884521484375,1497452
2023-04-11,TITAN.NS,Titan Company,Growth / Compounder,2583.699951171875,2603.5,2576.0,2580.050048828125,2547.28076171875,820568
2023-04-12,TITAN.NS,Titan Company,Growth / Compounder,2580.050048828125,2593.449951171875,2564.14990234375,2587.89990234375,2555.03125,553807
2023-04-13,TITAN.NS,Titan Company,Growth / Compounder,2588.0,2599.949951171875,2577.300048828125,2585.64990234375,2552.809814453125,481459
2023-04-17,TITAN.NS,Titan Company,Growth / Compounder,2600.0,2612.25,2582.300048828125,2605.60009765625,2572.506591796875,1044487
2023-04-18,TITAN.NS,Titan Company,Growth / Compounder,2603.050048828125,2607.64990234375,2560.10009765625,2577.699951171875,2544.960693359375,674756
2023-04-19,TITAN.NS,Titan Company,Growth / Compounder,2580.050048828125,2595.949951171875,2562.0,2569.300048828125,2536.66748046875,687292
2023-04-20,TITAN.NS,Titan Company,Growth / Compounder,2577.64990234375,2619.0,2570.5,2579.25,2546.490966796875,995472
2023-04-21,TITAN.NS,Titan Company,Growth / Compounder,2593.60009765625,2594.550048828125,2559.25,2568.300048828125,2535.68017578125,409932
2023-04-24,TITAN.NS,Titan Company,Growth / Compounder,2571.10009765625,2636.39990234375,2570.0,2629.550048828125,2596.152099609375,1026391
2023-04-25,TITAN.NS,Titan Company,Growth / Compounder,2634.85009765625,2637.0,2614.949951171875,2633.199951171875,2599.755859375,630987
2023-04-26,TITAN.NS,Titan Company,Growth / Compounder,2633.0,2647.64990234375,2625.64990234375,2641.0,2607.456787109375,631279
2023-04-27,TITAN.NS,Titan Company,Growth / Compounder,2641.0,2674.0,2631.5,2663.449951171875,2629.62158203125,620037
2023-04-28,TITAN.NS,Titan Company,Growth / Compounder,2672.449951171875,2679.300048828125,2619.5,2641.85009765625,2608.2958984375,1567472
2023-05-02,TITAN.NS,Titan Company,Growth / Compounder,2657.0,2674.0,2633.39990234375,2663.85009765625,2630.016357421875,726439
2023-05-03,TITAN.NS,Titan Company,Growth / Compounder,2675.0,2679.5,2643.10009765625,2654.050048828125,2620.341064453125,808211
2023-05-04,TITAN.NS,Titan Company,Growth / Compounder,2679.699951171875,2694.25,2656.550048828125,2670.39990234375,2636.483154296875,1936641
2023-05-05,TITAN.NS,Titan Company,Growth / Compounder,2670.60009765625,2766.0,2666.300048828125,2732.89990234375,2698.189208984375,2190777
2023-05-08,TITAN.NS,Titan Company,Growth / Compounder,2732.949951171875,2770.0,2732.89990234375,2751.25,2716.306640625,848638
2023-05-09,TITAN.NS,Titan Company,Growth / Compounder,2753.300048828125,2790.0,2738.449951171875,2748.39990234375,2713.49267578125,893686
2023-05-10,TITAN.NS,Titan Company,Growth / Compounder,2760.0,2767.699951171875,2736.199951171875,2745.449951171875,2710.580078125,522149
2023-05-11,TITAN.NS,Titan Company,Growth / Compounder,2758.0,2765.0,2744.050048828125,2757.85009765625,2722.82275390625,621067
2023-05-12,TITAN.NS,Titan Company,Growth / Compounder,2760.800048828125,2784.5,2756.85009765625,2773.199951171875,2737.9775390625,705516
2023-05-15,TITAN.NS,Titan Company,Growth / Compounder,2774.0,2802.10009765625,2764.25,2779.550048828125,2744.2470703125,772914
2023-05-16,TITAN.NS,Titan Company,Growth / Compounder,2785.0,2800.800048828125,2774.550048828125,2790.25,2754.81103515625,548885
2023-05-17,TITAN.NS,Titan Company,Growth / Compounder,2785.0,2790.0,2750.050048828125,2762.39990234375,2727.314697265625,539547
2023-05-18,TITAN.NS,Titan Company,Growth / Compounder,2782.0,2782.0,2716.10009765625,2721.85009765625,2687.27978515625,612441
2023-05-19,TITAN.NS,Titan Company,Growth / Compounder,2719.949951171875,2719.949951171875,2683.050048828125,2701.64990234375,2667.33642578125,846419
2023-05-22,TITAN.NS,Titan Company,Growth / Compounder,2701.60009765625,2734.0,2701.10009765625,2712.550048828125,2678.09814453125,559506
2023-05-23,TITAN.NS,Titan Company,Growth / Compounder,2719.949951171875,2726.39990234375,2677.300048828125,2683.449951171875,2649.367431640625,713749
2023-05-24,TITAN.NS,Titan Company,Growth / Compounder,2675.0,2722.0,2670.0,2707.25,2672.864990234375,814553
2023-05-25,TITAN.NS,Titan Company,Growth / Compounder,2714.449951171875,2720.0,2682.0,2707.949951171875,2673.556396484375,651488
2023-05-26,TITAN.NS,Titan Company,Growth / Compounder,2707.949951171875,2759.699951171875,2699.14990234375,2742.14990234375,2707.322021484375,811400
2023-05-29,TITAN.NS,Titan Company,Growth / Compounder,2745.0,2821.800048828125,2745.0,2812.25,2776.531494140625,1107678
2023-05-30,TITAN.NS,Titan Company,Growth / Compounder,2829.5,2841.89990234375,2797.699951171875,2802.5,2766.9052734375,1263691
2023-05-31,TITAN.NS,Titan Company,Growth / Compounder,2802.5,2832.10009765625,2790.10009765625,2823.25,2787.39208984375,1394580
2023-06-01,TITAN.NS,Titan Company,Growth / Compounder,2823.25,2837.64990234375,2814.699951171875,2827.25,2791.341064453125,538550
2023-06-02,TITAN.NS,Titan Company,Growth / Compounder,2830.0,2871.0,2826.449951171875,2861.64990234375,2825.30419921875,1116501
2023-06-05,TITAN.NS,Titan Company,Growth / Compounder,2875.0,2875.0,2840.0,2855.699951171875,2819.4296875,724102
2023-06-06,TITAN.NS,Titan Company,Growth / Compounder,2860.949951171875,2893.0,2858.300048828125,2881.449951171875,2844.852783203125,1148132
2023-06-07,TITAN.NS,Titan Company,Growth / Compounder,2895.0,2910.0,2870.0,2906.949951171875,2870.02880859375,862821
2023-06-08,TITAN.NS,Titan Company,Growth / Compounder,2906.89990234375,2921.85009765625,2871.050048828125,2877.0,2840.459228515625,560514
2023-06-09,TITAN.NS,Titan Company,Growth / Compounder,2890.0,2919.949951171875,2863.25,2876.25,2839.71875,727880
2023-06-12,TITAN.NS,Titan Company,Growth / Compounder,2884.949951171875,2885.449951171875,2833.25,2852.60009765625,2816.369384765625,1112274
2023-06-13,TITAN.NS,Titan Company,Growth / Compounder,2859.89990234375,2918.0,2855.10009765625,2912.5,2875.508056640625,776313
2023-06-14,TITAN.NS,Titan Company,Growth / Compounder,2920.0,2928.199951171875,2897.0,2907.050048828125,2870.127685546875,617700
2023-06-15,TITAN.NS,Titan Company,Growth / Compounder,2911.050048828125,2924.64990234375,2900.0,2908.0,2871.0654296875,564711
2023-06-16,TITAN.NS,Titan Company,Growth / Compounder,2911.800048828125,2960.0,2911.800048828125,2954.300048828125,2916.77734375,1022389
2023-06-19,TITAN.NS,Titan Company,Growth / Compounder,2967.0,3024.39990234375,2963.35009765625,2968.60009765625,2930.89599609375,1382633
2023-06-20,TITAN.NS,Titan Company,Growth / Compounder,2972.699951171875,2986.35009765625,2948.300048828125,2974.0,2936.2275390625,672298
2023-06-21,TITAN.NS,Titan Company,Growth / Compounder,2974.0,2985.0,2958.14990234375,2971.10009765625,2933.364013671875,509602
2023-06-22,TITAN.NS,Titan Company,Growth / Compounder,2975.0,2984.75,2955.800048828125,2970.25,2932.525146484375,496441
2023-06-23,TITAN.NS,Titan Company,Growth / Compounder,2972.5,2981.0,2932.0,2939.14990234375,2901.81982421875,869340
2023-06-26,TITAN.NS,Titan Company,Growth / Compounder,2940.0,2981.0,2940.0,2972.60009765625,2934.84521484375,839713
2023-06-27,TITAN.NS,Titan Company,Growth / Compounder,2973.0,2989.199951171875,2940.699951171875,2975.699951171875,2937.90576171875,913730
2023-06-28,TITAN.NS,Titan Company,Growth / Compounder,2995.0,3044.39990234375,2985.050048828125,3028.10009765625,2989.640380859375,1525117
2023-06-30,TITAN.NS,Titan Company,Growth / Compounder,3046.0,3067.949951171875,3029.14990234375,3047.64990234375,3008.941650390625,946112
2023-07-03,TITAN.NS,Titan Company,Growth / Compounder,3050.10009765625,3054.0,3026.300048828125,3038.300048828125,2999.71044921875,429100
2023-07-04,TITAN.NS,Titan Company,Growth / Compounder,3041.5,3090.0,3039.0,3074.64990234375,3035.598876953125,1291238
2023-07-05,TITAN.NS,Titan Company,Growth / Compounder,3075.0,3113.89990234375,3063.0,3099.85009765625,3060.47900390625,643663
2023-07-06,TITAN.NS,Titan Company,Growth / Compounder,3100.0,3111.85009765625,3081.39990234375,3106.39990234375,3066.94580078125,976956
2023-07-07,TITAN.NS,Titan Company,Growth / Compounder,3140.0,3210.0,3126.39990234375,3144.0,3104.068115234375,3630808
2023-07-10,TITAN.NS,Titan Company,Growth / Compounder,3155.0,3155.0,3030.25,3045.550048828125,3006.86865234375,1777220
2023-07-11,TITAN.NS,Titan Company,Growth / Compounder,3062.85009765625,3098.0,3044.800048828125,3087.60009765625,3048.384521484375,1141925
2023-07-12,TITAN.NS,Titan Company,Growth / Compounder,3114.0,3124.0,3087.64990234375,3096.5,3057.17138671875,1300168
2023-07-13,TITAN.NS,Titan Company,Growth / Compounder,3113.949951171875,3114.60009765625,3079.300048828125,3084.75,3055.43798828125,932018
2023-07-14,TITAN.NS,Titan Company,Growth / Compounder,3093.64990234375,3097.35009765625,3042.60009765625,3055.550048828125,3026.515625,721349
2023-07-17,TITAN.NS,Titan Company,Growth / Compounder,3070.0,3072.949951171875,3020.0,3033.449951171875,3004.62548828125,866575
2023-07-18,TITAN.NS,Titan Company,Growth / Compounder,3033.449951171875,3039.949951171875,2963.39990234375,2996.449951171875,2967.97705078125,1359863
2023-07-19,TITAN.NS,Titan Company,Growth / Compounder,3010.10009765625,3017.39990234375,2985.050048828125,2995.64990234375,2967.1845703125,568891
2023-07-20,TITAN.NS,Titan Company,Growth / Compounder,3002.25,3016.60009765625,2966.0,2989.300048828125,2960.895263671875,1021556
2023-07-21,TITAN.NS,Titan Company,Growth / Compounder,2990.75,3005.0,2970.0,2976.300048828125,2948.0185546875,599594
2023-07-24,TITAN.NS,Titan Company,Growth / Compounder,2978.0,2992.89990234375,2951.25,2979.199951171875,2950.890869140625,523141
2023-07-25,TITAN.NS,Titan Company,Growth / Compounder,2980.0,3032.89990234375,2972.75,3029.0,3000.2177734375,874788
2023-07-26,TITAN.NS,Titan Company,Growth / Compounder,3044.89990234375,3044.89990234375,2995.0,3008.35009765625,2979.763916015625,588487
2023-07-27,TITAN.NS,Titan Company,Growth / Compounder,3013.949951171875,3024.10009765625,2983.64990234375,3002.10009765625,2973.5732421875,595544
2023-07-28,TITAN.NS,Titan Company,Growth / Compounder,3008.14990234375,3010.0,2951.699951171875,2987.0,2958.616943359375,837051
2023-07-31,TITAN.NS,Titan Company,Growth / Compounder,2950.0,3017.949951171875,2950.0,3004.050048828125,2975.5048828125,656048
2023-08-01,TITAN.NS,Titan Company,Growth / Compounder,3024.85009765625,3027.5,2987.699951171875,3001.89990234375,2973.375244140625,602288
2023-08-02,TITAN.NS,Titan Company,Growth / Compounder,3005.64990234375,3005.699951171875,2960.0,2977.14990234375,2948.8603515625,1152335
2023-08-03,TITAN.NS,Titan Company,Growth / Compounder,2937.949951171875,2986.949951171875,2883.0,2902.10009765625,2874.523681640625,3319847
2023-08-04,TITAN.NS,Titan Company,Growth / Compounder,2919.949951171875,2935.800048828125,2898.0,2904.39990234375,2876.801513671875,709334
2023-08-07,TITAN.NS,Titan Company,Growth / Compounder,2919.949951171875,2919.949951171875,2882.449951171875,2904.60009765625,2877.0,580359
2023-08-08,TITAN.NS,Titan Company,Growth / Compounder,2918.0,2932.0,2904.60009765625,2921.25,2893.49169921875,474417
2023-08-09,TITAN.NS,Titan Company,Growth / Compounder,2924.0,2962.0,2918.14990234375,2955.89990234375,2927.812255859375,600081
2023-08-10,TITAN.NS,Titan Company,Growth / Compounder,2958.0,2995.5,2917.0,2988.550048828125,2960.15234375,970990
2023-08-11,TITAN.NS,Titan Company,Growth / Compounder,2988.5,3067.449951171875,2980.0,3017.25,2988.579345703125,1823274
2023-08-14,TITAN.NS,Titan Company,Growth / Compounder,3020.35009765625,3020.35009765625,2988.35009765625,3010.64990234375,2982.042236328125,542561
2023-08-16,TITAN.NS,Titan Company,Growth / Compounder,3005.0,3015.89990234375,2978.050048828125,3011.10009765625,2982.48828125,544441
2023-08-17,TITAN.NS,Titan Company,Growth / Compounder,3018.0,3079.449951171875,3012.0,3071.75,3042.5615234375,1699758
2023-08-18,TITAN.NS,Titan Company,Growth / Compounder,3070.60009765625,3079.5,3035.0,3050.449951171875,3021.4638671875,860782
2023-08-21,TITAN.NS,Titan Company,Growth / Compounder,3051.0,3082.5,3050.0,3078.300048828125,3049.04931640625,706621
2023-08-22,TITAN.NS,Titan Company,Growth / Compounder,3084.949951171875,3091.0,3040.10009765625,3075.60009765625,3046.375244140625,714220
2023-08-23,TITAN.NS,Titan Company,Growth / Compounder,3075.60009765625,3085.0,3056.300048828125,3070.0,3040.828125,602197
2023-08-24,TITAN.NS,Titan Company,Growth / Compounder,3075.699951171875,3099.89990234375,3056.25,3061.199951171875,3032.11181640625,618626
2023-08-25,TITAN.NS,Titan Company,Growth / Compounder,3055.0,3074.75,3037.550048828125,3067.199951171875,3038.054931640625,648003
2023-08-28,TITAN.NS,Titan Company,Growth / Compounder,3074.0,3079.949951171875,3040.699951171875,3048.550048828125,3019.58203125,471698
2023-08-29,TITAN.NS,Titan Company,Growth / Compounder,3051.949951171875,3090.0,3044.0,3079.39990234375,3050.138916015625,482639
2023-08-30,TITAN.NS,Titan Company,Growth / Compounder,3080.0,3111.0,3067.0,3082.199951171875,3052.912109375,582766
2023-08-31,TITAN.NS,Titan Company,Growth / Compounder,3090.85009765625,3118.949951171875,3082.199951171875,3104.449951171875,3074.950927734375,1420498
2023-09-01,TITAN.NS,Titan Company,Growth / Compounder,3111.949951171875,3124.89990234375,3100.0,3116.800048828125,3087.18359375,423739
2023-09-04,TITAN.NS,Titan Company,Growth / Compounder,3116.949951171875,3124.949951171875,3086.300048828125,3100.300048828125,3070.84033203125,539813
2023-09-05,TITAN.NS,Titan Company,Growth / Compounder,3120.0,3157.5,3115.0,3136.14990234375,3106.349609375,721199
2023-09-06,TITAN.NS,Titan Company,Growth / Compounder,3136.14990234375,3180.550048828125,3120.85009765625,3176.050048828125,3145.87060546875,1163154
2023-09-07,TITAN.NS,Titan Company,Growth / Compounder,3173.0,3182.949951171875,3152.0,3172.800048828125,3142.6513671875,805295
2023-09-08,TITAN.NS,Titan Company,Growth / Compounder,3182.0,3205.0,3172.800048828125,3199.10009765625,3168.701416015625,700158
2023-09-11,TITAN.NS,Titan Company,Growth / Compounder,3209.949951171875,3221.550048828125,3186.60009765625,3213.300048828125,3182.7666015625,544452
2023-09-12,TITAN.NS,Titan Company,Growth / Compounder,3216.050048828125,3221.14990234375,3177.60009765625,3185.800048828125,3155.52783203125,591509
2023-09-13,TITAN.NS,Titan Company,Growth / Compounder,3178.050048828125,3270.0,3178.050048828125,3263.199951171875,3232.192138671875,1370306
2023-09-14,TITAN.NS,Titan Company,Growth / Compounder,3277.550048828125,3302.449951171875,3240.0,3261.35009765625,3230.35986328125,1264935
2023-09-15,TITAN.NS,Titan Company,Growth / Compounder,3261.60009765625,3264.0,3239.0,3248.60009765625,3217.731201171875,1397407
2023-09-18,TITAN.NS,Titan Company,Growth / Compounder,3257.0,3352.0,3246.800048828125,3339.5,3307.767333984375,1423507
2023-09-20,TITAN.NS,Titan Company,Growth / Compounder,3314.0,3349.0,3300.050048828125,3306.64990234375,3275.229248046875,1201025
2023-09-21,TITAN.NS,Titan Company,Growth / Compounder,3300.0,3322.5,3285.800048828125,3304.5,3273.099853515625,1091384
2023-09-22,TITAN.NS,Titan Company,Growth / Compounder,3298.800048828125,3298.800048828125,3261.699951171875,3274.5,3243.385009765625,1019051
2023-09-25,TITAN.NS,Titan Company,Growth / Compounder,3274.5,3314.89990234375,3261.35009765625,3283.949951171875,3252.7451171875,623515
2023-09-26,TITAN.NS,Titan Company,Growth / Compounder,3294.0,3308.0,3255.0,3262.60009765625,3231.59814453125,1054827
2023-09-27,TITAN.NS,Titan Company,Growth / Compounder,3246.800048828125,3266.949951171875,3186.0,3214.550048828125,3184.004638671875,1464192
2023-09-28,TITAN.NS,Titan Company,Growth / Compounder,3217.5,3224.89990234375,3141.75,3157.25,3127.249267578125,1214383
2023-09-29,TITAN.NS,Titan Company,Growth / Compounder,3160.050048828125,3176.449951171875,3143.050048828125,3148.800048828125,3118.87939453125,697564
2023-10-03,TITAN.NS,Titan Company,Growth / Compounder,3148.800048828125,3212.5,3114.39990234375,3196.25,3165.87841796875,1007308
2023-10-04,TITAN.NS,Titan Company,Growth / Compounder,3186.0,3205.0,3151.0,3166.64990234375,3136.5595703125,486969
2023-10-05,TITAN.NS,Titan Company,Growth / Compounder,3173.89990234375,3231.0,3165.0,3216.5,3185.936279296875,1109881
2023-10-06,TITAN.NS,Titan Company,Growth / Compounder,3230.0,3319.800048828125,3221.10009765625,3309.75,3278.300048828125,1102120
2023-10-09,TITAN.NS,Titan Company,Growth / Compounder,3294.699951171875,3296.0,3249.050048828125,3267.5,3236.45166015625,822467
2023-10-10,TITAN.NS,Titan Company,Growth / Compounder,3295.0,3299.199951171875,3259.300048828125,3269.199951171875,3238.13525390625,633934
2023-10-11,TITAN.NS,Titan Company,Growth / Compounder,3289.699951171875,3296.0,3264.0,3280.5,3249.327880859375,546575
2023-10-12,TITAN.NS,Titan Company,Growth / Compounder,3292.0,3295.050048828125,3262.60009765625,3285.0,3253.78515625,429096
2023-10-13,TITAN.NS,Titan Company,Growth / Compounder,3285.0,3307.0,3266.550048828125,3283.75,3252.547119140625,920545
2023-10-16,TITAN.NS,Titan Company,Growth / Compounder,3284.0,3329.0,3275.0,3301.39990234375,3270.029296875,778014
2023-10-17,TITAN.NS,Titan Company,Growth / Compounder,3317.949951171875,3328.449951171875,3304.10009765625,3308.449951171875,3277.01220703125,584625
2023-10-18,TITAN.NS,Titan Company,Growth / Compounder,3309.199951171875,3324.14990234375,3277.5,3282.75,3251.556640625,324535
2023-10-19,TITAN.NS,Titan Company,Growth / Compounder,3270.0,3300.949951171875,3239.0,3284.64990234375,3253.4384765625,698767
2023-10-20,TITAN.NS,Titan Company,Growth / Compounder,3272.64990234375,3291.5,3244.0,3266.199951171875,3235.163818359375,657550
2023-10-23,TITAN.NS,Titan Company,Growth / Compounder,3246.199951171875,3274.949951171875,3209.699951171875,3219.75,3189.155029296875,566920
2023-10-25,TITAN.NS,Titan Company,Growth / Compounder,3216.0,3236.300048828125,3179.0,3187.85009765625,3157.558349609375,762466
2023-10-26,TITAN.NS,Titan Company,Growth / Compounder,3160.35009765625,3189.89990234375,3092.050048828125,3100.800048828125,3071.33544921875,1124281
2023-10-27,TITAN.NS,Titan Company,Growth / Compounder,3095.10009765625,3138.75,3087.25,3120.699951171875,3091.046142578125,1050608
2023-10-30,TITAN.NS,Titan Company,Growth / Compounder,3105.0,3121.949951171875,3075.0,3116.449951171875,3086.836669921875,802316
2023-10-31,TITAN.NS,Titan Company,Growth / Compounder,3119.60009765625,3205.800048828125,3087.85009765625,3189.64990234375,3159.341064453125,1235478
2023-11-01,TITAN.NS,Titan Company,Growth / Compounder,3193.85009765625,3212.89990234375,3168.35009765625,3173.39990234375,3143.24560546875,756820
2023-11-02,TITAN.NS,Titan Company,Growth / Compounder,3200.0,3228.5,3180.0,3201.5,3171.07861328125,774180
2023-11-03,TITAN.NS,Titan Company,Growth / Compounder,3205.14990234375,3288.0,3205.050048828125,3274.5,3243.385009765625,1355614
2023-11-06,TITAN.NS,Titan Company,Growth / Compounder,3310.0,3310.0,3245.300048828125,3267.050048828125,3236.005859375,1137606
2023-11-07,TITAN.NS,Titan Company,Growth / Compounder,3274.0,3286.449951171875,3250.199951171875,3270.199951171875,3239.1259765625,433992
2023-11-08,TITAN.NS,Titan Company,Growth / Compounder,3289.0,3323.800048828125,3272.199951171875,3311.85009765625,3280.380126953125,632305
2023-11-09,TITAN.NS,Titan Company,Growth / Compounder,3320.949951171875,3320.949951171875,3274.64990234375,3283.75,3252.547119140625,1317398
2023-11-10,TITAN.NS,Titan Company,Growth / Compounder,3263.050048828125,3274.949951171875,3223.0,3256.35009765625,3225.407470703125,1170763
2023-11-13,TITAN.NS,Titan Company,Growth / Compounder,3275.0,3278.35009765625,3250.60009765625,3264.75,3233.727783203125,275538
2023-11-15,TITAN.NS,Titan Company,Growth / Compounder,3275.25,3300.89990234375,3260.75,3295.949951171875,3264.63134765625,747863
2023-11-16,TITAN.NS,Titan Company,Growth / Compounder,3295.39990234375,3358.0,3259.25,3335.949951171875,3304.2509765625,1055389
2023-11-17,TITAN.NS,Titan Company,Growth / Compounder,3339.0,3366.0,3326.699951171875,3338.85009765625,3307.123779296875,633405
2023-11-20,TITAN.NS,Titan Company,Growth / Compounder,3338.0,3353.949951171875,3312.25,3345.85009765625,3314.056884765625,497379
2023-11-21,TITAN.NS,Titan Company,Growth / Compounder,3365.0,3401.75,3355.10009765625,3394.449951171875,3362.195068359375,1038863
2023-11-22,TITAN.NS,Titan Company,Growth / Compounder,3400.0,3435.0,3396.050048828125,3429.85009765625,3397.259033203125,980779
2023-11-23,TITAN.NS,Titan Company,Growth / Compounder,3433.89990234375,3441.949951171875,3396.300048828125,3408.39990234375,3376.012451171875,517362
2023-11-24,TITAN.NS,Titan Company,Growth / Compounder,3406.0,3419.10009765625,3382.550048828125,3396.949951171875,3364.67138671875,589530
2023-11-28,TITAN.NS,Titan Company,Growth / Compounder,3417.949951171875,3445.949951171875,3397.35009765625,3442.39990234375,3409.689697265625,733524
2023-11-29,TITAN.NS,Titan Company,Growth / Compounder,3473.85009765625,3473.85009765625,3424.0,3429.300048828125,3396.7138671875,819200
2023-11-30,TITAN.NS,Titan Company,Growth / Compounder,3431.10009765625,3500.0,3422.25,3490.60009765625,3457.431640625,1480088
2023-12-01,TITAN.NS,Titan Company,Growth / Compounder,3499.0,3500.0,3470.0,3489.5,3456.342041015625,655263
2023-12-04,TITAN.NS,Titan Company,Growth / Compounder,3550.0,3550.0,3478.050048828125,3488.39990234375,3455.25244140625,808838
2023-12-05,TITAN.NS,Titan Company,Growth / Compounder,3488.39990234375,3550.0,3479.0,3545.300048828125,3511.61181640625,713651
2023-12-06,TITAN.NS,Titan Company,Growth / Compounder,3550.0,3573.949951171875,3522.10009765625,3546.89990234375,3513.196533203125,474140
2023-12-07,TITAN.NS,Titan Company,Growth / Compounder,3546.89990234375,3595.0,3519.050048828125,3585.39990234375,3551.330810546875,820214
2023-12-08,TITAN.NS,Titan Company,Growth / Compounder,3575.0,3646.949951171875,3575.0,3634.64990234375,3600.112548828125,1562141
2023-12-11,TITAN.NS,Titan Company,Growth / Compounder,3634.550048828125,3644.60009765625,3598.300048828125,3630.5,3596.002197265625,620604
2023-12-12,TITAN.NS,Titan Company,Growth / Compounder,3637.0,3644.5,3563.25,3571.39990234375,3537.463623046875,1075941
2023-12-13,TITAN.NS,Titan Company,Growth / Compounder,3585.0,3609.75,3552.75,3602.35009765625,3568.119873046875,717618
2023-12-14,TITAN.NS,Titan Company,Growth / Compounder,3647.0,3647.0,3584.35009765625,3591.39990234375,3557.273681640625,992762
2023-12-15,TITAN.NS,Titan Company,Growth / Compounder,3615.0,3615.0,3584.800048828125,3600.550048828125,3566.3369140625,906271
2023-12-18,TITAN.NS,Titan Company,Growth / Compounder,3600.699951171875,3667.199951171875,3593.89990234375,3619.60009765625,3585.205810546875,699850
2023-12-19,TITAN.NS,Titan Company,Growth / Compounder,3610.64990234375,3627.949951171875,3600.10009765625,3610.449951171875,3576.142822265625,577926
2023-12-20,TITAN.NS,Titan Company,Growth / Compounder,3610.449951171875,3651.5,3541.0,3554.10009765625,3520.328125,849001
2023-12-21,TITAN.NS,Titan Company,Growth / Compounder,3524.10009765625,3598.949951171875,3518.800048828125,3580.0,3545.98193359375,816722
2023-12-22,TITAN.NS,Titan Company,Growth / Compounder,3580.0,3638.449951171875,3560.550048828125,3627.35009765625,3592.882080078125,777099
2023-12-26,TITAN.NS,Titan Company,Growth / Compounder,3635.0,3665.0,3623.449951171875,3656.699951171875,3621.953125,526101
2023-12-27,TITAN.NS,Titan Company,Growth / Compounder,3668.0,3695.0,3645.0,3689.25,3654.194091796875,666625
2023-12-28,TITAN.NS,Titan Company,Growth / Compounder,3699.89990234375,3737.0,3680.699951171875,3715.10009765625,3679.798583984375,1033648
2023-12-29,TITAN.NS,Titan Company,Growth / Compounder,3715.10009765625,3715.10009765625,3660.25,3675.449951171875,3640.525146484375,709614
2024-01-01,TITAN.NS,Titan Company,Growth / Compounder,3689.0,3698.0,3667.5,3677.14990234375,3642.208740234375,286683
2024-01-02,TITAN.NS,Titan Company,Growth / Compounder,3689.0,3707.85009765625,3642.5,3698.25,3663.1083984375,453685
2024-01-03,TITAN.NS,Titan Company,Growth / Compounder,3708.0,3709.949951171875,3665.0,3693.050048828125,3657.957763671875,356757
2024-01-04,TITAN.NS,Titan Company,Growth / Compounder,3696.0,3727.0,3686.64990234375,3719.699951171875,3684.3544921875,545228
2024-01-05,TITAN.NS,Titan Company,Growth / Compounder,3719.699951171875,3750.0,3687.25,3712.550048828125,3677.272705078125,963628
2024-01-08,TITAN.NS,Titan Company,Growth / Compounder,3770.0,3776.85009765625,3695.800048828125,3706.050048828125,3670.834228515625,1202148
2024-01-09,TITAN.NS,Titan Company,Growth / Compounder,3736.949951171875,3753.949951171875,3685.14990234375,3694.0,3658.89892578125,572612
2024-01-10,TITAN.NS,Titan Company,Growth / Compounder,3708.0,3730.0,3690.0,3714.449951171875,3679.154296875,556311
2024-01-11,TITAN.NS,Titan Company,Growth / Compounder,3726.89990234375,3742.699951171875,3692.60009765625,3698.60009765625,3663.455078125,392818
2024-01-12,TITAN.NS,Titan Company,Growth / Compounder,3700.0,3734.300048828125,3647.949951171875,3726.0,3690.594970703125,990582
2024-01-15,TITAN.NS,Titan Company,Growth / Compounder,3740.0,3775.0,3736.0,3758.85009765625,3723.1328125,661292
2024-01-16,TITAN.NS,Titan Company,Growth / Compounder,3758.85009765625,3858.0,3756.0,3820.300048828125,3783.99853515625,1170685
2024-01-17,TITAN.NS,Titan Company,Growth / Compounder,3818.949951171875,3855.0,3800.0,3830.050048828125,3793.656005859375,723356
2024-01-18,TITAN.NS,Titan Company,Growth / Compounder,3791.35009765625,3824.64990234375,3718.85009765625,3734.699951171875,3699.212158203125,1293580
2024-01-19,TITAN.NS,Titan Company,Growth / Compounder,3742.199951171875,3861.5,3740.699951171875,3810.60009765625,3774.390869140625,2566367
2024-01-23,TITAN.NS,Titan Company,Growth / Compounder,3786.0,3858.0,3705.75,3739.64990234375,3704.114990234375,1053510
2024-01-24,TITAN.NS,Titan Company,Growth / Compounder,3764.0,3780.0,3711.75,3767.85009765625,3732.047119140625,636988
2024-01-25,TITAN.NS,Titan Company,Growth / Compounder,3770.39990234375,3796.949951171875,3730.10009765625,3770.199951171875,3734.37451171875,646135
2024-01-29,TITAN.NS,Titan Company,Growth / Compounder,3760.60009765625,3875.0,3760.550048828125,3866.64990234375,3829.908203125,699215
2024-01-30,TITAN.NS,Titan Company,Growth / Compounder,3882.0,3886.949951171875,3715.0,3735.75,3700.252197265625,852445
2024-01-31,TITAN.NS,Titan Company,Growth / Compounder,3749.0,3775.0,3653.25,3697.550048828125,3662.4150390625,1386754
2024-02-01,TITAN.NS,Titan Company,Growth / Compounder,3738.0,3738.0,3601.0,3627.449951171875,3592.981201171875,1408462
2024-02-02,TITAN.NS,Titan Company,Growth / Compounder,3635.0,3713.449951171875,3602.449951171875,3612.39990234375,3578.073974609375,2320153
2024-02-05,TITAN.NS,Titan Company,Growth / Compounder,3612.949951171875,3624.64990234375,3534.89990234375,3552.050048828125,3518.2978515625,1771614
2024-02-06,TITAN.NS,Titan Company,Growth / Compounder,3552.050048828125,3577.949951171875,3531.60009765625,3559.14990234375,3525.330078125,1069901
2024-02-07,TITAN.NS,Titan Company,Growth / Compounder,3578.0,3620.0,3555.800048828125,3576.5,3542.51513671875,900220
2024-02-08,TITAN.NS,Titan Company,Growth / Compounder,3604.800048828125,3610.0,3503.0,3549.10009765625,3515.375732421875,1011857
2024-02-09,TITAN.NS,Titan Company,Growth / Compounder,3549.10009765625,3597.89990234375,3532.85009765625,3591.60009765625,3557.471923828125,838509
2024-02-12,TITAN.NS,Titan Company,Growth / Compounder,3599.0,3618.60009765625,3570.050048828125,3585.25,3551.18212890625,487283
2024-02-13,TITAN.NS,Titan Company,Growth / Compounder,3607.0,3608.75,3551.14990234375,3559.949951171875,3526.12255859375,796060
2024-02-14,TITAN.NS,Titan Company,Growth / Compounder,3546.0,3593.85009765625,3503.300048828125,3585.550048828125,3551.4794921875,1046318
2024-02-15,TITAN.NS,Titan Company,Growth / Compounder,3595.050048828125,3632.0,3571.0,3622.050048828125,3587.632568359375,759063
2024-02-16,TITAN.NS,Titan Company,Growth / Compounder,3648.0,3690.0,3624.5,3655.39990234375,3620.66552734375,915502
2024-02-19,TITAN.NS,Titan Company,Growth / Compounder,3671.949951171875,3709.5,3650.0,3695.050048828125,3659.93896484375,528874
2024-02-20,TITAN.NS,Titan Company,Growth / Compounder,3700.0,3719.949951171875,3665.5,3686.699951171875,3651.668212890625,744107
2024-02-21,TITAN.NS,Titan Company,Growth / Compounder,3652.050048828125,3707.5,3640.0,3656.35009765625,3621.606689453125,660426
2024-02-22,TITAN.NS,Titan Company,Growth / Compounder,3676.0,3676.0,3555.35009765625,3652.050048828125,3617.347412109375,1017437
2024-02-23,TITAN.NS,Titan Company,Growth / Compounder,3672.0,3737.0,3655.0,3691.949951171875,3656.868408203125,897831
2024-02-26,TITAN.NS,Titan Company,Growth / Compounder,3690.0,3690.0,3610.85009765625,3622.5,3588.078369140625,546842
2024-02-27,TITAN.NS,Titan Company,Growth / Compounder,3630.0,3675.0,3621.050048828125,3653.85009765625,3619.13037109375,673959
2024-02-28,TITAN.NS,Titan Company,Growth / Compounder,3655.0,3669.0,3582.14990234375,3594.699951171875,3560.54248046875,538608
2024-02-29,TITAN.NS,Titan Company,Growth / Compounder,3595.199951171875,3654.0,3585.300048828125,3624.39990234375,3589.9599609375,1692242
2024-03-01,TITAN.NS,Titan Company,Growth / Compounder,3630.0,3774.0,3626.0,3765.89990234375,3730.115478515625,1533727
2024-03-04,TITAN.NS,Titan Company,Growth / Compounder,3761.60009765625,3764.10009765625,3715.0,3732.39990234375,3696.933837890625,787542
2024-03-05,TITAN.NS,Titan Company,Growth / Compounder,3748.0,3759.14990234375,3708.0,3750.75,3715.109619140625,733660
2024-03-06,TITAN.NS,Titan Company,Growth / Compounder,3748.050048828125,3815.0,3702.699951171875,3810.75,3774.539306640625,765602
2024-03-07,TITAN.NS,Titan Company,Growth / Compounder,3812.050048828125,3824.25,3768.10009765625,3786.89990234375,3750.916015625,838514
2024-03-11,TITAN.NS,Titan Company,Growth / Compounder,3802.89990234375,3808.0,3742.050048828125,3750.14990234375,3714.51513671875,597848
2024-03-12,TITAN.NS,Titan Company,Growth / Compounder,3762.0,3766.0,3713.5,3748.800048828125,3713.177978515625,564569
2024-03-13,TITAN.NS,Titan Company,Growth / Compounder,3759.0,3762.0,3590.0,3625.699951171875,3591.24755859375,1027729
2024-03-14,TITAN.NS,Titan Company,Growth / Compounder,3629.949951171875,3648.0,3580.14990234375,3640.14990234375,3605.560546875,1293906
2024-03-15,TITAN.NS,Titan Company,Growth / Compounder,3634.699951171875,3655.949951171875,3610.0,3633.199951171875,3598.676513671875,1207241
2024-03-18,TITAN.NS,Titan Company,Growth / Compounder,3619.0,3620.0,3565.10009765625,3579.699951171875,3545.684814453125,785257
2024-03-19,TITAN.NS,Titan Company,Growth / Compounder,3579.0,3606.64990234375,3547.050048828125,3583.39990234375,3549.349609375,554444
2024-03-20,TITAN.NS,Titan Company,Growth / Compounder,3583.39990234375,3596.89990234375,3550.0,3590.5,3556.38232421875,526882
2024-03-21,TITAN.NS,Titan Company,Growth / Compounder,3606.949951171875,3637.0,3590.050048828125,3627.550048828125,3593.080078125,767905
2024-03-22,TITAN.NS,Titan Company,Growth / Compounder,3627.550048828125,3726.89990234375,3621.25,3706.699951171875,3671.47802734375,1281102
2024-03-26,TITAN.NS,Titan Company,Growth / Compounder,3665.0,3729.949951171875,3665.0,3698.199951171875,3663.058837890625,1158224
2024-03-27,TITAN.NS,Titan Company,Growth / Compounder,3699.0,3784.89990234375,3692.800048828125,3759.39990234375,3723.67724609375,1315714
2024-03-28,TITAN.NS,Titan Company,Growth / Compounder,3760.0,3838.300048828125,3732.550048828125,3801.800048828125,3765.67431640625,1590738
2024-04-01,TITAN.NS,Titan Company,Growth / Compounder,3822.949951171875,3832.550048828125,3730.5,3738.39990234375,3702.87646484375,964052
2024-04-02,TITAN.NS,Titan Company,Growth / Compounder,3754.0,3781.449951171875,3734.10009765625,3755.949951171875,3720.260009765625,677963
2024-04-03,TITAN.NS,Titan Company,Growth / Compounder,3745.10009765625,3752.0,3705.0,3712.5,3677.222900390625,801601
2024-04-04,TITAN.NS,Titan Company,Growth / Compounder,3740.0,3792.300048828125,3679.0,3782.75,3746.805419921875,1177617
2024-04-05,TITAN.NS,Titan Company,Growth / Compounder,3778.39990234375,3801.89990234375,3741.0,3754.449951171875,3718.774169921875,623873
2024-04-08,TITAN.NS,Titan Company,Growth / Compounder,3798.64990234375,3808.300048828125,3720.35009765625,3748.89990234375,3713.277099609375,849267
2024-04-09,TITAN.NS,Titan Company,Growth / Compounder,3755.0,3761.0,3664.35009765625,3679.35009765625,3644.38818359375,745285
2024-04-10,TITAN.NS,Titan Company,Growth / Compounder,3690.0,3720.35009765625,3681.449951171875,3711.199951171875,3675.935546875,567546
2024-04-12,TITAN.NS,Titan Company,Growth / Compounder,3689.550048828125,3694.800048828125,3609.449951171875,3619.300048828125,3584.90869140625,1910561
2024-04-15,TITAN.NS,Titan Company,Growth / Compounder,3607.0,3639.199951171875,3590.0,3600.60009765625,3566.38623046875,854076
2024-04-16,TITAN.NS,Titan Company,Growth / Compounder,3589.0,3653.199951171875,3583.0,3645.89990234375,3611.255859375,1116890
2024-04-18,TITAN.NS,Titan Company,Growth / Compounder,3645.89990234375,3660.0,3501.0,3525.10009765625,3491.60400390625,1677946
2024-04-19,TITAN.NS,Titan Company,Growth / Compounder,3525.10009765625,3571.199951171875,3478.25,3563.050048828125,3529.193115234375,1507940
2024-04-22,TITAN.NS,Titan Company,Growth / Compounder,3567.0,3615.0,3552.0,3596.75,3562.572998046875,668659
2024-04-23,TITAN.NS,Titan Company,Growth / Compounder,3619.949951171875,3648.0,3605.14990234375,3633.0,3598.478271484375,769991
2024-04-24,TITAN.NS,Titan Company,Growth / Compounder,3642.0,3644.85009765625,3580.050048828125,3609.75,3575.44921875,652811
2024-04-25,TITAN.NS,Titan Company,Growth / Compounder,3595.0,3602.5,3541.0,3571.10009765625,3537.166748046875,1889163
2024-04-26,TITAN.NS,Titan Company,Growth / Compounder,3588.0,3593.25,3556.300048828125,3584.800048828125,3550.736572265625,798783
2024-04-29,TITAN.NS,Titan Company,Growth / Compounder,3585.0,3613.449951171875,3573.14990234375,3604.85009765625,3570.59619140625,703524
2024-04-30,TITAN.NS,Titan Company,Growth / Compounder,3602.64990234375,3619.5,3580.0,3589.25,3555.144287109375,963220
2024-05-02,TITAN.NS,Titan Company,Growth / Compounder,3585.0,3598.0,3546.300048828125,3568.449951171875,3534.54150390625,1435891
2024-05-03,TITAN.NS,Titan Company,Growth / Compounder,3595.0,3599.0,3492.0,3533.89990234375,3500.31982421875,1681592
2024-05-06,TITAN.NS,Titan Company,Growth / Compounder,3476.0,3488.800048828125,3257.0,3280.14990234375,3248.981201171875,6891728
2024-05-07,TITAN.NS,Titan Company,Growth / Compounder,3330.0,3332.0,3227.0,3270.89990234375,3239.81884765625,3111444
2024-05-08,TITAN.NS,Titan Company,Growth / Compounder,3275.39990234375,3281.0,3238.449951171875,3259.85009765625,3228.8740234375,2054981
2024-05-09,TITAN.NS,Titan Company,Growth / Compounder,3259.85009765625,3322.5,3233.0,3245.699951171875,3214.858642578125,1860654
2024-05-10,TITAN.NS,Titan Company,Growth / Compounder,3258.10009765625,3306.199951171875,3242.75,3289.85009765625,3258.589111328125,1307103
2024-05-13,TITAN.NS,Titan Company,Growth / Compounder,3307.5,3308.0,3230.5,3253.64990234375,3222.73291015625,1294603
2024-05-14,TITAN.NS,Titan Company,Growth / Compounder,3250.0,3308.0,3250.0,3288.89990234375,3257.648193359375,620163
2024-05-15,TITAN.NS,Titan Company,Growth / Compounder,3304.0,3306.449951171875,3260.0,3268.550048828125,3237.49169921875,657036
2024-05-16,TITAN.NS,Titan Company,Growth / Compounder,3276.300048828125,3348.0,3251.300048828125,3333.89990234375,3302.22021484375,1404971
2024-05-17,TITAN.NS,Titan Company,Growth / Compounder,3347.949951171875,3368.0,3308.0,3361.14990234375,3329.211669921875,1194228
2024-05-21,TITAN.NS,Titan Company,Growth / Compounder,3355.0,3380.300048828125,3351.0,3377.0,3344.9111328125,827674
2024-05-22,TITAN.NS,Titan Company,Growth / Compounder,3384.75,3403.10009765625,3360.0,3383.85009765625,3351.69580078125,626567
2024-05-23,TITAN.NS,Titan Company,Growth / Compounder,3383.0,3460.39990234375,3377.75,3452.050048828125,3419.248046875,977789
2024-05-24,TITAN.NS,Titan Company,Growth / Compounder,3452.10009765625,3455.050048828125,3404.199951171875,3412.39990234375,3379.974609375,878625
2024-05-27,TITAN.NS,Titan Company,Growth / Compounder,3423.949951171875,3436.300048828125,3390.300048828125,3403.39990234375,3371.06005859375,804488
2024-05-28,TITAN.NS,Titan Company,Growth / Compounder,3404.0,3423.0,3392.14990234375,3409.39990234375,3377.0029296875,548576
2024-05-29,TITAN.NS,Titan Company,Growth / Compounder,3405.35009765625,3418.0,3371.10009765625,3380.39990234375,3348.278564453125,519533
2024-05-30,TITAN.NS,Titan Company,Growth / Compounder,3365.0,3365.0,3254.0,3271.85009765625,3240.760498046875,2365535
2024-05-31,TITAN.NS,Titan Company,Growth / Compounder,3298.0,3328.800048828125,3216.75,3241.89990234375,3211.0947265625,2524214
2024-06-03,TITAN.NS,Titan Company,Growth / Compounder,3310.0,3332.949951171875,3250.0,3261.199951171875,3230.211181640625,1378542
2024-06-04,TITAN.NS,Titan Company,Growth / Compounder,3261.199951171875,3295.199951171875,3055.64990234375,3238.949951171875,3208.1728515625,2934800
2024-06-05,TITAN.NS,Titan Company,Growth / Compounder,3266.0,3334.0,3201.050048828125,3317.64990234375,3286.125,1396386
2024-06-06,TITAN.NS,Titan Company,Growth / Compounder,3329.0,3360.0,3290.75,3321.64990234375,3290.0869140625,1825503
2024-06-07,TITAN.NS,Titan Company,Growth / Compounder,3294.39990234375,3456.60009765625,3294.39990234375,3444.050048828125,3411.323974609375,2084099
2024-06-10,TITAN.NS,Titan Company,Growth / Compounder,3443.0,3452.0,3390.0,3422.199951171875,3389.681396484375,1655552
2024-06-11,TITAN.NS,Titan Company,Growth / Compounder,3418.199951171875,3438.300048828125,3401.89990234375,3410.699951171875,3378.290771484375,1086157
2024-06-12,TITAN.NS,Titan Company,Growth / Compounder,3411.35009765625,3418.89990234375,3370.85009765625,3382.300048828125,3350.16064453125,2054168
2024-06-13,TITAN.NS,Titan Company,Growth / Compounder,3424.949951171875,3477.10009765625,3390.0,3472.199951171875,3439.20654296875,1753028
2024-06-14,TITAN.NS,Titan Company,Growth / Compounder,3490.0,3535.0,3479.0,3530.050048828125,3496.5068359375,2346892
2024-06-18,TITAN.NS,Titan Company,Growth / Compounder,3554.800048828125,3625.0,3538.0,3589.0,3554.896728515625,1585048
2024-06-19,TITAN.NS,Titan Company,Growth / Compounder,3595.0,3595.0,3456.0,3462.35009765625,3429.4501953125,1862394
2024-06-20,TITAN.NS,Titan Company,Growth / Compounder,3474.0,3490.0,3418.10009765625,3435.949951171875,3403.30078125,2377432
2024-06-21,TITAN.NS,Titan Company,Growth / Compounder,3430.699951171875,3473.64990234375,3383.39990234375,3399.75,3367.44482421875,2707405
2024-06-24,TITAN.NS,Titan Company,Growth / Compounder,3380.35009765625,3429.0,3372.300048828125,3412.35009765625,3379.925048828125,645002
2024-06-25,TITAN.NS,Titan Company,Growth / Compounder,3412.550048828125,3423.39990234375,3384.89990234375,3402.449951171875,3370.119140625,1299560
2024-06-26,TITAN.NS,Titan Company,Growth / Compounder,3401.5,3401.5,3370.0,3372.75,3340.701416015625,1485709
2024-06-27,TITAN.NS,Titan Company,Growth / Compounder,3370.0,3392.5,3361.050048828125,3380.60009765625,3359.43359375,1462935
2024-06-28,TITAN.NS,Titan Company,Growth / Compounder,3380.60009765625,3419.89990234375,3366.35009765625,3404.199951171875,3382.8857421875,1005498
2024-07-01,TITAN.NS,Titan Company,Growth / Compounder,3382.0,3435.0,3381.5,3431.449951171875,3409.96484375,1001832
2024-07-02,TITAN.NS,Titan Company,Growth / Compounder,3446.0,3450.0,3385.300048828125,3399.64990234375,3378.364013671875,878947
2024-07-03,TITAN.NS,Titan Company,Growth / Compounder,3420.800048828125,3426.949951171875,3341.89990234375,3360.25,3339.210693359375,980605
2024-07-04,TITAN.NS,Titan Company,Growth / Compounder,3365.0,3369.89990234375,3330.0,3336.0,3315.112548828125,741143
2024-07-05,TITAN.NS,Titan Company,Growth / Compounder,3332.0,3332.0,3257.0,3269.35009765625,3248.880126953125,2001382
2024-07-08,TITAN.NS,Titan Company,Growth / Compounder,3204.0,3204.0,3126.10009765625,3156.199951171875,3136.4384765625,5323920
2024-07-09,TITAN.NS,Titan Company,Growth / Compounder,3170.0,3222.050048828125,3165.0,3215.14990234375,3195.019287109375,2044328
2024-07-10,TITAN.NS,Titan Company,Growth / Compounder,3217.75,3252.699951171875,3190.5,3225.0,3204.8076171875,1437517
2024-07-11,TITAN.NS,Titan Company,Growth / Compounder,3246.949951171875,3258.75,3230.0,3248.60009765625,3228.260009765625,1105185
2024-07-12,TITAN.NS,Titan Company,Growth / Compounder,3266.0,3269.0,3220.050048828125,3229.85009765625,3209.62744140625,1496692
2024-07-15,TITAN.NS,Titan Company,Growth / Compounder,3241.75,3252.39990234375,3205.39990234375,3224.199951171875,3204.0126953125,1243810
2024-07-16,TITAN.NS,Titan Company,Growth / Compounder,3227.949951171875,3251.0,3224.10009765625,3234.050048828125,3213.801025390625,501336
2024-07-18,TITAN.NS,Titan Company,Growth / Compounder,3232.949951171875,3269.10009765625,3206.0,3262.10009765625,3241.675537109375,1086374
2024-07-19,TITAN.NS,Titan Company,Growth / Compounder,3262.050048828125,3279.0,3235.0,3259.0,3238.594970703125,1111191
2024-07-22,TITAN.NS,Titan Company,Growth / Compounder,3250.0,3273.39990234375,3223.199951171875,3254.449951171875,3234.0732421875,696255
2024-07-23,TITAN.NS,Titan Company,Growth / Compounder,3255.10009765625,3490.0,3232.14990234375,3466.85009765625,3445.143310546875,7159507
2024-07-24,TITAN.NS,Titan Company,Growth / Compounder,3470.0,3552.5,3462.14990234375,3478.39990234375,3456.62109375,3862140
2024-07-25,TITAN.NS,Titan Company,Growth / Compounder,3415.0,3454.39990234375,3384.449951171875,3405.800048828125,3384.4755859375,1476422
2024-07-26,TITAN.NS,Titan Company,Growth / Compounder,3405.800048828125,3501.699951171875,3393.0,3494.14990234375,3472.2724609375,1830745
2024-07-29,TITAN.NS,Titan Company,Growth / Compounder,3495.0,3499.550048828125,3388.0,3411.699951171875,3390.338623046875,2213293
2024-07-30,TITAN.NS,Titan Company,Growth / Compounder,3424.949951171875,3479.0,3410.60009765625,3468.25,3446.534423828125,1316880
2024-07-31,TITAN.NS,Titan Company,Growth / Compounder,3479.050048828125,3499.89990234375,3446.550048828125,3458.949951171875,3437.292724609375,1361595
2024-08-01,TITAN.NS,Titan Company,Growth / Compounder,3475.0,3492.0,3442.5,3468.35009765625,3446.634033203125,879399
2024-08-02,TITAN.NS,Titan Company,Growth / Compounder,3415.0,3477.89990234375,3410.0,3462.35009765625,3440.671875,1168195
2024-08-05,TITAN.NS,Titan Company,Growth / Compounder,3320.050048828125,3459.0,3316.5,3375.949951171875,3354.8125,1932064
2024-08-06,TITAN.NS,Titan Company,Growth / Compounder,3380.949951171875,3416.35009765625,3321.10009765625,3335.10009765625,3314.21826171875,976535
2024-08-07,TITAN.NS,Titan Company,Growth / Compounder,3360.0,3368.85009765625,3317.050048828125,3326.25,3305.423828125,1277139
2024-08-08,TITAN.NS,Titan Company,Growth / Compounder,3337.0,3359.949951171875,3283.89990234375,3296.5,3275.85986328125,1280733
2024-08-09,TITAN.NS,Titan Company,Growth / Compounder,3350.0,3350.0,3285.10009765625,3331.699951171875,3310.839599609375,1019809
2024-08-12,TITAN.NS,Titan Company,Growth / Compounder,3331.64990234375,3345.0,3295.35009765625,3320.85009765625,3300.0576171875,874598
2024-08-13,TITAN.NS,Titan Company,Growth / Compounder,3330.0,3404.75,3305.39990234375,3383.550048828125,3362.364990234375,1314371
2024-08-14,TITAN.NS,Titan Company,Growth / Compounder,3390.0,3416.199951171875,3356.85009765625,3402.14990234375,3380.848388671875,997803
2024-08-16,TITAN.NS,Titan Company,Growth / Compounder,3410.0,3450.10009765625,3370.199951171875,3444.75,3423.181640625,1161982
2024-08-19,TITAN.NS,Titan Company,Growth / Compounder,3436.199951171875,3504.199951171875,3436.199951171875,3464.85009765625,3443.156005859375,1135205
2024-08-20,TITAN.NS,Titan Company,Growth / Compounder,3480.0,3483.10009765625,3454.39990234375,3474.89990234375,3453.142822265625,526591
2024-08-21,TITAN.NS,Titan Company,Growth / Compounder,3474.89990234375,3582.0,3454.550048828125,3560.39990234375,3538.107666015625,1990034
2024-08-22,TITAN.NS,Titan Company,Growth / Compounder,3574.949951171875,3625.0,3553.699951171875,3604.39990234375,3581.832275390625,1531544
2024-08-23,TITAN.NS,Titan Company,Growth / Compounder,3611.449951171875,3622.85009765625,3544.0,3570.0,3547.6474609375,1173387
2024-08-26,TITAN.NS,Titan Company,Growth / Compounder,3592.0,3640.0,3574.050048828125,3630.199951171875,3607.470703125,1156681
2024-08-27,TITAN.NS,Titan Company,Growth / Compounder,3630.199951171875,3658.800048828125,3530.5,3551.25,3529.01513671875,1169007
2024-08-28,TITAN.NS,Titan Company,Growth / Compounder,3559.64990234375,3579.949951171875,3519.89990234375,3527.5,3505.413818359375,727481
2024-08-29,TITAN.NS,Titan Company,Growth / Compounder,3537.0,3553.75,3510.0,3533.199951171875,3511.077880859375,927472
2024-08-30,TITAN.NS,Titan Company,Growth / Compounder,3550.0,3598.0,3542.5,3565.14990234375,3542.82763671875,2116894
2024-09-02,TITAN.NS,Titan Company,Growth / Compounder,3565.14990234375,3601.949951171875,3552.0,3587.550048828125,3565.087646484375,718800
2024-09-03,TITAN.NS,Titan Company,Growth / Compounder,3587.550048828125,3634.89990234375,3560.14990234375,3621.14990234375,3598.47705078125,1112614
2024-09-04,TITAN.NS,Titan Company,Growth / Compounder,3586.10009765625,3617.5,3568.199951171875,3607.699951171875,3585.111328125,529856
2024-09-05,TITAN.NS,Titan Company,Growth / Compounder,3616.60009765625,3753.949951171875,3600.39990234375,3722.85009765625,3699.540771484375,3437885
2024-09-06,TITAN.NS,Titan Company,Growth / Compounder,3714.949951171875,3742.0,3665.0,3695.5,3672.36181640625,1408795
2024-09-09,TITAN.NS,Titan Company,Growth / Compounder,3690.10009765625,3724.449951171875,3653.75,3684.550048828125,3661.48046875,923357
2024-09-10,TITAN.NS,Titan Company,Growth / Compounder,3704.0,3750.0,3666.0,3727.39990234375,3704.06201171875,1109078
2024-09-11,TITAN.NS,Titan Company,Growth / Compounder,3731.89990234375,3743.5,3700.10009765625,3711.10009765625,3687.8642578125,831810
2024-09-12,TITAN.NS,Titan Company,Growth / Compounder,3736.0,3774.0,3711.10009765625,3764.25,3740.68115234375,1337327
2024-09-13,TITAN.NS,Titan Company,Growth / Compounder,3777.0,3799.85009765625,3740.0,3767.0,3743.4140625,1003355
2024-09-16,TITAN.NS,Titan Company,Growth / Compounder,3768.0,3789.0,3735.39990234375,3740.64990234375,3717.22900390625,386602
2024-09-17,TITAN.NS,Titan Company,Growth / Compounder,3759.89990234375,3777.0,3727.300048828125,3767.39990234375,3743.8115234375,392339
2024-09-18,TITAN.NS,Titan Company,Growth / Compounder,3769.0,3786.0,3708.0,3725.35009765625,3702.02490234375,420638
2024-09-19,TITAN.NS,Titan Company,Growth / Compounder,3750.0,3795.0,3741.10009765625,3780.949951171875,3757.276611328125,945257
2024-09-20,TITAN.NS,Titan Company,Growth / Compounder,3793.0,3819.0,3740.0,3797.199951171875,3773.425048828125,1951755
2024-09-23,TITAN.NS,Titan Company,Growth / Compounder,3797.199951171875,3829.0,3781.0,3820.10009765625,3796.181640625,530107
2024-09-24,TITAN.NS,Titan Company,Growth / Compounder,3818.0,3839.89990234375,3781.550048828125,3784.89990234375,3761.201904296875,1281513
2024-09-25,TITAN.NS,Titan Company,Growth / Compounder,3800.0,3803.550048828125,3710.050048828125,3737.25,3713.850341796875,942343
2024-09-26,TITAN.NS,Titan Company,Growth / Compounder,3738.0,3777.14990234375,3701.39990234375,3757.550048828125,3734.0234375,1863893
2024-09-27,TITAN.NS,Titan Company,Growth / Compounder,3774.0,3867.0,3751.199951171875,3816.699951171875,3792.802978515625,2164755
2024-09-30,TITAN.NS,Titan Company,Growth / Compounder,3786.0,3863.550048828125,3786.0,3823.949951171875,3800.00732421875,1068609
2024-10-01,TITAN.NS,Titan Company,Growth / Compounder,3823.949951171875,3837.949951171875,3757.0,3775.949951171875,3752.307861328125,774221
2024-10-03,TITAN.NS,Titan Company,Growth / Compounder,3689.10009765625,3782.0,3650.050048828125,3674.949951171875,3651.940185546875,1597560
2024-10-04,TITAN.NS,Titan Company,Growth / Compounder,3625.0,3753.800048828125,3625.0,3670.10009765625,3647.120849609375,1542987
2024-10-07,TITAN.NS,Titan Company,Growth / Compounder,3739.949951171875,3748.0,3552.300048828125,3589.25,3566.777099609375,2523321
2024-10-08,TITAN.NS,Titan Company,Growth / Compounder,3589.25,3595.0,3480.0,3493.35009765625,3471.4775390625,1360120
2024-10-09,TITAN.NS,Titan Company,Growth / Compounder,3518.0,3558.800048828125,3486.60009765625,3493.449951171875,3471.576904296875,1063802
2024-10-10,TITAN.NS,Titan Company,Growth / Compounder,3510.0,3531.550048828125,3415.10009765625,3447.25,3425.666259765625,1488328
2024-10-11,TITAN.NS,Titan Company,Growth / Compounder,3464.0,3491.0,3444.300048828125,3474.39990234375,3452.64599609375,858463
2024-10-14,TITAN.NS,Titan Company,Growth / Compounder,3474.39990234375,3525.0,3452.550048828125,3497.800048828125,3475.899658203125,593206
2024-10-15,TITAN.NS,Titan Company,Growth / Compounder,3523.949951171875,3529.449951171875,3477.0,3508.5,3486.532470703125,578719
2024-10-16,TITAN.NS,Titan Company,Growth / Compounder,3508.0,3510.0,3440.0,3471.0,3449.267578125,591644
2024-10-17,TITAN.NS,Titan Company,Growth / Compounder,3487.0,3487.0,3380.10009765625,3403.35009765625,3382.041015625,560796
2024-10-18,TITAN.NS,Titan Company,Growth / Compounder,3395.0,3422.35009765625,3296.10009765625,3381.449951171875,3360.278076171875,1249585
2024-10-21,TITAN.NS,Titan Company,Growth / Compounder,3417.949951171875,3419.85009765625,3335.5,3363.25,3342.192138671875,714746
2024-10-22,TITAN.NS,Titan Company,Growth / Compounder,3374.89990234375,3421.5,3319.25,3329.800048828125,3308.951416015625,882086
2024-10-23,TITAN.NS,Titan Company,Growth / Compounder,3330.0,3335.0,3282.5,3288.60009765625,3268.009521484375,877837
2024-10-24,TITAN.NS,Titan Company,Growth / Compounder,3301.050048828125,3342.89990234375,3279.199951171875,3330.89990234375,3310.04443359375,764369
2024-10-25,TITAN.NS,Titan Company,Growth / Compounder,3332.0,3342.35009765625,3232.35009765625,3266.550048828125,3246.09765625,805013
2024-10-28,TITAN.NS,Titan Company,Growth / Compounder,3270.0,3315.0,3254.050048828125,3283.050048828125,3262.494140625,736462
2024-10-29,TITAN.NS,Titan Company,Growth / Compounder,3285.800048828125,3298.0,3227.0,3283.39990234375,3262.842041015625,702769
2024-10-30,TITAN.NS,Titan Company,Growth / Compounder,3261.0,3321.800048828125,3235.10009765625,3308.449951171875,3287.735107421875,895278
2024-10-31,TITAN.NS,Titan Company,Growth / Compounder,3291.0,3299.89990234375,3253.60009765625,3267.050048828125,3246.594482421875,1170306
2024-11-01,TITAN.NS,Titan Company,Growth / Compounder,3304.0,3317.60009765625,3282.35009765625,3293.699951171875,3273.077392578125,176636
2024-11-04,TITAN.NS,Titan Company,Growth / Compounder,3318.0,3318.0,3190.10009765625,3222.0,3201.826416015625,1122152
2024-11-05,TITAN.NS,Titan Company,Growth / Compounder,3206.0,3258.89990234375,3185.0,3230.25,3210.02490234375,872402
2024-11-06,TITAN.NS,Titan Company,Growth / Compounder,3145.0,3208.949951171875,3114.0,3177.050048828125,3157.15771484375,4522923
2024-11-07,TITAN.NS,Titan Company,Growth / Compounder,3180.0,3186.050048828125,3108.10009765625,3120.85009765625,3101.309814453125,1608603
2024-11-08,TITAN.NS,Titan Company,Growth / Compounder,3121.0,3192.89990234375,3106.0,3186.25,3166.30029296875,1719882
2024-11-11,TITAN.NS,Titan Company,Growth / Compounder,3191.60009765625,3230.050048828125,3158.25,3206.60009765625,3186.52294921875,1054929
2024-11-12,TITAN.NS,Titan Company,Growth / Compounder,3201.64990234375,3239.0,3185.0,3198.449951171875,3178.423828125,992983
2024-11-13,TITAN.NS,Titan Company,Growth / Compounder,3175.0,3221.60009765625,3162.199951171875,3187.85009765625,3167.890380859375,911537
2024-11-14,TITAN.NS,Titan Company,Growth / Compounder,3145.050048828125,3195.14990234375,3136.0,3183.699951171875,3163.76611328125,1161637
2024-11-18,TITAN.NS,Titan Company,Growth / Compounder,3183.699951171875,3207.199951171875,3157.5,3172.300048828125,3152.437744140625,943251
2024-11-19,TITAN.NS,Titan Company,Growth / Compounder,3192.0,3283.0,3172.300048828125,3224.699951171875,3204.509521484375,1174506
2024-11-21,TITAN.NS,Titan Company,Growth / Compounder,3225.0,3233.949951171875,3148.35009765625,3178.449951171875,3158.549072265625,1582159
2024-11-22,TITAN.NS,Titan Company,Growth / Compounder,3174.85009765625,3317.0,3152.14990234375,3308.699951171875,3287.983642578125,2207527
2024-11-25,TITAN.NS,Titan Company,Growth / Compounder,3360.0,3369.85009765625,3298.050048828125,3309.10009765625,3288.38134765625,1892510
2024-11-26,TITAN.NS,Titan Company,Growth / Compounder,3310.0,3343.75,3295.699951171875,3327.5,3306.665771484375,721345
2024-11-27,TITAN.NS,Titan Company,Growth / Compounder,3325.0,3329.89990234375,3280.14990234375,3291.64990234375,3271.040283203125,732835
2024-11-28,TITAN.NS,Titan Company,Growth / Compounder,3292.0,3305.0,3200.35009765625,3212.35009765625,3192.237060546875,1701387
2024-11-29,TITAN.NS,Titan Company,Growth / Compounder,3212.35009765625,3260.0,3212.35009765625,3249.0,3228.657470703125,1139585
2024-12-02,TITAN.NS,Titan Company,Growth / Compounder,3249.0,3309.89990234375,3222.050048828125,3306.85009765625,3286.145263671875,915980
2024-12-03,TITAN.NS,Titan Company,Growth / Compounder,3290.0,3338.699951171875,3276.60009765625,3332.75,3311.883056640625,1162310
2024-12-04,TITAN.NS,Titan Company,Growth / Compounder,3342.0,3383.0,3338.0,3364.449951171875,3343.384521484375,1630076
2024-12-05,TITAN.NS,Titan Company,Growth / Compounder,3374.949951171875,3465.39990234375,3353.60009765625,3441.050048828125,3419.505126953125,2383630
2024-12-06,TITAN.NS,Titan Company,Growth / Compounder,3453.949951171875,3499.64990234375,3430.0,3470.10009765625,3448.373291015625,1278516
2024-12-09,TITAN.NS,Titan Company,Growth / Compounder,3467.5,3488.25,3446.89990234375,3468.199951171875,3446.48486328125,926422
2024-12-10,TITAN.NS,Titan Company,Growth / Compounder,3470.0,3516.949951171875,3436.050048828125,3475.75,3453.987548828125,1063355
2024-12-11,TITAN.NS,Titan Company,Growth / Compounder,3484.75,3490.75,3460.300048828125,3473.10009765625,3451.3544921875,554702
2024-12-12,TITAN.NS,Titan Company,Growth / Compounder,3470.5,3473.10009765625,3412.0,3445.75,3424.175537109375,926472
2024-12-13,TITAN.NS,Titan Company,Growth / Compounder,3420.0,3518.0,3380.25,3508.85009765625,3486.880615234375,1242351
2024-12-16,TITAN.NS,Titan Company,Growth / Compounder,3505.0,3511.0,3429.0,3438.199951171875,3416.672607421875,1295227
2024-12-17,TITAN.NS,Titan Company,Growth / Compounder,3422.050048828125,3449.39990234375,3397.60009765625,3406.10009765625,3384.77392578125,1005604
2024-12-18,TITAN.NS,Titan Company,Growth / Compounder,3401.199951171875,3424.0,3390.0,3401.89990234375,3380.599853515625,646145
2024-12-19,TITAN.NS,Titan Company,Growth / Compounder,3349.60009765625,3399.949951171875,3332.0,3356.85009765625,3335.832275390625,732634
2024-12-20,TITAN.NS,Titan Company,Growth / Compounder,3350.0,3419.0,3333.14990234375,3356.25,3335.23583984375,1235769
2024-12-23,TITAN.NS,Titan Company,Growth / Compounder,3378.10009765625,3406.300048828125,3336.64990234375,3396.949951171875,3375.68115234375,691202
2024-12-24,TITAN.NS,Titan Company,Growth / Compounder,3385.35009765625,3419.0,3338.199951171875,3353.39990234375,3332.403564453125,485245
2024-12-26,TITAN.NS,Titan Company,Growth / Compounder,3365.0,3371.85009765625,3312.64990234375,3323.050048828125,3302.243896484375,637094
2024-12-27,TITAN.NS,Titan Company,Growth / Compounder,3319.85009765625,3345.0,3301.10009765625,3309.199951171875,3288.48046875,568989
2024-12-30,TITAN.NS,Titan Company,Growth / Compounder,3309.949951171875,3317.949951171875,3247.449951171875,3257.35009765625,3236.955322265625,941859
2024-12-31,TITAN.NS,Titan Company,Growth / Compounder,3250.0,3275.64990234375,3230.800048828125,3253.14990234375,3232.78125,616440
2025-01-01,TITAN.NS,Titan Company,Growth / Compounder,3248.0,3269.89990234375,3244.050048828125,3253.85009765625,3233.477294921875,357376
2025-01-02,TITAN.NS,Titan Company,Growth / Compounder,3264.0,3400.949951171875,3251.0,3388.949951171875,3367.731201171875,1152493
2025-01-03,TITAN.NS,Titan Company,Growth / Compounder,3395.0,3481.949951171875,3377.949951171875,3451.64990234375,3430.03857421875,1630862
2025-01-06,TITAN.NS,Titan Company,Growth / Compounder,3490.0,3528.5,3441.199951171875,3470.39990234375,3448.671142578125,2145936
2025-01-07,TITAN.NS,Titan Company,Growth / Compounder,3490.0,3576.699951171875,3485.0,3505.10009765625,3483.154052734375,2389563
2025-01-08,TITAN.NS,Titan Company,Growth / Compounder,3487.64990234375,3514.5,3391.300048828125,3484.050048828125,3462.23583984375,1317377
2025-01-09,TITAN.NS,Titan Company,Growth / Compounder,3485.949951171875,3506.449951171875,3461.550048828125,3487.050048828125,3465.217041015625,826237
2025-01-10,TITAN.NS,Titan Company,Growth / Compounder,3462.0,3488.0,3428.75,3440.25,3418.7099609375,570060
2025-01-13,TITAN.NS,Titan Company,Growth / Compounder,3380.0,3467.0,3352.5,3382.75,3361.570068359375,1282557
2025-01-14,TITAN.NS,Titan Company,Growth / Compounder,3400.0,3429.0,3310.0,3322.5,3301.697265625,1133561
2025-01-15,TITAN.NS,Titan Company,Growth / Compounder,3322.0,3340.5,3283.0,3323.5,3302.69091796875,1169593
2025-01-16,TITAN.NS,Titan Company,Growth / Compounder,3327.0,3338.85009765625,3282.0,3316.89990234375,3296.132080078125,1170734
2025-01-17,TITAN.NS,Titan Company,Growth / Compounder,3319.89990234375,3368.0,3285.050048828125,3357.39990234375,3336.37841796875,559153
2025-01-20,TITAN.NS,Titan Company,Growth / Compounder,3374.10009765625,3407.699951171875,3347.5,3382.25,3361.0732421875,722342
2025-01-21,TITAN.NS,Titan Company,Growth / Compounder,3400.949951171875,3412.699951171875,3335.14990234375,3353.35009765625,3332.354248046875,1016047
2025-01-22,TITAN.NS,Titan Company,Growth / Compounder,3354.800048828125,3385.0,3334.64990234375,3356.449951171875,3335.4345703125,598329
2025-01-23,TITAN.NS,Titan Company,Growth / Compounder,3356.449951171875,3433.0,3325.5,3398.550048828125,3377.27099609375,713603
2025-01-24,TITAN.NS,Titan Company,Growth / Compounder,3407.0,3447.64990234375,3380.449951171875,3402.14990234375,3380.848388671875,564244
2025-01-27,TITAN.NS,Titan Company,Growth / Compounder,3388.0,3401.949951171875,3307.25,3319.35009765625,3298.56689453125,618309
2025-01-28,TITAN.NS,Titan Company,Growth / Compounder,3319.35009765625,3370.85009765625,3299.550048828125,3325.89990234375,3305.07568359375,579957
2025-01-29,TITAN.NS,Titan Company,Growth / Compounder,3339.199951171875,3375.0,3309.050048828125,3370.75,3349.645263671875,570137
2025-01-30,TITAN.NS,Titan Company,Growth / Compounder,3370.64990234375,3390.0,3345.199951171875,3368.39990234375,3347.3095703125,688608
2025-01-31,TITAN.NS,Titan Company,Growth / Compounder,3400.0,3527.449951171875,3392.39990234375,3490.25,3468.39697265625,1212261
2025-02-01,TITAN.NS,Titan Company,Growth / Compounder,3527.0,3635.14990234375,3408.0,3552.0,3529.76025390625,2186692
2025-02-03,TITAN.NS,Titan Company,Growth / Compounder,3565.0,3642.550048828125,3551.75,3580.300048828125,3557.883056640625,1543897
2025-02-04,TITAN.NS,Titan Company,Growth / Compounder,3590.0,3614.0,3520.0,3597.699951171875,3575.174072265625,1279779
2025-02-05,TITAN.NS,Titan Company,Growth / Compounder,3596.0,3652.0,3472.199951171875,3490.89990234375,3469.042724609375,2165947
2025-02-06,TITAN.NS,Titan Company,Growth / Compounder,3490.89990234375,3504.25,3397.85009765625,3410.75,3389.394775390625,1059617
2025-02-07,TITAN.NS,Titan Company,Growth / Compounder,3414.89990234375,3453.89990234375,3388.199951171875,3424.800048828125,3403.35693359375,740155
2025-02-10,TITAN.NS,Titan Company,Growth / Compounder,3415.0,3425.0,3311.0,3327.449951171875,3306.6162109375,904436
2025-02-11,TITAN.NS,Titan Company,Growth / Compounder,3334.699951171875,3348.0,3271.60009765625,3281.800048828125,3261.251953125,903965
2025-02-12,TITAN.NS,Titan Company,Growth / Compounder,3282.75,3317.39990234375,3212.60009765625,3255.449951171875,3235.06689453125,774619
2025-02-13,TITAN.NS,Titan Company,Growth / Compounder,3250.25,3277.949951171875,3215.199951171875,3231.5,3211.266845703125,727243
2025-02-14,TITAN.NS,Titan Company,Growth / Compounder,3236.300048828125,3253.0,3186.449951171875,3213.25,3193.13134765625,587411
2025-02-17,TITAN.NS,Titan Company,Growth / Compounder,3195.25,3238.5,3176.0,3233.199951171875,3212.956298828125,712614
2025-02-18,TITAN.NS,Titan Company,Growth / Compounder,3234.800048828125,3244.0,3192.300048828125,3221.85009765625,3201.677490234375,592636
2025-02-19,TITAN.NS,Titan Company,Growth / Compounder,3220.0,3253.64990234375,3191.800048828125,3210.300048828125,3190.19970703125,521953
2025-02-20,TITAN.NS,Titan Company,Growth / Compounder,3210.0,3218.64990234375,3188.14990234375,3191.449951171875,3171.4677734375,653151
2025-02-21,TITAN.NS,Titan Company,Growth / Compounder,3191.449951171875,3205.949951171875,3162.25,3179.89990234375,3159.98974609375,407794
2025-02-24,TITAN.NS,Titan Company,Growth / Compounder,3131.0,3187.949951171875,3131.0,3173.0,3153.13330078125,431232
2025-02-25,TITAN.NS,Titan Company,Growth / Compounder,3140.0,3211.5,3136.550048828125,3198.800048828125,3178.771728515625,642281
2025-02-27,TITAN.NS,Titan Company,Growth / Compounder,3198.800048828125,3228.0,3176.949951171875,3223.10009765625,3202.919677734375,604023
2025-02-28,TITAN.NS,Titan Company,Growth / Compounder,3202.0,3217.949951171875,3060.0,3077.25,3057.982666015625,1322618
2025-03-03,TITAN.NS,Titan Company,Growth / Compounder,3090.0,3102.10009765625,3057.75,3082.0,3062.703125,516171
2025-03-04,TITAN.NS,Titan Company,Growth / Compounder,3050.0,3070.0,3017.0,3048.5,3029.412841796875,1186136
2025-03-05,TITAN.NS,Titan Company,Growth / Compounder,3048.5,3107.449951171875,3035.699951171875,3086.550048828125,3067.224609375,579883
2025-03-06,TITAN.NS,Titan Company,Growth / Compounder,3091.199951171875,3131.64990234375,3047.0,3121.10009765625,3101.558349609375,1399483
2025-03-07,TITAN.NS,Titan Company,Growth / Compounder,3121.10009765625,3124.60009765625,3074.64990234375,3079.35009765625,3060.069580078125,1020056
2025-03-10,TITAN.NS,Titan Company,Growth / Compounder,3080.0,3083.0,3021.10009765625,3026.800048828125,3007.8486328125,855408
2025-03-11,TITAN.NS,Titan Company,Growth / Compounder,3015.0,3055.89990234375,3010.0,3046.39990234375,3027.325927734375,576260
2025-03-12,TITAN.NS,Titan Company,Growth / Compounder,3037.39990234375,3053.800048828125,2996.050048828125,3018.949951171875,3000.047607421875,489535
2025-03-13,TITAN.NS,Titan Company,Growth / Compounder,3019.39990234375,3049.5,3000.300048828125,3010.14990234375,2991.302734375,785215
2025-03-17,TITAN.NS,Titan Company,Growth / Compounder,2985.050048828125,3036.39990234375,2985.050048828125,3017.35009765625,2998.4580078125,632348
2025-03-18,TITAN.NS,Titan Company,Growth / Compounder,3017.35009765625,3017.35009765625,3017.35009765625,3017.35009765625,2998.4580078125,0
2025-03-19,TITAN.NS,Titan Company,Growth / Compounder,3088.050048828125,3095.0,3058.199951171875,3076.300048828125,3057.038818359375,730983
2025-03-20,TITAN.NS,Titan Company,Growth / Compounder,3100.0,3205.0,3080.0,3193.10009765625,3173.107421875,1542807
2025-03-21,TITAN.NS,Titan Company,Growth / Compounder,3186.949951171875,3190.0,3154.949951171875,3162.699951171875,3142.897705078125,1181974
2025-03-24,TITAN.NS,Titan Company,Growth / Compounder,3168.199951171875,3175.949951171875,3075.0,3079.10009765625,3059.8212890625,1481216
2025-03-25,TITAN.NS,Titan Company,Growth / Compounder,3085.0,3099.949951171875,3046.0,3053.699951171875,3034.580078125,1174346
2025-03-26,TITAN.NS,Titan Company,Growth / Compounder,3068.949951171875,3077.75,3034.550048828125,3057.5,3038.3564453125,1010449
2025-03-27,TITAN.NS,Titan Company,Growth / Compounder,3047.550048828125,3097.699951171875,3047.550048828125,3087.64990234375,3068.317626953125,1635143
2025-03-28,TITAN.NS,Titan Company,Growth / Compounder,3094.0,3111.800048828125,3051.050048828125,3063.35009765625,3044.169921875,778417
2025-04-01,TITAN.NS,Titan Company,Growth / Compounder,3053.699951171875,3075.699951171875,2982.0,2986.949951171875,2968.248046875,1068622
2025-04-02,TITAN.NS,Titan Company,Growth / Compounder,3011.0,3105.0,2971.14990234375,3098.449951171875,3079.0498046875,1674921
2025-04-03,TITAN.NS,Titan Company,Growth / Compounder,3071.0,3151.0,3068.0,3127.550048828125,3107.968017578125,1115568
2025-04-04,TITAN.NS,Titan Company,Growth / Compounder,3099.0,3114.89990234375,3050.0,3076.199951171875,3056.939208984375,901801
2025-04-07,TITAN.NS,Titan Company,Growth / Compounder,2925.0,3048.0,2925.0,3022.199951171875,3003.27734375,1378989
2025-04-08,TITAN.NS,Titan Company,Growth / Compounder,3149.699951171875,3227.25,3101.0,3122.300048828125,3102.750732421875,2830156
2025-04-09,TITAN.NS,Titan Company,Growth / Compounder,3137.85009765625,3188.25,3090.699951171875,3174.14990234375,3154.27587890625,1215988
2025-04-11,TITAN.NS,Titan Company,Growth / Compounder,3222.0,3242.550048828125,3201.25,3234.89990234375,3214.645751953125,814920
2025-04-15,TITAN.NS,Titan Company,Growth / Compounder,3270.0,3285.0,3245.10009765625,3273.39990234375,3252.904541015625,1121769
2025-04-16,TITAN.NS,Titan Company,Growth / Compounder,3250.0,3286.0,3245.10009765625,3272.10009765625,3251.61279296875,889943
2025-04-17,TITAN.NS,Titan Company,Growth / Compounder,3250.0,3334.800048828125,3211.199951171875,3327.5,3306.665771484375,1083612
2025-04-21,TITAN.NS,Titan Company,Growth / Compounder,3314.0,3353.5,3290.0,3336.10009765625,3315.212158203125,672129
2025-04-22,TITAN.NS,Titan Company,Growth / Compounder,3336.10009765625,3358.800048828125,3320.10009765625,3337.39990234375,3316.503662109375,609213
2025-04-23,TITAN.NS,Titan Company,Growth / Compounder,3357.0,3373.699951171875,3315.5,3357.300048828125,3336.279296875,628656
2025-04-24,TITAN.NS,Titan Company,Growth / Compounder,3356.800048828125,3395.0,3344.0,3382.60009765625,3361.421142578125,901747
2025-04-25,TITAN.NS,Titan Company,Growth / Compounder,3382.60009765625,3419.5,3316.0,3365.199951171875,3344.1298828125,704325
2025-04-28,TITAN.NS,Titan Company,Growth / Compounder,3356.0,3397.39990234375,3351.0,3369.10009765625,3348.005615234375,384147
2025-04-29,TITAN.NS,Titan Company,Growth / Compounder,3375.89990234375,3398.0,3354.0,3378.60009765625,3357.446044921875,575435
2025-04-30,TITAN.NS,Titan Company,Growth / Compounder,3374.0,3409.0,3354.300048828125,3379.699951171875,3358.5390625,708818
2025-05-02,TITAN.NS,Titan Company,Growth / Compounder,3362.10009765625,3381.5,3324.0,3342.0,3321.0751953125,514587
2025-05-05,TITAN.NS,Titan Company,Growth / Compounder,3357.699951171875,3408.5,3307.0,3321.800048828125,3301.00146484375,565178
2025-05-06,TITAN.NS,Titan Company,Growth / Compounder,3321.800048828125,3325.300048828125,3245.5,3299.300048828125,3278.642578125,650789
2025-05-07,TITAN.NS,Titan Company,Growth / Compounder,3280.0,3381.0,3260.199951171875,3338.89990234375,3317.994384765625,1047443
2025-05-08,TITAN.NS,Titan Company,Growth / Compounder,3349.89990234375,3412.5,3325.0,3369.300048828125,3348.2041015625,1597339
2025-05-09,TITAN.NS,Titan Company,Growth / Compounder,3367.0,3530.0,3354.199951171875,3510.300048828125,3488.3212890625,2863992
2025-05-12,TITAN.NS,Titan Company,Growth / Compounder,3537.199951171875,3585.0,3530.300048828125,3562.89990234375,3540.592041015625,956930
2025-05-13,TITAN.NS,Titan Company,Growth / Compounder,3562.89990234375,3588.39990234375,3540.10009765625,3563.199951171875,3540.89013671875,996541
2025-05-14,TITAN.NS,Titan Company,Growth / Compounder,3555.0,3610.0,3550.0,3587.60009765625,3565.137451171875,588159
2025-05-15,TITAN.NS,Titan Company,Growth / Compounder,3597.0,3665.0,3553.89990234375,3636.800048828125,3614.029541015625,1227751
2025-05-16,TITAN.NS,Titan Company,Growth / Compounder,3654.0,3655.89990234375,3613.39990234375,3633.699951171875,3610.94873046875,525064
2025-05-19,TITAN.NS,Titan Company,Growth / Compounder,3617.0,3649.5,3611.39990234375,3617.699951171875,3595.048828125,376760
2025-05-20,TITAN.NS,Titan Company,Growth / Compounder,3617.699951171875,3620.0,3575.10009765625,3580.60009765625,3558.18115234375,811416
2025-05-21,TITAN.NS,Titan Company,Growth / Compounder,3570.0,3623.10009765625,3567.300048828125,3580.5,3558.081787109375,415016
2025-05-22,TITAN.NS,Titan Company,Growth / Compounder,3565.0,3575.0,3516.10009765625,3541.0,3518.8291015625,709846
2025-05-23,TITAN.NS,Titan Company,Growth / Compounder,3531.0,3606.300048828125,3523.0,3579.699951171875,3557.28662109375,416717
2025-05-26,TITAN.NS,Titan Company,Growth / Compounder,3576.0,3640.0,3570.39990234375,3610.300048828125,3587.6953125,525514
2025-05-27,TITAN.NS,Titan Company,Growth / Compounder,3615.0,3639.0,3562.199951171875,3589.39990234375,3566.926025390625,1019733
2025-05-28,TITAN.NS,Titan Company,Growth / Compounder,3595.0,3601.60009765625,3545.0,3574.699951171875,3552.31787109375,449324
2025-05-29,TITAN.NS,Titan Company,Growth / Compounder,3580.0,3600.0,3560.10009765625,3588.300048828125,3565.8330078125,513095
2025-05-30,TITAN.NS,Titan Company,Growth / Compounder,3580.0,3605.0,3542.10009765625,3555.0,3532.741455078125,962944
2025-06-02,TITAN.NS,Titan Company,Growth / Compounder,3525.10009765625,3542.0,3475.89990234375,3525.5,3503.42626953125,726392
2025-06-03,TITAN.NS,Titan Company,Growth / Compounder,3525.5,3580.0,3503.5,3519.800048828125,3497.761962890625,676943
2025-06-04,TITAN.NS,Titan Company,Growth / Compounder,3506.10009765625,3519.800048828125,3486.0,3499.800048828125,3477.88720703125,410354
2025-06-05,TITAN.NS,Titan Company,Growth / Compounder,3498.699951171875,3535.0,3474.199951171875,3504.0,3482.060791015625,608651
2025-06-06,TITAN.NS,Titan Company,Growth / Compounder,3524.0,3570.89990234375,3486.199951171875,3559.89990234375,3537.61083984375,602422
2025-06-09,TITAN.NS,Titan Company,Growth / Compounder,3564.800048828125,3580.0,3521.199951171875,3533.89990234375,3511.7734375,540262
2025-06-10,TITAN.NS,Titan Company,Growth / Compounder,3545.0,3545.0,3506.10009765625,3524.199951171875,3502.13427734375,561695
2025-06-11,TITAN.NS,Titan Company,Growth / Compounder,3525.0,3549.0,3505.0,3541.60009765625,3519.425537109375,505077
2025-06-12,TITAN.NS,Titan Company,Growth / Compounder,3548.0,3559.800048828125,3445.5,3452.699951171875,3431.08203125,811822
2025-06-13,TITAN.NS,Titan Company,Growth / Compounder,3409.699951171875,3440.800048828125,3383.0,3421.89990234375,3400.474609375,821750
2025-06-16,TITAN.NS,Titan Company,Growth / Compounder,3411.0,3453.699951171875,3396.199951171875,3438.10009765625,3416.573486328125,534665
2025-06-17,TITAN.NS,Titan Company,Growth / Compounder,3428.0,3437.60009765625,3395.39990234375,3405.699951171875,3384.376220703125,1000345
2025-06-18,TITAN.NS,Titan Company,Growth / Compounder,3406.0,3480.0,3390.0,3467.800048828125,3446.087646484375,972739
2025-06-19,TITAN.NS,Titan Company,Growth / Compounder,3478.800048828125,3521.60009765625,3467.800048828125,3505.39990234375,3483.451904296875,1022566
2025-06-20,TITAN.NS,Titan Company,Growth / Compounder,3500.0,3545.0,3489.0,3519.0,3496.967041015625,2941214
2025-06-23,TITAN.NS,Titan Company,Growth / Compounder,3480.199951171875,3528.5,3473.0,3505.699951171875,3483.750244140625,643325
2025-06-24,TITAN.NS,Titan Company,Growth / Compounder,3523.10009765625,3567.0,3506.10009765625,3526.0,3503.923095703125,968797
2025-06-25,TITAN.NS,Titan Company,Growth / Compounder,3550.0,3665.0,3550.0,3652.199951171875,3629.332763671875,2697912
2025-06-26,TITAN.NS,Titan Company,Growth / Compounder,3655.0,3700.5,3644.0,3694.699951171875,3671.566650390625,1620497
2025-06-27,TITAN.NS,Titan Company,Growth / Compounder,3700.0,3709.10009765625,3659.5,3666.199951171875,3643.245361328125,601285
2025-06-30,TITAN.NS,Titan Company,Growth / Compounder,3666.199951171875,3698.5,3652.0,3690.199951171875,3667.094970703125,921775
2025-07-01,TITAN.NS,Titan Company,Growth / Compounder,3699.0,3726.5,3667.0,3700.5,3677.330322265625,947173
2025-07-02,TITAN.NS,Titan Company,Growth / Compounder,3705.0,3721.89990234375,3689.0,3708.0,3684.783447265625,583514
2025-07-03,TITAN.NS,Titan Company,Growth / Compounder,3702.0,3712.89990234375,3672.199951171875,3678.699951171875,3655.666748046875,528710
2025-07-04,TITAN.NS,Titan Company,Growth / Compounder,3666.0,3690.10009765625,3645.10009765625,3686.89990234375,3663.8154296875,629926
2025-07-07,TITAN.NS,Titan Company,Growth / Compounder,3675.5,3696.0,3647.89990234375,3666.10009765625,3643.14599609375,829472
2025-07-08,TITAN.NS,Titan Company,Growth / Compounder,3581.800048828125,3581.800048828125,3435.0,3441.300048828125,3430.045166015625,3952270
2025-07-09,TITAN.NS,Titan Company,Growth / Compounder,3441.300048828125,3461.5,3420.60009765625,3432.10009765625,3420.875244140625,1868271
2025-07-10,TITAN.NS,Titan Company,Growth / Compounder,3432.10009765625,3445.0,3414.0,3419.800048828125,3408.615478515625,496586
2025-07-11,TITAN.NS,Titan Company,Growth / Compounder,3408.0,3422.199951171875,3357.0,3361.60009765625,3350.605712890625,856956
2025-07-14,TITAN.NS,Titan Company,Growth / Compounder,3372.0,3410.0,3344.0,3404.699951171875,3393.564697265625,755781
2025-07-15,TITAN.NS,Titan Company,Growth / Compounder,3418.0,3422.0,3387.699951171875,3415.0,3403.8310546875,686088
2025-07-16,TITAN.NS,Titan Company,Growth / Compounder,3417.0,3422.199951171875,3388.5,3417.300048828125,3406.12353515625,669532
2025-07-17,TITAN.NS,Titan Company,Growth / Compounder,3418.39990234375,3448.0,3416.5,3433.300048828125,3422.0712890625,559482
2025-07-18,TITAN.NS,Titan Company,Growth / Compounder,3444.0,3444.0,3392.0,3402.89990234375,3391.7705078125,293360
2025-07-21,TITAN.NS,Titan Company,Growth / Compounder,3391.0,3439.10009765625,3365.199951171875,3433.0,3421.772216796875,561799
2025-07-22,TITAN.NS,Titan Company,Growth / Compounder,3450.0,3490.0,3430.300048828125,3472.39990234375,3461.043212890625,1752275
2025-07-23,TITAN.NS,Titan Company,Growth / Compounder,3472.39990234375,3481.89990234375,3444.0,3471.39990234375,3460.04638671875,584590
2025-07-24,TITAN.NS,Titan Company,Growth / Compounder,3467.39990234375,3489.800048828125,3458.0,3484.39990234375,3473.00390625,630718
2025-07-25,TITAN.NS,Titan Company,Growth / Compounder,3476.39990234375,3480.0,3447.0,3462.800048828125,3451.474609375,624410
2025-07-28,TITAN.NS,Titan Company,Growth / Compounder,3453.0,3462.60009765625,3382.0,3393.0,3381.903076171875,603916
2025-07-29,TITAN.NS,Titan Company,Growth / Compounder,3390.0,3397.0,3355.60009765625,3379.199951171875,3368.14794921875,511042
2025-07-30,TITAN.NS,Titan Company,Growth / Compounder,3380.0,3393.5,3345.300048828125,3376.5,3365.45703125,443735
2025-07-31,TITAN.NS,Titan Company,Growth / Compounder,3340.0,3364.5,3315.5,3347.300048828125,3336.3525390625,553157
2025-08-01,TITAN.NS,Titan Company,Growth / Compounder,3340.0,3347.300048828125,3307.0,3316.0,3305.15478515625,422977
2025-08-04,TITAN.NS,Titan Company,Growth / Compounder,3315.0,3365.0,3308.10009765625,3356.300048828125,3345.322998046875,450434
2025-08-05,TITAN.NS,Titan Company,Growth / Compounder,3356.300048828125,3443.0,3348.0,3418.199951171875,3407.0205078125,837335
2025-08-06,TITAN.NS,Titan Company,Growth / Compounder,3437.0,3462.39990234375,3400.0,3417.699951171875,3406.522216796875,635456
2025-08-07,TITAN.NS,Titan Company,Growth / Compounder,3380.0,3437.0,3377.699951171875,3415.699951171875,3404.528564453125,509599
2025-08-08,TITAN.NS,Titan Company,Growth / Compounder,3450.10009765625,3489.800048828125,3403.10009765625,3460.199951171875,3448.883056640625,2184271
2025-08-11,TITAN.NS,Titan Company,Growth / Compounder,3473.0,3487.300048828125,3402.800048828125,3467.89990234375,3456.557861328125,563586
2025-08-12,TITAN.NS,Titan Company,Growth / Compounder,3467.89990234375,3534.0,3460.10009765625,3486.800048828125,3475.396240234375,929276
2025-08-13,TITAN.NS,Titan Company,Growth / Compounder,3486.800048828125,3494.89990234375,3463.199951171875,3466.800048828125,3455.461669921875,360474
2025-08-14,TITAN.NS,Titan Company,Growth / Compounder,3476.5,3505.800048828125,3464.10009765625,3489.39990234375,3477.987548828125,597987
2025-08-18,TITAN.NS,Titan Company,Growth / Compounder,3496.0,3574.800048828125,3493.5,3554.800048828125,3543.173828125,1253006
2025-08-19,TITAN.NS,Titan Company,Growth / Compounder,3555.0,3577.300048828125,3545.0,3568.10009765625,3556.430419921875,537433
2025-08-20,TITAN.NS,Titan Company,Growth / Compounder,3560.0,3602.89990234375,3552.0,3595.0,3583.242431640625,517031
2025-08-21,TITAN.NS,Titan Company,Growth / Compounder,3595.0,3625.0,3588.199951171875,3616.300048828125,3604.47265625,673486
2025-08-22,TITAN.NS,Titan Company,Growth / Compounder,3616.300048828125,3641.39990234375,3607.699951171875,3621.0,3609.1572265625,691835
2025-08-25,TITAN.NS,Titan Company,Growth / Compounder,3629.699951171875,3669.60009765625,3615.5,3651.39990234375,3639.457763671875,700503
2025-08-26,TITAN.NS,Titan Company,Growth / Compounder,3662.800048828125,3672.800048828125,3589.10009765625,3594.0,3582.24560546875,960778
2025-08-28,TITAN.NS,Titan Company,Growth / Compounder,3552.10009765625,3650.89990234375,3552.10009765625,3637.699951171875,3625.802490234375,989246
2025-08-29,TITAN.NS,Titan Company,Growth / Compounder,3637.699951171875,3642.0,3603.60009765625,3628.800048828125,3616.931884765625,660956
2025-09-01,TITAN.NS,Titan Company,Growth / Compounder,3631.0,3653.39990234375,3610.39990234375,3618.60009765625,3606.76513671875,297533
2025-09-02,TITAN.NS,Titan Company,Growth / Compounder,3614.0,3655.800048828125,3606.10009765625,3620.60009765625,3608.7587890625,536300
2025-09-03,TITAN.NS,Titan Company,Growth / Compounder,3605.0,3697.89990234375,3590.0,3690.60009765625,3678.52978515625,791874
2025-09-04,TITAN.NS,Titan Company,Growth / Compounder,3740.0,3740.0,3676.800048828125,3691.10009765625,3679.028076171875,635811
2025-09-05,TITAN.NS,Titan Company,Growth / Compounder,3695.0,3700.0,3660.0,3665.300048828125,3653.3125,454120
2025-09-08,TITAN.NS,Titan Company,Growth / Compounder,3653.0,3683.60009765625,3640.0,3658.0,3646.036376953125,548987
2025-09-09,TITAN.NS,Titan Company,Growth / Compounder,3667.800048828125,3667.800048828125,3619.199951171875,3630.10009765625,3618.2275390625,428367
2025-09-10,TITAN.NS,Titan Company,Growth / Compounder,3632.0,3648.699951171875,3608.199951171875,3620.60009765625,3608.7587890625,408800
2025-09-11,TITAN.NS,Titan Company,Growth / Compounder,3620.0,3644.0,3580.0,3584.199951171875,3572.4775390625,495417
2025-09-12,TITAN.NS,Titan Company,Growth / Compounder,3589.89990234375,3598.199951171875,3563.89990234375,3571.89990234375,3560.2177734375,275049
2025-09-15,TITAN.NS,Titan Company,Growth / Compounder,3556.0,3576.5,3515.0,3534.10009765625,3522.54150390625,362285
2025-09-16,TITAN.NS,Titan Company,Growth / Compounder,3525.0,3570.300048828125,3502.0,3556.800048828125,3545.167236328125,724742
2025-09-17,TITAN.NS,Titan Company,Growth / Compounder,3561.89990234375,3572.699951171875,3513.199951171875,3523.0,3511.477783203125,659866
2025-09-18,TITAN.NS,Titan Company,Growth / Compounder,3530.0,3546.0,3503.39990234375,3511.300048828125,3499.816162109375,829442
2025-09-19,TITAN.NS,Titan Company,Growth / Compounder,3504.0,3511.300048828125,3460.0,3467.199951171875,3455.8603515625,2337255
2025-09-22,TITAN.NS,Titan Company,Growth / Compounder,3458.199951171875,3477.0,3440.0,3457.5,3446.19189453125,817833
2025-09-23,TITAN.NS,Titan Company,Growth / Compounder,3465.199951171875,3465.300048828125,3405.0,3439.199951171875,3427.951904296875,1144975
2025-09-24,TITAN.NS,Titan Company,Growth / Compounder,3430.0,3437.39990234375,3411.0,3418.300048828125,3407.120361328125,690454
2025-09-25,TITAN.NS,Titan Company,Growth / Compounder,3408.0,3419.89990234375,3370.0,3378.5,3367.450439453125,1139904
2025-09-26,TITAN.NS,Titan Company,Growth / Compounder,3387.699951171875,3402.0,3303.10009765625,3327.300048828125,3316.41796875,7524068
2025-09-29,TITAN.NS,Titan Company,Growth / Compounder,3327.0,3418.0,3327.0,3401.199951171875,3390.076171875,1452636
2025-09-30,TITAN.NS,Titan Company,Growth / Compounder,3452.0,3474.5,3355.0,3367.0,3355.988037109375,1733728
2025-10-01,TITAN.NS,Titan Company,Growth / Compounder,3370.0,3414.89990234375,3351.0,3408.300048828125,3397.153076171875,798754
2025-10-03,TITAN.NS,Titan Company,Growth / Compounder,3379.89990234375,3459.0,3378.0,3453.300048828125,3442.005859375,1655328
2025-10-06,TITAN.NS,Titan Company,Growth / Compounder,3453.300048828125,3459.300048828125,3401.0,3425.39990234375,3414.197021484375,1184781
2025-10-07,TITAN.NS,Titan Company,Growth / Compounder,3425.0,3445.89990234375,3411.0,3418.199951171875,3407.0205078125,996165
2025-10-08,TITAN.NS,Titan Company,Growth / Compounder,3474.0,3580.0,3460.0,3565.60009765625,3553.9384765625,4531362
2025-10-09,TITAN.NS,Titan Company,Growth / Compounder,3559.800048828125,3561.699951171875,3526.39990234375,3550.60009765625,3538.987548828125,597739
2025-10-10,TITAN.NS,Titan Company,Growth / Compounder,3548.89990234375,3571.699951171875,3523.300048828125,3531.89990234375,3520.3486328125,825274
2025-10-13,TITAN.NS,Titan Company,Growth / Compounder,3518.0,3545.0,3509.5,3533.60009765625,3522.043212890625,606122
2025-10-14,TITAN.NS,Titan Company,Growth / Compounder,3533.0,3549.39990234375,3506.5,3537.39990234375,3525.83056640625,925998
2025-10-15,TITAN.NS,Titan Company,Growth / Compounder,3532.89990234375,3561.89990234375,3511.0,3549.0,3537.392822265625,1005045
2025-10-16,TITAN.NS,Titan Company,Growth / Compounder,3549.0,3652.0,3540.0,3640.300048828125,3628.394287109375,1528118
2025-10-17,TITAN.NS,Titan Company,Growth / Compounder,3635.0,3715.0,3633.0,3674.800048828125,3662.78125,1123500
2025-10-20,TITAN.NS,Titan Company,Growth / Compounder,3680.0,3749.89990234375,3676.199951171875,3737.199951171875,3724.977294921875,707974
2025-10-21,TITAN.NS,Titan Company,Growth / Compounder,3737.199951171875,3746.0,3719.0,3729.0,3716.803955078125,156306
2025-10-23,TITAN.NS,Titan Company,Growth / Compounder,3765.0,3800.0,3738.300048828125,3772.300048828125,3759.96240234375,1622402
2025-10-24,TITAN.NS,Titan Company,Growth / Compounder,3775.0,3781.0,3706.10009765625,3714.89990234375,3702.75,563296
2025-10-27,TITAN.NS,Titan Company,Growth / Compounder,3714.0,3753.89990234375,3710.0,3739.800048828125,3727.56884765625,856124
2025-10-28,TITAN.NS,Titan Company,Growth / Compounder,3750.0,3770.0,3688.10009765625,3717.0,3704.84326171875,1482961
2025-10-29,TITAN.NS,Titan Company,Growth / Compounder,3734.199951171875,3753.5,3714.199951171875,3748.300048828125,3736.041015625,789557
2025-10-30,TITAN.NS,Titan Company,Growth / Compounder,3745.0,3773.89990234375,3720.10009765625,3750.699951171875,3738.43310546875,544151
2025-10-31,TITAN.NS,Titan Company,Growth / Compounder,3758.89990234375,3783.0,3739.5,3746.699951171875,3734.446044921875,900994
2025-11-03,TITAN.NS,Titan Company,Growth / Compounder,3730.0,3762.0,3667.300048828125,3724.5,3712.31884765625,1119367
2025-11-04,TITAN.NS,Titan Company,Growth / Compounder,3724.5,3827.0,3715.0,3813.5,3801.027587890625,2524600
2025-11-06,TITAN.NS,Titan Company,Growth / Compounder,3780.0,3837.699951171875,3761.60009765625,3774.39990234375,3762.055419921875,927231
2025-11-07,TITAN.NS,Titan Company,Growth / Compounder,3766.0,3792.0,3736.0,3769.300048828125,3756.972412109375,728998
2025-11-10,TITAN.NS,Titan Company,Growth / Compounder,3788.0,3815.0,3769.300048828125,3803.0,3790.56201171875,599567
2025-11-11,TITAN.NS,Titan Company,Growth / Compounder,3810.5,3820.0,3752.10009765625,3812.39990234375,3799.93115234375,668789
2025-11-12,TITAN.NS,Titan Company,Growth / Compounder,3838.0,3877.0,3804.199951171875,3851.10009765625,3838.5048828125,805025
2025-11-13,TITAN.NS,Titan Company,Growth / Compounder,3860.0,3867.89990234375,3817.0,3839.199951171875,3826.6435546875,668623
2025-11-14,TITAN.NS,Titan Company,Growth / Compounder,3839.199951171875,3854.699951171875,3800.0,3829.199951171875,3816.67626953125,575050
2025-11-17,TITAN.NS,Titan Company,Growth / Compounder,3848.0,3874.300048828125,3821.5,3868.60009765625,3855.947509765625,504928
2025-11-18,TITAN.NS,Titan Company,Growth / Compounder,3865.0,3900.0,3841.60009765625,3879.199951171875,3866.5126953125,849966
2025-11-19,TITAN.NS,Titan Company,Growth / Compounder,3882.89990234375,3940.5,3862.39990234375,3933.10009765625,3920.236572265625,1578123
2025-11-20,TITAN.NS,Titan Company,Growth / Compounder,3950.0,3956.0,3895.0,3902.39990234375,3889.636962890625,762391
2025-11-21,TITAN.NS,Titan Company,Growth / Compounder,3901.0,3925.0,3882.10009765625,3904.199951171875,3891.430908203125,383311
2025-11-24,TITAN.NS,Titan Company,Growth / Compounder,3915.5,3937.199951171875,3865.0,3874.300048828125,3861.62890625,1258036
2025-11-25,TITAN.NS,Titan Company,Growth / Compounder,3874.39990234375,3908.39990234375,3845.0,3855.10009765625,3842.49169921875,680366
2025-11-26,TITAN.NS,Titan Company,Growth / Compounder,3845.0,3914.5,3843.5,3897.699951171875,3884.9521484375,364592
2025-11-27,TITAN.NS,Titan Company,Growth / Compounder,3900.60009765625,3927.0,3875.10009765625,3903.300048828125,3890.533935546875,542241
2025-11-28,TITAN.NS,Titan Company,Growth / Compounder,3906.199951171875,3934.89990234375,3896.5,3907.699951171875,3894.919677734375,574817
2025-12-01,TITAN.NS,Titan Company,Growth / Compounder,3907.699951171875,3910.699951171875,3861.300048828125,3894.89990234375,3882.161376953125,603073
2025-12-02,TITAN.NS,Titan Company,Growth / Compounder,3875.0,3899.60009765625,3867.5,3885.800048828125,3873.09130859375,661018
2025-12-03,TITAN.NS,Titan Company,Growth / Compounder,3870.0,3880.0,3785.89990234375,3817.800048828125,3805.313720703125,770638
2025-12-04,TITAN.NS,Titan Company,Growth / Compounder,3805.0,3830.0,3778.0,3800.39990234375,3787.970458984375,776693
2025-12-05,TITAN.NS,Titan Company,Growth / Compounder,3777.0,3828.0,3777.0,3813.300048828125,3800.828369140625,508448
2025-12-08,TITAN.NS,Titan Company,Growth / Compounder,3796.300048828125,3825.0,3758.10009765625,3767.0,3754.6796875,545864
2025-12-09,TITAN.NS,Titan Company,Growth / Compounder,3775.0,3874.0,3751.0,3849.0,3836.41162109375,1121068
2025-12-10,TITAN.NS,Titan Company,Growth / Compounder,3831.0,3858.199951171875,3825.60009765625,3845.699951171875,3833.122314453125,616248
2025-12-11,TITAN.NS,Titan Company,Growth / Compounder,3830.39990234375,3855.800048828125,3777.0,3844.800048828125,3832.225341796875,669180
2025-12-12,TITAN.NS,Titan Company,Growth / Compounder,3844.800048828125,3894.800048828125,3831.89990234375,3880.199951171875,3867.509521484375,547866
2025-12-15,TITAN.NS,Titan Company,Growth / Compounder,3861.300048828125,3876.39990234375,3850.0,3866.199951171875,3853.55517578125,332337
2025-12-16,TITAN.NS,Titan Company,Growth / Compounder,3850.0,3937.5,3828.0,3929.5,3916.648193359375,1560827
2025-12-17,TITAN.NS,Titan Company,Growth / Compounder,3930.0,3935.699951171875,3890.0,3907.89990234375,3895.118896484375,601010
2025-12-18,TITAN.NS,Titan Company,Growth / Compounder,3900.0,3924.0,3890.10009765625,3919.300048828125,3906.481689453125,516547
2025-12-19,TITAN.NS,Titan Company,Growth / Compounder,3919.0,3961.89990234375,3913.0,3930.10009765625,3917.246337890625,730780
2025-12-22,TITAN.NS,Titan Company,Growth / Compounder,3940.0,3950.800048828125,3917.10009765625,3933.800048828125,3920.934326171875,569521
2025-12-23,TITAN.NS,Titan Company,Growth / Compounder,3933.800048828125,3956.300048828125,3916.39990234375,3925.800048828125,3912.96044921875,445656
2025-12-24,TITAN.NS,Titan Company,Growth / Compounder,3925.800048828125,3935.0,3900.0,3909.300048828125,3896.514404296875,399227
2025-12-26,TITAN.NS,Titan Company,Growth / Compounder,3908.89990234375,4006.89990234375,3900.0,3992.0,3978.94384765625,1113050
2025-12-29,TITAN.NS,Titan Company,Growth / Compounder,4010.0,4031.699951171875,3978.0,3983.699951171875,3970.6708984375,1242846
2025-12-30,TITAN.NS,Titan Company,Growth / Compounder,3982.0,3993.5,3954.10009765625,3974.10009765625,3961.1025390625,1169570
2025-12-31,TITAN.NS,Titan Company,Growth / Compounder,3984.0,4061.89990234375,3975.10009765625,4051.5,4038.249267578125,1358731
2026-01-01,TITAN.NS,Titan Company,Growth / Compounder,4063.699951171875,4068.0,4035.699951171875,4049.300048828125,4036.056640625,444679
2026-01-02,TITAN.NS,Titan Company,Growth / Compounder,4039.0,4060.0,3986.199951171875,4051.699951171875,4038.448486328125,659997
2026-01-05,TITAN.NS,Titan Company,Growth / Compounder,4051.699951171875,4094.0,4046.0,4079.699951171875,4066.35693359375,629273
2026-01-06,TITAN.NS,Titan Company,Growth / Compounder,4079.699951171875,4120.5,4068.5,4111.7998046875,4098.35205078125,820331
2026-01-07,TITAN.NS,Titan Company,Growth / Compounder,4225.0,4312.10009765625,4202.0,4273.2001953125,4259.224609375,3496340
2026-01-08,TITAN.NS,Titan Company,Growth / Compounder,4273.2001953125,4303.2001953125,4239.0,4249.0,4235.103515625,1055725
2026-01-09,TITAN.NS,Titan Company,Growth / Compounder,4231.0,4279.0,4183.10009765625,4201.7998046875,4188.0576171875,883117
2026-01-12,TITAN.NS,Titan Company,Growth / Compounder,4205.0,4242.0,4145.0,4231.60009765625,4217.76025390625,514767
2026-01-13,TITAN.NS,Titan Company,Growth / Compounder,4231.60009765625,4267.60009765625,4210.0,4239.2001953125,4225.33544921875,770707
2026-01-14,TITAN.NS,Titan Company,Growth / Compounder,4241.89990234375,4283.0,4211.0,4221.5,4207.693359375,998692
2026-01-15,TITAN.NS,Titan Company,Growth / Compounder,4221.5,4221.5,4221.5,4221.5,4207.693359375,0
2026-01-16,TITAN.NS,Titan Company,Growth / Compounder,4221.5,4236.39990234375,4181.10009765625,4196.89990234375,4183.173828125,686949
2026-01-19,TITAN.NS,Titan Company,Growth / Compounder,4165.7001953125,4207.39990234375,4129.10009765625,4144.10009765625,4130.54638671875,365905
2026-01-20,TITAN.NS,Titan Company,Growth / Compounder,4155.0,4155.0,4064.300048828125,4075.5,4062.1708984375,586156
2026-01-21,TITAN.NS,Titan Company,Growth / Compounder,4075.5,4109.89990234375,4053.5,4079.199951171875,4065.858642578125,552760
2026-01-22,TITAN.NS,Titan Company,Growth / Compounder,4099.0,4128.0,3980.800048828125,4018.60009765625,4005.45703125,818966
2026-01-23,TITAN.NS,Titan Company,Growth / Compounder,4025.10009765625,4063.300048828125,3980.0,4021.800048828125,4008.646484375,1015415
2026-01-27,TITAN.NS,Titan Company,Growth / Compounder,4021.800048828125,4040.0,3955.0,3997.0,3983.927490234375,1760501
2026-01-28,TITAN.NS,Titan Company,Growth / Compounder,4002.0,4025.800048828125,3964.89990234375,3975.199951171875,3962.19873046875,809022
2026-01-29,TITAN.NS,Titan Company,Growth / Compounder,3960.800048828125,3968.60009765625,3843.10009765625,3939.699951171875,3926.81494140625,1145612
2026-01-30,TITAN.NS,Titan Company,Growth / Compounder,3945.0,3995.0,3909.800048828125,3977.39990234375,3964.3916015625,1427639
2026-02-02,TITAN.NS,Titan Company,Growth / Compounder,4000.0,4000.0,3893.300048828125,3953.199951171875,3940.270751953125,1273196
2026-02-03,TITAN.NS,Titan Company,Growth / Compounder,4143.0,4143.0,4044.10009765625,4068.60009765625,4055.29345703125,1043274
2026-02-04,TITAN.NS,Titan Company,Growth / Compounder,4087.0,4160.0,4066.199951171875,4144.0,4130.44677734375,917279
2026-02-05,TITAN.NS,Titan Company,Growth / Compounder,4152.2998046875,4152.2998046875,4063.10009765625,4097.60009765625,4084.19873046875,693637
2026-02-06,TITAN.NS,Titan Company,Growth / Compounder,4097.60009765625,4154.0,4065.300048828125,4141.0,4127.45654296875,888701
2026-02-09,TITAN.NS,Titan Company,Growth / Compounder,4200.2001953125,4269.39990234375,4155.0,4257.7998046875,4243.87451171875,1092387
2026-02-10,TITAN.NS,Titan Company,Growth / Compounder,4300.0,4329.60009765625,4239.60009765625,4269.10009765625,4255.1376953125,1713633
2026-02-11,TITAN.NS,Titan Company,Growth / Compounder,4350.0,4378.39990234375,4208.0,4249.10009765625,4235.203125,3342226
2026-02-12,TITAN.NS,Titan Company,Growth / Compounder,4232.39990234375,4286.39990234375,4182.2998046875,4275.7998046875,4261.8154296875,998509
2026-02-13,TITAN.NS,Titan Company,Growth / Compounder,4267.2998046875,4271.7998046875,4164.7998046875,4179.2001953125,4165.53173828125,524758
2026-02-16,TITAN.NS,Titan Company,Growth / Compounder,4155.0,4196.0,4128.7998046875,4181.10009765625,4167.42529296875,500349
2026-02-17,TITAN.NS,Titan Company,Growth / Compounder,4167.10009765625,4244.89990234375,4155.0,4236.39990234375,4222.54443359375,464123
2026-02-18,TITAN.NS,Titan Company,Growth / Compounder,4251.0,4257.89990234375,4214.2998046875,4248.60009765625,4234.70458984375,387328
2026-02-19,TITAN.NS,Titan Company,Growth / Compounder,4225.0,4261.0,4191.0,4198.2001953125,4184.4697265625,406232
2026-02-20,TITAN.NS,Titan Company,Growth / Compounder,4200.5,4252.10009765625,4200.2001953125,4236.39990234375,4222.54443359375,532169
2026-02-23,TITAN.NS,Titan Company,Growth / Compounder,4270.0,4280.0,4240.10009765625,4272.7001953125,4258.72607421875,516387
2026-02-24,TITAN.NS,Titan Company,Growth / Compounder,4240.39990234375,4300.0,4235.0,4294.5,4280.45458984375,491126
2026-02-25,TITAN.NS,Titan Company,Growth / Compounder,4304.0,4349.0,4289.7998046875,4325.0,4310.85498046875,586295
2026-02-26,TITAN.NS,Titan Company,Growth / Compounder,4330.0,4352.2001953125,4307.0,4342.60009765625,4328.3974609375,520985
2026-02-27,TITAN.NS,Titan Company,Growth / Compounder,4341.60009765625,4352.0,4311.7998046875,4327.5,4313.3466796875,1146258
2026-03-02,TITAN.NS,Titan Company,Growth / Compounder,4288.7998046875,4330.0,4193.0,4270.2998046875,4256.33349609375,770589
2026-03-04,TITAN.NS,Titan Company,Growth / Compounder,4205.0,4238.2998046875,4083.5,4204.39990234375,4190.64892578125,1024050
2026-03-05,TITAN.NS,Titan Company,Growth / Compounder,4238.0,4302.5,4173.2001953125,4275.2001953125,4261.2177734375,691367
2026-03-06,TITAN.NS,Titan Company,Growth / Compounder,4250.0,4302.0,4227.0,4244.60009765625,4230.7177734375,580562
2026-03-09,TITAN.NS,Titan Company,Growth / Compounder,4160.0,4199.7001953125,4112.7001953125,4159.2001953125,4145.59716796875,576017
2026-03-10,TITAN.NS,Titan Company,Growth / Compounder,4175.10009765625,4242.89990234375,4175.10009765625,4220.10009765625,4206.2978515625,788850
2026-03-11,TITAN.NS,Titan Company,Growth / Compounder,4192.0,4234.89990234375,4126.2001953125,4140.2998046875,4126.7587890625,454575
2026-03-12,TITAN.NS,Titan Company,Growth / Compounder,4100.0,4179.0,4033.800048828125,4129.60009765625,4116.09375,1071366
2026-03-13,TITAN.NS,Titan Company,Growth / Compounder,4091.0,4147.2001953125,4046.0,4073.199951171875,4059.878173828125,868825
2026-03-16,TITAN.NS,Titan Company,Growth / Compounder,4057.0,4125.0,4002.199951171875,4090.800048828125,4077.4208984375,1013667
2026-03-17,TITAN.NS,Titan Company,Growth / Compounder,4090.5,4110.0,4036.5,4090.5,4077.121826171875,1126905
2026-03-18,TITAN.NS,Titan Company,Growth / Compounder,4083.699951171875,4174.7998046875,4077.800048828125,4145.5,4131.94189453125,751307
2026-03-19,TITAN.NS,Titan Company,Growth / Compounder,4104.39990234375,4138.10009765625,4017.89990234375,4037.89990234375,4024.693603515625,567278
2026-03-20,TITAN.NS,Titan Company,Growth / Compounder,4046.89990234375,4149.89990234375,4040.89990234375,4106.60009765625,4093.169189453125,1019586
2026-03-23,TITAN.NS,Titan Company,Growth / Compounder,4056.60009765625,4059.0,3825.0,3853.10009765625,3840.498291015625,1533645
2026-03-24,TITAN.NS,Titan Company,Growth / Compounder,3950.300048828125,3985.0,3843.0,3899.5,3886.746337890625,1300547
2026-03-25,TITAN.NS,Titan Company,Growth / Compounder,3950.0,4097.0,3940.5,4039.300048828125,4026.08935546875,1306823
2026-03-27,TITAN.NS,Titan Company,Growth / Compounder,4000.0,4032.800048828125,3972.0,3981.5,3968.478271484375,1040658
2026-03-30,TITAN.NS,Titan Company,Growth / Compounder,3942.0,4007.39990234375,3914.10009765625,3951.39990234375,3938.4765625,1488223
2026-04-01,TITAN.NS,Titan Company,Growth / Compounder,4000.0,4100.0,4000.0,4065.5,4052.20361328125,781974
2026-04-02,TITAN.NS,Titan Company,Growth / Compounder,3996.0,4109.10009765625,3944.699951171875,4097.2001953125,4083.800048828125,1614868
2026-04-06,TITAN.NS,Titan Company,Growth / Compounder,4105.0,4257.89990234375,4105.0,4246.10009765625,4232.212890625,1678285
2026-04-07,TITAN.NS,Titan Company,Growth / Compounder,4235.2998046875,4243.5,4168.7998046875,4230.60009765625,4216.763671875,1274146
2026-04-08,TITAN.NS,Titan Company,Growth / Compounder,4351.2998046875,4505.0,4309.10009765625,4492.5,4477.80712890625,3834533
2026-04-09,TITAN.NS,Titan Company,Growth / Compounder,4475.0,4497.39990234375,4414.10009765625,4439.7998046875,4425.279296875,1385274
2026-04-10,TITAN.NS,Titan Company,Growth / Compounder,4430.10009765625,4523.89990234375,4425.10009765625,4505.0,4490.26611328125,1565192
2026-04-13,TITAN.NS,Titan Company,Growth / Compounder,4391.10009765625,4496.0,4391.10009765625,4439.2998046875,4424.78076171875,850456
2026-04-15,TITAN.NS,Titan Company,Growth / Compounder,4490.10009765625,4534.0,4447.2998046875,4522.2001953125,4507.41015625,918513
2026-04-16,TITAN.NS,Titan Company,Growth / Compounder,4554.0,4554.0,4440.0,4461.39990234375,4446.80859375,1283713
2026-04-17,TITAN.NS,Titan Company,Growth / Compounder,4461.39990234375,4531.7998046875,4330.0,4525.89990234375,4511.09765625,2124034
2026-04-20,TITAN.NS,Titan Company,Growth / Compounder,4532.10009765625,4549.0,4467.7001953125,4513.0,4498.23974609375,1646815
2026-04-21,TITAN.NS,Titan Company,Growth / Compounder,4513.5,4544.5,4465.0,4479.7001953125,4465.048828125,656106
2026-04-22,TITAN.NS,Titan Company,Growth / Compounder,4461.7001953125,4492.0,4445.2001953125,4454.60009765625,4440.03125,596352
2026-04-23,TITAN.NS,Titan Company,Growth / Compounder,4411.0,4474.0,4393.5,4456.5,4441.9248046875,680187
2026-04-24,TITAN.NS,Titan Company,Growth / Compounder,4475.5,4486.60009765625,4361.39990234375,4410.0,4395.57666015625,958536
2026-04-27,TITAN.NS,Titan Company,Growth / Compounder,4438.7998046875,4464.0,4388.39990234375,4441.7998046875,4427.2724609375,649222
2026-04-28,TITAN.NS,Titan Company,Growth / Compounder,4412.2998046875,4475.0,4395.39990234375,4417.0,4402.5537109375,620778
2026-04-29,TITAN.NS,Titan Company,Growth / Compounder,4419.89990234375,4472.39990234375,4410.2001953125,4439.7998046875,4425.279296875,702730
2026-04-30,TITAN.NS,Titan Company,Growth / Compounder,4438.0,4438.0,4358.0,4385.2001953125,4370.85791015625,869299
2026-05-01,TITAN.NS,Titan Company,Growth / Compounder,4385.2001953125,4385.2001953125,4385.2001953125,4385.2001953125,4370.85791015625,0
2026-05-04,TITAN.NS,Titan Company,Growth / Compounder,4407.10009765625,4447.39990234375,4352.7001953125,4363.0,4348.73046875,709160
2026-05-05,TITAN.NS,Titan Company,Growth / Compounder,4355.0,4397.0,4330.2998046875,4373.60009765625,4359.2958984375,850790
2026-05-06,TITAN.NS,Titan Company,Growth / Compounder,4397.5,4441.10009765625,4297.10009765625,4359.60009765625,4345.341796875,1459870
2026-05-07,TITAN.NS,Titan Company,Growth / Compounder,4349.89990234375,4359.0,4261.0,4307.5,4293.412109375,1377631
2026-05-08,TITAN.NS,Titan Company,Growth / Compounder,4314.0,4605.0,4213.39990234375,4509.0,4494.2529296875,4777990
2026-05-11,TITAN.NS,Titan Company,Growth / Compounder,4350.39990234375,4379.5,4150.10009765625,4205.60009765625,4191.84521484375,5925166
2026-05-12,TITAN.NS,Titan Company,Growth / Compounder,4160.0,4213.60009765625,4047.0,4055.300048828125,4042.036865234375,1978748
2026-05-13,TITAN.NS,Titan Company,Growth / Compounder,4030.0,4110.0,3985.10009765625,4090.699951171875,4077.321044921875,2841521
2026-05-14,TITAN.NS,Titan Company,Growth / Compounder,4115.0,4147.0,4059.10009765625,4135.2001953125,4121.67578125,1127140
2026-05-15,TITAN.NS,Titan Company,Growth / Compounder,4155.0,4194.0,4142.39990234375,4169.10009765625,4155.46484375,901617
2026-05-18,TITAN.NS,Titan Company,Growth / Compounder,4130.10009765625,4182.7001953125,4065.60009765625,4169.7001953125,4156.06298828125,851825
2026-05-19,TITAN.NS,Titan Company,Growth / Compounder,4136.2998046875,4167.89990234375,4095.0,4102.0,4088.584228515625,711398
2026-05-20,TITAN.NS,Titan Company,Growth / Compounder,4053.0,4116.7001953125,4053.0,4106.39990234375,4092.9697265625,913576
2026-05-21,TITAN.NS,Titan Company,Growth / Compounder,4120.0,4136.39990234375,4070.0,4083.10009765625,4069.74609375,863060
2026-05-22,TITAN.NS,Titan Company,Growth / Compounder,4057.199951171875,4113.7998046875,4054.10009765625,4079.800048828125,4066.456787109375,768112
2026-05-25,TITAN.NS,Titan Company,Growth / Compounder,4120.10009765625,4170.0,4110.39990234375,4159.2001953125,4145.59716796875,606086
2026-05-26,TITAN.NS,Titan Company,Growth / Compounder,4151.89990234375,4160.0,4091.0,4105.89990234375,4092.47119140625,766717
2026-05-27,TITAN.NS,Titan Company,Growth / Compounder,4098.2998046875,4165.10009765625,4091.10009765625,4137.89990234375,4124.36669921875,474044
2026-05-28,TITAN.NS,Titan Company,Growth / Compounder,4137.89990234375,4137.89990234375,4137.89990234375,4137.89990234375,4124.36669921875,0
2026-05-29,TITAN.NS,Titan Company,Growth / Compounder,4116.2001953125,4163.2998046875,4059.0,4074.89990234375,4061.57275390625,2001419
2026-06-01,TITAN.NS,Titan Company,Growth / Compounder,4100.0,4105.0,4007.0,4024.60009765625,4011.437255859375,450200
2026-06-02,TITAN.NS,Titan Company,Growth / Compounder,4017.39990234375,4088.0,3986.0,4078.10009765625,4064.762451171875,522015
2026-06-03,TITAN.NS,Titan Company,Growth / Compounder,4057.0,4103.7998046875,4002.0,4088.800048828125,4075.42724609375,959352
2026-06-04,TITAN.NS,Titan Company,Growth / Compounder,4075.0,4273.7998046875,4052.300048828125,4231.0,4217.162109375,1761933
2026-06-05,TITAN.NS,Titan Company,Growth / Compounder,4269.0,4289.0,4223.2001953125,4260.2001953125,4246.26708984375,1390200
2026-06-08,TITAN.NS,Titan Company,Growth / Compounder,4196.7998046875,4238.10009765625,4180.7001953125,4192.39990234375,4178.6884765625,666737
2026-06-09,TITAN.NS,Titan Company,Growth / Compounder,4190.89990234375,4217.0,4087.199951171875,4104.89990234375,4091.474609375,1284964
2026-06-10,TITAN.NS,Titan Company,Growth / Compounder,4104.89990234375,4119.10009765625,4035.0,4042.10009765625,4028.880126953125,613629
2026-06-11,TITAN.NS,Titan Company,Growth / Compounder,4020.10009765625,4069.699951171875,3962.800048828125,4025.199951171875,4012.03515625,767665
2026-06-12,TITAN.NS,Titan Company,Growth / Compounder,4067.800048828125,4200.0,4052.699951171875,4184.0,4170.31591796875,1122271
2026-06-15,TITAN.NS,Titan Company,Growth / Compounder,4221.0,4297.0,4220.2998046875,4283.5,4269.49072265625,1076822
2026-06-16,TITAN.NS,Titan Company,Growth / Compounder,4298.10009765625,4344.0,4283.5,4338.0,4323.8125,779706
2026-06-17,TITAN.NS,Titan Company,Growth / Compounder,4338.0,4395.0,4327.5,4380.5,4366.17333984375,623868
2026-06-18,TITAN.NS,Titan Company,Growth / Compounder,4380.0,4410.0,4333.10009765625,4387.89990234375,4373.548828125,562833
2026-06-19,TITAN.NS,Titan Company,Growth / Compounder,4360.0,4441.7001953125,4360.0,4419.89990234375,4405.4443359375,941346
2026-06-22,TITAN.NS,Titan Company,Growth / Compounder,4405.2998046875,4414.5,4353.0,4372.5,4358.19921875,390835
2026-06-23,TITAN.NS,Titan Company,Growth / Compounder,4375.0,4417.39990234375,4291.10009765625,4305.2998046875,4291.21923828125,586588
2026-06-24,TITAN.NS,Titan Company,Growth / Compounder,4302.0,4340.7998046875,4263.7001953125,4323.7998046875,4309.65869140625,652078
2026-06-25,TITAN.NS,Titan Company,Growth / Compounder,4335.0,4335.0,4225.0,4291.2998046875,4277.2646484375,754050
2026-06-26,TITAN.NS,Titan Company,Growth / Compounder,4291.2998046875,4291.2998046875,4291.2998046875,4291.2998046875,4277.2646484375,0
2026-06-29,TITAN.NS,Titan Company,Growth / Compounder,4285.0,4316.2998046875,4266.60009765625,4277.2001953125,4263.21142578125,569087
2026-06-30,TITAN.NS,Titan Company,Growth / Compounder,4277.5,4428.39990234375,4275.0,4404.0,4389.59619140625,1243464
2026-07-01,TITAN.NS,Titan Company,Growth / Compounder,4469.0,4504.5,4390.10009765625,4398.60009765625,4384.21435546875,1168751
2026-07-02,TITAN.NS,Titan Company,Growth / Compounder,4404.0,4497.0,4383.10009765625,4481.10009765625,4466.4443359375,820705
2026-07-03,TITAN.NS,Titan Company,Growth / Compounder,4495.0,4507.7001953125,4451.0,4461.10009765625,4446.509765625,542120
2026-07-06,TITAN.NS,Titan Company,Growth / Compounder,4450.0,4490.5,4450.0,4484.39990234375,4469.7333984375,589165
2026-07-07,TITAN.NS,Titan Company,Growth / Compounder,4550.0,4655.89990234375,4505.0,4604.2001953125,4589.14208984375,3385946
2026-07-08,TITAN.NS,Titan Company,Growth / Compounder,4590.39990234375,4630.0,4561.7001953125,4586.39990234375,4571.39990234375,1045703
2026-07-09,TITAN.NS,Titan Company,Growth / Compounder,4614.7998046875,4679.7998046875,4546.10009765625,4555.7998046875,4555.7998046875,1777107
2026-07-10,TITAN.NS,Titan Company,Growth / Compounder,4578.60009765625,4602.7998046875,4560.7001953125,4584.39990234375,4584.39990234375,652646
2026-07-13,TITAN.NS,Titan Company,Growth / Compounder,4578.0,4635.0,4524.39990234375,4601.5,4601.5,770367
2026-07-14,TITAN.NS,Titan Company,Growth / Compounder,4579.7998046875,4600.0,4554.0,4573.7001953125,4573.7001953125,631158
2026-07-15,TITAN.NS,Titan Company,Growth / Compounder,4573.7001953125,4607.0,4565.10009765625,4579.39990234375,4579.39990234375,619451
2026-07-16,TITAN.NS,Titan Company,Growth / Compounder,4585.2998046875,4668.7998046875,4580.0,4625.7998046875,4625.7998046875,1136159
2026-07-17,TITAN.NS,Titan Company,Growth / Compounder,4626.0,4647.5,4610.10009765625,4638.10009765625,4638.10009765625,667212
2026-07-20,TITAN.NS,Titan Company,Growth / Compounder,4638.10009765625,4660.0,4625.2998046875,4643.39990234375,4643.39990234375,274158
2026-07-21,TITAN.NS,Titan Company,Growth / Compounder,4644.2001953125,4691.7001953125,4629.2001953125,4688.7001953125,4688.7001953125,530094
2026-07-22,TITAN.NS,Titan Company,Growth / Compounder,4685.7001953125,4733.0,4675.0,4711.60009765625,4711.60009765625,996475
2026-07-23,TITAN.NS,Titan Company,Growth / Compounder,4700.0,4709.7998046875,4671.60009765625,4697.2998046875,4697.2998046875,421185
2026-07-24,TITAN.NS,Titan Company,Growth / Compounder,4605.0,4697.0,4604.10009765625,4677.0,4677.0,513858
2026-07-27,TITAN.NS,Titan Company,Growth / Compounder,4686.89990234375,4749.10009765625,4686.89990234375,4740.10009765625,4740.10009765625,500721
2026-07-28,TITAN.NS,Titan Company,Growth / Compounder,4750.0,4860.0,4712.89990234375,4849.7001953125,4849.7001953125,1321587
2026-07-29,TITAN.NS,Titan Company,Growth / Compounder,4849.7001953125,4866.89990234375,4823.2001953125,4850.2001953125,4850.2001953125,837059
2026-07-30,TITAN.NS,Titan Company,Growth / Compounder,4820.89990234375,4869.89990234375,4820.89990234375,4850.0,4850.0,777361
2026-07-31,TITAN.NS,Titan Company,Growth / Compounder,4850.0,4886.0,4820.89990234375,4875.2001953125,4875.2001953125,1003314
2026-08-03,TITAN.NS,Titan Company,Growth / Compounder,4875.2001953125,5000.0,4851.7998046875,5000.0,5000.0,505420
2026-08-04,TITAN.NS,Titan Company,Growth / Compounder,4935.0,4935.0,4862.0,4935.0,4935.0,1181747
2026-08-05,TITAN.NS,Titan Company,Growth / Compounder,4910.2001953125,4920.60009765625,4882.2998046875,4912.39990234375,4912.39990234375,546332
2026-08-06,TITAN.NS,Titan Company,Growth / Compounder,4883.89990234375,5005.0,4883.89990234375,4998.0,4998.0,1283840
2026-08-07,TITAN.NS,Titan Company,Growth / Compounder,4978.10009765625,5003.0,4891.2998046875,4941.0,4941.0,1166858
2026-08-10,TITAN.NS,Titan Company,Growth / Compounder,4932.0,5122.2001953125,4886.2001953125,5090.0,5090.0,3664718
2026-08-11,TITAN.NS,Titan Company,Growth / Compounder,5090.0,5168.0,5090.0,5128.0,5128.0,1664853
2026-08-12,TITAN.NS,Titan Company,Growth / Compounder,5128.0,5128.0,4992.0,5099.0,5099.0,1105157
2026-08-13,TITAN.NS,Titan Company,Growth / Compounder,5069.5,5071.5,5010.0,5063.7001953125,5063.7001953125,533274
2026-08-14,TITAN.NS,Titan Company,Growth / Compounder,5064.0,5090.5,5046.39990234375,5056.2001953125,5056.2001953125,587764
2026-08-17,TITAN.NS,Titan Company,Growth / Compounder,5056.2001953125,5111.0,5037.2001953125,5068.5,5068.5,565258
2026-08-18,TITAN.NS,Titan Company,Growth / Compounder,5060.0,5094.89990234375,5042.5,5048.60009765625,5048.60009765625,354873
2026-08-19,TITAN.NS,Titan Company,Growth / Compounder,5045.0,5074.7998046875,5038.0,5068.0,5068.0,412981
2026-08-20,TITAN.NS,Titan Company,Growth / Compounder,5084.89990234375,5110.0,5060.10009765625,5068.0,5068.0,614435
2026-08-21,TITAN.NS,Titan Company,Growth / Compounder,5068.0,5090.39990234375,5011.0,5086.10009765625,5086.10009765625,352381
2026-08-24,TITAN.NS,Titan Company,Growth / Compounder,5086.7998046875,5093.39990234375,5050.0,5079.0,5079.0,256376
2026-08-25,TITAN.NS,Titan Company,Growth / Compounder,5059.10009765625,5124.7998046875,5052.7001953125,5124.7998046875,5124.7998046875,347515
2026-08-26,TITAN.NS,Titan Company,Growth / Compounder,5149.89990234375,5149.89990234375,5091.0,5100.0,5100.0,377617
2026-08-27,TITAN.NS,Titan Company,Growth / Compounder,5100.0,5186.7001953125,5069.5,5139.2998046875,5139.2998046875,1101845
2026-08-28,TITAN.NS,Titan Company,Growth / Compounder,5155.0,5169.89990234375,5136.0,5169.2001953125,5169.2001953125,547804
2026-08-31,TITAN.NS,Titan Company,Growth / Compounder,5159.0,5159.0,5088.0,5102.39990234375,5102.39990234375,630695
2026-09-01,TITAN.NS,Titan Company,Growth / Compounder,5104.0,5126.5,5010.5,5050.0,5050.0,466855
2026-09-02,TITAN.NS,Titan Company,Growth / Compounder,4972.0,5092.0,4971.5,5074.0,5074.0,812660
2026-09-03,TITAN.NS,Titan Company,Growth / Compounder,5057.5,5072.5,4952.0,5027.0,5027.0,571600
2026-09-04,TITAN.NS,Titan Company,Growth / Compounder,5010.0,5022.0,4980.0,5020.0,5020.0,310845
2026-09-07,TITAN.NS,Titan Company,Growth / Compounder,5010.0,5028.0,4958.5,4995.0,4995.0,480336
2026-09-08,TITAN.NS,Titan Company,Growth / Compounder,4975.0,5015.5,4969.0,4987.0,4987.0,432671
2026-09-09,TITAN.NS,Titan Company,Growth / Compounder,5010.0,5019.0,4968.0,5005.0,5005.0,502050
2026-09-10,TITAN.NS,Titan Company,Growth / Compounder,5000.5,5021.0,4974.5,5021.0,5021.0,336565
2026-09-11,TITAN.NS,Titan Company,Growth / Compounder,4964.0,5015.0,4943.0,5009.5,5009.5,403235
