Date,Ticker,Company_Name,Category,Open,High,Low,Close,Adj_Close,Volume
2010-01-04,TMPV.NS,Tata Motors Pass Vehicles,Retail Hype / Turnaround,156.30348205566406,164.04049682617188,156.1847686767578,163.53591918945312,149.1946563720703,27906448
2010-01-05,TMPV.NS,Tata Motors Pass Vehicles,Retail Hype / Turnaround,162.2595977783203,167.14718627929688,153.24627685546875,160.6864776611328,146.59506225585938,23669317
2010-01-06,TMPV.NS,Tata Motors Pass Vehicles,Retail Hype / Turnaround,162.2002410888672,162.93238830566406,159.3112335205078,160.93382263183594,146.8207244873047,14990820
2010-01-07,TMPV.NS,Tata Motors Pass Vehicles,Retail Hype / Turnaround,161.17127990722656,161.9232177734375,154.34449768066406,155.43283081054688,141.8021697998047,22722030
2010-01-08,TMPV.NS,Tata Motors Pass Vehicles,Retail Hype / Turnaround,156.32327270507812,159.25186157226562,155.34378051757812,156.28370666503906,142.5784149169922,16495776
2010-01-11,TMPV.NS,Tata Motors Pass Vehicles,Retail Hype / Turnaround,158.1041717529297,158.1041717529297,154.7897186279297,156.3529510498047,142.6416015625,11776347
2010-01-12,TMPV.NS,Tata Motors Pass Vehicles,Retail Hype / Turnaround,155.92752075195312,157.7084197998047,154.55227661132812,155.59112548828125,141.946533203125,10657130
2010-01-13,TMPV.NS,Tata Motors Pass Vehicles,Retail Hype / Turnaround,155.33389282226562,157.19393920898438,152.78126525878906,155.32398986816406,141.70286560058594,17659374
2010-01-14,TMPV.NS,Tata Motors Pass Vehicles,Retail Hype / Turnaround,155.53176879882812,156.7783966064453,154.2554473876953,154.7699432373047,141.19737243652344,8626217
2010-01-15,TMPV.NS,Tata Motors Pass Vehicles,Retail Hype / Turnaround,154.93812561035156,158.99462890625,153.35511779785156,157.7480010986328,143.91427612304688,18955837
2010-01-18,TMPV.NS,Tata Motors Pass Vehicles,Retail Hype / Turnaround,157.0455322265625,161.01296997070312,155.38336181640625,160.4490203857422,146.37843322753906,18756613
2010-01-19,TMPV.NS,Tata Motors Pass Vehicles,Retail Hype / Turnaround,160.8744659423828,162.02215576171875,158.70770263671875,159.62783813476562,145.62928771972656,11559642
2010-01-20,TMPV.NS,Tata Motors Pass Vehicles,Retail Hype / Turnaround,160.28082275390625,160.7557373046875,158.11407470703125,159.2815399169922,145.31336975097656,10185363
2010-01-21,TMPV.NS,Tata Motors Pass Vehicles,Retail Hype / Turnaround,158.24269104003906,159.02430725097656,154.40386962890625,154.88865661621094,141.30569458007812,9291983
2010-01-22,TMPV.NS,Tata Motors Pass Vehicles,Retail Hype / Turnaround,150.8618621826172,155.82858276367188,149.19967651367188,153.95863342285156,140.4572296142578,12698513
2010-01-25,TMPV.NS,Tata Motors Pass Vehicles,Retail Hype / Turnaround,153.9883270263672,154.93812561035156,150.38694763183594,152.0985870361328,138.7602996826172,8448704
2010-01-27,TMPV.NS,Tata Motors Pass Vehicles,Retail Hype / Turnaround,148.80392456054688,150.8618621826172,140.73052978515625,142.06619262695312,129.60769653320312,16092885
2010-01-28,TMPV.NS,Tata Motors Pass Vehicles,Retail Hype / Turnaround,143.4612274169922,145.37075805664062,138.9595184326172,140.7107391357422,128.37110900878906,27120072
2010-01-29,TMPV.NS,Tata Motors Pass Vehicles,Retail Hype / Turnaround,139.50367736816406,140.8492431640625,132.87478637695312,137.3962860107422,125.34732818603516,20899408
2010-02-01,TMPV.NS,Tata Motors Pass Vehicles,Retail Hype / Turnaround,136.0803985595703,143.13473510742188,134.23023986816406,142.44216918945312,129.95069885253906,24102055
2010-02-02,TMPV.NS,Tata Motors Pass Vehicles,Retail Hype / Turnaround,144.45062255859375,146.4293975830078,139.51358032226562,140.3842315673828,128.07322692871094,21818956
2010-02-03,TMPV.NS,Tata Motors Pass Vehicles,Retail Hype / Turnaround,141.48245239257812,143.85699462890625,140.3644561767578,142.778564453125,130.25759887695312,11665708
2010-02-04,TMPV.NS,Tata Motors Pass Vehicles,Retail Hype / Turnaround,142.6697235107422,143.4612274169922,135.7637939453125,136.4563751220703,124.48983001708984,14364089
2010-02-05,TMPV.NS,Tata Motors Pass Vehicles,Retail Hype / Turnaround,132.57797241210938,134.2599334716797,130.23312377929688,133.0133056640625,121.34870910644531,22246872
2010-02-08,TMPV.NS,Tata Motors Pass Vehicles,Retail Hype / Turnaround,133.57725524902344,136.11997985839844,125.4049072265625,133.2210693359375,121.5382308959961,17350173
2010-02-09,TMPV.NS,Tata Motors Pass Vehicles,Retail Hype / Turnaround,131.63804626464844,136.1397705078125,131.40060424804688,133.83448791503906,122.09788513183594,13384786
2010-02-10,TMPV.NS,Tata Motors Pass Vehicles,Retail Hype / Turnaround,135.54612731933594,137.3270263671875,131.9843292236328,132.5186004638672,120.89739227294922,13442883
2010-02-11,TMPV.NS,Tata Motors Pass Vehicles,Retail Hype / Turnaround,133.56735229492188,136.91148376464844,133.2804412841797,136.10018920898438,124.16487121582031,10099224
2010-02-15,TMPV.NS,Tata Motors Pass Vehicles,Retail Hype / Turnaround,137.30723571777344,138.98919677734375,134.6556854248047,135.1800537109375,123.32544708251953,12144363
2010-02-16,TMPV.NS,Tata Motors Pass Vehicles,Retail Hype / Turnaround,135.961669921875,140.29519653320312,135.54612731933594,139.13760375976562,126.93592071533203,10227647
2010-02-17,TMPV.NS,Tata Motors Pass Vehicles,Retail Hype / Turnaround,140.49307250976562,142.8675994873047,140.10720825195312,140.78988647460938,128.44332885742188,12520479
2010-02-18,TMPV.NS,Tata Motors Pass Vehicles,Retail Hype / Turnaround,141.38351440429688,142.45205688476562,139.2068634033203,140.46339416503906,128.1454620361328,11860551
2010-02-19,TMPV.NS,Tata Motors Pass Vehicles,Retail Hype / Turnaround,139.30580139160156,140.3743438720703,136.0210418701172,138.47471618652344,126.33118438720703,12664376
2010-02-22,TMPV.NS,Tata Motors Pass Vehicles,Retail Hype / Turnaround,140.49307250976562,141.423095703125,138.8209991455078,139.51358032226562,127.2789535522461,8688478
2010-02-23,TMPV.NS,Tata Motors Pass Vehicles,Retail Hype / Turnaround,138.31642150878906,140.86903381347656,137.52490234375,138.45492553710938,126.31312561035156,13054284
2010-02-24,TMPV.NS,Tata Motors Pass Vehicles,Retail Hype / Turnaround,136.9312744140625,138.1877899169922,133.56735229492188,135.4373016357422,123.56013488769531,15428009
2010-02-25,TMPV.NS,Tata Motors Pass Vehicles,Retail Hype / Turnaround,136.1397705078125,136.1397705078125,130.8663330078125,132.06349182128906,120.48218536376953,23716569
2010-02-26,TMPV.NS,Tata Motors Pass Vehicles,Retail Hype / Turnaround,131.5885772705078,142.6004638671875,131.5885772705078,140.73052978515625,128.38914489746094,27928931
2010-03-02,TMPV.NS,Tata Motors Pass Vehicles,Retail Hype / Turnaround,142.4718475341797,159.80592346191406,142.4718475341797,157.9161834716797,144.06773376464844,49889228
2010-03-03,TMPV.NS,Tata Motors Pass Vehicles,Retail Hype / Turnaround,160.28082275390625,161.06243896484375,157.35223388671875,160.13241577148438,146.089599609375,34628599
2010-03-04,TMPV.NS,Tata Motors Pass Vehicles,Retail Hype / Turnaround,160.0631561279297,164.17901611328125,158.13385009765625,160.8744659423828,146.76658630371094,36989165
2010-03-05,TMPV.NS,Tata Motors Pass Vehicles,Retail Hype / Turnaround,161.8638458251953,161.8638458251953,156.65966796875,157.1642608642578,143.3817596435547,27008963
2010-03-08,TMPV.NS,Tata Motors Pass Vehicles,Retail Hype / Turnaround,158.3020477294922,161.68576049804688,156.94659423828125,157.8370361328125,143.9955291748047,20424255
2010-03-09,TMPV.NS,Tata Motors Pass Vehicles,Retail Hype / Turnaround,155.33389282226562,155.33389282226562,150.98057556152344,153.56288146972656,140.09622192382812,57668210
2010-03-10,TMPV.NS,Tata Motors Pass Vehicles,Retail Hype / Turnaround,153.94874572753906,156.87733459472656,153.44415283203125,154.09715270996094,140.58358764648438,22771045
2010-03-11,TMPV.NS,Tata Motors Pass Vehicles,Retail Hype / Turnaround,154.34449768066406,154.8985595703125,151.72262573242188,152.4448699951172,139.07620239257812,13225081
2010-03-12,TMPV.NS,Tata Motors Pass Vehicles,Retail Hype / Turnaround,152.9593505859375,154.15650939941406,150.15939331054688,150.56503295898438,137.36123657226562,18038608
2010-03-15,TMPV.NS,Tata Motors Pass Vehicles,Retail Hype / Turnaround,149.39756774902344,153.49362182617188,148.80392456054688,152.18763732910156,138.84152221679688,17543044
2010-03-16,TMPV.NS,Tata Motors Pass Vehicles,Retail Hype / Turnaround,152.9593505859375,155.9967803955078,152.78126525878906,155.54165649414062,141.9014434814453,14401329
2010-03-17,TMPV.NS,Tata Motors Pass Vehicles,Retail Hype / Turnaround,156.28370666503906,157.46107482910156,153.94874572753906,154.4434356689453,140.89952087402344,18807902
2010-03-18,TMPV.NS,Tata Motors Pass Vehicles,Retail Hype / Turnaround,154.87876892089844,156.12539672851562,153.19680786132812,154.40386962890625,140.86341857910156,10309081
2010-03-19,TMPV.NS,Tata Motors Pass Vehicles,Retail Hype / Turnaround,153.4540557861328,155.6208038330078,153.35511779785156,155.06675720214844,141.46817016601562,9961296
2010-03-22,TMPV.NS,Tata Motors Pass Vehicles,Retail Hype / Turnaround,153.75086975097656,154.9875946044922,150.10992431640625,150.42652893066406,137.23486328125,15177582
2010-03-23,TMPV.NS,Tata Motors Pass Vehicles,Retail Hype / Turnaround,150.38694763183594,152.05902099609375,145.6378936767578,146.29087829589844,133.46192932128906,24082386
2010-03-25,TMPV.NS,Tata Motors Pass Vehicles,Retail Hype / Turnaround,147.41879272460938,149.00180053710938,141.33404541015625,143.5008087158203,130.91651916503906,44001415
2010-03-26,TMPV.NS,Tata Motors Pass Vehicles,Retail Hype / Turnaround,144.7474365234375,149.7537384033203,144.13401794433594,148.35870361328125,135.348388671875,39431276
2010-03-29,TMPV.NS,Tata Motors Pass Vehicles,Retail Hype / Turnaround,149.02159118652344,150.2880096435547,145.4499053955078,146.54812622070312,133.69659423828125,26307691
2010-03-30,TMPV.NS,Tata Motors Pass Vehicles,Retail Hype / Turnaround,147.3990020751953,150.30780029296875,146.54812622070312,149.58554077148438,136.46763610839844,27946856
2010-03-31,TMPV.NS,Tata Motors Pass Vehicles,Retail Hype / Turnaround,149.99119567871094,151.67315673828125,148.6456298828125,149.93182373046875,136.78355407714844,16156899
2010-04-01,TMPV.NS,Tata Motors Pass Vehicles,Retail Hype / Turnaround,150.38694763183594,154.34449768066406,150.38694763183594,153.87948608398438,140.38504028320312,20006815
2010-04-05,TMPV.NS,Tata Motors Pass Vehicles,Retail Hype / Turnaround,154.9678192138672,155.92752075195312,149.59544372558594,154.6314239501953,141.07102966308594,16111998
2010-04-06,TMPV.NS,Tata Motors Pass Vehicles,Retail Hype / Turnaround,155.31410217285156,155.51197814941406,152.06890869140625,153.18692016601562,139.75320434570312,11920952
2010-04-07,TMPV.NS,Tata Motors Pass Vehicles,Retail Hype / Turnaround,153.34521484375,157.9062957763672,153.2561798095703,157.38192749023438,143.58035278320312,20079249
2010-04-08,TMPV.NS,Tata Motors Pass Vehicles,Retail Hype / Turnaround,157.5105438232422,157.7084197998047,152.2469940185547,153.95863342285156,140.4572296142578,11364522
2010-04-09,TMPV.NS,Tata Motors Pass Vehicles,Retail Hype / Turnaround,155.33389282226562,161.1416015625,154.34449768066406,160.21156311035156,146.16183471679688,29347237
2010-04-12,TMPV.NS,Tata Motors Pass Vehicles,Retail Hype / Turnaround,160.27093505859375,160.27093505859375,153.96853637695312,154.55227661132812,140.9988555908203,29781931
2010-04-13,TMPV.NS,Tata Motors Pass Vehicles,Retail Hype / Turnaround,154.93812561035156,155.67027282714844,150.6046142578125,153.29574584960938,139.8524627685547,49489395
2010-04-15,TMPV.NS,Tata Motors Pass Vehicles,Retail Hype / Turnaround,154.34449768066406,157.78756713867188,152.761474609375,153.42437744140625,139.9698486328125,30353385
2010-04-16,TMPV.NS,Tata Motors Pass Vehicles,Retail Hype / Turnaround,153.35511779785156,156.21444702148438,153.2165985107422,155.284423828125,141.66671752929688,17014035
2010-04-19,TMPV.NS,Tata Motors Pass Vehicles,Retail Hype / Turnaround,151.62368774414062,154.2455596923828,151.0597381591797,153.51341247558594,140.05105590820312,18251422
2010-04-20,TMPV.NS,Tata Motors Pass Vehicles,Retail Hype / Turnaround,153.75086975097656,158.07449340820312,153.75086975097656,156.7882843017578,143.0387420654297,21190375
2010-04-21,TMPV.NS,Tata Motors Pass Vehicles,Retail Hype / Turnaround,157.15435791015625,160.67657470703125,153.38479614257812,160.16209411621094,146.11669921875,24958473
2010-04-22,TMPV.NS,Tata Motors Pass Vehicles,Retail Hype / Turnaround,159.6674041748047,169.12596130371094,158.4999237060547,165.55426025390625,151.0360107421875,53118709
2010-04-23,TMPV.NS,Tata Motors Pass Vehicles,Retail Hype / Turnaround,165.82139587402344,167.89910888671875,163.74368286132812,167.0977020263672,152.44406127929688,28966138
2010-04-26,TMPV.NS,Tata Motors Pass Vehicles,Retail Hype / Turnaround,167.602294921875,170.3330078125,165.22776794433594,168.35423278808594,153.5904083251953,15735528
2010-04-27,TMPV.NS,Tata Motors Pass Vehicles,Retail Hype / Turnaround,168.0574188232422,169.14573669433594,166.8206787109375,167.51324462890625,152.8231658935547,22734583
2010-04-28,TMPV.NS,Tata Motors Pass Vehicles,Retail Hype / Turnaround,164.25816345214844,166.98887634277344,138.51429748535156,162.56631469726562,148.31005859375,19690948
2010-04-29,TMPV.NS,Tata Motors Pass Vehicles,Retail Hype / Turnaround,164.21859741210938,168.1761474609375,162.92250061035156,166.72174072265625,152.10107421875,41823624
2010-04-30,TMPV.NS,Tata Motors Pass Vehicles,Retail Hype / Turnaround,167.8001708984375,173.83543395996094,167.20654296875,172.66796875,157.5258331298828,30858379
2010-05-03,TMPV.NS,Tata Motors Pass Vehicles,Retail Hype / Turnaround,172.3513641357422,174.66651916503906,167.7309112548828,169.0764923095703,154.2493438720703,23773791
2010-05-04,TMPV.NS,Tata Motors Pass Vehicles,Retail Hype / Turnaround,169.98672485351562,172.05453491210938,165.8411865234375,166.65248107910156,152.03785705566406,18968476
2010-05-05,TMPV.NS,Tata Motors Pass Vehicles,Retail Hype / Turnaround,162.2595977783203,166.53375244140625,159.55857849121094,165.19808959960938,150.71107482910156,18946811
2010-05-06,TMPV.NS,Tata Motors Pass Vehicles,Retail Hype / Turnaround,165.22776794433594,165.22776794433594,159.52890014648438,160.9635009765625,146.84780883789062,24010448
2010-05-07,TMPV.NS,Tata Motors Pass Vehicles,Retail Hype / Turnaround,159.25186157226562,159.25186157226562,150.010986328125,150.9311065673828,137.69520568847656,28801931
2010-05-10,TMPV.NS,Tata Motors Pass Vehicles,Retail Hype / Turnaround,156.71902465820312,161.6659698486328,151.48516845703125,160.99319458007812,146.8748779296875,22222064
2010-05-11,TMPV.NS,Tata Motors Pass Vehicles,Retail Hype / Turnaround,161.58682250976562,162.0617218017578,156.9663848876953,158.28225708007812,144.40170288085938,21729699
2010-05-12,TMPV.NS,Tata Motors Pass Vehicles,Retail Hype / Turnaround,157.33245849609375,160.65679931640625,156.62008666992188,158.82643127441406,144.89816284179688,19139875
2010-05-13,TMPV.NS,Tata Motors Pass Vehicles,Retail Hype / Turnaround,160.27093505859375,165.60372924804688,160.1126251220703,164.4065704345703,149.98892211914062,23865686
2010-05-14,TMPV.NS,Tata Motors Pass Vehicles,Retail Hype / Turnaround,164.63414001464844,165.22776794433594,160.39955139160156,161.51756286621094,147.35328674316406,13830264
2010-05-17,TMPV.NS,Tata Motors Pass Vehicles,Retail Hype / Turnaround,159.68719482421875,159.68719482421875,153.2759552001953,156.16497802734375,142.4700927734375,24175191
2010-05-18,TMPV.NS,Tata Motors Pass Vehicles,Retail Hype / Turnaround,157.3126678466797,157.3126678466797,151.41590881347656,152.8307342529297,139.42825317382812,22833144
2010-05-19,TMPV.NS,Tata Motors Pass Vehicles,Retail Hype / Turnaround,151.3763427734375,151.3763427734375,139.90933227539062,141.46267700195312,129.05711364746094,42604941
2010-05-20,TMPV.NS,Tata Motors Pass Vehicles,Retail Hype / Turnaround,142.0760955810547,144.90574645996094,137.5941619873047,140.86903381347656,128.5155487060547,32478158
2010-05-21,TMPV.NS,Tata Motors Pass Vehicles,Retail Hype / Turnaround,136.5355224609375,141.3439483642578,133.86416625976562,140.46339416503906,128.1454620361328,42409395
2010-05-24,TMPV.NS,Tata Motors Pass Vehicles,Retail Hype / Turnaround,142.4718475341797,146.3106689453125,138.91004943847656,139.88954162597656,127.62189483642578,27683087
2010-05-25,TMPV.NS,Tata Motors Pass Vehicles,Retail Hype / Turnaround,138.31642150878906,138.39556884765625,132.57797241210938,133.26065063476562,121.5743408203125,22896567
2010-05-26,TMPV.NS,Tata Motors Pass Vehicles,Retail Hype / Turnaround,133.56735229492188,141.26478576660156,133.56735229492188,140.39413452148438,128.082275390625,26941684
2010-05-27,TMPV.NS,Tata Motors Pass Vehicles,Retail Hype / Turnaround,139.91921997070312,148.40817260742188,139.3948516845703,146.7756805419922,133.90419006347656,46147010
2010-05-28,TMPV.NS,Tata Motors Pass Vehicles,Retail Hype / Turnaround,150.38694763183594,153.09786987304688,146.93399047851562,148.30923461914062,135.30325317382812,39059693
2010-05-31,TMPV.NS,Tata Motors Pass Vehicles,Retail Hype / Turnaround,149.17990112304688,151.23782348632812,146.6272735595703,149.39756774902344,136.29615783691406,22413182
2010-06-01,TMPV.NS,Tata Motors Pass Vehicles,Retail Hype / Turnaround,148.03221130371094,150.07034301757812,142.58067321777344,143.4513397216797,130.87136840820312,24048880
2010-06-02,TMPV.NS,Tata Motors Pass Vehicles,Retail Hype / Turnaround,145.44000244140625,148.3784942626953,143.67889404296875,147.64634704589844,134.69850158691406,28703946
2010-06-03,TMPV.NS,Tata Motors Pass Vehicles,Retail Hype / Turnaround,149.39756774902344,152.761474609375,149.39756774902344,151.82156372070312,138.507568359375,24720427
2010-06-04,TMPV.NS,Tata Motors Pass Vehicles,Retail Hype / Turnaround,151.9105987548828,153.5233154296875,149.5162811279297,152.6823272705078,139.29287719726562,17680584
2010-06-07,TMPV.NS,Tata Motors Pass Vehicles,Retail Hype / Turnaround,149.59544372558594,149.59544372558594,144.92552185058594,145.85556030273438,133.0647735595703,27858317
2010-06-08,TMPV.NS,Tata Motors Pass Vehicles,Retail Hype / Turnaround,145.8357696533203,149.6943817138672,144.64849853515625,145.5983123779297,132.830078125,26978136
2010-06-09,TMPV.NS,Tata Motors Pass Vehicles,Retail Hype / Turnaround,145.44000244140625,147.3594207763672,143.1050567626953,144.06475830078125,131.43099975585938,33286679
2010-06-10,TMPV.NS,Tata Motors Pass Vehicles,Retail Hype / Turnaround,146.16226196289062,150.8717498779297,144.45062255859375,150.2088623046875,137.03628540039062,24950044
2010-06-11,TMPV.NS,Tata Motors Pass Vehicles,Retail Hype / Turnaround,152.26678466796875,152.9395751953125,149.92193603515625,151.35655212402344,138.0833282470703,26420786
2010-06-14,TMPV.NS,Tata Motors Pass Vehicles,Retail Hype / Turnaround,151.969970703125,152.91978454589844,149.2293701171875,150.43641662597656,137.243896484375,17644648
2010-06-15,TMPV.NS,Tata Motors Pass Vehicles,Retail Hype / Turnaround,150.58482360839844,152.1678466796875,148.28944396972656,150.3275909423828,137.1446075439453,16351196
2010-06-16,TMPV.NS,Tata Motors Pass Vehicles,Retail Hype / Turnaround,151.3763427734375,155.92752075195312,151.3763427734375,154.41375732421875,140.87245178222656,26018942
2010-06-17,TMPV.NS,Tata Motors Pass Vehicles,Retail Hype / Turnaround,155.13601684570312,159.390380859375,153.35511779785156,158.7373809814453,144.81690979003906,23857959
2010-06-18,TMPV.NS,Tata Motors Pass Vehicles,Retail Hype / Turnaround,159.29144287109375,160.67657470703125,156.9169158935547,158.65823364257812,144.74472045898438,20921856
2010-06-21,TMPV.NS,Tata Motors Pass Vehicles,Retail Hype / Turnaround,160.08294677734375,162.92250061035156,159.3112335205078,159.74655151367188,145.73757934570312,19993034
2010-06-22,TMPV.NS,Tata Motors Pass Vehicles,Retail Hype / Turnaround,160.181884765625,160.181884765625,156.63987731933594,157.8370361328125,143.9955291748047,15775037
2010-06-23,TMPV.NS,Tata Motors Pass Vehicles,Retail Hype / Turnaround,156.3430633544922,159.6674041748047,155.93740844726562,156.5310516357422,142.8040771484375,17385856
2010-06-24,TMPV.NS,Tata Motors Pass Vehicles,Retail Hype / Turnaround,156.7783966064453,157.86671447753906,154.69078063964844,155.3734588623047,141.7479705810547,15245467
2010-06-25,TMPV.NS,Tata Motors Pass Vehicles,Retail Hype / Turnaround,155.3734588623047,156.12539672851562,151.52474975585938,152.14805603027344,138.80543518066406,17019276
2010-06-28,TMPV.NS,Tata Motors Pass Vehicles,Retail Hype / Turnaround,152.36572265625,157.08509826660156,152.36572265625,156.17486572265625,142.4791259765625,12556784
2010-06-29,TMPV.NS,Tata Motors Pass Vehicles,Retail Hype / Turnaround,156.12539672851562,156.12539672851562,151.67315673828125,152.5537109375,139.17550659179688,14291135
2010-06-30,TMPV.NS,Tata Motors Pass Vehicles,Retail Hype / Turnaround,150.43641662597656,154.7105712890625,150.1494903564453,154.0476837158203,140.53848266601562,17480177
2010-07-01,TMPV.NS,Tata Motors Pass Vehicles,Retail Hype / Turnaround,153.90916442871094,154.36428833007812,150.614501953125,150.9311065673828,137.69520568847656,12274979
2010-07-02,TMPV.NS,Tata Motors Pass Vehicles,Retail Hype / Turnaround,152.36572265625,153.5233154296875,150.98057556152344,151.6533660888672,138.35414123535156,12038767
2010-07-05,TMPV.NS,Tata Motors Pass Vehicles,Retail Hype / Turnaround,151.36643981933594,154.29502868652344,150.2088623046875,151.02015686035156,137.7764434814453,16098868
2010-07-06,TMPV.NS,Tata Motors Pass Vehicles,Retail Hype / Turnaround,151.36643981933594,152.72190856933594,150.58482360839844,151.95018005371094,138.62489318847656,14020533
2010-07-07,TMPV.NS,Tata Motors Pass Vehicles,Retail Hype / Turnaround,151.67315673828125,152.34593200683594,148.09156799316406,148.59616088867188,135.5650177001953,12754144
2010-07-08,TMPV.NS,Tata Motors Pass Vehicles,Retail Hype / Turnaround,150.38694763183594,151.59400939941406,149.32830810546875,149.6251220703125,136.50375366210938,11395778
2010-07-09,TMPV.NS,Tata Motors Pass Vehicles,Retail Hype / Turnaround,150.58482360839844,152.86041259765625,150.18907165527344,152.50424194335938,139.13040161132812,15919247
2010-07-12,TMPV.NS,Tata Motors Pass Vehicles,Retail Hype / Turnaround,153.75086975097656,156.95648193359375,152.8208465576172,156.3529510498047,142.6416015625,22252204
2010-07-13,TMPV.NS,Tata Motors Pass Vehicles,Retail Hype / Turnaround,156.52114868164062,159.23207092285156,155.83847045898438,158.6780242919922,144.7627716064453,14691923
2010-07-14,TMPV.NS,Tata Motors Pass Vehicles,Retail Hype / Turnaround,159.68719482421875,161.2306365966797,157.3126678466797,158.3020477294922,144.41973876953125,13678058
2010-07-15,TMPV.NS,Tata Motors Pass Vehicles,Retail Hype / Turnaround,158.3020477294922,160.67657470703125,156.52114868164062,160.181884765625,146.13475036621094,15651496
2010-07-16,TMPV.NS,Tata Motors Pass Vehicles,Retail Hype / Turnaround,160.28082275390625,165.39596557617188,160.07305908203125,164.71328735351562,150.2687530517578,26426881
2010-07-19,TMPV.NS,Tata Motors Pass Vehicles,Retail Hype / Turnaround,163.64474487304688,165.01010131835938,162.48716735839844,163.308349609375,148.98704528808594,9332836
2010-07-20,TMPV.NS,Tata Motors Pass Vehicles,Retail Hype / Turnaround,164.04049682617188,164.83201599121094,160.08294677734375,160.8843536376953,146.7755889892578,8860549
2010-07-21,TMPV.NS,Tata Motors Pass Vehicles,Retail Hype / Turnaround,161.8638458251953,163.4270782470703,161.5472412109375,162.328857421875,148.0934295654297,9242644
2010-07-22,TMPV.NS,Tata Motors Pass Vehicles,Retail Hype / Turnaround,162.0617218017578,166.21714782714844,161.2702178955078,165.62351989746094,151.0991668701172,13248283
2010-07-23,TMPV.NS,Tata Motors Pass Vehicles,Retail Hype / Turnaround,166.6326904296875,167.5924072265625,164.51541137695312,165.90054321289062,151.35191345214844,13194906
2010-07-26,TMPV.NS,Tata Motors Pass Vehicles,Retail Hype / Turnaround,166.4150390625,166.45460510253906,161.88363647460938,162.49705505371094,148.2468719482422,8951373
2010-07-27,TMPV.NS,Tata Motors Pass Vehicles,Retail Hype / Turnaround,162.4574737548828,167.790283203125,162.4574737548828,167.11749267578125,152.4621124267578,14545160
2010-07-28,TMPV.NS,Tata Motors Pass Vehicles,Retail Hype / Turnaround,166.6129150390625,169.8778839111328,166.6129150390625,169.14573669433594,154.31248474121094,14313133
2010-07-29,TMPV.NS,Tata Motors Pass Vehicles,Retail Hype / Turnaround,169.40298461914062,172.00506591796875,167.2856903076172,171.50048828125,156.46075439453125,18101253
2010-07-30,TMPV.NS,Tata Motors Pass Vehicles,Retail Hype / Turnaround,168.98744201660156,170.3330078125,166.86026000976562,167.4736785888672,152.78704833984375,10827028
2010-08-02,TMPV.NS,Tata Motors Pass Vehicles,Retail Hype / Turnaround,168.9775390625,170.74855041503906,166.85035705566406,167.6715545654297,152.96759033203125,11074418
2010-08-03,TMPV.NS,Tata Motors Pass Vehicles,Retail Hype / Turnaround,169.16552734375,169.38319396972656,166.0390625,166.57333374023438,151.9656982421875,14728713
2010-08-04,TMPV.NS,Tata Motors Pass Vehicles,Retail Hype / Turnaround,166.810791015625,167.8001708984375,165.22776794433594,167.0977020263672,152.44406127929688,7603626
2010-08-05,TMPV.NS,Tata Motors Pass Vehicles,Retail Hype / Turnaround,167.4044189453125,171.5103759765625,166.79100036621094,170.37258911132812,155.4317626953125,14736203
2010-08-06,TMPV.NS,Tata Motors Pass Vehicles,Retail Hype / Turnaround,170.17471313476562,178.44598388671875,169.8284149169922,176.8431854248047,161.3349151611328,34896871
2010-08-09,TMPV.NS,Tata Motors Pass Vehicles,Retail Hype / Turnaround,177.8325653076172,182.39364624023438,177.1004180908203,181.9286346435547,165.97439575195312,21464474
2010-08-10,TMPV.NS,Tata Motors Pass Vehicles,Retail Hype / Turnaround,183.0367431640625,191.3476104736328,175.55697631835938,189.42819213867188,175.6825408935547,81052897
2010-08-11,TMPV.NS,Tata Motors Pass Vehicles,Retail Hype / Turnaround,190.40768432617188,202.72557067871094,190.2691650390625,199.20333862304688,184.7483673095703,82490235
2010-08-12,TMPV.NS,Tata Motors Pass Vehicles,Retail Hype / Turnaround,199.26271057128906,204.4470977783203,196.00762939453125,202.76513671875,188.05169677734375,34680035
2010-08-13,TMPV.NS,Tata Motors Pass Vehicles,Retail Hype / Turnaround,203.2202606201172,204.80328369140625,199.3616485595703,200.5291290283203,185.97796630859375,19571364
2010-08-16,TMPV.NS,Tata Motors Pass Vehicles,Retail Hype / Turnaround,201.21180725097656,202.3594970703125,196.4330596923828,198.1446990966797,183.76654052734375,13504956
2010-08-17,TMPV.NS,Tata Motors Pass Vehicles,Retail Hype / Turnaround,198.83726501464844,201.59765625,197.4818115234375,199.19345092773438,184.73922729492188,20910035
2010-08-18,TMPV.NS,Tata Motors Pass Vehicles,Retail Hype / Turnaround,200.64785766601562,209.45339965820312,200.44996643066406,207.43505859375,192.38275146484375,33446080
2010-08-19,TMPV.NS,Tata Motors Pass Vehicles,Retail Hype / Turnaround,205.79266357421875,207.7714385986328,204.1997528076172,205.8817138671875,190.94212341308594,15331571
2010-08-20,TMPV.NS,Tata Motors Pass Vehicles,Retail Hype / Turnaround,203.55665588378906,205.39691162109375,200.4202880859375,200.91497802734375,186.33580017089844,20173575
2010-08-23,TMPV.NS,Tata Motors Pass Vehicles,Retail Hype / Turnaround,201.80543518066406,203.06195068359375,199.06483459472656,200.91497802734375,186.33580017089844,12888823
2010-08-24,TMPV.NS,Tata Motors Pass Vehicles,Retail Hype / Turnaround,201.02381896972656,201.83511352539062,199.28250122070312,200.20262145996094,185.67515563964844,9869360
2010-08-25,TMPV.NS,Tata Motors Pass Vehicles,Retail Hype / Turnaround,199.3616485595703,200.5390167236328,194.53343200683594,196.35391235351562,182.10572814941406,15772252
2010-08-26,TMPV.NS,Tata Motors Pass Vehicles,Retail Hype / Turnaround,195.89878845214844,201.42947387695312,195.3348388671875,197.3630828857422,183.04165649414062,30891404
2010-08-27,TMPV.NS,Tata Motors Pass Vehicles,Retail Hype / Turnaround,197.283935546875,200.23231506347656,195.324951171875,196.05709838867188,181.83041381835938,12903049
2010-08-30,TMPV.NS,Tata Motors Pass Vehicles,Retail Hype / Turnaround,198.6690673828125,199.8365478515625,193.9595947265625,195.86911010742188,181.6560821533203,13117949
2010-08-31,TMPV.NS,Tata Motors Pass Vehicles,Retail Hype / Turnaround,194.90940856933594,200.82594299316406,194.18714904785156,199.92559814453125,185.418212890625,32532480
2010-09-01,TMPV.NS,Tata Motors Pass Vehicles,Retail Hype / Turnaround,200.84573364257812,201.73617553710938,198.50088500976562,200.00474548339844,185.49160766601562,14422741
2010-09-02,TMPV.NS,Tata Motors Pass Vehicles,Retail Hype / Turnaround,202.03298950195312,204.1997528076172,200.64785766601562,201.23158264160156,186.6294403076172,13703574
2010-09-03,TMPV.NS,Tata Motors Pass Vehicles,Retail Hype / Turnaround,201.8549041748047,202.8739776611328,199.9058074951172,200.59837341308594,186.0421905517578,5986873
2010-09-06,TMPV.NS,Tata Motors Pass Vehicles,Retail Hype / Turnaround,201.75596618652344,205.79266357421875,201.75596618652344,204.80328369140625,189.94195556640625,10815687
2010-09-07,TMPV.NS,Tata Motors Pass Vehicles,Retail Hype / Turnaround,204.4075164794922,209.84915161132812,204.4075164794922,205.6244659423828,190.7035675048828,11105372
2010-09-08,TMPV.NS,Tata Motors Pass Vehicles,Retail Hype / Turnaround,204.80328369140625,206.52481079101562,203.05206298828125,204.3877410888672,189.5565948486328,7991987
2010-09-09,TMPV.NS,Tata Motors Pass Vehicles,Retail Hype / Turnaround,204.60540771484375,206.4654541015625,199.58920288085938,200.8160400390625,186.24404907226562,11910673
2010-09-13,TMPV.NS,Tata Motors Pass Vehicles,Retail Hype / Turnaround,202.07257080078125,204.704345703125,201.30084228515625,203.2202606201172,188.4738006591797,12417880
2010-09-14,TMPV.NS,Tata Motors Pass Vehicles,Retail Hype / Turnaround,204.80328369140625,211.33323669433594,202.8245086669922,208.80039978027344,193.64901733398438,28712790
2010-09-15,TMPV.NS,Tata Motors Pass Vehicles,Retail Hype / Turnaround,210.73960876464844,213.5098876953125,201.6570281982422,202.74534606933594,188.0333709716797,32875429
2010-09-16,TMPV.NS,Tata Motors Pass Vehicles,Retail Hype / Turnaround,202.92344665527344,205.99053955078125,201.83511352539062,203.57644653320312,188.8041534423828,18527507
2010-09-17,TMPV.NS,Tata Motors Pass Vehicles,Retail Hype / Turnaround,205.59478759765625,207.35589599609375,203.71495056152344,204.9022216796875,190.03370666503906,14344420
2010-09-20,TMPV.NS,Tata Motors Pass Vehicles,Retail Hype / Turnaround,205.78277587890625,209.96788024902344,205.19903564453125,209.24563598632812,194.06198120117188,13433877
2010-09-21,TMPV.NS,Tata Motors Pass Vehicles,Retail Hype / Turnaround,209.35446166992188,214.69715881347656,208.04847717285156,213.8264923095703,198.3104248046875,24206907
2010-09-22,TMPV.NS,Tata Motors Pass Vehicles,Retail Hype / Turnaround,217.44766235351562,219.4462127685547,209.601806640625,211.90708923339844,196.5302734375,15792487
2010-09-23,TMPV.NS,Tata Motors Pass Vehicles,Retail Hype / Turnaround,212.5205078125,213.707763671875,210.2449188232422,212.57986450195312,197.15426635742188,11276250
2010-09-24,TMPV.NS,Tata Motors Pass Vehicles,Retail Hype / Turnaround,211.13536071777344,213.1833953857422,210.1756591796875,212.30284118652344,196.89730834960938,8037616
2010-09-27,TMPV.NS,Tata Motors Pass Vehicles,Retail Hype / Turnaround,215.7854766845703,216.67593383789062,211.78836059570312,214.43991088867188,198.8793487548828,11043551
2010-09-28,TMPV.NS,Tata Motors Pass Vehicles,Retail Hype / Turnaround,213.5,214.69715881347656,211.0364227294922,213.80670166015625,198.29205322265625,8215034
2010-09-29,TMPV.NS,Tata Motors Pass Vehicles,Retail Hype / Turnaround,213.87596130371094,219.61441040039062,213.8166046142578,218.94163513183594,203.0543975830078,20404829
2010-09-30,TMPV.NS,Tata Motors Pass Vehicles,Retail Hype / Turnaround,219.6342010498047,220.63348388671875,214.9445037841797,217.2893524169922,201.5220184326172,15719417
2010-10-01,TMPV.NS,Tata Motors Pass Vehicles,Retail Hype / Turnaround,218.6547088623047,228.548583984375,217.8632049560547,220.4652862548828,204.4674530029297,34713076
2010-10-04,TMPV.NS,Tata Motors Pass Vehicles,Retail Hype / Turnaround,222.79034423828125,226.96556091308594,217.66531372070312,225.39244079589844,209.037109375,17769624
2010-10-05,TMPV.NS,Tata Motors Pass Vehicles,Retail Hype / Turnaround,226.55992126464844,226.5994873046875,223.24546813964844,224.46241760253906,208.17454528808594,10861094
2010-10-06,TMPV.NS,Tata Motors Pass Vehicles,Retail Hype / Turnaround,226.36204528808594,227.73728942871094,224.59103393554688,225.32318115234375,208.97286987304688,14441525
2010-10-07,TMPV.NS,Tata Motors Pass Vehicles,Retail Hype / Turnaround,225.58042907714844,227.16343688964844,221.15786743164062,223.3444061279297,207.13766479492188,9498570
2010-10-08,TMPV.NS,Tata Motors Pass Vehicles,Retail Hype / Turnaround,224.47230529785156,225.51116943359375,216.28018188476562,218.24905395507812,202.4120635986328,13647423
2010-10-11,TMPV.NS,Tata Motors Pass Vehicles,Retail Hype / Turnaround,221.22711181640625,229.29063415527344,218.8525848388672,227.8758087158203,211.3402557373047,13036338
2010-10-12,TMPV.NS,Tata Motors Pass Vehicles,Retail Hype / Turnaround,227.72740173339844,230.507568359375,226.6588592529297,228.8651885986328,212.25784301757812,14779922
2010-10-13,TMPV.NS,Tata Motors Pass Vehicles,Retail Hype / Turnaround,228.8651885986328,233.99021911621094,227.33163452148438,232.7732696533203,215.88233947753906,13505826
2010-10-14,TMPV.NS,Tata Motors Pass Vehicles,Retail Hype / Turnaround,233.0997772216797,236.46368408203125,231.82345581054688,234.1386260986328,217.1486053466797,13352852
2010-10-15,TMPV.NS,Tata Motors Pass Vehicles,Retail Hype / Turnaround,234.2870330810547,235.43472290039062,227.6977081298828,228.75636291503906,212.15689086914062,9338355
2010-10-18,TMPV.NS,Tata Motors Pass Vehicles,Retail Hype / Turnaround,226.56980895996094,233.05030822753906,224.046875,231.30897521972656,214.52430725097656,15690758
2010-10-19,TMPV.NS,Tata Motors Pass Vehicles,Retail Hype / Turnaround,233.4955291748047,235.07855224609375,231.51675415039062,232.3379364013672,215.47857666015625,10234859
2010-10-20,TMPV.NS,Tata Motors Pass Vehicles,Retail Hype / Turnaround,231.49696350097656,232.9019012451172,228.15283203125,229.07296752929688,212.4505615234375,7828280
2010-10-21,TMPV.NS,Tata Motors Pass Vehicles,Retail Hype / Turnaround,230.52735900878906,233.18881225585938,229.73585510253906,230.94290161132812,214.1847686767578,10193262
2010-10-22,TMPV.NS,Tata Motors Pass Vehicles,Retail Hype / Turnaround,232.1895294189453,232.5160369873047,226.5994873046875,227.33163452148438,210.83558654785156,10673084
2010-10-25,TMPV.NS,Tata Motors Pass Vehicles,Retail Hype / Turnaround,228.6079559326172,235.4545135498047,228.6079559326172,234.61354064941406,217.58909606933594,9469365
2010-10-26,TMPV.NS,Tata Motors Pass Vehicles,Retail Hype / Turnaround,234.64321899414062,237.4530792236328,233.20860290527344,236.41421508789062,219.2590789794922,14224144
2010-10-27,TMPV.NS,Tata Motors Pass Vehicles,Retail Hype / Turnaround,235.47430419921875,237.8488311767578,234.18809509277344,236.6714630126953,219.49766540527344,8511909
2010-10-28,TMPV.NS,Tata Motors Pass Vehicles,Retail Hype / Turnaround,237.4530792236328,239.43185424804688,234.5343780517578,235.98878479003906,218.86448669433594,16175042
2010-10-29,TMPV.NS,Tata Motors Pass Vehicles,Retail Hype / Turnaround,235.98878479003906,236.80007934570312,225.798095703125,229.34010314941406,212.69830322265625,10778624
2010-11-01,TMPV.NS,Tata Motors Pass Vehicles,Retail Hype / Turnaround,233.4163818359375,234.45523071289062,230.1909637451172,231.63548278808594,214.82711791992188,7876703
2010-11-02,TMPV.NS,Tata Motors Pass Vehicles,Retail Hype / Turnaround,232.54571533203125,232.70401000976562,226.5797119140625,228.40017700195312,211.82656860351562,11642340
2010-11-03,TMPV.NS,Tata Motors Pass Vehicles,Retail Hype / Turnaround,229.92384338378906,235.8502655029297,229.87437438964844,234.59375,217.5707244873047,8046298
2010-11-04,TMPV.NS,Tata Motors Pass Vehicles,Retail Hype / Turnaround,236.44390869140625,245.36817932128906,233.0997772216797,244.19081115722656,226.4713897705078,18715401
2010-11-08,TMPV.NS,Tata Motors Pass Vehicles,Retail Hype / Turnaround,247.34695434570312,253.26348876953125,245.87277221679688,251.15609741210938,232.93124389648438,14387391
2010-11-09,TMPV.NS,Tata Motors Pass Vehicles,Retail Hype / Turnaround,253.4712677001953,256.0535583496094,249.65223693847656,251.2847137451172,233.05050659179688,19715842
2010-11-10,TMPV.NS,Tata Motors Pass Vehicles,Retail Hype / Turnaround,266.34320068359375,266.73895263671875,256.686767578125,257.73553466796875,239.03326416015625,28740933
2010-11-11,TMPV.NS,Tata Motors Pass Vehicles,Retail Hype / Turnaround,261.0005187988281,261.83160400390625,250.25575256347656,252.48187255859375,234.1608123779297,19481339
2010-11-12,TMPV.NS,Tata Motors Pass Vehicles,Retail Hype / Turnaround,250.31512451171875,255.44015502929688,245.68478393554688,246.60491943359375,228.71029663085938,15998145
2010-11-15,TMPV.NS,Tata Motors Pass Vehicles,Retail Hype / Turnaround,246.75332641601562,248.89039611816406,242.20213317871094,247.78228759765625,229.80224609375,14427209
2010-11-16,TMPV.NS,Tata Motors Pass Vehicles,Retail Hype / Turnaround,250.31512451171875,250.4140625,234.95982360839844,238.55130004882812,221.24110412597656,18540530
2010-11-18,TMPV.NS,Tata Motors Pass Vehicles,Retail Hype / Turnaround,241.01487731933594,244.77455139160156,232.78317260742188,243.53781127929688,225.86575317382812,25559314
2010-11-19,TMPV.NS,Tata Motors Pass Vehicles,Retail Hype / Turnaround,245.36817932128906,246.35757446289062,232.9019012451172,235.27642822265625,218.20384216308594,16342448
2010-11-22,TMPV.NS,Tata Motors Pass Vehicles,Retail Hype / Turnaround,238.64035034179688,244.12155151367188,235.68206787109375,242.9342803955078,225.30601501464844,10901483
2010-11-23,TMPV.NS,Tata Motors Pass Vehicles,Retail Hype / Turnaround,241.01487731933594,243.2706756591797,233.7329864501953,240.12442016601562,222.70005798339844,17503687
2010-11-24,TMPV.NS,Tata Motors Pass Vehicles,Retail Hype / Turnaround,240.63890075683594,249.46424865722656,238.46224975585938,241.18307495117188,223.681884765625,20702923
2010-11-25,TMPV.NS,Tata Motors Pass Vehicles,Retail Hype / Turnaround,243.48834228515625,247.32716369628906,237.4629669189453,238.60076904296875,221.28695678710938,18600774
2010-11-26,TMPV.NS,Tata Motors Pass Vehicles,Retail Hype / Turnaround,239.82760620117188,240.99508666992188,225.18466186523438,230.8142852783203,214.0655059814453,23512958
2010-11-29,TMPV.NS,Tata Motors Pass Vehicles,Retail Hype / Turnaround,230.70545959472656,236.2954864501953,226.56980895996094,234.6827850341797,217.65328979492188,11346172
2010-11-30,TMPV.NS,Tata Motors Pass Vehicles,Retail Hype / Turnaround,232.5160369873047,246.20916748046875,230.20086669921875,244.368896484375,226.63653564453125,18689167
2010-12-01,TMPV.NS,Tata Motors Pass Vehicles,Retail Hype / Turnaround,243.389404296875,257.83447265625,242.64736938476562,254.61895751953125,236.142822265625,30293120
2010-12-02,TMPV.NS,Tata Motors Pass Vehicles,Retail Hype / Turnaround,257.0033874511719,262.8803405761719,256.4097595214844,261.2280578613281,242.2723388671875,28966482
2010-12-03,TMPV.NS,Tata Motors Pass Vehicles,Retail Hype / Turnaround,260.4068603515625,266.4817199707031,257.8245849609375,260.1496276855469,241.2721710205078,28659135
2010-12-06,TMPV.NS,Tata Motors Pass Vehicles,Retail Hype / Turnaround,262.1877746582031,273.466796875,261.8019104003906,268.68804931640625,249.19100952148438,44883612
2010-12-07,TMPV.NS,Tata Motors Pass Vehicles,Retail Hype / Turnaround,267.1545104980469,267.58984375,259.6549377441406,264.2456970214844,245.07102966308594,24262518
2010-12-08,TMPV.NS,Tata Motors Pass Vehicles,Retail Hype / Turnaround,263.5729064941406,266.52130126953125,256.4493103027344,264.38421630859375,245.19944763183594,37380826
2010-12-09,TMPV.NS,Tata Motors Pass Vehicles,Retail Hype / Turnaround,264.57220458984375,265.15594482421875,249.1278533935547,252.0663299560547,233.7754364013672,27527774
2010-12-10,TMPV.NS,Tata Motors Pass Vehicles,Retail Hype / Turnaround,250.71087646484375,250.90875244140625,239.82760620117188,246.87205505371094,228.9580535888672,22295766
2010-12-13,TMPV.NS,Tata Motors Pass Vehicles,Retail Hype / Turnaround,248.5342254638672,256.0140075683594,247.98016357421875,252.72923278808594,234.39022827148438,16594175
2010-12-14,TMPV.NS,Tata Motors Pass Vehicles,Retail Hype / Turnaround,254.66842651367188,260.208984375,250.96810913085938,258.418212890625,239.6663818359375,19158776
2010-12-15,TMPV.NS,Tata Motors Pass Vehicles,Retail Hype / Turnaround,257.7948913574219,264.1665344238281,255.28184509277344,261.772216796875,242.77700805664062,18236064
2010-12-16,TMPV.NS,Tata Motors Pass Vehicles,Retail Hype / Turnaround,261.0005187988281,270.7756652832031,255.5093994140625,266.54107666015625,247.1998291015625,19317192
2010-12-20,TMPV.NS,Tata Motors Pass Vehicles,Retail Hype / Turnaround,263.5729064941406,269.8852233886719,261.6930847167969,267.33258056640625,247.93389892578125,14196879
2010-12-21,TMPV.NS,Tata Motors Pass Vehicles,Retail Hype / Turnaround,267.33258056640625,269.8852233886719,263.7312316894531,267.13470458984375,247.75039672851562,10812054
2010-12-22,TMPV.NS,Tata Motors Pass Vehicles,Retail Hype / Turnaround,268.3417663574219,271.3692932128906,266.54107666015625,270.132568359375,250.5307159423828,12828124
2010-12-23,TMPV.NS,Tata Motors Pass Vehicles,Retail Hype / Turnaround,269.3113708496094,271.98272705078125,264.3248596191406,267.6788635253906,248.2550506591797,10304407
2010-12-24,TMPV.NS,Tata Motors Pass Vehicles,Retail Hype / Turnaround,265.55169677734375,266.93682861328125,257.6563720703125,258.4577941894531,239.7030792236328,16127932
2010-12-27,TMPV.NS,Tata Motors Pass Vehicles,Retail Hype / Turnaround,258.0323486328125,261.37646484375,255.8260040283203,257.45849609375,238.7763214111328,8742582
2010-12-28,TMPV.NS,Tata Motors Pass Vehicles,Retail Hype / Turnaround,258.32916259765625,258.6655578613281,249.96884155273438,251.0868377685547,232.8669891357422,18243573
2010-12-29,TMPV.NS,Tata Motors Pass Vehicles,Retail Hype / Turnaround,251.30450439453125,253.26348876953125,247.74270629882812,252.0663299560547,233.7754364013672,15456785
2010-12-30,TMPV.NS,Tata Motors Pass Vehicles,Retail Hype / Turnaround,252.0960235595703,258.230224609375,251.93771362304688,257.2705078125,238.6019744873047,14592932
2010-12-31,TMPV.NS,Tata Motors Pass Vehicles,Retail Hype / Turnaround,258.4281005859375,260.3870849609375,256.4493103027344,258.8930969238281,240.10679626464844,8846131
2011-01-03,TMPV.NS,Tata Motors Pass Vehicles,Retail Hype / Turnaround,262.7220458984375,264.1665344238281,257.4783020019531,258.91290283203125,240.12518310546875,8480698
2011-01-04,TMPV.NS,Tata Motors Pass Vehicles,Retail Hype / Turnaround,259.9913330078125,261.3171081542969,254.28256225585938,256.9242248535156,238.2808074951172,11792059
2011-01-05,TMPV.NS,Tata Motors Pass Vehicles,Retail Hype / Turnaround,257.2408447265625,259.1998291015625,252.4917755126953,253.83734130859375,235.4179229736328,7965283
2011-01-06,TMPV.NS,Tata Motors Pass Vehicles,Retail Hype / Turnaround,255.103759765625,257.4189147949219,247.0204620361328,249.5236053466797,231.417236328125,11030563
2011-01-07,TMPV.NS,Tata Motors Pass Vehicles,Retail Hype / Turnaround,249.3257293701172,249.98861694335938,229.53797912597656,235.51388549804688,218.42410278320312,21823221
2011-01-10,TMPV.NS,Tata Motors Pass Vehicles,Retail Hype / Turnaround,235.67218017578125,238.8184356689453,229.02349853515625,232.842529296875,215.9465789794922,24076605
2011-01-11,TMPV.NS,Tata Motors Pass Vehicles,Retail Hype / Turnaround,234.26724243164062,237.23541259765625,225.6892547607422,229.15211486816406,212.52394104003906,21430559
2011-01-12,TMPV.NS,Tata Motors Pass Vehicles,Retail Hype / Turnaround,233.4955291748047,242.0240478515625,232.70401000976562,241.01487731933594,223.52590942382812,24175519
2011-01-13,TMPV.NS,Tata Motors Pass Vehicles,Retail Hype / Turnaround,241.60850524902344,246.74342346191406,239.82760620117188,244.71517944335938,226.95770263671875,28974199
2011-01-14,TMPV.NS,Tata Motors Pass Vehicles,Retail Hype / Turnaround,242.4000244140625,242.4000244140625,231.91250610351562,233.97042846679688,216.99264526367188,17378776
2011-01-17,TMPV.NS,Tata Motors Pass Vehicles,Retail Hype / Turnaround,234.96971130371094,235.07855224609375,228.64752197265625,233.26795959472656,216.34112548828125,12138596
2011-01-18,TMPV.NS,Tata Motors Pass Vehicles,Retail Hype / Turnaround,234.4849090576172,239.1548309326172,233.8912811279297,237.36402893066406,220.1399688720703,14289937
2011-01-19,TMPV.NS,Tata Motors Pass Vehicles,Retail Hype / Turnaround,238.99652099609375,239.0163116455078,234.14852905273438,236.01846313476562,218.89205932617188,12275924
2011-01-20,TMPV.NS,Tata Motors Pass Vehicles,Retail Hype / Turnaround,234.4651336669922,237.8488311767578,229.96340942382812,236.40432739257812,219.2499237060547,11811864
2011-01-21,TMPV.NS,Tata Motors Pass Vehicles,Retail Hype / Turnaround,235.47430419921875,238.2445831298828,231.9817657470703,234.95982360839844,217.91024780273438,10804575
2011-01-24,TMPV.NS,Tata Motors Pass Vehicles,Retail Hype / Turnaround,234.95982360839844,237.0177459716797,232.5259246826172,235.13790893554688,218.0753936767578,6420389
2011-01-25,TMPV.NS,Tata Motors Pass Vehicles,Retail Hype / Turnaround,237.2156219482422,237.2156219482422,229.5181884765625,230.72523498535156,213.98292541503906,12718970
2011-01-27,TMPV.NS,Tata Motors Pass Vehicles,Retail Hype / Turnaround,233.8813934326172,237.35414123535156,231.71463012695312,236.6318817138672,219.46095275878906,21052972
2011-01-28,TMPV.NS,Tata Motors Pass Vehicles,Retail Hype / Turnaround,235.07855224609375,235.4545135498047,222.0186309814453,227.61856079101562,211.10165405273438,15697246
2011-01-31,TMPV.NS,Tata Motors Pass Vehicles,Retail Hype / Turnaround,220.63348388671875,229.34010314941406,220.0596466064453,226.9754638671875,210.50523376464844,12785820
2011-02-01,TMPV.NS,Tata Motors Pass Vehicles,Retail Hype / Turnaround,227.8461151123047,227.8461151123047,210.34385681152344,211.541015625,196.19078063964844,25801333
2011-02-02,TMPV.NS,Tata Motors Pass Vehicles,Retail Hype / Turnaround,215.15228271484375,223.3839874267578,213.1735076904297,220.48507690429688,204.48580932617188,22464911
2011-02-03,TMPV.NS,Tata Motors Pass Vehicles,Retail Hype / Turnaround,217.62574768066406,230.4284210205078,216.47805786132812,228.90476989746094,212.29454040527344,14176336
2011-02-04,TMPV.NS,Tata Motors Pass Vehicles,Retail Hype / Turnaround,227.60867309570312,235.4644012451172,225.58042907714844,227.72740173339844,211.20262145996094,24900735
2011-02-07,TMPV.NS,Tata Motors Pass Vehicles,Retail Hype / Turnaround,225.798095703125,229.50830078125,219.80239868164062,226.83694458007812,210.3767852783203,17675020
2011-02-08,TMPV.NS,Tata Motors Pass Vehicles,Retail Hype / Turnaround,227.5592041015625,229.10264587402344,218.5063018798828,220.08932495117188,204.1188201904297,15107437
2011-02-09,TMPV.NS,Tata Motors Pass Vehicles,Retail Hype / Turnaround,217.66531372070312,221.1875457763672,208.26614379882812,212.4413604736328,197.02581787109375,24693875
2011-02-10,TMPV.NS,Tata Motors Pass Vehicles,Retail Hype / Turnaround,212.916259765625,221.0094451904297,212.4413604736328,218.16001892089844,202.32949829101562,15376154
2011-02-11,TMPV.NS,Tata Motors Pass Vehicles,Retail Hype / Turnaround,219.32749938964844,231.51675415039062,217.41796875,226.1147003173828,209.70693969726562,18418788
2011-02-14,TMPV.NS,Tata Motors Pass Vehicles,Retail Hype / Turnaround,236.1668701171875,241.76681518554688,235.8403778076172,239.283447265625,221.92013549804688,22358249
2011-02-15,TMPV.NS,Tata Motors Pass Vehicles,Retail Hype / Turnaround,240.20358276367188,246.93141174316406,237.81915283203125,244.84381103515625,227.0769805908203,20341477
2011-02-16,TMPV.NS,Tata Motors Pass Vehicles,Retail Hype / Turnaround,244.180908203125,246.29820251464844,240.88626098632812,245.06146240234375,227.27886962890625,8898446
2011-02-17,TMPV.NS,Tata Motors Pass Vehicles,Retail Hype / Turnaround,243.7752685546875,248.22750854492188,242.43959045410156,247.06993103027344,229.14157104492188,8783062
2011-02-18,TMPV.NS,Tata Motors Pass Vehicles,Retail Hype / Turnaround,247.14907836914062,248.91018676757812,237.67074584960938,238.55130004882812,221.24110412597656,13037718
2011-02-21,TMPV.NS,Tata Motors Pass Vehicles,Retail Hype / Turnaround,238.4424591064453,239.1746063232422,224.67018127441406,229.88426208496094,213.2029571533203,22259966
2011-02-22,TMPV.NS,Tata Motors Pass Vehicles,Retail Hype / Turnaround,227.5592041015625,228.3507080078125,222.15713500976562,224.9571075439453,208.63336181640625,12652636
2011-02-23,TMPV.NS,Tata Motors Pass Vehicles,Retail Hype / Turnaround,224.59103393554688,230.13160705566406,223.62142944335938,226.35214233398438,209.9271697998047,10373475
2011-02-24,TMPV.NS,Tata Motors Pass Vehicles,Retail Hype / Turnaround,225.38255310058594,225.95639038085938,205.52552795410156,208.64210510253906,193.50222778320312,27479492
2011-02-25,TMPV.NS,Tata Motors Pass Vehicles,Retail Hype / Turnaround,214.10353088378906,222.6122589111328,212.23358154296875,219.78260803222656,203.83433532714844,23675008
2011-02-28,TMPV.NS,Tata Motors Pass Vehicles,Retail Hype / Turnaround,220.63348388671875,222.8892822265625,208.76083374023438,214.25193786621094,198.70497131347656,32936017
2011-03-01,TMPV.NS,Tata Motors Pass Vehicles,Retail Hype / Turnaround,217.46743774414062,226.76768493652344,217.1013641357422,225.94650268554688,209.5509490966797,16617058
2011-03-03,TMPV.NS,Tata Motors Pass Vehicles,Retail Hype / Turnaround,225.1450958251953,234.42555236816406,221.6228790283203,232.80294799804688,215.9098663330078,24321630
2011-03-04,TMPV.NS,Tata Motors Pass Vehicles,Retail Hype / Turnaround,236.20645141601562,236.36474609375,230.70545959472656,232.654541015625,215.772216796875,16747431
2011-03-07,TMPV.NS,Tata Motors Pass Vehicles,Retail Hype / Turnaround,228.548583984375,228.548583984375,221.8207550048828,223.1959991455078,207.00003051757812,15032881
2011-03-08,TMPV.NS,Tata Motors Pass Vehicles,Retail Hype / Turnaround,222.8101348876953,230.507568359375,222.6122589111328,229.96340942382812,213.27635192871094,11187862
2011-03-09,TMPV.NS,Tata Motors Pass Vehicles,Retail Hype / Turnaround,231.77398681640625,232.80294799804688,228.15283203125,230.1909637451172,213.48741149902344,8613937
2011-03-10,TMPV.NS,Tata Motors Pass Vehicles,Retail Hype / Turnaround,230.74502563476562,232.48634338378906,227.757080078125,230.52735900878906,213.79940795898438,9448044
2011-03-11,TMPV.NS,Tata Motors Pass Vehicles,Retail Hype / Turnaround,228.7464599609375,231.91250610351562,223.99740600585938,230.05245971679688,213.35894775390625,10636263
2011-03-14,TMPV.NS,Tata Motors Pass Vehicles,Retail Hype / Turnaround,228.548583984375,233.4361572265625,225.6199951171875,232.66444396972656,215.78140258789062,7874601
2011-03-15,TMPV.NS,Tata Motors Pass Vehicles,Retail Hype / Turnaround,225.63978576660156,229.528076171875,223.3345184326172,225.9959716796875,209.5968475341797,9013856
2011-03-16,TMPV.NS,Tata Motors Pass Vehicles,Retail Hype / Turnaround,227.9549560546875,232.3874053955078,226.94578552246094,230.8241729736328,214.07469177246094,9036527
2011-03-17,TMPV.NS,Tata Motors Pass Vehicles,Retail Hype / Turnaround,227.16343688964844,230.01287841796875,224.10623168945312,225.57052612304688,209.20225524902344,9032721
2011-03-18,TMPV.NS,Tata Motors Pass Vehicles,Retail Hype / Turnaround,228.15283203125,228.15283203125,220.23773193359375,221.1182861328125,205.0731201171875,12633716
2011-03-21,TMPV.NS,Tata Motors Pass Vehicles,Retail Hype / Turnaround,223.42355346679688,224.27442932128906,220.67306518554688,221.86032104492188,205.76126098632812,9665340
2011-03-22,TMPV.NS,Tata Motors Pass Vehicles,Retail Hype / Turnaround,223.62142944335938,226.3125762939453,223.62142944335938,224.80870056152344,208.49571228027344,10590215
2011-03-23,TMPV.NS,Tata Motors Pass Vehicles,Retail Hype / Turnaround,223.90835571289062,226.5104522705078,222.82003784179688,224.96701049804688,208.6425323486328,8258485
2011-03-24,TMPV.NS,Tata Motors Pass Vehicles,Retail Hype / Turnaround,226.7874755859375,229.9139404296875,226.60939025878906,229.0037078857422,212.3863067626953,5973436
2011-03-25,TMPV.NS,Tata Motors Pass Vehicles,Retail Hype / Turnaround,231.69483947753906,235.8502655029297,229.7952117919922,234.25735473632812,217.25872802734375,8578910
2011-03-28,TMPV.NS,Tata Motors Pass Vehicles,Retail Hype / Turnaround,235.87005615234375,242.97386169433594,235.35557556152344,242.20213317871094,224.6269989013672,10631114
2011-03-29,TMPV.NS,Tata Motors Pass Vehicles,Retail Hype / Turnaround,243.6664276123047,246.55545043945312,239.92654418945312,245.2593536376953,227.46238708496094,10904318
2011-03-30,TMPV.NS,Tata Motors Pass Vehicles,Retail Hype / Turnaround,245.6649932861328,249.06849670410156,245.09115600585938,247.14907836914062,229.21498107910156,8188538
2011-03-31,TMPV.NS,Tata Motors Pass Vehicles,Retail Hype / Turnaround,248.31655883789062,249.50381469726562,241.60850524902344,247.0204620361328,229.09571838378906,12968559
2011-04-01,TMPV.NS,Tata Motors Pass Vehicles,Retail Hype / Turnaround,245.56605529785156,247.32716369628906,244.2501678466797,245.724365234375,227.89366149902344,6426352
2011-04-04,TMPV.NS,Tata Motors Pass Vehicles,Retail Hype / Turnaround,245.36817932128906,248.9299774169922,244.77455139160156,248.17803955078125,230.16928100585938,6545193
2011-04-05,TMPV.NS,Tata Motors Pass Vehicles,Retail Hype / Turnaround,249.02891540527344,254.2528839111328,246.16958618164062,253.3525390625,234.9683074951172,9861795
2011-04-06,TMPV.NS,Tata Motors Pass Vehicles,Retail Hype / Turnaround,254.73768615722656,257.9729919433594,252.956787109375,256.98358154296875,238.33584594726562,12918993
2011-04-07,TMPV.NS,Tata Motors Pass Vehicles,Retail Hype / Turnaround,255.21258544921875,257.6365966796875,252.59071350097656,255.44015502929688,236.90444946289062,7981152
2011-04-08,TMPV.NS,Tata Motors Pass Vehicles,Retail Hype / Turnaround,254.07479858398438,254.80694580078125,246.5752410888672,247.9999542236328,230.0041046142578,6889310
2011-04-11,TMPV.NS,Tata Motors Pass Vehicles,Retail Hype / Turnaround,244.97242736816406,247.32716369628906,239.58026123046875,241.3215789794922,223.81036376953125,6465806
2011-04-13,TMPV.NS,Tata Motors Pass Vehicles,Retail Hype / Turnaround,239.39227294921875,247.871337890625,238.4226837158203,247.11940002441406,229.18746948242188,10990760
2011-04-15,TMPV.NS,Tata Motors Pass Vehicles,Retail Hype / Turnaround,247.14907836914062,251.10662841796875,243.09259033203125,244.54698181152344,226.8017120361328,7786713
2011-04-18,TMPV.NS,Tata Motors Pass Vehicles,Retail Hype / Turnaround,244.86358642578125,249.87979125976562,237.6509552001953,238.61065673828125,221.29612731933594,8936854
2011-04-19,TMPV.NS,Tata Motors Pass Vehicles,Retail Hype / Turnaround,237.23541259765625,240.21347045898438,235.14779663085938,237.71031188964844,220.46112060546875,8257848
2011-04-20,TMPV.NS,Tata Motors Pass Vehicles,Retail Hype / Turnaround,240.36187744140625,248.44517517089844,240.24314880371094,247.6932373046875,229.71966552734375,9279930
2011-04-21,TMPV.NS,Tata Motors Pass Vehicles,Retail Hype / Turnaround,248.29676818847656,248.9299774169922,243.9830322265625,246.11021423339844,228.25149536132812,6037869
2011-04-25,TMPV.NS,Tata Motors Pass Vehicles,Retail Hype / Turnaround,244.60635375976562,248.7321014404297,244.60635375976562,245.87277221679688,228.0312957763672,3600964
2011-04-26,TMPV.NS,Tata Motors Pass Vehicles,Retail Hype / Turnaround,245.56605529785156,250.71087646484375,242.3010711669922,249.58297729492188,231.4722900390625,5786749
2011-04-27,TMPV.NS,Tata Motors Pass Vehicles,Retail Hype / Turnaround,249.1278533935547,251.8585662841797,246.5752410888672,247.24801635742188,229.30677795410156,6580068
2011-04-28,TMPV.NS,Tata Motors Pass Vehicles,Retail Hype / Turnaround,248.1384735107422,248.9794464111328,243.0035400390625,243.8445281982422,226.15023803710938,6905431
2011-04-29,TMPV.NS,Tata Motors Pass Vehicles,Retail Hype / Turnaround,243.1915283203125,256.57794189453125,240.22335815429688,244.744873046875,226.98524475097656,6356607
2011-05-02,TMPV.NS,Tata Motors Pass Vehicles,Retail Hype / Turnaround,245.6649932861328,246.15969848632812,241.1632843017578,242.46926879882812,224.874755859375,5867512
2011-05-03,TMPV.NS,Tata Motors Pass Vehicles,Retail Hype / Turnaround,241.8162841796875,242.76608276367188,227.16343688964844,230.15139770507812,213.45069885253906,10442426
2011-05-04,TMPV.NS,Tata Motors Pass Vehicles,Retail Hype / Turnaround,230.13160705566406,232.68423461914062,225.422119140625,229.3994598388672,212.75335693359375,8152829
2011-05-05,TMPV.NS,Tata Motors Pass Vehicles,Retail Hype / Turnaround,229.53797912597656,232.46656799316406,223.79953002929688,225.0164794921875,208.68841552734375,5394325
2011-05-06,TMPV.NS,Tata Motors Pass Vehicles,Retail Hype / Turnaround,227.51962280273438,239.03610229492188,226.75779724121094,237.4431915283203,220.21340942382812,11239677
2011-05-09,TMPV.NS,Tata Motors Pass Vehicles,Retail Hype / Turnaround,237.2552032470703,237.927978515625,231.29908752441406,232.87220764160156,215.97412109375,6402004
2011-05-10,TMPV.NS,Tata Motors Pass Vehicles,Retail Hype / Turnaround,232.70401000976562,238.13575744628906,231.71463012695312,234.7322540283203,217.69918823242188,7554666
2011-05-11,TMPV.NS,Tata Motors Pass Vehicles,Retail Hype / Turnaround,234.6827850341797,240.42123413085938,233.7428741455078,239.7583465576172,222.36053466796875,8956174
2011-05-12,TMPV.NS,Tata Motors Pass Vehicles,Retail Hype / Turnaround,237.03753662109375,241.41062927246094,234.00010681152344,234.88067626953125,217.83682250976562,9508238
2011-05-13,TMPV.NS,Tata Motors Pass Vehicles,Retail Hype / Turnaround,236.18666076660156,244.22048950195312,234.9103546142578,239.63961791992188,222.2504425048828,10128121
2011-05-16,TMPV.NS,Tata Motors Pass Vehicles,Retail Hype / Turnaround,237.4530792236328,241.3710479736328,234.50469970703125,240.5696563720703,223.1129913330078,12026138
2011-05-17,TMPV.NS,Tata Motors Pass Vehicles,Retail Hype / Turnaround,239.62973022460938,241.01487731933594,233.21849060058594,235.27642822265625,218.20384216308594,7890571
2011-05-18,TMPV.NS,Tata Motors Pass Vehicles,Retail Hype / Turnaround,235.12802124023438,235.2665252685547,226.1245880126953,227.39100646972656,210.89064025878906,12912545
2011-05-19,TMPV.NS,Tata Motors Pass Vehicles,Retail Hype / Turnaround,228.37049865722656,230.67576599121094,225.98606872558594,227.72740173339844,211.20262145996094,10150008
2011-05-20,TMPV.NS,Tata Motors Pass Vehicles,Retail Hype / Turnaround,227.79664611816406,233.87149047851562,227.79664611816406,231.24961853027344,214.46922302246094,7206966
2011-05-23,TMPV.NS,Tata Motors Pass Vehicles,Retail Hype / Turnaround,228.3507080078125,228.3507080078125,222.23629760742188,223.49281311035156,207.2753143310547,9471877
2011-05-24,TMPV.NS,Tata Motors Pass Vehicles,Retail Hype / Turnaround,223.42355346679688,225.96627807617188,220.0299530029297,221.98895263671875,205.88059997558594,10603819
2011-05-25,TMPV.NS,Tata Motors Pass Vehicles,Retail Hype / Turnaround,221.72181701660156,225.96627807617188,221.6426544189453,224.35357666015625,208.0736083984375,9051142
2011-05-26,TMPV.NS,Tata Motors Pass Vehicles,Retail Hype / Turnaround,225.81787109375,231.25950622558594,225.64967346191406,230.01287841796875,213.322265625,14230926
2011-05-27,TMPV.NS,Tata Motors Pass Vehicles,Retail Hype / Turnaround,232.50613403320312,232.50613403320312,214.10353088378906,215.458984375,199.824462890625,36507473
2011-05-30,TMPV.NS,Tata Motors Pass Vehicles,Retail Hype / Turnaround,216.66604614257812,218.001708984375,212.29293823242188,213.1833953857422,197.7139892578125,14337441
2011-05-31,TMPV.NS,Tata Motors Pass Vehicles,Retail Hype / Turnaround,213.93533325195312,217.6851043701172,212.85690307617188,216.73529052734375,201.00811767578125,21812058
2011-06-01,TMPV.NS,Tata Motors Pass Vehicles,Retail Hype / Turnaround,216.87380981445312,217.07168579101562,212.8371124267578,213.68798828125,198.18194580078125,12190917
2011-06-02,TMPV.NS,Tata Motors Pass Vehicles,Retail Hype / Turnaround,211.72898864746094,211.72898864746094,206.22799682617188,207.41526794433594,192.36439514160156,13160850
2011-06-03,TMPV.NS,Tata Motors Pass Vehicles,Retail Hype / Turnaround,207.3756866455078,209.35446166992188,200.69732666015625,202.58705139160156,187.8865509033203,18193522
2011-06-06,TMPV.NS,Tata Motors Pass Vehicles,Retail Hype / Turnaround,200.1531524658203,204.17007446289062,199.9058074951172,202.5672607421875,187.86819458007812,10494787
2011-06-07,TMPV.NS,Tata Motors Pass Vehicles,Retail Hype / Turnaround,201.24148559570312,204.56582641601562,200.97434997558594,203.2598419189453,188.51051330566406,10702375
2011-06-08,TMPV.NS,Tata Motors Pass Vehicles,Retail Hype / Turnaround,202.40896606445312,206.51492309570312,202.03298950195312,203.52696228027344,188.75823974609375,10460791
2011-06-09,TMPV.NS,Tata Motors Pass Vehicles,Retail Hype / Turnaround,203.6160125732422,204.0018768310547,198.55035400390625,202.0626678466797,187.40020751953125,15309118
2011-06-10,TMPV.NS,Tata Motors Pass Vehicles,Retail Hype / Turnaround,202.50790405273438,202.6958770751953,200.05421447753906,201.75596618652344,187.11575317382812,10366693
2011-06-13,TMPV.NS,Tata Motors Pass Vehicles,Retail Hype / Turnaround,201.04360961914062,201.5877685546875,198.68885803222656,199.91571044921875,185.40904235839844,9117445
2011-06-14,TMPV.NS,Tata Motors Pass Vehicles,Retail Hype / Turnaround,199.5595245361328,199.8365478515625,194.14756774902344,194.71151733398438,180.58250427246094,18158005
2011-06-15,TMPV.NS,Tata Motors Pass Vehicles,Retail Hype / Turnaround,194.71151733398438,197.50160217285156,192.77232360839844,196.71998596191406,182.44522094726562,17065451
2011-06-16,TMPV.NS,Tata Motors Pass Vehicles,Retail Hype / Turnaround,195.4040985107422,197.6796875,193.94969177246094,194.64227294921875,180.51829528808594,8892139
2011-06-17,TMPV.NS,Tata Motors Pass Vehicles,Retail Hype / Turnaround,196.28465270996094,196.41326904296875,193.16807556152344,194.10800170898438,180.0227813720703,7010420
2011-06-20,TMPV.NS,Tata Motors Pass Vehicles,Retail Hype / Turnaround,194.21682739257812,194.70162963867188,183.1455841064453,184.22401428222656,170.8560028076172,12139966
2011-06-21,TMPV.NS,Tata Motors Pass Vehicles,Retail Hype / Turnaround,185.60916137695312,187.93421936035156,184.02613830566406,185.2529754638672,171.81028747558594,15616489
2011-06-22,TMPV.NS,Tata Motors Pass Vehicles,Retail Hype / Turnaround,186.99429321289062,187.10313415527344,183.5017547607422,185.19361877441406,171.75526428222656,10873971
2011-06-23,TMPV.NS,Tata Motors Pass Vehicles,Retail Hype / Turnaround,185.01551818847656,188.3695526123047,183.28408813476562,186.99429321289062,173.42526245117188,14139804
2011-06-24,TMPV.NS,Tata Motors Pass Vehicles,Retail Hype / Turnaround,187.6374053955078,192.4161376953125,187.6374053955078,191.23876953125,177.3617401123047,12766323
2011-06-27,TMPV.NS,Tata Motors Pass Vehicles,Retail Hype / Turnaround,189.36883544921875,194.79067993164062,188.0331573486328,193.47479248046875,179.4355010986328,10943666
2011-06-28,TMPV.NS,Tata Motors Pass Vehicles,Retail Hype / Turnaround,194.71151733398438,195.9977264404297,191.5059051513672,194.85003662109375,180.71096801757812,8802407
2011-06-29,TMPV.NS,Tata Motors Pass Vehicles,Retail Hype / Turnaround,196.07687377929688,200.40049743652344,195.57229614257812,197.31361389160156,182.99578857421875,15611249
2011-06-30,TMPV.NS,Tata Motors Pass Vehicles,Retail Hype / Turnaround,197.4818115234375,198.6492919921875,194.18714904785156,196.72987365722656,182.4544219970703,12195990
2011-07-01,TMPV.NS,Tata Motors Pass Vehicles,Retail Hype / Turnaround,199.85633850097656,199.85633850097656,195.10728454589844,196.8288116455078,182.54615783691406,9831675
2011-07-04,TMPV.NS,Tata Motors Pass Vehicles,Retail Hype / Turnaround,199.65846252441406,202.79481506347656,198.57012939453125,200.18283081054688,185.65679931640625,10758485
2011-07-05,TMPV.NS,Tata Motors Pass Vehicles,Retail Hype / Turnaround,201.83511352539062,203.49728393554688,199.65846252441406,201.03370666503906,186.44593811035156,11706177
2011-07-06,TMPV.NS,Tata Motors Pass Vehicles,Retail Hype / Turnaround,201.6570281982422,205.38702392578125,200.16305541992188,204.9022216796875,190.03370666503906,12015444
2011-07-07,TMPV.NS,Tata Motors Pass Vehicles,Retail Hype / Turnaround,204.42730712890625,209.38414001464844,203.2202606201172,208.84986877441406,193.69491577148438,13654837
2011-07-08,TMPV.NS,Tata Motors Pass Vehicles,Retail Hype / Turnaround,209.15658569335938,212.57986450195312,206.9799346923828,208.56295776367188,193.42881774902344,9533475
2011-07-11,TMPV.NS,Tata Motors Pass Vehicles,Retail Hype / Turnaround,208.56295776367188,210.34385681152344,206.9403533935547,208.33538818359375,193.2177734375,5947490
2011-07-12,TMPV.NS,Tata Motors Pass Vehicles,Retail Hype / Turnaround,205.00115966796875,206.287353515625,198.86695861816406,202.80471801757812,188.08839416503906,10584332
2011-07-13,TMPV.NS,Tata Motors Pass Vehicles,Retail Hype / Turnaround,203.4181365966797,207.47462463378906,202.8245086669922,206.92056274414062,191.90562438964844,7318116
2011-07-14,TMPV.NS,Tata Motors Pass Vehicles,Retail Hype / Turnaround,205.79266357421875,214.0045928955078,204.87254333496094,211.35302734375,196.0164337158203,11520113
2011-07-15,TMPV.NS,Tata Motors Pass Vehicles,Retail Hype / Turnaround,210.04702758789062,210.14598083496094,203.67538452148438,204.41741943359375,189.5841064453125,8878692
2011-07-18,TMPV.NS,Tata Motors Pass Vehicles,Retail Hype / Turnaround,204.80328369140625,207.06898498535156,200.25209045410156,200.80615234375,186.23486328125,8426639
2011-07-19,TMPV.NS,Tata Motors Pass Vehicles,Retail Hype / Turnaround,198.075439453125,198.30300903320312,193.52426147460938,194.70162963867188,184.2036590576172,15781460
2011-07-20,TMPV.NS,Tata Motors Pass Vehicles,Retail Hype / Turnaround,195.89878845214844,197.0167999267578,190.7737579345703,191.71368408203125,181.37684631347656,9583774
2011-07-21,TMPV.NS,Tata Motors Pass Vehicles,Retail Hype / Turnaround,192.51507568359375,194.89950561523438,190.50662231445312,193.32638549804688,182.90255737304688,6784341
2011-07-22,TMPV.NS,Tata Motors Pass Vehicles,Retail Hype / Turnaround,195.30516052246094,198.86695861816406,193.99916076660156,197.27403259277344,186.63735961914062,10848728
2011-07-25,TMPV.NS,Tata Motors Pass Vehicles,Retail Hype / Turnaround,196.69029235839844,200.23231506347656,195.324951171875,199.14398193359375,188.40652465820312,6866089
2011-07-26,TMPV.NS,Tata Motors Pass Vehicles,Retail Hype / Turnaround,199.4407958984375,200.46975708007812,191.08047485351562,192.54476928710938,182.16311645507812,9788931
2011-07-27,TMPV.NS,Tata Motors Pass Vehicles,Retail Hype / Turnaround,192.93063354492188,193.4945831298828,187.6472930908203,189.50733947753906,179.28945922851562,8775628
2011-07-28,TMPV.NS,Tata Motors Pass Vehicles,Retail Hype / Turnaround,188.35964965820312,191.1497344970703,187.08334350585938,188.12220764160156,177.97900390625,8238114
2011-07-29,TMPV.NS,Tata Motors Pass Vehicles,Retail Hype / Turnaround,187.76602172851562,189.1511688232422,186.00491333007812,187.6077117919922,177.4922332763672,6880178
2011-08-01,TMPV.NS,Tata Motors Pass Vehicles,Retail Hype / Turnaround,188.9730682373047,191.33770751953125,188.1123046875,190.25927734375,180.00083923339844,5798914
2011-08-02,TMPV.NS,Tata Motors Pass Vehicles,Retail Hype / Turnaround,188.98297119140625,190.5363006591797,187.9836883544922,189.25010681152344,179.0460662841797,8020515
2011-08-03,TMPV.NS,Tata Motors Pass Vehicles,Retail Hype / Turnaround,186.99429321289062,186.99429321289062,182.30459594726562,183.66006469726562,173.7574462890625,9026071
2011-08-04,TMPV.NS,Tata Motors Pass Vehicles,Retail Hype / Turnaround,182.58163452148438,183.7490997314453,180.13784790039062,180.85020446777344,171.09910583496094,18964954
2011-08-05,TMPV.NS,Tata Motors Pass Vehicles,Retail Hype / Turnaround,173.9343719482422,176.5067901611328,172.1534881591797,176.03187561035156,166.54055786132812,12329189
2011-08-08,TMPV.NS,Tata Motors Pass Vehicles,Retail Hype / Turnaround,172.3612518310547,172.5492401123047,163.00164794921875,163.78326416015625,154.95236206054688,15712513
2011-08-09,TMPV.NS,Tata Motors Pass Vehicles,Retail Hype / Turnaround,156.9169158935547,162.4574737548828,155.14590454101562,157.1246795654297,148.6527862548828,25192785
2011-08-10,TMPV.NS,Tata Motors Pass Vehicles,Retail Hype / Turnaround,163.15005493164062,168.07720947265625,161.4680938720703,167.04823303222656,158.0413055419922,15591080
2011-08-11,TMPV.NS,Tata Motors Pass Vehicles,Retail Hype / Turnaround,164.04049682617188,170.75843811035156,161.6659698486328,167.998046875,158.9398956298828,19839717
2011-08-12,TMPV.NS,Tata Motors Pass Vehicles,Retail Hype / Turnaround,168.3839111328125,168.3839111328125,156.9366912841797,158.3020477294922,149.76670837402344,26623265
2011-08-16,TMPV.NS,Tata Motors Pass Vehicles,Retail Hype / Turnaround,160.6963653564453,162.2398223876953,157.3225555419922,158.6087646484375,150.05686950683594,11608592
2011-08-17,TMPV.NS,Tata Motors Pass Vehicles,Retail Hype / Turnaround,158.1041717529297,158.33172607421875,152.78126525878906,154.116943359375,145.8072509765625,12842158
2011-08-18,TMPV.NS,Tata Motors Pass Vehicles,Retail Hype / Turnaround,155.67027282714844,155.78900146484375,147.9926300048828,148.81382751464844,140.79005432128906,12730058
2011-08-19,TMPV.NS,Tata Motors Pass Vehicles,Retail Hype / Turnaround,145.88523864746094,146.3898162841797,138.93972778320312,140.9580841064453,133.3578643798828,28247800
2011-08-22,TMPV.NS,Tata Motors Pass Vehicles,Retail Hype / Turnaround,141.57150268554688,146.84494018554688,138.51429748535156,145.8357696533203,137.97256469726562,22426448
2011-08-23,TMPV.NS,Tata Motors Pass Vehicles,Retail Hype / Turnaround,145.44000244140625,147.7947540283203,141.48245239257812,143.97572326660156,136.2128143310547,18259149
2011-08-24,TMPV.NS,Tata Motors Pass Vehicles,Retail Hype / Turnaround,143.85699462890625,145.7961883544922,137.53480529785156,138.66270446777344,131.186279296875,18160077
2011-08-25,TMPV.NS,Tata Motors Pass Vehicles,Retail Hype / Turnaround,140.70083618164062,142.82803344726562,139.5432586669922,141.33404541015625,133.7135772705078,17495480
2011-08-26,TMPV.NS,Tata Motors Pass Vehicles,Retail Hype / Turnaround,141.5022430419922,144.91563415527344,137.2478790283203,138.2174835205078,130.76502990722656,15389329
2011-08-29,TMPV.NS,Tata Motors Pass Vehicles,Retail Hype / Turnaround,140.88882446289062,145.717041015625,140.49307250976562,144.57923889160156,136.78379821777344,17960125
2011-08-30,TMPV.NS,Tata Motors Pass Vehicles,Retail Hype / Turnaround,147.51773071289062,148.09156799316406,143.82730102539062,146.884521484375,138.9647979736328,16232188
2011-09-02,TMPV.NS,Tata Motors Pass Vehicles,Retail Hype / Turnaround,149.99119567871094,151.03994750976562,146.8251495361328,149.3480987548828,141.29551696777344,19816233
2011-09-05,TMPV.NS,Tata Motors Pass Vehicles,Retail Hype / Turnaround,148.01242065429688,150.18907165527344,146.6866455078125,149.0413818359375,141.0053253173828,10451048
2011-09-06,TMPV.NS,Tata Motors Pass Vehicles,Retail Hype / Turnaround,148.05198669433594,153.0780792236328,148.05198669433594,151.53463745117188,143.36416625976562,19074648
2011-09-07,TMPV.NS,Tata Motors Pass Vehicles,Retail Hype / Turnaround,152.61306762695312,154.47311401367188,149.2293701171875,152.18763732910156,143.98194885253906,14902265
2011-09-08,TMPV.NS,Tata Motors Pass Vehicles,Retail Hype / Turnaround,153.18692016601562,156.9169158935547,152.1678466796875,156.45188903808594,148.01629638671875,13366123
2011-09-09,TMPV.NS,Tata Motors Pass Vehicles,Retail Hype / Turnaround,156.60031127929688,156.60031127929688,150.4858856201172,151.35655212402344,143.1956787109375,10160626
2011-09-12,TMPV.NS,Tata Motors Pass Vehicles,Retail Hype / Turnaround,144.40115356445312,147.61666870117188,141.97715759277344,144.79690551757812,136.98973083496094,11310876
2011-09-13,TMPV.NS,Tata Motors Pass Vehicles,Retail Hype / Turnaround,145.73683166503906,146.6272735595703,136.09030151367188,138.11854553222656,130.6714324951172,16215981
2011-09-14,TMPV.NS,Tata Motors Pass Vehicles,Retail Hype / Turnaround,139.50367736816406,142.1255645751953,138.51429748535156,140.98776245117188,133.38595581054688,11644242
2011-09-15,TMPV.NS,Tata Motors Pass Vehicles,Retail Hype / Turnaround,141.48245239257812,150.78269958496094,140.0478515625,149.59544372558594,141.52951049804688,13412005
2011-09-16,TMPV.NS,Tata Motors Pass Vehicles,Retail Hype / Turnaround,152.21731567382812,161.76490783691406,150.78269958496094,160.13241577148438,151.49835205078125,33598796
2011-09-19,TMPV.NS,Tata Motors Pass Vehicles,Retail Hype / Turnaround,158.3020477294922,162.95217895507812,156.12539672851562,159.9840087890625,151.3579559326172,16555452
2011-09-20,TMPV.NS,Tata Motors Pass Vehicles,Retail Hype / Turnaround,159.73666381835938,165.02989196777344,159.73666381835938,164.43624877929688,155.57012939453125,14652145
2011-09-21,TMPV.NS,Tata Motors Pass Vehicles,Retail Hype / Turnaround,163.24899291992188,165.1288299560547,161.76490783691406,163.1005859375,154.30650329589844,11410808
2011-09-22,TMPV.NS,Tata Motors Pass Vehicles,Retail Hype / Turnaround,158.99462890625,159.83560180664062,151.969970703125,153.00881958007812,144.75885009765625,11588731
2011-09-23,TMPV.NS,Tata Motors Pass Vehicles,Retail Hype / Turnaround,148.90286254882812,150.18907165527344,144.45062255859375,145.29159545898438,137.45773315429688,21565164
2011-09-26,TMPV.NS,Tata Motors Pass Vehicles,Retail Hype / Turnaround,145.93470764160156,146.92408752441406,140.74041748046875,145.19265747070312,137.36415100097656,9238603
2011-09-27,TMPV.NS,Tata Motors Pass Vehicles,Retail Hype / Turnaround,149.7438507080078,155.33389282226562,149.00180053710938,154.09715270996094,145.7884979248047,11703282
2011-09-28,TMPV.NS,Tata Motors Pass Vehicles,Retail Hype / Turnaround,155.23495483398438,158.00523376464844,151.57421875,154.3939666748047,146.06932067871094,13007360
2011-09-29,TMPV.NS,Tata Motors Pass Vehicles,Retail Hype / Turnaround,151.87103271484375,161.12181091308594,149.59544372558594,159.1925048828125,150.60911560058594,20271766
2011-09-30,TMPV.NS,Tata Motors Pass Vehicles,Retail Hype / Turnaround,158.59886169433594,161.17127990722656,153.6024627685547,154.3939666748047,146.06932067871094,12077181
2011-10-03,TMPV.NS,Tata Motors Pass Vehicles,Retail Hype / Turnaround,152.36572265625,155.72964477539062,150.7332305908203,151.969970703125,143.77603149414062,7956053
2011-10-04,TMPV.NS,Tata Motors Pass Vehicles,Retail Hype / Turnaround,150.58482360839844,150.98057556152344,143.21388244628906,145.1431884765625,137.31735229492188,17778524
2011-10-05,TMPV.NS,Tata Motors Pass Vehicles,Retail Hype / Turnaround,146.6272735595703,150.23854064941406,145.09371948242188,145.8357696533203,137.97256469726562,8976242
2011-10-07,TMPV.NS,Tata Motors Pass Vehicles,Retail Hype / Turnaround,151.42581176757812,158.64833068847656,151.42581176757812,157.46107482910156,148.9710693359375,15888950
2011-10-10,TMPV.NS,Tata Motors Pass Vehicles,Retail Hype / Turnaround,157.3126678466797,170.61993408203125,157.21372985839844,168.93797302246094,159.82911682128906,20441091
2011-10-11,TMPV.NS,Tata Motors Pass Vehicles,Retail Hype / Turnaround,170.86727905273438,176.0615692138672,169.53160095214844,174.87429809570312,165.4453887939453,23070737
2011-10-12,TMPV.NS,Tata Motors Pass Vehicles,Retail Hype / Turnaround,174.13226318359375,187.9836883544922,168.8390350341797,178.83184814453125,169.18959045410156,27429984
2011-10-13,TMPV.NS,Tata Motors Pass Vehicles,Retail Hype / Turnaround,181.45372009277344,184.22401428222656,172.89552307128906,173.98385620117188,164.6029510498047,18865685
2011-10-14,TMPV.NS,Tata Motors Pass Vehicles,Retail Hype / Turnaround,172.1534881591797,179.3265380859375,171.9061279296875,178.1392822265625,168.53433227539062,15041251
2011-10-17,TMPV.NS,Tata Motors Pass Vehicles,Retail Hype / Turnaround,181.05796813964844,189.17095947265625,181.05796813964844,186.10385131835938,176.06948852539062,24399749
2011-10-18,TMPV.NS,Tata Motors Pass Vehicles,Retail Hype / Turnaround,182.2452392578125,182.69046020507812,175.9131622314453,179.3265380859375,169.6575927734375,15186937
2011-10-19,TMPV.NS,Tata Motors Pass Vehicles,Retail Hype / Turnaround,181.94842529296875,186.25225830078125,181.94842529296875,184.96604919433594,174.99302673339844,12285365
2011-10-20,TMPV.NS,Tata Motors Pass Vehicles,Retail Hype / Turnaround,180.51380920410156,182.54205322265625,178.83184814453125,181.1569061279297,171.38925170898438,13764843
2011-10-21,TMPV.NS,Tata Motors Pass Vehicles,Retail Hype / Turnaround,182.8388671875,183.63038635253906,175.27005004882812,176.2594451904297,166.75584411621094,12452690
2011-10-24,TMPV.NS,Tata Motors Pass Vehicles,Retail Hype / Turnaround,180.71168518066406,185.46075439453125,180.71168518066406,184.17454528808594,174.24420166015625,13060616
2011-10-25,TMPV.NS,Tata Motors Pass Vehicles,Retail Hype / Turnaround,186.00491333007812,191.3476104736328,182.8388671875,189.76458740234375,179.5328369140625,16613851
2011-10-28,TMPV.NS,Tata Motors Pass Vehicles,Retail Hype / Turnaround,195.6514434814453,205.79266357421875,195.15675354003906,204.60540771484375,193.57345581054688,18062425
2011-10-31,TMPV.NS,Tata Motors Pass Vehicles,Retail Hype / Turnaround,203.31919860839844,203.31919860839844,195.6514434814453,196.34400939941406,185.75750732421875,13437473
2011-11-01,TMPV.NS,Tata Motors Pass Vehicles,Retail Hype / Turnaround,193.02957153320312,200.3015594482422,189.76458740234375,191.39707946777344,181.0772705078125,20701234
2011-11-02,TMPV.NS,Tata Motors Pass Vehicles,Retail Hype / Turnaround,188.28050231933594,194.81045532226562,186.10385131835938,190.0614013671875,179.81362915039062,23264805
2011-11-03,TMPV.NS,Tata Motors Pass Vehicles,Retail Hype / Turnaround,188.9730682373047,190.20980834960938,183.4324951171875,186.69747924804688,176.63108825683594,22020039
2011-11-04,TMPV.NS,Tata Motors Pass Vehicles,Retail Hype / Turnaround,191.44654846191406,191.64442443847656,183.77879333496094,186.10385131835938,176.06948852539062,18172797
2011-11-08,TMPV.NS,Tata Motors Pass Vehicles,Retail Hype / Turnaround,187.48899841308594,188.67625427246094,183.28408813476562,187.68687438964844,177.56712341308594,12369112
2011-11-09,TMPV.NS,Tata Motors Pass Vehicles,Retail Hype / Turnaround,189.36883544921875,189.91299438476562,181.8494873046875,182.78939819335938,172.9337158203125,14049057
2011-11-11,TMPV.NS,Tata Motors Pass Vehicles,Retail Hype / Turnaround,182.09683227539062,186.1533203125,178.58450317382812,179.5244140625,169.84478759765625,18714170
2011-11-14,TMPV.NS,Tata Motors Pass Vehicles,Retail Hype / Turnaround,182.09683227539062,183.5314483642578,174.28067016601562,175.9131622314453,166.42823791503906,15936797
2011-11-15,TMPV.NS,Tata Motors Pass Vehicles,Retail Hype / Turnaround,171.9061279296875,182.54205322265625,170.0757598876953,179.3265380859375,169.6575927734375,22496796
2011-11-16,TMPV.NS,Tata Motors Pass Vehicles,Retail Hype / Turnaround,180.06858825683594,181.8494873046875,175.8636932373047,180.3654022216797,170.6404266357422,16710245
2011-11-17,TMPV.NS,Tata Motors Pass Vehicles,Retail Hype / Turnaround,180.06858825683594,181.05796813964844,171.95559692382812,173.29127502441406,163.9477081298828,12718626
2011-11-18,TMPV.NS,Tata Motors Pass Vehicles,Retail Hype / Turnaround,170.17471313476562,170.17471313476562,165.1782989501953,168.4927520751953,159.40792846679688,13024356
2011-11-21,TMPV.NS,Tata Motors Pass Vehicles,Retail Hype / Turnaround,167.45388793945312,167.45388793945312,158.45045471191406,159.83560180664062,151.21755981445312,13593370
2011-11-22,TMPV.NS,Tata Motors Pass Vehicles,Retail Hype / Turnaround,161.2702178955078,173.3407440185547,161.2702178955078,170.61993408203125,161.42042541503906,23977749
2011-11-23,TMPV.NS,Tata Motors Pass Vehicles,Retail Hype / Turnaround,168.1959228515625,169.33372497558594,163.79315185546875,166.56344604492188,157.58265686035156,14250198
2011-11-24,TMPV.NS,Tata Motors Pass Vehicles,Retail Hype / Turnaround,165.1288299560547,173.09339904785156,162.4080047607422,171.21356201171875,161.98202514648438,19639212
2011-11-25,TMPV.NS,Tata Motors Pass Vehicles,Retail Hype / Turnaround,167.75070190429688,177.89193725585938,167.75070190429688,170.0262908935547,160.85877990722656,20140276
2011-11-28,TMPV.NS,Tata Motors Pass Vehicles,Retail Hype / Turnaround,172.64817810058594,181.0084991455078,172.00506591796875,179.92018127441406,170.21920776367188,15485331
2011-11-29,TMPV.NS,Tata Motors Pass Vehicles,Retail Hype / Turnaround,178.9307861328125,179.87071228027344,173.83543395996094,175.56686401367188,166.1006317138672,13421718
2011-11-30,TMPV.NS,Tata Motors Pass Vehicles,Retail Hype / Turnaround,172.64817810058594,174.52801513671875,167.75070190429688,170.96621704101562,161.748046875,15219712
2011-12-01,TMPV.NS,Tata Motors Pass Vehicles,Retail Hype / Turnaround,179.07919311523438,183.4819793701172,178.98025512695312,181.05796813964844,171.29563903808594,16657469
2011-12-02,TMPV.NS,Tata Motors Pass Vehicles,Retail Hype / Turnaround,180.06858825683594,190.70449829101562,179.8212432861328,189.863525390625,179.62644958496094,15915130
2011-12-05,TMPV.NS,Tata Motors Pass Vehicles,Retail Hype / Turnaround,188.8246612548828,192.5348663330078,187.19216918945312,189.56671142578125,179.3456268310547,11551076
2011-12-07,TMPV.NS,Tata Motors Pass Vehicles,Retail Hype / Turnaround,188.9730682373047,193.67266845703125,187.9836883544922,189.36883544921875,179.15843200683594,12558395
2011-12-08,TMPV.NS,Tata Motors Pass Vehicles,Retail Hype / Turnaround,188.2310333251953,189.4677734375,183.8777313232422,186.549072265625,176.49069213867188,12275776
2011-12-09,TMPV.NS,Tata Motors Pass Vehicles,Retail Hype / Turnaround,181.75054931640625,183.7293243408203,178.18875122070312,181.05796813964844,171.29563903808594,15030855
2011-12-12,TMPV.NS,Tata Motors Pass Vehicles,Retail Hype / Turnaround,185.0649871826172,185.80703735351562,174.33013916015625,175.46792602539062,166.0070037841797,14557815
2011-12-13,TMPV.NS,Tata Motors Pass Vehicles,Retail Hype / Turnaround,172.64817810058594,180.4148712158203,172.4008331298828,177.00148010253906,167.4578857421875,14435173
2011-12-14,TMPV.NS,Tata Motors Pass Vehicles,Retail Hype / Turnaround,174.97323608398438,179.7717742919922,174.33013916015625,175.2205810546875,165.7729949951172,14651520
2011-12-15,TMPV.NS,Tata Motors Pass Vehicles,Retail Hype / Turnaround,173.1428680419922,174.13226318359375,165.7224578857422,170.81781005859375,161.6076202392578,18271794
2011-12-16,TMPV.NS,Tata Motors Pass Vehicles,Retail Hype / Turnaround,173.5386199951172,177.84246826171875,168.4927520751953,170.57046508789062,161.3736114501953,16090287
2011-12-19,TMPV.NS,Tata Motors Pass Vehicles,Retail Hype / Turnaround,170.17471313476562,178.38662719726562,167.45388793945312,177.89193725585938,168.30032348632812,20733578
2011-12-20,TMPV.NS,Tata Motors Pass Vehicles,Retail Hype / Turnaround,178.08981323242188,178.83184814453125,172.00506591796875,173.04393005371094,163.7136993408203,14724475
2011-12-21,TMPV.NS,Tata Motors Pass Vehicles,Retail Hype / Turnaround,177.84246826171875,179.9696502685547,172.84605407714844,175.12164306640625,165.67941284179688,21303228
2011-12-22,TMPV.NS,Tata Motors Pass Vehicles,Retail Hype / Turnaround,173.1428680419922,182.49258422851562,171.65878295898438,181.651611328125,171.85726928710938,12456091
2011-12-23,TMPV.NS,Tata Motors Pass Vehicles,Retail Hype / Turnaround,182.93780517578125,185.36181640625,180.7611541748047,182.98727416992188,173.12095642089844,10706784
2011-12-26,TMPV.NS,Tata Motors Pass Vehicles,Retail Hype / Turnaround,184.02613830566406,186.64801025390625,183.13568115234375,184.76817321777344,174.80581665039062,7173974
2011-12-27,TMPV.NS,Tata Motors Pass Vehicles,Retail Hype / Turnaround,184.02613830566406,184.42189025878906,178.9307861328125,180.1675262451172,170.45321655273438,6266197
2011-12-28,TMPV.NS,Tata Motors Pass Vehicles,Retail Hype / Turnaround,179.07919311523438,181.55267333984375,176.95201110839844,178.28768920898438,168.67474365234375,8871334
2011-12-29,TMPV.NS,Tata Motors Pass Vehicles,Retail Hype / Turnaround,176.5067901611328,180.5632781982422,176.20997619628906,177.2488250732422,167.69189453125,10089218
2011-12-30,TMPV.NS,Tata Motors Pass Vehicles,Retail Hype / Turnaround,178.58450317382812,181.8494873046875,174.92376708984375,176.80360412597656,167.2706756591797,9387655
2012-01-02,TMPV.NS,Tata Motors Pass Vehicles,Retail Hype / Turnaround,179.02972412109375,183.08621215820312,176.9025421142578,181.99789428710938,172.1848907470703,10175802
2012-01-03,TMPV.NS,Tata Motors Pass Vehicles,Retail Hype / Turnaround,184.2734832763672,192.7327423095703,184.22401428222656,191.8917694091797,181.54531860351562,15868503
2012-01-04,TMPV.NS,Tata Motors Pass Vehicles,Retail Hype / Turnaround,191.79283142089844,200.3510284423828,190.95184326171875,199.06483459472656,188.3316192626953,22752471
2012-01-05,TMPV.NS,Tata Motors Pass Vehicles,Retail Hype / Turnaround,198.81748962402344,203.56654357910156,198.075439453125,199.9552764892578,189.17404174804688,21640778
2012-01-06,TMPV.NS,Tata Motors Pass Vehicles,Retail Hype / Turnaround,197.8775634765625,202.8245086669922,196.3934783935547,201.43936157226562,190.57810974121094,13553191
2012-01-09,TMPV.NS,Tata Motors Pass Vehicles,Retail Hype / Turnaround,199.7079315185547,200.5489044189453,196.09666442871094,198.47119140625,187.76998901367188,11603434
2012-01-10,TMPV.NS,Tata Motors Pass Vehicles,Retail Hype / Turnaround,198.86695861816406,204.2591094970703,198.86695861816406,202.92344665527344,191.982177734375,11914873
2012-01-11,TMPV.NS,Tata Motors Pass Vehicles,Retail Hype / Turnaround,204.0117645263672,205.10009765625,199.60899353027344,202.72557067871094,191.79498291015625,15624783
2012-01-12,TMPV.NS,Tata Motors Pass Vehicles,Retail Hype / Turnaround,200.84573364257812,207.27674865722656,200.40049743652344,204.0117645263672,193.01182556152344,12188062
2012-01-13,TMPV.NS,Tata Motors Pass Vehicles,Retail Hype / Turnaround,207.9198455810547,210.93748474121094,204.30857849121094,206.5841827392578,195.445556640625,19211059
2012-01-16,TMPV.NS,Tata Motors Pass Vehicles,Retail Hype / Turnaround,203.8138885498047,212.3226318359375,201.78564453125,211.4816436767578,200.07894897460938,21707417
2012-01-17,TMPV.NS,Tata Motors Pass Vehicles,Retail Hype / Turnaround,215.68653869628906,219.0504608154297,213.85617065429688,215.09291076660156,203.4954833984375,24063235
2012-01-18,TMPV.NS,Tata Motors Pass Vehicles,Retail Hype / Turnaround,215.04344177246094,217.6158447265625,210.39332580566406,211.58058166503906,200.17254638671875,24532641
2012-01-19,TMPV.NS,Tata Motors Pass Vehicles,Retail Hype / Turnaround,214.69715881347656,217.9126739501953,214.10353088378906,216.13177490234375,204.47833251953125,14566560
2012-01-20,TMPV.NS,Tata Motors Pass Vehicles,Retail Hype / Turnaround,217.56637573242188,218.95152282714844,213.31201171875,216.77487182617188,205.0867462158203,10653576
2012-01-23,TMPV.NS,Tata Motors Pass Vehicles,Retail Hype / Turnaround,218.55577087402344,220.88082885742188,215.29078674316406,216.77487182617188,205.0867462158203,9225387
2012-01-24,TMPV.NS,Tata Motors Pass Vehicles,Retail Hype / Turnaround,218.6547088623047,222.11756896972656,214.2024688720703,219.59463500976562,207.75448608398438,13943106
2012-01-25,TMPV.NS,Tata Motors Pass Vehicles,Retail Hype / Turnaround,220.63348388671875,231.863037109375,220.336669921875,228.49911499023438,216.17884826660156,22641750
2012-01-27,TMPV.NS,Tata Motors Pass Vehicles,Retail Hype / Turnaround,232.11038208007812,238.83822631835938,230.13160705566406,237.30467224121094,224.5096435546875,26387260
2012-01-30,TMPV.NS,Tata Motors Pass Vehicles,Retail Hype / Turnaround,235.67218017578125,236.1668701171875,228.9443359375,231.41781616210938,218.940185546875,17473960
2012-01-31,TMPV.NS,Tata Motors Pass Vehicles,Retail Hype / Turnaround,232.60507202148438,242.94418334960938,232.60507202148438,241.1632843017578,228.1602020263672,13113944
2012-02-01,TMPV.NS,Tata Motors Pass Vehicles,Retail Hype / Turnaround,241.26222229003906,249.1278533935547,240.81700134277344,245.76393127441406,232.51280212402344,20475253
2012-02-02,TMPV.NS,Tata Motors Pass Vehicles,Retail Hype / Turnaround,249.82041931152344,250.018310546875,242.35055541992188,243.83462524414062,230.68751525878906,17569303
2012-02-03,TMPV.NS,Tata Motors Pass Vehicles,Retail Hype / Turnaround,244.6261444091797,247.34695434570312,238.09617614746094,245.0218963623047,231.81077575683594,14121308
2012-02-06,TMPV.NS,Tata Motors Pass Vehicles,Retail Hype / Turnaround,247.84164428710938,250.31512451171875,243.04312133789062,249.07838439941406,235.64852905273438,11866463
2012-02-07,TMPV.NS,Tata Motors Pass Vehicles,Retail Hype / Turnaround,252.0465545654297,252.0465545654297,245.4671173095703,247.6932373046875,234.33807373046875,12778968
2012-02-08,TMPV.NS,Tata Motors Pass Vehicles,Retail Hype / Turnaround,249.22679138183594,250.71087646484375,242.94418334960938,247.94058227539062,234.57208251953125,10246037
2012-02-09,TMPV.NS,Tata Motors Pass Vehicles,Retail Hype / Turnaround,246.55545043945312,256.10302734375,245.96180725097656,254.56948852539062,240.8435821533203,16813705
2012-02-10,TMPV.NS,Tata Motors Pass Vehicles,Retail Hype / Turnaround,253.97586059570312,259.12066650390625,252.78858947753906,254.61895751953125,240.89039611816406,15829072
2012-02-13,TMPV.NS,Tata Motors Pass Vehicles,Retail Hype / Turnaround,254.56948852539062,258.0323486328125,251.05715942382812,255.55886840820312,241.77960205078125,10942166
2012-02-14,TMPV.NS,Tata Motors Pass Vehicles,Retail Hype / Turnaround,256.6966857910156,269.8060607910156,256.20196533203125,265.1064758300781,250.81240844726562,21793874
2012-02-15,TMPV.NS,Tata Motors Pass Vehicles,Retail Hype / Turnaround,275.7424011230469,289.59381103515625,275.0498046875,284.7952880859375,269.4396057128906,37216737
2012-02-16,TMPV.NS,Tata Motors Pass Vehicles,Retail Hype / Turnaround,279.99676513671875,281.282958984375,271.3890686035156,272.97210693359375,258.25396728515625,22926916
2012-02-17,TMPV.NS,Tata Motors Pass Vehicles,Retail Hype / Turnaround,278.4137268066406,280.491455078125,268.27252197265625,271.04278564453125,256.4286193847656,17046866
2012-02-21,TMPV.NS,Tata Motors Pass Vehicles,Retail Hype / Turnaround,272.279541015625,273.071044921875,266.6894836425781,268.4209289550781,253.94815063476562,18509808
2012-02-22,TMPV.NS,Tata Motors Pass Vehicles,Retail Hype / Turnaround,269.1134948730469,273.071044921875,263.0782165527344,265.6011657714844,251.28045654296875,19514897
2012-02-23,TMPV.NS,Tata Motors Pass Vehicles,Retail Hype / Turnaround,265.15594482421875,270.84490966796875,262.8803405761719,265.6011657714844,251.28045654296875,17424076
2012-02-24,TMPV.NS,Tata Motors Pass Vehicles,Retail Hype / Turnaround,267.13470458984375,268.86614990234375,260.4068603515625,262.63299560546875,248.47225952148438,9397628
2012-02-27,TMPV.NS,Tata Motors Pass Vehicles,Retail Hype / Turnaround,265.0570068359375,265.0570068359375,252.6401824951172,257.1913757324219,243.3240966796875,13464090
2012-02-28,TMPV.NS,Tata Motors Pass Vehicles,Retail Hype / Turnaround,259.6648254394531,272.5268859863281,259.2196044921875,270.44915771484375,255.86703491210938,14977178
2012-02-29,TMPV.NS,Tata Motors Pass Vehicles,Retail Hype / Turnaround,273.071044921875,275.8413391113281,264.46337890625,268.07464599609375,253.6205596923828,13142282
2012-03-01,TMPV.NS,Tata Motors Pass Vehicles,Retail Hype / Turnaround,267.0357666015625,270.9933166503906,262.5835266113281,264.36444091796875,250.1103973388672,10340977
2012-03-02,TMPV.NS,Tata Motors Pass Vehicles,Retail Hype / Turnaround,266.6400146484375,269.1134948730469,261.84149169921875,264.8096618652344,250.53160095214844,11080128
2012-03-05,TMPV.NS,Tata Motors Pass Vehicles,Retail Hype / Turnaround,264.1665344238281,272.67529296875,263.42449951171875,271.24066162109375,256.6158447265625,13871949
2012-03-06,TMPV.NS,Tata Motors Pass Vehicles,Retail Hype / Turnaround,271.1911926269531,276.0392150878906,261.1983947753906,264.1665344238281,249.9231719970703,11683494
2012-03-07,TMPV.NS,Tata Motors Pass Vehicles,Retail Hype / Turnaround,262.1877746582031,266.93682861328125,259.6153564453125,265.1064758300781,250.81240844726562,8605146
2012-03-09,TMPV.NS,Tata Motors Pass Vehicles,Retail Hype / Turnaround,269.36083984375,278.9578857421875,269.36083984375,277.67169189453125,262.70013427734375,12104133
2012-03-12,TMPV.NS,Tata Motors Pass Vehicles,Retail Hype / Turnaround,279.99676513671875,283.8553771972656,274.1098937988281,281.18402099609375,266.0231018066406,12373643
2012-03-13,TMPV.NS,Tata Motors Pass Vehicles,Retail Hype / Turnaround,283.1133117675781,284.5479431152344,279.3536376953125,279.99676513671875,264.89984130859375,9553515
2012-03-14,TMPV.NS,Tata Motors Pass Vehicles,Retail Hype / Turnaround,283.4596252441406,288.9012451171875,282.8164978027344,286.9224548339844,271.4521179199219,10136227
2012-03-15,TMPV.NS,Tata Motors Pass Vehicles,Retail Hype / Turnaround,286.87298583984375,291.0284423828125,281.6787109375,287.3677062988281,271.87335205078125,9871044
2012-03-16,TMPV.NS,Tata Motors Pass Vehicles,Retail Hype / Turnaround,285.4383850097656,294.6891784667969,279.6504821777344,283.6575012207031,268.3631896972656,16463280
2012-03-19,TMPV.NS,Tata Motors Pass Vehicles,Retail Hype / Turnaround,284.49847412109375,289.39593505859375,278.3642578125,280.4419860839844,265.3210754394531,9453260
2012-03-20,TMPV.NS,Tata Motors Pass Vehicles,Retail Hype / Turnaround,280.6893310546875,282.9154357910156,266.7884216308594,268.5198669433594,254.04177856445312,18382920
2012-03-21,TMPV.NS,Tata Motors Pass Vehicles,Retail Hype / Turnaround,268.965087890625,274.5056457519531,261.2973327636719,273.16998291015625,258.4411926269531,23277086
2012-03-22,TMPV.NS,Tata Motors Pass Vehicles,Retail Hype / Turnaround,271.43853759765625,279.40313720703125,265.15594482421875,267.233642578125,252.82492065429688,14674460
2012-03-23,TMPV.NS,Tata Motors Pass Vehicles,Retail Hype / Turnaround,269.1134948730469,272.67529296875,264.8096618652344,269.8060607910156,255.25865173339844,12244453
2012-03-26,TMPV.NS,Tata Motors Pass Vehicles,Retail Hype / Turnaround,269.8060607910156,269.8060607910156,263.4739685058594,265.55169677734375,251.233642578125,10809962
2012-03-27,TMPV.NS,Tata Motors Pass Vehicles,Retail Hype / Turnaround,270.0039367675781,272.57635498046875,262.9792785644531,269.9049987792969,255.35220336914062,11072644
2012-03-28,TMPV.NS,Tata Motors Pass Vehicles,Retail Hype / Turnaround,269.0145568847656,269.756591796875,265.650634765625,268.27252197265625,253.80775451660156,7597363
2012-03-29,TMPV.NS,Tata Motors Pass Vehicles,Retail Hype / Turnaround,265.9969177246094,271.0922546386719,264.36444091796875,269.06402587890625,254.55662536621094,9912451
2012-03-30,TMPV.NS,Tata Motors Pass Vehicles,Retail Hype / Turnaround,272.0816650390625,273.6646728515625,270.0039367675781,272.3290100097656,257.6455383300781,6411121
2012-04-02,TMPV.NS,Tata Motors Pass Vehicles,Retail Hype / Turnaround,276.9296569824219,277.0285949707031,272.77423095703125,273.862548828125,259.09637451171875,8010959
2012-04-03,TMPV.NS,Tata Motors Pass Vehicles,Retail Hype / Turnaround,275.54449462890625,279.0073547363281,272.37847900390625,278.26531982421875,263.2617492675781,8305886
2012-04-04,TMPV.NS,Tata Motors Pass Vehicles,Retail Hype / Turnaround,277.0285949707031,278.8094787597656,274.35723876953125,275.5939636230469,260.73443603515625,4834356
2012-04-09,TMPV.NS,Tata Motors Pass Vehicles,Retail Hype / Turnaround,274.0604248046875,275.89080810546875,270.7954406738281,272.67529296875,257.9731140136719,3980653
2012-04-10,TMPV.NS,Tata Motors Pass Vehicles,Retail Hype / Turnaround,273.16998291015625,281.6787109375,272.57635498046875,280.7388000488281,265.6018981933594,8246056
2012-04-11,TMPV.NS,Tata Motors Pass Vehicles,Retail Hype / Turnaround,278.1663818359375,283.41015625,277.7211608886719,280.0462341308594,264.9466552734375,9951166
2012-04-12,TMPV.NS,Tata Motors Pass Vehicles,Retail Hype / Turnaround,282.2228698730469,284.6468811035156,280.98614501953125,283.16278076171875,267.8951721191406,5723171
2012-04-13,TMPV.NS,Tata Motors Pass Vehicles,Retail Hype / Turnaround,284.9436950683594,291.4736633300781,283.9543151855469,286.2298889160156,270.796875,7798081
2012-04-16,TMPV.NS,Tata Motors Pass Vehicles,Retail Hype / Turnaround,286.67510986328125,298.6961975097656,283.805908203125,297.5089111328125,281.4677734375,12367613
2012-04-17,TMPV.NS,Tata Motors Pass Vehicles,Retail Hype / Turnaround,300.7738952636719,301.71380615234375,293.50189208984375,298.1520080566406,282.0762023925781,14091462
2012-04-18,TMPV.NS,Tata Motors Pass Vehicles,Retail Hype / Turnaround,300.2792053222656,307.94696044921875,299.7845153808594,306.462890625,289.9389953613281,17069529
2012-04-19,TMPV.NS,Tata Motors Pass Vehicles,Retail Hype / Turnaround,308.0458984375,316.9009094238281,306.3144836425781,315.862060546875,298.83135986328125,15746331
2012-04-20,TMPV.NS,Tata Motors Pass Vehicles,Retail Hype / Turnaround,314.3285217285156,317.34613037109375,309.1836853027344,313.2896423339844,296.39764404296875,9064027
2012-04-23,TMPV.NS,Tata Motors Pass Vehicles,Retail Hype / Turnaround,313.1412353515625,316.5051574707031,305.3745422363281,306.462890625,289.9389953613281,7917321
2012-04-24,TMPV.NS,Tata Motors Pass Vehicles,Retail Hype / Turnaround,306.2155456542969,310.9151306152344,305.7702941894531,308.54058837890625,291.9046325683594,6222982
2012-04-25,TMPV.NS,Tata Motors Pass Vehicles,Retail Hype / Turnaround,309.52996826171875,312.1023864746094,305.9681701660156,310.6183166503906,293.87030029296875,8708476
2012-04-26,TMPV.NS,Tata Motors Pass Vehicles,Retail Hype / Turnaround,312.547607421875,312.547607421875,307.0565185546875,308.7879333496094,292.1386413574219,6841205
2012-04-27,TMPV.NS,Tata Motors Pass Vehicles,Retail Hype / Turnaround,309.4804992675781,310.3709716796875,304.43463134765625,309.33209228515625,292.65350341796875,5664196
2012-04-30,TMPV.NS,Tata Motors Pass Vehicles,Retail Hype / Turnaround,306.7102355957031,314.1306457519531,306.6607666015625,313.1907043457031,296.3040466308594,4698115
2012-05-02,TMPV.NS,Tata Motors Pass Vehicles,Retail Hype / Turnaround,309.62890625,309.62890625,300.4276123046875,301.2685852050781,285.0246887207031,10281065
2012-05-03,TMPV.NS,Tata Motors Pass Vehicles,Retail Hype / Turnaround,300.92230224609375,301.7632751464844,296.22271728515625,297.7562561035156,281.7017822265625,10155565
2012-05-04,TMPV.NS,Tata Motors Pass Vehicles,Retail Hype / Turnaround,295.332275390625,300.4770812988281,292.1662292480469,298.5972595214844,282.4974670410156,11727629
2012-05-07,TMPV.NS,Tata Motors Pass Vehicles,Retail Hype / Turnaround,294.7386474609375,306.7102355957031,288.4560241699219,305.127197265625,288.67535400390625,13212481
2012-05-08,TMPV.NS,Tata Motors Pass Vehicles,Retail Hype / Turnaround,304.7314453125,306.2650146484375,291.8694152832031,293.2545471191406,277.44281005859375,10848195
2012-05-09,TMPV.NS,Tata Motors Pass Vehicles,Retail Hype / Turnaround,288.8517761230469,294.1449890136719,286.3288269042969,289.7422180175781,274.11981201171875,11324380
2012-05-10,TMPV.NS,Tata Motors Pass Vehicles,Retail Hype / Turnaround,290.92950439453125,293.99658203125,284.0532531738281,286.1309509277344,270.70330810546875,6723272
2012-05-11,TMPV.NS,Tata Motors Pass Vehicles,Retail Hype / Turnaround,284.9931640625,298.6961975097656,284.9931640625,294.3428649902344,278.4724426269531,8032875
2012-05-14,TMPV.NS,Tata Motors Pass Vehicles,Retail Hype / Turnaround,295.82696533203125,297.4594421386719,282.6186218261719,287.51611328125,272.0137023925781,7124356
2012-05-15,TMPV.NS,Tata Motors Pass Vehicles,Retail Hype / Turnaround,284.9436950683594,289.39593505859375,281.6292419433594,287.2687683105469,271.77978515625,9218412
2012-05-16,TMPV.NS,Tata Motors Pass Vehicles,Retail Hype / Turnaround,273.96148681640625,274.1098937988281,264.9085998535156,266.14532470703125,251.7952423095703,23292626
2012-05-17,TMPV.NS,Tata Motors Pass Vehicles,Retail Hype / Turnaround,265.74957275390625,272.97210693359375,260.85211181640625,268.27252197265625,253.80775451660156,13815822
2012-05-18,TMPV.NS,Tata Motors Pass Vehicles,Retail Hype / Turnaround,262.1877746582031,263.8697204589844,253.2832794189453,257.14190673828125,243.2772979736328,12727154
2012-05-21,TMPV.NS,Tata Motors Pass Vehicles,Retail Hype / Turnaround,257.438720703125,261.44573974609375,255.36099243164062,259.0711975097656,245.10252380371094,7933464
2012-05-22,TMPV.NS,Tata Motors Pass Vehicles,Retail Hype / Turnaround,264.0675964355469,266.7884216308594,260.6047668457031,262.2867126464844,248.14468383789062,8598735
2012-05-23,TMPV.NS,Tata Motors Pass Vehicles,Retail Hype / Turnaround,259.31854248046875,262.63299560546875,256.74615478515625,258.6754455566406,244.72816467285156,7857292
2012-05-24,TMPV.NS,Tata Motors Pass Vehicles,Retail Hype / Turnaround,260.0111083984375,265.2054138183594,254.17373657226562,264.1665344238281,249.9231719970703,8885965
2012-05-25,TMPV.NS,Tata Motors Pass Vehicles,Retail Hype / Turnaround,262.9298095703125,268.9156188964844,259.5658874511719,266.1947937011719,251.842041015625,5253962
2012-05-28,TMPV.NS,Tata Motors Pass Vehicles,Retail Hype / Turnaround,267.8272705078125,274.7035217285156,265.2054138183594,273.6646728515625,258.9091796875,8186826
2012-05-29,TMPV.NS,Tata Motors Pass Vehicles,Retail Hype / Turnaround,277.9190368652344,280.095703125,270.15234375,272.8236999511719,258.1135559082031,12691931
2012-05-30,TMPV.NS,Tata Motors Pass Vehicles,Retail Hype / Turnaround,256.2514343261719,257.04296875,238.98663330078125,240.47071838378906,227.5049591064453,40931062
2012-05-31,TMPV.NS,Tata Motors Pass Vehicles,Retail Hype / Turnaround,235.3753662109375,236.5626220703125,227.85601806640625,230.52735900878906,218.0977325439453,37837266
2012-06-01,TMPV.NS,Tata Motors Pass Vehicles,Retail Hype / Turnaround,232.50613403320312,233.4955291748047,220.18826293945312,222.1670379638672,210.1881866455078,24109675
2012-06-04,TMPV.NS,Tata Motors Pass Vehicles,Retail Hype / Turnaround,218.01161193847656,227.9549560546875,214.9445037841797,226.42140197753906,214.2131805419922,18637993
2012-06-05,TMPV.NS,Tata Motors Pass Vehicles,Retail Hype / Turnaround,225.77830505371094,226.9160919189453,218.7041778564453,219.2978057861328,207.4737091064453,15562153
2012-06-06,TMPV.NS,Tata Motors Pass Vehicles,Retail Hype / Turnaround,220.78189086914062,233.8912811279297,220.78189086914062,231.91250610351562,219.408203125,27016727
2012-06-07,TMPV.NS,Tata Motors Pass Vehicles,Retail Hype / Turnaround,233.05030822753906,236.36474609375,229.5874481201172,233.9407501220703,221.32708740234375,13735046
2012-06-08,TMPV.NS,Tata Motors Pass Vehicles,Retail Hype / Turnaround,231.51675415039062,237.4036102294922,230.4284210205078,236.6615753173828,223.90122985839844,10482024
2012-06-11,TMPV.NS,Tata Motors Pass Vehicles,Retail Hype / Turnaround,238.4424591064453,241.3611602783203,231.12100219726562,233.00083923339844,220.4378662109375,9973988
2012-06-12,TMPV.NS,Tata Motors Pass Vehicles,Retail Hype / Turnaround,230.2305450439453,241.21275329589844,230.08213806152344,240.37176513671875,227.411376953125,13088053
2012-06-13,TMPV.NS,Tata Motors Pass Vehicles,Retail Hype / Turnaround,241.41062927246094,241.41062927246094,233.7428741455078,234.88067626953125,222.21633911132812,9961504
2012-06-14,TMPV.NS,Tata Motors Pass Vehicles,Retail Hype / Turnaround,235.47430419921875,236.90892028808594,223.2058868408203,224.29421997070312,212.20066833496094,12796631
2012-06-15,TMPV.NS,Tata Motors Pass Vehicles,Retail Hype / Turnaround,225.6793670654297,238.8876953125,225.6793670654297,237.74989318847656,224.93084716796875,16572219
2012-06-18,TMPV.NS,Tata Motors Pass Vehicles,Retail Hype / Turnaround,240.42123413085938,245.36817932128906,231.76409912109375,235.42483520507812,222.73117065429688,18359404
2012-06-19,TMPV.NS,Tata Motors Pass Vehicles,Retail Hype / Turnaround,236.46368408203125,240.02548217773438,233.7428741455078,235.62271118164062,222.9183807373047,10551632
2012-06-20,TMPV.NS,Tata Motors Pass Vehicles,Retail Hype / Turnaround,238.4424591064453,244.77455139160156,237.4530792236328,243.33993530273438,230.21949768066406,13310576
2012-06-21,TMPV.NS,Tata Motors Pass Vehicles,Retail Hype / Turnaround,242.35055541992188,247.14907836914062,240.074951171875,245.56605529785156,232.32557678222656,11344719
2012-06-22,TMPV.NS,Tata Motors Pass Vehicles,Retail Hype / Turnaround,242.25160217285156,248.5342254638672,239.72866821289062,244.4777374267578,231.29595947265625,12999744
2012-06-25,TMPV.NS,Tata Motors Pass Vehicles,Retail Hype / Turnaround,245.76393127441406,249.22679138183594,242.4000244140625,243.5872802734375,230.4534912109375,11474845
2012-06-26,TMPV.NS,Tata Motors Pass Vehicles,Retail Hype / Turnaround,242.89471435546875,246.15969848632812,241.5095672607422,244.08197021484375,230.9215545654297,4864293
2012-06-27,TMPV.NS,Tata Motors Pass Vehicles,Retail Hype / Turnaround,245.36817932128906,246.5059814453125,235.72164916992188,236.6615753173828,223.90122985839844,9351574
2012-06-28,TMPV.NS,Tata Motors Pass Vehicles,Retail Hype / Turnaround,236.26580810546875,239.43185424804688,230.28001403808594,237.7993621826172,224.97767639160156,14884028
2012-06-29,TMPV.NS,Tata Motors Pass Vehicles,Retail Hype / Turnaround,240.42123413085938,243.63674926757812,237.94776916503906,239.8770751953125,226.94334411621094,13286035
2012-07-02,TMPV.NS,Tata Motors Pass Vehicles,Retail Hype / Turnaround,237.2057342529297,239.8770751953125,235.02908325195312,235.42483520507812,222.73117065429688,9325132
2012-07-03,TMPV.NS,Tata Motors Pass Vehicles,Retail Hype / Turnaround,237.7993621826172,238.83822631835938,232.60507202148438,235.02908325195312,222.35675048828125,9242399
2012-07-04,TMPV.NS,Tata Motors Pass Vehicles,Retail Hype / Turnaround,235.62271118164062,238.6898193359375,233.05030822753906,233.6934051513672,221.09307861328125,10654075
2012-07-05,TMPV.NS,Tata Motors Pass Vehicles,Retail Hype / Turnaround,233.6934051513672,238.09617614746094,232.0609130859375,237.4530792236328,224.65003967285156,11523077
2012-07-06,TMPV.NS,Tata Motors Pass Vehicles,Retail Hype / Turnaround,238.4424591064453,241.1138153076172,234.88067626953125,238.09617614746094,225.25848388671875,12442040
2012-07-09,TMPV.NS,Tata Motors Pass Vehicles,Retail Hype / Turnaround,235.67218017578125,240.7180633544922,235.67218017578125,238.29405212402344,225.44566345214844,10330684
2012-07-10,TMPV.NS,Tata Motors Pass Vehicles,Retail Hype / Turnaround,239.8770751953125,245.76393127441406,239.283447265625,243.88409423828125,230.7342987060547,12579287
2012-07-11,TMPV.NS,Tata Motors Pass Vehicles,Retail Hype / Turnaround,241.7074432373047,243.68621826171875,237.2552032470703,238.8876953125,226.00730895996094,8793244
2012-07-12,TMPV.NS,Tata Motors Pass Vehicles,Retail Hype / Turnaround,237.94776916503906,238.2445831298828,233.2976531982422,234.2870330810547,221.65469360351562,9513820
2012-07-13,TMPV.NS,Tata Motors Pass Vehicles,Retail Hype / Turnaround,233.4955291748047,235.968994140625,231.76409912109375,233.44606018066406,220.85906982421875,8303185
2012-07-16,TMPV.NS,Tata Motors Pass Vehicles,Retail Hype / Turnaround,234.9796142578125,235.7711181640625,226.17405700683594,226.81715393066406,214.58758544921875,8741929
2012-07-17,TMPV.NS,Tata Motors Pass Vehicles,Retail Hype / Turnaround,229.4390411376953,229.88426208496094,222.85960388183594,223.50271606445312,211.45184326171875,12015166
2012-07-18,TMPV.NS,Tata Motors Pass Vehicles,Retail Hype / Turnaround,221.37551879882812,221.52394104003906,216.08230590820312,219.2483367919922,211.1659698486328,11897419
2012-07-19,TMPV.NS,Tata Motors Pass Vehicles,Retail Hype / Turnaround,222.11756896972656,224.09634399414062,221.42498779296875,222.4143829345703,214.21527099609375,6677436
2012-07-20,TMPV.NS,Tata Motors Pass Vehicles,Retail Hype / Turnaround,221.6228790283203,223.05747985839844,219.69357299804688,221.02923583984375,212.8812255859375,3940979
2012-07-23,TMPV.NS,Tata Motors Pass Vehicles,Retail Hype / Turnaround,218.55577087402344,218.6547088623047,212.7183837890625,213.75723266601562,205.87728881835938,5761220
2012-07-24,TMPV.NS,Tata Motors Pass Vehicles,Retail Hype / Turnaround,214.2024688720703,215.48866271972656,211.0858917236328,213.55935668945312,205.68670654296875,7368372
2012-07-25,TMPV.NS,Tata Motors Pass Vehicles,Retail Hype / Turnaround,211.4321746826172,212.916259765625,208.85977172851562,210.73960876464844,202.97091674804688,6799635
2012-07-26,TMPV.NS,Tata Motors Pass Vehicles,Retail Hype / Turnaround,209.84915161132812,211.0364227294922,200.89520263671875,202.92344665527344,195.44287109375,14572162
2012-07-27,TMPV.NS,Tata Motors Pass Vehicles,Retail Hype / Turnaround,208.26614379882812,213.1141357421875,206.9799346923828,210.59120178222656,202.82797241210938,11852257
2012-07-30,TMPV.NS,Tata Motors Pass Vehicles,Retail Hype / Turnaround,214.10353088378906,220.43560791015625,213.06466674804688,219.34727478027344,211.26124572753906,9094027
2012-07-31,TMPV.NS,Tata Motors Pass Vehicles,Retail Hype / Turnaround,219.64410400390625,224.59103393554688,214.84556579589844,223.8489990234375,215.59703063964844,11297966
2012-08-01,TMPV.NS,Tata Motors Pass Vehicles,Retail Hype / Turnaround,222.1670379638672,227.26239013671875,220.83135986328125,224.93731689453125,216.64523315429688,10425962
2012-08-02,TMPV.NS,Tata Motors Pass Vehicles,Retail Hype / Turnaround,223.70059204101562,224.59103393554688,219.2483367919922,220.336669921875,212.2141876220703,5808700
2012-08-03,TMPV.NS,Tata Motors Pass Vehicles,Retail Hype / Turnaround,218.6547088623047,219.64410400390625,213.85617065429688,218.60523986816406,210.5465850830078,7327872
2012-08-06,TMPV.NS,Tata Motors Pass Vehicles,Retail Hype / Turnaround,224.09634399414062,227.50973510742188,223.70059204101562,226.61927795410156,218.26519775390625,7596745
2012-08-07,TMPV.NS,Tata Motors Pass Vehicles,Retail Hype / Turnaround,228.89486694335938,236.95838928222656,228.64752197265625,236.26580810546875,227.55612182617188,12277598
2012-08-08,TMPV.NS,Tata Motors Pass Vehicles,Retail Hype / Turnaround,237.6014862060547,243.1915283203125,237.15626525878906,238.93716430664062,230.1289825439453,15104047
2012-08-09,TMPV.NS,Tata Motors Pass Vehicles,Retail Hype / Turnaround,239.82760620117188,243.389404296875,229.1916961669922,236.76051330566406,228.03257751464844,29687040
2012-08-10,TMPV.NS,Tata Motors Pass Vehicles,Retail Hype / Turnaround,233.79234313964844,234.38597106933594,228.30123901367188,229.48851013183594,221.0286407470703,11210638
2012-08-13,TMPV.NS,Tata Motors Pass Vehicles,Retail Hype / Turnaround,228.64752197265625,229.04327392578125,221.3260498046875,225.82777404785156,217.5028533935547,9158452
2012-08-14,TMPV.NS,Tata Motors Pass Vehicles,Retail Hype / Turnaround,225.08572387695312,233.39659118652344,225.08572387695312,232.50613403320312,223.93502807617188,8542236
2012-08-16,TMPV.NS,Tata Motors Pass Vehicles,Retail Hype / Turnaround,232.55560302734375,237.2057342529297,229.73585510253906,232.9513702392578,224.3638458251953,12083860
2012-08-17,TMPV.NS,Tata Motors Pass Vehicles,Retail Hype / Turnaround,234.18809509277344,240.7180633544922,234.03968811035156,237.6509552001953,228.8901824951172,12816446
2012-08-21,TMPV.NS,Tata Motors Pass Vehicles,Retail Hype / Turnaround,238.54139709472656,244.6261444091797,238.54139709472656,243.5872802734375,234.607666015625,9961580
2012-08-22,TMPV.NS,Tata Motors Pass Vehicles,Retail Hype / Turnaround,242.05372619628906,247.24801635742188,241.41062927246094,245.4671173095703,236.41822814941406,8780180
2012-08-23,TMPV.NS,Tata Motors Pass Vehicles,Retail Hype / Turnaround,244.8734893798828,245.6649932861328,241.01487731933594,242.69683837890625,233.7500457763672,10646487
2012-08-24,TMPV.NS,Tata Motors Pass Vehicles,Retail Hype / Turnaround,240.42123413085938,245.8134002685547,238.83822631835938,243.43887329101562,234.46475219726562,8630281
2012-08-27,TMPV.NS,Tata Motors Pass Vehicles,Retail Hype / Turnaround,243.29046630859375,244.08197021484375,237.6509552001953,238.49192810058594,229.70016479492188,6697001
2012-08-28,TMPV.NS,Tata Motors Pass Vehicles,Retail Hype / Turnaround,236.8594512939453,237.8488311767578,232.654541015625,234.78173828125,226.12673950195312,7092818
2012-08-29,TMPV.NS,Tata Motors Pass Vehicles,Retail Hype / Turnaround,234.4849090576172,234.4849090576172,229.6369171142578,230.92311096191406,222.41036987304688,6451372
2012-08-30,TMPV.NS,Tata Motors Pass Vehicles,Retail Hype / Turnaround,228.69699096679688,236.6615753173828,227.361328125,234.23756408691406,225.6026153564453,8955071
2012-08-31,TMPV.NS,Tata Motors Pass Vehicles,Retail Hype / Turnaround,234.0891571044922,235.67218017578125,228.20230102539062,231.81356811523438,223.2679901123047,6881868
2012-09-03,TMPV.NS,Tata Motors Pass Vehicles,Retail Hype / Turnaround,233.6934051513672,236.8594512939453,226.22352600097656,228.44964599609375,220.02806091308594,8998041
2012-09-04,TMPV.NS,Tata Motors Pass Vehicles,Retail Hype / Turnaround,228.3507080078125,233.00083923339844,227.70761108398438,232.35772705078125,223.7920684814453,6006269
2012-09-05,TMPV.NS,Tata Motors Pass Vehicles,Retail Hype / Turnaround,229.93373107910156,232.70401000976562,225.18466186523438,226.2729949951172,217.9316864013672,6181538
2012-09-06,TMPV.NS,Tata Motors Pass Vehicles,Retail Hype / Turnaround,224.39315795898438,232.30825805664062,222.66172790527344,230.5768280029297,222.07684326171875,9322795
2012-09-07,TMPV.NS,Tata Motors Pass Vehicles,Retail Hype / Turnaround,236.95838928222656,241.5590362548828,236.01846313476562,240.7180633544922,231.84422302246094,13411363
2012-09-10,TMPV.NS,Tata Motors Pass Vehicles,Retail Hype / Turnaround,242.597900390625,247.19854736328125,240.02548217773438,246.25863647460938,237.18055725097656,8956200
2012-09-11,TMPV.NS,Tata Motors Pass Vehicles,Retail Hype / Turnaround,243.389404296875,248.23741149902344,243.09259033203125,247.14907836914062,238.03817749023438,8887159
2012-09-12,TMPV.NS,Tata Motors Pass Vehicles,Retail Hype / Turnaround,248.3363494873047,261.4952087402344,248.28688049316406,260.45635986328125,250.85487365722656,14929009
2012-09-13,TMPV.NS,Tata Motors Pass Vehicles,Retail Hype / Turnaround,261.5941467285156,261.64361572265625,254.86630249023438,256.647216796875,247.18617248535156,8498861
2012-09-14,TMPV.NS,Tata Motors Pass Vehicles,Retail Hype / Turnaround,262.1877746582031,269.1134948730469,260.30792236328125,267.4315185546875,257.5729064941406,14965006
2012-09-17,TMPV.NS,Tata Motors Pass Vehicles,Retail Hype / Turnaround,273.36785888671875,286.2298889160156,271.7848205566406,274.9013977050781,264.7674560546875,22424239
2012-09-18,TMPV.NS,Tata Motors Pass Vehicles,Retail Hype / Turnaround,272.37847900390625,275.4950256347656,269.65765380859375,270.5975646972656,260.6222229003906,11982766
2012-09-20,TMPV.NS,Tata Motors Pass Vehicles,Retail Hype / Turnaround,266.14532470703125,275.4950256347656,264.9085998535156,268.7177429199219,258.81170654296875,12655817
2012-09-21,TMPV.NS,Tata Motors Pass Vehicles,Retail Hype / Turnaround,269.6081848144531,274.25830078125,268.0251770019531,272.5268859863281,262.48046875,14142394
2012-09-24,TMPV.NS,Tata Motors Pass Vehicles,Retail Hype / Turnaround,271.8837890625,276.9296569824219,269.4103088378906,270.7954406738281,260.81280517578125,11404905
2012-09-25,TMPV.NS,Tata Motors Pass Vehicles,Retail Hype / Turnaround,271.2901306152344,272.97210693359375,263.6718444824219,266.04638671875,256.23883056640625,6942239
2012-09-26,TMPV.NS,Tata Motors Pass Vehicles,Retail Hype / Turnaround,263.8697204589844,265.6011657714844,259.6153564453125,260.30792236328125,250.71192932128906,6749862
2012-09-27,TMPV.NS,Tata Motors Pass Vehicles,Retail Hype / Turnaround,261.44573974609375,264.36444091796875,255.85569763183594,257.04296875,247.56732177734375,10587573
2012-09-28,TMPV.NS,Tata Motors Pass Vehicles,Retail Hype / Turnaround,261.3962707519531,269.1134948730469,260.3573913574219,264.7107238769531,254.95242309570312,11663992
2012-10-01,TMPV.NS,Tata Motors Pass Vehicles,Retail Hype / Turnaround,265.15594482421875,273.2689208984375,265.15594482421875,271.7848205566406,261.7657470703125,9521185
2012-10-03,TMPV.NS,Tata Motors Pass Vehicles,Retail Hype / Turnaround,272.0816650390625,273.071044921875,267.33258056640625,270.5975646972656,260.6222229003906,9234921
2012-10-04,TMPV.NS,Tata Motors Pass Vehicles,Retail Hype / Turnaround,272.3290100097656,276.0392150878906,270.25128173828125,271.3890686035156,261.3845520019531,7662621
2012-10-05,TMPV.NS,Tata Motors Pass Vehicles,Retail Hype / Turnaround,273.56573486328125,279.5020751953125,217.12115478515625,277.57275390625,267.34027099609375,17278699
2012-10-08,TMPV.NS,Tata Motors Pass Vehicles,Retail Hype / Turnaround,278.46319580078125,280.6893310546875,268.1241149902344,269.5587158203125,259.6217041015625,7672267
2012-10-09,TMPV.NS,Tata Motors Pass Vehicles,Retail Hype / Turnaround,272.279541015625,275.2971496582031,263.2760925292969,266.837890625,257.0011291503906,7948882
2012-10-10,TMPV.NS,Tata Motors Pass Vehicles,Retail Hype / Turnaround,264.2655029296875,270.1028747558594,263.7707824707031,264.6117858886719,254.8571319580078,7446704
2012-10-11,TMPV.NS,Tata Motors Pass Vehicles,Retail Hype / Turnaround,265.8485107421875,271.98272705078125,262.3856506347656,270.8943786621094,260.90814208984375,7936504
2012-10-12,TMPV.NS,Tata Motors Pass Vehicles,Retail Hype / Turnaround,270.8943786621094,271.43853759765625,267.0357666015625,268.3714599609375,258.4781799316406,7601135
2012-10-15,TMPV.NS,Tata Motors Pass Vehicles,Retail Hype / Turnaround,267.7778015136719,268.3714599609375,263.3750305175781,266.54107666015625,256.7153015136719,4803032
2012-10-16,TMPV.NS,Tata Motors Pass Vehicles,Retail Hype / Turnaround,262.1877746582031,263.127685546875,258.4281005859375,259.51641845703125,249.9496307373047,9626107
2012-10-17,TMPV.NS,Tata Motors Pass Vehicles,Retail Hype / Turnaround,262.1877746582031,264.859130859375,258.230224609375,262.0888366699219,252.4272003173828,7653892
2012-10-18,TMPV.NS,Tata Motors Pass Vehicles,Retail Hype / Turnaround,263.1771545410156,268.9156188964844,263.1771545410156,267.3820495605469,257.52532958984375,6699061
2012-10-19,TMPV.NS,Tata Motors Pass Vehicles,Retail Hype / Turnaround,267.13470458984375,270.4986267089844,263.7213134765625,266.14532470703125,256.3341369628906,3971067
2012-10-22,TMPV.NS,Tata Motors Pass Vehicles,Retail Hype / Turnaround,264.6612548828125,265.8485107421875,261.7920227050781,264.21600341796875,254.47598266601562,4518858
2012-10-23,TMPV.NS,Tata Motors Pass Vehicles,Retail Hype / Turnaround,263.1771545410156,264.3149719238281,260.30792236328125,261.7920227050781,252.141357421875,3154106
2012-10-25,TMPV.NS,Tata Motors Pass Vehicles,Retail Hype / Turnaround,261.7920227050781,262.73193359375,257.4881896972656,258.4775695800781,248.9490509033203,7612764
2012-10-29,TMPV.NS,Tata Motors Pass Vehicles,Retail Hype / Turnaround,259.31854248046875,261.544677734375,251.50238037109375,254.02532958984375,244.66094970703125,4740882
2012-10-30,TMPV.NS,Tata Motors Pass Vehicles,Retail Hype / Turnaround,254.42108154296875,255.01470947265625,242.4000244140625,245.0218963623047,235.98941040039062,9663502
2012-10-31,TMPV.NS,Tata Motors Pass Vehicles,Retail Hype / Turnaround,245.36817932128906,252.59071350097656,245.12083435058594,252.0465545654297,242.75509643554688,9220851
2012-11-01,TMPV.NS,Tata Motors Pass Vehicles,Retail Hype / Turnaround,254.27267456054688,266.6894836425781,254.27267456054688,264.6117858886719,254.8571319580078,10581994
2012-11-02,TMPV.NS,Tata Motors Pass Vehicles,Retail Hype / Turnaround,269.1134948730469,269.1134948730469,262.2867126464844,267.1841735839844,257.334716796875,11189638
2012-11-05,TMPV.NS,Tata Motors Pass Vehicles,Retail Hype / Turnaround,267.13470458984375,271.7848205566406,263.7213134765625,266.93682861328125,257.0964660644531,7893034
2012-11-06,TMPV.NS,Tata Motors Pass Vehicles,Retail Hype / Turnaround,266.14532470703125,269.5587158203125,262.2867126464844,264.1170654296875,254.38063049316406,9670450
2012-11-07,TMPV.NS,Tata Motors Pass Vehicles,Retail Hype / Turnaround,263.9686584472656,270.44915771484375,263.7213134765625,266.4916076660156,256.66766357421875,9780477
2012-11-08,TMPV.NS,Tata Motors Pass Vehicles,Retail Hype / Turnaround,264.6612548828125,282.47021484375,262.4845886230469,280.9366760253906,270.5802001953125,24674466
2012-11-09,TMPV.NS,Tata Motors Pass Vehicles,Retail Hype / Turnaround,280.98614501953125,281.57977294921875,276.1381530761719,277.6222229003906,267.3879699707031,7264686
2012-11-12,TMPV.NS,Tata Motors Pass Vehicles,Retail Hype / Turnaround,275.98974609375,280.88720703125,275.14874267578125,277.7706298828125,267.5309143066406,7007130
2012-11-15,TMPV.NS,Tata Motors Pass Vehicles,Retail Hype / Turnaround,270.1028747558594,271.8837890625,266.93682861328125,269.36083984375,259.43115234375,13209072
2012-11-16,TMPV.NS,Tata Motors Pass Vehicles,Retail Hype / Turnaround,270.1028747558594,271.3890686035156,260.208984375,262.1877746582031,252.52247619628906,7400661
2012-11-19,TMPV.NS,Tata Motors Pass Vehicles,Retail Hype / Turnaround,262.43511962890625,264.3149719238281,259.2196044921875,261.2973327636719,251.66485595703125,6687932
2012-11-20,TMPV.NS,Tata Motors Pass Vehicles,Retail Hype / Turnaround,265.2054138183594,267.4809875488281,258.92279052734375,263.2760925292969,253.57069396972656,6937720
2012-11-21,TMPV.NS,Tata Motors Pass Vehicles,Retail Hype / Turnaround,264.0675964355469,265.15594482421875,261.1983947753906,262.6824645996094,252.99893188476562,5341383
2012-11-22,TMPV.NS,Tata Motors Pass Vehicles,Retail Hype / Turnaround,261.44573974609375,265.55169677734375,254.66842651367188,256.00408935546875,246.56675720214844,7592394
2012-11-23,TMPV.NS,Tata Motors Pass Vehicles,Retail Hype / Turnaround,253.2832794189453,259.0711975097656,253.2832794189453,257.73553466796875,248.23439025878906,8584881
2012-11-26,TMPV.NS,Tata Motors Pass Vehicles,Retail Hype / Turnaround,259.2196044921875,264.36444091796875,258.9722595214844,260.4068603515625,250.80723571777344,7711505
2012-11-27,TMPV.NS,Tata Motors Pass Vehicles,Retail Hype / Turnaround,261.544677734375,265.0570068359375,260.9510498046875,263.82025146484375,254.0948028564453,8565140
2012-11-29,TMPV.NS,Tata Motors Pass Vehicles,Retail Hype / Turnaround,265.15594482421875,276.7317810058594,264.76019287109375,275.4950256347656,265.3392028808594,20224810
2012-11-30,TMPV.NS,Tata Motors Pass Vehicles,Retail Hype / Turnaround,275.0498046875,280.98614501953125,269.06402587890625,270.548095703125,260.5745849609375,71756552
2012-12-03,TMPV.NS,Tata Motors Pass Vehicles,Retail Hype / Turnaround,270.1028747558594,273.862548828125,268.2230529785156,269.2124328613281,259.2881774902344,9740016
2012-12-04,TMPV.NS,Tata Motors Pass Vehicles,Retail Hype / Turnaround,270.3502197265625,272.4774169921875,266.442138671875,268.66827392578125,258.7640686035156,6787421
2012-12-05,TMPV.NS,Tata Motors Pass Vehicles,Retail Hype / Turnaround,269.2124328613281,276.0392150878906,269.2124328613281,272.0321960449219,262.0040283203125,10690761
2012-12-06,TMPV.NS,Tata Motors Pass Vehicles,Retail Hype / Turnaround,274.35723876953125,278.9578857421875,270.94384765625,277.86956787109375,267.62615966796875,10675043
2012-12-07,TMPV.NS,Tata Motors Pass Vehicles,Retail Hype / Turnaround,278.3147888183594,284.4490051269531,276.08868408203125,278.9084167480469,268.6267395019531,12945998
2012-12-10,TMPV.NS,Tata Motors Pass Vehicles,Retail Hype / Turnaround,280.3430480957031,283.1133117675781,275.0498046875,276.9791259765625,266.7685241699219,9616075
2012-12-11,TMPV.NS,Tata Motors Pass Vehicles,Retail Hype / Turnaround,278.1663818359375,279.8483581542969,270.3007507324219,275.14874267578125,265.0056457519531,9112658
2012-12-12,TMPV.NS,Tata Motors Pass Vehicles,Retail Hype / Turnaround,276.0392150878906,277.7706298828125,271.98272705078125,273.56573486328125,263.48101806640625,7716295
2012-12-13,TMPV.NS,Tata Motors Pass Vehicles,Retail Hype / Turnaround,279.2052307128906,287.2687683105469,278.3642578125,284.8447570800781,274.34429931640625,19676825
2012-12-14,TMPV.NS,Tata Motors Pass Vehicles,Retail Hype / Turnaround,284.4490051269531,291.0779113769531,281.6292419433594,289.00018310546875,278.34649658203125,12382276
2012-12-17,TMPV.NS,Tata Motors Pass Vehicles,Retail Hype / Turnaround,289.79168701171875,292.6609191894531,288.01080322265625,290.92950439453125,280.20465087890625,8384957
2012-12-18,TMPV.NS,Tata Motors Pass Vehicles,Retail Hype / Turnaround,293.6502990722656,297.2615661621094,290.8800048828125,295.1838684082031,284.30218505859375,14616479
2012-12-19,TMPV.NS,Tata Motors Pass Vehicles,Retail Hype / Turnaround,296.81634521484375,305.3250732421875,296.3216552734375,304.4841003417969,293.2596130371094,11758081
2012-12-20,TMPV.NS,Tata Motors Pass Vehicles,Retail Hype / Turnaround,304.5335693359375,305.918701171875,299.2898254394531,301.6643371582031,290.5438232421875,8167302
2012-12-21,TMPV.NS,Tata Motors Pass Vehicles,Retail Hype / Turnaround,297.3605041503906,299.93292236328125,294.4418029785156,296.22271728515625,285.30279541015625,5492708
2012-12-24,TMPV.NS,Tata Motors Pass Vehicles,Retail Hype / Turnaround,298.20147705078125,307.1059875488281,293.9471130371094,303.6925964355469,292.4972839355469,9931563
2012-12-26,TMPV.NS,Tata Motors Pass Vehicles,Retail Hype / Turnaround,302.1590270996094,305.1766662597656,300.52655029296875,302.85162353515625,291.6872863769531,4879983
2012-12-27,TMPV.NS,Tata Motors Pass Vehicles,Retail Hype / Turnaround,303.7420654296875,310.66778564453125,301.71380615234375,305.918701171875,294.6413269042969,13238093
2012-12-28,TMPV.NS,Tata Motors Pass Vehicles,Retail Hype / Turnaround,307.4028015136719,309.0847473144531,304.9293212890625,306.75970458984375,295.4513244628906,7661891
2012-12-31,TMPV.NS,Tata Motors Pass Vehicles,Retail Hype / Turnaround,306.2155456542969,310.46990966796875,306.2155456542969,309.33209228515625,297.92889404296875,3575899
2013-01-01,TMPV.NS,Tata Motors Pass Vehicles,Retail Hype / Turnaround,312.64654541015625,314.9221496582031,311.1624755859375,313.3885803222656,301.8358154296875,3980484
2013-01-02,TMPV.NS,Tata Motors Pass Vehicles,Retail Hype / Turnaround,315.1200256347656,317.5440368652344,312.8938903808594,314.6253356933594,303.0269775390625,6929285
2013-01-03,TMPV.NS,Tata Motors Pass Vehicles,Retail Hype / Turnaround,316.6040954589844,318.3355407714844,313.78436279296875,314.7242736816406,303.122314453125,6165017
2013-01-04,TMPV.NS,Tata Motors Pass Vehicles,Retail Hype / Turnaround,315.1200256347656,315.1200256347656,309.87628173828125,312.05291748046875,300.54937744140625,8965650
2013-01-07,TMPV.NS,Tata Motors Pass Vehicles,Retail Hype / Turnaround,314.4274597167969,315.2189636230469,309.2826232910156,309.9257507324219,298.5006408691406,4943021
2013-01-08,TMPV.NS,Tata Motors Pass Vehicles,Retail Hype / Turnaround,310.66778564453125,312.9928283691406,309.8267822265625,310.8161926269531,299.3583068847656,7304340
2013-01-09,TMPV.NS,Tata Motors Pass Vehicles,Retail Hype / Turnaround,315.6147155761719,326.8442687988281,315.56524658203125,323.8760986328125,311.93670654296875,16678960
2013-01-10,TMPV.NS,Tata Motors Pass Vehicles,Retail Hype / Turnaround,327.9820556640625,333.8194580078125,327.1410827636719,330.1587219238281,317.9877624511719,12753232
2013-01-11,TMPV.NS,Tata Motors Pass Vehicles,Retail Hype / Turnaround,331.2965087890625,332.58270263671875,323.3319396972656,326.89373779296875,314.84307861328125,7367759
2013-01-14,TMPV.NS,Tata Motors Pass Vehicles,Retail Hype / Turnaround,327.7347106933594,329.41668701171875,323.38140869140625,324.2223815917969,312.270263671875,7210052
2013-01-15,TMPV.NS,Tata Motors Pass Vehicles,Retail Hype / Turnaround,326.3990478515625,330.1092529296875,324.4202575683594,328.0315246582031,315.9389953613281,6790183
2013-01-16,TMPV.NS,Tata Motors Pass Vehicles,Retail Hype / Turnaround,326.0032958984375,326.3990478515625,315.1200256347656,316.653564453125,304.98046875,12745712
2013-01-17,TMPV.NS,Tata Motors Pass Vehicles,Retail Hype / Turnaround,320.66058349609375,327.7347106933594,320.66058349609375,325.4591369628906,313.46142578125,10058966
2013-01-18,TMPV.NS,Tata Motors Pass Vehicles,Retail Hype / Turnaround,326.596923828125,328.8725280761719,322.5404357910156,325.0633850097656,313.08026123046875,5015295
2013-01-21,TMPV.NS,Tata Motors Pass Vehicles,Retail Hype / Turnaround,325.6075439453125,326.49798583984375,318.8302307128906,319.8196105957031,308.02978515625,3909899
2013-01-22,TMPV.NS,Tata Motors Pass Vehicles,Retail Hype / Turnaround,320.0174865722656,321.1058044433594,311.9539794921875,315.16949462890625,303.55108642578125,6102524
2013-01-23,TMPV.NS,Tata Motors Pass Vehicles,Retail Hype / Turnaround,313.63592529296875,315.3179016113281,306.8091735839844,309.72784423828125,298.31005859375,7285144
2013-01-24,TMPV.NS,Tata Motors Pass Vehicles,Retail Hype / Turnaround,283.6575012207031,292.8587951660156,278.8094787597656,290.3358459472656,279.6329040527344,36895208
2013-01-25,TMPV.NS,Tata Motors Pass Vehicles,Retail Hype / Turnaround,291.7704772949219,301.6643371582031,287.07086181640625,297.80572509765625,286.8274841308594,15546885
2013-01-28,TMPV.NS,Tata Motors Pass Vehicles,Retail Hype / Turnaround,297.80572509765625,306.9081115722656,297.1626281738281,305.2756042480469,294.0219421386719,10711327
2013-01-29,TMPV.NS,Tata Motors Pass Vehicles,Retail Hype / Turnaround,302.752685546875,312.547607421875,299.7845153808594,301.021240234375,289.92437744140625,13434477
2013-01-30,TMPV.NS,Tata Motors Pass Vehicles,Retail Hype / Turnaround,299.8834533691406,300.7738952636719,294.9859924316406,296.02484130859375,285.1122131347656,8020234
2013-01-31,TMPV.NS,Tata Motors Pass Vehicles,Retail Hype / Turnaround,294.1944580078125,296.61846923828125,291.8694152832031,294.83758544921875,283.96868896484375,7071041
2013-02-01,TMPV.NS,Tata Motors Pass Vehicles,Retail Hype / Turnaround,294.6396789550781,297.31103515625,265.4032897949219,278.66107177734375,268.3885192871094,17259036
2013-02-04,TMPV.NS,Tata Motors Pass Vehicles,Retail Hype / Turnaround,289.9400939941406,293.7492370605469,286.3288269042969,288.9012451171875,278.25115966796875,11186459
2013-02-05,TMPV.NS,Tata Motors Pass Vehicles,Retail Hype / Turnaround,285.9330749511719,288.2581481933594,281.97552490234375,284.1521911621094,273.6771545410156,6279891
2013-02-06,TMPV.NS,Tata Motors Pass Vehicles,Retail Hype / Turnaround,286.7245788574219,287.1698303222656,281.0356140136719,283.16278076171875,272.7242736816406,6908199
2013-02-07,TMPV.NS,Tata Motors Pass Vehicles,Retail Hype / Turnaround,282.37127685546875,287.7139892578125,282.2723388671875,285.5373229980469,275.0112609863281,5762713
2013-02-08,TMPV.NS,Tata Motors Pass Vehicles,Retail Hype / Turnaround,288.9012451171875,292.0672912597656,281.6787109375,282.37127685546875,271.9619140625,10002314
2013-02-11,TMPV.NS,Tata Motors Pass Vehicles,Retail Hype / Turnaround,286.9224548339844,289.19805908203125,285.4383850097656,287.81292724609375,277.2029724121094,5212706
2013-02-12,TMPV.NS,Tata Motors Pass Vehicles,Retail Hype / Turnaround,291.12738037109375,296.6679382324219,288.3570861816406,295.3817443847656,284.4928283691406,6687500
2013-02-13,TMPV.NS,Tata Motors Pass Vehicles,Retail Hype / Turnaround,305.7702941894531,308.6889953613281,299.8834533691406,301.4664611816406,290.3531799316406,9919800
2013-02-14,TMPV.NS,Tata Motors Pass Vehicles,Retail Hype / Turnaround,301.7632751464844,302.752685546875,291.6220703125,294.0460510253906,283.20635986328125,7547699
2013-02-15,TMPV.NS,Tata Motors Pass Vehicles,Retail Hype / Turnaround,284.9931640625,302.65374755859375,284.9436950683594,301.2191162109375,290.1149597167969,12615814
2013-02-18,TMPV.NS,Tata Motors Pass Vehicles,Retail Hype / Turnaround,301.4169921875,304.9293212890625,298.39935302734375,302.5548095703125,291.40142822265625,8381949
2013-02-19,TMPV.NS,Tata Motors Pass Vehicles,Retail Hype / Turnaround,302.2579650878906,305.22613525390625,300.0318603515625,303.4947204589844,292.30670166015625,5444056
2013-02-20,TMPV.NS,Tata Motors Pass Vehicles,Retail Hype / Turnaround,303.9894104003906,305.9681701660156,298.3004150390625,300.72442626953125,289.63848876953125,7103039
2013-02-21,TMPV.NS,Tata Motors Pass Vehicles,Retail Hype / Turnaround,297.9046630859375,298.4983215332031,292.1662292480469,294.392333984375,283.5398864746094,7695041
2013-02-22,TMPV.NS,Tata Motors Pass Vehicles,Retail Hype / Turnaround,291.8199462890625,294.392333984375,286.7740478515625,289.79168701171875,279.1087646484375,8354663
2013-02-25,TMPV.NS,Tata Motors Pass Vehicles,Retail Hype / Turnaround,293.6502990722656,298.0530700683594,291.9683532714844,295.9753723144531,285.0645446777344,5979261
2013-02-26,TMPV.NS,Tata Motors Pass Vehicles,Retail Hype / Turnaround,291.6715393066406,292.7598571777344,282.56915283203125,286.3288269042969,275.7735595703125,9178538
2013-02-27,TMPV.NS,Tata Motors Pass Vehicles,Retail Hype / Turnaround,286.971923828125,287.7634582519531,278.5621337890625,283.2122497558594,272.77191162109375,8834384
2013-02-28,TMPV.NS,Tata Motors Pass Vehicles,Retail Hype / Turnaround,290.1379699707031,290.1379699707031,277.57275390625,284.49847412109375,274.0107116699219,14609922
2013-03-01,TMPV.NS,Tata Motors Pass Vehicles,Retail Hype / Turnaround,287.911865234375,290.0885009765625,278.7105407714844,285.3394470214844,274.8206481933594,15816820
2013-03-04,TMPV.NS,Tata Motors Pass Vehicles,Retail Hype / Turnaround,285.9330749511719,289.3464660644531,282.7175598144531,286.67510986328125,276.10711669921875,9775545
2013-03-05,TMPV.NS,Tata Motors Pass Vehicles,Retail Hype / Turnaround,287.4666442871094,299.1908874511719,287.4666442871094,297.31103515625,286.3509521484375,13305765
2013-03-06,TMPV.NS,Tata Motors Pass Vehicles,Retail Hype / Turnaround,299.8834533691406,308.14483642578125,299.438232421875,306.1166076660156,294.8319396972656,14142959
2013-03-07,TMPV.NS,Tata Motors Pass Vehicles,Retail Hype / Turnaround,303.7420654296875,304.83038330078125,299.33929443359375,302.65374755859375,291.4967041015625,9946359
2013-03-08,TMPV.NS,Tata Motors Pass Vehicles,Retail Hype / Turnaround,302.65374755859375,304.63250732421875,297.4594421386719,300.5760192871094,289.4955749511719,7530733
2013-03-11,TMPV.NS,Tata Motors Pass Vehicles,Retail Hype / Turnaround,301.1696472167969,303.64312744140625,296.915283203125,298.3498840332031,287.3515319824219,5816185
2013-03-12,TMPV.NS,Tata Motors Pass Vehicles,Retail Hype / Turnaround,303.04949951171875,304.6819763183594,298.3004150390625,301.4664611816406,290.3531799316406,7992772
2013-03-13,TMPV.NS,Tata Motors Pass Vehicles,Retail Hype / Turnaround,302.752685546875,302.9010925292969,293.8481750488281,297.80572509765625,286.8274841308594,9409055
2013-03-14,TMPV.NS,Tata Motors Pass Vehicles,Retail Hype / Turnaround,295.82696533203125,299.4877014160156,289.890625,297.80572509765625,286.8274841308594,8530551
2013-03-15,TMPV.NS,Tata Motors Pass Vehicles,Retail Hype / Turnaround,297.7562561035156,298.0530700683594,286.9224548339844,288.01080322265625,277.3935852050781,9581779
2013-03-18,TMPV.NS,Tata Motors Pass Vehicles,Retail Hype / Turnaround,286.8235168457031,286.9224548339844,282.074462890625,283.805908203125,273.34368896484375,5963578
2013-03-19,TMPV.NS,Tata Motors Pass Vehicles,Retail Hype / Turnaround,285.0426330566406,286.87298583984375,275.3960876464844,278.6116027832031,268.34088134765625,9587224
2013-03-20,TMPV.NS,Tata Motors Pass Vehicles,Retail Hype / Turnaround,278.6116027832031,283.70697021484375,273.56573486328125,282.6186218261719,272.2001647949219,9664586
2013-03-21,TMPV.NS,Tata Motors Pass Vehicles,Retail Hype / Turnaround,281.1345520019531,281.18402099609375,266.7884216308594,270.6965026855469,260.717529296875,11868436
2013-03-22,TMPV.NS,Tata Motors Pass Vehicles,Retail Hype / Turnaround,271.98272705078125,275.34661865234375,262.2867126464844,267.4809875488281,257.6205749511719,12958381
2013-03-25,TMPV.NS,Tata Motors Pass Vehicles,Retail Hype / Turnaround,270.548095703125,272.8731689453125,265.9969177246094,267.8767395019531,258.0017395019531,8422537
2013-03-26,TMPV.NS,Tata Motors Pass Vehicles,Retail Hype / Turnaround,268.6188049316406,274.95086669921875,263.5234375,272.8731689453125,262.81396484375,9475104
2013-03-28,TMPV.NS,Tata Motors Pass Vehicles,Retail Hype / Turnaround,269.6081848144531,270.1028747558594,263.9686584472656,266.2937316894531,256.4770812988281,14679776
2013-04-01,TMPV.NS,Tata Motors Pass Vehicles,Retail Hype / Turnaround,264.1170654296875,264.6117858886719,259.31854248046875,262.6824645996094,252.99893188476562,5474334
2013-04-02,TMPV.NS,Tata Motors Pass Vehicles,Retail Hype / Turnaround,259.813232421875,265.8979797363281,255.8062286376953,264.36444091796875,254.61892700195312,10570395
2013-04-03,TMPV.NS,Tata Motors Pass Vehicles,Retail Hype / Turnaround,263.22662353515625,264.1665344238281,252.98646545410156,254.47055053710938,245.08975219726562,13154097
2013-04-04,TMPV.NS,Tata Motors Pass Vehicles,Retail Hype / Turnaround,253.33274841308594,260.65423583984375,251.74972534179688,254.96524047851562,245.56619262695312,9469654
2013-04-05,TMPV.NS,Tata Motors Pass Vehicles,Retail Hype / Turnaround,254.81683349609375,258.6259765625,249.1278533935547,252.4917755126953,243.1839141845703,8796642
2013-04-08,TMPV.NS,Tata Motors Pass Vehicles,Retail Hype / Turnaround,255.1136474609375,258.0323486328125,250.51300048828125,253.97586059570312,244.61329650878906,4790263
2013-04-09,TMPV.NS,Tata Motors Pass Vehicles,Retail Hype / Turnaround,256.2514343261719,262.73193359375,256.2514343261719,260.0605773925781,250.47369384765625,14757966
2013-04-10,TMPV.NS,Tata Motors Pass Vehicles,Retail Hype / Turnaround,261.1983947753906,266.14532470703125,254.96524047851562,265.15594482421875,255.3812255859375,7410152
2013-04-11,TMPV.NS,Tata Motors Pass Vehicles,Retail Hype / Turnaround,275.0498046875,278.4137268066406,272.5268859863281,275.1982116699219,265.0533447265625,14232233
2013-04-12,TMPV.NS,Tata Motors Pass Vehicles,Retail Hype / Turnaround,271.8343200683594,277.3748779296875,269.3113708496094,272.2300720214844,262.1945495605469,5438703
2013-04-15,TMPV.NS,Tata Motors Pass Vehicles,Retail Hype / Turnaround,267.53045654296875,269.4103088378906,261.2973327636719,266.14532470703125,256.3341369628906,7842745
2013-04-16,TMPV.NS,Tata Motors Pass Vehicles,Retail Hype / Turnaround,262.1877746582031,269.5587158203125,260.0111083984375,268.07464599609375,258.1923522949219,6584166
2013-04-17,TMPV.NS,Tata Motors Pass Vehicles,Retail Hype / Turnaround,271.1417236328125,272.1311340332031,266.04638671875,268.3219909667969,258.4305419921875,9809091
2013-04-18,TMPV.NS,Tata Motors Pass Vehicles,Retail Hype / Turnaround,265.4527587890625,281.38189697265625,264.6612548828125,279.4526062011719,269.1509094238281,10865859
2013-04-22,TMPV.NS,Tata Motors Pass Vehicles,Retail Hype / Turnaround,280.2441101074219,284.49847412109375,278.760009765625,282.2228698730469,271.8189697265625,6589410
2013-04-23,TMPV.NS,Tata Motors Pass Vehicles,Retail Hype / Turnaround,281.18402099609375,281.4808349609375,274.0604248046875,278.5126647949219,268.24560546875,4353427
2013-04-25,TMPV.NS,Tata Motors Pass Vehicles,Retail Hype / Turnaround,282.47021484375,292.90826416015625,281.7281799316406,290.18743896484375,279.4899597167969,9855500
2013-04-26,TMPV.NS,Tata Motors Pass Vehicles,Retail Hype / Turnaround,290.8800048828125,294.83758544921875,287.120361328125,293.1556091308594,282.3487243652344,8141858
2013-04-29,TMPV.NS,Tata Motors Pass Vehicles,Retail Hype / Turnaround,291.52313232421875,295.5796203613281,288.9507141113281,293.0072021484375,282.205810546875,5102563
2013-04-30,TMPV.NS,Tata Motors Pass Vehicles,Retail Hype / Turnaround,293.0566711425781,297.80572509765625,288.01080322265625,296.81634521484375,285.87451171875,8048396
2013-05-02,TMPV.NS,Tata Motors Pass Vehicles,Retail Hype / Turnaround,292.5619812011719,297.60784912109375,288.9507141113281,294.1944580078125,283.3492736816406,9283384
2013-05-03,TMPV.NS,Tata Motors Pass Vehicles,Retail Hype / Turnaround,290.8305358886719,291.226318359375,281.5303039550781,282.56915283203125,272.1525573730469,8493169
2013-05-06,TMPV.NS,Tata Motors Pass Vehicles,Retail Hype / Turnaround,281.97552490234375,290.2369079589844,279.8483581542969,287.9613342285156,277.3459167480469,7899580
2013-05-07,TMPV.NS,Tata Motors Pass Vehicles,Retail Hype / Turnaround,289.4454040527344,297.5089111328125,289.4454040527344,295.23333740234375,284.3498840332031,5538329
2013-05-08,TMPV.NS,Tata Motors Pass Vehicles,Retail Hype / Turnaround,296.7174072265625,302.5053405761719,295.43121337890625,297.0636901855469,286.1127624511719,6528547
2013-05-09,TMPV.NS,Tata Motors Pass Vehicles,Retail Hype / Turnaround,297.80572509765625,300.52655029296875,291.9683532714844,296.915283203125,285.9698181152344,5637191
2013-05-10,TMPV.NS,Tata Motors Pass Vehicles,Retail Hype / Turnaround,296.915283203125,306.7102355957031,296.0743103027344,305.7702941894531,294.4984130859375,7473050
2013-05-13,TMPV.NS,Tata Motors Pass Vehicles,Retail Hype / Turnaround,302.4064025878906,306.5123596191406,292.7598571777344,294.29339599609375,283.4445495605469,3826127
2013-05-14,TMPV.NS,Tata Motors Pass Vehicles,Retail Hype / Turnaround,294.6396789550781,300.62548828125,292.2651672363281,297.1131591796875,286.1603698730469,6771202
2013-05-15,TMPV.NS,Tata Motors Pass Vehicles,Retail Hype / Turnaround,299.2403564453125,308.6395263671875,298.8940734863281,305.5724182128906,294.3078308105469,8505170
2013-05-16,TMPV.NS,Tata Motors Pass Vehicles,Retail Hype / Turnaround,303.7420654296875,306.16607666015625,299.0919494628906,300.4276123046875,289.3526306152344,5241812
2013-05-17,TMPV.NS,Tata Motors Pass Vehicles,Retail Hype / Turnaround,298.0530700683594,305.127197265625,297.60784912109375,300.13079833984375,289.0668029785156,7050707
2013-05-20,TMPV.NS,Tata Motors Pass Vehicles,Retail Hype / Turnaround,302.35693359375,312.84442138671875,296.81634521484375,298.8446044921875,287.8279724121094,9370712
2013-05-21,TMPV.NS,Tata Motors Pass Vehicles,Retail Hype / Turnaround,298.3004150390625,299.8834533691406,288.9012451171875,289.8411560058594,279.156494140625,7548763
2013-05-22,TMPV.NS,Tata Motors Pass Vehicles,Retail Hype / Turnaround,292.9577331542969,294.9859924316406,285.9330749511719,288.0602722167969,277.44122314453125,6000824
2013-05-23,TMPV.NS,Tata Motors Pass Vehicles,Retail Hype / Turnaround,284.2511291503906,290.4842529296875,282.2228698730469,287.9613342285156,277.3459167480469,8006116
2013-05-24,TMPV.NS,Tata Motors Pass Vehicles,Retail Hype / Turnaround,289.39593505859375,293.0072021484375,279.8483581542969,285.0426330566406,274.53485107421875,9198727
2013-05-27,TMPV.NS,Tata Motors Pass Vehicles,Retail Hype / Turnaround,283.5585632324219,292.7598571777344,282.1239318847656,291.3747253417969,280.63348388671875,5573830
2013-05-28,TMPV.NS,Tata Motors Pass Vehicles,Retail Hype / Turnaround,290.8800048828125,295.43121337890625,287.51611328125,292.6609191894531,281.87225341796875,7200695
2013-05-29,TMPV.NS,Tata Motors Pass Vehicles,Retail Hype / Turnaround,295.82696533203125,302.10955810546875,292.41357421875,300.5760192871094,289.4955749511719,10779034
2013-05-30,TMPV.NS,Tata Motors Pass Vehicles,Retail Hype / Turnaround,311.65716552734375,315.7136535644531,307.5017395019531,313.6854248046875,302.1217041015625,15049731
2013-05-31,TMPV.NS,Tata Motors Pass Vehicles,Retail Hype / Turnaround,312.8938903808594,316.1094055175781,308.7879333496094,309.9752197265625,298.54827880859375,6906041
2013-06-03,TMPV.NS,Tata Motors Pass Vehicles,Retail Hype / Turnaround,306.462890625,312.44866943359375,304.1378173828125,310.7172546386719,299.2629699707031,8077455
2013-06-04,TMPV.NS,Tata Motors Pass Vehicles,Retail Hype / Turnaround,306.7102355957031,314.4274597167969,299.73504638671875,302.85162353515625,291.6872863769531,7869007
2013-06-05,TMPV.NS,Tata Motors Pass Vehicles,Retail Hype / Turnaround,301.31805419921875,306.7102355957031,300.4770812988281,304.03887939453125,292.830810546875,5727698
2013-06-06,TMPV.NS,Tata Motors Pass Vehicles,Retail Hype / Turnaround,300.7738952636719,306.4134216308594,300.7738952636719,303.44525146484375,292.259033203125,5575044
2013-06-07,TMPV.NS,Tata Motors Pass Vehicles,Retail Hype / Turnaround,302.2579650878906,306.6112976074219,294.83758544921875,298.6961975097656,287.6850280761719,5902315
2013-06-10,TMPV.NS,Tata Motors Pass Vehicles,Retail Hype / Turnaround,298.3498840332031,300.5760192871094,289.2969970703125,292.90826416015625,282.1104736328125,6544044
2013-06-11,TMPV.NS,Tata Motors Pass Vehicles,Retail Hype / Turnaround,293.2545471191406,294.392333984375,285.68572998046875,290.0390319824219,279.3470458984375,9852423
2013-06-12,TMPV.NS,Tata Motors Pass Vehicles,Retail Hype / Turnaround,287.911865234375,293.3534851074219,286.9224548339844,290.4347839355469,279.72821044921875,6532087
2013-06-13,TMPV.NS,Tata Motors Pass Vehicles,Retail Hype / Turnaround,287.3182373046875,287.3182373046875,277.1275329589844,279.9472961425781,269.6272888183594,7930995
2013-06-14,TMPV.NS,Tata Motors Pass Vehicles,Retail Hype / Turnaround,285.9330749511719,295.23333740234375,284.3500671386719,293.6502990722656,282.8251647949219,7692355
2013-06-17,TMPV.NS,Tata Motors Pass Vehicles,Retail Hype / Turnaround,293.6502990722656,297.40997314453125,285.48785400390625,296.2721862792969,285.35040283203125,7282859
2013-06-18,TMPV.NS,Tata Motors Pass Vehicles,Retail Hype / Turnaround,294.83758544921875,296.3216552734375,289.890625,294.4418029785156,283.5874938964844,8346448
2013-06-19,TMPV.NS,Tata Motors Pass Vehicles,Retail Hype / Turnaround,291.8694152832031,292.6114501953125,287.6645202636719,289.00018310546875,278.34649658203125,4863850
2013-06-20,TMPV.NS,Tata Motors Pass Vehicles,Retail Hype / Turnaround,284.0532531738281,289.1485900878906,280.3430480957031,285.68572998046875,275.1542053222656,13570927
2013-06-21,TMPV.NS,Tata Motors Pass Vehicles,Retail Hype / Turnaround,281.97552490234375,286.180419921875,279.15576171875,284.0037841796875,273.5342712402344,8484907
2013-06-24,TMPV.NS,Tata Motors Pass Vehicles,Retail Hype / Turnaround,281.97552490234375,284.597412109375,277.5232849121094,280.88720703125,270.5325927734375,9803184
2013-06-25,TMPV.NS,Tata Motors Pass Vehicles,Retail Hype / Turnaround,280.2441101074219,281.7281799316406,269.2124328613281,278.46319580078125,268.1979064941406,12782945
2013-06-26,TMPV.NS,Tata Motors Pass Vehicles,Retail Hype / Turnaround,278.0179748535156,279.7494201660156,266.2937316894531,269.756591796875,259.8123474121094,10490521
2013-06-27,TMPV.NS,Tata Motors Pass Vehicles,Retail Hype / Turnaround,271.63641357421875,274.5056457519531,260.30792236328125,267.4315185546875,257.5729064941406,21327052
2013-06-28,TMPV.NS,Tata Motors Pass Vehicles,Retail Hype / Turnaround,272.279541015625,279.0073547363281,272.279541015625,278.3147888183594,268.05499267578125,8200858
2013-07-01,TMPV.NS,Tata Motors Pass Vehicles,Retail Hype / Turnaround,275.0498046875,287.9613342285156,274.0604248046875,286.7245788574219,276.1547546386719,7853378
2013-07-02,TMPV.NS,Tata Motors Pass Vehicles,Retail Hype / Turnaround,283.9543151855469,285.1910400390625,279.0073547363281,283.41015625,272.9625244140625,6371655
2013-07-03,TMPV.NS,Tata Motors Pass Vehicles,Retail Hype / Turnaround,279.15576171875,286.27935791015625,274.8024597167969,281.18402099609375,270.8184509277344,10618339
2013-07-04,TMPV.NS,Tata Motors Pass Vehicles,Retail Hype / Turnaround,282.96490478515625,290.6326599121094,279.25469970703125,289.19805908203125,278.5370788574219,7101124
2013-07-05,TMPV.NS,Tata Motors Pass Vehicles,Retail Hype / Turnaround,292.8587951660156,295.1343994140625,289.98956298828125,293.0566711425781,282.2534484863281,6451932
2013-07-08,TMPV.NS,Tata Motors Pass Vehicles,Retail Hype / Turnaround,285.8341369628906,286.4277648925781,279.3041687011719,284.7458190917969,274.24896240234375,7421045
2013-07-09,TMPV.NS,Tata Motors Pass Vehicles,Retail Hype / Turnaround,285.4383850097656,287.3677062988281,281.6292419433594,286.0320129394531,275.4877624511719,7151284
2013-07-10,TMPV.NS,Tata Motors Pass Vehicles,Retail Hype / Turnaround,284.6468811035156,285.4383850097656,277.8200988769531,281.0356140136719,270.6755065917969,9992393
2013-07-11,TMPV.NS,Tata Motors Pass Vehicles,Retail Hype / Turnaround,284.6468811035156,288.5054931640625,279.7494201660156,281.8765869140625,271.4855041503906,5973509
2013-07-12,TMPV.NS,Tata Motors Pass Vehicles,Retail Hype / Turnaround,282.17340087890625,291.1768493652344,282.074462890625,289.39593505859375,278.7276306152344,8685593
2013-07-15,TMPV.NS,Tata Motors Pass Vehicles,Retail Hype / Turnaround,287.7139892578125,288.703369140625,283.0143737792969,285.388916015625,274.8683166503906,5369818
2013-07-16,TMPV.NS,Tata Motors Pass Vehicles,Retail Hype / Turnaround,280.98614501953125,289.2475280761719,278.7105407714844,288.4560241699219,277.8224182128906,7012019
2013-07-17,TMPV.NS,Tata Motors Pass Vehicles,Retail Hype / Turnaround,287.5655822753906,287.9613342285156,279.3041687011719,282.2228698730469,271.8189697265625,5431074
2013-07-18,TMPV.NS,Tata Motors Pass Vehicles,Retail Hype / Turnaround,281.57977294921875,285.0426330566406,277.7706298828125,283.8553771972656,273.391357421875,5264223
2013-07-19,TMPV.NS,Tata Motors Pass Vehicles,Retail Hype / Turnaround,283.9543151855469,294.4418029785156,283.9543151855469,291.52313232421875,280.77642822265625,6314977
2013-07-22,TMPV.NS,Tata Motors Pass Vehicles,Retail Hype / Turnaround,290.8800048828125,297.60784912109375,290.18743896484375,294.6891784667969,283.8257751464844,5387381
2013-07-23,TMPV.NS,Tata Motors Pass Vehicles,Retail Hype / Turnaround,295.03546142578125,298.3004150390625,291.12738037109375,295.62908935546875,284.7310485839844,7396291
2013-07-24,TMPV.NS,Tata Motors Pass Vehicles,Retail Hype / Turnaround,294.83758544921875,297.7562561035156,291.5726013183594,294.1449890136719,283.3016052246094,4847043
2013-07-25,TMPV.NS,Tata Motors Pass Vehicles,Retail Hype / Turnaround,294.83758544921875,300.0318603515625,291.5726013183594,296.7174072265625,285.7791748046875,8189806
2013-07-26,TMPV.NS,Tata Motors Pass Vehicles,Retail Hype / Turnaround,297.80572509765625,298.4488220214844,284.2511291503906,286.87298583984375,276.2976989746094,4301036
2013-07-29,TMPV.NS,Tata Motors Pass Vehicles,Retail Hype / Turnaround,284.9436950683594,293.8481750488281,284.9436950683594,292.6114501953125,281.8246154785156,4637896
2013-07-30,TMPV.NS,Tata Motors Pass Vehicles,Retail Hype / Turnaround,292.809326171875,294.49127197265625,279.3041687011719,281.8765869140625,273.33392333984375,6450196
2013-07-31,TMPV.NS,Tata Motors Pass Vehicles,Retail Hype / Turnaround,279.5020751953125,289.39593505859375,275.0498046875,287.41717529296875,278.70660400390625,6140049
2013-08-01,TMPV.NS,Tata Motors Pass Vehicles,Retail Hype / Turnaround,288.40655517578125,290.58319091796875,281.18402099609375,285.88360595703125,277.219482421875,4108886
2013-08-02,TMPV.NS,Tata Motors Pass Vehicles,Retail Hype / Turnaround,284.7458190917969,288.80230712890625,279.25469970703125,287.3677062988281,278.6585693359375,5585970
2013-08-05,TMPV.NS,Tata Motors Pass Vehicles,Retail Hype / Turnaround,287.1698303222656,298.7951354980469,276.2370910644531,281.7281799316406,273.18994140625,6432230
2013-08-06,TMPV.NS,Tata Motors Pass Vehicles,Retail Hype / Turnaround,281.4313659667969,285.8341369628906,277.4243469238281,284.49847412109375,275.8763427734375,8021889
2013-08-07,TMPV.NS,Tata Motors Pass Vehicles,Retail Hype / Turnaround,281.0850830078125,283.70697021484375,268.9156188964844,275.9402770996094,267.5774841308594,19514500
2013-08-08,TMPV.NS,Tata Motors Pass Vehicles,Retail Hype / Turnaround,282.47021484375,290.18743896484375,272.37847900390625,275.8413391113281,267.4815673828125,16320666
2013-08-12,TMPV.NS,Tata Motors Pass Vehicles,Retail Hype / Turnaround,279.0073547363281,282.37127685546875,275.2971496582031,278.3147888183594,269.88006591796875,6924266
2013-08-13,TMPV.NS,Tata Motors Pass Vehicles,Retail Hype / Turnaround,277.9190368652344,290.8800048828125,273.1205139160156,287.7634582519531,279.0423278808594,12221945
2013-08-14,TMPV.NS,Tata Motors Pass Vehicles,Retail Hype / Turnaround,295.0849304199219,320.9573974609375,295.03546142578125,315.7136535644531,306.1454772949219,22815260
2013-08-16,TMPV.NS,Tata Motors Pass Vehicles,Retail Hype / Turnaround,314.1306457519531,319.968017578125,308.0458984375,310.6183166503906,301.20452880859375,15776944
2013-08-19,TMPV.NS,Tata Motors Pass Vehicles,Retail Hype / Turnaround,303.93994140625,305.4734802246094,294.2439270019531,298.4983215332031,289.451904296875,9729411
2013-08-20,TMPV.NS,Tata Motors Pass Vehicles,Retail Hype / Turnaround,293.8481750488281,295.23333740234375,282.56915283203125,284.89422607421875,276.2601013183594,11309909
2013-08-21,TMPV.NS,Tata Motors Pass Vehicles,Retail Hype / Turnaround,287.7139892578125,291.4736633300781,275.5939636230469,280.3430480957031,271.8468017578125,6701845
2013-08-22,TMPV.NS,Tata Motors Pass Vehicles,Retail Hype / Turnaround,280.98614501953125,291.7704772949219,280.98614501953125,288.8517761230469,280.09771728515625,10558499
2013-08-23,TMPV.NS,Tata Motors Pass Vehicles,Retail Hype / Turnaround,291.8694152832031,301.3675231933594,290.9789733886719,297.7562561035156,288.7322998046875,10360596
2013-08-26,TMPV.NS,Tata Motors Pass Vehicles,Retail Hype / Turnaround,298.3004150390625,301.0707092285156,290.38531494140625,294.9365234375,285.998046875,5473629
2013-08-27,TMPV.NS,Tata Motors Pass Vehicles,Retail Hype / Turnaround,291.8694152832031,292.3641052246094,284.69635009765625,286.971923828125,278.2748107910156,6685315
2013-08-28,TMPV.NS,Tata Motors Pass Vehicles,Retail Hype / Turnaround,286.971923828125,296.3216552734375,283.26171875,294.7881164550781,285.8541564941406,10516418
2013-08-29,TMPV.NS,Tata Motors Pass Vehicles,Retail Hype / Turnaround,296.3216552734375,305.7208251953125,292.1662292480469,302.752685546875,293.5773010253906,10606219
2013-08-30,TMPV.NS,Tata Motors Pass Vehicles,Retail Hype / Turnaround,304.7809143066406,305.42401123046875,290.38531494140625,296.0743103027344,287.1013488769531,6446936
2013-09-02,TMPV.NS,Tata Motors Pass Vehicles,Retail Hype / Turnaround,292.8587951660156,298.7951354980469,288.9507141113281,296.51953125,287.5330810546875,6626720
2013-09-03,TMPV.NS,Tata Motors Pass Vehicles,Retail Hype / Turnaround,298.7951354980469,308.0458984375,292.51251220703125,294.1944580078125,285.2784423828125,8253806
2013-09-04,TMPV.NS,Tata Motors Pass Vehicles,Retail Hype / Turnaround,299.1908874511719,310.4204406738281,297.0636901855469,308.3921813964844,299.0458984375,7834512
2013-09-05,TMPV.NS,Tata Motors Pass Vehicles,Retail Hype / Turnaround,312.6960144042969,320.9079284667969,311.3108825683594,314.7242736816406,305.1861267089844,8818699
2013-09-06,TMPV.NS,Tata Motors Pass Vehicles,Retail Hype / Turnaround,314.9221496582031,316.6040954589844,308.8868713378906,314.4274597167969,304.89825439453125,5228061
2013-09-10,TMPV.NS,Tata Motors Pass Vehicles,Retail Hype / Turnaround,316.7030334472656,349.6001892089844,316.7030334472656,345.8899841308594,335.40728759765625,19224771
2013-09-11,TMPV.NS,Tata Motors Pass Vehicles,Retail Hype / Turnaround,344.8016662597656,346.82989501953125,332.6322021484375,336.83709716796875,326.62872314453125,9215459
2013-09-12,TMPV.NS,Tata Motors Pass Vehicles,Retail Hype / Turnaround,338.2716979980469,338.3706359863281,326.0032958984375,329.911376953125,319.91290283203125,6661518
2013-09-13,TMPV.NS,Tata Motors Pass Vehicles,Retail Hype / Turnaround,328.47674560546875,334.70989990234375,326.596923828125,330.5050048828125,320.4885559082031,5971621
2013-09-16,TMPV.NS,Tata Motors Pass Vehicles,Retail Hype / Turnaround,335.4024658203125,337.1833801269531,321.40264892578125,327.8336486816406,317.8981628417969,5795207
2013-09-17,TMPV.NS,Tata Motors Pass Vehicles,Retail Hype / Turnaround,325.50860595703125,334.0668029785156,324.76654052734375,331.494384765625,321.4479675292969,4927964
2013-09-18,TMPV.NS,Tata Motors Pass Vehicles,Retail Hype / Turnaround,337.3812561035156,337.3812561035156,329.41668701171875,333.2752990722656,323.1748962402344,6614676
2013-09-19,TMPV.NS,Tata Motors Pass Vehicles,Retail Hype / Turnaround,341.14093017578125,347.81927490234375,337.7770080566406,345.44476318359375,334.97552490234375,9417331
2013-09-20,TMPV.NS,Tata Motors Pass Vehicles,Retail Hype / Turnaround,341.2398681640625,351.0842590332031,328.8725280761719,334.7593688964844,324.6139831542969,11725374
2013-09-23,TMPV.NS,Tata Motors Pass Vehicles,Retail Hype / Turnaround,334.0668029785156,337.7275390625,327.5863037109375,330.30712890625,320.29669189453125,3980816
2013-09-24,TMPV.NS,Tata Motors Pass Vehicles,Retail Hype / Turnaround,330.9502258300781,338.61798095703125,330.60394287109375,333.52264404296875,323.41473388671875,8949693
2013-09-25,TMPV.NS,Tata Motors Pass Vehicles,Retail Hype / Turnaround,335.50140380859375,343.7627868652344,335.50140380859375,340.4483642578125,330.1305847167969,9778598
2013-09-26,TMPV.NS,Tata Motors Pass Vehicles,Retail Hype / Turnaround,338.6674499511719,343.6143798828125,337.3812561035156,339.9041748046875,329.6029052734375,4884351
2013-09-27,TMPV.NS,Tata Motors Pass Vehicles,Retail Hype / Turnaround,339.3600158691406,342.52606201171875,334.7593688964844,336.4908142089844,326.29296875,3361138
2013-09-30,TMPV.NS,Tata Motors Pass Vehicles,Retail Hype / Turnaround,334.51202392578125,335.89715576171875,326.49798583984375,328.9714660644531,319.0014953613281,3529492
2013-10-01,TMPV.NS,Tata Motors Pass Vehicles,Retail Hype / Turnaround,329.3672180175781,336.1939697265625,326.7947998046875,332.0880126953125,322.0235900878906,5084572
2013-10-03,TMPV.NS,Tata Motors Pass Vehicles,Retail Hype / Turnaround,332.1374816894531,344.65325927734375,330.5544738769531,342.2787170410156,331.9054260253906,8317379
2013-10-04,TMPV.NS,Tata Motors Pass Vehicles,Retail Hype / Turnaround,341.33880615234375,360.9286804199219,340.74517822265625,346.335205078125,335.8389892578125,12392631
2013-10-07,TMPV.NS,Tata Motors Pass Vehicles,Retail Hype / Turnaround,346.2857360839844,349.0560302734375,339.8547058105469,344.2080383300781,333.7762756347656,5579954
2013-10-08,TMPV.NS,Tata Motors Pass Vehicles,Retail Hype / Turnaround,348.46240234375,355.58599853515625,346.0878601074219,346.82989501953125,336.31866455078125,7376181
2013-10-09,TMPV.NS,Tata Motors Pass Vehicles,Retail Hype / Turnaround,347.0772399902344,352.568359375,346.2857360839844,350.441162109375,339.8205261230469,8902894
2013-10-10,TMPV.NS,Tata Motors Pass Vehicles,Retail Hype / Turnaround,350.2432861328125,369.88262939453125,348.36346435546875,367.70599365234375,356.56207275390625,12500036
2013-10-11,TMPV.NS,Tata Motors Pass Vehicles,Retail Hype / Turnaround,371.02044677734375,385.4654846191406,364.6388854980469,381.21112060546875,369.657958984375,18217505
2013-10-14,TMPV.NS,Tata Motors Pass Vehicles,Retail Hype / Turnaround,382.00262451171875,389.126220703125,381.60687255859375,386.3064880371094,374.59893798828125,7250344
2013-10-15,TMPV.NS,Tata Motors Pass Vehicles,Retail Hype / Turnaround,386.7022399902344,388.82940673828125,378.2429504394531,384.72344970703125,373.0638427734375,8382534
2013-10-17,TMPV.NS,Tata Motors Pass Vehicles,Retail Hype / Turnaround,381.3595275878906,381.3595275878906,366.6671142578125,369.4374084472656,358.2409973144531,10044506
2013-10-18,TMPV.NS,Tata Motors Pass Vehicles,Retail Hype / Turnaround,372.5539855957031,377.7482604980469,370.5257263183594,375.62109375,364.2373352050781,7006105
2013-10-21,TMPV.NS,Tata Motors Pass Vehicles,Retail Hype / Turnaround,375.9673767089844,387.3453369140625,374.6317138671875,376.016845703125,364.62109375,6983295
2013-10-22,TMPV.NS,Tata Motors Pass Vehicles,Retail Hype / Turnaround,376.3631286621094,381.01324462890625,372.1087646484375,375.9673767089844,364.5731506347656,5220688
2013-10-23,TMPV.NS,Tata Motors Pass Vehicles,Retail Hype / Turnaround,377.10516357421875,378.2924499511719,364.19366455078125,370.6741638183594,359.4403076171875,6433606
2013-10-24,TMPV.NS,Tata Motors Pass Vehicles,Retail Hype / Turnaround,373.09814453125,380.61749267578125,370.4267883300781,375.2748107910156,363.90155029296875,7415137
2013-10-25,TMPV.NS,Tata Motors Pass Vehicles,Retail Hype / Turnaround,374.0875244140625,375.3737487792969,368.6459045410156,372.2571716308594,360.975341796875,2997007
2013-10-28,TMPV.NS,Tata Motors Pass Vehicles,Retail Hype / Turnaround,373.1476135253906,377.7482604980469,370.1299743652344,373.59283447265625,362.2705993652344,3457771
2013-10-29,TMPV.NS,Tata Motors Pass Vehicles,Retail Hype / Turnaround,373.6917724609375,380.122802734375,371.02044677734375,377.599853515625,366.1561279296875,5728430
2013-10-30,TMPV.NS,Tata Motors Pass Vehicles,Retail Hype / Turnaround,378.935546875,380.0733337402344,373.19708251953125,375.5716247558594,364.1893615722656,5382081
2013-10-31,TMPV.NS,Tata Motors Pass Vehicles,Retail Hype / Turnaround,375.9673767089844,382.2994689941406,375.1758728027344,377.10516357421875,365.6764221191406,9207354
2013-11-01,TMPV.NS,Tata Motors Pass Vehicles,Retail Hype / Turnaround,379.9249267578125,384.8718566894531,379.1334228515625,380.5185546875,368.9863586425781,4537774
2013-11-05,TMPV.NS,Tata Motors Pass Vehicles,Retail Hype / Turnaround,382.8930969238281,396.6950378417969,382.8930969238281,391.1050109863281,379.25201416015625,9161527
2013-11-06,TMPV.NS,Tata Motors Pass Vehicles,Retail Hype / Turnaround,393.0837707519531,396.546630859375,385.86126708984375,386.9001159667969,375.1745300292969,6589128
2013-11-07,TMPV.NS,Tata Motors Pass Vehicles,Retail Hype / Turnaround,386.751708984375,390.7092590332031,373.3454895019531,376.11578369140625,364.7170104980469,5746480
2013-11-08,TMPV.NS,Tata Motors Pass Vehicles,Retail Hype / Turnaround,374.7801208496094,386.85064697265625,367.31024169921875,380.0733337402344,368.55462646484375,12795552
2013-11-11,TMPV.NS,Tata Motors Pass Vehicles,Retail Hype / Turnaround,375.9673767089844,381.9036865234375,370.5257263183594,373.09814453125,361.79083251953125,10867678
2013-11-12,TMPV.NS,Tata Motors Pass Vehicles,Retail Hype / Turnaround,373.79071044921875,375.32427978515625,354.2997741699219,356.17962646484375,345.38507080078125,8371308
2013-11-13,TMPV.NS,Tata Motors Pass Vehicles,Retail Hype / Turnaround,358.15838623046875,365.5293273925781,358.15838623046875,362.3138122558594,351.3333740234375,7569112
2013-11-14,TMPV.NS,Tata Motors Pass Vehicles,Retail Hype / Turnaround,368.1512145996094,384.12982177734375,368.1512145996094,382.94256591796875,371.3368835449219,12412670
2013-11-18,TMPV.NS,Tata Motors Pass Vehicles,Retail Hype / Turnaround,383.8824768066406,389.8188171386719,377.99560546875,388.0873718261719,376.3257751464844,11666439
2013-11-19,TMPV.NS,Tata Motors Pass Vehicles,Retail Hype / Turnaround,390.8081970214844,391.55023193359375,382.9920349121094,387.1969299316406,375.46234130859375,4708349
2013-11-20,TMPV.NS,Tata Motors Pass Vehicles,Retail Hype / Turnaround,384.6739807128906,388.23577880859375,380.3206787109375,381.9036865234375,370.32952880859375,4937027
2013-11-21,TMPV.NS,Tata Motors Pass Vehicles,Retail Hype / Turnaround,379.331298828125,382.3984069824219,377.30303955078125,379.0839538574219,367.59521484375,3671278
2013-11-22,TMPV.NS,Tata Motors Pass Vehicles,Retail Hype / Turnaround,380.6669616699219,380.6669616699219,368.0522766113281,370.179443359375,358.96063232421875,6255613
2013-11-25,TMPV.NS,Tata Motors Pass Vehicles,Retail Hype / Turnaround,373.19708251953125,382.9920349121094,373.19708251953125,382.0521240234375,370.47344970703125,3853065
2013-11-26,TMPV.NS,Tata Motors Pass Vehicles,Retail Hype / Turnaround,383.53619384765625,387.24639892578125,375.0274658203125,386.1086120605469,374.40704345703125,5239356
2013-11-27,TMPV.NS,Tata Motors Pass Vehicles,Retail Hype / Turnaround,389.3240966796875,395.65618896484375,388.43365478515625,394.963623046875,382.9936828613281,6778369
2013-11-28,TMPV.NS,Tata Motors Pass Vehicles,Retail Hype / Turnaround,398.8222351074219,400.75152587890625,390.4124450683594,393.67742919921875,381.7464599609375,9209776
2013-11-29,TMPV.NS,Tata Motors Pass Vehicles,Retail Hype / Turnaround,394.7657470703125,397.58551025390625,391.1050109863281,394.46893310546875,382.51397705078125,4868508
2013-12-02,TMPV.NS,Tata Motors Pass Vehicles,Retail Hype / Turnaround,393.7763671875,399.56427001953125,391.8965148925781,395.65618896484375,383.6652526855469,7712473
2013-12-03,TMPV.NS,Tata Motors Pass Vehicles,Retail Hype / Turnaround,396.7445068359375,399.4158630371094,391.0060729980469,394.8152160644531,382.8497619628906,7643867
2013-12-04,TMPV.NS,Tata Motors Pass Vehicles,Retail Hype / Turnaround,393.0837707519531,396.546630859375,386.45489501953125,388.4831237792969,376.70953369140625,4973951
2013-12-05,TMPV.NS,Tata Motors Pass Vehicles,Retail Hype / Turnaround,396.24981689453125,396.7445068359375,384.0803527832031,386.1580810546875,374.4549560546875,5074094
2013-12-06,TMPV.NS,Tata Motors Pass Vehicles,Retail Hype / Turnaround,382.8930969238281,390.4124450683594,381.8542175292969,386.751708984375,375.03057861328125,4703974
2013-12-09,TMPV.NS,Tata Motors Pass Vehicles,Retail Hype / Turnaround,398.2286071777344,398.3275451660156,385.3665466308594,389.2746276855469,377.47711181640625,7931898
2013-12-10,TMPV.NS,Tata Motors Pass Vehicles,Retail Hype / Turnaround,390.6103210449219,392.1933288574219,385.2181396484375,386.5538330078125,374.8387145996094,7677943
2013-12-11,TMPV.NS,Tata Motors Pass Vehicles,Retail Hype / Turnaround,381.1121826171875,382.645751953125,372.1087646484375,373.79071044921875,362.4624328613281,8412969
2013-12-12,TMPV.NS,Tata Motors Pass Vehicles,Retail Hype / Turnaround,370.1299743652344,370.1299743652344,355.1902160644531,356.6248474121094,345.8168029785156,15588961
2013-12-13,TMPV.NS,Tata Motors Pass Vehicles,Retail Hype / Turnaround,360.2361145019531,367.9533386230469,359.5435485839844,366.4197692871094,355.31488037109375,8694409
2013-12-16,TMPV.NS,Tata Motors Pass Vehicles,Retail Hype / Turnaround,364.0947265625,367.1618347167969,361.967529296875,364.1441955566406,353.1082763671875,4804778
2013-12-17,TMPV.NS,Tata Motors Pass Vehicles,Retail Hype / Turnaround,367.7554626464844,370.9709777832031,360.7802734375,362.9569091796875,351.95697021484375,7048915
2013-12-18,TMPV.NS,Tata Motors Pass Vehicles,Retail Hype / Turnaround,363.1053466796875,366.91448974609375,358.653076171875,364.58941650390625,353.53997802734375,8827030
2013-12-19,TMPV.NS,Tata Motors Pass Vehicles,Retail Hype / Turnaround,368.0522766113281,369.0416564941406,360.1866455078125,365.6282653808594,354.5473937988281,7497623
2013-12-20,TMPV.NS,Tata Motors Pass Vehicles,Retail Hype / Turnaround,363.40216064453125,372.5045166015625,363.40216064453125,369.7342224121094,358.5289001464844,5363939
2013-12-23,TMPV.NS,Tata Motors Pass Vehicles,Retail Hype / Turnaround,369.8331604003906,374.4338073730469,369.1405944824219,371.6635437011719,360.3997497558594,3263969
2013-12-24,TMPV.NS,Tata Motors Pass Vehicles,Retail Hype / Turnaround,371.7130126953125,372.00982666015625,367.5575866699219,368.69537353515625,357.521484375,2297787
2013-12-26,TMPV.NS,Tata Motors Pass Vehicles,Retail Hype / Turnaround,369.0416564941406,372.5539855957031,364.0947265625,366.3208312988281,355.2189025878906,5597813
2013-12-27,TMPV.NS,Tata Motors Pass Vehicles,Retail Hype / Turnaround,367.1618347167969,370.4267883300781,364.98516845703125,367.9533386230469,356.802001953125,3337688
2013-12-30,TMPV.NS,Tata Motors Pass Vehicles,Retail Hype / Turnaround,370.179443359375,374.0875244140625,368.3985595703125,370.82257080078125,359.5841979980469,3732808
2013-12-31,TMPV.NS,Tata Motors Pass Vehicles,Retail Hype / Turnaround,370.1299743652344,374.0875244140625,370.1299743652344,372.40557861328125,361.1192626953125,4388182
2014-01-01,TMPV.NS,Tata Motors Pass Vehicles,Retail Hype / Turnaround,373.5433654785156,374.7801208496094,370.08050537109375,370.9709777832031,359.7281494140625,1364747
2014-01-02,TMPV.NS,Tata Motors Pass Vehicles,Retail Hype / Turnaround,370.9709777832031,372.20770263671875,365.281982421875,368.3985595703125,357.23370361328125,3015089
2014-01-03,TMPV.NS,Tata Motors Pass Vehicles,Retail Hype / Turnaround,364.0947265625,364.0947265625,356.17962646484375,358.8509521484375,347.9754638671875,5004049
2014-01-06,TMPV.NS,Tata Motors Pass Vehicles,Retail Hype / Turnaround,363.60003662109375,366.56817626953125,360.3350524902344,363.05584716796875,352.05291748046875,5490077
2014-01-07,TMPV.NS,Tata Motors Pass Vehicles,Retail Hype / Turnaround,363.1053466796875,366.073486328125,359.88983154296875,361.2254943847656,350.27801513671875,4020899
2014-01-08,TMPV.NS,Tata Motors Pass Vehicles,Retail Hype / Turnaround,361.2254943847656,367.6565246582031,360.68133544921875,366.3208312988281,355.2189025878906,5455728
2014-01-09,TMPV.NS,Tata Motors Pass Vehicles,Retail Hype / Turnaround,368.2501525878906,368.4480285644531,361.1265563964844,364.0452575683594,353.0123291015625,3603790
2014-01-10,TMPV.NS,Tata Motors Pass Vehicles,Retail Hype / Turnaround,366.073486328125,366.6671142578125,361.6212463378906,363.1053466796875,352.10089111328125,3100755
2014-01-13,TMPV.NS,Tata Motors Pass Vehicles,Retail Hype / Turnaround,368.69537353515625,375.4232177734375,367.804931640625,372.1582336425781,360.8794250488281,6706639
2014-01-14,TMPV.NS,Tata Motors Pass Vehicles,Retail Hype / Turnaround,371.119384765625,371.51513671875,364.19366455078125,367.8544006347656,356.7060241699219,3272370
2014-01-15,TMPV.NS,Tata Motors Pass Vehicles,Retail Hype / Turnaround,370.0310363769531,374.1369934082031,368.7448425292969,373.2960205078125,361.982666015625,4846708
2014-01-16,TMPV.NS,Tata Motors Pass Vehicles,Retail Hype / Turnaround,374.9779968261719,374.9779968261719,362.9074401855469,365.8261413574219,354.7392272949219,7788351
2014-01-17,TMPV.NS,Tata Motors Pass Vehicles,Retail Hype / Turnaround,363.60003662109375,369.9320983886719,363.1548156738281,365.77667236328125,354.6912536621094,5000974
2014-01-20,TMPV.NS,Tata Motors Pass Vehicles,Retail Hype / Turnaround,367.11236572265625,372.7518615722656,366.56817626953125,370.9215087890625,359.6802062988281,3246922
2014-01-21,TMPV.NS,Tata Motors Pass Vehicles,Retail Hype / Turnaround,371.02044677734375,383.6846008300781,368.2501525878906,380.7164306640625,369.1782531738281,5781491
2014-01-22,TMPV.NS,Tata Motors Pass Vehicles,Retail Hype / Turnaround,377.4019775390625,383.3877868652344,376.016845703125,382.00262451171875,370.42547607421875,5654756
2014-01-23,TMPV.NS,Tata Motors Pass Vehicles,Retail Hype / Turnaround,381.1616516113281,384.8718566894531,376.6599426269531,379.5291748046875,368.0270080566406,3790225
2014-01-24,TMPV.NS,Tata Motors Pass Vehicles,Retail Hype / Turnaround,374.9779968261719,377.99560546875,364.88623046875,366.46923828125,355.36279296875,3620342
2014-01-27,TMPV.NS,Tata Motors Pass Vehicles,Retail Hype / Turnaround,359.14776611328125,359.14776611328125,341.8829650878906,344.5543212890625,334.112060546875,9238425
2014-01-28,TMPV.NS,Tata Motors Pass Vehicles,Retail Hype / Turnaround,341.83349609375,355.58599853515625,341.83349609375,352.46942138671875,341.78729248046875,6612172
2014-01-29,TMPV.NS,Tata Motors Pass Vehicles,Retail Hype / Turnaround,356.278564453125,358.7025451660156,346.82989501953125,348.0171813964844,337.4700012207031,3287502
2014-01-30,TMPV.NS,Tata Motors Pass Vehicles,Retail Hype / Turnaround,345.5931701660156,363.60003662109375,345.2963562011719,357.9110412597656,347.06396484375,9116541
2014-01-31,TMPV.NS,Tata Motors Pass Vehicles,Retail Hype / Turnaround,354.5965881347656,354.5965881347656,343.31756591796875,345.84051513671875,335.3592834472656,6933187
2014-02-03,TMPV.NS,Tata Motors Pass Vehicles,Retail Hype / Turnaround,343.31756591796875,346.03839111328125,332.0385437011719,332.830078125,322.7431640625,5637192
2014-02-04,TMPV.NS,Tata Motors Pass Vehicles,Retail Hype / Turnaround,328.57568359375,343.020751953125,328.57568359375,342.1797790527344,331.8095397949219,11461601
2014-02-05,TMPV.NS,Tata Motors Pass Vehicles,Retail Hype / Turnaround,339.3600158691406,354.6955261230469,335.9466247558594,351.33160400390625,340.6839599609375,9438000
2014-02-06,TMPV.NS,Tata Motors Pass Vehicles,Retail Hype / Turnaround,349.3033752441406,356.4269714355469,345.2963562011719,353.85455322265625,343.1304626464844,8085726
2014-02-07,TMPV.NS,Tata Motors Pass Vehicles,Retail Hype / Turnaround,356.17962646484375,359.14776611328125,352.3210144042969,356.37750244140625,345.57696533203125,5491087
2014-02-10,TMPV.NS,Tata Motors Pass Vehicles,Retail Hype / Turnaround,361.1265563964844,363.5010986328125,354.2008361816406,360.1866455078125,349.2705993652344,6579782
2014-02-11,TMPV.NS,Tata Motors Pass Vehicles,Retail Hype / Turnaround,377.0062255859375,378.63873291015625,366.7165832519531,370.5257263183594,359.2964172363281,15829803
2014-02-12,TMPV.NS,Tata Motors Pass Vehicles,Retail Hype / Turnaround,372.00982666015625,378.935546875,371.1688537597656,372.6529235839844,361.3591003417969,7803372
2014-02-13,TMPV.NS,Tata Motors Pass Vehicles,Retail Hype / Turnaround,375.9673767089844,379.3807678222656,370.7236328125,371.9603576660156,360.68756103515625,6825757
2014-02-14,TMPV.NS,Tata Motors Pass Vehicles,Retail Hype / Turnaround,376.1652526855469,385.86126708984375,376.1652526855469,384.6739807128906,373.0158386230469,6760699
2014-02-17,TMPV.NS,Tata Motors Pass Vehicles,Retail Hype / Turnaround,387.8894958496094,391.25341796875,380.1722717285156,382.4973449707031,370.9051818847656,8642839
2014-02-18,TMPV.NS,Tata Motors Pass Vehicles,Retail Hype / Turnaround,383.8330078125,390.066162109375,381.21112060546875,387.24639892578125,375.5103454589844,6076398
2014-02-19,TMPV.NS,Tata Motors Pass Vehicles,Retail Hype / Turnaround,387.84002685546875,388.82940673828125,383.7835388183594,387.3453369140625,375.60626220703125,3946755
2014-02-20,TMPV.NS,Tata Motors Pass Vehicles,Retail Hype / Turnaround,387.3453369140625,390.8081970214844,385.2676086425781,387.6916198730469,375.94207763671875,6735367
2014-02-21,TMPV.NS,Tata Motors Pass Vehicles,Retail Hype / Turnaround,390.8081970214844,393.5784912109375,388.6809997558594,391.9954528808594,380.1154479980469,6397085
2014-02-24,TMPV.NS,Tata Motors Pass Vehicles,Retail Hype / Turnaround,392.83642578125,396.5960998535156,390.0166931152344,392.34173583984375,380.4512023925781,5249755
2014-02-25,TMPV.NS,Tata Motors Pass Vehicles,Retail Hype / Turnaround,394.7657470703125,395.45831298828125,389.3735656738281,394.27105712890625,382.32208251953125,3064479
2014-02-26,TMPV.NS,Tata Motors Pass Vehicles,Retail Hype / Turnaround,392.8858947753906,398.278076171875,391.8470458984375,396.9423828125,384.9124450683594,7317594
2014-02-28,TMPV.NS,Tata Motors Pass Vehicles,Retail Hype / Turnaround,405.6490173339844,413.7619934082031,400.0589599609375,412.5252685546875,400.0230712890625,12677990
2014-03-03,TMPV.NS,Tata Motors Pass Vehicles,Retail Hype / Turnaround,410.595947265625,410.595947265625,403.9175720214844,406.3415832519531,394.0268249511719,6684037
2014-03-04,TMPV.NS,Tata Motors Pass Vehicles,Retail Hype / Turnaround,406.8857421875,416.2354431152344,401.49359130859375,408.5182189941406,396.137451171875,5615889
2014-03-05,TMPV.NS,Tata Motors Pass Vehicles,Retail Hype / Turnaround,410.595947265625,411.783203125,402.8292541503906,405.2532653808594,392.971435546875,4045134
2014-03-06,TMPV.NS,Tata Motors Pass Vehicles,Retail Hype / Turnaround,407.1330871582031,407.9245910644531,400.1084289550781,404.1154479980469,391.86810302734375,5718053
2014-03-07,TMPV.NS,Tata Motors Pass Vehicles,Retail Hype / Turnaround,404.1649169921875,411.4369201660156,401.19677734375,404.758544921875,392.4917297363281,6061674
2014-03-10,TMPV.NS,Tata Motors Pass Vehicles,Retail Hype / Turnaround,400.1084289550781,402.3345642089844,389.2746276855469,391.7975769042969,379.9235534667969,5839956
2014-03-11,TMPV.NS,Tata Motors Pass Vehicles,Retail Hype / Turnaround,388.82940673828125,400.2073669433594,388.82940673828125,393.7268981933594,381.7944030761719,6113727
2014-03-12,TMPV.NS,Tata Motors Pass Vehicles,Retail Hype / Turnaround,392.8858947753906,393.7763671875,383.8824768066406,384.72344970703125,373.0638427734375,4526604
2014-03-13,TMPV.NS,Tata Motors Pass Vehicles,Retail Hype / Turnaround,389.2746276855469,392.440673828125,380.7658996582031,383.8824768066406,372.2483825683594,3899249
2014-03-14,TMPV.NS,Tata Motors Pass Vehicles,Retail Hype / Turnaround,378.935546875,390.5113830566406,378.935546875,389.0767517089844,377.2851867675781,3242784
2014-03-18,TMPV.NS,Tata Motors Pass Vehicles,Retail Hype / Turnaround,389.8188171386719,393.13323974609375,376.4620666503906,377.2041015625,365.7723693847656,6884223
2014-03-19,TMPV.NS,Tata Motors Pass Vehicles,Retail Hype / Turnaround,381.80474853515625,383.53619384765625,375.52215576171875,380.2712097167969,368.7465515136719,6332285
2014-03-20,TMPV.NS,Tata Motors Pass Vehicles,Retail Hype / Turnaround,377.9461364746094,380.914306640625,374.73065185546875,375.6705627441406,364.2853088378906,4136724
2014-03-21,TMPV.NS,Tata Motors Pass Vehicles,Retail Hype / Turnaround,378.09454345703125,385.86126708984375,377.8471984863281,385.020263671875,373.3516540527344,5746378
2014-03-24,TMPV.NS,Tata Motors Pass Vehicles,Retail Hype / Turnaround,386.85064697265625,390.2640380859375,385.11920166015625,387.3453369140625,375.60626220703125,3193454
2014-03-25,TMPV.NS,Tata Motors Pass Vehicles,Retail Hype / Turnaround,387.84002685546875,389.3240966796875,382.54681396484375,386.7022399902344,374.982666015625,3932786
2014-03-26,TMPV.NS,Tata Motors Pass Vehicles,Retail Hype / Turnaround,390.4124450683594,398.7232971191406,390.4124450683594,397.38763427734375,385.3442077636719,7426496
2014-03-27,TMPV.NS,Tata Motors Pass Vehicles,Retail Hype / Turnaround,398.7232971191406,400.652587890625,389.5714416503906,392.4901428222656,380.59515380859375,9264824
2014-03-28,TMPV.NS,Tata Motors Pass Vehicles,Retail Hype / Turnaround,396.546630859375,399.069580078125,391.2039489746094,393.0837707519531,381.1707763671875,3401201
2014-03-31,TMPV.NS,Tata Motors Pass Vehicles,Retail Hype / Turnaround,396.7445068359375,399.861083984375,392.440673828125,394.4194641113281,382.46600341796875,4162936
2014-04-01,TMPV.NS,Tata Motors Pass Vehicles,Retail Hype / Turnaround,400.8504638671875,402.1861572265625,395.26043701171875,398.8717041015625,386.78326416015625,3988380
2014-04-02,TMPV.NS,Tata Motors Pass Vehicles,Retail Hype / Turnaround,402.48297119140625,410.595947265625,400.7020568847656,409.70550537109375,397.28875732421875,6361767
2014-04-03,TMPV.NS,Tata Motors Pass Vehicles,Retail Hype / Turnaround,411.48638916015625,413.5641174316406,402.77978515625,406.98468017578125,394.6504211425781,5358380
2014-04-04,TMPV.NS,Tata Motors Pass Vehicles,Retail Hype / Turnaround,410.0023193359375,410.0023193359375,400.15789794921875,401.19677734375,389.0379333496094,2931936
2014-04-07,TMPV.NS,Tata Motors Pass Vehicles,Retail Hype / Turnaround,400.75152587890625,405.6490173339844,396.5960998535156,399.7126770019531,387.5987548828125,3833276
2014-04-09,TMPV.NS,Tata Motors Pass Vehicles,Retail Hype / Turnaround,403.67022705078125,418.31317138671875,403.175537109375,416.433349609375,403.8127136230469,6959992
2014-04-10,TMPV.NS,Tata Motors Pass Vehicles,Retail Hype / Turnaround,418.51104736328125,430.3836975097656,418.51104736328125,426.228271484375,413.310791015625,6388136
2014-04-11,TMPV.NS,Tata Motors Pass Vehicles,Retail Hype / Turnaround,424.34844970703125,433.15399169921875,417.71954345703125,419.10467529296875,406.4031066894531,6147582
2014-04-15,TMPV.NS,Tata Motors Pass Vehicles,Retail Hype / Turnaround,421.0834655761719,424.8926086425781,404.7090759277344,407.57830810546875,395.22601318359375,6939177
2014-04-16,TMPV.NS,Tata Motors Pass Vehicles,Retail Hype / Turnaround,405.1543273925781,414.5040283203125,405.00592041015625,406.78680419921875,394.45855712890625,3823079
2014-04-17,TMPV.NS,Tata Motors Pass Vehicles,Retail Hype / Turnaround,410.9422302246094,426.0303955078125,410.89276123046875,424.54632568359375,411.6797790527344,4626464
2014-04-21,TMPV.NS,Tata Motors Pass Vehicles,Retail Hype / Turnaround,420.3908996582031,429.9384765625,419.6488342285156,427.51446533203125,414.5579833984375,2848869
2014-04-22,TMPV.NS,Tata Motors Pass Vehicles,Retail Hype / Turnaround,426.32720947265625,430.0868835449219,422.0728454589844,424.24951171875,411.3919982910156,2514731
2014-04-23,TMPV.NS,Tata Motors Pass Vehicles,Retail Hype / Turnaround,425.73358154296875,429.0975036621094,417.8184814453125,420.539306640625,407.79425048828125,5441306
2014-04-24,TMPV.NS,Tata Motors Pass Vehicles,Retail Hype / Turnaround,420.539306640625,420.539306640625,420.539306640625,420.539306640625,407.79425048828125,0
2014-04-25,TMPV.NS,Tata Motors Pass Vehicles,Retail Hype / Turnaround,420.539306640625,426.1788024902344,418.11529541015625,418.7583923339844,406.0672607421875,4162636
2014-04-28,TMPV.NS,Tata Motors Pass Vehicles,Retail Hype / Turnaround,418.6099853515625,418.6099853515625,410.595947265625,412.0305480957031,399.5433654785156,3555731
2014-04-29,TMPV.NS,Tata Motors Pass Vehicles,Retail Hype / Turnaround,411.6347961425781,414.3556213378906,403.27447509765625,404.6101379394531,392.34783935546875,2405270
2014-04-30,TMPV.NS,Tata Motors Pass Vehicles,Retail Hype / Turnaround,409.30975341796875,413.5641174316406,399.9105529785156,410.3486022949219,397.9123840332031,5643784
2014-05-02,TMPV.NS,Tata Motors Pass Vehicles,Retail Hype / Turnaround,413.5641174316406,415.8396911621094,406.8362731933594,410.3486022949219,397.9123840332031,2847110
2014-05-05,TMPV.NS,Tata Motors Pass Vehicles,Retail Hype / Turnaround,404.2143859863281,411.48638916015625,404.2143859863281,410.0517883300781,397.6245422363281,2476756
2014-05-06,TMPV.NS,Tata Motors Pass Vehicles,Retail Hype / Turnaround,410.49700927734375,417.52166748046875,410.10125732421875,414.701904296875,402.1337585449219,2765256
2014-05-07,TMPV.NS,Tata Motors Pass Vehicles,Retail Hype / Turnaround,414.5534973144531,417.224853515625,411.09063720703125,412.27789306640625,399.7832336425781,3416541
2014-05-08,TMPV.NS,Tata Motors Pass Vehicles,Retail Hype / Turnaround,415.4439392089844,419.69830322265625,413.118896484375,418.5605163574219,405.87542724609375,3073390
2014-05-09,TMPV.NS,Tata Motors Pass Vehicles,Retail Hype / Turnaround,419.4509582519531,424.54632568359375,414.80084228515625,422.9632873535156,410.144775390625,5055987
2014-05-12,TMPV.NS,Tata Motors Pass Vehicles,Retail Hype / Turnaround,422.8643493652344,441.76165771484375,421.9739074707031,440.4754638671875,427.1261901855469,6378245
2014-05-13,TMPV.NS,Tata Motors Pass Vehicles,Retail Hype / Turnaround,442.5036926269531,450.91351318359375,434.14337158203125,436.27056884765625,423.0487365722656,5529371
2014-05-14,TMPV.NS,Tata Motors Pass Vehicles,Retail Hype / Turnaround,435.3306579589844,441.36590576171875,429.44378662109375,437.65570068359375,424.3918762207031,2909047
2014-05-15,TMPV.NS,Tata Motors Pass Vehicles,Retail Hype / Turnaround,440.277587890625,443.88885498046875,432.5108947753906,434.9843444824219,421.801513671875,4399959
2014-05-16,TMPV.NS,Tata Motors Pass Vehicles,Retail Hype / Turnaround,439.38714599609375,460.0653381347656,438.7934875488281,445.07611083984375,431.58740234375,9495197
2014-05-19,TMPV.NS,Tata Motors Pass Vehicles,Retail Hype / Turnaround,451.1608581542969,452.9417419433594,438.1009216308594,439.6839599609375,426.3586730957031,5885250
2014-05-20,TMPV.NS,Tata Motors Pass Vehicles,Retail Hype / Turnaround,441.3164367675781,447.0549011230469,431.96673583984375,435.1822204589844,421.993408203125,6295237
2014-05-21,TMPV.NS,Tata Motors Pass Vehicles,Retail Hype / Turnaround,437.6062316894531,440.2281188964844,429.4932556152344,432.3130187988281,419.2110900878906,5302879
2014-05-22,TMPV.NS,Tata Motors Pass Vehicles,Retail Hype / Turnaround,432.857177734375,436.46844482421875,423.705322265625,426.228271484375,413.310791015625,7668503
2014-05-23,TMPV.NS,Tata Motors Pass Vehicles,Retail Hype / Turnaround,422.81488037109375,435.231689453125,420.4898376464844,426.72296142578125,413.79046630859375,7404500
2014-05-26,TMPV.NS,Tata Motors Pass Vehicles,Retail Hype / Turnaround,433.35186767578125,448.9347229003906,433.35186767578125,439.3376770019531,426.02288818359375,9211965
2014-05-27,TMPV.NS,Tata Motors Pass Vehicles,Retail Hype / Turnaround,442.6026306152344,446.5601806640625,428.8996276855469,431.96673583984375,418.87530517578125,5553985
2014-05-28,TMPV.NS,Tata Motors Pass Vehicles,Retail Hype / Turnaround,428.4049377441406,431.1752014160156,419.0057373046875,424.2000427246094,411.3440246582031,8522101
2014-05-29,TMPV.NS,Tata Motors Pass Vehicles,Retail Hype / Turnaround,419.9456481933594,427.7618408203125,416.8785705566406,419.7972412109375,407.07464599609375,7166289
2014-05-30,TMPV.NS,Tata Motors Pass Vehicles,Retail Hype / Turnaround,407.1330871582031,417.71954345703125,402.7303161621094,410.6454162597656,398.2001953125,11146212
2014-06-02,TMPV.NS,Tata Motors Pass Vehicles,Retail Hype / Turnaround,410.595947265625,418.2142333984375,406.19317626953125,416.284912109375,403.6687927246094,5511595
2014-06-03,TMPV.NS,Tata Motors Pass Vehicles,Retail Hype / Turnaround,412.9210205078125,419.50042724609375,411.8326721191406,416.433349609375,403.8127136230469,8909589
2014-06-04,TMPV.NS,Tata Motors Pass Vehicles,Retail Hype / Turnaround,420.4898376464844,424.94207763671875,416.53228759765625,417.5711364746094,404.916015625,6501247
2014-06-05,TMPV.NS,Tata Motors Pass Vehicles,Retail Hype / Turnaround,415.5428771972656,431.42254638671875,412.72314453125,430.3836975097656,417.34027099609375,9086539
2014-06-06,TMPV.NS,Tata Motors Pass Vehicles,Retail Hype / Turnaround,432.36248779296875,435.8253479003906,423.95269775390625,434.440185546875,421.2738342285156,8151455
2014-06-09,TMPV.NS,Tata Motors Pass Vehicles,Retail Hype / Turnaround,434.8359375,448.58843994140625,434.8359375,443.8393859863281,430.38812255859375,7065184
2014-06-10,TMPV.NS,Tata Motors Pass Vehicles,Retail Hype / Turnaround,445.5213317871094,450.5672302246094,437.754638671875,448.58843994140625,434.9932556152344,6419352
2014-06-11,TMPV.NS,Tata Motors Pass Vehicles,Retail Hype / Turnaround,447.20330810546875,448.6873779296875,433.1045227050781,441.0196228027344,427.65386962890625,5884465
2014-06-12,TMPV.NS,Tata Motors Pass Vehicles,Retail Hype / Turnaround,440.277587890625,446.6591491699219,437.06207275390625,444.779296875,431.29962158203125,4270136
2014-06-13,TMPV.NS,Tata Motors Pass Vehicles,Retail Hype / Turnaround,445.175048828125,445.47186279296875,430.3836975097656,433.5992126464844,420.4583435058594,5456728
2014-06-16,TMPV.NS,Tata Motors Pass Vehicles,Retail Hype / Turnaround,431.8677978515625,433.5992126464844,424.4968566894531,426.2777404785156,413.3587646484375,4802036
2014-06-17,TMPV.NS,Tata Motors Pass Vehicles,Retail Hype / Turnaround,429.4932556152344,438.4966735839844,422.61700439453125,436.2210998535156,423.0007629394531,4886836
2014-06-18,TMPV.NS,Tata Motors Pass Vehicles,Retail Hype / Turnaround,439.78289794921875,440.277587890625,425.9809265136719,428.5533447265625,415.56536865234375,3046408
2014-06-19,TMPV.NS,Tata Motors Pass Vehicles,Retail Hype / Turnaround,433.35186767578125,439.09033203125,430.3836975097656,433.94549560546875,420.79412841796875,6736247
2014-06-20,TMPV.NS,Tata Motors Pass Vehicles,Retail Hype / Turnaround,436.5179138183594,437.35888671875,428.35546875,433.4013366699219,420.2664794921875,4781531
2014-06-23,TMPV.NS,Tata Motors Pass Vehicles,Retail Hype / Turnaround,431.76885986328125,437.8041076660156,426.6240234375,430.9773254394531,417.9159240722656,3799762
2014-06-24,TMPV.NS,Tata Motors Pass Vehicles,Retail Hype / Turnaround,429.4932556152344,440.8712158203125,429.4932556152344,437.45782470703125,424.20001220703125,4020018
2014-06-25,TMPV.NS,Tata Motors Pass Vehicles,Retail Hype / Turnaround,436.3695068359375,443.8393859863281,434.53912353515625,438.546142578125,425.2553405761719,4478733
2014-06-26,TMPV.NS,Tata Motors Pass Vehicles,Retail Hype / Turnaround,438.2987976074219,444.08673095703125,431.57098388671875,433.35186767578125,420.218505859375,4074119
2014-06-27,TMPV.NS,Tata Motors Pass Vehicles,Retail Hype / Turnaround,432.46142578125,436.171630859375,425.53570556640625,427.7618408203125,414.7978515625,2621189
2014-06-30,TMPV.NS,Tata Motors Pass Vehicles,Retail Hype / Turnaround,429.3943176269531,431.57098388671875,424.4968566894531,426.72296142578125,413.79046630859375,3244342
2014-07-01,TMPV.NS,Tata Motors Pass Vehicles,Retail Hype / Turnaround,428.2070617675781,448.09375,428.2070617675781,446.0160217285156,432.49884033203125,6431546
2014-07-02,TMPV.NS,Tata Motors Pass Vehicles,Retail Hype / Turnaround,446.6096496582031,453.7332458496094,440.37652587890625,450.9629821777344,437.2958984375,5826459
2014-07-03,TMPV.NS,Tata Motors Pass Vehicles,Retail Hype / Turnaround,450.9629821777344,467.7825622558594,450.17144775390625,464.7649230957031,450.67950439453125,10138512
2014-07-04,TMPV.NS,Tata Motors Pass Vehicles,Retail Hype / Turnaround,465.01226806640625,469.2171630859375,461.5494079589844,464.4681091308594,450.3916931152344,7059490
2014-07-07,TMPV.NS,Tata Motors Pass Vehicles,Retail Hype / Turnaround,468.9698181152344,474.856689453125,467.0899963378906,473.76837158203125,459.41009521484375,5301439
2014-07-08,TMPV.NS,Tata Motors Pass Vehicles,Retail Hype / Turnaround,474.4114685058594,479.5562744140625,460.41162109375,465.01226806640625,450.91937255859375,6757729
2014-07-09,TMPV.NS,Tata Motors Pass Vehicles,Retail Hype / Turnaround,464.81439208984375,464.913330078125,448.19268798828125,452.3975830078125,440.56170654296875,3927485
2014-07-10,TMPV.NS,Tata Motors Pass Vehicles,Retail Hype / Turnaround,455.3162841796875,469.7118835449219,444.9771728515625,448.3410949707031,436.6113586425781,5359992
2014-07-11,TMPV.NS,Tata Motors Pass Vehicles,Retail Hype / Turnaround,450.4187927246094,456.5530090332031,439.09033203125,441.2174987792969,429.67413330078125,2738220
2014-07-14,TMPV.NS,Tata Motors Pass Vehicles,Retail Hype / Turnaround,440.277587890625,453.9805908203125,437.9030456542969,451.1608581542969,439.3573303222656,3611521
2014-07-15,TMPV.NS,Tata Motors Pass Vehicles,Retail Hype / Turnaround,453.386962890625,459.9664001464844,451.8534240722656,457.98760986328125,446.0054931640625,3609319
2014-07-16,TMPV.NS,Tata Motors Pass Vehicles,Retail Hype / Turnaround,461.2525939941406,466.5953063964844,457.19610595703125,465.30908203125,453.1354064941406,3592346
2014-07-17,TMPV.NS,Tata Motors Pass Vehicles,Retail Hype / Turnaround,462.04412841796875,472.2842712402344,460.2137451171875,470.25604248046875,457.95294189453125,5114632
2014-07-18,TMPV.NS,Tata Motors Pass Vehicles,Retail Hype / Turnaround,466.7931823730469,472.43267822265625,461.4010009765625,470.25604248046875,457.95294189453125,4148084
2014-07-21,TMPV.NS,Tata Motors Pass Vehicles,Retail Hype / Turnaround,471.1959533691406,473.37261962890625,465.01226806640625,469.9097595214844,457.61572265625,2147835
2014-07-22,TMPV.NS,Tata Motors Pass Vehicles,Retail Hype / Turnaround,469.9097595214844,483.0191345214844,467.2384033203125,481.5350646972656,468.9368591308594,4245591
2014-07-23,TMPV.NS,Tata Motors Pass Vehicles,Retail Hype / Turnaround,480.3477783203125,482.7223205566406,471.6906433105469,479.7046813964844,467.1544189453125,4745188
2014-07-24,TMPV.NS,Tata Motors Pass Vehicles,Retail Hype / Turnaround,478.07220458984375,482.0297546386719,472.03692626953125,480.1004333496094,467.539794921875,3338881
2014-07-25,TMPV.NS,Tata Motors Pass Vehicles,Retail Hype / Turnaround,480.84246826171875,480.84246826171875,451.5566101074219,456.20672607421875,444.2712097167969,6343512
2014-07-28,TMPV.NS,Tata Motors Pass Vehicles,Retail Hype / Turnaround,451.6555480957031,465.0617370605469,446.5107116699219,449.0336608886719,437.2857971191406,8392066
2014-07-30,TMPV.NS,Tata Motors Pass Vehicles,Retail Hype / Turnaround,450.17144775390625,450.61669921875,437.3094177246094,446.5601806640625,434.8770751953125,13595305
2014-07-31,TMPV.NS,Tata Motors Pass Vehicles,Retail Hype / Turnaround,448.19268798828125,449.8746337890625,440.3270568847656,442.0090026855469,430.4449768066406,9472953
2014-08-01,TMPV.NS,Tata Motors Pass Vehicles,Retail Hype / Turnaround,440.0797119140625,450.91351318359375,433.35186767578125,435.3306579589844,423.9413146972656,8882644
2014-08-04,TMPV.NS,Tata Motors Pass Vehicles,Retail Hype / Turnaround,437.6062316894531,443.6415100097656,436.46844482421875,441.860595703125,430.3003845214844,7517951
2014-08-05,TMPV.NS,Tata Motors Pass Vehicles,Retail Hype / Turnaround,444.9277038574219,453.0406799316406,439.486083984375,451.9523620605469,440.128173828125,4030664
2014-08-06,TMPV.NS,Tata Motors Pass Vehicles,Retail Hype / Turnaround,450.17144775390625,450.17144775390625,440.4754638671875,442.8005065917969,431.2157287597656,4859128
2014-08-07,TMPV.NS,Tata Motors Pass Vehicles,Retail Hype / Turnaround,442.8499755859375,445.57080078125,435.5285339355469,437.3094177246094,425.8683166503906,4871343
2014-08-08,TMPV.NS,Tata Motors Pass Vehicles,Retail Hype / Turnaround,432.857177734375,433.2034606933594,425.83251953125,428.3059997558594,417.10040283203125,6491179
2014-08-11,TMPV.NS,Tata Motors Pass Vehicles,Retail Hype / Turnaround,434.93487548828125,443.69097900390625,432.36248779296875,441.8111267089844,430.2522277832031,8735749
2014-08-12,TMPV.NS,Tata Motors Pass Vehicles,Retail Hype / Turnaround,475.8955383300781,476.8849182128906,463.42926025390625,468.9698181152344,456.70037841796875,14887582
2014-08-13,TMPV.NS,Tata Motors Pass Vehicles,Retail Hype / Turnaround,471.9874572753906,474.75775146484375,461.1536560058594,468.4751281738281,456.2185974121094,6299304
2014-08-14,TMPV.NS,Tata Motors Pass Vehicles,Retail Hype / Turnaround,469.31610107421875,480.6940612792969,468.62353515625,479.45733642578125,466.91351318359375,6417376
2014-08-18,TMPV.NS,Tata Motors Pass Vehicles,Retail Hype / Turnaround,483.860107421875,500.2839660644531,483.7117004394531,498.4535827636719,485.41278076171875,8656402
2014-08-19,TMPV.NS,Tata Motors Pass Vehicles,Retail Hype / Turnaround,502.11431884765625,515.1742553710938,500.1850280761719,513.3438720703125,499.91351318359375,9965688
2014-08-20,TMPV.NS,Tata Motors Pass Vehicles,Retail Hype / Turnaround,513.4923095703125,516.46044921875,505.4782409667969,506.81390380859375,493.55438232421875,5467442
2014-08-21,TMPV.NS,Tata Motors Pass Vehicles,Retail Hype / Turnaround,510.52410888671875,512.6513061523438,500.7786560058594,507.30859375,494.0361328125,5463932
2014-08-22,TMPV.NS,Tata Motors Pass Vehicles,Retail Hype / Turnaround,509.7820739746094,515.124755859375,505.1814270019531,506.121337890625,492.8798828125,4404241
2014-08-25,TMPV.NS,Tata Motors Pass Vehicles,Retail Hype / Turnaround,511.5135192871094,512.5028686523438,499.9871520996094,503.0047607421875,489.8448791503906,4005516
2014-08-26,TMPV.NS,Tata Motors Pass Vehicles,Retail Hype / Turnaround,493.2098388671875,509.73260498046875,491.0826416015625,507.20965576171875,493.9397888183594,4724406
2014-08-27,TMPV.NS,Tata Motors Pass Vehicles,Retail Hype / Turnaround,513.3933715820312,518.439208984375,510.72198486328125,516.1636352539062,502.65948486328125,3905433
2014-08-28,TMPV.NS,Tata Motors Pass Vehicles,Retail Hype / Turnaround,518.1423950195312,526.008056640625,517.1035766601562,519.4780883789062,505.88726806640625,5597525
2014-09-01,TMPV.NS,Tata Motors Pass Vehicles,Retail Hype / Turnaround,520.41796875,523.880859375,511.2661437988281,514.481689453125,501.02154541015625,6321716
2014-09-02,TMPV.NS,Tata Motors Pass Vehicles,Retail Hype / Turnaround,514.481689453125,515.2236938476562,506.61602783203125,510.7714538574219,497.4084167480469,4700852
2014-09-03,TMPV.NS,Tata Motors Pass Vehicles,Retail Hype / Turnaround,520.5169067382812,524.8702392578125,515.7678833007812,517.0540771484375,503.5266418457031,7395355
2014-09-04,TMPV.NS,Tata Motors Pass Vehicles,Retail Hype / Turnaround,517.1530151367188,517.1530151367188,503.84576416015625,507.55596923828125,494.27703857421875,7887159
2014-09-05,TMPV.NS,Tata Motors Pass Vehicles,Retail Hype / Turnaround,507.55596923828125,511.11773681640625,497.81048583984375,500.6302490234375,487.5325012207031,10061738
2014-09-08,TMPV.NS,Tata Motors Pass Vehicles,Retail Hype / Turnaround,502.6090087890625,506.5665588378906,497.5631408691406,504.6867370605469,491.4828186035156,9265718
2014-09-09,TMPV.NS,Tata Motors Pass Vehicles,Retail Hype / Turnaround,505.6761169433594,512.8986206054688,502.2132568359375,511.66192626953125,498.2755126953125,9134923
2014-09-10,TMPV.NS,Tata Motors Pass Vehicles,Retail Hype / Turnaround,508.34747314453125,515.4215698242188,506.9623107910156,511.0682678222656,497.6974182128906,7315474
2014-09-11,TMPV.NS,Tata Motors Pass Vehicles,Retail Hype / Turnaround,512.5028686523438,512.7996826171875,505.5771789550781,508.8916320800781,495.5777587890625,3994427
2014-09-12,TMPV.NS,Tata Motors Pass Vehicles,Retail Hype / Turnaround,509.53472900390625,513.8385620117188,507.95172119140625,511.7113952636719,498.32373046875,4645545
2014-09-15,TMPV.NS,Tata Motors Pass Vehicles,Retail Hype / Turnaround,506.5665588378906,509.93048095703125,504.7362060546875,506.9623107910156,493.69891357421875,3002542
2014-09-16,TMPV.NS,Tata Motors Pass Vehicles,Retail Hype / Turnaround,504.5877990722656,505.329833984375,489.40069580078125,494.4465637207031,481.51055908203125,5795527
2014-09-17,TMPV.NS,Tata Motors Pass Vehicles,Retail Hype / Turnaround,496.6726989746094,504.0931091308594,486.1851806640625,501.5701599121094,488.44781494140625,5000801
2014-09-18,TMPV.NS,Tata Motors Pass Vehicles,Retail Hype / Turnaround,500.33343505859375,521.2095336914062,495.386474609375,519.8243408203125,506.2243957519531,7126911
2014-09-19,TMPV.NS,Tata Motors Pass Vehicles,Retail Hype / Turnaround,519.62646484375,523.3861694335938,511.0682678222656,513.3933715820312,499.9617004394531,5187142
2014-09-22,TMPV.NS,Tata Motors Pass Vehicles,Retail Hype / Turnaround,509.53472900390625,536.742919921875,508.54534912109375,534.3189086914062,520.3397827148438,7973384
2014-09-23,TMPV.NS,Tata Motors Pass Vehicles,Retail Hype / Turnaround,535.9513549804688,536.8418579101562,510.623046875,512.3049926757812,498.90179443359375,7528891
2014-09-24,TMPV.NS,Tata Motors Pass Vehicles,Retail Hype / Turnaround,510.52410888671875,512.2555541992188,501.1744079589844,507.95172119140625,494.66241455078125,3887411
2014-09-25,TMPV.NS,Tata Motors Pass Vehicles,Retail Hype / Turnaround,507.2591247558594,509.2873840332031,494.69390869140625,498.99774169921875,485.9427185058594,6390237
2014-09-26,TMPV.NS,Tata Motors Pass Vehicles,Retail Hype / Turnaround,496.7716369628906,507.6054382324219,487.1250915527344,505.6761169433594,492.44635009765625,7252440
2014-09-29,TMPV.NS,Tata Motors Pass Vehicles,Retail Hype / Turnaround,504.6867370605469,510.12835693359375,502.2627258300781,505.329833984375,492.109130859375,5160966
2014-09-30,TMPV.NS,Tata Motors Pass Vehicles,Retail Hype / Turnaround,509.2379150390625,509.2379150390625,494.99072265625,496.82110595703125,483.822998046875,5576865
2014-10-01,TMPV.NS,Tata Motors Pass Vehicles,Retail Hype / Turnaround,495.88116455078125,502.015380859375,493.9518737792969,497.41473388671875,484.401123046875,3727045
2014-10-07,TMPV.NS,Tata Motors Pass Vehicles,Retail Hype / Turnaround,497.41473388671875,511.31561279296875,497.41473388671875,499.59136962890625,486.52081298828125,5462324
2014-10-08,TMPV.NS,Tata Motors Pass Vehicles,Retail Hype / Turnaround,501.61962890625,507.2591247558594,496.6726989746094,503.598388671875,490.4230041503906,3963078
2014-10-09,TMPV.NS,Tata Motors Pass Vehicles,Retail Hype / Turnaround,509.4852600097656,516.9551391601562,507.852783203125,515.0753173828125,501.5996398925781,3758873
2014-10-10,TMPV.NS,Tata Motors Pass Vehicles,Retail Hype / Turnaround,509.0400390625,509.0400390625,484.15692138671875,487.47137451171875,474.7178649902344,7535919
2014-10-13,TMPV.NS,Tata Motors Pass Vehicles,Retail Hype / Turnaround,484.800048828125,492.91302490234375,474.95562744140625,490.98370361328125,478.1383056640625,5193538
2014-10-14,TMPV.NS,Tata Motors Pass Vehicles,Retail Hype / Turnaround,493.6055908203125,494.89178466796875,480.9414367675781,482.8212585449219,470.1894226074219,3886857
2014-10-15,TMPV.NS,Tata Motors Pass Vehicles,Retail Hype / Turnaround,482.8212585449219,482.8212585449219,482.8212585449219,482.8212585449219,470.1894226074219,0
2014-10-16,TMPV.NS,Tata Motors Pass Vehicles,Retail Hype / Turnaround,480.2983093261719,495.7822265625,476.5881042480469,478.66583251953125,466.1427307128906,6643744
2014-10-17,TMPV.NS,Tata Motors Pass Vehicles,Retail Hype / Turnaround,478.6163635253906,478.6163635253906,463.03350830078125,470.750732421875,458.4347229003906,9595387
2014-10-20,TMPV.NS,Tata Motors Pass Vehicles,Retail Hype / Turnaround,482.7223205566406,491.7257385253906,479.45733642578125,489.40069580078125,476.5967102050781,5839603
2014-10-21,TMPV.NS,Tata Motors Pass Vehicles,Retail Hype / Turnaround,493.7539978027344,498.79986572265625,488.51025390625,496.1285400390625,483.1485595703125,3972592
2014-10-22,TMPV.NS,Tata Motors Pass Vehicles,Retail Hype / Turnaround,503.2521057128906,514.9763793945312,503.2521057128906,513.6406860351562,500.2025146484375,5842953
2014-10-27,TMPV.NS,Tata Motors Pass Vehicles,Retail Hype / Turnaround,511.5135192871094,512.5028686523438,496.9200439453125,498.3546447753906,485.3164367675781,3177278
2014-10-28,TMPV.NS,Tata Motors Pass Vehicles,Retail Hype / Turnaround,500.33343505859375,505.8739929199219,497.7115478515625,503.2521057128906,490.0857849121094,2422395
2014-10-29,TMPV.NS,Tata Motors Pass Vehicles,Retail Hype / Turnaround,510.0294189453125,521.8526000976562,510.0294189453125,520.6158447265625,506.9952087402344,4416090
2014-10-30,TMPV.NS,Tata Motors Pass Vehicles,Retail Hype / Turnaround,516.8067016601562,525.7112426757812,514.5806274414062,521.35791015625,507.7178649902344,6242397
2014-10-31,TMPV.NS,Tata Motors Pass Vehicles,Retail Hype / Turnaround,520.7642822265625,532.7853393554688,515.4215698242188,530.1634521484375,516.2930297851562,3956550
2014-11-03,TMPV.NS,Tata Motors Pass Vehicles,Retail Hype / Turnaround,524.9691772460938,530.2129516601562,520.6653442382812,525.7606811523438,512.0054321289062,2794484
2014-11-05,TMPV.NS,Tata Motors Pass Vehicles,Retail Hype / Turnaround,523.3861694335938,534.071533203125,515.7183837890625,530.3118896484375,516.4375610351562,6584901
2014-11-07,TMPV.NS,Tata Motors Pass Vehicles,Retail Hype / Turnaround,531.4002075195312,538.177490234375,526.5521850585938,527.6900024414062,513.88427734375,2480434
2014-11-10,TMPV.NS,Tata Motors Pass Vehicles,Retail Hype / Turnaround,525.1176147460938,528.7783203125,513.2449340820312,516.7572631835938,503.23760986328125,3389879
2014-11-11,TMPV.NS,Tata Motors Pass Vehicles,Retail Hype / Turnaround,519.4285888671875,521.902099609375,511.6124572753906,516.1636352539062,502.65948486328125,2551014
2014-11-12,TMPV.NS,Tata Motors Pass Vehicles,Retail Hype / Turnaround,517.8455810546875,531.2023315429688,516.3615112304688,526.2059326171875,512.4390258789062,3617680
2014-11-13,TMPV.NS,Tata Motors Pass Vehicles,Retail Hype / Turnaround,527.3436889648438,530.3118896484375,517.8950805664062,521.1600341796875,507.5251770019531,2799445
2014-11-14,TMPV.NS,Tata Motors Pass Vehicles,Retail Hype / Turnaround,524.2271118164062,531.1033935546875,514.1353759765625,518.3402709960938,504.7791442871094,4717775
2014-11-17,TMPV.NS,Tata Motors Pass Vehicles,Retail Hype / Turnaround,514.481689453125,541.7393188476562,514.481689453125,539.4636840820312,525.3499755859375,7159194
2014-11-18,TMPV.NS,Tata Motors Pass Vehicles,Retail Hype / Turnaround,542.82763671875,544.8558959960938,534.7640991210938,535.8524169921875,521.8331909179688,4548021
2014-11-19,TMPV.NS,Tata Motors Pass Vehicles,Retail Hype / Turnaround,538.2764282226562,539.1668701171875,516.9551391601562,523.880859375,510.17486572265625,4678498
2014-11-20,TMPV.NS,Tata Motors Pass Vehicles,Retail Hype / Turnaround,527.3436889648438,528.1846923828125,514.7785034179688,519.1812744140625,505.5982360839844,3828955
2014-11-21,TMPV.NS,Tata Motors Pass Vehicles,Retail Hype / Turnaround,522.94091796875,533.67578125,521.6052856445312,525.3649291992188,511.6200256347656,4019464
2014-11-24,TMPV.NS,Tata Motors Pass Vehicles,Retail Hype / Turnaround,525.3649291992188,532.9337768554688,519.4285888671875,520.813720703125,507.1879577636719,3793347
2014-11-25,TMPV.NS,Tata Motors Pass Vehicles,Retail Hype / Turnaround,522.94091796875,523.4356079101562,507.55596923828125,516.31201171875,502.8039855957031,4359660
2014-11-26,TMPV.NS,Tata Motors Pass Vehicles,Retail Hype / Turnaround,516.1636352539062,519.230712890625,509.53472900390625,514.4321899414062,500.9733581542969,4638623
2014-11-27,TMPV.NS,Tata Motors Pass Vehicles,Retail Hype / Turnaround,509.53472900390625,517.3014526367188,506.0718688964844,514.4321899414062,500.9733581542969,5701903
2014-11-28,TMPV.NS,Tata Motors Pass Vehicles,Retail Hype / Turnaround,518.8349609375,533.280029296875,515.9657592773438,527.83837890625,514.02880859375,8262478
2014-12-01,TMPV.NS,Tata Motors Pass Vehicles,Retail Hype / Turnaround,534.1210327148438,534.1210327148438,524.4744873046875,530.3118896484375,516.4375610351562,5148090
2014-12-02,TMPV.NS,Tata Motors Pass Vehicles,Retail Hype / Turnaround,530.0150756835938,530.114013671875,522.4957275390625,523.336669921875,509.6448669433594,3593679
2014-12-03,TMPV.NS,Tata Motors Pass Vehicles,Retail Hype / Turnaround,529.5203857421875,533.0821533203125,520.7147827148438,523.3861694335938,509.6930847167969,4040047
2014-12-04,TMPV.NS,Tata Motors Pass Vehicles,Retail Hype / Turnaround,528.3330688476562,531.548583984375,516.46044921875,522.1494140625,508.4886474609375,3639457
2014-12-05,TMPV.NS,Tata Motors Pass Vehicles,Retail Hype / Turnaround,518.8844604492188,525.1176147460938,516.9056396484375,519.77490234375,506.17633056640625,2469524
2014-12-08,TMPV.NS,Tata Motors Pass Vehicles,Retail Hype / Turnaround,519.5275268554688,524.8702392578125,508.24853515625,510.227294921875,496.8784484863281,3135332
2014-12-09,TMPV.NS,Tata Motors Pass Vehicles,Retail Hype / Turnaround,511.7608642578125,515.3226318359375,496.0295715332031,497.909423828125,484.8828430175781,5562200
2014-12-10,TMPV.NS,Tata Motors Pass Vehicles,Retail Hype / Turnaround,490.7363586425781,509.435791015625,487.966064453125,505.5771789550781,492.3499755859375,5621126
2014-12-11,TMPV.NS,Tata Motors Pass Vehicles,Retail Hype / Turnaround,501.4217529296875,507.3580627441406,492.71514892578125,498.5525207519531,485.50909423828125,4069618
2014-12-12,TMPV.NS,Tata Motors Pass Vehicles,Retail Hype / Turnaround,493.6055908203125,502.3616638183594,490.7363586425781,494.6444396972656,481.70330810546875,3900394
2014-12-15,TMPV.NS,Tata Motors Pass Vehicles,Retail Hype / Turnaround,489.6480407714844,496.4748229980469,487.1250915527344,488.7081298828125,475.92230224609375,3896475
2014-12-16,TMPV.NS,Tata Motors Pass Vehicles,Retail Hype / Turnaround,484.800048828125,486.48199462890625,473.4220886230469,476.53863525390625,464.0711669921875,4813220
2014-12-17,TMPV.NS,Tata Motors Pass Vehicles,Retail Hype / Turnaround,473.5210266113281,481.2382507324219,463.6766052246094,470.750732421875,458.4347229003906,6238806
2014-12-18,TMPV.NS,Tata Motors Pass Vehicles,Retail Hype / Turnaround,475.94500732421875,484.800048828125,475.74713134765625,479.754150390625,467.20257568359375,4417769
2014-12-19,TMPV.NS,Tata Motors Pass Vehicles,Retail Hype / Turnaround,485.09686279296875,492.51727294921875,479.0121154785156,480.7435302734375,468.16607666015625,4665944
2014-12-22,TMPV.NS,Tata Motors Pass Vehicles,Retail Hype / Turnaround,480.9414367675781,492.0225524902344,476.2418212890625,489.4501647949219,476.6448974609375,3225905
2014-12-23,TMPV.NS,Tata Motors Pass Vehicles,Retail Hype / Turnaround,491.5278625488281,496.1285400390625,480.44671630859375,482.96966552734375,470.333984375,4165774
2014-12-24,TMPV.NS,Tata Motors Pass Vehicles,Retail Hype / Turnaround,484.9484558105469,487.5208435058594,476.439697265625,478.8142395019531,466.2872619628906,6510045
2014-12-26,TMPV.NS,Tata Motors Pass Vehicles,Retail Hype / Turnaround,477.87432861328125,482.37603759765625,473.8673095703125,480.0014953613281,467.4434814453125,2339159
2014-12-29,TMPV.NS,Tata Motors Pass Vehicles,Retail Hype / Turnaround,480.0014953613281,492.71514892578125,480.0014953613281,489.79644775390625,476.9821472167969,2818585
2014-12-30,TMPV.NS,Tata Motors Pass Vehicles,Retail Hype / Turnaround,493.70452880859375,494.19921875,485.0473937988281,488.51025390625,475.7295837402344,1701736
2014-12-31,TMPV.NS,Tata Motors Pass Vehicles,Retail Hype / Turnaround,489.2522888183594,493.40771484375,485.8388977050781,490.2911376953125,477.4638977050781,3217611
2015-01-01,TMPV.NS,Tata Motors Pass Vehicles,Retail Hype / Turnaround,489.2522888183594,494.1497497558594,487.0261535644531,493.1603698730469,480.25799560546875,944551
2015-01-02,TMPV.NS,Tata Motors Pass Vehicles,Retail Hype / Turnaround,491.97308349609375,511.9092712402344,491.97308349609375,506.3686828613281,493.12078857421875,4193093
2015-01-05,TMPV.NS,Tata Motors Pass Vehicles,Retail Hype / Turnaround,504.6867370605469,520.41796875,501.32281494140625,518.2413330078125,504.6828308105469,6758676
2015-01-06,TMPV.NS,Tata Motors Pass Vehicles,Retail Hype / Turnaround,508.8916320800781,508.8916320800781,493.9518737792969,496.0790710449219,483.10040283203125,7979598
2015-01-07,TMPV.NS,Tata Motors Pass Vehicles,Retail Hype / Turnaround,489.7469787597656,495.08966064453125,484.0085144042969,488.60919189453125,475.825927734375,9232656
2015-01-08,TMPV.NS,Tata Motors Pass Vehicles,Retail Hype / Turnaround,498.6514587402344,509.33685302734375,495.68328857421875,506.5665588378906,493.3134765625,5535587
2015-01-09,TMPV.NS,Tata Motors Pass Vehicles,Retail Hype / Turnaround,515.7183837890625,519.379150390625,510.0294189453125,516.7572631835938,503.23760986328125,4053562
2015-01-12,TMPV.NS,Tata Motors Pass Vehicles,Retail Hype / Turnaround,512.99755859375,519.1317749023438,505.82452392578125,516.7572631835938,503.23760986328125,2560568
2015-01-13,TMPV.NS,Tata Motors Pass Vehicles,Retail Hype / Turnaround,514.8279418945312,520.1211547851562,509.7820739746094,513.9375,500.4915771484375,4328812
2015-01-14,TMPV.NS,Tata Motors Pass Vehicles,Retail Hype / Turnaround,515.9657592773438,521.0610961914062,508.4958801269531,514.8279418945312,501.3587341308594,6070608
2015-01-15,TMPV.NS,Tata Motors Pass Vehicles,Retail Hype / Turnaround,522.693603515625,530.3118896484375,518.19189453125,527.2942504882812,513.4989624023438,6902556
2015-01-16,TMPV.NS,Tata Motors Pass Vehicles,Retail Hype / Turnaround,525.4638671875,530.114013671875,516.856201171875,520.170654296875,506.56170654296875,4250137
2015-01-19,TMPV.NS,Tata Motors Pass Vehicles,Retail Hype / Turnaround,520.9127197265625,533.8736572265625,517.5982666015625,532.7853393554688,518.8463745117188,4617341
2015-01-20,TMPV.NS,Tata Motors Pass Vehicles,Retail Hype / Turnaround,533.03271484375,555.0465698242188,529.0751342773438,553.2656860351562,538.7908935546875,6140342
2015-01-21,TMPV.NS,Tata Motors Pass Vehicles,Retail Hype / Turnaround,550.9406127929688,552.5236206054688,540.2057495117188,545.6473999023438,531.3718872070312,6521363
2015-01-22,TMPV.NS,Tata Motors Pass Vehicles,Retail Hype / Turnaround,544.806396484375,562.6648559570312,542.7286987304688,560.4882202148438,545.8244018554688,6010572
2015-01-23,TMPV.NS,Tata Motors Pass Vehicles,Retail Hype / Turnaround,568.8980102539062,584.8765869140625,567.9086303710938,582.2052612304688,566.9732666015625,7764736
2015-01-27,TMPV.NS,Tata Motors Pass Vehicles,Retail Hype / Turnaround,589.724609375,601.2509765625,589.724609375,598.1343994140625,582.4856567382812,7213518
2015-01-28,TMPV.NS,Tata Motors Pass Vehicles,Retail Hype / Turnaround,592.643310546875,592.8411865234375,580.7706298828125,582.9473266601562,567.6958618164062,8297785
2015-01-29,TMPV.NS,Tata Motors Pass Vehicles,Retail Hype / Turnaround,579.78125,594.3252563476562,574.4385986328125,592.24755859375,576.7528686523438,5874507
2015-01-30,TMPV.NS,Tata Motors Pass Vehicles,Retail Hype / Turnaround,595.017822265625,598.2828369140625,574.9332885742188,578.9403076171875,563.7937622070312,4180985
2015-02-02,TMPV.NS,Tata Motors Pass Vehicles,Retail Hype / Turnaround,581.5621337890625,589.5762329101562,574.6859130859375,586.2122802734375,570.87548828125,4363228
2015-02-03,TMPV.NS,Tata Motors Pass Vehicles,Retail Hype / Turnaround,591.3076171875,605.901123046875,589.873046875,596.897705078125,581.2813110351562,6100343
2015-02-04,TMPV.NS,Tata Motors Pass Vehicles,Retail Hype / Turnaround,600.2120971679688,600.2120971679688,581.9579467773438,585.1239624023438,569.815673828125,3398715
2015-02-05,TMPV.NS,Tata Motors Pass Vehicles,Retail Hype / Turnaround,584.7282104492188,596.5018920898438,575.82373046875,582.9473266601562,567.6958618164062,6847443
2015-02-06,TMPV.NS,Tata Motors Pass Vehicles,Retail Hype / Turnaround,561.0323486328125,565.9298095703125,546.3399658203125,553.6614379882812,539.17626953125,12221202
2015-02-09,TMPV.NS,Tata Motors Pass Vehicles,Retail Hype / Turnaround,544.163330078125,548.5661010742188,535.5556030273438,536.8912963867188,522.8448486328125,4628548
2015-02-10,TMPV.NS,Tata Motors Pass Vehicles,Retail Hype / Turnaround,538.2269897460938,561.9722900390625,537.5838623046875,558.1136474609375,543.5120239257812,5617236
2015-02-11,TMPV.NS,Tata Motors Pass Vehicles,Retail Hype / Turnaround,560.98291015625,565.336181640625,547.477783203125,552.9688720703125,538.5018310546875,4637550
2015-02-12,TMPV.NS,Tata Motors Pass Vehicles,Retail Hype / Turnaround,556.2338256835938,559.9935302734375,546.6367797851562,555.8380737304688,541.2959594726562,5488927
2015-02-13,TMPV.NS,Tata Motors Pass Vehicles,Retail Hype / Turnaround,556.728515625,561.1807861328125,549.1102294921875,559.5482788085938,544.9090576171875,3506531
2015-02-16,TMPV.NS,Tata Motors Pass Vehicles,Retail Hype / Turnaround,562.961669921875,574.2901611328125,559.4988403320312,568.0570068359375,553.1951293945312,5793607
2015-02-18,TMPV.NS,Tata Motors Pass Vehicles,Retail Hype / Turnaround,566.6224365234375,580.7706298828125,554.7002563476562,578.0993041992188,562.9747314453125,5846505
2015-02-19,TMPV.NS,Tata Motors Pass Vehicles,Retail Hype / Turnaround,579.78125,586.2617797851562,566.0287475585938,570.4315795898438,555.5076904296875,4316943
2015-02-20,TMPV.NS,Tata Motors Pass Vehicles,Retail Hype / Turnaround,573.3502197265625,578.7918701171875,566.1771850585938,573.7459716796875,558.7353515625,3907248
2015-02-23,TMPV.NS,Tata Motors Pass Vehicles,Retail Hype / Turnaround,575.82373046875,578.2477416992188,565.9793090820312,568.1065063476562,553.2433471679688,3040407
2015-02-24,TMPV.NS,Tata Motors Pass Vehicles,Retail Hype / Turnaround,570.8767700195312,571.8661499023438,554.0076904296875,558.4104614257812,543.801025390625,4350356
2015-02-25,TMPV.NS,Tata Motors Pass Vehicles,Retail Hype / Turnaround,560.6860961914062,569.8873901367188,558.0147094726562,562.170166015625,547.4623413085938,3082740
2015-02-26,TMPV.NS,Tata Motors Pass Vehicles,Retail Hype / Turnaround,564.0499877929688,565.9793090820312,551.435302734375,554.7002563476562,540.1878662109375,3570924
2015-02-27,TMPV.NS,Tata Motors Pass Vehicles,Retail Hype / Turnaround,561.0323486328125,574.8343505859375,557.52001953125,569.04638671875,554.15869140625,4357037
2015-03-02,TMPV.NS,Tata Motors Pass Vehicles,Retail Hype / Turnaround,591.060302734375,594.6220703125,567.0181884765625,578.7918701171875,563.6492309570312,4951897
2015-03-03,TMPV.NS,Tata Motors Pass Vehicles,Retail Hype / Turnaround,576.3184204101562,576.3184204101562,565.9298095703125,568.007568359375,553.1470336914062,3593208
2015-03-04,TMPV.NS,Tata Motors Pass Vehicles,Retail Hype / Turnaround,575.3290405273438,585.8165283203125,564.0499877929688,568.007568359375,553.1470336914062,6242783
2015-03-05,TMPV.NS,Tata Motors Pass Vehicles,Retail Hype / Turnaround,569.8873901367188,571.6682739257812,561.6754760742188,564.6436157226562,549.87109375,3354510
2015-03-09,TMPV.NS,Tata Motors Pass Vehicles,Retail Hype / Turnaround,564.9404296875,567.5128784179688,556.0359497070312,559.1030883789062,544.4754638671875,3566055
2015-03-10,TMPV.NS,Tata Motors Pass Vehicles,Retail Hype / Turnaround,561.8733520507812,566.6224365234375,552.77099609375,554.2550659179688,539.75439453125,3917160
2015-03-11,TMPV.NS,Tata Motors Pass Vehicles,Retail Hype / Turnaround,555.0465698242188,559.2020263671875,542.3823852539062,545.0537719726562,530.7938232421875,3184841
2015-03-12,TMPV.NS,Tata Motors Pass Vehicles,Retail Hype / Turnaround,549.0112915039062,560.9334106445312,548.4176635742188,557.915771484375,543.3192749023438,3430749
2015-03-13,TMPV.NS,Tata Motors Pass Vehicles,Retail Hype / Turnaround,559.647216796875,559.6967163085938,549.2091674804688,552.4246826171875,537.9718017578125,5382475
2015-03-16,TMPV.NS,Tata Motors Pass Vehicles,Retail Hype / Turnaround,553.1172485351562,559.6967163085938,548.3682250976562,550.9900512695312,536.5747680664062,2786971
2015-03-17,TMPV.NS,Tata Motors Pass Vehicles,Retail Hype / Turnaround,558.0147094726562,572.8555297851562,556.4317016601562,565.484619140625,550.6901245117188,5395883
2015-03-18,TMPV.NS,Tata Motors Pass Vehicles,Retail Hype / Turnaround,564.29736328125,564.9404296875,550.5942993164062,554.2550659179688,539.75439453125,4569613
2015-03-19,TMPV.NS,Tata Motors Pass Vehicles,Retail Hype / Turnaround,559.004150390625,562.9122314453125,545.4000244140625,547.9229736328125,533.5879516601562,3295114
2015-03-20,TMPV.NS,Tata Motors Pass Vehicles,Retail Hype / Turnaround,543.1244506835938,544.806396484375,535.2587890625,541.7887573242188,527.6142578125,5119749
2015-03-23,TMPV.NS,Tata Motors Pass Vehicles,Retail Hype / Turnaround,542.2340087890625,551.8805541992188,542.2340087890625,545.597900390625,531.32373046875,3153860
2015-03-24,TMPV.NS,Tata Motors Pass Vehicles,Retail Hype / Turnaround,545.9442138671875,546.6367797851562,522.7925415039062,526.6016845703125,512.8245239257812,4519046
2015-03-25,TMPV.NS,Tata Motors Pass Vehicles,Retail Hype / Turnaround,529.8171997070312,539.8099975585938,527.83837890625,536.0997924804688,522.0740966796875,8625253
2015-03-26,TMPV.NS,Tata Motors Pass Vehicles,Retail Hype / Turnaround,525.2659912109375,533.280029296875,515.273193359375,518.6865844726562,505.1164245605469,6544581
2015-03-27,TMPV.NS,Tata Motors Pass Vehicles,Retail Hype / Turnaround,520.0717163085938,531.1033935546875,512.6513061523438,529.6687622070312,515.811279296875,4721243
2015-03-30,TMPV.NS,Tata Motors Pass Vehicles,Retail Hype / Turnaround,531.15283203125,535.3082885742188,525.7112426757812,534.2694091796875,520.2916259765625,4012522
2015-03-31,TMPV.NS,Tata Motors Pass Vehicles,Retail Hype / Turnaround,534.4178466796875,553.8593139648438,531.8948974609375,544.3612060546875,530.1193237304688,5409542
2015-04-01,TMPV.NS,Tata Motors Pass Vehicles,Retail Hype / Turnaround,543.2728271484375,560.3892822265625,542.1845092773438,558.9052124023438,544.2828979492188,4222512
2015-04-06,TMPV.NS,Tata Motors Pass Vehicles,Retail Hype / Turnaround,563.9000244140625,573.5,555.3499755859375,568.1500244140625,553.2857666015625,5728358
2015-04-07,TMPV.NS,Tata Motors Pass Vehicles,Retail Hype / Turnaround,569.0499877929688,570.7000122070312,554.0499877929688,560.3499755859375,545.6897583007812,3201751
2015-04-08,TMPV.NS,Tata Motors Pass Vehicles,Retail Hype / Turnaround,565.0,569.5999755859375,559.2000122070312,561.5,546.8097534179688,3774897
2015-04-09,TMPV.NS,Tata Motors Pass Vehicles,Retail Hype / Turnaround,562.7999877929688,564.8499755859375,552.25,559.9000244140625,545.2516479492188,3043135
2015-04-10,TMPV.NS,Tata Motors Pass Vehicles,Retail Hype / Turnaround,558.7999877929688,569.4000244140625,555.5499877929688,562.6500244140625,547.9296264648438,2808049
2015-04-13,TMPV.NS,Tata Motors Pass Vehicles,Retail Hype / Turnaround,563.0,563.9000244140625,552.4500122070312,556.25,541.6970825195312,2889208
2015-04-15,TMPV.NS,Tata Motors Pass Vehicles,Retail Hype / Turnaround,551.25,551.25,538.25,540.4500122070312,526.3104248046875,4118983
2015-04-16,TMPV.NS,Tata Motors Pass Vehicles,Retail Hype / Turnaround,543.75,551.25,534.2000122070312,541.25,527.0895385742188,4027716
2015-04-17,TMPV.NS,Tata Motors Pass Vehicles,Retail Hype / Turnaround,541.5,544.7999877929688,534.1500244140625,535.3499755859375,521.3438720703125,2728290
2015-04-20,TMPV.NS,Tata Motors Pass Vehicles,Retail Hype / Turnaround,543.1500244140625,543.1500244140625,521.0499877929688,533.2000122070312,519.2501220703125,5011252
2015-04-21,TMPV.NS,Tata Motors Pass Vehicles,Retail Hype / Turnaround,531.4500122070312,538.0,523.5,527.4000244140625,513.6018676757812,3243871
2015-04-22,TMPV.NS,Tata Motors Pass Vehicles,Retail Hype / Turnaround,529.0,529.7000122070312,510.6499938964844,523.5,509.80389404296875,4311384
2015-04-23,TMPV.NS,Tata Motors Pass Vehicles,Retail Hype / Turnaround,527.7999877929688,527.7999877929688,508.45001220703125,512.0,498.60479736328125,4961920
2015-04-24,TMPV.NS,Tata Motors Pass Vehicles,Retail Hype / Turnaround,515.25,520.0,508.6000061035156,516.2000122070312,502.6949157714844,4302328
2015-04-27,TMPV.NS,Tata Motors Pass Vehicles,Retail Hype / Turnaround,521.0,523.0,513.0499877929688,516.8499755859375,503.3279113769531,3082875
2015-04-28,TMPV.NS,Tata Motors Pass Vehicles,Retail Hype / Turnaround,520.5,533.7999877929688,518.3499755859375,529.8499755859375,515.98779296875,6417077
2015-04-29,TMPV.NS,Tata Motors Pass Vehicles,Retail Hype / Turnaround,526.75,528.0,516.7999877929688,520.9000244140625,507.27191162109375,3685760
2015-04-30,TMPV.NS,Tata Motors Pass Vehicles,Retail Hype / Turnaround,518.2000122070312,520.7999877929688,506.75,508.25,494.952880859375,10009172
2015-05-04,TMPV.NS,Tata Motors Pass Vehicles,Retail Hype / Turnaround,511.75,516.0,497.5,506.45001220703125,493.20001220703125,5849866
2015-05-05,TMPV.NS,Tata Motors Pass Vehicles,Retail Hype / Turnaround,509.5,515.7000122070312,506.04998779296875,510.45001220703125,497.0953674316406,3398712
2015-05-06,TMPV.NS,Tata Motors Pass Vehicles,Retail Hype / Turnaround,508.5,508.5,495.79998779296875,497.8500061035156,484.8249816894531,5925410
2015-05-07,TMPV.NS,Tata Motors Pass Vehicles,Retail Hype / Turnaround,493.5,503.0,482.6000061035156,488.1000061035156,475.3301086425781,5504557
2015-05-08,TMPV.NS,Tata Motors Pass Vehicles,Retail Hype / Turnaround,498.75,515.9000244140625,497.3500061035156,513.7000122070312,500.26031494140625,6229295
2015-05-11,TMPV.NS,Tata Motors Pass Vehicles,Retail Hype / Turnaround,522.25,530.9500122070312,517.0,529.7000122070312,515.8417358398438,5520513
2015-05-12,TMPV.NS,Tata Motors Pass Vehicles,Retail Hype / Turnaround,525.7000122070312,525.7000122070312,511.1499938964844,513.5499877929688,500.11419677734375,4569616
2015-05-13,TMPV.NS,Tata Motors Pass Vehicles,Retail Hype / Turnaround,517.0,525.5499877929688,506.54998779296875,520.4500122070312,506.8337097167969,4442178
2015-05-14,TMPV.NS,Tata Motors Pass Vehicles,Retail Hype / Turnaround,519.0,519.0,510.1000061035156,516.5999755859375,503.0844421386719,3587736
2015-05-15,TMPV.NS,Tata Motors Pass Vehicles,Retail Hype / Turnaround,519.0,524.5,517.0499877929688,519.9000244140625,506.2981262207031,4038816
2015-05-18,TMPV.NS,Tata Motors Pass Vehicles,Retail Hype / Turnaround,517.25,524.4000244140625,510.29998779296875,520.7000122070312,507.0771789550781,4363711
2015-05-19,TMPV.NS,Tata Motors Pass Vehicles,Retail Hype / Turnaround,516.9000244140625,518.75,508.70001220703125,509.79998779296875,496.46234130859375,5500642
2015-05-20,TMPV.NS,Tata Motors Pass Vehicles,Retail Hype / Turnaround,511.0,513.8499755859375,503.54998779296875,505.25,492.0314025878906,6385674
2015-05-21,TMPV.NS,Tata Motors Pass Vehicles,Retail Hype / Turnaround,506.5,512.5,505.0,511.20001220703125,497.8257141113281,4708702
2015-05-22,TMPV.NS,Tata Motors Pass Vehicles,Retail Hype / Turnaround,511.75,516.9500122070312,510.20001220703125,514.6500244140625,501.18548583984375,4744826
2015-05-25,TMPV.NS,Tata Motors Pass Vehicles,Retail Hype / Turnaround,513.0,514.0,503.0,505.29998779296875,492.0800476074219,3080546
2015-05-26,TMPV.NS,Tata Motors Pass Vehicles,Retail Hype / Turnaround,505.0,506.0,493.54998779296875,497.6000061035156,484.58154296875,7389680
2015-05-27,TMPV.NS,Tata Motors Pass Vehicles,Retail Hype / Turnaround,473.6000061035156,474.95001220703125,463.54998779296875,471.75,459.4078063964844,15936377
2015-05-28,TMPV.NS,Tata Motors Pass Vehicles,Retail Hype / Turnaround,473.8500061035156,487.45001220703125,472.25,484.3500061035156,471.6781921386719,11792862
2015-05-29,TMPV.NS,Tata Motors Pass Vehicles,Retail Hype / Turnaround,485.20001220703125,490.25,479.3999938964844,481.6499938964844,469.0487976074219,7892019
2015-06-01,TMPV.NS,Tata Motors Pass Vehicles,Retail Hype / Turnaround,482.8999938964844,482.8999938964844,471.0,472.04998779296875,459.699951171875,4610219
2015-06-02,TMPV.NS,Tata Motors Pass Vehicles,Retail Hype / Turnaround,473.1000061035156,478.3999938964844,465.0,466.95001220703125,454.7334289550781,6237231
2015-06-03,TMPV.NS,Tata Motors Pass Vehicles,Retail Hype / Turnaround,467.0,468.75,434.70001220703125,456.8500061035156,444.8976745605469,9702740
2015-06-04,TMPV.NS,Tata Motors Pass Vehicles,Retail Hype / Turnaround,456.8500061035156,458.45001220703125,445.45001220703125,451.20001220703125,439.39544677734375,8001049
2015-06-05,TMPV.NS,Tata Motors Pass Vehicles,Retail Hype / Turnaround,445.6499938964844,449.54998779296875,439.5,442.1000061035156,430.5335388183594,11195670
2015-06-08,TMPV.NS,Tata Motors Pass Vehicles,Retail Hype / Turnaround,435.29998779296875,438.0,429.04998779296875,435.6000061035156,424.20361328125,7072020
2015-06-09,TMPV.NS,Tata Motors Pass Vehicles,Retail Hype / Turnaround,431.29998779296875,443.79998779296875,431.29998779296875,440.04998779296875,428.537109375,7741629
2015-06-10,TMPV.NS,Tata Motors Pass Vehicles,Retail Hype / Turnaround,439.8999938964844,449.3999938964844,436.0,446.6000061035156,434.91583251953125,9716102
2015-06-11,TMPV.NS,Tata Motors Pass Vehicles,Retail Hype / Turnaround,446.5,446.79998779296875,428.1000061035156,430.20001220703125,418.9448547363281,9668308
2015-06-12,TMPV.NS,Tata Motors Pass Vehicles,Retail Hype / Turnaround,426.54998779296875,429.5,417.25,421.79998779296875,410.7646179199219,10871836
2015-06-15,TMPV.NS,Tata Motors Pass Vehicles,Retail Hype / Turnaround,426.0,427.95001220703125,418.1000061035156,426.3500061035156,415.19561767578125,7287773
2015-06-16,TMPV.NS,Tata Motors Pass Vehicles,Retail Hype / Turnaround,427.04998779296875,435.79998779296875,421.25,432.79998779296875,421.4768371582031,6192559
2015-06-17,TMPV.NS,Tata Motors Pass Vehicles,Retail Hype / Turnaround,436.0,437.3999938964844,426.5,433.70001220703125,422.35333251953125,7034146
2015-06-18,TMPV.NS,Tata Motors Pass Vehicles,Retail Hype / Turnaround,434.8999938964844,447.5,431.3999938964844,445.45001220703125,433.7958984375,8198142
2015-06-19,TMPV.NS,Tata Motors Pass Vehicles,Retail Hype / Turnaround,444.79998779296875,444.79998779296875,431.6000061035156,433.04998779296875,421.7203369140625,6891821
2015-06-22,TMPV.NS,Tata Motors Pass Vehicles,Retail Hype / Turnaround,435.0,444.0,435.0,440.5,428.9754333496094,5281379
2015-06-23,TMPV.NS,Tata Motors Pass Vehicles,Retail Hype / Turnaround,441.0,447.3999938964844,435.0,436.0,424.5931396484375,5762483
2015-06-24,TMPV.NS,Tata Motors Pass Vehicles,Retail Hype / Turnaround,438.70001220703125,438.70001220703125,428.1000061035156,430.6000061035156,419.33441162109375,7081258
2015-06-25,TMPV.NS,Tata Motors Pass Vehicles,Retail Hype / Turnaround,433.0,436.1000061035156,429.5,432.3999938964844,421.0873107910156,7745469
2015-06-26,TMPV.NS,Tata Motors Pass Vehicles,Retail Hype / Turnaround,435.0,438.79998779296875,431.20001220703125,437.6000061035156,426.1512756347656,5009173
2015-06-29,TMPV.NS,Tata Motors Pass Vehicles,Retail Hype / Turnaround,428.79998779296875,432.5,418.1499938964844,428.25,417.0458984375,7143044
2015-06-30,TMPV.NS,Tata Motors Pass Vehicles,Retail Hype / Turnaround,428.0,436.25,422.70001220703125,434.1499938964844,422.79150390625,6387312
2015-07-01,TMPV.NS,Tata Motors Pass Vehicles,Retail Hype / Turnaround,436.75,447.3999938964844,431.3999938964844,444.5,432.8707580566406,6054910
2015-07-02,TMPV.NS,Tata Motors Pass Vehicles,Retail Hype / Turnaround,445.0,445.0,435.0,436.3999938964844,424.982666015625,4641851
2015-07-03,TMPV.NS,Tata Motors Pass Vehicles,Retail Hype / Turnaround,436.0,436.0,430.45001220703125,433.1499938964844,421.81768798828125,3709457
2015-07-06,TMPV.NS,Tata Motors Pass Vehicles,Retail Hype / Turnaround,428.0,433.5,420.70001220703125,431.1000061035156,419.82135009765625,4600687
2015-07-07,TMPV.NS,Tata Motors Pass Vehicles,Retail Hype / Turnaround,434.3500061035156,435.70001220703125,428.0,431.54998779296875,420.2595520019531,5667938
2015-07-08,TMPV.NS,Tata Motors Pass Vehicles,Retail Hype / Turnaround,424.0,424.0,400.0,404.95001220703125,394.3554992675781,15521757
2015-07-09,TMPV.NS,Tata Motors Pass Vehicles,Retail Hype / Turnaround,400.1499938964844,403.3500061035156,394.25,397.79998779296875,387.3924865722656,9351601
2015-07-10,TMPV.NS,Tata Motors Pass Vehicles,Retail Hype / Turnaround,400.25,405.79998779296875,398.04998779296875,401.8999938964844,391.38525390625,13661389
2015-07-13,TMPV.NS,Tata Motors Pass Vehicles,Retail Hype / Turnaround,406.70001220703125,406.70001220703125,397.04998779296875,402.1000061035156,391.580078125,8047912
2015-07-14,TMPV.NS,Tata Motors Pass Vehicles,Retail Hype / Turnaround,403.5,403.5,380.95001220703125,385.95001220703125,375.85260009765625,11333562
2015-07-15,TMPV.NS,Tata Motors Pass Vehicles,Retail Hype / Turnaround,387.0,395.0,382.6000061035156,394.29998779296875,383.9841613769531,15561638
2015-07-16,TMPV.NS,Tata Motors Pass Vehicles,Retail Hype / Turnaround,394.8999938964844,398.6499938964844,392.45001220703125,395.25,384.90924072265625,5199913
2015-07-17,TMPV.NS,Tata Motors Pass Vehicles,Retail Hype / Turnaround,395.95001220703125,403.25,390.3999938964844,398.04998779296875,387.63604736328125,6590110
2015-07-20,TMPV.NS,Tata Motors Pass Vehicles,Retail Hype / Turnaround,399.0,401.8999938964844,389.29998779296875,390.75,380.5270080566406,5777196
2015-07-21,TMPV.NS,Tata Motors Pass Vehicles,Retail Hype / Turnaround,391.79998779296875,393.29998779296875,386.1000061035156,389.1000061035156,378.920166015625,6461958
2015-07-22,TMPV.NS,Tata Motors Pass Vehicles,Retail Hype / Turnaround,388.0,392.79998779296875,385.95001220703125,389.54998779296875,379.3583679199219,5955109
2015-07-23,TMPV.NS,Tata Motors Pass Vehicles,Retail Hype / Turnaround,388.75,403.3999938964844,385.0,401.3500061035156,390.84967041015625,9510349
2015-07-24,TMPV.NS,Tata Motors Pass Vehicles,Retail Hype / Turnaround,397.54998779296875,399.3500061035156,389.0,390.25,380.0400390625,7059848
2015-07-27,TMPV.NS,Tata Motors Pass Vehicles,Retail Hype / Turnaround,384.25,385.25,373.0,377.45001220703125,367.5749816894531,8450904
2015-07-28,TMPV.NS,Tata Motors Pass Vehicles,Retail Hype / Turnaround,373.0,374.8999938964844,366.1000061035156,370.1000061035156,360.4172668457031,10975840
2015-07-29,TMPV.NS,Tata Motors Pass Vehicles,Retail Hype / Turnaround,373.8999938964844,379.95001220703125,372.70001220703125,376.45001220703125,366.6011047363281,9532212
2015-07-30,TMPV.NS,Tata Motors Pass Vehicles,Retail Hype / Turnaround,381.6499938964844,382.5,376.0,377.45001220703125,367.5749816894531,6562559
2015-07-31,TMPV.NS,Tata Motors Pass Vehicles,Retail Hype / Turnaround,380.79998779296875,390.5,380.04998779296875,383.8500061035156,373.8075256347656,6947628
2015-08-03,TMPV.NS,Tata Motors Pass Vehicles,Retail Hype / Turnaround,386.3500061035156,394.3999938964844,382.0,388.20001220703125,378.043701171875,6647982
2015-08-04,TMPV.NS,Tata Motors Pass Vehicles,Retail Hype / Turnaround,385.8999938964844,387.0,378.0,380.75,370.78863525390625,5621275
2015-08-05,TMPV.NS,Tata Motors Pass Vehicles,Retail Hype / Turnaround,378.75,388.5,375.1000061035156,376.3999938964844,366.5524597167969,8298929
2015-08-06,TMPV.NS,Tata Motors Pass Vehicles,Retail Hype / Turnaround,376.5,384.70001220703125,373.20001220703125,383.1000061035156,373.0771179199219,7976356
2015-08-07,TMPV.NS,Tata Motors Pass Vehicles,Retail Hype / Turnaround,382.3999938964844,396.0,382.3999938964844,393.3999938964844,383.1076354980469,10706804
2015-08-10,TMPV.NS,Tata Motors Pass Vehicles,Retail Hype / Turnaround,384.0,395.29998779296875,382.1000061035156,385.70001220703125,375.6091003417969,14494111
2015-08-11,TMPV.NS,Tata Motors Pass Vehicles,Retail Hype / Turnaround,387.1000061035156,388.0,367.54998779296875,369.1499938964844,359.4920654296875,9984809
2015-08-12,TMPV.NS,Tata Motors Pass Vehicles,Retail Hype / Turnaround,365.0,365.8500061035156,353.54998779296875,355.20001220703125,345.9070739746094,11107801
2015-08-13,TMPV.NS,Tata Motors Pass Vehicles,Retail Hype / Turnaround,356.8999938964844,360.95001220703125,348.0,349.3999938964844,340.2588195800781,11147702
2015-08-14,TMPV.NS,Tata Motors Pass Vehicles,Retail Hype / Turnaround,351.45001220703125,359.75,345.1000061035156,355.25,345.95574951171875,6400810
2015-08-17,TMPV.NS,Tata Motors Pass Vehicles,Retail Hype / Turnaround,354.3999938964844,362.29998779296875,345.25,356.1000061035156,346.78350830078125,5812093
2015-08-18,TMPV.NS,Tata Motors Pass Vehicles,Retail Hype / Turnaround,355.8500061035156,358.3500061035156,347.70001220703125,348.6000061035156,339.4797668457031,5623977
2015-08-19,TMPV.NS,Tata Motors Pass Vehicles,Retail Hype / Turnaround,348.70001220703125,354.8999938964844,344.0,351.25,342.0603942871094,6435894
2015-08-20,TMPV.NS,Tata Motors Pass Vehicles,Retail Hype / Turnaround,348.0,349.70001220703125,341.0,342.20001220703125,333.2471618652344,7789676
2015-08-21,TMPV.NS,Tata Motors Pass Vehicles,Retail Hype / Turnaround,339.3999938964844,339.3999938964844,327.75,332.3999938964844,323.70361328125,8793065
2015-08-24,TMPV.NS,Tata Motors Pass Vehicles,Retail Hype / Turnaround,317.0,317.0,301.6000061035156,308.25,300.1853942871094,14753473
2015-08-25,TMPV.NS,Tata Motors Pass Vehicles,Retail Hype / Turnaround,308.0,331.3500061035156,305.79998779296875,328.8500061035156,320.2464599609375,13398318
2015-08-26,TMPV.NS,Tata Motors Pass Vehicles,Retail Hype / Turnaround,322.0,341.3999938964844,318.25,335.1000061035156,326.3329162597656,13781660
2015-08-27,TMPV.NS,Tata Motors Pass Vehicles,Retail Hype / Turnaround,338.3999938964844,342.54998779296875,327.25,334.04998779296875,325.3103942871094,17224851
2015-08-28,TMPV.NS,Tata Motors Pass Vehicles,Retail Hype / Turnaround,342.0,342.0,335.25,340.04998779296875,331.1534118652344,7123909
2015-08-31,TMPV.NS,Tata Motors Pass Vehicles,Retail Hype / Turnaround,340.0,348.75,332.45001220703125,340.1499938964844,331.25079345703125,7244287
2015-09-01,TMPV.NS,Tata Motors Pass Vehicles,Retail Hype / Turnaround,334.95001220703125,339.3500061035156,325.1000061035156,329.8999938964844,321.26898193359375,8606005
2015-09-02,TMPV.NS,Tata Motors Pass Vehicles,Retail Hype / Turnaround,328.8500061035156,332.5,321.45001220703125,324.45001220703125,315.96160888671875,8097313
2015-09-03,TMPV.NS,Tata Motors Pass Vehicles,Retail Hype / Turnaround,326.20001220703125,339.79998779296875,326.20001220703125,333.54998779296875,324.8234558105469,8138855
2015-09-04,TMPV.NS,Tata Motors Pass Vehicles,Retail Hype / Turnaround,330.0,330.79998779296875,316.0,322.8999938964844,314.4521179199219,6592654
2015-09-07,TMPV.NS,Tata Motors Pass Vehicles,Retail Hype / Turnaround,327.79998779296875,333.0,320.0,322.8500061035156,314.4034423828125,5357928
2015-09-08,TMPV.NS,Tata Motors Pass Vehicles,Retail Hype / Turnaround,326.0,333.25,316.29998779296875,330.8999938964844,322.2427673339844,6729868
2015-09-09,TMPV.NS,Tata Motors Pass Vehicles,Retail Hype / Turnaround,335.3500061035156,350.70001220703125,333.6000061035156,344.8999938964844,335.8765563964844,8833492
2015-09-10,TMPV.NS,Tata Motors Pass Vehicles,Retail Hype / Turnaround,340.04998779296875,356.45001220703125,331.0,354.1000061035156,344.83587646484375,9872906
2015-09-11,TMPV.NS,Tata Motors Pass Vehicles,Retail Hype / Turnaround,354.8999938964844,358.8999938964844,342.25,344.6000061035156,335.5843811035156,8569963
2015-09-14,TMPV.NS,Tata Motors Pass Vehicles,Retail Hype / Turnaround,348.8999938964844,350.8999938964844,342.25,346.79998779296875,337.726806640625,5480940
2015-09-15,TMPV.NS,Tata Motors Pass Vehicles,Retail Hype / Turnaround,345.95001220703125,345.95001220703125,333.04998779296875,334.3500061035156,325.6025695800781,5802405
2015-09-16,TMPV.NS,Tata Motors Pass Vehicles,Retail Hype / Turnaround,337.70001220703125,340.3999938964844,332.5,338.04998779296875,329.2057800292969,5708786
2015-09-18,TMPV.NS,Tata Motors Pass Vehicles,Retail Hype / Turnaround,329.20001220703125,333.79998779296875,326.8500061035156,330.25,321.6098327636719,14893326
2015-09-21,TMPV.NS,Tata Motors Pass Vehicles,Retail Hype / Turnaround,326.8500061035156,334.8999938964844,325.6499938964844,331.70001220703125,323.0218811035156,5172386
2015-09-22,TMPV.NS,Tata Motors Pass Vehicles,Retail Hype / Turnaround,332.0,333.6000061035156,314.0,315.79998779296875,307.537841796875,7122834
2015-09-23,TMPV.NS,Tata Motors Pass Vehicles,Retail Hype / Turnaround,311.0,312.54998779296875,306.25,310.29998779296875,302.1817626953125,8954516
2015-09-24,TMPV.NS,Tata Motors Pass Vehicles,Retail Hype / Turnaround,309.70001220703125,312.0,301.6000061035156,303.3999938964844,295.4622802734375,13799813
2015-09-28,TMPV.NS,Tata Motors Pass Vehicles,Retail Hype / Turnaround,304.3999938964844,304.3999938964844,283.5,285.0,277.543701171875,13577316
2015-09-29,TMPV.NS,Tata Motors Pass Vehicles,Retail Hype / Turnaround,281.20001220703125,294.79998779296875,279.1000061035156,288.75,281.195556640625,12304403
2015-09-30,TMPV.NS,Tata Motors Pass Vehicles,Retail Hype / Turnaround,289.25,299.75,288.1000061035156,298.6000061035156,290.7878723144531,12926187
2015-10-01,TMPV.NS,Tata Motors Pass Vehicles,Retail Hype / Turnaround,301.45001220703125,301.5,291.5,297.75,289.9601135253906,7501080
2015-10-05,TMPV.NS,Tata Motors Pass Vehicles,Retail Hype / Turnaround,302.5,322.1000061035156,302.5,315.1499938964844,306.9048767089844,14527820
2015-10-06,TMPV.NS,Tata Motors Pass Vehicles,Retail Hype / Turnaround,320.54998779296875,334.70001220703125,319.54998779296875,333.70001220703125,324.9696044921875,18806867
2015-10-07,TMPV.NS,Tata Motors Pass Vehicles,Retail Hype / Turnaround,333.8999938964844,345.0,329.0,341.3500061035156,332.41943359375,17802539
2015-10-08,TMPV.NS,Tata Motors Pass Vehicles,Retail Hype / Turnaround,343.79998779296875,347.29998779296875,341.54998779296875,343.25,334.26971435546875,12085332
2015-10-09,TMPV.NS,Tata Motors Pass Vehicles,Retail Hype / Turnaround,346.20001220703125,359.20001220703125,341.1000061035156,356.45001220703125,347.1244201660156,11635790
2015-10-12,TMPV.NS,Tata Motors Pass Vehicles,Retail Hype / Turnaround,356.5,367.0,356.3999938964844,362.3500061035156,352.8700256347656,10509775
2015-10-13,TMPV.NS,Tata Motors Pass Vehicles,Retail Hype / Turnaround,360.0,365.25,355.04998779296875,361.1000061035156,351.6526794433594,9969583
2015-10-14,TMPV.NS,Tata Motors Pass Vehicles,Retail Hype / Turnaround,358.75,360.25,351.1000061035156,352.29998779296875,343.08294677734375,7009418
2015-10-15,TMPV.NS,Tata Motors Pass Vehicles,Retail Hype / Turnaround,355.29998779296875,383.75,355.29998779296875,381.29998779296875,371.3241882324219,19487376
2015-10-16,TMPV.NS,Tata Motors Pass Vehicles,Retail Hype / Turnaround,388.6000061035156,390.95001220703125,380.6499938964844,386.75,376.6316223144531,16497652
2015-10-19,TMPV.NS,Tata Motors Pass Vehicles,Retail Hype / Turnaround,384.0,384.0,376.25,378.70001220703125,368.7922668457031,7455714
2015-10-20,TMPV.NS,Tata Motors Pass Vehicles,Retail Hype / Turnaround,379.0,395.75,377.3999938964844,383.1499938964844,373.1258239746094,15426131
2015-10-21,TMPV.NS,Tata Motors Pass Vehicles,Retail Hype / Turnaround,379.95001220703125,386.3999938964844,378.54998779296875,381.45001220703125,371.4703063964844,8720671
2015-10-23,TMPV.NS,Tata Motors Pass Vehicles,Retail Hype / Turnaround,383.8999938964844,388.79998779296875,382.0,383.0,372.9797668457031,6744440
2015-10-26,TMPV.NS,Tata Motors Pass Vehicles,Retail Hype / Turnaround,386.45001220703125,389.8999938964844,383.25,384.6000061035156,374.5378723144531,5064657
2015-10-27,TMPV.NS,Tata Motors Pass Vehicles,Retail Hype / Turnaround,383.0,386.95001220703125,382.20001220703125,383.3500061035156,373.3205871582031,4423221
2015-10-28,TMPV.NS,Tata Motors Pass Vehicles,Retail Hype / Turnaround,382.79998779296875,390.75,382.20001220703125,386.29998779296875,376.1933898925781,8018683
2015-10-29,TMPV.NS,Tata Motors Pass Vehicles,Retail Hype / Turnaround,388.95001220703125,396.79998779296875,384.25,391.20001220703125,380.9652404785156,15381516
2015-10-30,TMPV.NS,Tata Motors Pass Vehicles,Retail Hype / Turnaround,389.75,390.79998779296875,383.5,384.95001220703125,374.8787536621094,6651831
2015-11-02,TMPV.NS,Tata Motors Pass Vehicles,Retail Hype / Turnaround,386.1000061035156,392.04998779296875,384.3999938964844,387.95001220703125,377.80023193359375,7511675
2015-11-03,TMPV.NS,Tata Motors Pass Vehicles,Retail Hype / Turnaround,391.25,391.25,380.79998779296875,382.04998779296875,372.0545959472656,5887746
2015-11-04,TMPV.NS,Tata Motors Pass Vehicles,Retail Hype / Turnaround,390.04998779296875,407.25,390.04998779296875,404.8500061035156,394.258056640625,13985828
2015-11-05,TMPV.NS,Tata Motors Pass Vehicles,Retail Hype / Turnaround,403.6000061035156,412.79998779296875,401.45001220703125,404.0,393.43035888671875,12912937
2015-11-06,TMPV.NS,Tata Motors Pass Vehicles,Retail Hype / Turnaround,399.8999938964844,404.3999938964844,392.5,396.1499938964844,385.78570556640625,11016134
2015-11-09,TMPV.NS,Tata Motors Pass Vehicles,Retail Hype / Turnaround,374.0,413.5,373.04998779296875,411.75,400.9775390625,22128119
2015-11-10,TMPV.NS,Tata Motors Pass Vehicles,Retail Hype / Turnaround,408.0,417.3999938964844,402.70001220703125,407.45001220703125,396.7900695800781,12654616
2015-11-13,TMPV.NS,Tata Motors Pass Vehicles,Retail Hype / Turnaround,411.3500061035156,417.5,401.79998779296875,403.95001220703125,393.38165283203125,11007237
2015-11-16,TMPV.NS,Tata Motors Pass Vehicles,Retail Hype / Turnaround,401.0,404.8500061035156,394.20001220703125,400.25,389.7784423828125,7673487
2015-11-17,TMPV.NS,Tata Motors Pass Vehicles,Retail Hype / Turnaround,403.0,410.70001220703125,398.54998779296875,407.5,396.83880615234375,6063987
2015-11-18,TMPV.NS,Tata Motors Pass Vehicles,Retail Hype / Turnaround,407.95001220703125,413.5,403.25,406.25,395.6214599609375,6960097
2015-11-19,TMPV.NS,Tata Motors Pass Vehicles,Retail Hype / Turnaround,409.8999938964844,409.8999938964844,403.5,406.95001220703125,396.30316162109375,5645524
2015-11-20,TMPV.NS,Tata Motors Pass Vehicles,Retail Hype / Turnaround,408.5,410.70001220703125,401.3500061035156,402.8500061035156,392.3104248046875,5420173
2015-11-23,TMPV.NS,Tata Motors Pass Vehicles,Retail Hype / Turnaround,400.3500061035156,404.3999938964844,396.5,402.1000061035156,391.580078125,4658448
2015-11-24,TMPV.NS,Tata Motors Pass Vehicles,Retail Hype / Turnaround,399.1000061035156,406.5,397.04998779296875,400.95001220703125,390.46014404296875,5624579
2015-11-26,TMPV.NS,Tata Motors Pass Vehicles,Retail Hype / Turnaround,404.75,426.45001220703125,404.0,424.3999938964844,413.2966613769531,15070353
2015-11-27,TMPV.NS,Tata Motors Pass Vehicles,Retail Hype / Turnaround,425.54998779296875,431.8999938964844,416.45001220703125,417.6499938964844,406.72320556640625,9720127
2015-11-30,TMPV.NS,Tata Motors Pass Vehicles,Retail Hype / Turnaround,419.8999938964844,429.6000061035156,418.0,423.5,412.420166015625,9901753
2015-12-01,TMPV.NS,Tata Motors Pass Vehicles,Retail Hype / Turnaround,427.0,427.0,416.1000061035156,417.3500061035156,406.43109130859375,6402692
2015-12-02,TMPV.NS,Tata Motors Pass Vehicles,Retail Hype / Turnaround,415.8999938964844,418.8999938964844,410.29998779296875,413.1499938964844,402.3409423828125,6543300
2015-12-03,TMPV.NS,Tata Motors Pass Vehicles,Retail Hype / Turnaround,408.70001220703125,411.8999938964844,404.25,405.6000061035156,394.988525390625,5999323
2015-12-04,TMPV.NS,Tata Motors Pass Vehicles,Retail Hype / Turnaround,402.5,411.5,398.70001220703125,399.95001220703125,389.486328125,8477407
2015-12-07,TMPV.NS,Tata Motors Pass Vehicles,Retail Hype / Turnaround,402.8999938964844,403.0,395.29998779296875,399.1499938964844,388.7072448730469,6156323
2015-12-08,TMPV.NS,Tata Motors Pass Vehicles,Retail Hype / Turnaround,396.95001220703125,406.95001220703125,396.1000061035156,402.3999938964844,391.8721923828125,7851653
2015-12-09,TMPV.NS,Tata Motors Pass Vehicles,Retail Hype / Turnaround,402.79998779296875,405.0,392.75,393.95001220703125,383.6432800292969,6103583
2015-12-10,TMPV.NS,Tata Motors Pass Vehicles,Retail Hype / Turnaround,401.20001220703125,401.20001220703125,385.25,389.6000061035156,379.4071044921875,10684178
2015-12-11,TMPV.NS,Tata Motors Pass Vehicles,Retail Hype / Turnaround,390.8999938964844,392.6499938964844,375.29998779296875,377.95001220703125,368.0618896484375,6537672
2015-12-14,TMPV.NS,Tata Motors Pass Vehicles,Retail Hype / Turnaround,369.75,373.5,360.5,371.6000061035156,361.87799072265625,12682481
2015-12-15,TMPV.NS,Tata Motors Pass Vehicles,Retail Hype / Turnaround,371.25,380.95001220703125,365.5,379.5,369.57135009765625,7717531
2015-12-16,TMPV.NS,Tata Motors Pass Vehicles,Retail Hype / Turnaround,375.8999938964844,385.0,372.8500061035156,380.45001220703125,370.4964599609375,11874858
2015-12-17,TMPV.NS,Tata Motors Pass Vehicles,Retail Hype / Turnaround,385.0,387.0,376.04998779296875,382.95001220703125,372.9310607910156,7604665
2015-12-18,TMPV.NS,Tata Motors Pass Vehicles,Retail Hype / Turnaround,381.8999938964844,384.79998779296875,376.79998779296875,378.25,368.3540344238281,6454322
2015-12-21,TMPV.NS,Tata Motors Pass Vehicles,Retail Hype / Turnaround,379.1000061035156,382.54998779296875,377.5,380.1499938964844,370.20428466796875,4015631
2015-12-22,TMPV.NS,Tata Motors Pass Vehicles,Retail Hype / Turnaround,380.8999938964844,382.79998779296875,377.20001220703125,378.1000061035156,368.20794677734375,3802024
2015-12-23,TMPV.NS,Tata Motors Pass Vehicles,Retail Hype / Turnaround,379.8999938964844,380.8500061035156,377.5,378.45001220703125,368.548828125,3953766
2015-12-24,TMPV.NS,Tata Motors Pass Vehicles,Retail Hype / Turnaround,380.8999938964844,384.75,377.6000061035156,382.3999938964844,372.39544677734375,4568751
2015-12-28,TMPV.NS,Tata Motors Pass Vehicles,Retail Hype / Turnaround,384.8999938964844,395.0,383.75,394.0,383.69195556640625,7166351
2015-12-29,TMPV.NS,Tata Motors Pass Vehicles,Retail Hype / Turnaround,392.8999938964844,397.5,388.75,391.8500061035156,381.5982360839844,7359611
2015-12-30,TMPV.NS,Tata Motors Pass Vehicles,Retail Hype / Turnaround,392.0,395.0,390.5,393.45001220703125,383.1563720703125,4866177
2015-12-31,TMPV.NS,Tata Motors Pass Vehicles,Retail Hype / Turnaround,394.0,395.75,389.1499938964844,391.29998779296875,381.06256103515625,6410622
2016-01-01,TMPV.NS,Tata Motors Pass Vehicles,Retail Hype / Turnaround,392.5,403.0,373.0,401.8999938964844,391.38525390625,4377363
2016-01-04,TMPV.NS,Tata Motors Pass Vehicles,Retail Hype / Turnaround,400.0,400.1000061035156,375.04998779296875,377.04998779296875,367.1854248046875,7822660
2016-01-05,TMPV.NS,Tata Motors Pass Vehicles,Retail Hype / Turnaround,381.04998779296875,382.45001220703125,372.1000061035156,374.45001220703125,364.6534729003906,6901068
2016-01-06,TMPV.NS,Tata Motors Pass Vehicles,Retail Hype / Turnaround,374.25,375.5,364.6000061035156,365.8999938964844,356.3271484375,7211230
2016-01-07,TMPV.NS,Tata Motors Pass Vehicles,Retail Hype / Turnaround,356.25,358.0,338.1000061035156,343.54998779296875,334.5618896484375,11782307
2016-01-08,TMPV.NS,Tata Motors Pass Vehicles,Retail Hype / Turnaround,345.6000061035156,355.8500061035156,345.6000061035156,353.3500061035156,344.10546875,8770370
2016-01-11,TMPV.NS,Tata Motors Pass Vehicles,Retail Hype / Turnaround,343.8999938964844,364.75,341.6499938964844,360.20001220703125,350.7762756347656,10576721
2016-01-12,TMPV.NS,Tata Motors Pass Vehicles,Retail Hype / Turnaround,362.70001220703125,363.95001220703125,351.6000061035156,355.0,345.7123107910156,8363062
2016-01-13,TMPV.NS,Tata Motors Pass Vehicles,Retail Hype / Turnaround,360.45001220703125,369.79998779296875,356.29998779296875,364.6000061035156,355.0611572265625,14191511
2016-01-14,TMPV.NS,Tata Motors Pass Vehicles,Retail Hype / Turnaround,356.1000061035156,359.3999938964844,346.79998779296875,354.29998779296875,345.0306091308594,10673343
2016-01-15,TMPV.NS,Tata Motors Pass Vehicles,Retail Hype / Turnaround,353.8999938964844,353.8999938964844,339.3500061035156,341.29998779296875,332.3706970214844,6557584
2016-01-18,TMPV.NS,Tata Motors Pass Vehicles,Retail Hype / Turnaround,341.0,343.29998779296875,334.3999938964844,340.20001220703125,331.2995300292969,6285144
2016-01-19,TMPV.NS,Tata Motors Pass Vehicles,Retail Hype / Turnaround,343.0,357.20001220703125,342.0,354.1499938964844,344.88458251953125,7304555
2016-01-20,TMPV.NS,Tata Motors Pass Vehicles,Retail Hype / Turnaround,349.6499938964844,349.6499938964844,338.79998779296875,342.25,333.2958984375,9156596
2016-01-21,TMPV.NS,Tata Motors Pass Vehicles,Retail Hype / Turnaround,340.6499938964844,344.1499938964844,323.0,328.54998779296875,319.95428466796875,16524035
2016-01-22,TMPV.NS,Tata Motors Pass Vehicles,Retail Hype / Turnaround,335.5,345.8999938964844,331.5,339.5,330.6178283691406,9595392
2016-01-25,TMPV.NS,Tata Motors Pass Vehicles,Retail Hype / Turnaround,345.5,345.5,331.1499938964844,332.6000061035156,323.8983459472656,6106931
2016-01-27,TMPV.NS,Tata Motors Pass Vehicles,Retail Hype / Turnaround,338.0,341.0,333.20001220703125,337.04998779296875,328.23187255859375,8333202
2016-01-28,TMPV.NS,Tata Motors Pass Vehicles,Retail Hype / Turnaround,336.29998779296875,341.3999938964844,332.29998779296875,334.20001220703125,325.4565124511719,13153617
2016-01-29,TMPV.NS,Tata Motors Pass Vehicles,Retail Hype / Turnaround,332.0,340.6000061035156,324.20001220703125,336.8999938964844,328.0858459472656,10350998
2016-02-01,TMPV.NS,Tata Motors Pass Vehicles,Retail Hype / Turnaround,338.75,342.3999938964844,332.25,338.5,329.64398193359375,6563774
2016-02-02,TMPV.NS,Tata Motors Pass Vehicles,Retail Hype / Turnaround,343.79998779296875,344.70001220703125,327.70001220703125,329.54998779296875,320.9281005859375,9179304
2016-02-03,TMPV.NS,Tata Motors Pass Vehicles,Retail Hype / Turnaround,325.54998779296875,325.95001220703125,317.04998779296875,320.29998779296875,311.92010498046875,6685445
2016-02-04,TMPV.NS,Tata Motors Pass Vehicles,Retail Hype / Turnaround,325.29998779296875,329.29998779296875,321.20001220703125,325.5,316.984130859375,6086981
2016-02-05,TMPV.NS,Tata Motors Pass Vehicles,Retail Hype / Turnaround,330.5,339.0,326.6499938964844,337.1000061035156,328.2806091308594,9236577
2016-02-08,TMPV.NS,Tata Motors Pass Vehicles,Retail Hype / Turnaround,334.95001220703125,334.95001220703125,321.3500061035156,323.5,315.0364074707031,6974342
2016-02-09,TMPV.NS,Tata Motors Pass Vehicles,Retail Hype / Turnaround,319.5,322.6499938964844,308.79998779296875,310.6499938964844,302.5226135253906,12489713
2016-02-10,TMPV.NS,Tata Motors Pass Vehicles,Retail Hype / Turnaround,309.8500061035156,309.95001220703125,288.25,291.54998779296875,283.92230224609375,21756193
2016-02-11,TMPV.NS,Tata Motors Pass Vehicles,Retail Hype / Turnaround,298.5,300.0,265.79998779296875,276.3500061035156,269.1200256347656,21632886
2016-02-12,TMPV.NS,Tata Motors Pass Vehicles,Retail Hype / Turnaround,281.0,303.95001220703125,271.6000061035156,298.3500061035156,290.54443359375,21542152
2016-02-15,TMPV.NS,Tata Motors Pass Vehicles,Retail Hype / Turnaround,297.8999938964844,320.75,297.70001220703125,317.25,308.9499206542969,18888699
2016-02-16,TMPV.NS,Tata Motors Pass Vehicles,Retail Hype / Turnaround,319.3999938964844,324.20001220703125,298.8999938964844,301.1499938964844,293.2711486816406,13598374
2016-02-17,TMPV.NS,Tata Motors Pass Vehicles,Retail Hype / Turnaround,302.95001220703125,313.5,298.6499938964844,310.1499938964844,302.03570556640625,13717526
2016-02-18,TMPV.NS,Tata Motors Pass Vehicles,Retail Hype / Turnaround,315.1499938964844,319.1000061035156,306.20001220703125,314.0,305.7850036621094,12498247
2016-02-19,TMPV.NS,Tata Motors Pass Vehicles,Retail Hype / Turnaround,312.1000061035156,320.0,311.1000061035156,318.20001220703125,309.8751220703125,7706462
2016-02-22,TMPV.NS,Tata Motors Pass Vehicles,Retail Hype / Turnaround,320.0,324.20001220703125,313.6000061035156,318.8500061035156,310.5080871582031,8699779
2016-02-23,TMPV.NS,Tata Motors Pass Vehicles,Retail Hype / Turnaround,324.0,324.75,314.45001220703125,318.54998779296875,310.21588134765625,11635881
2016-02-24,TMPV.NS,Tata Motors Pass Vehicles,Retail Hype / Turnaround,316.0,316.0,304.75,306.29998779296875,298.28643798828125,7629905
2016-02-25,TMPV.NS,Tata Motors Pass Vehicles,Retail Hype / Turnaround,309.79998779296875,312.20001220703125,296.20001220703125,298.20001220703125,290.3983459472656,12959812
2016-02-26,TMPV.NS,Tata Motors Pass Vehicles,Retail Hype / Turnaround,303.20001220703125,305.20001220703125,297.6000061035156,301.79998779296875,293.90411376953125,9181680
2016-02-29,TMPV.NS,Tata Motors Pass Vehicles,Retail Hype / Turnaround,303.20001220703125,305.75,290.25,299.70001220703125,291.8591003417969,12607181
2016-03-01,TMPV.NS,Tata Motors Pass Vehicles,Retail Hype / Turnaround,301.1000061035156,317.0,301.1000061035156,315.3500061035156,307.0996398925781,11440045
2016-03-02,TMPV.NS,Tata Motors Pass Vehicles,Retail Hype / Turnaround,322.8999938964844,326.0,314.3500061035156,317.1000061035156,308.8038635253906,12418149
2016-03-03,TMPV.NS,Tata Motors Pass Vehicles,Retail Hype / Turnaround,324.5,339.79998779296875,321.5,336.70001220703125,327.8910827636719,12844057
2016-03-04,TMPV.NS,Tata Motors Pass Vehicles,Retail Hype / Turnaround,340.1499938964844,348.75,338.6499938964844,343.5,334.51318359375,8197520
2016-03-08,TMPV.NS,Tata Motors Pass Vehicles,Retail Hype / Turnaround,346.5,353.75,341.5,346.04998779296875,336.9964599609375,7888999
2016-03-09,TMPV.NS,Tata Motors Pass Vehicles,Retail Hype / Turnaround,339.8999938964844,349.0,336.0,347.70001220703125,338.6033020019531,6383925
2016-03-10,TMPV.NS,Tata Motors Pass Vehicles,Retail Hype / Turnaround,347.0,353.6000061035156,341.3999938964844,348.5,339.38238525390625,7443048
2016-03-11,TMPV.NS,Tata Motors Pass Vehicles,Retail Hype / Turnaround,348.5,355.8999938964844,345.1499938964844,354.25,344.98193359375,7641330
2016-03-14,TMPV.NS,Tata Motors Pass Vehicles,Retail Hype / Turnaround,359.8999938964844,370.54998779296875,358.95001220703125,366.45001220703125,356.8627624511719,13066837
2016-03-15,TMPV.NS,Tata Motors Pass Vehicles,Retail Hype / Turnaround,366.8999938964844,370.70001220703125,359.54998779296875,360.3999938964844,350.9709777832031,9800731
2016-03-16,TMPV.NS,Tata Motors Pass Vehicles,Retail Hype / Turnaround,359.95001220703125,362.75,353.29998779296875,359.54998779296875,350.14324951171875,7554537
2016-03-17,TMPV.NS,Tata Motors Pass Vehicles,Retail Hype / Turnaround,366.8999938964844,367.3999938964844,358.6000061035156,360.8999938964844,351.45794677734375,6914296
2016-03-18,TMPV.NS,Tata Motors Pass Vehicles,Retail Hype / Turnaround,362.5,367.79998779296875,362.5,366.04998779296875,356.4731750488281,6594019
2016-03-21,TMPV.NS,Tata Motors Pass Vehicles,Retail Hype / Turnaround,367.25,375.5,365.75,374.70001220703125,364.89691162109375,9325793
2016-03-22,TMPV.NS,Tata Motors Pass Vehicles,Retail Hype / Turnaround,376.95001220703125,381.5,370.3999938964844,377.20001220703125,367.3315124511719,8909026
2016-03-23,TMPV.NS,Tata Motors Pass Vehicles,Retail Hype / Turnaround,378.0,379.45001220703125,374.04998779296875,377.0,367.1367492675781,5766182
2016-03-28,TMPV.NS,Tata Motors Pass Vehicles,Retail Hype / Turnaround,375.5,375.5,361.5,363.29998779296875,353.7951354980469,8062793
2016-03-29,TMPV.NS,Tata Motors Pass Vehicles,Retail Hype / Turnaround,364.0,378.95001220703125,363.04998779296875,372.45001220703125,362.705810546875,9364810
2016-03-30,TMPV.NS,Tata Motors Pass Vehicles,Retail Hype / Turnaround,380.5,391.5,376.79998779296875,388.6000061035156,378.4332275390625,10295891
2016-03-31,TMPV.NS,Tata Motors Pass Vehicles,Retail Hype / Turnaround,387.8999938964844,393.6000061035156,380.5,386.6000061035156,376.4855651855469,10738707
2016-04-01,TMPV.NS,Tata Motors Pass Vehicles,Retail Hype / Turnaround,386.3999938964844,386.3999938964844,377.70001220703125,379.6499938964844,369.7174072265625,5683771
2016-04-04,TMPV.NS,Tata Motors Pass Vehicles,Retail Hype / Turnaround,385.95001220703125,391.0,382.3999938964844,388.3999938964844,378.2384338378906,6011729
2016-04-05,TMPV.NS,Tata Motors Pass Vehicles,Retail Hype / Turnaround,386.0,386.0,369.0,370.5,360.8067932128906,6058241
2016-04-06,TMPV.NS,Tata Motors Pass Vehicles,Retail Hype / Turnaround,373.70001220703125,382.3999938964844,372.04998779296875,376.70001220703125,366.8445739746094,7323269
2016-04-07,TMPV.NS,Tata Motors Pass Vehicles,Retail Hype / Turnaround,375.95001220703125,384.79998779296875,370.29998779296875,375.20001220703125,365.3837890625,8724110
2016-04-08,TMPV.NS,Tata Motors Pass Vehicles,Retail Hype / Turnaround,375.5,380.04998779296875,370.5,371.45001220703125,361.73193359375,4860484
2016-04-11,TMPV.NS,Tata Motors Pass Vehicles,Retail Hype / Turnaround,373.95001220703125,387.79998779296875,373.8999938964844,386.6499938964844,376.53424072265625,6827449
2016-04-12,TMPV.NS,Tata Motors Pass Vehicles,Retail Hype / Turnaround,387.95001220703125,397.3999938964844,387.1499938964844,395.79998779296875,385.4448547363281,7702684
2016-04-13,TMPV.NS,Tata Motors Pass Vehicles,Retail Hype / Turnaround,400.0,411.75,398.1499938964844,408.75,398.0560607910156,12373115
2016-04-18,TMPV.NS,Tata Motors Pass Vehicles,Retail Hype / Turnaround,407.6499938964844,409.8999938964844,402.5,407.3500061035156,396.69268798828125,5571076
2016-04-20,TMPV.NS,Tata Motors Pass Vehicles,Retail Hype / Turnaround,407.0,410.3500061035156,400.6499938964844,404.1000061035156,393.5277099609375,7589901
2016-04-21,TMPV.NS,Tata Motors Pass Vehicles,Retail Hype / Turnaround,408.70001220703125,417.20001220703125,406.0,411.5,400.734130859375,9211869
2016-04-22,TMPV.NS,Tata Motors Pass Vehicles,Retail Hype / Turnaround,412.1000061035156,420.5,408.0,417.0,406.0902099609375,5995998
2016-04-25,TMPV.NS,Tata Motors Pass Vehicles,Retail Hype / Turnaround,417.6000061035156,417.6000061035156,410.0,412.20001220703125,401.41583251953125,3272996
2016-04-26,TMPV.NS,Tata Motors Pass Vehicles,Retail Hype / Turnaround,408.6499938964844,423.6499938964844,405.04998779296875,419.04998779296875,408.0865783691406,6998505
2016-04-27,TMPV.NS,Tata Motors Pass Vehicles,Retail Hype / Turnaround,418.95001220703125,425.25,414.6499938964844,418.54998779296875,407.59967041015625,6227941
2016-04-28,TMPV.NS,Tata Motors Pass Vehicles,Retail Hype / Turnaround,418.79998779296875,420.95001220703125,409.70001220703125,411.3500061035156,400.58807373046875,7546101
2016-04-29,TMPV.NS,Tata Motors Pass Vehicles,Retail Hype / Turnaround,410.0,413.70001220703125,403.04998779296875,408.3500061035156,397.6665344238281,6251095
2016-05-02,TMPV.NS,Tata Motors Pass Vehicles,Retail Hype / Turnaround,407.95001220703125,410.45001220703125,402.5,407.70001220703125,397.0335693359375,4178821
2016-05-03,TMPV.NS,Tata Motors Pass Vehicles,Retail Hype / Turnaround,410.8999938964844,422.0,407.79998779296875,409.6499938964844,398.9325256347656,9620804
2016-05-04,TMPV.NS,Tata Motors Pass Vehicles,Retail Hype / Turnaround,405.5,405.5,380.1000061035156,381.79998779296875,371.8111572265625,12069134
2016-05-05,TMPV.NS,Tata Motors Pass Vehicles,Retail Hype / Turnaround,384.0,396.04998779296875,383.1499938964844,391.1499938964844,380.9165344238281,9601341
2016-05-06,TMPV.NS,Tata Motors Pass Vehicles,Retail Hype / Turnaround,388.6000061035156,400.8999938964844,384.5,398.70001220703125,388.2690124511719,9953672
2016-05-09,TMPV.NS,Tata Motors Pass Vehicles,Retail Hype / Turnaround,400.3500061035156,405.20001220703125,395.1499938964844,403.3500061035156,392.7973327636719,8700283
2016-05-10,TMPV.NS,Tata Motors Pass Vehicles,Retail Hype / Turnaround,400.79998779296875,400.79998779296875,387.1499938964844,388.95001220703125,378.77410888671875,9166453
2016-05-11,TMPV.NS,Tata Motors Pass Vehicles,Retail Hype / Turnaround,384.79998779296875,391.95001220703125,376.1000061035156,379.8500061035156,369.91217041015625,11595875
2016-05-12,TMPV.NS,Tata Motors Pass Vehicles,Retail Hype / Turnaround,379.0,388.6000061035156,379.0,387.04998779296875,376.9237976074219,6506343
2016-05-13,TMPV.NS,Tata Motors Pass Vehicles,Retail Hype / Turnaround,391.25,394.0,385.5,389.95001220703125,379.7479553222656,14027896
2016-05-16,TMPV.NS,Tata Motors Pass Vehicles,Retail Hype / Turnaround,393.79998779296875,396.70001220703125,389.0,392.70001220703125,382.4259948730469,8248193
2016-05-17,TMPV.NS,Tata Motors Pass Vehicles,Retail Hype / Turnaround,392.6000061035156,395.0,386.6000061035156,389.70001220703125,379.5044860839844,9425555
2016-05-18,TMPV.NS,Tata Motors Pass Vehicles,Retail Hype / Turnaround,383.5,387.3500061035156,381.6000061035156,384.8500061035156,374.7813415527344,8589315
2016-05-19,TMPV.NS,Tata Motors Pass Vehicles,Retail Hype / Turnaround,386.25,393.29998779296875,381.95001220703125,386.8999938964844,376.7777099609375,10988676
2016-05-20,TMPV.NS,Tata Motors Pass Vehicles,Retail Hype / Turnaround,386.70001220703125,392.70001220703125,383.5,384.45001220703125,374.3918151855469,6537509
2016-05-23,TMPV.NS,Tata Motors Pass Vehicles,Retail Hype / Turnaround,388.54998779296875,389.95001220703125,380.1000061035156,381.75,371.7624816894531,8153090
2016-05-24,TMPV.NS,Tata Motors Pass Vehicles,Retail Hype / Turnaround,383.79998779296875,391.75,382.6499938964844,389.1000061035156,378.920166015625,10568106
2016-05-25,TMPV.NS,Tata Motors Pass Vehicles,Retail Hype / Turnaround,394.0,399.95001220703125,394.0,397.0,386.61346435546875,8897382
2016-05-26,TMPV.NS,Tata Motors Pass Vehicles,Retail Hype / Turnaround,400.5,402.0,396.75,399.25,388.8045959472656,8469732
2016-05-27,TMPV.NS,Tata Motors Pass Vehicles,Retail Hype / Turnaround,400.0,405.0,396.0,403.8999938964844,393.33294677734375,9035525
2016-05-30,TMPV.NS,Tata Motors Pass Vehicles,Retail Hype / Turnaround,404.79998779296875,423.6000061035156,401.29998779296875,421.25,410.22900390625,15767133
2016-05-31,TMPV.NS,Tata Motors Pass Vehicles,Retail Hype / Turnaround,456.0,464.8999938964844,445.0,459.6499938964844,447.6243896484375,110744326
2016-06-01,TMPV.NS,Tata Motors Pass Vehicles,Retail Hype / Turnaround,455.75,458.29998779296875,445.0,449.20001220703125,437.44781494140625,10389215
2016-06-02,TMPV.NS,Tata Motors Pass Vehicles,Retail Hype / Turnaround,444.1000061035156,460.5,444.1000061035156,453.45001220703125,441.58660888671875,13674434
2016-06-03,TMPV.NS,Tata Motors Pass Vehicles,Retail Hype / Turnaround,458.04998779296875,461.79998779296875,452.5,453.95001220703125,442.07354736328125,11672544
2016-06-06,TMPV.NS,Tata Motors Pass Vehicles,Retail Hype / Turnaround,457.79998779296875,465.0,450.20001220703125,460.5,448.4521484375,9356808
2016-06-07,TMPV.NS,Tata Motors Pass Vehicles,Retail Hype / Turnaround,466.45001220703125,466.45001220703125,459.0,463.04998779296875,450.9353942871094,12568902
2016-06-08,TMPV.NS,Tata Motors Pass Vehicles,Retail Hype / Turnaround,465.5,468.79998779296875,463.20001220703125,466.1499938964844,453.9543151855469,10467158
2016-06-09,TMPV.NS,Tata Motors Pass Vehicles,Retail Hype / Turnaround,469.45001220703125,470.25,465.0,467.1499938964844,454.92816162109375,8525017
2016-06-10,TMPV.NS,Tata Motors Pass Vehicles,Retail Hype / Turnaround,466.75,466.75,454.5,456.95001220703125,444.99505615234375,7039858
2016-06-13,TMPV.NS,Tata Motors Pass Vehicles,Retail Hype / Turnaround,451.0,451.3999938964844,436.70001220703125,444.25,432.6272888183594,9507282
2016-06-14,TMPV.NS,Tata Motors Pass Vehicles,Retail Hype / Turnaround,446.8999938964844,453.8500061035156,441.1499938964844,448.3999938964844,436.668701171875,9615226
2016-06-15,TMPV.NS,Tata Motors Pass Vehicles,Retail Hype / Turnaround,449.8999938964844,453.0,447.25,452.1000061035156,440.2719421386719,5704865
2016-06-16,TMPV.NS,Tata Motors Pass Vehicles,Retail Hype / Turnaround,449.70001220703125,455.5,446.04998779296875,454.3500061035156,442.4630432128906,7255454
2016-06-17,TMPV.NS,Tata Motors Pass Vehicles,Retail Hype / Turnaround,461.0,465.75,457.29998779296875,464.3999938964844,452.2501220703125,7836702
2016-06-20,TMPV.NS,Tata Motors Pass Vehicles,Retail Hype / Turnaround,464.75,484.20001220703125,460.25,482.04998779296875,469.4383239746094,9261350
2016-06-21,TMPV.NS,Tata Motors Pass Vehicles,Retail Hype / Turnaround,484.0,486.20001220703125,477.6000061035156,484.8999938964844,472.21380615234375,8907801
2016-06-22,TMPV.NS,Tata Motors Pass Vehicles,Retail Hype / Turnaround,483.04998779296875,484.79998779296875,468.04998779296875,472.70001220703125,460.3329772949219,7660165
2016-06-23,TMPV.NS,Tata Motors Pass Vehicles,Retail Hype / Turnaround,476.1000061035156,489.8999938964844,476.1000061035156,487.95001220703125,475.1839904785156,9628216
2016-06-24,TMPV.NS,Tata Motors Pass Vehicles,Retail Hype / Turnaround,439.20001220703125,453.75,421.25,449.3999938964844,437.6425476074219,40998600
2016-06-27,TMPV.NS,Tata Motors Pass Vehicles,Retail Hype / Turnaround,451.79998779296875,457.25,443.6000061035156,448.95001220703125,437.204345703125,12450283
2016-06-28,TMPV.NS,Tata Motors Pass Vehicles,Retail Hype / Turnaround,448.0,448.0,433.0,440.3999938964844,428.8780212402344,10190394
2016-06-29,TMPV.NS,Tata Motors Pass Vehicles,Retail Hype / Turnaround,447.1000061035156,449.79998779296875,445.3999938964844,447.25,435.5487976074219,6285461
2016-06-30,TMPV.NS,Tata Motors Pass Vehicles,Retail Hype / Turnaround,454.29998779296875,462.25,451.54998779296875,459.25,447.2348327636719,13214064
2016-07-01,TMPV.NS,Tata Motors Pass Vehicles,Retail Hype / Turnaround,463.6000061035156,464.75,454.70001220703125,457.8999938964844,445.9201965332031,7027759
2016-07-04,TMPV.NS,Tata Motors Pass Vehicles,Retail Hype / Turnaround,467.0,474.8500061035156,467.0,469.5,457.2166748046875,8413087
2016-07-05,TMPV.NS,Tata Motors Pass Vehicles,Retail Hype / Turnaround,468.5,469.0,459.5,460.8999938964844,448.8416748046875,4934087
2016-07-07,TMPV.NS,Tata Motors Pass Vehicles,Retail Hype / Turnaround,460.95001220703125,465.45001220703125,454.1000061035156,455.1499938964844,443.24212646484375,6580663
2016-07-08,TMPV.NS,Tata Motors Pass Vehicles,Retail Hype / Turnaround,464.29998779296875,468.20001220703125,462.6499938964844,466.29998779296875,454.10040283203125,9263727
2016-07-11,TMPV.NS,Tata Motors Pass Vehicles,Retail Hype / Turnaround,472.1000061035156,486.79998779296875,472.1000061035156,484.6000061035156,471.921630859375,10477166
2016-07-12,TMPV.NS,Tata Motors Pass Vehicles,Retail Hype / Turnaround,486.0,488.6499938964844,481.1000061035156,484.29998779296875,471.62945556640625,6767972
2016-07-13,TMPV.NS,Tata Motors Pass Vehicles,Retail Hype / Turnaround,485.95001220703125,488.1000061035156,477.95001220703125,481.1000061035156,468.5132141113281,5855718
2016-07-14,TMPV.NS,Tata Motors Pass Vehicles,Retail Hype / Turnaround,480.1000061035156,489.29998779296875,478.95001220703125,486.1000061035156,473.38238525390625,5983007
2016-07-15,TMPV.NS,Tata Motors Pass Vehicles,Retail Hype / Turnaround,480.0,501.70001220703125,479.6499938964844,494.0,481.0757141113281,8889558
2016-07-18,TMPV.NS,Tata Motors Pass Vehicles,Retail Hype / Turnaround,495.0,505.0,490.0,492.6499938964844,479.955322265625,7463954
2016-07-19,TMPV.NS,Tata Motors Pass Vehicles,Retail Hype / Turnaround,493.8999938964844,503.5,493.45001220703125,499.25,486.3852844238281,7665519
2016-07-20,TMPV.NS,Tata Motors Pass Vehicles,Retail Hype / Turnaround,496.29998779296875,502.45001220703125,492.45001220703125,493.8999938964844,481.1731262207031,5697901
2016-07-21,TMPV.NS,Tata Motors Pass Vehicles,Retail Hype / Turnaround,498.45001220703125,500.0,489.70001220703125,491.04998779296875,478.39654541015625,3658371
2016-07-22,TMPV.NS,Tata Motors Pass Vehicles,Retail Hype / Turnaround,494.45001220703125,508.45001220703125,493.5,507.20001220703125,494.13043212890625,5588143
2016-07-25,TMPV.NS,Tata Motors Pass Vehicles,Retail Hype / Turnaround,505.5,510.95001220703125,503.3500061035156,509.0,495.8840026855469,4638151
2016-07-26,TMPV.NS,Tata Motors Pass Vehicles,Retail Hype / Turnaround,506.04998779296875,513.3499755859375,502.1000061035156,503.25,490.2821960449219,6187499
2016-07-27,TMPV.NS,Tata Motors Pass Vehicles,Retail Hype / Turnaround,507.75,513.0499877929688,505.5,510.1000061035156,496.9556579589844,5193425
2016-07-28,TMPV.NS,Tata Motors Pass Vehicles,Retail Hype / Turnaround,510.0,511.8999938964844,498.75,506.8500061035156,493.7893981933594,6338260
2016-07-29,TMPV.NS,Tata Motors Pass Vehicles,Retail Hype / Turnaround,507.79998779296875,510.5,501.1000061035156,503.20001220703125,490.2334899902344,3746332
2016-08-01,TMPV.NS,Tata Motors Pass Vehicles,Retail Hype / Turnaround,506.79998779296875,514.9000244140625,505.5,508.25,495.1533508300781,4748497
2016-08-02,TMPV.NS,Tata Motors Pass Vehicles,Retail Hype / Turnaround,510.0,511.20001220703125,491.1499938964844,493.29998779296875,480.58856201171875,5251838
2016-08-03,TMPV.NS,Tata Motors Pass Vehicles,Retail Hype / Turnaround,494.5,499.5,475.5,478.3999938964844,466.072509765625,7925049
2016-08-04,TMPV.NS,Tata Motors Pass Vehicles,Retail Hype / Turnaround,490.1000061035156,501.45001220703125,488.6000061035156,500.0,487.11590576171875,9476008
2016-08-05,TMPV.NS,Tata Motors Pass Vehicles,Retail Hype / Turnaround,507.20001220703125,518.7000122070312,502.1499938964844,516.4000244140625,503.0933532714844,6393514
2016-08-08,TMPV.NS,Tata Motors Pass Vehicles,Retail Hype / Turnaround,518.2000122070312,522.5999755859375,513.4000244140625,514.7999877929688,501.5345153808594,4649302
2016-08-09,TMPV.NS,Tata Motors Pass Vehicles,Retail Hype / Turnaround,521.0,522.0,509.20001220703125,513.7999877929688,500.5603332519531,6015760
2016-08-10,TMPV.NS,Tata Motors Pass Vehicles,Retail Hype / Turnaround,515.5999755859375,516.5,502.29998779296875,503.45001220703125,490.47705078125,6371139
2016-08-11,TMPV.NS,Tata Motors Pass Vehicles,Retail Hype / Turnaround,503.75,505.0,495.1000061035156,503.25,490.2821960449219,4112806
2016-08-12,TMPV.NS,Tata Motors Pass Vehicles,Retail Hype / Turnaround,506.8999938964844,519.5,506.1499938964844,516.7999877929688,503.4830322265625,7167435
2016-08-16,TMPV.NS,Tata Motors Pass Vehicles,Retail Hype / Turnaround,512.9500122070312,515.0,503.29998779296875,507.6000061035156,494.5201110839844,6034295
2016-08-17,TMPV.NS,Tata Motors Pass Vehicles,Retail Hype / Turnaround,511.1000061035156,514.25,505.8500061035156,510.3999938964844,497.2479553222656,5853980
2016-08-18,TMPV.NS,Tata Motors Pass Vehicles,Retail Hype / Turnaround,512.4000244140625,517.9000244140625,510.75,512.0499877929688,498.8554382324219,4990558
2016-08-19,TMPV.NS,Tata Motors Pass Vehicles,Retail Hype / Turnaround,514.0,515.0,508.20001220703125,510.0,496.8582458496094,4567273
2016-08-22,TMPV.NS,Tata Motors Pass Vehicles,Retail Hype / Turnaround,509.1000061035156,513.5999755859375,503.1000061035156,503.95001220703125,490.96417236328125,4330313
2016-08-23,TMPV.NS,Tata Motors Pass Vehicles,Retail Hype / Turnaround,505.25,508.6000061035156,500.45001220703125,504.0,491.01287841796875,5342115
2016-08-24,TMPV.NS,Tata Motors Pass Vehicles,Retail Hype / Turnaround,504.70001220703125,506.04998779296875,493.6000061035156,498.3500061035156,485.5084533691406,5189459
2016-08-25,TMPV.NS,Tata Motors Pass Vehicles,Retail Hype / Turnaround,498.3500061035156,503.29998779296875,491.29998779296875,493.8500061035156,481.1244201660156,8787262
2016-08-26,TMPV.NS,Tata Motors Pass Vehicles,Retail Hype / Turnaround,502.0,515.3499755859375,486.0,503.75,490.7693176269531,16347856
2016-08-29,TMPV.NS,Tata Motors Pass Vehicles,Retail Hype / Turnaround,522.5,528.75,515.4000244140625,525.2999877929688,511.7640075683594,12534399
2016-08-30,TMPV.NS,Tata Motors Pass Vehicles,Retail Hype / Turnaround,528.5,530.7999877929688,524.0999755859375,529.0,515.36865234375,6611147
2016-08-31,TMPV.NS,Tata Motors Pass Vehicles,Retail Hype / Turnaround,529.0,548.7999877929688,529.0,537.7000122070312,523.844482421875,15725942
2016-09-01,TMPV.NS,Tata Motors Pass Vehicles,Retail Hype / Turnaround,540.5,546.6500244140625,540.0,543.6500244140625,529.6411743164062,7571854
2016-09-02,TMPV.NS,Tata Motors Pass Vehicles,Retail Hype / Turnaround,552.0,555.9000244140625,549.0999755859375,549.8499755859375,535.681396484375,10097146
2016-09-06,TMPV.NS,Tata Motors Pass Vehicles,Retail Hype / Turnaround,556.3499755859375,593.2999877929688,556.3499755859375,588.7000122070312,573.5302734375,15813178
2016-09-07,TMPV.NS,Tata Motors Pass Vehicles,Retail Hype / Turnaround,590.0,598.4000244140625,584.0,587.4000244140625,572.2637939453125,13408927
2016-09-08,TMPV.NS,Tata Motors Pass Vehicles,Retail Hype / Turnaround,590.75,591.7000122070312,577.75,584.2000122070312,569.146240234375,10456258
2016-09-09,TMPV.NS,Tata Motors Pass Vehicles,Retail Hype / Turnaround,580.0,582.9500122070312,571.7000122070312,573.25,558.4784545898438,7159068
2016-09-12,TMPV.NS,Tata Motors Pass Vehicles,Retail Hype / Turnaround,551.0,560.0,549.25,553.4500122070312,539.1885986328125,7055294
2016-09-14,TMPV.NS,Tata Motors Pass Vehicles,Retail Hype / Turnaround,556.25,565.3499755859375,544.0999755859375,560.5,546.0569458007812,12364724
2016-09-15,TMPV.NS,Tata Motors Pass Vehicles,Retail Hype / Turnaround,562.0,566.25,555.4000244140625,557.5499877929688,543.1829833984375,5258859
2016-09-16,TMPV.NS,Tata Motors Pass Vehicles,Retail Hype / Turnaround,562.4000244140625,568.2000122070312,546.3499755859375,548.7000122070312,534.56103515625,10931845
2016-09-19,TMPV.NS,Tata Motors Pass Vehicles,Retail Hype / Turnaround,553.7999877929688,556.4000244140625,549.4500122070312,554.4500122070312,540.162841796875,6979269
2016-09-20,TMPV.NS,Tata Motors Pass Vehicles,Retail Hype / Turnaround,555.0,556.2999877929688,545.5,548.4500122070312,534.3175048828125,6874462
2016-09-21,TMPV.NS,Tata Motors Pass Vehicles,Retail Hype / Turnaround,548.5999755859375,556.4000244140625,544.0,549.9000244140625,535.7301635742188,5919149
2016-09-22,TMPV.NS,Tata Motors Pass Vehicles,Retail Hype / Turnaround,561.2000122070312,562.9500122070312,551.3499755859375,558.4500122070312,544.059814453125,6012388
2016-09-23,TMPV.NS,Tata Motors Pass Vehicles,Retail Hype / Turnaround,558.5,558.5,551.2000122070312,553.0499877929688,538.7989501953125,4840360
2016-09-26,TMPV.NS,Tata Motors Pass Vehicles,Retail Hype / Turnaround,549.9500122070312,549.9500122070312,533.75,535.2999877929688,521.50634765625,6858574
2016-09-27,TMPV.NS,Tata Motors Pass Vehicles,Retail Hype / Turnaround,537.7000122070312,542.0,530.25,531.9500122070312,518.2426147460938,4912743
2016-09-28,TMPV.NS,Tata Motors Pass Vehicles,Retail Hype / Turnaround,533.0,545.4000244140625,531.5,540.0,526.085205078125,6604953
2016-09-29,TMPV.NS,Tata Motors Pass Vehicles,Retail Hype / Turnaround,543.0,546.9000244140625,516.6500244140625,526.2999877929688,512.7382202148438,9315794
2016-09-30,TMPV.NS,Tata Motors Pass Vehicles,Retail Hype / Turnaround,525.5999755859375,536.5499877929688,521.2000122070312,534.8499755859375,521.06787109375,5659248
2016-10-03,TMPV.NS,Tata Motors Pass Vehicles,Retail Hype / Turnaround,539.4000244140625,546.0,539.0,540.7999877929688,526.8645629882812,4505939
2016-10-04,TMPV.NS,Tata Motors Pass Vehicles,Retail Hype / Turnaround,547.4000244140625,552.4000244140625,540.6500244140625,549.9500122070312,535.77880859375,5715454
2016-10-05,TMPV.NS,Tata Motors Pass Vehicles,Retail Hype / Turnaround,555.2999877929688,562.4000244140625,549.75,559.6500244140625,545.2288818359375,5929204
2016-10-06,TMPV.NS,Tata Motors Pass Vehicles,Retail Hype / Turnaround,563.0999755859375,564.2000122070312,549.0999755859375,551.4500122070312,537.2401733398438,4273945
2016-10-07,TMPV.NS,Tata Motors Pass Vehicles,Retail Hype / Turnaround,554.5,567.2999877929688,552.5999755859375,565.7000122070312,551.1229248046875,9122002
2016-10-10,TMPV.NS,Tata Motors Pass Vehicles,Retail Hype / Turnaround,571.0999755859375,571.0999755859375,560.9000244140625,562.0499877929688,547.5670166015625,3673211
2016-10-13,TMPV.NS,Tata Motors Pass Vehicles,Retail Hype / Turnaround,556.9000244140625,556.9000244140625,537.0,544.8499755859375,530.8101806640625,9510827
2016-10-14,TMPV.NS,Tata Motors Pass Vehicles,Retail Hype / Turnaround,546.0,557.4500122070312,545.0,556.0999755859375,541.7703247070312,5872827
2016-10-17,TMPV.NS,Tata Motors Pass Vehicles,Retail Hype / Turnaround,557.8499755859375,557.8499755859375,545.9000244140625,547.5499877929688,533.440673828125,3463154
2016-10-18,TMPV.NS,Tata Motors Pass Vehicles,Retail Hype / Turnaround,549.2000122070312,556.0,549.2000122070312,554.25,539.9679565429688,3965424
2016-10-19,TMPV.NS,Tata Motors Pass Vehicles,Retail Hype / Turnaround,552.0499877929688,554.9000244140625,545.0499877929688,550.5,536.314697265625,4275157
2016-10-20,TMPV.NS,Tata Motors Pass Vehicles,Retail Hype / Turnaround,553.0499877929688,554.0,546.0,546.8499755859375,532.7586669921875,2770011
2016-10-21,TMPV.NS,Tata Motors Pass Vehicles,Retail Hype / Turnaround,549.0,550.0,541.5,544.5,530.46923828125,2789747
2016-10-24,TMPV.NS,Tata Motors Pass Vehicles,Retail Hype / Turnaround,544.0,564.0,543.5499877929688,559.7999877929688,545.375,5161299
2016-10-25,TMPV.NS,Tata Motors Pass Vehicles,Retail Hype / Turnaround,549.8499755859375,561.0,549.0999755859375,553.7999877929688,539.529541015625,5690576
2016-10-26,TMPV.NS,Tata Motors Pass Vehicles,Retail Hype / Turnaround,548.0,548.0,523.1500244140625,530.0499877929688,516.3916015625,6665017
2016-10-27,TMPV.NS,Tata Motors Pass Vehicles,Retail Hype / Turnaround,515.5999755859375,525.75,510.75,522.0,508.5490417480469,18470182
2016-10-28,TMPV.NS,Tata Motors Pass Vehicles,Retail Hype / Turnaround,527.0,539.9500122070312,525.0999755859375,537.0,523.1624755859375,5665910
2016-11-01,TMPV.NS,Tata Motors Pass Vehicles,Retail Hype / Turnaround,534.4000244140625,537.9000244140625,525.0499877929688,530.5999755859375,516.9273681640625,6848662
2016-11-02,TMPV.NS,Tata Motors Pass Vehicles,Retail Hype / Turnaround,522.5999755859375,526.0,512.3499755859375,513.2999877929688,500.0732116699219,4750117
2016-11-03,TMPV.NS,Tata Motors Pass Vehicles,Retail Hype / Turnaround,509.79998779296875,521.4500122070312,505.20001220703125,510.20001220703125,497.0531311035156,6909458
2016-11-04,TMPV.NS,Tata Motors Pass Vehicles,Retail Hype / Turnaround,509.25,516.3499755859375,501.6000061035156,512.2999877929688,499.0989990234375,7564243
2016-11-07,TMPV.NS,Tata Motors Pass Vehicles,Retail Hype / Turnaround,513.0,521.2999877929688,505.04998779296875,506.3500061035156,493.30230712890625,5507954
2016-11-08,TMPV.NS,Tata Motors Pass Vehicles,Retail Hype / Turnaround,518.4000244140625,543.0,517.0,540.2000122070312,526.2800903320312,12739083
2016-11-09,TMPV.NS,Tata Motors Pass Vehicles,Retail Hype / Turnaround,501.1499938964844,544.0,500.0,533.5,519.752685546875,10276017
2016-11-10,TMPV.NS,Tata Motors Pass Vehicles,Retail Hype / Turnaround,536.0,549.3499755859375,531.5,533.7000122070312,519.947509765625,6906437
2016-11-11,TMPV.NS,Tata Motors Pass Vehicles,Retail Hype / Turnaround,526.5,530.0,505.0,507.29998779296875,494.22784423828125,7823667
2016-11-15,TMPV.NS,Tata Motors Pass Vehicles,Retail Hype / Turnaround,484.8999938964844,484.8999938964844,453.0,457.3999938964844,445.6136169433594,15356070
2016-11-16,TMPV.NS,Tata Motors Pass Vehicles,Retail Hype / Turnaround,468.45001220703125,471.70001220703125,450.0,458.45001220703125,446.6366271972656,10855618
2016-11-17,TMPV.NS,Tata Motors Pass Vehicles,Retail Hype / Turnaround,460.0,476.0,459.6499938964844,472.8500061035156,460.66552734375,8949767
2016-11-18,TMPV.NS,Tata Motors Pass Vehicles,Retail Hype / Turnaround,469.8999938964844,473.8500061035156,461.8500061035156,471.25,459.10675048828125,7246244
2016-11-21,TMPV.NS,Tata Motors Pass Vehicles,Retail Hype / Turnaround,468.0,472.79998779296875,451.5,456.95001220703125,445.1752624511719,7325876
2016-11-22,TMPV.NS,Tata Motors Pass Vehicles,Retail Hype / Turnaround,464.04998779296875,471.0,453.29998779296875,464.8500061035156,452.8716735839844,6644867
2016-11-23,TMPV.NS,Tata Motors Pass Vehicles,Retail Hype / Turnaround,467.0,475.29998779296875,462.0,471.5,459.350341796875,6727083
2016-11-24,TMPV.NS,Tata Motors Pass Vehicles,Retail Hype / Turnaround,466.3500061035156,466.3500061035156,449.70001220703125,452.95001220703125,441.2783508300781,8046995
2016-11-25,TMPV.NS,Tata Motors Pass Vehicles,Retail Hype / Turnaround,454.1000061035156,456.3500061035156,443.1499938964844,452.3500061035156,440.6938171386719,7426347
2016-11-28,TMPV.NS,Tata Motors Pass Vehicles,Retail Hype / Turnaround,451.25,460.0,450.5,454.70001220703125,442.9832458496094,5025929
2016-11-29,TMPV.NS,Tata Motors Pass Vehicles,Retail Hype / Turnaround,455.0,466.29998779296875,451.3500061035156,459.8500061035156,448.00054931640625,8570549
2016-11-30,TMPV.NS,Tata Motors Pass Vehicles,Retail Hype / Turnaround,460.0,463.79998779296875,455.1000061035156,459.29998779296875,447.46466064453125,8377510
2016-12-01,TMPV.NS,Tata Motors Pass Vehicles,Retail Hype / Turnaround,457.0,457.70001220703125,446.8999938964844,448.20001220703125,436.6507263183594,7706825
2016-12-02,TMPV.NS,Tata Motors Pass Vehicles,Retail Hype / Turnaround,445.0,453.5,431.1499938964844,432.8999938964844,421.7449645996094,10450654
2016-12-05,TMPV.NS,Tata Motors Pass Vehicles,Retail Hype / Turnaround,436.0,441.0,428.29998779296875,439.29998779296875,427.98004150390625,8211182
2016-12-06,TMPV.NS,Tata Motors Pass Vehicles,Retail Hype / Turnaround,441.0,445.8999938964844,438.1000061035156,441.1000061035156,429.7336730957031,4209420
2016-12-07,TMPV.NS,Tata Motors Pass Vehicles,Retail Hype / Turnaround,440.0,449.20001220703125,439.25,445.3500061035156,433.8741455078125,5559803
2016-12-08,TMPV.NS,Tata Motors Pass Vehicles,Retail Hype / Turnaround,451.20001220703125,464.3999938964844,451.20001220703125,461.54998779296875,449.65673828125,8176055
2016-12-09,TMPV.NS,Tata Motors Pass Vehicles,Retail Hype / Turnaround,464.95001220703125,468.54998779296875,460.6000061035156,464.1000061035156,452.14105224609375,5690877
2016-12-12,TMPV.NS,Tata Motors Pass Vehicles,Retail Hype / Turnaround,461.95001220703125,461.95001220703125,451.04998779296875,454.3999938964844,442.6909484863281,3837786
2016-12-13,TMPV.NS,Tata Motors Pass Vehicles,Retail Hype / Turnaround,476.79998779296875,486.25,462.25,470.6499938964844,458.522216796875,63880404
2016-12-14,TMPV.NS,Tata Motors Pass Vehicles,Retail Hype / Turnaround,470.20001220703125,476.79998779296875,462.6499938964844,472.3500061035156,460.1784362792969,7660437
2016-12-15,TMPV.NS,Tata Motors Pass Vehicles,Retail Hype / Turnaround,464.0,473.6000061035156,462.5,463.20001220703125,451.2641906738281,6539067
2016-12-16,TMPV.NS,Tata Motors Pass Vehicles,Retail Hype / Turnaround,465.0,474.8999938964844,464.20001220703125,473.1499938964844,460.9577941894531,9015744
2016-12-19,TMPV.NS,Tata Motors Pass Vehicles,Retail Hype / Turnaround,470.8999938964844,478.54998779296875,465.5,471.79998779296875,459.6426086425781,5445624
2016-12-20,TMPV.NS,Tata Motors Pass Vehicles,Retail Hype / Turnaround,473.0,475.0,469.1000061035156,473.1499938964844,460.9577941894531,3690160
2016-12-21,TMPV.NS,Tata Motors Pass Vehicles,Retail Hype / Turnaround,473.5,474.5,467.1000061035156,468.5,456.4276123046875,3492856
2016-12-22,TMPV.NS,Tata Motors Pass Vehicles,Retail Hype / Turnaround,468.1499938964844,472.95001220703125,464.79998779296875,469.6000061035156,457.4992980957031,5436494
2016-12-23,TMPV.NS,Tata Motors Pass Vehicles,Retail Hype / Turnaround,464.95001220703125,468.29998779296875,460.0,465.6499938964844,453.6510925292969,3957854
2016-12-26,TMPV.NS,Tata Motors Pass Vehicles,Retail Hype / Turnaround,465.5,465.5,455.6000061035156,457.8500061035156,446.05206298828125,3282425
2016-12-27,TMPV.NS,Tata Motors Pass Vehicles,Retail Hype / Turnaround,460.0,468.75,457.3999938964844,466.95001220703125,454.9175720214844,3164664
2016-12-28,TMPV.NS,Tata Motors Pass Vehicles,Retail Hype / Turnaround,467.0,468.6499938964844,462.0,463.3500061035156,451.41033935546875,3772181
2016-12-29,TMPV.NS,Tata Motors Pass Vehicles,Retail Hype / Turnaround,462.75,472.70001220703125,459.3500061035156,470.8999938964844,458.7657775878906,4763171
2016-12-30,TMPV.NS,Tata Motors Pass Vehicles,Retail Hype / Turnaround,471.0,475.0,467.5,472.0,459.83746337890625,3605555
2017-01-02,TMPV.NS,Tata Motors Pass Vehicles,Retail Hype / Turnaround,472.0,488.70001220703125,469.04998779296875,487.04998779296875,474.4996032714844,4024156
2017-01-03,TMPV.NS,Tata Motors Pass Vehicles,Retail Hype / Turnaround,491.0,492.70001220703125,479.8999938964844,481.1000061035156,468.70294189453125,5814518
2017-01-04,TMPV.NS,Tata Motors Pass Vehicles,Retail Hype / Turnaround,484.6499938964844,493.70001220703125,484.1000061035156,486.6499938964844,474.10992431640625,4769872
2017-01-05,TMPV.NS,Tata Motors Pass Vehicles,Retail Hype / Turnaround,496.0,503.3999938964844,495.54998779296875,502.1499938964844,489.21051025390625,7961242
2017-01-06,TMPV.NS,Tata Motors Pass Vehicles,Retail Hype / Turnaround,502.95001220703125,507.95001220703125,496.25,497.75,484.9239196777344,4907475
2017-01-09,TMPV.NS,Tata Motors Pass Vehicles,Retail Hype / Turnaround,499.3999938964844,504.6000061035156,492.1499938964844,500.1499938964844,487.2620544433594,3932710
2017-01-10,TMPV.NS,Tata Motors Pass Vehicles,Retail Hype / Turnaround,506.54998779296875,518.0,505.95001220703125,516.25,502.94720458984375,7973024
2017-01-11,TMPV.NS,Tata Motors Pass Vehicles,Retail Hype / Turnaround,520.25,523.9500122070312,517.1500244140625,519.25,505.86993408203125,4886398
2017-01-12,TMPV.NS,Tata Motors Pass Vehicles,Retail Hype / Turnaround,521.7000122070312,524.0,513.2000122070312,518.25,504.8956604003906,4219627
2017-01-13,TMPV.NS,Tata Motors Pass Vehicles,Retail Hype / Turnaround,523.25,523.25,507.5,514.8499755859375,501.583251953125,6367248
2017-01-16,TMPV.NS,Tata Motors Pass Vehicles,Retail Hype / Turnaround,518.6500244140625,529.4500122070312,517.0,526.4000244140625,512.835693359375,6084582
2017-01-17,TMPV.NS,Tata Motors Pass Vehicles,Retail Hype / Turnaround,528.0999755859375,530.7999877929688,521.0,523.7000122070312,510.20526123046875,4297426
2017-01-18,TMPV.NS,Tata Motors Pass Vehicles,Retail Hype / Turnaround,523.0499877929688,529.5999755859375,521.2000122070312,522.4500122070312,508.9874267578125,5874608
2017-01-19,TMPV.NS,Tata Motors Pass Vehicles,Retail Hype / Turnaround,523.0,535.5999755859375,522.7000122070312,531.4500122070312,517.7555541992188,5810128
2017-01-20,TMPV.NS,Tata Motors Pass Vehicles,Retail Hype / Turnaround,527.4000244140625,529.2999877929688,521.25,523.2000122070312,509.7181396484375,5013928
2017-01-23,TMPV.NS,Tata Motors Pass Vehicles,Retail Hype / Turnaround,523.2000122070312,534.9500122070312,523.0,532.7000122070312,518.9733276367188,4209879
2017-01-24,TMPV.NS,Tata Motors Pass Vehicles,Retail Hype / Turnaround,533.0,543.0,532.3499755859375,541.5499877929688,527.5953369140625,5183630
2017-01-25,TMPV.NS,Tata Motors Pass Vehicles,Retail Hype / Turnaround,543.25,551.9000244140625,541.5499877929688,548.9000244140625,534.7559204101562,4504941
2017-01-27,TMPV.NS,Tata Motors Pass Vehicles,Retail Hype / Turnaround,549.0,552.0,539.75,541.9500122070312,527.9849853515625,4493803
2017-01-30,TMPV.NS,Tata Motors Pass Vehicles,Retail Hype / Turnaround,542.0,543.5,530.7999877929688,532.2999877929688,518.5836181640625,4163428
2017-01-31,TMPV.NS,Tata Motors Pass Vehicles,Retail Hype / Turnaround,530.2000122070312,531.5,518.0,523.5499877929688,510.05908203125,6035022
2017-02-01,TMPV.NS,Tata Motors Pass Vehicles,Retail Hype / Turnaround,527.5,544.5,522.9000244140625,542.25,528.2772216796875,4786720
2017-02-02,TMPV.NS,Tata Motors Pass Vehicles,Retail Hype / Turnaround,537.5999755859375,537.5999755859375,526.7999877929688,531.5,517.8042602539062,6579801
2017-02-03,TMPV.NS,Tata Motors Pass Vehicles,Retail Hype / Turnaround,531.9000244140625,531.9000244140625,519.5,522.5999755859375,509.133544921875,5298261
2017-02-06,TMPV.NS,Tata Motors Pass Vehicles,Retail Hype / Turnaround,527.9000244140625,531.4500122070312,523.2000122070312,525.8499755859375,512.2998046875,3642527
2017-02-07,TMPV.NS,Tata Motors Pass Vehicles,Retail Hype / Turnaround,524.7999877929688,524.7999877929688,502.0,506.79998779296875,493.74066162109375,7987282
2017-02-08,TMPV.NS,Tata Motors Pass Vehicles,Retail Hype / Turnaround,512.3499755859375,514.9500122070312,506.29998779296875,513.0499877929688,499.8296203613281,5975054
2017-02-09,TMPV.NS,Tata Motors Pass Vehicles,Retail Hype / Turnaround,515.4000244140625,518.0,505.75,512.8499755859375,499.6347961425781,4099871
2017-02-10,TMPV.NS,Tata Motors Pass Vehicles,Retail Hype / Turnaround,513.0,514.7999877929688,506.5,509.54998779296875,496.41986083984375,4732032
2017-02-13,TMPV.NS,Tata Motors Pass Vehicles,Retail Hype / Turnaround,512.7000122070312,512.7000122070312,503.29998779296875,505.29998779296875,492.27935791015625,4700518
2017-02-14,TMPV.NS,Tata Motors Pass Vehicles,Retail Hype / Turnaround,503.0,506.70001220703125,466.54998779296875,482.04998779296875,469.6284484863281,14901414
2017-02-15,TMPV.NS,Tata Motors Pass Vehicles,Retail Hype / Turnaround,449.04998779296875,453.0,434.3500061035156,436.45001220703125,425.2034912109375,38638630
2017-02-16,TMPV.NS,Tata Motors Pass Vehicles,Retail Hype / Turnaround,442.54998779296875,447.6000061035156,435.3999938964844,446.0,434.5074157714844,11622714
2017-02-17,TMPV.NS,Tata Motors Pass Vehicles,Retail Hype / Turnaround,447.8999938964844,456.6000061035156,442.3999938964844,452.95001220703125,441.2783508300781,10063504
2017-02-20,TMPV.NS,Tata Motors Pass Vehicles,Retail Hype / Turnaround,451.5,458.45001220703125,449.0,455.45001220703125,443.7138977050781,5866707
2017-02-21,TMPV.NS,Tata Motors Pass Vehicles,Retail Hype / Turnaround,456.8999938964844,462.79998779296875,454.5,458.6499938964844,446.8314208984375,6875914
2017-02-22,TMPV.NS,Tata Motors Pass Vehicles,Retail Hype / Turnaround,460.25,466.70001220703125,455.79998779296875,460.04998779296875,448.19537353515625,7315280
2017-02-23,TMPV.NS,Tata Motors Pass Vehicles,Retail Hype / Turnaround,464.0,464.70001220703125,457.25,462.3500061035156,450.43609619140625,9492419
2017-02-27,TMPV.NS,Tata Motors Pass Vehicles,Retail Hype / Turnaround,464.0,464.0,455.1000061035156,457.79998779296875,446.00335693359375,5510484
2017-02-28,TMPV.NS,Tata Motors Pass Vehicles,Retail Hype / Turnaround,460.0,460.0,454.1000061035156,456.75,444.9803771972656,5722402
2017-03-01,TMPV.NS,Tata Motors Pass Vehicles,Retail Hype / Turnaround,455.8999938964844,455.8999938964844,448.0,449.45001220703125,437.8684997558594,8367579
2017-03-02,TMPV.NS,Tata Motors Pass Vehicles,Retail Hype / Turnaround,457.8500061035156,467.8999938964844,453.20001220703125,461.70001220703125,449.8028564453125,13667695
2017-03-03,TMPV.NS,Tata Motors Pass Vehicles,Retail Hype / Turnaround,463.29998779296875,466.8500061035156,458.6000061035156,459.95001220703125,448.09796142578125,7085620
2017-03-06,TMPV.NS,Tata Motors Pass Vehicles,Retail Hype / Turnaround,462.5,472.70001220703125,462.1000061035156,470.79998779296875,458.6683654785156,4036291
2017-03-07,TMPV.NS,Tata Motors Pass Vehicles,Retail Hype / Turnaround,469.5,475.8999938964844,466.04998779296875,467.54998779296875,455.50213623046875,7114541
2017-03-08,TMPV.NS,Tata Motors Pass Vehicles,Retail Hype / Turnaround,469.3999938964844,469.6000061035156,461.1499938964844,462.79998779296875,450.87451171875,5351597
2017-03-09,TMPV.NS,Tata Motors Pass Vehicles,Retail Hype / Turnaround,462.45001220703125,469.70001220703125,462.0,467.6000061035156,455.55084228515625,3837624
2017-03-10,TMPV.NS,Tata Motors Pass Vehicles,Retail Hype / Turnaround,471.0,471.8500061035156,465.1000061035156,469.1000061035156,457.01214599609375,5766815
2017-03-14,TMPV.NS,Tata Motors Pass Vehicles,Retail Hype / Turnaround,481.0,483.0,468.45001220703125,469.75,457.6454162597656,6348198
2017-03-15,TMPV.NS,Tata Motors Pass Vehicles,Retail Hype / Turnaround,475.0,476.54998779296875,470.6499938964844,473.45001220703125,461.2500915527344,4801312
2017-03-16,TMPV.NS,Tata Motors Pass Vehicles,Retail Hype / Turnaround,478.70001220703125,482.0,476.1499938964844,480.95001220703125,468.5567932128906,6272947
2017-03-17,TMPV.NS,Tata Motors Pass Vehicles,Retail Hype / Turnaround,481.3500061035156,484.20001220703125,471.70001220703125,476.5,464.22149658203125,6338248
2017-03-20,TMPV.NS,Tata Motors Pass Vehicles,Retail Hype / Turnaround,476.54998779296875,478.20001220703125,470.75,476.0,463.734375,2871104
2017-03-21,TMPV.NS,Tata Motors Pass Vehicles,Retail Hype / Turnaround,478.0,478.04998779296875,470.6499938964844,473.75,461.5423583984375,4685410
2017-03-22,TMPV.NS,Tata Motors Pass Vehicles,Retail Hype / Turnaround,469.95001220703125,469.95001220703125,458.5,459.8999938964844,448.0492248535156,4695648
2017-03-23,TMPV.NS,Tata Motors Pass Vehicles,Retail Hype / Turnaround,461.29998779296875,477.0,461.29998779296875,472.8999938964844,460.7142333984375,8665384
2017-03-24,TMPV.NS,Tata Motors Pass Vehicles,Retail Hype / Turnaround,470.75,474.79998779296875,467.54998779296875,470.3999938964844,458.2786560058594,4296510
2017-03-27,TMPV.NS,Tata Motors Pass Vehicles,Retail Hype / Turnaround,469.0,469.1499938964844,462.1000061035156,464.75,452.7742919921875,4417413
2017-03-28,TMPV.NS,Tata Motors Pass Vehicles,Retail Hype / Turnaround,467.5,473.0,467.5,472.3999938964844,460.22711181640625,2982614
2017-03-29,TMPV.NS,Tata Motors Pass Vehicles,Retail Hype / Turnaround,474.8999938964844,475.0,463.6000061035156,469.04998779296875,456.9634704589844,6680569
2017-03-30,TMPV.NS,Tata Motors Pass Vehicles,Retail Hype / Turnaround,463.5,469.79998779296875,462.8500061035156,468.3999938964844,456.3302307128906,9482785
2017-03-31,TMPV.NS,Tata Motors Pass Vehicles,Retail Hype / Turnaround,466.5,472.5,464.5,465.8500061035156,453.845947265625,6400088
2017-04-03,TMPV.NS,Tata Motors Pass Vehicles,Retail Hype / Turnaround,468.25,472.29998779296875,467.6000061035156,470.3999938964844,458.2786560058594,2951896
2017-04-05,TMPV.NS,Tata Motors Pass Vehicles,Retail Hype / Turnaround,470.3999938964844,475.0,467.25,473.5,461.2987976074219,5287168
2017-04-06,TMPV.NS,Tata Motors Pass Vehicles,Retail Hype / Turnaround,474.29998779296875,478.5,470.6000061035156,473.20001220703125,461.00653076171875,6703078
2017-04-07,TMPV.NS,Tata Motors Pass Vehicles,Retail Hype / Turnaround,468.45001220703125,480.54998779296875,466.6499938964844,468.29998779296875,456.2327880859375,8089461
2017-04-10,TMPV.NS,Tata Motors Pass Vehicles,Retail Hype / Turnaround,471.6499938964844,478.29998779296875,467.54998779296875,474.8999938964844,462.6626892089844,5437523
2017-04-11,TMPV.NS,Tata Motors Pass Vehicles,Retail Hype / Turnaround,477.8999938964844,478.3500061035156,471.1000061035156,472.25,460.08099365234375,4887918
2017-04-12,TMPV.NS,Tata Motors Pass Vehicles,Retail Hype / Turnaround,468.70001220703125,471.54998779296875,461.6000061035156,464.54998779296875,452.57940673828125,5991598
2017-04-13,TMPV.NS,Tata Motors Pass Vehicles,Retail Hype / Turnaround,461.8500061035156,463.3500061035156,451.20001220703125,453.3500061035156,441.6679992675781,5930185
2017-04-17,TMPV.NS,Tata Motors Pass Vehicles,Retail Hype / Turnaround,452.0,455.70001220703125,447.29998779296875,449.20001220703125,437.6249694824219,4913930
2017-04-18,TMPV.NS,Tata Motors Pass Vehicles,Retail Hype / Turnaround,452.0,455.75,442.5,443.70001220703125,432.2667236328125,4235130
2017-04-19,TMPV.NS,Tata Motors Pass Vehicles,Retail Hype / Turnaround,443.0,449.5,438.29998779296875,443.04998779296875,431.6334228515625,6319332
2017-04-20,TMPV.NS,Tata Motors Pass Vehicles,Retail Hype / Turnaround,447.8500061035156,447.8500061035156,442.1000061035156,443.95001220703125,432.5102844238281,3288900
2017-04-21,TMPV.NS,Tata Motors Pass Vehicles,Retail Hype / Turnaround,446.75,448.45001220703125,437.6000061035156,440.6000061035156,429.24658203125,5325590
2017-04-24,TMPV.NS,Tata Motors Pass Vehicles,Retail Hype / Turnaround,439.79998779296875,449.0,438.75,443.8500061035156,432.4128112792969,6214069
2017-04-25,TMPV.NS,Tata Motors Pass Vehicles,Retail Hype / Turnaround,445.8500061035156,447.75,443.29998779296875,445.6499938964844,434.1664123535156,5894090
2017-04-26,TMPV.NS,Tata Motors Pass Vehicles,Retail Hype / Turnaround,446.0,454.3999938964844,445.5,450.79998779296875,439.1837158203125,8438042
2017-04-27,TMPV.NS,Tata Motors Pass Vehicles,Retail Hype / Turnaround,455.0,460.8999938964844,452.70001220703125,455.3500061035156,443.6164855957031,10589249
2017-04-28,TMPV.NS,Tata Motors Pass Vehicles,Retail Hype / Turnaround,457.1000061035156,462.0,454.3999938964844,458.8999938964844,447.0749816894531,5126904
2017-05-02,TMPV.NS,Tata Motors Pass Vehicles,Retail Hype / Turnaround,456.6000061035156,457.20001220703125,448.54998779296875,451.25,439.62213134765625,6071958
2017-05-03,TMPV.NS,Tata Motors Pass Vehicles,Retail Hype / Turnaround,451.3500061035156,456.0,444.6499938964844,446.6000061035156,435.09197998046875,5158586
2017-05-04,TMPV.NS,Tata Motors Pass Vehicles,Retail Hype / Turnaround,446.6499938964844,448.1000061035156,435.1499938964844,436.5,425.2522277832031,6204022
2017-05-05,TMPV.NS,Tata Motors Pass Vehicles,Retail Hype / Turnaround,436.5,436.5,418.0,419.6000061035156,408.7877197265625,9487539
2017-05-08,TMPV.NS,Tata Motors Pass Vehicles,Retail Hype / Turnaround,424.75,428.70001220703125,417.25,422.6499938964844,411.75909423828125,7427873
2017-05-09,TMPV.NS,Tata Motors Pass Vehicles,Retail Hype / Turnaround,424.75,428.79998779296875,422.70001220703125,426.79998779296875,415.8021545410156,2833132
2017-05-10,TMPV.NS,Tata Motors Pass Vehicles,Retail Hype / Turnaround,427.79998779296875,433.0,424.0,432.29998779296875,421.1604309082031,5378402
2017-05-11,TMPV.NS,Tata Motors Pass Vehicles,Retail Hype / Turnaround,434.0,434.5,425.3999938964844,427.45001220703125,416.4353942871094,4049649
2017-05-12,TMPV.NS,Tata Motors Pass Vehicles,Retail Hype / Turnaround,429.6499938964844,433.79998779296875,427.45001220703125,430.8500061035156,419.7477722167969,3850940
2017-05-15,TMPV.NS,Tata Motors Pass Vehicles,Retail Hype / Turnaround,434.0,434.0,430.1000061035156,431.8999938964844,420.770751953125,1885702
2017-05-16,TMPV.NS,Tata Motors Pass Vehicles,Retail Hype / Turnaround,432.25,439.5,432.25,437.25,425.9828796386719,3452072
2017-05-17,TMPV.NS,Tata Motors Pass Vehicles,Retail Hype / Turnaround,436.5,452.5,435.1000061035156,449.1000061035156,437.5275573730469,6572678
2017-05-18,TMPV.NS,Tata Motors Pass Vehicles,Retail Hype / Turnaround,442.0,448.70001220703125,436.0,437.95001220703125,426.66485595703125,6158546
2017-05-19,TMPV.NS,Tata Motors Pass Vehicles,Retail Hype / Turnaround,439.0,444.95001220703125,434.6000061035156,443.3500061035156,431.9256896972656,4387481
2017-05-22,TMPV.NS,Tata Motors Pass Vehicles,Retail Hype / Turnaround,446.0,452.75,442.6000061035156,449.6499938964844,438.0633544921875,6145914
2017-05-23,TMPV.NS,Tata Motors Pass Vehicles,Retail Hype / Turnaround,451.45001220703125,456.45001220703125,444.29998779296875,450.5,438.8914794921875,10330814
2017-05-24,TMPV.NS,Tata Motors Pass Vehicles,Retail Hype / Turnaround,470.0,473.3500061035156,458.1000061035156,469.54998779296875,457.4505920410156,27370795
2017-05-25,TMPV.NS,Tata Motors Pass Vehicles,Retail Hype / Turnaround,470.0,479.0,464.70001220703125,476.0,463.734375,15108872
2017-05-26,TMPV.NS,Tata Motors Pass Vehicles,Retail Hype / Turnaround,474.1000061035156,488.25,473.5,481.1000061035156,468.70294189453125,7692869
2017-05-29,TMPV.NS,Tata Motors Pass Vehicles,Retail Hype / Turnaround,482.5,485.0,471.79998779296875,481.5,469.0926513671875,4253044
2017-05-30,TMPV.NS,Tata Motors Pass Vehicles,Retail Hype / Turnaround,482.70001220703125,487.0,480.0,481.29998779296875,468.8977966308594,3101380
2017-05-31,TMPV.NS,Tata Motors Pass Vehicles,Retail Hype / Turnaround,482.29998779296875,483.0,474.79998779296875,476.1499938964844,463.8804931640625,5393856
2017-06-01,TMPV.NS,Tata Motors Pass Vehicles,Retail Hype / Turnaround,476.95001220703125,479.70001220703125,473.54998779296875,476.6499938964844,464.3675842285156,3001232
2017-06-02,TMPV.NS,Tata Motors Pass Vehicles,Retail Hype / Turnaround,480.0,485.95001220703125,477.70001220703125,478.75,466.41351318359375,4319080
2017-06-05,TMPV.NS,Tata Motors Pass Vehicles,Retail Hype / Turnaround,478.29998779296875,481.8999938964844,475.20001220703125,478.1499938964844,465.8289794921875,2464819
2017-06-06,TMPV.NS,Tata Motors Pass Vehicles,Retail Hype / Turnaround,482.8999938964844,484.3500061035156,457.6000061035156,461.0,449.1208801269531,8016939
2017-06-07,TMPV.NS,Tata Motors Pass Vehicles,Retail Hype / Turnaround,462.54998779296875,463.6499938964844,453.5,458.0,446.19818115234375,5250544
2017-06-08,TMPV.NS,Tata Motors Pass Vehicles,Retail Hype / Turnaround,459.5,463.45001220703125,457.3500061035156,460.79998779296875,448.926025390625,4066322
2017-06-09,TMPV.NS,Tata Motors Pass Vehicles,Retail Hype / Turnaround,459.95001220703125,468.0,455.0,467.1000061035156,455.063720703125,4598706
2017-06-12,TMPV.NS,Tata Motors Pass Vehicles,Retail Hype / Turnaround,463.75,465.25,455.20001220703125,456.25,444.4932861328125,4341696
2017-06-13,TMPV.NS,Tata Motors Pass Vehicles,Retail Hype / Turnaround,457.1499938964844,458.75,448.0,449.54998779296875,437.9659118652344,3577406
2017-06-14,TMPV.NS,Tata Motors Pass Vehicles,Retail Hype / Turnaround,450.79998779296875,453.3999938964844,447.04998779296875,451.95001220703125,440.3041076660156,3605931
2017-06-15,TMPV.NS,Tata Motors Pass Vehicles,Retail Hype / Turnaround,452.0,457.8500061035156,446.95001220703125,448.29998779296875,436.7481384277344,3879154
2017-06-16,TMPV.NS,Tata Motors Pass Vehicles,Retail Hype / Turnaround,454.70001220703125,458.3999938964844,452.0,455.75,444.0061950683594,7042094
2017-06-19,TMPV.NS,Tata Motors Pass Vehicles,Retail Hype / Turnaround,453.79998779296875,456.3999938964844,450.5,452.3500061035156,440.6938171386719,3869675
2017-06-20,TMPV.NS,Tata Motors Pass Vehicles,Retail Hype / Turnaround,457.0,470.75,456.0,467.3999938964844,455.35595703125,12014975
2017-06-21,TMPV.NS,Tata Motors Pass Vehicles,Retail Hype / Turnaround,466.0,466.0,455.5,457.29998779296875,445.5162353515625,5436141
2017-06-22,TMPV.NS,Tata Motors Pass Vehicles,Retail Hype / Turnaround,458.8500061035156,463.0,451.6000061035156,452.70001220703125,441.0347595214844,5008885
2017-06-23,TMPV.NS,Tata Motors Pass Vehicles,Retail Hype / Turnaround,454.0,456.5,442.3999938964844,443.1499938964844,431.7308349609375,6753648
2017-06-27,TMPV.NS,Tata Motors Pass Vehicles,Retail Hype / Turnaround,443.79998779296875,444.5,434.3999938964844,442.29998779296875,430.90277099609375,5915274
2017-06-28,TMPV.NS,Tata Motors Pass Vehicles,Retail Hype / Turnaround,443.8999938964844,446.79998779296875,440.1499938964844,442.5,431.0976257324219,4960238
2017-06-29,TMPV.NS,Tata Motors Pass Vehicles,Retail Hype / Turnaround,444.5,446.25,434.0,435.6000061035156,424.37542724609375,11085101
2017-06-30,TMPV.NS,Tata Motors Pass Vehicles,Retail Hype / Turnaround,433.8999938964844,435.6000061035156,428.04998779296875,432.54998779296875,421.40399169921875,4776892
2017-07-03,TMPV.NS,Tata Motors Pass Vehicles,Retail Hype / Turnaround,431.5,434.70001220703125,426.25,430.25,419.16326904296875,6230025
2017-07-04,TMPV.NS,Tata Motors Pass Vehicles,Retail Hype / Turnaround,434.20001220703125,436.3999938964844,426.0,426.8999938964844,415.89959716796875,5020683
2017-07-05,TMPV.NS,Tata Motors Pass Vehicles,Retail Hype / Turnaround,428.8999938964844,433.95001220703125,427.3999938964844,431.75,420.6246337890625,5050749
2017-07-06,TMPV.NS,Tata Motors Pass Vehicles,Retail Hype / Turnaround,435.3999938964844,438.79998779296875,433.79998779296875,437.1000061035156,425.8367614746094,4038188
2017-07-07,TMPV.NS,Tata Motors Pass Vehicles,Retail Hype / Turnaround,434.45001220703125,441.45001220703125,432.25,436.8500061035156,425.59320068359375,5311730
2017-07-10,TMPV.NS,Tata Motors Pass Vehicles,Retail Hype / Turnaround,446.6000061035156,448.1000061035156,444.0,446.95001220703125,435.4329528808594,1154721
2017-07-11,TMPV.NS,Tata Motors Pass Vehicles,Retail Hype / Turnaround,452.0,462.29998779296875,451.0,456.95001220703125,445.1752624511719,12069006
2017-07-12,TMPV.NS,Tata Motors Pass Vehicles,Retail Hype / Turnaround,461.0,463.79998779296875,456.6000061035156,461.0,449.1208801269531,6051540
2017-07-13,TMPV.NS,Tata Motors Pass Vehicles,Retail Hype / Turnaround,464.5,464.5,455.54998779296875,459.04998779296875,447.22113037109375,4382063
2017-07-14,TMPV.NS,Tata Motors Pass Vehicles,Retail Hype / Turnaround,460.0,460.0,450.3999938964844,451.29998779296875,439.6708068847656,3974269
2017-07-17,TMPV.NS,Tata Motors Pass Vehicles,Retail Hype / Turnaround,455.0,458.3500061035156,453.25,454.1499938964844,442.4474182128906,4922453
2017-07-18,TMPV.NS,Tata Motors Pass Vehicles,Retail Hype / Turnaround,452.6000061035156,459.5,452.6000061035156,456.1499938964844,444.3958740234375,2349268
2017-07-19,TMPV.NS,Tata Motors Pass Vehicles,Retail Hype / Turnaround,453.0,462.8999938964844,453.0,460.6000061035156,448.731201171875,3395937
2017-07-20,TMPV.NS,Tata Motors Pass Vehicles,Retail Hype / Turnaround,463.5,464.3500061035156,457.3500061035156,460.1499938964844,448.29278564453125,3318626
2017-07-21,TMPV.NS,Tata Motors Pass Vehicles,Retail Hype / Turnaround,460.0,465.8999938964844,457.6000061035156,464.6000061035156,452.6281433105469,3150269
2017-07-24,TMPV.NS,Tata Motors Pass Vehicles,Retail Hype / Turnaround,464.95001220703125,468.3500061035156,461.0,464.0,452.0436096191406,3773074
2017-07-25,TMPV.NS,Tata Motors Pass Vehicles,Retail Hype / Turnaround,462.1499938964844,464.70001220703125,454.70001220703125,456.1000061035156,444.34716796875,7052112
2017-07-26,TMPV.NS,Tata Motors Pass Vehicles,Retail Hype / Turnaround,457.20001220703125,458.70001220703125,455.0,457.29998779296875,445.5162353515625,3641559
2017-07-27,TMPV.NS,Tata Motors Pass Vehicles,Retail Hype / Turnaround,459.0,460.95001220703125,440.29998779296875,445.3999938964844,433.9228515625,13738611
2017-07-28,TMPV.NS,Tata Motors Pass Vehicles,Retail Hype / Turnaround,444.6000061035156,447.45001220703125,442.45001220703125,445.8500061035156,434.3612976074219,3365171
2017-07-31,TMPV.NS,Tata Motors Pass Vehicles,Retail Hype / Turnaround,446.25,449.70001220703125,443.70001220703125,444.6000061035156,433.14349365234375,3804621
2017-08-01,TMPV.NS,Tata Motors Pass Vehicles,Retail Hype / Turnaround,446.54998779296875,452.3500061035156,445.70001220703125,446.8999938964844,435.3841857910156,4012791
2017-08-02,TMPV.NS,Tata Motors Pass Vehicles,Retail Hype / Turnaround,449.5,449.95001220703125,438.1499938964844,440.3500061035156,429.0030212402344,4045533
2017-08-03,TMPV.NS,Tata Motors Pass Vehicles,Retail Hype / Turnaround,441.0,441.5,429.6000061035156,431.45001220703125,420.33233642578125,6197142
2017-08-04,TMPV.NS,Tata Motors Pass Vehicles,Retail Hype / Turnaround,435.1000061035156,438.75,433.45001220703125,435.6000061035156,424.37542724609375,4166729
2017-08-07,TMPV.NS,Tata Motors Pass Vehicles,Retail Hype / Turnaround,438.6000061035156,439.79998779296875,425.29998779296875,430.0,418.9197082519531,6461815
2017-08-08,TMPV.NS,Tata Motors Pass Vehicles,Retail Hype / Turnaround,432.0,435.5,426.0,430.0,418.9197082519531,7134979
2017-08-09,TMPV.NS,Tata Motors Pass Vehicles,Retail Hype / Turnaround,428.79998779296875,429.8999938964844,415.0,416.04998779296875,405.32916259765625,10849567
2017-08-10,TMPV.NS,Tata Motors Pass Vehicles,Retail Hype / Turnaround,401.0,403.6000061035156,375.25,380.20001220703125,370.4029846191406,28114017
2017-08-11,TMPV.NS,Tata Motors Pass Vehicles,Retail Hype / Turnaround,376.0,379.1000061035156,358.5,374.5,364.849853515625,14699477
2017-08-14,TMPV.NS,Tata Motors Pass Vehicles,Retail Hype / Turnaround,380.0,381.79998779296875,372.6000061035156,375.3999938964844,365.72662353515625,8216208
2017-08-16,TMPV.NS,Tata Motors Pass Vehicles,Retail Hype / Turnaround,379.45001220703125,390.70001220703125,375.5,389.25,379.2197570800781,11019760
2017-08-17,TMPV.NS,Tata Motors Pass Vehicles,Retail Hype / Turnaround,392.45001220703125,392.45001220703125,384.5,385.29998779296875,375.37152099609375,5971420
2017-08-18,TMPV.NS,Tata Motors Pass Vehicles,Retail Hype / Turnaround,381.75,383.0,377.0,380.3999938964844,370.5978088378906,5856198
2017-08-21,TMPV.NS,Tata Motors Pass Vehicles,Retail Hype / Turnaround,382.0,382.54998779296875,371.29998779296875,374.3500061035156,364.7037048339844,5123101
2017-08-22,TMPV.NS,Tata Motors Pass Vehicles,Retail Hype / Turnaround,378.79998779296875,379.95001220703125,372.25,373.6000061035156,363.9730224609375,4163794
2017-08-23,TMPV.NS,Tata Motors Pass Vehicles,Retail Hype / Turnaround,376.0,381.1499938964844,373.3500061035156,379.95001220703125,370.159423828125,4448871
2017-08-24,TMPV.NS,Tata Motors Pass Vehicles,Retail Hype / Turnaround,380.1000061035156,385.95001220703125,380.1000061035156,384.1499938964844,374.2511901855469,5208541
2017-08-28,TMPV.NS,Tata Motors Pass Vehicles,Retail Hype / Turnaround,385.8500061035156,387.3999938964844,378.29998779296875,379.29998779296875,369.5261535644531,4403872
2017-08-29,TMPV.NS,Tata Motors Pass Vehicles,Retail Hype / Turnaround,379.0,382.3500061035156,374.45001220703125,376.1000061035156,366.4085998535156,4689547
2017-08-30,TMPV.NS,Tata Motors Pass Vehicles,Retail Hype / Turnaround,380.8500061035156,382.75,377.45001220703125,378.5,368.74676513671875,3734824
2017-08-31,TMPV.NS,Tata Motors Pass Vehicles,Retail Hype / Turnaround,380.04998779296875,380.45001220703125,375.79998779296875,376.54998779296875,366.8470153808594,4685511
2017-09-01,TMPV.NS,Tata Motors Pass Vehicles,Retail Hype / Turnaround,379.3500061035156,392.8500061035156,378.6499938964844,390.8500061035156,380.7785339355469,7380325
2017-09-04,TMPV.NS,Tata Motors Pass Vehicles,Retail Hype / Turnaround,393.0,396.04998779296875,380.5,383.3999938964844,373.5204772949219,8433560
2017-09-05,TMPV.NS,Tata Motors Pass Vehicles,Retail Hype / Turnaround,385.70001220703125,389.5,383.3999938964844,388.1499938964844,378.14813232421875,4477993
2017-09-06,TMPV.NS,Tata Motors Pass Vehicles,Retail Hype / Turnaround,385.0,386.70001220703125,381.8500061035156,382.70001220703125,372.8385314941406,5953907
2017-09-07,TMPV.NS,Tata Motors Pass Vehicles,Retail Hype / Turnaround,383.70001220703125,384.3999938964844,376.0,378.1499938964844,368.4057922363281,7938665
2017-09-08,TMPV.NS,Tata Motors Pass Vehicles,Retail Hype / Turnaround,381.0,381.79998779296875,374.04998779296875,375.04998779296875,365.38568115234375,7471355
2017-09-11,TMPV.NS,Tata Motors Pass Vehicles,Retail Hype / Turnaround,380.0,380.0,374.20001220703125,375.29998779296875,365.62921142578125,5402725
2017-09-12,TMPV.NS,Tata Motors Pass Vehicles,Retail Hype / Turnaround,378.70001220703125,390.0,375.5,388.25,378.2455139160156,9266823
2017-09-13,TMPV.NS,Tata Motors Pass Vehicles,Retail Hype / Turnaround,391.0,393.95001220703125,387.20001220703125,389.6499938964844,379.60943603515625,6537279
2017-09-14,TMPV.NS,Tata Motors Pass Vehicles,Retail Hype / Turnaround,390.75,406.6000061035156,390.25,404.3999938964844,393.9793701171875,11476571
2017-09-15,TMPV.NS,Tata Motors Pass Vehicles,Retail Hype / Turnaround,402.8500061035156,406.75,400.0,401.75,391.39764404296875,9675506
2017-09-18,TMPV.NS,Tata Motors Pass Vehicles,Retail Hype / Turnaround,411.8500061035156,413.0,403.20001220703125,404.95001220703125,394.51519775390625,8966503
2017-09-19,TMPV.NS,Tata Motors Pass Vehicles,Retail Hype / Turnaround,415.0,427.70001220703125,414.0,423.6499938964844,412.7333068847656,28208471
2017-09-20,TMPV.NS,Tata Motors Pass Vehicles,Retail Hype / Turnaround,422.75,422.75,413.0,414.79998779296875,404.1113586425781,5179160
2017-09-21,TMPV.NS,Tata Motors Pass Vehicles,Retail Hype / Turnaround,415.3999938964844,418.45001220703125,408.79998779296875,413.6499938964844,402.9909973144531,6946502
2017-09-22,TMPV.NS,Tata Motors Pass Vehicles,Retail Hype / Turnaround,414.0,422.1499938964844,408.8500061035156,411.79998779296875,401.1886291503906,9781308
2017-09-25,TMPV.NS,Tata Motors Pass Vehicles,Retail Hype / Turnaround,413.6499938964844,415.29998779296875,404.6000061035156,408.20001220703125,397.6814880371094,6957357
2017-09-26,TMPV.NS,Tata Motors Pass Vehicles,Retail Hype / Turnaround,409.3999938964844,413.8999938964844,403.29998779296875,411.25,400.6528625488281,5077291
2017-09-27,TMPV.NS,Tata Motors Pass Vehicles,Retail Hype / Turnaround,413.5,414.25,402.0,404.8999938964844,394.4664611816406,4727360
2017-09-28,TMPV.NS,Tata Motors Pass Vehicles,Retail Hype / Turnaround,406.95001220703125,406.95001220703125,399.0,401.3999938964844,391.0566711425781,4850748
2017-09-29,TMPV.NS,Tata Motors Pass Vehicles,Retail Hype / Turnaround,401.3999938964844,405.0,397.3999938964844,401.5,391.1540832519531,7520906
2017-10-03,TMPV.NS,Tata Motors Pass Vehicles,Retail Hype / Turnaround,428.0,428.0,415.0,416.0,405.28045654296875,9696920
2017-10-04,TMPV.NS,Tata Motors Pass Vehicles,Retail Hype / Turnaround,417.54998779296875,426.0,412.70001220703125,423.54998779296875,412.6358642578125,7663143
2017-10-05,TMPV.NS,Tata Motors Pass Vehicles,Retail Hype / Turnaround,423.0,425.79998779296875,420.1000061035156,423.29998779296875,412.392333984375,4606192
2017-10-06,TMPV.NS,Tata Motors Pass Vehicles,Retail Hype / Turnaround,422.0,426.0,416.20001220703125,424.8500061035156,413.90240478515625,5308695
2017-10-09,TMPV.NS,Tata Motors Pass Vehicles,Retail Hype / Turnaround,424.0,432.1000061035156,423.04998779296875,425.6000061035156,414.6330871582031,4414381
2017-10-10,TMPV.NS,Tata Motors Pass Vehicles,Retail Hype / Turnaround,425.6000061035156,428.8999938964844,421.3999938964844,423.6000061035156,412.6846008300781,5057869
2017-10-11,TMPV.NS,Tata Motors Pass Vehicles,Retail Hype / Turnaround,424.8999938964844,424.8999938964844,414.1000061035156,415.5,404.7933349609375,4320451
2017-10-12,TMPV.NS,Tata Motors Pass Vehicles,Retail Hype / Turnaround,415.5,421.79998779296875,409.3500061035156,420.1499938964844,409.3235168457031,5442846
2017-10-13,TMPV.NS,Tata Motors Pass Vehicles,Retail Hype / Turnaround,421.0,429.29998779296875,418.8999938964844,424.79998779296875,413.8536682128906,6969434
2017-10-16,TMPV.NS,Tata Motors Pass Vehicles,Retail Hype / Turnaround,426.29998779296875,438.0,425.8500061035156,437.04998779296875,425.7879943847656,8476709
2017-10-17,TMPV.NS,Tata Motors Pass Vehicles,Retail Hype / Turnaround,435.75,435.75,430.20001220703125,432.29998779296875,421.1604309082031,5135763
2017-10-18,TMPV.NS,Tata Motors Pass Vehicles,Retail Hype / Turnaround,432.25,437.29998779296875,426.6000061035156,433.20001220703125,422.0372619628906,5539785
2017-10-19,TMPV.NS,Tata Motors Pass Vehicles,Retail Hype / Turnaround,433.0,433.1000061035156,424.25,426.95001220703125,415.94830322265625,1313380
2017-10-23,TMPV.NS,Tata Motors Pass Vehicles,Retail Hype / Turnaround,429.1000061035156,430.8500061035156,421.0,422.75,411.8565368652344,4013418
2017-10-24,TMPV.NS,Tata Motors Pass Vehicles,Retail Hype / Turnaround,422.75,423.79998779296875,415.04998779296875,416.04998779296875,405.32916259765625,4541742
2017-10-25,TMPV.NS,Tata Motors Pass Vehicles,Retail Hype / Turnaround,421.0,424.3999938964844,415.1000061035156,421.95001220703125,411.0771789550781,5666968
2017-10-26,TMPV.NS,Tata Motors Pass Vehicles,Retail Hype / Turnaround,421.70001220703125,422.3999938964844,417.0,419.3999938964844,408.59283447265625,6207936
2017-10-27,TMPV.NS,Tata Motors Pass Vehicles,Retail Hype / Turnaround,422.04998779296875,434.3500061035156,422.04998779296875,429.8999938964844,418.8222961425781,7414741
2017-10-30,TMPV.NS,Tata Motors Pass Vehicles,Retail Hype / Turnaround,428.25,440.95001220703125,428.25,436.54998779296875,425.3009033203125,7675104
2017-10-31,TMPV.NS,Tata Motors Pass Vehicles,Retail Hype / Turnaround,438.8500061035156,438.8500061035156,427.29998779296875,428.3999938964844,417.3609313964844,6214996
2017-11-01,TMPV.NS,Tata Motors Pass Vehicles,Retail Hype / Turnaround,430.95001220703125,439.95001220703125,428.45001220703125,437.75,426.47003173828125,7310931
2017-11-02,TMPV.NS,Tata Motors Pass Vehicles,Retail Hype / Turnaround,435.70001220703125,440.3999938964844,429.8999938964844,434.8999938964844,423.69342041015625,8262211
2017-11-03,TMPV.NS,Tata Motors Pass Vehicles,Retail Hype / Turnaround,434.0,449.3500061035156,432.6499938964844,447.70001220703125,436.16363525390625,8116263
2017-11-06,TMPV.NS,Tata Motors Pass Vehicles,Retail Hype / Turnaround,445.75,468.0,443.54998779296875,462.8999938964844,450.971923828125,19456789
2017-11-07,TMPV.NS,Tata Motors Pass Vehicles,Retail Hype / Turnaround,458.20001220703125,465.8999938964844,450.04998779296875,451.8500061035156,440.2066650390625,13266543
2017-11-08,TMPV.NS,Tata Motors Pass Vehicles,Retail Hype / Turnaround,448.0,455.0,431.29998779296875,438.20001220703125,426.9084167480469,11193613
2017-11-09,TMPV.NS,Tata Motors Pass Vehicles,Retail Hype / Turnaround,442.1000061035156,450.8999938964844,425.6499938964844,440.1499938964844,428.80816650390625,40547266
2017-11-10,TMPV.NS,Tata Motors Pass Vehicles,Retail Hype / Turnaround,438.95001220703125,438.95001220703125,420.0,422.54998779296875,411.66168212890625,22534490
2017-11-13,TMPV.NS,Tata Motors Pass Vehicles,Retail Hype / Turnaround,423.0,427.5,416.1000061035156,418.1000061035156,407.32635498046875,9857544
2017-11-14,TMPV.NS,Tata Motors Pass Vehicles,Retail Hype / Turnaround,418.54998779296875,421.8500061035156,410.6499938964844,414.29998779296875,403.624267578125,8987515
2017-11-15,TMPV.NS,Tata Motors Pass Vehicles,Retail Hype / Turnaround,414.29998779296875,417.54998779296875,407.0,408.6499938964844,398.1198425292969,9867270
2017-11-16,TMPV.NS,Tata Motors Pass Vehicles,Retail Hype / Turnaround,411.3500061035156,415.8999938964844,411.3500061035156,413.45001220703125,402.7961730957031,6291441
2017-11-17,TMPV.NS,Tata Motors Pass Vehicles,Retail Hype / Turnaround,419.45001220703125,423.45001220703125,417.0,421.79998779296875,410.93096923828125,6191428
2017-11-20,TMPV.NS,Tata Motors Pass Vehicles,Retail Hype / Turnaround,421.0,425.70001220703125,420.1000061035156,423.0,412.10009765625,4051153
2017-11-21,TMPV.NS,Tata Motors Pass Vehicles,Retail Hype / Turnaround,424.45001220703125,430.0,422.5,424.25,413.3179016113281,6745407
2017-11-22,TMPV.NS,Tata Motors Pass Vehicles,Retail Hype / Turnaround,425.45001220703125,433.0,424.5,428.6000061035156,417.5557861328125,7899417
2017-11-23,TMPV.NS,Tata Motors Pass Vehicles,Retail Hype / Turnaround,428.6000061035156,431.04998779296875,422.45001220703125,426.25,415.266357421875,7374216
2017-11-24,TMPV.NS,Tata Motors Pass Vehicles,Retail Hype / Turnaround,427.0,429.95001220703125,424.25,425.5,414.53564453125,5108182
2017-11-27,TMPV.NS,Tata Motors Pass Vehicles,Retail Hype / Turnaround,423.0,424.75,417.79998779296875,421.3999938964844,410.5412902832031,7946028
2017-11-28,TMPV.NS,Tata Motors Pass Vehicles,Retail Hype / Turnaround,419.79998779296875,422.25,414.5,415.95001220703125,405.2317810058594,6217480
2017-11-29,TMPV.NS,Tata Motors Pass Vehicles,Retail Hype / Turnaround,415.8999938964844,419.45001220703125,412.04998779296875,413.95001220703125,403.2832946777344,4327453
2017-11-30,TMPV.NS,Tata Motors Pass Vehicles,Retail Hype / Turnaround,410.3999938964844,412.25,402.25,404.1499938964844,393.73583984375,25646262
2017-12-01,TMPV.NS,Tata Motors Pass Vehicles,Retail Hype / Turnaround,407.8999938964844,410.25,396.5,398.8999938964844,388.62109375,7959197
2017-12-04,TMPV.NS,Tata Motors Pass Vehicles,Retail Hype / Turnaround,405.79998779296875,411.25,401.70001220703125,403.6499938964844,393.2486572265625,10043491
2017-12-05,TMPV.NS,Tata Motors Pass Vehicles,Retail Hype / Turnaround,404.54998779296875,405.5,396.54998779296875,402.25,391.8847961425781,7144542
2017-12-06,TMPV.NS,Tata Motors Pass Vehicles,Retail Hype / Turnaround,400.20001220703125,404.0,395.0,397.04998779296875,386.8187255859375,5573968
2017-12-07,TMPV.NS,Tata Motors Pass Vehicles,Retail Hype / Turnaround,398.0,405.29998779296875,397.1499938964844,402.0,391.6412353515625,7998863
2017-12-08,TMPV.NS,Tata Motors Pass Vehicles,Retail Hype / Turnaround,406.0,413.75,406.0,411.1499938964844,400.555419921875,12288946
2017-12-11,TMPV.NS,Tata Motors Pass Vehicles,Retail Hype / Turnaround,412.0,415.20001220703125,409.04998779296875,410.1499938964844,399.5812072753906,5066242
2017-12-12,TMPV.NS,Tata Motors Pass Vehicles,Retail Hype / Turnaround,411.54998779296875,415.5,405.95001220703125,406.8500061035156,396.3662414550781,6151197
2017-12-13,TMPV.NS,Tata Motors Pass Vehicles,Retail Hype / Turnaround,407.0,409.8500061035156,400.0,401.95001220703125,391.59246826171875,5140689
2017-12-14,TMPV.NS,Tata Motors Pass Vehicles,Retail Hype / Turnaround,404.0,404.54998779296875,398.20001220703125,402.3999938964844,392.0308837890625,4674026
2017-12-15,TMPV.NS,Tata Motors Pass Vehicles,Retail Hype / Turnaround,406.5,409.0,404.20001220703125,405.1000061035156,394.66131591796875,5614113
2017-12-18,TMPV.NS,Tata Motors Pass Vehicles,Retail Hype / Turnaround,399.0,409.8999938964844,389.29998779296875,405.79998779296875,395.34326171875,5356208
2017-12-19,TMPV.NS,Tata Motors Pass Vehicles,Retail Hype / Turnaround,407.3500061035156,421.70001220703125,407.3500061035156,420.1000061035156,409.27484130859375,9686883
2017-12-20,TMPV.NS,Tata Motors Pass Vehicles,Retail Hype / Turnaround,421.95001220703125,427.75,419.25,422.6000061035156,411.7104187011719,11191127
2017-12-21,TMPV.NS,Tata Motors Pass Vehicles,Retail Hype / Turnaround,424.0,426.04998779296875,419.54998779296875,420.79998779296875,409.9567565917969,4885225
2017-12-22,TMPV.NS,Tata Motors Pass Vehicles,Retail Hype / Turnaround,422.04998779296875,426.3999938964844,420.8999938964844,422.0,411.1258850097656,5345261
2017-12-26,TMPV.NS,Tata Motors Pass Vehicles,Retail Hype / Turnaround,422.0,425.1499938964844,421.1499938964844,424.20001220703125,413.2691650390625,3700655
2017-12-27,TMPV.NS,Tata Motors Pass Vehicles,Retail Hype / Turnaround,423.5,428.45001220703125,420.29998779296875,422.45001220703125,411.56427001953125,3673355
2017-12-28,TMPV.NS,Tata Motors Pass Vehicles,Retail Hype / Turnaround,423.5,423.70001220703125,416.0,418.6000061035156,407.8134460449219,5018893
2017-12-29,TMPV.NS,Tata Motors Pass Vehicles,Retail Hype / Turnaround,418.0,433.45001220703125,417.1499938964844,431.8500061035156,420.7220458984375,8640908
2018-01-01,TMPV.NS,Tata Motors Pass Vehicles,Retail Hype / Turnaround,430.95001220703125,436.3999938964844,422.25,424.45001220703125,413.5127258300781,6807536
2018-01-02,TMPV.NS,Tata Motors Pass Vehicles,Retail Hype / Turnaround,428.8500061035156,440.8500061035156,422.0,439.29998779296875,427.98004150390625,15331261
2018-01-03,TMPV.NS,Tata Motors Pass Vehicles,Retail Hype / Turnaround,440.3999938964844,441.3999938964844,431.95001220703125,433.8999938964844,422.7192077636719,9794953
2018-01-04,TMPV.NS,Tata Motors Pass Vehicles,Retail Hype / Turnaround,430.0,433.29998779296875,425.75,429.95001220703125,418.87103271484375,8395377
2018-01-05,TMPV.NS,Tata Motors Pass Vehicles,Retail Hype / Turnaround,431.25,436.3500061035156,429.79998779296875,431.6000061035156,420.47845458984375,7021611
2018-01-08,TMPV.NS,Tata Motors Pass Vehicles,Retail Hype / Turnaround,432.0,436.20001220703125,431.6499938964844,433.54998779296875,422.3782043457031,4635214
2018-01-09,TMPV.NS,Tata Motors Pass Vehicles,Retail Hype / Turnaround,434.25,443.5,433.0,437.54998779296875,426.275146484375,12629045
2018-01-10,TMPV.NS,Tata Motors Pass Vehicles,Retail Hype / Turnaround,438.0,439.29998779296875,431.29998779296875,433.29998779296875,422.1346435546875,4702579
2018-01-11,TMPV.NS,Tata Motors Pass Vehicles,Retail Hype / Turnaround,433.5,437.6000061035156,432.8999938964844,434.75,423.54730224609375,4564895
2018-01-12,TMPV.NS,Tata Motors Pass Vehicles,Retail Hype / Turnaround,437.0,441.45001220703125,432.1000061035156,437.1000061035156,425.8367614746094,7408870
2018-01-15,TMPV.NS,Tata Motors Pass Vehicles,Retail Hype / Turnaround,438.04998779296875,440.04998779296875,431.04998779296875,432.3500061035156,421.20916748046875,4042775
2018-01-16,TMPV.NS,Tata Motors Pass Vehicles,Retail Hype / Turnaround,433.0,435.20001220703125,419.5,421.8999938964844,411.0284423828125,5623745
2018-01-17,TMPV.NS,Tata Motors Pass Vehicles,Retail Hype / Turnaround,422.04998779296875,424.5,410.1000061035156,422.95001220703125,412.0513610839844,10204447
2018-01-18,TMPV.NS,Tata Motors Pass Vehicles,Retail Hype / Turnaround,424.0,428.29998779296875,414.45001220703125,418.95001220703125,408.15447998046875,9579830
2018-01-19,TMPV.NS,Tata Motors Pass Vehicles,Retail Hype / Turnaround,415.20001220703125,421.95001220703125,415.04998779296875,418.04998779296875,407.27764892578125,3894062
2018-01-22,TMPV.NS,Tata Motors Pass Vehicles,Retail Hype / Turnaround,419.04998779296875,424.3999938964844,418.45001220703125,421.8999938964844,411.0284423828125,4643782
2018-01-23,TMPV.NS,Tata Motors Pass Vehicles,Retail Hype / Turnaround,422.79998779296875,422.79998779296875,414.75,418.0,407.2289123535156,6185011
2018-01-24,TMPV.NS,Tata Motors Pass Vehicles,Retail Hype / Turnaround,416.0,416.25,402.6499938964844,403.6000061035156,393.1999816894531,10789570
2018-01-25,TMPV.NS,Tata Motors Pass Vehicles,Retail Hype / Turnaround,403.45001220703125,407.6499938964844,398.0,400.29998779296875,389.98504638671875,16312167
2018-01-29,TMPV.NS,Tata Motors Pass Vehicles,Retail Hype / Turnaround,402.5,405.8999938964844,398.1000061035156,399.25,388.96209716796875,5789602
2018-01-30,TMPV.NS,Tata Motors Pass Vehicles,Retail Hype / Turnaround,400.0,402.29998779296875,395.0,395.8500061035156,385.6496887207031,6963005
2018-01-31,TMPV.NS,Tata Motors Pass Vehicles,Retail Hype / Turnaround,395.5,400.95001220703125,395.25,399.5,389.20562744140625,5111454
2018-02-01,TMPV.NS,Tata Motors Pass Vehicles,Retail Hype / Turnaround,399.8999938964844,403.79998779296875,390.54998779296875,393.6499938964844,383.5063781738281,7259426
2018-02-02,TMPV.NS,Tata Motors Pass Vehicles,Retail Hype / Turnaround,392.0,397.3999938964844,381.29998779296875,383.75,373.8614807128906,10070356
2018-02-05,TMPV.NS,Tata Motors Pass Vehicles,Retail Hype / Turnaround,381.0,398.0,380.0,395.79998779296875,385.6009521484375,9876017
2018-02-06,TMPV.NS,Tata Motors Pass Vehicles,Retail Hype / Turnaround,363.0,379.8500061035156,356.5,375.45001220703125,365.7753601074219,25294860
2018-02-07,TMPV.NS,Tata Motors Pass Vehicles,Retail Hype / Turnaround,380.3999938964844,385.3999938964844,375.20001220703125,377.79998779296875,368.0647888183594,12706795
2018-02-08,TMPV.NS,Tata Motors Pass Vehicles,Retail Hype / Turnaround,379.8999938964844,380.0,372.20001220703125,374.8500061035156,365.1908264160156,12452396
2018-02-09,TMPV.NS,Tata Motors Pass Vehicles,Retail Hype / Turnaround,369.8999938964844,373.20001220703125,368.0,368.75,359.2480163574219,8816777
2018-02-12,TMPV.NS,Tata Motors Pass Vehicles,Retail Hype / Turnaround,373.3999938964844,376.20001220703125,370.20001220703125,371.79998779296875,362.2193908691406,6002369
2018-02-14,TMPV.NS,Tata Motors Pass Vehicles,Retail Hype / Turnaround,372.8999938964844,382.29998779296875,370.6000061035156,376.8500061035156,367.1392822265625,9623436
2018-02-15,TMPV.NS,Tata Motors Pass Vehicles,Retail Hype / Turnaround,379.79998779296875,382.20001220703125,373.1000061035156,375.79998779296875,366.1163330078125,10225880
2018-02-16,TMPV.NS,Tata Motors Pass Vehicles,Retail Hype / Turnaround,378.0,379.3999938964844,367.6000061035156,370.75,361.1965026855469,8545282
2018-02-19,TMPV.NS,Tata Motors Pass Vehicles,Retail Hype / Turnaround,373.70001220703125,374.70001220703125,362.79998779296875,368.75,359.2480163574219,5658765
2018-02-20,TMPV.NS,Tata Motors Pass Vehicles,Retail Hype / Turnaround,370.3500061035156,370.8999938964844,366.5,369.29998779296875,359.7838134765625,3972114
2018-02-21,TMPV.NS,Tata Motors Pass Vehicles,Retail Hype / Turnaround,372.5,372.5,362.8500061035156,364.45001220703125,355.058837890625,8640166
2018-02-22,TMPV.NS,Tata Motors Pass Vehicles,Retail Hype / Turnaround,363.0,363.0,357.5,358.5,349.26214599609375,10870704
2018-02-23,TMPV.NS,Tata Motors Pass Vehicles,Retail Hype / Turnaround,360.1000061035156,364.6000061035156,358.75,360.20001220703125,350.9183044433594,6751064
2018-02-26,TMPV.NS,Tata Motors Pass Vehicles,Retail Hype / Turnaround,362.0,373.5,362.0,372.04998779296875,362.46295166015625,10576794
2018-02-27,TMPV.NS,Tata Motors Pass Vehicles,Retail Hype / Turnaround,375.0,376.6000061035156,370.3500061035156,372.54998779296875,362.9500732421875,6156672
2018-02-28,TMPV.NS,Tata Motors Pass Vehicles,Retail Hype / Turnaround,370.0,373.6499938964844,367.1499938964844,369.8999938964844,360.36834716796875,8009429
2018-03-01,TMPV.NS,Tata Motors Pass Vehicles,Retail Hype / Turnaround,369.75,376.29998779296875,369.04998779296875,370.75,361.1965026855469,6991806
2018-03-05,TMPV.NS,Tata Motors Pass Vehicles,Retail Hype / Turnaround,368.75,368.75,350.1000061035156,352.04998779296875,342.9783020019531,14665325
2018-03-06,TMPV.NS,Tata Motors Pass Vehicles,Retail Hype / Turnaround,355.1499938964844,357.95001220703125,345.0,346.5,337.57135009765625,8876632
2018-03-07,TMPV.NS,Tata Motors Pass Vehicles,Retail Hype / Turnaround,345.0,355.29998779296875,343.25,347.79998779296875,338.83782958984375,15599393
2018-03-08,TMPV.NS,Tata Motors Pass Vehicles,Retail Hype / Turnaround,350.79998779296875,351.8999938964844,341.04998779296875,345.1499938964844,336.2561340332031,7674221
2018-03-09,TMPV.NS,Tata Motors Pass Vehicles,Retail Hype / Turnaround,345.54998779296875,348.70001220703125,340.1499938964844,341.5,332.7001953125,5519224
2018-03-12,TMPV.NS,Tata Motors Pass Vehicles,Retail Hype / Turnaround,345.0,353.79998779296875,340.3500061035156,352.6000061035156,343.5141906738281,8238960
2018-03-13,TMPV.NS,Tata Motors Pass Vehicles,Retail Hype / Turnaround,352.6000061035156,356.45001220703125,350.0,353.1499938964844,344.0499572753906,6184241
2018-03-14,TMPV.NS,Tata Motors Pass Vehicles,Retail Hype / Turnaround,351.0,354.8999938964844,349.6000061035156,354.04998779296875,344.9267883300781,3820313
2018-03-15,TMPV.NS,Tata Motors Pass Vehicles,Retail Hype / Turnaround,354.04998779296875,358.3999938964844,351.1000061035156,353.1000061035156,344.00128173828125,4331145
2018-03-16,TMPV.NS,Tata Motors Pass Vehicles,Retail Hype / Turnaround,352.04998779296875,352.6000061035156,338.3999938964844,339.75,330.9952697753906,14205582
2018-03-19,TMPV.NS,Tata Motors Pass Vehicles,Retail Hype / Turnaround,341.20001220703125,342.1000061035156,332.54998779296875,335.70001220703125,327.04962158203125,9391347
2018-03-20,TMPV.NS,Tata Motors Pass Vehicles,Retail Hype / Turnaround,335.5,340.3999938964844,333.54998779296875,338.79998779296875,330.0697326660156,5080453
2018-03-21,TMPV.NS,Tata Motors Pass Vehicles,Retail Hype / Turnaround,339.8999938964844,342.25,332.25,333.8500061035156,325.2472839355469,6812442
2018-03-22,TMPV.NS,Tata Motors Pass Vehicles,Retail Hype / Turnaround,338.5,340.25,334.79998779296875,338.20001220703125,329.4852294921875,9255091
2018-03-23,TMPV.NS,Tata Motors Pass Vehicles,Retail Hype / Turnaround,330.0,334.79998779296875,329.6000061035156,330.8500061035156,322.3246154785156,8578297
2018-03-26,TMPV.NS,Tata Motors Pass Vehicles,Retail Hype / Turnaround,328.79998779296875,333.8999938964844,324.29998779296875,332.3500061035156,323.78594970703125,8907023
2018-03-27,TMPV.NS,Tata Motors Pass Vehicles,Retail Hype / Turnaround,333.95001220703125,335.79998779296875,330.1000061035156,331.1499938964844,322.6169128417969,6822448
2018-03-28,TMPV.NS,Tata Motors Pass Vehicles,Retail Hype / Turnaround,331.5,333.6499938964844,325.20001220703125,326.8500061035156,318.427734375,10975624
2018-04-02,TMPV.NS,Tata Motors Pass Vehicles,Retail Hype / Turnaround,335.0,340.79998779296875,332.70001220703125,339.1499938964844,330.4107360839844,9874486
2018-04-03,TMPV.NS,Tata Motors Pass Vehicles,Retail Hype / Turnaround,338.3999938964844,344.5,337.1499938964844,343.1000061035156,334.2589416503906,6989584
2018-04-04,TMPV.NS,Tata Motors Pass Vehicles,Retail Hype / Turnaround,346.79998779296875,363.70001220703125,346.25,355.6000061035156,346.4368591308594,27157199
2018-04-05,TMPV.NS,Tata Motors Pass Vehicles,Retail Hype / Turnaround,362.6000061035156,372.3500061035156,359.79998779296875,362.20001220703125,352.8667907714844,28886070
2018-04-06,TMPV.NS,Tata Motors Pass Vehicles,Retail Hype / Turnaround,362.0,368.3500061035156,356.45001220703125,364.1000061035156,354.7178039550781,13297051
2018-04-09,TMPV.NS,Tata Motors Pass Vehicles,Retail Hype / Turnaround,361.8999938964844,368.6000061035156,357.0,358.29998779296875,349.0672607421875,9555113
2018-04-10,TMPV.NS,Tata Motors Pass Vehicles,Retail Hype / Turnaround,360.5,362.3500061035156,351.5,353.25,344.14739990234375,8201215
2018-04-11,TMPV.NS,Tata Motors Pass Vehicles,Retail Hype / Turnaround,355.0,357.1499938964844,350.5,355.79998779296875,346.6316833496094,5622957
2018-04-12,TMPV.NS,Tata Motors Pass Vehicles,Retail Hype / Turnaround,358.0,364.3999938964844,357.0,358.3999938964844,349.16473388671875,13145938
2018-04-13,TMPV.NS,Tata Motors Pass Vehicles,Retail Hype / Turnaround,357.8999938964844,361.0,354.3999938964844,357.04998779296875,347.8494873046875,5935628
2018-04-16,TMPV.NS,Tata Motors Pass Vehicles,Retail Hype / Turnaround,350.79998779296875,352.79998779296875,337.54998779296875,339.1499938964844,330.4107360839844,19157051
2018-04-17,TMPV.NS,Tata Motors Pass Vehicles,Retail Hype / Turnaround,342.29998779296875,344.20001220703125,332.6000061035156,336.45001220703125,327.7803039550781,14241074
2018-04-18,TMPV.NS,Tata Motors Pass Vehicles,Retail Hype / Turnaround,338.20001220703125,339.75,333.3999938964844,334.79998779296875,326.1728515625,6699271
2018-04-19,TMPV.NS,Tata Motors Pass Vehicles,Retail Hype / Turnaround,336.5,337.0,332.5,334.25,325.6369934082031,7087115
2018-04-20,TMPV.NS,Tata Motors Pass Vehicles,Retail Hype / Turnaround,335.95001220703125,343.25,334.6000061035156,336.0,327.3418884277344,11908652
2018-04-23,TMPV.NS,Tata Motors Pass Vehicles,Retail Hype / Turnaround,335.95001220703125,339.5,333.0,334.04998779296875,325.442138671875,8056732
2018-04-24,TMPV.NS,Tata Motors Pass Vehicles,Retail Hype / Turnaround,334.79998779296875,335.0,330.6000061035156,331.54998779296875,323.0065612792969,9210931
2018-04-25,TMPV.NS,Tata Motors Pass Vehicles,Retail Hype / Turnaround,330.79998779296875,334.0,327.75,328.6000061035156,320.13262939453125,6306039
2018-04-26,TMPV.NS,Tata Motors Pass Vehicles,Retail Hype / Turnaround,329.8999938964844,335.95001220703125,326.0,330.25,321.74005126953125,16647689
2018-04-27,TMPV.NS,Tata Motors Pass Vehicles,Retail Hype / Turnaround,333.0,337.6499938964844,331.04998779296875,336.8999938964844,328.21875,8804236
2018-04-30,TMPV.NS,Tata Motors Pass Vehicles,Retail Hype / Turnaround,338.5,342.75,337.25,340.3999938964844,331.6285095214844,5937740
2018-05-02,TMPV.NS,Tata Motors Pass Vehicles,Retail Hype / Turnaround,349.20001220703125,351.6499938964844,335.0,336.04998779296875,327.390625,16022148
2018-05-03,TMPV.NS,Tata Motors Pass Vehicles,Retail Hype / Turnaround,335.5,335.8999938964844,329.1499938964844,333.5,324.9063415527344,6870513
2018-05-04,TMPV.NS,Tata Motors Pass Vehicles,Retail Hype / Turnaround,333.75,337.29998779296875,329.5,334.3999938964844,325.78314208984375,6660062
2018-05-07,TMPV.NS,Tata Motors Pass Vehicles,Retail Hype / Turnaround,337.8500061035156,337.8500061035156,333.70001220703125,335.1499938964844,326.5137939453125,3888627
2018-05-08,TMPV.NS,Tata Motors Pass Vehicles,Retail Hype / Turnaround,336.29998779296875,336.6000061035156,330.25,332.1499938964844,323.5910949707031,8114997
2018-05-09,TMPV.NS,Tata Motors Pass Vehicles,Retail Hype / Turnaround,331.0,347.25,331.0,341.95001220703125,333.1385803222656,19019847
2018-05-10,TMPV.NS,Tata Motors Pass Vehicles,Retail Hype / Turnaround,343.75,343.75,332.75,333.6000061035156,325.0037536621094,11158000
2018-05-11,TMPV.NS,Tata Motors Pass Vehicles,Retail Hype / Turnaround,334.0,334.0,330.0,330.79998779296875,322.27587890625,7365579
2018-05-14,TMPV.NS,Tata Motors Pass Vehicles,Retail Hype / Turnaround,333.0,333.0,323.0,323.6000061035156,315.26141357421875,8312976
2018-05-15,TMPV.NS,Tata Motors Pass Vehicles,Retail Hype / Turnaround,324.0,324.04998779296875,305.70001220703125,310.1000061035156,302.1092834472656,15323964
2018-05-16,TMPV.NS,Tata Motors Pass Vehicles,Retail Hype / Turnaround,309.95001220703125,315.75,306.70001220703125,310.25,302.25543212890625,12051269
2018-05-17,TMPV.NS,Tata Motors Pass Vehicles,Retail Hype / Turnaround,313.1000061035156,319.5,309.29998779296875,314.8999938964844,306.7856140136719,10214660
2018-05-18,TMPV.NS,Tata Motors Pass Vehicles,Retail Hype / Turnaround,314.75,315.0,303.5,304.6000061035156,296.75103759765625,11688577
2018-05-21,TMPV.NS,Tata Motors Pass Vehicles,Retail Hype / Turnaround,304.75,307.20001220703125,294.70001220703125,295.8999938964844,288.27520751953125,11549490
2018-05-22,TMPV.NS,Tata Motors Pass Vehicles,Retail Hype / Turnaround,296.54998779296875,312.5,296.54998779296875,307.70001220703125,299.7711486816406,17199292
2018-05-23,TMPV.NS,Tata Motors Pass Vehicles,Retail Hype / Turnaround,311.1000061035156,317.25,305.3999938964844,309.45001220703125,301.47607421875,17698475
2018-05-24,TMPV.NS,Tata Motors Pass Vehicles,Retail Hype / Turnaround,300.0,307.6499938964844,284.1000061035156,288.6499938964844,281.2120056152344,46104103
2018-05-25,TMPV.NS,Tata Motors Pass Vehicles,Retail Hype / Turnaround,290.3999938964844,297.45001220703125,286.25,294.1499938964844,286.5703125,19240172
2018-05-28,TMPV.NS,Tata Motors Pass Vehicles,Retail Hype / Turnaround,293.75,299.8999938964844,290.29998779296875,296.29998779296875,288.6648864746094,8516862
2018-05-29,TMPV.NS,Tata Motors Pass Vehicles,Retail Hype / Turnaround,296.79998779296875,300.0,293.0,294.6499938964844,287.0574035644531,9816561
2018-05-30,TMPV.NS,Tata Motors Pass Vehicles,Retail Hype / Turnaround,289.95001220703125,292.25,286.1499938964844,288.8999938964844,281.45556640625,11649429
2018-05-31,TMPV.NS,Tata Motors Pass Vehicles,Retail Hype / Turnaround,289.95001220703125,290.8500061035156,281.6000061035156,282.5,275.2204895019531,28771987
2018-06-01,TMPV.NS,Tata Motors Pass Vehicles,Retail Hype / Turnaround,284.5,290.3500061035156,283.04998779296875,287.20001220703125,279.7994079589844,15840810
2018-06-04,TMPV.NS,Tata Motors Pass Vehicles,Retail Hype / Turnaround,292.5,293.8500061035156,286.0,286.6499938964844,279.2635498046875,10835487
2018-06-05,TMPV.NS,Tata Motors Pass Vehicles,Retail Hype / Turnaround,286.6499938964844,288.25,283.6000061035156,284.95001220703125,277.607421875,7456195
2018-06-06,TMPV.NS,Tata Motors Pass Vehicles,Retail Hype / Turnaround,286.8500061035156,296.8999938964844,285.25,295.6499938964844,288.0316467285156,19754001
2018-06-07,TMPV.NS,Tata Motors Pass Vehicles,Retail Hype / Turnaround,296.29998779296875,306.8999938964844,295.25,305.3999938964844,297.5304260253906,22839023
2018-06-08,TMPV.NS,Tata Motors Pass Vehicles,Retail Hype / Turnaround,305.70001220703125,315.54998779296875,302.3999938964844,309.95001220703125,301.96319580078125,27249374
2018-06-11,TMPV.NS,Tata Motors Pass Vehicles,Retail Hype / Turnaround,310.8999938964844,313.8999938964844,306.6499938964844,309.75,301.768310546875,14650133
2018-06-12,TMPV.NS,Tata Motors Pass Vehicles,Retail Hype / Turnaround,310.95001220703125,313.6499938964844,307.20001220703125,307.79998779296875,299.86859130859375,7932388
2018-06-13,TMPV.NS,Tata Motors Pass Vehicles,Retail Hype / Turnaround,309.20001220703125,311.25,307.0,308.3999938964844,300.4530944824219,7280886
2018-06-14,TMPV.NS,Tata Motors Pass Vehicles,Retail Hype / Turnaround,308.5,309.6000061035156,303.79998779296875,305.8999938964844,298.0175476074219,6532693
2018-06-15,TMPV.NS,Tata Motors Pass Vehicles,Retail Hype / Turnaround,305.75,307.6499938964844,300.54998779296875,302.95001220703125,295.1435546875,8224497
2018-06-18,TMPV.NS,Tata Motors Pass Vehicles,Retail Hype / Turnaround,302.8999938964844,311.0,302.1000061035156,308.79998779296875,300.8428039550781,8787098
2018-06-19,TMPV.NS,Tata Motors Pass Vehicles,Retail Hype / Turnaround,309.6000061035156,312.79998779296875,303.29998779296875,305.04998779296875,297.1894226074219,10498362
2018-06-20,TMPV.NS,Tata Motors Pass Vehicles,Retail Hype / Turnaround,304.8999938964844,308.25,304.04998779296875,305.6000061035156,297.7252502441406,6607472
2018-06-21,TMPV.NS,Tata Motors Pass Vehicles,Retail Hype / Turnaround,307.8999938964844,308.5,305.5,307.0,299.0892028808594,5085379
2018-06-22,TMPV.NS,Tata Motors Pass Vehicles,Retail Hype / Turnaround,306.8500061035156,308.8999938964844,303.20001220703125,308.0,300.06341552734375,6033095
2018-06-25,TMPV.NS,Tata Motors Pass Vehicles,Retail Hype / Turnaround,306.29998779296875,306.29998779296875,287.6000061035156,289.3999938964844,281.94268798828125,16392183
2018-06-26,TMPV.NS,Tata Motors Pass Vehicles,Retail Hype / Turnaround,288.3999938964844,288.3999938964844,275.1000061035156,276.8500061035156,269.7160949707031,30728620
2018-06-27,TMPV.NS,Tata Motors Pass Vehicles,Retail Hype / Turnaround,278.5,279.5,270.0,271.04998779296875,264.0655517578125,19077416
2018-06-28,TMPV.NS,Tata Motors Pass Vehicles,Retail Hype / Turnaround,272.0,272.6499938964844,261.8500061035156,263.3500061035156,256.5639953613281,19507165
2018-06-29,TMPV.NS,Tata Motors Pass Vehicles,Retail Hype / Turnaround,265.45001220703125,270.5,262.6499938964844,269.29998779296875,262.36065673828125,14765516
2018-07-02,TMPV.NS,Tata Motors Pass Vehicles,Retail Hype / Turnaround,276.0,276.04998779296875,265.6000061035156,266.70001220703125,259.82763671875,16495647
2018-07-03,TMPV.NS,Tata Motors Pass Vehicles,Retail Hype / Turnaround,269.5,271.5,267.20001220703125,269.45001220703125,262.5068054199219,11484332
2018-07-04,TMPV.NS,Tata Motors Pass Vehicles,Retail Hype / Turnaround,270.0,271.5,265.6499938964844,267.04998779296875,260.16864013671875,7394858
2018-07-05,TMPV.NS,Tata Motors Pass Vehicles,Retail Hype / Turnaround,263.5,263.75,252.5500030517578,261.54998779296875,254.8103485107422,20820454
2018-07-06,TMPV.NS,Tata Motors Pass Vehicles,Retail Hype / Turnaround,262.0,272.5,261.8500061035156,270.8500061035156,263.87066650390625,19215897
2018-07-09,TMPV.NS,Tata Motors Pass Vehicles,Retail Hype / Turnaround,274.6000061035156,277.0,272.04998779296875,273.5,266.452392578125,9387556
2018-07-10,TMPV.NS,Tata Motors Pass Vehicles,Retail Hype / Turnaround,274.8999938964844,276.8999938964844,272.8999938964844,275.45001220703125,268.3522033691406,6351033
2018-07-11,TMPV.NS,Tata Motors Pass Vehicles,Retail Hype / Turnaround,276.3999938964844,276.3999938964844,267.1000061035156,267.79998779296875,260.8992919921875,7356582
2018-07-12,TMPV.NS,Tata Motors Pass Vehicles,Retail Hype / Turnaround,269.6000061035156,272.0,265.5,266.1000061035156,259.24310302734375,8573517
2018-07-13,TMPV.NS,Tata Motors Pass Vehicles,Retail Hype / Turnaround,267.29998779296875,269.3999938964844,262.70001220703125,263.6000061035156,256.8075256347656,8352827
2018-07-16,TMPV.NS,Tata Motors Pass Vehicles,Retail Hype / Turnaround,260.5,260.79998779296875,250.5,252.10000610351562,245.60386657714844,11067012
2018-07-17,TMPV.NS,Tata Motors Pass Vehicles,Retail Hype / Turnaround,253.0,259.0,252.3000030517578,257.95001220703125,251.30311584472656,6350966
2018-07-18,TMPV.NS,Tata Motors Pass Vehicles,Retail Hype / Turnaround,259.45001220703125,259.45001220703125,247.3000030517578,251.85000610351562,245.3603057861328,9348644
2018-07-19,TMPV.NS,Tata Motors Pass Vehicles,Retail Hype / Turnaround,254.0,257.8500061035156,251.1999969482422,252.5,245.99354553222656,9556686
2018-07-20,TMPV.NS,Tata Motors Pass Vehicles,Retail Hype / Turnaround,252.6999969482422,254.0,251.0,253.39999389648438,246.87033081054688,6422014
2018-07-23,TMPV.NS,Tata Motors Pass Vehicles,Retail Hype / Turnaround,254.9499969482422,259.5,251.10000610351562,258.75,252.08250427246094,8891743
2018-07-24,TMPV.NS,Tata Motors Pass Vehicles,Retail Hype / Turnaround,258.75,263.75,257.1000061035156,258.79998779296875,252.13121032714844,9906160
2018-07-25,TMPV.NS,Tata Motors Pass Vehicles,Retail Hype / Turnaround,260.0,261.70001220703125,256.1000061035156,257.8500061035156,251.20571899414062,6721386
2018-07-26,TMPV.NS,Tata Motors Pass Vehicles,Retail Hype / Turnaround,260.1000061035156,263.0,257.5,258.25,251.5953826904297,8817721
2018-07-27,TMPV.NS,Tata Motors Pass Vehicles,Retail Hype / Turnaround,259.1000061035156,269.70001220703125,258.54998779296875,268.1499938964844,261.2402648925781,15275469
2018-07-30,TMPV.NS,Tata Motors Pass Vehicles,Retail Hype / Turnaround,267.75,271.6499938964844,266.20001220703125,267.5,260.6070251464844,7801098
2018-07-31,TMPV.NS,Tata Motors Pass Vehicles,Retail Hype / Turnaround,268.95001220703125,270.45001220703125,262.20001220703125,264.1000061035156,257.2946472167969,10026055
2018-08-01,TMPV.NS,Tata Motors Pass Vehicles,Retail Hype / Turnaround,250.0,268.0,250.0,265.04998779296875,258.22015380859375,53282545
2018-08-02,TMPV.NS,Tata Motors Pass Vehicles,Retail Hype / Turnaround,263.45001220703125,266.45001220703125,258.70001220703125,260.8500061035156,254.12841796875,17421472
2018-08-03,TMPV.NS,Tata Motors Pass Vehicles,Retail Hype / Turnaround,262.1499938964844,263.8500061035156,257.6000061035156,258.45001220703125,251.7902374267578,9041836
2018-08-06,TMPV.NS,Tata Motors Pass Vehicles,Retail Hype / Turnaround,259.95001220703125,261.79998779296875,252.5,254.0500030517578,247.50360107421875,11371744
2018-08-07,TMPV.NS,Tata Motors Pass Vehicles,Retail Hype / Turnaround,255.1999969482422,256.0,250.5500030517578,251.60000610351562,245.1167449951172,14490727
2018-08-08,TMPV.NS,Tata Motors Pass Vehicles,Retail Hype / Turnaround,253.5,258.25,251.85000610351562,255.14999389648438,248.57525634765625,16125867
2018-08-09,TMPV.NS,Tata Motors Pass Vehicles,Retail Hype / Turnaround,256.6499938964844,260.3999938964844,255.5,257.8500061035156,251.20571899414062,7777719
2018-08-10,TMPV.NS,Tata Motors Pass Vehicles,Retail Hype / Turnaround,257.25,258.6499938964844,249.5500030517578,250.10000610351562,243.6553955078125,14606037
2018-08-13,TMPV.NS,Tata Motors Pass Vehicles,Retail Hype / Turnaround,249.25,249.6999969482422,243.10000610351562,248.6999969482422,242.29147338867188,13877900
2018-08-14,TMPV.NS,Tata Motors Pass Vehicles,Retail Hype / Turnaround,248.60000610351562,249.85000610351562,247.1999969482422,248.8000030517578,242.38888549804688,9171033
2018-08-16,TMPV.NS,Tata Motors Pass Vehicles,Retail Hype / Turnaround,245.8000030517578,252.8000030517578,245.25,251.3000030517578,244.824462890625,14148347
2018-08-17,TMPV.NS,Tata Motors Pass Vehicles,Retail Hype / Turnaround,253.6999969482422,260.1000061035156,253.0,258.25,251.5953826904297,16117660
2018-08-20,TMPV.NS,Tata Motors Pass Vehicles,Retail Hype / Turnaround,261.8500061035156,271.8500061035156,259.20001220703125,270.1000061035156,263.1400451660156,25576718
2018-08-21,TMPV.NS,Tata Motors Pass Vehicles,Retail Hype / Turnaround,271.8500061035156,274.70001220703125,266.70001220703125,268.79998779296875,261.8735046386719,19505584
2018-08-23,TMPV.NS,Tata Motors Pass Vehicles,Retail Hype / Turnaround,269.20001220703125,269.20001220703125,256.0,256.8999938964844,250.28016662597656,18667622
2018-08-24,TMPV.NS,Tata Motors Pass Vehicles,Retail Hype / Turnaround,257.0,258.6499938964844,255.0,255.5,248.91624450683594,8703468
2018-08-27,TMPV.NS,Tata Motors Pass Vehicles,Retail Hype / Turnaround,257.0,259.5,256.5,258.79998779296875,252.13121032714844,6127707
2018-08-28,TMPV.NS,Tata Motors Pass Vehicles,Retail Hype / Turnaround,261.70001220703125,263.25,259.04998779296875,260.0,253.30027770996094,8506857
2018-08-29,TMPV.NS,Tata Motors Pass Vehicles,Retail Hype / Turnaround,261.04998779296875,263.5,261.0,261.70001220703125,254.9564971923828,5117552
2018-08-30,TMPV.NS,Tata Motors Pass Vehicles,Retail Hype / Turnaround,262.29998779296875,263.0,259.0,259.3500061035156,252.6670379638672,6333570
2018-08-31,TMPV.NS,Tata Motors Pass Vehicles,Retail Hype / Turnaround,259.1000061035156,268.25,258.1000061035156,267.5,260.6070251464844,12360078
2018-09-03,TMPV.NS,Tata Motors Pass Vehicles,Retail Hype / Turnaround,271.3999938964844,273.0,265.25,266.6000061035156,259.7301940917969,14597832
2018-09-04,TMPV.NS,Tata Motors Pass Vehicles,Retail Hype / Turnaround,270.5,270.79998779296875,260.3500061035156,261.95001220703125,255.20005798339844,14775900
2018-09-05,TMPV.NS,Tata Motors Pass Vehicles,Retail Hype / Turnaround,261.0,271.0,255.39999389648438,266.5,259.6327819824219,10084307
2018-09-06,TMPV.NS,Tata Motors Pass Vehicles,Retail Hype / Turnaround,269.70001220703125,272.0,263.8500061035156,269.95001220703125,262.9939270019531,14736214
2018-09-07,TMPV.NS,Tata Motors Pass Vehicles,Retail Hype / Turnaround,269.54998779296875,279.8999938964844,269.25,277.3999938964844,270.251953125,26189156
2018-09-10,TMPV.NS,Tata Motors Pass Vehicles,Retail Hype / Turnaround,276.0,282.0,271.75,275.70001220703125,268.59576416015625,21322969
2018-09-11,TMPV.NS,Tata Motors Pass Vehicles,Retail Hype / Turnaround,277.25,278.8500061035156,265.70001220703125,267.29998779296875,260.41217041015625,13444031
2018-09-12,TMPV.NS,Tata Motors Pass Vehicles,Retail Hype / Turnaround,268.20001220703125,268.20001220703125,258.8500061035156,262.3999938964844,255.638427734375,14456273
2018-09-14,TMPV.NS,Tata Motors Pass Vehicles,Retail Hype / Turnaround,265.0,269.6000061035156,263.3999938964844,266.6000061035156,259.7301940917969,10710620
2018-09-17,TMPV.NS,Tata Motors Pass Vehicles,Retail Hype / Turnaround,263.3500061035156,264.1000061035156,259.6499938964844,260.25,253.54383850097656,9461420
2018-09-18,TMPV.NS,Tata Motors Pass Vehicles,Retail Hype / Turnaround,257.75,259.79998779296875,250.60000610351562,251.5,245.01931762695312,11554420
2018-09-19,TMPV.NS,Tata Motors Pass Vehicles,Retail Hype / Turnaround,253.5500030517578,255.0,251.0,252.60000610351562,246.0909881591797,7845650
2018-09-21,TMPV.NS,Tata Motors Pass Vehicles,Retail Hype / Turnaround,255.0500030517578,257.70001220703125,228.85000610351562,250.35000610351562,243.89895629882812,18547453
2018-09-24,TMPV.NS,Tata Motors Pass Vehicles,Retail Hype / Turnaround,250.1999969482422,251.0,239.35000610351562,240.1999969482422,234.010498046875,8889259
2018-09-25,TMPV.NS,Tata Motors Pass Vehicles,Retail Hype / Turnaround,241.0,243.5,235.4499969482422,240.8000030517578,234.59503173828125,9030367
2018-09-26,TMPV.NS,Tata Motors Pass Vehicles,Retail Hype / Turnaround,242.3000030517578,243.1999969482422,229.5500030517578,233.35000610351562,227.33700561523438,17810869
2018-09-27,TMPV.NS,Tata Motors Pass Vehicles,Retail Hype / Turnaround,234.8000030517578,236.5500030517578,223.10000610351562,225.25,219.44573974609375,17430781
2018-09-28,TMPV.NS,Tata Motors Pass Vehicles,Retail Hype / Turnaround,227.89999389648438,230.6999969482422,219.5,223.6999969482422,217.9356689453125,14196824
2018-10-01,TMPV.NS,Tata Motors Pass Vehicles,Retail Hype / Turnaround,225.0,230.4499969482422,220.0,229.35000610351562,223.44007873535156,9743094
2018-10-03,TMPV.NS,Tata Motors Pass Vehicles,Retail Hype / Turnaround,230.0,232.8000030517578,225.8000030517578,227.60000610351562,221.73516845703125,9094685
2018-10-04,TMPV.NS,Tata Motors Pass Vehicles,Retail Hype / Turnaround,224.0,230.8000030517578,221.75,223.25,217.49725341796875,13898979
2018-10-05,TMPV.NS,Tata Motors Pass Vehicles,Retail Hype / Turnaround,222.75,226.4499969482422,214.75,216.25,210.67764282226562,10471026
2018-10-08,TMPV.NS,Tata Motors Pass Vehicles,Retail Hype / Turnaround,217.8000030517578,218.5,208.10000610351562,212.35000610351562,206.87814331054688,11854170
2018-10-09,TMPV.NS,Tata Motors Pass Vehicles,Retail Hype / Turnaround,205.6999969482422,206.0,170.3000030517578,184.35000610351562,179.5996551513672,142760251
2018-10-10,TMPV.NS,Tata Motors Pass Vehicles,Retail Hype / Turnaround,186.0,190.9499969482422,185.0500030517578,188.75,183.88626098632812,35670907
2018-10-11,TMPV.NS,Tata Motors Pass Vehicles,Retail Hype / Turnaround,180.64999389648438,187.75,178.0,182.9499969482422,178.2357177734375,19323517
2018-10-12,TMPV.NS,Tata Motors Pass Vehicles,Retail Hype / Turnaround,185.9499969482422,188.39999389648438,182.60000610351562,183.75,179.0150909423828,18014894
2018-10-15,TMPV.NS,Tata Motors Pass Vehicles,Retail Hype / Turnaround,186.5,186.5,182.6999969482422,184.35000610351562,179.5996551513672,11658409
2018-10-16,TMPV.NS,Tata Motors Pass Vehicles,Retail Hype / Turnaround,185.1999969482422,187.25,184.5500030517578,185.85000610351562,181.0609893798828,9695745
2018-10-17,TMPV.NS,Tata Motors Pass Vehicles,Retail Hype / Turnaround,187.60000610351562,187.8000030517578,179.10000610351562,179.9499969482422,175.31301879882812,12004524
2018-10-19,TMPV.NS,Tata Motors Pass Vehicles,Retail Hype / Turnaround,178.9499969482422,179.75,174.0,174.6999969482422,170.19830322265625,10469358
2018-10-22,TMPV.NS,Tata Motors Pass Vehicles,Retail Hype / Turnaround,176.39999389648438,176.85000610351562,170.0500030517578,170.75,166.35009765625,11721075
2018-10-23,TMPV.NS,Tata Motors Pass Vehicles,Retail Hype / Turnaround,170.0,175.6999969482422,169.5500030517578,170.64999389648438,166.25265502929688,15588511
2018-10-24,TMPV.NS,Tata Motors Pass Vehicles,Retail Hype / Turnaround,173.89999389648438,175.0,169.0,170.64999389648438,166.25265502929688,15421903
2018-10-25,TMPV.NS,Tata Motors Pass Vehicles,Retail Hype / Turnaround,168.9499969482422,169.75,164.60000610351562,165.35000610351562,161.08926391601562,14877057
2018-10-26,TMPV.NS,Tata Motors Pass Vehicles,Retail Hype / Turnaround,166.0,172.8000030517578,165.89999389648438,168.5,164.15806579589844,19584723
2018-10-29,TMPV.NS,Tata Motors Pass Vehicles,Retail Hype / Turnaround,169.9499969482422,176.5,167.6999969482422,175.35000610351562,170.83157348632812,14171750
2018-10-30,TMPV.NS,Tata Motors Pass Vehicles,Retail Hype / Turnaround,177.0,181.5,176.0500030517578,177.25,172.68260192871094,15602414
2018-10-31,TMPV.NS,Tata Motors Pass Vehicles,Retail Hype / Turnaround,178.3000030517578,180.0,173.4499969482422,179.10000610351562,174.48492431640625,12579712
2018-11-01,TMPV.NS,Tata Motors Pass Vehicles,Retail Hype / Turnaround,182.0,186.0500030517578,178.1999969482422,179.4499969482422,174.82591247558594,28947802
2018-11-02,TMPV.NS,Tata Motors Pass Vehicles,Retail Hype / Turnaround,180.9499969482422,191.85000610351562,180.89999389648438,190.3000030517578,185.39634704589844,29425248
2018-11-05,TMPV.NS,Tata Motors Pass Vehicles,Retail Hype / Turnaround,191.3000030517578,191.3000030517578,186.64999389648438,189.8000030517578,184.90921020507812,14818506
2018-11-06,TMPV.NS,Tata Motors Pass Vehicles,Retail Hype / Turnaround,192.4499969482422,199.9499969482422,191.75,193.25,188.2703094482422,35339222
2018-11-07,TMPV.NS,Tata Motors Pass Vehicles,Retail Hype / Turnaround,194.9499969482422,195.75,193.35000610351562,194.85000610351562,189.82908630371094,3932893
2018-11-09,TMPV.NS,Tata Motors Pass Vehicles,Retail Hype / Turnaround,192.89999389648438,200.75,192.0,195.25,190.21878051757812,22341961
2018-11-12,TMPV.NS,Tata Motors Pass Vehicles,Retail Hype / Turnaround,194.4499969482422,194.4499969482422,185.1999969482422,186.0500030517578,181.25584411621094,20789180
2018-11-13,TMPV.NS,Tata Motors Pass Vehicles,Retail Hype / Turnaround,180.75,183.0,178.35000610351562,179.5,174.8746337890625,22189598
2018-11-14,TMPV.NS,Tata Motors Pass Vehicles,Retail Hype / Turnaround,180.5,183.0,176.25,176.8000030517578,172.24420166015625,15795883
2018-11-15,TMPV.NS,Tata Motors Pass Vehicles,Retail Hype / Turnaround,178.0,182.6999969482422,177.5,180.1999969482422,175.55657958984375,18740276
2018-11-16,TMPV.NS,Tata Motors Pass Vehicles,Retail Hype / Turnaround,180.89999389648438,181.85000610351562,177.85000610351562,179.89999389648438,175.26429748535156,10022823
2018-11-19,TMPV.NS,Tata Motors Pass Vehicles,Retail Hype / Turnaround,180.60000610351562,185.5,179.10000610351562,184.60000610351562,179.84320068359375,14522581
2018-11-20,TMPV.NS,Tata Motors Pass Vehicles,Retail Hype / Turnaround,184.0500030517578,188.3000030517578,183.1999969482422,183.75,179.0150909423828,13114982
2018-11-21,TMPV.NS,Tata Motors Pass Vehicles,Retail Hype / Turnaround,184.39999389648438,186.75,183.75,184.14999389648438,179.40480041503906,8097107
2018-11-22,TMPV.NS,Tata Motors Pass Vehicles,Retail Hype / Turnaround,185.5,186.14999389648438,181.75,182.5500030517578,177.8460235595703,9135857
2018-11-26,TMPV.NS,Tata Motors Pass Vehicles,Retail Hype / Turnaround,183.89999389648438,184.4499969482422,177.0,181.75,177.06663513183594,9865426
2018-11-27,TMPV.NS,Tata Motors Pass Vehicles,Retail Hype / Turnaround,181.6999969482422,184.5500030517578,178.5500030517578,180.0500030517578,175.4104461669922,11639680
2018-11-28,TMPV.NS,Tata Motors Pass Vehicles,Retail Hype / Turnaround,181.0,181.35000610351562,174.0,174.4499969482422,169.9547576904297,12504717
2018-11-29,TMPV.NS,Tata Motors Pass Vehicles,Retail Hype / Turnaround,175.9499969482422,179.35000610351562,173.4499969482422,177.25,172.68260192871094,20892744
2018-11-30,TMPV.NS,Tata Motors Pass Vehicles,Retail Hype / Turnaround,172.0,174.89999389648438,170.35000610351562,171.9499969482422,167.5191650390625,18393012
2018-12-03,TMPV.NS,Tata Motors Pass Vehicles,Retail Hype / Turnaround,173.25,176.4499969482422,170.0,175.4499969482422,170.92898559570312,14068885
2018-12-04,TMPV.NS,Tata Motors Pass Vehicles,Retail Hype / Turnaround,177.9499969482422,178.75,175.3000030517578,175.75,171.22125244140625,11481923
2018-12-05,TMPV.NS,Tata Motors Pass Vehicles,Retail Hype / Turnaround,173.0,173.0,168.60000610351562,169.1999969482422,164.84002685546875,14960527
2018-12-06,TMPV.NS,Tata Motors Pass Vehicles,Retail Hype / Turnaround,168.5,168.6999969482422,161.60000610351562,162.64999389648438,158.45880126953125,15428019
2018-12-07,TMPV.NS,Tata Motors Pass Vehicles,Retail Hype / Turnaround,162.25,164.1999969482422,160.8000030517578,162.39999389648438,158.2152557373047,13545006
2018-12-10,TMPV.NS,Tata Motors Pass Vehicles,Retail Hype / Turnaround,159.89999389648438,160.5,156.5,157.10000610351562,153.0518341064453,13520495
2018-12-11,TMPV.NS,Tata Motors Pass Vehicles,Retail Hype / Turnaround,155.0,159.5,154.64999389648438,158.10000610351562,154.02606201171875,12094881
2018-12-12,TMPV.NS,Tata Motors Pass Vehicles,Retail Hype / Turnaround,159.5,167.10000610351562,158.0,164.10000610351562,159.8714599609375,22461175
2018-12-13,TMPV.NS,Tata Motors Pass Vehicles,Retail Hype / Turnaround,166.0,168.0,165.5500030517578,166.85000610351562,162.55059814453125,12235499
2018-12-14,TMPV.NS,Tata Motors Pass Vehicles,Retail Hype / Turnaround,166.0,168.39999389648438,164.85000610351562,166.9499969482422,162.64801025390625,10091732
2018-12-17,TMPV.NS,Tata Motors Pass Vehicles,Retail Hype / Turnaround,167.25,175.9499969482422,167.25,173.9499969482422,169.46763610839844,28526103
2018-12-18,TMPV.NS,Tata Motors Pass Vehicles,Retail Hype / Turnaround,174.0,177.60000610351562,173.10000610351562,174.75,170.24700927734375,18015933
2018-12-19,TMPV.NS,Tata Motors Pass Vehicles,Retail Hype / Turnaround,176.5,176.5,172.5,173.89999389648438,169.41891479492188,11540042
2018-12-20,TMPV.NS,Tata Motors Pass Vehicles,Retail Hype / Turnaround,173.0,177.3000030517578,171.75,176.39999389648438,171.85450744628906,15819006
2018-12-21,TMPV.NS,Tata Motors Pass Vehicles,Retail Hype / Turnaround,177.0,180.5,175.14999389648438,176.25,171.70835876464844,23742481
2018-12-24,TMPV.NS,Tata Motors Pass Vehicles,Retail Hype / Turnaround,176.25,177.85000610351562,171.5,172.5,168.05499267578125,11374468
2018-12-26,TMPV.NS,Tata Motors Pass Vehicles,Retail Hype / Turnaround,171.4499969482422,172.1999969482422,167.60000610351562,170.89999389648438,166.4962158203125,12044191
2018-12-27,TMPV.NS,Tata Motors Pass Vehicles,Retail Hype / Turnaround,172.75,173.39999389648438,167.6999969482422,168.25,163.91452026367188,15231581
2018-12-28,TMPV.NS,Tata Motors Pass Vehicles,Retail Hype / Turnaround,169.39999389648438,172.1999969482422,169.14999389648438,170.85000610351562,166.44752502441406,8669584
2018-12-31,TMPV.NS,Tata Motors Pass Vehicles,Retail Hype / Turnaround,172.4499969482422,173.89999389648438,171.75,172.6999969482422,168.24984741210938,8511388
2019-01-01,TMPV.NS,Tata Motors Pass Vehicles,Retail Hype / Turnaround,173.5,174.1999969482422,171.3000030517578,173.4499969482422,168.9805145263672,6715543
2019-01-02,TMPV.NS,Tata Motors Pass Vehicles,Retail Hype / Turnaround,170.60000610351562,171.75,168.0,168.5500030517578,164.20677185058594,13410104
2019-01-03,TMPV.NS,Tata Motors Pass Vehicles,Retail Hype / Turnaround,169.0,170.14999389648438,165.10000610351562,166.0500030517578,161.7711944580078,9321842
2019-01-04,TMPV.NS,Tata Motors Pass Vehicles,Retail Hype / Turnaround,169.0,171.9499969482422,168.5,170.9499969482422,166.544921875,17650435
2019-01-07,TMPV.NS,Tata Motors Pass Vehicles,Retail Hype / Turnaround,173.1999969482422,178.1999969482422,173.1999969482422,175.35000610351562,170.83157348632812,21438351
2019-01-08,TMPV.NS,Tata Motors Pass Vehicles,Retail Hype / Turnaround,176.10000610351562,180.5,176.10000610351562,179.9499969482422,175.31301879882812,20128985
2019-01-09,TMPV.NS,Tata Motors Pass Vehicles,Retail Hype / Turnaround,181.5,183.60000610351562,180.1999969482422,183.0500030517578,178.33314514160156,17468948
2019-01-10,TMPV.NS,Tata Motors Pass Vehicles,Retail Hype / Turnaround,183.64999389648438,186.85000610351562,183.5500030517578,185.75,180.96356201171875,16961888
2019-01-11,TMPV.NS,Tata Motors Pass Vehicles,Retail Hype / Turnaround,186.5500030517578,187.75,179.39999389648438,180.3000030517578,175.6540069580078,25902974
2019-01-14,TMPV.NS,Tata Motors Pass Vehicles,Retail Hype / Turnaround,180.3000030517578,198.3000030517578,177.4499969482422,182.39999389648438,177.69989013671875,18935120
2019-01-15,TMPV.NS,Tata Motors Pass Vehicles,Retail Hype / Turnaround,183.3000030517578,185.8000030517578,181.25,185.35000610351562,180.57388305664062,13536578
2019-01-16,TMPV.NS,Tata Motors Pass Vehicles,Retail Hype / Turnaround,186.0,187.35000610351562,184.0500030517578,185.4499969482422,180.67129516601562,11874245
2019-01-17,TMPV.NS,Tata Motors Pass Vehicles,Retail Hype / Turnaround,186.0,187.3000030517578,183.39999389648438,184.89999389648438,180.1354522705078,9365756
2019-01-18,TMPV.NS,Tata Motors Pass Vehicles,Retail Hype / Turnaround,185.64999389648438,185.64999389648438,181.3000030517578,183.3000030517578,178.5767059326172,6797621
2019-01-21,TMPV.NS,Tata Motors Pass Vehicles,Retail Hype / Turnaround,184.3000030517578,184.9499969482422,180.64999389648438,181.5,176.8230743408203,6918258
2019-01-22,TMPV.NS,Tata Motors Pass Vehicles,Retail Hype / Turnaround,181.5,181.5,175.9499969482422,180.85000610351562,176.1898193359375,9775717
2019-01-23,TMPV.NS,Tata Motors Pass Vehicles,Retail Hype / Turnaround,181.6999969482422,182.6999969482422,178.5500030517578,180.25,175.6053009033203,9778926
2019-01-24,TMPV.NS,Tata Motors Pass Vehicles,Retail Hype / Turnaround,180.0,180.3000030517578,173.6999969482422,175.39999389648438,170.88026428222656,13461254
2019-01-25,TMPV.NS,Tata Motors Pass Vehicles,Retail Hype / Turnaround,175.9499969482422,178.89999389648438,171.9499969482422,173.25,168.78567504882812,12136892
2019-01-28,TMPV.NS,Tata Motors Pass Vehicles,Retail Hype / Turnaround,173.3000030517578,175.35000610351562,169.39999389648438,172.3000030517578,167.8601531982422,8167430
2019-01-29,TMPV.NS,Tata Motors Pass Vehicles,Retail Hype / Turnaround,172.35000610351562,174.89999389648438,170.89999389648438,173.60000610351562,169.1266632080078,6141180
2019-01-30,TMPV.NS,Tata Motors Pass Vehicles,Retail Hype / Turnaround,174.3000030517578,176.75,173.3000030517578,174.60000610351562,170.10089111328125,7757847
2019-01-31,TMPV.NS,Tata Motors Pass Vehicles,Retail Hype / Turnaround,175.8000030517578,183.89999389648438,175.8000030517578,181.1999969482422,176.53082275390625,22277646
2019-02-01,TMPV.NS,Tata Motors Pass Vehicles,Retail Hype / Turnaround,182.0,185.89999389648438,179.5500030517578,181.64999389648438,176.96922302246094,14931422
2019-02-04,TMPV.NS,Tata Motors Pass Vehicles,Retail Hype / Turnaround,181.0,183.6999969482422,178.1999969482422,180.25,175.6053009033203,11854351
2019-02-05,TMPV.NS,Tata Motors Pass Vehicles,Retail Hype / Turnaround,180.6999969482422,181.14999389648438,174.6999969482422,175.8000030517578,171.26995849609375,12064426
2019-02-06,TMPV.NS,Tata Motors Pass Vehicles,Retail Hype / Turnaround,176.0,179.4499969482422,171.89999389648438,178.5,173.900390625,10334594
2019-02-07,TMPV.NS,Tata Motors Pass Vehicles,Retail Hype / Turnaround,179.0,185.0,178.89999389648438,182.85000610351562,178.1383056640625,16152722
2019-02-08,TMPV.NS,Tata Motors Pass Vehicles,Retail Hype / Turnaround,164.60000610351562,164.60000610351562,129.0,150.6999969482422,146.81674194335938,102256857
2019-02-11,TMPV.NS,Tata Motors Pass Vehicles,Retail Hype / Turnaround,150.14999389648438,153.25,145.85000610351562,152.64999389648438,148.71649169921875,26161867
2019-02-12,TMPV.NS,Tata Motors Pass Vehicles,Retail Hype / Turnaround,152.9499969482422,154.39999389648438,150.60000610351562,151.8000030517578,147.88839721679688,14174912
2019-02-14,TMPV.NS,Tata Motors Pass Vehicles,Retail Hype / Turnaround,155.9499969482422,161.0,153.8000030517578,159.85000610351562,155.73095703125,16348306
2019-02-15,TMPV.NS,Tata Motors Pass Vehicles,Retail Hype / Turnaround,159.8000030517578,162.3000030517578,153.14999389648438,161.64999389648438,157.48458862304688,20705576
2019-02-18,TMPV.NS,Tata Motors Pass Vehicles,Retail Hype / Turnaround,162.8000030517578,163.4499969482422,159.1999969482422,162.89999389648438,158.70236206054688,13503666
2019-02-19,TMPV.NS,Tata Motors Pass Vehicles,Retail Hype / Turnaround,164.0,165.9499969482422,161.5500030517578,163.75,159.5304718017578,14533142
2019-02-20,TMPV.NS,Tata Motors Pass Vehicles,Retail Hype / Turnaround,164.4499969482422,166.6999969482422,163.75,164.8000030517578,160.55340576171875,11610728
2019-02-21,TMPV.NS,Tata Motors Pass Vehicles,Retail Hype / Turnaround,165.60000610351562,170.60000610351562,165.10000610351562,169.6999969482422,165.32713317871094,14811723
2019-02-22,TMPV.NS,Tata Motors Pass Vehicles,Retail Hype / Turnaround,170.0,175.3000030517578,167.85000610351562,174.3000030517578,169.80862426757812,13011477
2019-02-25,TMPV.NS,Tata Motors Pass Vehicles,Retail Hype / Turnaround,175.14999389648438,177.5,173.5,175.75,171.22125244140625,15554532
2019-02-26,TMPV.NS,Tata Motors Pass Vehicles,Retail Hype / Turnaround,173.0,183.4499969482422,172.5,182.64999389648438,177.94345092773438,31859427
2019-02-27,TMPV.NS,Tata Motors Pass Vehicles,Retail Hype / Turnaround,183.5500030517578,186.10000610351562,176.10000610351562,177.35000610351562,172.78004455566406,19723906
2019-02-28,TMPV.NS,Tata Motors Pass Vehicles,Retail Hype / Turnaround,180.0,181.5500030517578,176.60000610351562,177.4499969482422,172.87744140625,18692372
2019-03-01,TMPV.NS,Tata Motors Pass Vehicles,Retail Hype / Turnaround,178.64999389648438,184.0,177.35000610351562,180.3000030517578,175.6540069580078,20539919
2019-03-05,TMPV.NS,Tata Motors Pass Vehicles,Retail Hype / Turnaround,183.8000030517578,198.35000610351562,181.39999389648438,194.0500030517578,189.04971313476562,58138551
2019-03-06,TMPV.NS,Tata Motors Pass Vehicles,Retail Hype / Turnaround,195.39999389648438,195.39999389648438,187.75,188.8000030517578,183.9349822998047,22468702
2019-03-07,TMPV.NS,Tata Motors Pass Vehicles,Retail Hype / Turnaround,191.39999389648438,193.4499969482422,187.8000030517578,189.3000030517578,184.42208862304688,27051501
2019-03-08,TMPV.NS,Tata Motors Pass Vehicles,Retail Hype / Turnaround,187.8000030517578,187.9499969482422,180.0,181.1999969482422,176.53082275390625,28012914
2019-03-11,TMPV.NS,Tata Motors Pass Vehicles,Retail Hype / Turnaround,182.0,184.60000610351562,181.0500030517578,181.85000610351562,177.16407775878906,25669662
2019-03-12,TMPV.NS,Tata Motors Pass Vehicles,Retail Hype / Turnaround,184.39999389648438,186.0,183.5500030517578,184.8000030517578,180.03805541992188,18657724
2019-03-13,TMPV.NS,Tata Motors Pass Vehicles,Retail Hype / Turnaround,184.4499969482422,184.89999389648438,180.39999389648438,181.6999969482422,177.01792907714844,9769821
2019-03-14,TMPV.NS,Tata Motors Pass Vehicles,Retail Hype / Turnaround,181.5,182.4499969482422,177.64999389648438,179.5500030517578,174.92333984375,15737080
2019-03-15,TMPV.NS,Tata Motors Pass Vehicles,Retail Hype / Turnaround,180.1999969482422,181.39999389648438,177.60000610351562,180.0,175.36172485351562,17490993
2019-03-18,TMPV.NS,Tata Motors Pass Vehicles,Retail Hype / Turnaround,181.0,184.6999969482422,179.5,182.25,177.5537567138672,14690339
2019-03-19,TMPV.NS,Tata Motors Pass Vehicles,Retail Hype / Turnaround,182.0,184.5,180.75,182.85000610351562,178.1383056640625,10318028
2019-03-20,TMPV.NS,Tata Motors Pass Vehicles,Retail Hype / Turnaround,183.0,183.4499969482422,179.60000610351562,180.1999969482422,175.55657958984375,7543753
2019-03-22,TMPV.NS,Tata Motors Pass Vehicles,Retail Hype / Turnaround,181.9499969482422,182.0,174.89999389648438,175.39999389648438,170.88026428222656,11505994
2019-03-25,TMPV.NS,Tata Motors Pass Vehicles,Retail Hype / Turnaround,173.6999969482422,173.8000030517578,170.5500030517578,171.3000030517578,166.88592529296875,11864723
2019-03-26,TMPV.NS,Tata Motors Pass Vehicles,Retail Hype / Turnaround,171.89999389648438,173.60000610351562,171.60000610351562,173.10000610351562,168.6395263671875,7820112
2019-03-27,TMPV.NS,Tata Motors Pass Vehicles,Retail Hype / Turnaround,174.0,175.0,169.14999389648438,169.85000610351562,165.47329711914062,10047628
2019-03-28,TMPV.NS,Tata Motors Pass Vehicles,Retail Hype / Turnaround,169.0,171.39999389648438,167.5500030517578,170.5500030517578,166.15525817871094,13203927
2019-04-01,TMPV.NS,Tata Motors Pass Vehicles,Retail Hype / Turnaround,176.35000610351562,189.75,176.35000610351562,187.35000610351562,182.5223388671875,46389181
2019-04-02,TMPV.NS,Tata Motors Pass Vehicles,Retail Hype / Turnaround,188.0500030517578,204.39999389648438,185.3000030517578,202.9499969482422,197.72035217285156,100834335
2019-04-03,TMPV.NS,Tata Motors Pass Vehicles,Retail Hype / Turnaround,205.0,208.9499969482422,199.1999969482422,201.35000610351562,196.16159057617188,81779620
2019-04-04,TMPV.NS,Tata Motors Pass Vehicles,Retail Hype / Turnaround,201.85000610351562,206.89999389648438,201.0500030517578,206.14999389648438,200.837890625,41268908
2019-04-05,TMPV.NS,Tata Motors Pass Vehicles,Retail Hype / Turnaround,208.0,209.5,202.3000030517578,205.14999389648438,199.86366271972656,32057373
2019-04-08,TMPV.NS,Tata Motors Pass Vehicles,Retail Hype / Turnaround,206.0,207.39999389648438,198.8000030517578,200.5500030517578,195.3822021484375,23877595
2019-04-09,TMPV.NS,Tata Motors Pass Vehicles,Retail Hype / Turnaround,200.0,207.60000610351562,198.14999389648438,205.89999389648438,200.5943145751953,29611268
2019-04-10,TMPV.NS,Tata Motors Pass Vehicles,Retail Hype / Turnaround,206.0,217.39999389648438,205.60000610351562,216.0500030517578,210.4827880859375,69349488
2019-04-11,TMPV.NS,Tata Motors Pass Vehicles,Retail Hype / Turnaround,216.60000610351562,219.1999969482422,213.3000030517578,218.1999969482422,212.57737731933594,41859862
2019-04-12,TMPV.NS,Tata Motors Pass Vehicles,Retail Hype / Turnaround,218.9499969482422,219.0,215.0,215.9499969482422,210.3853759765625,21788548
2019-04-15,TMPV.NS,Tata Motors Pass Vehicles,Retail Hype / Turnaround,217.14999389648438,233.25,217.14999389648438,231.75,225.77825927734375,57283251
2019-04-16,TMPV.NS,Tata Motors Pass Vehicles,Retail Hype / Turnaround,233.8000030517578,234.10000610351562,225.64999389648438,230.5,224.56044006347656,41653657
2019-04-18,TMPV.NS,Tata Motors Pass Vehicles,Retail Hype / Turnaround,231.89999389648438,239.3000030517578,230.60000610351562,236.25,230.1622772216797,42451178
2019-04-22,TMPV.NS,Tata Motors Pass Vehicles,Retail Hype / Turnaround,235.0,239.35000610351562,231.6999969482422,234.85000610351562,228.79837036132812,30282217
2019-04-23,TMPV.NS,Tata Motors Pass Vehicles,Retail Hype / Turnaround,235.0,235.85000610351562,230.25,231.64999389648438,225.68080139160156,18975358
2019-04-24,TMPV.NS,Tata Motors Pass Vehicles,Retail Hype / Turnaround,231.64999389648438,232.9499969482422,217.60000610351562,223.60000610351562,217.8382568359375,50317411
2019-04-25,TMPV.NS,Tata Motors Pass Vehicles,Retail Hype / Turnaround,223.39999389648438,225.89999389648438,220.25,221.85000610351562,216.13336181640625,27132908
2019-04-26,TMPV.NS,Tata Motors Pass Vehicles,Retail Hype / Turnaround,221.89999389648438,221.89999389648438,214.0,215.60000610351562,210.04440307617188,26038093
2019-04-30,TMPV.NS,Tata Motors Pass Vehicles,Retail Hype / Turnaround,216.1999969482422,218.64999389648438,210.3000030517578,214.3000030517578,208.77789306640625,21289116
2019-05-02,TMPV.NS,Tata Motors Pass Vehicles,Retail Hype / Turnaround,211.0,212.64999389648438,206.5,207.3000030517578,201.95826721191406,21986007
2019-05-03,TMPV.NS,Tata Motors Pass Vehicles,Retail Hype / Turnaround,205.0,213.64999389648438,203.0500030517578,209.4499969482422,204.05287170410156,37153857
2019-05-06,TMPV.NS,Tata Motors Pass Vehicles,Retail Hype / Turnaround,204.0,204.5,198.0,199.8000030517578,194.65151977539062,30117667
2019-05-07,TMPV.NS,Tata Motors Pass Vehicles,Retail Hype / Turnaround,201.6999969482422,202.85000610351562,189.35000610351562,190.9499969482422,186.02957153320312,30516908
2019-05-08,TMPV.NS,Tata Motors Pass Vehicles,Retail Hype / Turnaround,190.0,190.89999389648438,183.8000030517578,185.10000610351562,180.330322265625,28443735
2019-05-09,TMPV.NS,Tata Motors Pass Vehicles,Retail Hype / Turnaround,184.3000030517578,189.8000030517578,182.3000030517578,186.35000610351562,181.54812622070312,32841616
2019-05-10,TMPV.NS,Tata Motors Pass Vehicles,Retail Hype / Turnaround,187.0,190.60000610351562,184.3000030517578,185.89999389648438,181.1096954345703,28910719
2019-05-13,TMPV.NS,Tata Motors Pass Vehicles,Retail Hype / Turnaround,186.1999969482422,187.14999389648438,179.60000610351562,180.75,176.0924072265625,15373536
2019-05-14,TMPV.NS,Tata Motors Pass Vehicles,Retail Hype / Turnaround,178.25,186.0500030517578,177.8000030517578,184.5,179.74578857421875,21412933
2019-05-15,TMPV.NS,Tata Motors Pass Vehicles,Retail Hype / Turnaround,185.5500030517578,185.9499969482422,167.39999389648438,169.4499969482422,165.08358764648438,31427815
2019-05-16,TMPV.NS,Tata Motors Pass Vehicles,Retail Hype / Turnaround,176.0,177.5500030517578,172.8000030517578,175.39999389648438,170.88026428222656,30308248
2019-05-17,TMPV.NS,Tata Motors Pass Vehicles,Retail Hype / Turnaround,174.9499969482422,177.6999969482422,170.1999969482422,176.85000610351562,172.29290771484375,21575989
2019-05-20,TMPV.NS,Tata Motors Pass Vehicles,Retail Hype / Turnaround,181.4499969482422,192.0,179.25,190.14999389648438,185.25018310546875,29873588
2019-05-21,TMPV.NS,Tata Motors Pass Vehicles,Retail Hype / Turnaround,185.25,186.89999389648438,174.0500030517578,176.8000030517578,172.24420166015625,57822527
2019-05-22,TMPV.NS,Tata Motors Pass Vehicles,Retail Hype / Turnaround,177.60000610351562,180.39999389648438,174.8000030517578,179.10000610351562,174.48492431640625,25845734
2019-05-23,TMPV.NS,Tata Motors Pass Vehicles,Retail Hype / Turnaround,182.85000610351562,182.85000610351562,173.5,175.14999389648438,170.63670349121094,22912106
2019-05-24,TMPV.NS,Tata Motors Pass Vehicles,Retail Hype / Turnaround,177.0,183.5,175.35000610351562,182.3000030517578,177.60247802734375,22494409
2019-05-27,TMPV.NS,Tata Motors Pass Vehicles,Retail Hype / Turnaround,181.75,183.5,179.3000030517578,181.35000610351562,176.67697143554688,14774311
2019-05-28,TMPV.NS,Tata Motors Pass Vehicles,Retail Hype / Turnaround,181.35000610351562,185.3000030517578,179.8000030517578,180.25,175.6053009033203,23272915
2019-05-29,TMPV.NS,Tata Motors Pass Vehicles,Retail Hype / Turnaround,179.85000610351562,180.0,175.35000610351562,176.35000610351562,171.80580139160156,15222008
2019-05-30,TMPV.NS,Tata Motors Pass Vehicles,Retail Hype / Turnaround,177.5,178.5,173.10000610351562,175.14999389648438,170.63670349121094,18078726
2019-05-31,TMPV.NS,Tata Motors Pass Vehicles,Retail Hype / Turnaround,177.8000030517578,177.85000610351562,170.0,172.60000610351562,168.1524200439453,21488115
2019-06-03,TMPV.NS,Tata Motors Pass Vehicles,Retail Hype / Turnaround,170.5,175.0,168.39999389648438,174.5,170.0034637451172,21288078
2019-06-04,TMPV.NS,Tata Motors Pass Vehicles,Retail Hype / Turnaround,174.25,177.1999969482422,172.39999389648438,173.25,168.78567504882812,17428731
2019-06-06,TMPV.NS,Tata Motors Pass Vehicles,Retail Hype / Turnaround,174.0500030517578,175.85000610351562,168.85000610351562,169.6999969482422,165.32713317871094,16874819
2019-06-07,TMPV.NS,Tata Motors Pass Vehicles,Retail Hype / Turnaround,169.89999389648438,171.6999969482422,167.25,169.5,165.13229370117188,14465703
2019-06-10,TMPV.NS,Tata Motors Pass Vehicles,Retail Hype / Turnaround,170.89999389648438,172.0500030517578,163.5500030517578,166.1999969482422,161.91734313964844,20209862
2019-06-11,TMPV.NS,Tata Motors Pass Vehicles,Retail Hype / Turnaround,166.85000610351562,171.89999389648438,165.64999389648438,170.75,166.35009765625,20363493
2019-06-12,TMPV.NS,Tata Motors Pass Vehicles,Retail Hype / Turnaround,170.89999389648438,172.1999969482422,168.10000610351562,169.0500030517578,164.6938934326172,12819208
2019-06-13,TMPV.NS,Tata Motors Pass Vehicles,Retail Hype / Turnaround,166.89999389648438,168.89999389648438,164.5,167.39999389648438,163.08642578125,15144315
2019-06-14,TMPV.NS,Tata Motors Pass Vehicles,Retail Hype / Turnaround,167.5,167.5,163.5,164.1999969482422,159.96885681152344,10920508
2019-06-17,TMPV.NS,Tata Motors Pass Vehicles,Retail Hype / Turnaround,163.75,164.14999389648438,158.0,158.75,154.65931701660156,14381813
2019-06-18,TMPV.NS,Tata Motors Pass Vehicles,Retail Hype / Turnaround,159.0,161.0,156.75,158.3000030517578,154.2209014892578,14003043
2019-06-19,TMPV.NS,Tata Motors Pass Vehicles,Retail Hype / Turnaround,160.0,163.75,152.5,154.64999389648438,150.6649627685547,25257018
2019-06-20,TMPV.NS,Tata Motors Pass Vehicles,Retail Hype / Turnaround,153.4499969482422,160.0,152.14999389648438,159.25,155.14642333984375,19247947
2019-06-21,TMPV.NS,Tata Motors Pass Vehicles,Retail Hype / Turnaround,155.0,160.75,154.5,158.89999389648438,154.805419921875,23304207
2019-06-24,TMPV.NS,Tata Motors Pass Vehicles,Retail Hype / Turnaround,158.6999969482422,160.1999969482422,156.1999969482422,159.3000030517578,155.1951446533203,13185118
2019-06-25,TMPV.NS,Tata Motors Pass Vehicles,Retail Hype / Turnaround,158.0,161.0,156.85000610351562,160.4499969482422,156.3155059814453,13368928
2019-06-26,TMPV.NS,Tata Motors Pass Vehicles,Retail Hype / Turnaround,160.10000610351562,162.1999969482422,158.75,161.10000610351562,156.94874572753906,18481332
2019-06-27,TMPV.NS,Tata Motors Pass Vehicles,Retail Hype / Turnaround,161.85000610351562,168.0,161.10000610351562,165.85000610351562,161.57635498046875,26612983
2019-06-28,TMPV.NS,Tata Motors Pass Vehicles,Retail Hype / Turnaround,165.1999969482422,166.75,161.35000610351562,162.5500030517578,158.36138916015625,15092229
2019-07-01,TMPV.NS,Tata Motors Pass Vehicles,Retail Hype / Turnaround,163.6999969482422,169.39999389648438,163.1999969482422,168.0,163.6709442138672,23990900
2019-07-02,TMPV.NS,Tata Motors Pass Vehicles,Retail Hype / Turnaround,166.8000030517578,167.35000610351562,161.35000610351562,163.75,159.5304718017578,16903683
2019-07-03,TMPV.NS,Tata Motors Pass Vehicles,Retail Hype / Turnaround,163.75,165.0,161.6999969482422,162.3000030517578,158.11782836914062,13606179
2019-07-04,TMPV.NS,Tata Motors Pass Vehicles,Retail Hype / Turnaround,162.5,167.75,162.0,165.1999969482422,160.94308471679688,19512938
2019-07-05,TMPV.NS,Tata Motors Pass Vehicles,Retail Hype / Turnaround,165.14999389648438,166.9499969482422,159.5,160.1999969482422,156.07192993164062,14374084
2019-07-08,TMPV.NS,Tata Motors Pass Vehicles,Retail Hype / Turnaround,159.35000610351562,159.5,153.5,154.5500030517578,150.5675506591797,15149035
2019-07-09,TMPV.NS,Tata Motors Pass Vehicles,Retail Hype / Turnaround,154.0,157.14999389648438,152.75,155.8000030517578,151.78530883789062,16112345
2019-07-10,TMPV.NS,Tata Motors Pass Vehicles,Retail Hype / Turnaround,156.25,156.25,149.10000610351562,151.64999389648438,147.7422637939453,31737846
2019-07-11,TMPV.NS,Tata Motors Pass Vehicles,Retail Hype / Turnaround,153.0,157.6999969482422,150.35000610351562,156.8000030517578,152.7595672607422,24099895
2019-07-12,TMPV.NS,Tata Motors Pass Vehicles,Retail Hype / Turnaround,155.89999389648438,162.85000610351562,154.0,159.3000030517578,155.1951446533203,27307153
2019-07-15,TMPV.NS,Tata Motors Pass Vehicles,Retail Hype / Turnaround,159.0,162.60000610351562,157.85000610351562,160.9499969482422,156.8026123046875,19924720
2019-07-16,TMPV.NS,Tata Motors Pass Vehicles,Retail Hype / Turnaround,159.8000030517578,170.9499969482422,159.0500030517578,170.0,165.61940002441406,39025331
2019-07-17,TMPV.NS,Tata Motors Pass Vehicles,Retail Hype / Turnaround,170.0,172.35000610351562,166.3000030517578,167.89999389648438,163.57351684570312,25236730
2019-07-18,TMPV.NS,Tata Motors Pass Vehicles,Retail Hype / Turnaround,167.25,167.25,160.0,160.75,156.60777282714844,19055022
2019-07-19,TMPV.NS,Tata Motors Pass Vehicles,Retail Hype / Turnaround,161.4499969482422,162.39999389648438,153.85000610351562,154.85000610351562,150.8598175048828,18954216
2019-07-22,TMPV.NS,Tata Motors Pass Vehicles,Retail Hype / Turnaround,155.4499969482422,159.3000030517578,155.25,156.75,152.71083068847656,15995349
2019-07-23,TMPV.NS,Tata Motors Pass Vehicles,Retail Hype / Turnaround,157.39999389648438,159.0,154.8000030517578,156.1999969482422,152.1750030517578,12942555
2019-07-24,TMPV.NS,Tata Motors Pass Vehicles,Retail Hype / Turnaround,156.35000610351562,157.5500030517578,150.5,151.25,147.35256958007812,16292964
2019-07-25,TMPV.NS,Tata Motors Pass Vehicles,Retail Hype / Turnaround,151.3000030517578,152.5,143.75,144.3000030517578,140.5816650390625,34364032
2019-07-26,TMPV.NS,Tata Motors Pass Vehicles,Retail Hype / Turnaround,138.10000610351562,150.14999389648438,138.10000610351562,147.14999389648438,143.35821533203125,83905651
2019-07-29,TMPV.NS,Tata Motors Pass Vehicles,Retail Hype / Turnaround,146.89999389648438,146.89999389648438,136.85000610351562,137.5500030517578,134.005615234375,38844222
2019-07-30,TMPV.NS,Tata Motors Pass Vehicles,Retail Hype / Turnaround,138.0,139.6999969482422,132.60000610351562,133.4499969482422,130.01124572753906,35725524
2019-07-31,TMPV.NS,Tata Motors Pass Vehicles,Retail Hype / Turnaround,133.5,136.39999389648438,132.5,135.60000610351562,132.10586547851562,27024859
2019-08-01,TMPV.NS,Tata Motors Pass Vehicles,Retail Hype / Turnaround,135.5,136.3000030517578,127.55000305175781,129.5500030517578,126.21173095703125,38991424
2019-08-02,TMPV.NS,Tata Motors Pass Vehicles,Retail Hype / Turnaround,128.5,133.1999969482422,127.0,130.6999969482422,127.33209991455078,44016138
2019-08-05,TMPV.NS,Tata Motors Pass Vehicles,Retail Hype / Turnaround,128.0,128.1999969482422,122.30000305175781,123.75,120.56119537353516,35452262
2019-08-06,TMPV.NS,Tata Motors Pass Vehicles,Retail Hype / Turnaround,123.05000305175781,126.55000305175781,121.75,122.5,119.34341430664062,34790369
2019-08-07,TMPV.NS,Tata Motors Pass Vehicles,Retail Hype / Turnaround,122.5999984741211,123.8499984741211,116.5,117.4000015258789,114.37482452392578,37287779
2019-08-08,TMPV.NS,Tata Motors Pass Vehicles,Retail Hype / Turnaround,118.0,125.0,116.9000015258789,124.05000305175781,120.85346984863281,35876237
2019-08-09,TMPV.NS,Tata Motors Pass Vehicles,Retail Hype / Turnaround,124.5,126.5,120.69999694824219,122.05000305175781,118.9050064086914,39245417
2019-08-13,TMPV.NS,Tata Motors Pass Vehicles,Retail Hype / Turnaround,123.80000305175781,126.30000305175781,121.0,121.94999694824219,118.80757141113281,35498118
2019-08-14,TMPV.NS,Tata Motors Pass Vehicles,Retail Hype / Turnaround,122.69999694824219,123.80000305175781,118.5999984741211,120.9000015258789,117.78463745117188,30136178
2019-08-16,TMPV.NS,Tata Motors Pass Vehicles,Retail Hype / Turnaround,119.9000015258789,122.44999694824219,117.3499984741211,121.3499984741211,118.22303771972656,35264621
2019-08-19,TMPV.NS,Tata Motors Pass Vehicles,Retail Hype / Turnaround,121.19999694824219,122.5999984741211,120.0,120.80000305175781,117.68721771240234,23194786
2019-08-20,TMPV.NS,Tata Motors Pass Vehicles,Retail Hype / Turnaround,120.0,124.80000305175781,119.0,123.8499984741211,120.65862274169922,34809225
2019-08-21,TMPV.NS,Tata Motors Pass Vehicles,Retail Hype / Turnaround,123.0,123.0,109.5,112.4000015258789,109.50366973876953,83509593
2019-08-22,TMPV.NS,Tata Motors Pass Vehicles,Retail Hype / Turnaround,112.0,114.0,106.19999694824219,107.69999694824219,104.92476654052734,58612708
2019-08-23,TMPV.NS,Tata Motors Pass Vehicles,Retail Hype / Turnaround,108.9000015258789,111.5999984741211,107.6500015258789,111.05000305175781,108.18846130371094,41178606
2019-08-26,TMPV.NS,Tata Motors Pass Vehicles,Retail Hype / Turnaround,114.55000305175781,115.4000015258789,106.80000305175781,110.55000305175781,107.70133209228516,47757623
2019-08-27,TMPV.NS,Tata Motors Pass Vehicles,Retail Hype / Turnaround,112.69999694824219,121.4000015258789,111.80000305175781,120.3499984741211,117.24880981445312,70636441
2019-08-28,TMPV.NS,Tata Motors Pass Vehicles,Retail Hype / Turnaround,120.55000305175781,124.0,114.80000305175781,116.3499984741211,113.35187530517578,74245952
2019-08-29,TMPV.NS,Tata Motors Pass Vehicles,Retail Hype / Turnaround,116.5,118.5,112.0999984741211,114.30000305175781,111.35470581054688,48098849
2019-08-30,TMPV.NS,Tata Motors Pass Vehicles,Retail Hype / Turnaround,115.5999984741211,117.30000305175781,112.0,116.69999694824219,113.6928482055664,42250518
2019-09-03,TMPV.NS,Tata Motors Pass Vehicles,Retail Hype / Turnaround,113.05000305175781,115.3499984741211,111.19999694824219,112.6500015258789,109.74722290039062,36905736
2019-09-04,TMPV.NS,Tata Motors Pass Vehicles,Retail Hype / Turnaround,112.0,113.0,106.0,109.5,106.67839813232422,76317447
2019-09-05,TMPV.NS,Tata Motors Pass Vehicles,Retail Hype / Turnaround,109.75,119.3499984741211,109.5,118.05000305175781,115.00807189941406,75789807
2019-09-06,TMPV.NS,Tata Motors Pass Vehicles,Retail Hype / Turnaround,118.3499984741211,122.30000305175781,116.55000305175781,121.25,118.1256103515625,67761586
2019-09-09,TMPV.NS,Tata Motors Pass Vehicles,Retail Hype / Turnaround,119.0,122.5999984741211,117.3499984741211,121.9000015258789,118.75887298583984,51297512
2019-09-11,TMPV.NS,Tata Motors Pass Vehicles,Retail Hype / Turnaround,127.0,135.0,125.30000305175781,134.35000610351562,130.88804626464844,96568372
2019-09-12,TMPV.NS,Tata Motors Pass Vehicles,Retail Hype / Turnaround,134.60000610351562,135.35000610351562,126.69999694824219,127.94999694824219,124.65296173095703,72084195
2019-09-13,TMPV.NS,Tata Motors Pass Vehicles,Retail Hype / Turnaround,129.1999969482422,130.9499969482422,125.5,129.5500030517578,126.21173095703125,69088728
2019-09-16,TMPV.NS,Tata Motors Pass Vehicles,Retail Hype / Turnaround,128.0,130.3000030517578,126.5,128.60000610351562,125.28622436523438,40951047
2019-09-17,TMPV.NS,Tata Motors Pass Vehicles,Retail Hype / Turnaround,129.0,130.5,121.3499984741211,122.0,118.85628509521484,47652658
2019-09-18,TMPV.NS,Tata Motors Pass Vehicles,Retail Hype / Turnaround,123.05000305175781,125.9000015258789,120.5,121.75,118.61272430419922,53048836
2019-09-19,TMPV.NS,Tata Motors Pass Vehicles,Retail Hype / Turnaround,123.5,125.3499984741211,121.19999694824219,124.19999694824219,120.99959564208984,51011848
2019-09-20,TMPV.NS,Tata Motors Pass Vehicles,Retail Hype / Turnaround,125.0,137.75,122.5999984741211,133.25,129.81639099121094,89223235
2019-09-23,TMPV.NS,Tata Motors Pass Vehicles,Retail Hype / Turnaround,135.0,138.39999389648438,126.5,127.9000015258789,124.60425567626953,51032391
2019-09-24,TMPV.NS,Tata Motors Pass Vehicles,Retail Hype / Turnaround,128.0500030517578,132.1999969482422,128.0,130.89999389648438,127.52694702148438,41659100
2019-09-25,TMPV.NS,Tata Motors Pass Vehicles,Retail Hype / Turnaround,129.89999389648438,129.89999389648438,121.5,123.05000305175781,119.87923431396484,47567575
2019-09-26,TMPV.NS,Tata Motors Pass Vehicles,Retail Hype / Turnaround,123.9000015258789,127.25,122.80000305175781,124.5,121.2918701171875,45866398
2019-09-27,TMPV.NS,Tata Motors Pass Vehicles,Retail Hype / Turnaround,122.0,122.44999694824219,118.19999694824219,119.9000015258789,116.8104019165039,45875793
2019-09-30,TMPV.NS,Tata Motors Pass Vehicles,Retail Hype / Turnaround,120.6500015258789,120.8499984741211,116.4000015258789,117.44999694824219,114.42353057861328,32158885
2019-10-01,TMPV.NS,Tata Motors Pass Vehicles,Retail Hype / Turnaround,118.0,119.8499984741211,113.0,115.30000305175781,112.32893371582031,40232789
2019-10-03,TMPV.NS,Tata Motors Pass Vehicles,Retail Hype / Turnaround,112.6500015258789,123.5,112.6500015258789,122.4000015258789,119.24598693847656,65103359
2019-10-04,TMPV.NS,Tata Motors Pass Vehicles,Retail Hype / Turnaround,122.80000305175781,123.80000305175781,118.80000305175781,119.6500015258789,116.56684112548828,35712218
2019-10-07,TMPV.NS,Tata Motors Pass Vehicles,Retail Hype / Turnaround,120.25,120.55000305175781,116.3499984741211,117.5,114.47224426269531,35471184
2019-10-09,TMPV.NS,Tata Motors Pass Vehicles,Retail Hype / Turnaround,118.5,121.69999694824219,115.44999694824219,120.9000015258789,117.78463745117188,44666296
2019-10-10,TMPV.NS,Tata Motors Pass Vehicles,Retail Hype / Turnaround,119.30000305175781,119.69999694824219,116.19999694824219,116.80000305175781,113.790283203125,31229192
2019-10-11,TMPV.NS,Tata Motors Pass Vehicles,Retail Hype / Turnaround,118.05000305175781,122.19999694824219,117.25,121.30000305175781,118.17432403564453,41027561
2019-10-14,TMPV.NS,Tata Motors Pass Vehicles,Retail Hype / Turnaround,122.5999984741211,130.0,122.5,127.8499984741211,124.55554962158203,68048611
2019-10-15,TMPV.NS,Tata Motors Pass Vehicles,Retail Hype / Turnaround,127.0999984741211,128.89999389648438,123.69999694824219,126.94999694824219,123.67874145507812,57548920
2019-10-16,TMPV.NS,Tata Motors Pass Vehicles,Retail Hype / Turnaround,127.30000305175781,128.3000030517578,124.5,125.8499984741211,122.6070785522461,31522518
2019-10-17,TMPV.NS,Tata Motors Pass Vehicles,Retail Hype / Turnaround,127.0999984741211,144.35000610351562,125.0999984741211,139.5,135.9053497314453,67933615
2019-10-18,TMPV.NS,Tata Motors Pass Vehicles,Retail Hype / Turnaround,139.0,141.8000030517578,135.60000610351562,136.85000610351562,133.32363891601562,64884113
2019-10-22,TMPV.NS,Tata Motors Pass Vehicles,Retail Hype / Turnaround,133.35000610351562,135.60000610351562,129.8000030517578,131.75,128.3550567626953,53532482
2019-10-23,TMPV.NS,Tata Motors Pass Vehicles,Retail Hype / Turnaround,130.4499969482422,133.8000030517578,127.25,132.64999389648438,129.23184204101562,50293574
2019-10-24,TMPV.NS,Tata Motors Pass Vehicles,Retail Hype / Turnaround,133.0,135.14999389648438,130.5,133.5,130.05996704101562,41951668
2019-10-25,TMPV.NS,Tata Motors Pass Vehicles,Retail Hype / Turnaround,132.0,133.0,125.69999694824219,126.8499984741211,123.58131408691406,42868958
2019-10-27,TMPV.NS,Tata Motors Pass Vehicles,Retail Hype / Turnaround,139.5,150.6999969482422,139.5,147.6999969482422,143.89405822753906,39489993
2019-10-29,TMPV.NS,Tata Motors Pass Vehicles,Retail Hype / Turnaround,151.89999389648438,175.5,151.1999969482422,172.4499969482422,168.0063018798828,184435614
2019-10-30,TMPV.NS,Tata Motors Pass Vehicles,Retail Hype / Turnaround,175.0,175.64999389648438,166.5500030517578,171.89999389648438,167.47044372558594,90759545
2019-10-31,TMPV.NS,Tata Motors Pass Vehicles,Retail Hype / Turnaround,169.8000030517578,179.64999389648438,168.9499969482422,177.6999969482422,173.12100219726562,81392641
2019-11-01,TMPV.NS,Tata Motors Pass Vehicles,Retail Hype / Turnaround,175.1999969482422,178.0,172.39999389648438,175.0500030517578,170.53927612304688,40613555
2019-11-04,TMPV.NS,Tata Motors Pass Vehicles,Retail Hype / Turnaround,171.60000610351562,178.4499969482422,170.85000610351562,172.1999969482422,167.7627410888672,40641411
2019-11-05,TMPV.NS,Tata Motors Pass Vehicles,Retail Hype / Turnaround,173.25,175.75,169.9499969482422,172.0,167.56788635253906,36268596
2019-11-06,TMPV.NS,Tata Motors Pass Vehicles,Retail Hype / Turnaround,172.0,176.35000610351562,170.5,174.5,170.0034637451172,28923778
2019-11-07,TMPV.NS,Tata Motors Pass Vehicles,Retail Hype / Turnaround,174.6999969482422,174.6999969482422,167.60000610351562,171.5,167.08078002929688,38625387
2019-11-08,TMPV.NS,Tata Motors Pass Vehicles,Retail Hype / Turnaround,170.75,178.89999389648438,167.8000030517578,169.0500030517578,164.6938934326172,39102947
2019-11-11,TMPV.NS,Tata Motors Pass Vehicles,Retail Hype / Turnaround,169.1999969482422,172.9499969482422,169.0500030517578,172.0,167.56788635253906,22192924
2019-11-13,TMPV.NS,Tata Motors Pass Vehicles,Retail Hype / Turnaround,171.5,176.0,169.39999389648438,170.60000610351562,166.2039794921875,33926248
2019-11-14,TMPV.NS,Tata Motors Pass Vehicles,Retail Hype / Turnaround,170.1999969482422,170.3000030517578,165.5,167.0500030517578,162.74542236328125,25433481
2019-11-15,TMPV.NS,Tata Motors Pass Vehicles,Retail Hype / Turnaround,169.0,173.39999389648438,167.35000610351562,168.5500030517578,164.20677185058594,29614682
2019-11-18,TMPV.NS,Tata Motors Pass Vehicles,Retail Hype / Turnaround,172.10000610351562,172.10000610351562,169.25,170.10000610351562,165.7168426513672,19053232
2019-11-19,TMPV.NS,Tata Motors Pass Vehicles,Retail Hype / Turnaround,170.8000030517578,171.75,167.10000610351562,167.75,163.42739868164062,19599195
2019-11-20,TMPV.NS,Tata Motors Pass Vehicles,Retail Hype / Turnaround,167.75,170.1999969482422,166.1999969482422,167.39999389648438,163.08642578125,19504078
2019-11-21,TMPV.NS,Tata Motors Pass Vehicles,Retail Hype / Turnaround,166.9499969482422,170.10000610351562,163.0,164.14999389648438,159.92013549804688,21609120
2019-11-22,TMPV.NS,Tata Motors Pass Vehicles,Retail Hype / Turnaround,164.89999389648438,165.25,160.5500030517578,162.35000610351562,158.16656494140625,21200979
2019-11-25,TMPV.NS,Tata Motors Pass Vehicles,Retail Hype / Turnaround,160.6999969482422,166.60000610351562,159.89999389648438,166.10000610351562,161.81991577148438,26131453
2019-11-26,TMPV.NS,Tata Motors Pass Vehicles,Retail Hype / Turnaround,166.64999389648438,167.3000030517578,162.5500030517578,163.39999389648438,159.18948364257812,25520822
2019-11-27,TMPV.NS,Tata Motors Pass Vehicles,Retail Hype / Turnaround,165.3000030517578,169.3000030517578,165.0,165.89999389648438,161.62506103515625,29527702
2019-11-28,TMPV.NS,Tata Motors Pass Vehicles,Retail Hype / Turnaround,165.75,166.3000030517578,163.5500030517578,164.8000030517578,160.55340576171875,16609775
2019-11-29,TMPV.NS,Tata Motors Pass Vehicles,Retail Hype / Turnaround,164.8000030517578,167.75,160.60000610351562,161.5,157.3384552001953,20010205
2019-12-02,TMPV.NS,Tata Motors Pass Vehicles,Retail Hype / Turnaround,160.9499969482422,163.0,158.9499969482422,161.0500030517578,156.9000244140625,19441998
2019-12-03,TMPV.NS,Tata Motors Pass Vehicles,Retail Hype / Turnaround,162.9499969482422,162.9499969482422,157.39999389648438,158.1999969482422,154.12347412109375,21156471
2019-12-04,TMPV.NS,Tata Motors Pass Vehicles,Retail Hype / Turnaround,158.5,170.35000610351562,157.6999969482422,169.39999389648438,165.0348663330078,72084687
2019-12-05,TMPV.NS,Tata Motors Pass Vehicles,Retail Hype / Turnaround,170.35000610351562,172.1999969482422,165.1999969482422,166.10000610351562,161.81991577148438,31787128
2019-12-06,TMPV.NS,Tata Motors Pass Vehicles,Retail Hype / Turnaround,167.0,168.0,160.0500030517578,161.5,157.3384552001953,27727162
2019-12-09,TMPV.NS,Tata Motors Pass Vehicles,Retail Hype / Turnaround,162.0,166.4499969482422,159.75,160.5,156.3642120361328,30920409
2019-12-10,TMPV.NS,Tata Motors Pass Vehicles,Retail Hype / Turnaround,162.14999389648438,163.25,159.0500030517578,159.6999969482422,155.5848388671875,26259395
2019-12-11,TMPV.NS,Tata Motors Pass Vehicles,Retail Hype / Turnaround,160.39999389648438,163.0,157.39999389648438,161.8000030517578,157.63070678710938,21154277
2019-12-12,TMPV.NS,Tata Motors Pass Vehicles,Retail Hype / Turnaround,163.4499969482422,174.89999389648438,162.5,173.35000610351562,168.8831024169922,66138915
2019-12-13,TMPV.NS,Tata Motors Pass Vehicles,Retail Hype / Turnaround,177.25,183.9499969482422,175.5,176.6999969482422,172.1467742919922,93019636
2019-12-16,TMPV.NS,Tata Motors Pass Vehicles,Retail Hype / Turnaround,177.0,178.8000030517578,173.35000610351562,174.9499969482422,170.4418487548828,26249975
2019-12-17,TMPV.NS,Tata Motors Pass Vehicles,Retail Hype / Turnaround,176.0,181.14999389648438,175.35000610351562,180.1999969482422,175.55657958984375,38213263
2019-12-18,TMPV.NS,Tata Motors Pass Vehicles,Retail Hype / Turnaround,182.10000610351562,184.5,170.4499969482422,174.8000030517578,170.2957305908203,63861334
2019-12-19,TMPV.NS,Tata Motors Pass Vehicles,Retail Hype / Turnaround,174.64999389648438,180.1999969482422,174.0,179.14999389648438,174.53363037109375,53466924
2019-12-20,TMPV.NS,Tata Motors Pass Vehicles,Retail Hype / Turnaround,180.39999389648438,181.6999969482422,174.85000610351562,175.9499969482422,171.4160919189453,48818008
2019-12-23,TMPV.NS,Tata Motors Pass Vehicles,Retail Hype / Turnaround,176.85000610351562,179.0,174.14999389648438,176.0500030517578,171.51353454589844,27192195
2019-12-24,TMPV.NS,Tata Motors Pass Vehicles,Retail Hype / Turnaround,177.64999389648438,178.0,174.64999389648438,175.5,170.97769165039062,20560311
2019-12-26,TMPV.NS,Tata Motors Pass Vehicles,Retail Hype / Turnaround,175.89999389648438,176.4499969482422,174.10000610351562,174.60000610351562,170.10089111328125,18785333
2019-12-27,TMPV.NS,Tata Motors Pass Vehicles,Retail Hype / Turnaround,176.0,176.9499969482422,174.85000610351562,176.14999389648438,171.61093139648438,12095797
2019-12-30,TMPV.NS,Tata Motors Pass Vehicles,Retail Hype / Turnaround,177.1999969482422,184.35000610351562,176.3000030517578,183.6999969482422,178.9663848876953,40948394
2019-12-31,TMPV.NS,Tata Motors Pass Vehicles,Retail Hype / Turnaround,184.0,187.89999389648438,181.5500030517578,185.14999389648438,180.3790283203125,52869996
2020-01-01,TMPV.NS,Tata Motors Pass Vehicles,Retail Hype / Turnaround,185.14999389648438,186.6999969482422,183.60000610351562,184.4499969482422,179.6970672607422,25968357
2020-01-02,TMPV.NS,Tata Motors Pass Vehicles,Retail Hype / Turnaround,185.0,194.6999969482422,184.60000610351562,193.75,188.75743103027344,57289863
2020-01-03,TMPV.NS,Tata Motors Pass Vehicles,Retail Hype / Turnaround,192.89999389648438,195.64999389648438,189.25,191.10000610351562,186.17572021484375,47572728
2020-01-06,TMPV.NS,Tata Motors Pass Vehicles,Retail Hype / Turnaround,191.0,191.0,185.0500030517578,185.64999389648438,180.8661346435547,28621212
2020-01-07,TMPV.NS,Tata Motors Pass Vehicles,Retail Hype / Turnaround,187.0,189.39999389648438,182.3000030517578,184.6999969482422,179.94061279296875,34995035
2020-01-08,TMPV.NS,Tata Motors Pass Vehicles,Retail Hype / Turnaround,180.1999969482422,184.1999969482422,180.1999969482422,182.5500030517578,177.8460235595703,21862695
2020-01-09,TMPV.NS,Tata Motors Pass Vehicles,Retail Hype / Turnaround,184.85000610351562,192.75,184.25,192.0,187.05252075195312,40803142
2020-01-10,TMPV.NS,Tata Motors Pass Vehicles,Retail Hype / Turnaround,192.0,199.0,190.0,196.35000610351562,191.29043579101562,60252338
2020-01-13,TMPV.NS,Tata Motors Pass Vehicles,Retail Hype / Turnaround,194.75,197.75,191.39999389648438,196.25,191.1929931640625,40535961
2020-01-14,TMPV.NS,Tata Motors Pass Vehicles,Retail Hype / Turnaround,195.6999969482422,198.25,193.60000610351562,195.85000610351562,190.80331420898438,29867542
2020-01-15,TMPV.NS,Tata Motors Pass Vehicles,Retail Hype / Turnaround,195.0,201.6999969482422,194.0,200.35000610351562,195.18736267089844,38485962
2020-01-16,TMPV.NS,Tata Motors Pass Vehicles,Retail Hype / Turnaround,199.5,200.60000610351562,196.89999389648438,197.5500030517578,192.45950317382812,28118140
2020-01-17,TMPV.NS,Tata Motors Pass Vehicles,Retail Hype / Turnaround,197.25,199.4499969482422,195.6999969482422,197.3000030517578,192.21595764160156,18204088
2020-01-20,TMPV.NS,Tata Motors Pass Vehicles,Retail Hype / Turnaround,198.0,201.4499969482422,194.3000030517578,195.0,189.9752197265625,28976013
2020-01-21,TMPV.NS,Tata Motors Pass Vehicles,Retail Hype / Turnaround,195.5,196.39999389648438,190.1999969482422,191.39999389648438,186.4679718017578,20859400
2020-01-22,TMPV.NS,Tata Motors Pass Vehicles,Retail Hype / Turnaround,191.9499969482422,192.5,184.25,185.60000610351562,180.81744384765625,32952072
2020-01-23,TMPV.NS,Tata Motors Pass Vehicles,Retail Hype / Turnaround,186.75,190.39999389648438,183.8000030517578,188.39999389648438,183.5452880859375,33032086
2020-01-24,TMPV.NS,Tata Motors Pass Vehicles,Retail Hype / Turnaround,188.0,191.0,185.0,186.5,181.69424438476562,21791825
2020-01-27,TMPV.NS,Tata Motors Pass Vehicles,Retail Hype / Turnaround,185.6999969482422,186.89999389648438,180.85000610351562,182.1999969482422,177.5050506591797,30132428
2020-01-28,TMPV.NS,Tata Motors Pass Vehicles,Retail Hype / Turnaround,183.89999389648438,184.3000030517578,174.89999389648438,176.10000610351562,171.56224060058594,38283588
2020-01-29,TMPV.NS,Tata Motors Pass Vehicles,Retail Hype / Turnaround,178.8000030517578,188.89999389648438,178.5500030517578,188.0500030517578,183.2042999267578,61585660
2020-01-30,TMPV.NS,Tata Motors Pass Vehicles,Retail Hype / Turnaround,190.9499969482422,192.5500030517578,184.25,186.1999969482422,181.4019775390625,70900581
2020-01-31,TMPV.NS,Tata Motors Pass Vehicles,Retail Hype / Turnaround,186.3000030517578,188.35000610351562,175.9499969482422,176.60000610351562,172.0493621826172,75621897
2020-02-03,TMPV.NS,Tata Motors Pass Vehicles,Retail Hype / Turnaround,163.5,168.3000030517578,159.5500030517578,163.85000610351562,159.62789916992188,66616190
2020-02-04,TMPV.NS,Tata Motors Pass Vehicles,Retail Hype / Turnaround,166.5500030517578,168.60000610351562,161.1999969482422,165.6999969482422,161.4302215576172,49034642
2020-02-05,TMPV.NS,Tata Motors Pass Vehicles,Retail Hype / Turnaround,167.39999389648438,184.9499969482422,166.60000610351562,183.75,179.0150909423828,92982265
2020-02-06,TMPV.NS,Tata Motors Pass Vehicles,Retail Hype / Turnaround,182.0,183.39999389648438,175.75,178.85000610351562,174.2413787841797,61821140
2020-02-07,TMPV.NS,Tata Motors Pass Vehicles,Retail Hype / Turnaround,177.39999389648438,178.14999389648438,173.0,173.60000610351562,169.1266632080078,45195760
2020-02-10,TMPV.NS,Tata Motors Pass Vehicles,Retail Hype / Turnaround,173.1999969482422,173.1999969482422,168.0,168.89999389648438,164.54776000976562,33279372
2020-02-11,TMPV.NS,Tata Motors Pass Vehicles,Retail Hype / Turnaround,171.85000610351562,175.14999389648438,168.39999389648438,169.75,165.3758544921875,42868276
2020-02-12,TMPV.NS,Tata Motors Pass Vehicles,Retail Hype / Turnaround,173.0,173.3000030517578,169.0,170.9499969482422,166.544921875,34621395
2020-02-13,TMPV.NS,Tata Motors Pass Vehicles,Retail Hype / Turnaround,171.35000610351562,172.35000610351562,168.10000610351562,169.5,165.13229370117188,25049848
2020-02-14,TMPV.NS,Tata Motors Pass Vehicles,Retail Hype / Turnaround,172.0,176.1999969482422,168.3000030517578,169.10000610351562,164.74261474609375,56676430
2020-02-17,TMPV.NS,Tata Motors Pass Vehicles,Retail Hype / Turnaround,170.39999389648438,171.35000610351562,166.35000610351562,169.10000610351562,164.74261474609375,32893274
2020-02-18,TMPV.NS,Tata Motors Pass Vehicles,Retail Hype / Turnaround,168.0,168.0,158.60000610351562,161.60000610351562,157.43589782714844,52744122
2020-02-19,TMPV.NS,Tata Motors Pass Vehicles,Retail Hype / Turnaround,162.85000610351562,164.60000610351562,153.0500030517578,158.0500030517578,153.9773406982422,78914233
2020-02-20,TMPV.NS,Tata Motors Pass Vehicles,Retail Hype / Turnaround,157.9499969482422,162.3000030517578,156.0,158.5,154.415771484375,54328194
2020-02-24,TMPV.NS,Tata Motors Pass Vehicles,Retail Hype / Turnaround,154.0,155.89999389648438,149.60000610351562,150.64999389648438,146.7680206298828,39706007
2020-02-25,TMPV.NS,Tata Motors Pass Vehicles,Retail Hype / Turnaround,152.1999969482422,153.39999389648438,147.4499969482422,149.89999389648438,146.037353515625,52719851
2020-02-26,TMPV.NS,Tata Motors Pass Vehicles,Retail Hype / Turnaround,146.89999389648438,147.89999389648438,143.6999969482422,144.5500030517578,140.82522583007812,47605927
2020-02-27,TMPV.NS,Tata Motors Pass Vehicles,Retail Hype / Turnaround,144.14999389648438,146.75,141.10000610351562,145.25,141.50718688964844,51328153
2020-02-28,TMPV.NS,Tata Motors Pass Vehicles,Retail Hype / Turnaround,138.85000610351562,139.60000610351562,127.05000305175781,128.9499969482422,125.62718963623047,94469619
2020-03-02,TMPV.NS,Tata Motors Pass Vehicles,Retail Hype / Turnaround,133.0,133.89999389648438,123.80000305175781,125.4000015258789,122.16868591308594,111585697
2020-03-03,TMPV.NS,Tata Motors Pass Vehicles,Retail Hype / Turnaround,127.5,131.39999389648438,125.25,130.35000610351562,126.99113464355469,86765576
2020-03-04,TMPV.NS,Tata Motors Pass Vehicles,Retail Hype / Turnaround,129.60000610351562,129.60000610351562,120.55000305175781,126.19999694824219,122.94805908203125,97546902
2020-03-05,TMPV.NS,Tata Motors Pass Vehicles,Retail Hype / Turnaround,127.55000305175781,129.14999389648438,124.25,125.75,122.50965881347656,87795649
2020-03-06,TMPV.NS,Tata Motors Pass Vehicles,Retail Hype / Turnaround,115.0,117.30000305175781,112.80000305175781,114.19999694824219,111.25727844238281,83971462
2020-03-09,TMPV.NS,Tata Motors Pass Vehicles,Retail Hype / Turnaround,109.0,109.8499984741211,104.25,105.69999694824219,102.97630310058594,81549809
2020-03-11,TMPV.NS,Tata Motors Pass Vehicles,Retail Hype / Turnaround,104.8499984741211,106.5,97.80000305175781,98.9000015258789,96.35153198242188,111146790
2020-03-12,TMPV.NS,Tata Motors Pass Vehicles,Retail Hype / Turnaround,91.0999984741211,94.9000015258789,84.0999984741211,88.0,85.7323989868164,143550830
2020-03-13,TMPV.NS,Tata Motors Pass Vehicles,Retail Hype / Turnaround,81.9000015258789,94.1500015258789,78.05000305175781,89.75,87.43731689453125,106151311
2020-03-16,TMPV.NS,Tata Motors Pass Vehicles,Retail Hype / Turnaround,85.5999984741211,87.6500015258789,82.19999694824219,82.94999694824219,80.81253051757812,73702778
2020-03-17,TMPV.NS,Tata Motors Pass Vehicles,Retail Hype / Turnaround,83.05000305175781,85.0,77.4000015258789,77.94999694824219,75.94136810302734,71842549
2020-03-18,TMPV.NS,Tata Motors Pass Vehicles,Retail Hype / Turnaround,79.9000015258789,80.44999694824219,75.0999984741211,75.5,73.55451202392578,70105052
2020-03-19,TMPV.NS,Tata Motors Pass Vehicles,Retail Hype / Turnaround,70.0,76.5,68.75,72.94999694824219,71.0702133178711,68122549
2020-03-20,TMPV.NS,Tata Motors Pass Vehicles,Retail Hype / Turnaround,74.0,79.5999984741211,72.6500015258789,77.30000305175781,75.3081283569336,86043342
2020-03-23,TMPV.NS,Tata Motors Pass Vehicles,Retail Hype / Turnaround,70.0,72.0,66.0,66.19999694824219,64.494140625,34184325
2020-03-24,TMPV.NS,Tata Motors Pass Vehicles,Retail Hype / Turnaround,69.9000015258789,71.5,63.5,68.55000305175781,66.78359985351562,49551990
2020-03-25,TMPV.NS,Tata Motors Pass Vehicles,Retail Hype / Turnaround,67.75,71.69999694824219,67.25,70.25,68.43978881835938,57713806
2020-03-26,TMPV.NS,Tata Motors Pass Vehicles,Retail Hype / Turnaround,71.44999694824219,73.5,68.30000305175781,70.80000305175781,68.97562408447266,63821068
2020-03-27,TMPV.NS,Tata Motors Pass Vehicles,Retail Hype / Turnaround,72.05000305175781,75.9000015258789,69.3499984741211,70.69999694824219,68.87818908691406,58814757
2020-03-30,TMPV.NS,Tata Motors Pass Vehicles,Retail Hype / Turnaround,68.80000305175781,70.0,67.25,68.1500015258789,66.39390563964844,35278010
2020-03-31,TMPV.NS,Tata Motors Pass Vehicles,Retail Hype / Turnaround,70.5999984741211,71.5,68.19999694824219,71.05000305175781,69.21917724609375,46157286
2020-04-01,TMPV.NS,Tata Motors Pass Vehicles,Retail Hype / Turnaround,70.5,71.6500015258789,67.55000305175781,67.94999694824219,66.19905090332031,38149007
2020-04-03,TMPV.NS,Tata Motors Pass Vehicles,Retail Hype / Turnaround,66.9000015258789,66.9000015258789,64.80000305175781,65.30000305175781,63.61734390258789,35346301
2020-04-07,TMPV.NS,Tata Motors Pass Vehicles,Retail Hype / Turnaround,68.55000305175781,69.30000305175781,66.9000015258789,67.25,65.51708984375,42066469
2020-04-08,TMPV.NS,Tata Motors Pass Vehicles,Retail Hype / Turnaround,66.5,71.5999984741211,65.4000015258789,67.5999984741211,65.85807037353516,82179303
2020-04-09,TMPV.NS,Tata Motors Pass Vehicles,Retail Hype / Turnaround,69.5999984741211,76.25,69.0999984741211,74.5999984741211,72.67769622802734,112677273
2020-04-13,TMPV.NS,Tata Motors Pass Vehicles,Retail Hype / Turnaround,76.0,77.5999984741211,72.69999694824219,74.25,72.33671569824219,70409900
2020-04-15,TMPV.NS,Tata Motors Pass Vehicles,Retail Hype / Turnaround,75.4000015258789,78.69999694824219,71.94999694824219,72.9000015258789,71.0215072631836,81121081
2020-04-16,TMPV.NS,Tata Motors Pass Vehicles,Retail Hype / Turnaround,71.75,75.4000015258789,71.0,74.6500015258789,72.7264175415039,47910164
2020-04-17,TMPV.NS,Tata Motors Pass Vehicles,Retail Hype / Turnaround,78.30000305175781,78.30000305175781,74.69999694824219,76.8499984741211,74.86972045898438,58333485
2020-04-20,TMPV.NS,Tata Motors Pass Vehicles,Retail Hype / Turnaround,76.8499984741211,83.4000015258789,75.5,80.44999694824219,78.376953125,125425355
2020-04-21,TMPV.NS,Tata Motors Pass Vehicles,Retail Hype / Turnaround,78.0,78.0,74.0,74.6500015258789,72.7264175415039,58248325
2020-04-22,TMPV.NS,Tata Motors Pass Vehicles,Retail Hype / Turnaround,74.44999694824219,76.55000305175781,72.55000305175781,75.9000015258789,73.94419860839844,56529293
2020-04-23,TMPV.NS,Tata Motors Pass Vehicles,Retail Hype / Turnaround,76.75,78.6500015258789,75.4000015258789,75.6500015258789,73.70063781738281,50366856
2020-04-24,TMPV.NS,Tata Motors Pass Vehicles,Retail Hype / Turnaround,75.0,76.9000015258789,74.0,74.19999694824219,72.28800201416016,40047438
2020-04-27,TMPV.NS,Tata Motors Pass Vehicles,Retail Hype / Turnaround,75.9000015258789,76.19999694824219,74.80000305175781,75.25,73.31095123291016,27835340
2020-04-28,TMPV.NS,Tata Motors Pass Vehicles,Retail Hype / Turnaround,75.6500015258789,78.19999694824219,75.19999694824219,76.94999694824219,74.96714782714844,34825405
2020-04-29,TMPV.NS,Tata Motors Pass Vehicles,Retail Hype / Turnaround,77.44999694824219,79.30000305175781,76.55000305175781,78.1500015258789,76.13622283935547,40784783
2020-04-30,TMPV.NS,Tata Motors Pass Vehicles,Retail Hype / Turnaround,85.94999694824219,93.75,85.94999694824219,93.25,90.84712219238281,170634033
2020-05-04,TMPV.NS,Tata Motors Pass Vehicles,Retail Hype / Turnaround,87.0,87.19999694824219,81.5,83.9000015258789,81.73805236816406,91159477
2020-05-05,TMPV.NS,Tata Motors Pass Vehicles,Retail Hype / Turnaround,86.0,86.80000305175781,80.4000015258789,80.9000015258789,78.81535339355469,57122148
2020-05-06,TMPV.NS,Tata Motors Pass Vehicles,Retail Hype / Turnaround,81.55000305175781,83.94999694824219,80.3499984741211,83.19999694824219,81.05608367919922,53739248
2020-05-07,TMPV.NS,Tata Motors Pass Vehicles,Retail Hype / Turnaround,82.9000015258789,84.6500015258789,82.0999984741211,82.5,80.37413024902344,31159970
2020-05-08,TMPV.NS,Tata Motors Pass Vehicles,Retail Hype / Turnaround,84.5,84.94999694824219,80.55000305175781,81.05000305175781,78.96149444580078,35362751
2020-05-11,TMPV.NS,Tata Motors Pass Vehicles,Retail Hype / Turnaround,81.44999694824219,90.6500015258789,81.4000015258789,86.0999984741211,83.8813705444336,152588401
2020-05-12,TMPV.NS,Tata Motors Pass Vehicles,Retail Hype / Turnaround,85.94999694824219,87.69999694824219,83.5,86.19999694824219,83.9787826538086,77551590
2020-05-13,TMPV.NS,Tata Motors Pass Vehicles,Retail Hype / Turnaround,92.5,92.5,86.25,87.19999694824219,84.95301818847656,68086031
2020-05-14,TMPV.NS,Tata Motors Pass Vehicles,Retail Hype / Turnaround,83.94999694824219,85.30000305175781,82.55000305175781,83.80000305175781,81.64063262939453,46340453
2020-05-15,TMPV.NS,Tata Motors Pass Vehicles,Retail Hype / Turnaround,84.69999694824219,85.3499984741211,82.80000305175781,84.3499984741211,82.17646026611328,38592209
2020-05-18,TMPV.NS,Tata Motors Pass Vehicles,Retail Hype / Turnaround,84.5,84.5,79.5999984741211,80.6500015258789,78.57180786132812,44221170
2020-05-19,TMPV.NS,Tata Motors Pass Vehicles,Retail Hype / Turnaround,82.5,85.6500015258789,81.5,81.80000305175781,79.69216918945312,65378983
2020-05-20,TMPV.NS,Tata Motors Pass Vehicles,Retail Hype / Turnaround,81.25,84.4000015258789,80.69999694824219,83.44999694824219,81.29965209960938,36351053
2020-05-21,TMPV.NS,Tata Motors Pass Vehicles,Retail Hype / Turnaround,83.0999984741211,85.19999694824219,82.9000015258789,84.0999984741211,81.93289184570312,37290144
2020-05-22,TMPV.NS,Tata Motors Pass Vehicles,Retail Hype / Turnaround,83.4000015258789,83.9000015258789,82.0,82.80000305175781,80.6664047241211,29252676
2020-05-26,TMPV.NS,Tata Motors Pass Vehicles,Retail Hype / Turnaround,83.9000015258789,85.69999694824219,82.5999984741211,83.0999984741211,80.95867156982422,38014864
2020-05-27,TMPV.NS,Tata Motors Pass Vehicles,Retail Hype / Turnaround,84.0999984741211,86.0,84.0,84.55000305175781,82.37130737304688,57947903
2020-05-28,TMPV.NS,Tata Motors Pass Vehicles,Retail Hype / Turnaround,86.0,88.1500015258789,84.55000305175781,87.0,84.75817108154297,96179680
2020-05-29,TMPV.NS,Tata Motors Pass Vehicles,Retail Hype / Turnaround,85.55000305175781,87.5,84.6500015258789,87.0,84.75817108154297,80813537
2020-06-01,TMPV.NS,Tata Motors Pass Vehicles,Retail Hype / Turnaround,88.9000015258789,91.19999694824219,88.0,89.55000305175781,87.24246215820312,71070852
2020-06-02,TMPV.NS,Tata Motors Pass Vehicles,Retail Hype / Turnaround,90.0,97.30000305175781,89.75,96.5,94.01337432861328,125407771
2020-06-03,TMPV.NS,Tata Motors Pass Vehicles,Retail Hype / Turnaround,100.0,101.44999694824219,97.4000015258789,98.75,96.20539855957031,90598067
2020-06-04,TMPV.NS,Tata Motors Pass Vehicles,Retail Hype / Turnaround,99.0,101.4000015258789,96.80000305175781,98.5,95.96183013916016,72078707
2020-06-05,TMPV.NS,Tata Motors Pass Vehicles,Retail Hype / Turnaround,100.44999694824219,112.44999694824219,99.05000305175781,110.75,107.89617919921875,187209208
2020-06-08,TMPV.NS,Tata Motors Pass Vehicles,Retail Hype / Turnaround,114.0,119.1500015258789,113.3499984741211,115.44999694824219,112.47506713867188,136943010
2020-06-09,TMPV.NS,Tata Motors Pass Vehicles,Retail Hype / Turnaround,117.44999694824219,117.9000015258789,110.25,111.44999694824219,108.57814025878906,79473751
2020-06-10,TMPV.NS,Tata Motors Pass Vehicles,Retail Hype / Turnaround,111.0,113.0,108.5,111.4000015258789,108.52943420410156,84038431
2020-06-11,TMPV.NS,Tata Motors Pass Vehicles,Retail Hype / Turnaround,109.9000015258789,111.1500015258789,105.0,106.1500015258789,103.41471862792969,55485897
2020-06-12,TMPV.NS,Tata Motors Pass Vehicles,Retail Hype / Turnaround,98.0,106.25,98.0,105.30000305175781,102.58661651611328,92989560
2020-06-15,TMPV.NS,Tata Motors Pass Vehicles,Retail Hype / Turnaround,104.6500015258789,104.6500015258789,100.05000305175781,100.5,97.91030883789062,69318356
2020-06-16,TMPV.NS,Tata Motors Pass Vehicles,Retail Hype / Turnaround,102.0,103.5,92.0,94.75,92.30846405029297,215476711
2020-06-17,TMPV.NS,Tata Motors Pass Vehicles,Retail Hype / Turnaround,93.0,96.4000015258789,91.80000305175781,95.4000015258789,92.94171905517578,110830038
2020-06-18,TMPV.NS,Tata Motors Pass Vehicles,Retail Hype / Turnaround,95.0,97.19999694824219,94.1500015258789,96.3499984741211,93.86724090576172,58964344
2020-06-19,TMPV.NS,Tata Motors Pass Vehicles,Retail Hype / Turnaround,96.5,103.9000015258789,95.5999984741211,102.5,99.85877227783203,135462757
2020-06-22,TMPV.NS,Tata Motors Pass Vehicles,Retail Hype / Turnaround,102.3499984741211,104.9000015258789,101.0,102.6500015258789,100.0049057006836,68545834
2020-06-23,TMPV.NS,Tata Motors Pass Vehicles,Retail Hype / Turnaround,103.0,106.0,101.9000015258789,104.4000015258789,101.70980072021484,68638552
2020-06-24,TMPV.NS,Tata Motors Pass Vehicles,Retail Hype / Turnaround,105.25,110.80000305175781,104.19999694824219,104.80000305175781,102.09950256347656,125457492
2020-06-25,TMPV.NS,Tata Motors Pass Vehicles,Retail Hype / Turnaround,103.8499984741211,106.30000305175781,101.6500015258789,103.80000305175781,101.1252670288086,63198285
2020-06-26,TMPV.NS,Tata Motors Pass Vehicles,Retail Hype / Turnaround,105.4000015258789,106.05000305175781,100.3499984741211,101.4000015258789,98.787109375,56327855
2020-06-29,TMPV.NS,Tata Motors Pass Vehicles,Retail Hype / Turnaround,101.4000015258789,101.4000015258789,98.05000305175781,99.44999694824219,96.8873519897461,43274006
2020-06-30,TMPV.NS,Tata Motors Pass Vehicles,Retail Hype / Turnaround,101.75,102.30000305175781,97.30000305175781,98.25,95.7182846069336,50764363
2020-07-01,TMPV.NS,Tata Motors Pass Vehicles,Retail Hype / Turnaround,99.0,101.44999694824219,98.19999694824219,100.75,98.15385437011719,50857376
2020-07-02,TMPV.NS,Tata Motors Pass Vehicles,Retail Hype / Turnaround,100.75,102.94999694824219,100.4000015258789,101.55000305175781,98.9332504272461,48083736
2020-07-03,TMPV.NS,Tata Motors Pass Vehicles,Retail Hype / Turnaround,102.8499984741211,106.3499984741211,102.0999984741211,103.44999694824219,100.78428649902344,87310642
2020-07-06,TMPV.NS,Tata Motors Pass Vehicles,Retail Hype / Turnaround,105.0,109.9000015258789,104.5,109.0,106.19127655029297,91970198
2020-07-07,TMPV.NS,Tata Motors Pass Vehicles,Retail Hype / Turnaround,109.80000305175781,112.5999984741211,108.05000305175781,109.05000305175781,106.239990234375,85835716
2020-07-08,TMPV.NS,Tata Motors Pass Vehicles,Retail Hype / Turnaround,109.5,110.8499984741211,104.19999694824219,105.3499984741211,102.63532257080078,55887256
2020-07-09,TMPV.NS,Tata Motors Pass Vehicles,Retail Hype / Turnaround,106.30000305175781,108.94999694824219,104.6500015258789,106.94999694824219,104.19409942626953,54492650
2020-07-10,TMPV.NS,Tata Motors Pass Vehicles,Retail Hype / Turnaround,106.69999694824219,108.5999984741211,105.4000015258789,107.5999984741211,104.82734680175781,64694173
2020-07-13,TMPV.NS,Tata Motors Pass Vehicles,Retail Hype / Turnaround,108.8499984741211,112.0999984741211,106.8499984741211,108.0,105.21704864501953,81893001
2020-07-14,TMPV.NS,Tata Motors Pass Vehicles,Retail Hype / Turnaround,106.9000015258789,107.55000305175781,104.0999984741211,105.1500015258789,102.44048309326172,46924623
2020-07-15,TMPV.NS,Tata Motors Pass Vehicles,Retail Hype / Turnaround,106.80000305175781,106.80000305175781,102.5,103.19999694824219,100.54072570800781,49687046
2020-07-16,TMPV.NS,Tata Motors Pass Vehicles,Retail Hype / Turnaround,103.94999694824219,103.94999694824219,100.5999984741211,102.94999694824219,100.29715728759766,44333785
2020-07-17,TMPV.NS,Tata Motors Pass Vehicles,Retail Hype / Turnaround,103.6500015258789,106.94999694824219,103.30000305175781,106.4000015258789,103.65827178955078,42080157
2020-07-20,TMPV.NS,Tata Motors Pass Vehicles,Retail Hype / Turnaround,106.3499984741211,106.3499984741211,103.8499984741211,105.05000305175781,102.34307098388672,39786731
2020-07-21,TMPV.NS,Tata Motors Pass Vehicles,Retail Hype / Turnaround,106.0,109.69999694824219,105.5,108.44999694824219,105.65544891357422,66008143
2020-07-22,TMPV.NS,Tata Motors Pass Vehicles,Retail Hype / Turnaround,108.5,109.75,104.25,105.1500015258789,102.44048309326172,50735592
2020-07-23,TMPV.NS,Tata Motors Pass Vehicles,Retail Hype / Turnaround,105.44999694824219,106.44999694824219,104.69999694824219,106.05000305175781,103.31729125976562,30722413
2020-07-24,TMPV.NS,Tata Motors Pass Vehicles,Retail Hype / Turnaround,104.69999694824219,105.5,102.69999694824219,103.75,101.07655334472656,39363520
2020-07-27,TMPV.NS,Tata Motors Pass Vehicles,Retail Hype / Turnaround,104.0,104.5,101.30000305175781,101.69999694824219,99.07937622070312,29644533
2020-07-28,TMPV.NS,Tata Motors Pass Vehicles,Retail Hype / Turnaround,102.30000305175781,107.19999694824219,102.0,106.44999694824219,103.70698547363281,64271161
2020-07-29,TMPV.NS,Tata Motors Pass Vehicles,Retail Hype / Turnaround,108.0999984741211,108.75,104.8499984741211,105.75,103.0250244140625,44561639
2020-07-30,TMPV.NS,Tata Motors Pass Vehicles,Retail Hype / Turnaround,106.4000015258789,106.75,102.8499984741211,103.6500015258789,100.97913360595703,33378340
2020-07-31,TMPV.NS,Tata Motors Pass Vehicles,Retail Hype / Turnaround,104.0,105.4000015258789,102.30000305175781,104.6500015258789,101.95336151123047,33809018
2020-08-03,TMPV.NS,Tata Motors Pass Vehicles,Retail Hype / Turnaround,103.0,114.4000015258789,102.9000015258789,113.05000305175781,110.13691711425781,194765344
2020-08-04,TMPV.NS,Tata Motors Pass Vehicles,Retail Hype / Turnaround,112.94999694824219,115.0999984741211,110.80000305175781,111.44999694824219,108.57814025878906,95906477
2020-08-05,TMPV.NS,Tata Motors Pass Vehicles,Retail Hype / Turnaround,112.4000015258789,117.6500015258789,112.0,115.4000015258789,112.4263687133789,99371050
2020-08-06,TMPV.NS,Tata Motors Pass Vehicles,Retail Hype / Turnaround,116.19999694824219,117.69999694824219,115.5,116.80000305175781,113.790283203125,60092530
2020-08-07,TMPV.NS,Tata Motors Pass Vehicles,Retail Hype / Turnaround,117.0,119.69999694824219,116.0,119.0999984741211,116.03101348876953,56489390
2020-08-10,TMPV.NS,Tata Motors Pass Vehicles,Retail Hype / Turnaround,119.94999694824219,124.69999694824219,119.69999694824219,123.8499984741211,120.65862274169922,71093810
2020-08-11,TMPV.NS,Tata Motors Pass Vehicles,Retail Hype / Turnaround,125.0,125.80000305175781,121.4000015258789,122.30000305175781,119.1485595703125,50224665
2020-08-12,TMPV.NS,Tata Motors Pass Vehicles,Retail Hype / Turnaround,121.0,126.4000015258789,120.5999984741211,125.3499984741211,122.11996459960938,50713617
2020-08-13,TMPV.NS,Tata Motors Pass Vehicles,Retail Hype / Turnaround,126.0999984741211,131.89999389648438,124.4000015258789,131.14999389648438,127.77049255371094,95489249
2020-08-14,TMPV.NS,Tata Motors Pass Vehicles,Retail Hype / Turnaround,131.14999389648438,132.64999389648438,123.69999694824219,124.5999984741211,121.38928985595703,75032834
2020-08-17,TMPV.NS,Tata Motors Pass Vehicles,Retail Hype / Turnaround,124.5,126.25,120.5999984741211,123.55000305175781,120.36634826660156,61154250
2020-08-18,TMPV.NS,Tata Motors Pass Vehicles,Retail Hype / Turnaround,124.0,127.5,123.5999984741211,125.5999984741211,122.363525390625,62153763
2020-08-19,TMPV.NS,Tata Motors Pass Vehicles,Retail Hype / Turnaround,127.0,127.5999984741211,124.75,125.1500015258789,121.92511749267578,45128613
2020-08-20,TMPV.NS,Tata Motors Pass Vehicles,Retail Hype / Turnaround,123.44999694824219,125.6500015258789,121.0999984741211,121.69999694824219,118.56401824951172,43530882
2020-08-21,TMPV.NS,Tata Motors Pass Vehicles,Retail Hype / Turnaround,124.19999694824219,124.19999694824219,120.1500015258789,120.9000015258789,117.78463745117188,48650204
2020-08-24,TMPV.NS,Tata Motors Pass Vehicles,Retail Hype / Turnaround,122.0,123.0,120.80000305175781,121.19999694824219,118.07689666748047,31294253
2020-08-25,TMPV.NS,Tata Motors Pass Vehicles,Retail Hype / Turnaround,121.80000305175781,128.35000610351562,121.0999984741211,127.0999984741211,123.82487487792969,90263366
2020-08-26,TMPV.NS,Tata Motors Pass Vehicles,Retail Hype / Turnaround,130.5,139.0,128.35000610351562,137.89999389648438,134.3465576171875,197510376
2020-08-27,TMPV.NS,Tata Motors Pass Vehicles,Retail Hype / Turnaround,140.10000610351562,146.85000610351562,139.3000030517578,144.25,140.53294372558594,181380747
2020-08-28,TMPV.NS,Tata Motors Pass Vehicles,Retail Hype / Turnaround,144.14999389648438,146.1999969482422,140.5,142.8000030517578,139.12033081054688,95194825
2020-08-31,TMPV.NS,Tata Motors Pass Vehicles,Retail Hype / Turnaround,144.5,147.9499969482422,138.1999969482422,143.1999969482422,139.50999450683594,160564488
2020-09-01,TMPV.NS,Tata Motors Pass Vehicles,Retail Hype / Turnaround,143.39999389648438,145.14999389648438,140.39999389648438,143.8000030517578,140.09454345703125,58811543
2020-09-02,TMPV.NS,Tata Motors Pass Vehicles,Retail Hype / Turnaround,144.3000030517578,151.64999389648438,141.4499969482422,150.3000030517578,146.4270477294922,74947929
2020-09-03,TMPV.NS,Tata Motors Pass Vehicles,Retail Hype / Turnaround,151.60000610351562,155.1999969482422,149.5500030517578,151.85000610351562,147.93710327148438,110156350
2020-09-04,TMPV.NS,Tata Motors Pass Vehicles,Retail Hype / Turnaround,147.89999389648438,153.64999389648438,147.0,147.8000030517578,143.99147033691406,95560889
2020-09-07,TMPV.NS,Tata Motors Pass Vehicles,Retail Hype / Turnaround,150.0,152.0,148.0,149.39999389648438,145.5502471923828,82617101
2020-09-08,TMPV.NS,Tata Motors Pass Vehicles,Retail Hype / Turnaround,149.4499969482422,149.60000610351562,141.1999969482422,142.3000030517578,138.6331787109375,76286731
2020-09-09,TMPV.NS,Tata Motors Pass Vehicles,Retail Hype / Turnaround,141.0,141.75,135.6999969482422,140.10000610351562,136.48988342285156,105355010
2020-09-10,TMPV.NS,Tata Motors Pass Vehicles,Retail Hype / Turnaround,142.8000030517578,144.5,138.0,143.3000030517578,139.60743713378906,79606504
2020-09-11,TMPV.NS,Tata Motors Pass Vehicles,Retail Hype / Turnaround,143.10000610351562,146.8000030517578,141.64999389648438,144.3000030517578,140.5816650390625,65135339
2020-09-14,TMPV.NS,Tata Motors Pass Vehicles,Retail Hype / Turnaround,147.1999969482422,151.10000610351562,145.5,148.5500030517578,144.72215270996094,84505930
2020-09-15,TMPV.NS,Tata Motors Pass Vehicles,Retail Hype / Turnaround,149.39999389648438,149.39999389648438,146.5500030517578,148.39999389648438,144.5760040283203,42886817
2020-09-16,TMPV.NS,Tata Motors Pass Vehicles,Retail Hype / Turnaround,149.1999969482422,154.3000030517578,148.5500030517578,151.4499969482422,147.54742431640625,85056501
2020-09-17,TMPV.NS,Tata Motors Pass Vehicles,Retail Hype / Turnaround,150.8000030517578,151.0,146.1999969482422,147.64999389648438,143.8453369140625,48119360
2020-09-18,TMPV.NS,Tata Motors Pass Vehicles,Retail Hype / Turnaround,148.6999969482422,150.5,146.25,147.89999389648438,144.08889770507812,46270863
2020-09-21,TMPV.NS,Tata Motors Pass Vehicles,Retail Hype / Turnaround,147.75,147.75,135.5,137.4499969482422,133.9081573486328,64734493
2020-09-22,TMPV.NS,Tata Motors Pass Vehicles,Retail Hype / Turnaround,138.0,138.14999389648438,129.64999389648438,133.10000610351562,129.67025756835938,87298020
2020-09-23,TMPV.NS,Tata Motors Pass Vehicles,Retail Hype / Turnaround,135.5,136.6999969482422,127.9000015258789,131.39999389648438,128.0140380859375,74981613
2020-09-24,TMPV.NS,Tata Motors Pass Vehicles,Retail Hype / Turnaround,127.9000015258789,128.8000030517578,122.1500015258789,122.80000305175781,119.63567352294922,62420957
2020-09-25,TMPV.NS,Tata Motors Pass Vehicles,Retail Hype / Turnaround,123.69999694824219,128.35000610351562,123.0999984741211,127.25,123.97100067138672,65040759
2020-09-28,TMPV.NS,Tata Motors Pass Vehicles,Retail Hype / Turnaround,128.89999389648438,134.3000030517578,127.5,132.85000610351562,129.4267120361328,61830817
2020-09-29,TMPV.NS,Tata Motors Pass Vehicles,Retail Hype / Turnaround,134.9499969482422,136.0,130.6999969482422,131.6999969482422,128.30633544921875,63366932
2020-09-30,TMPV.NS,Tata Motors Pass Vehicles,Retail Hype / Turnaround,131.5500030517578,134.39999389648438,130.3000030517578,133.3000030517578,129.86509704589844,48859088
2020-10-01,TMPV.NS,Tata Motors Pass Vehicles,Retail Hype / Turnaround,135.89999389648438,136.5,132.5500030517578,133.5,130.05996704101562,40491744
2020-10-05,TMPV.NS,Tata Motors Pass Vehicles,Retail Hype / Turnaround,136.9499969482422,137.5,132.0500030517578,133.89999389648438,130.44964599609375,55268322
2020-10-06,TMPV.NS,Tata Motors Pass Vehicles,Retail Hype / Turnaround,138.0,145.8000030517578,136.0,144.75,141.0200653076172,161987221
2020-10-07,TMPV.NS,Tata Motors Pass Vehicles,Retail Hype / Turnaround,144.25,144.5,139.8000030517578,141.0,137.36668395996094,68273641
2020-10-08,TMPV.NS,Tata Motors Pass Vehicles,Retail Hype / Turnaround,142.85000610351562,143.5,139.60000610351562,140.9499969482422,137.3179931640625,40900948
2020-10-09,TMPV.NS,Tata Motors Pass Vehicles,Retail Hype / Turnaround,141.14999389648438,142.64999389648438,138.0,138.4499969482422,134.88238525390625,37097190
2020-10-12,TMPV.NS,Tata Motors Pass Vehicles,Retail Hype / Turnaround,139.64999389648438,139.64999389648438,133.0,135.89999389648438,132.39810180664062,39279109
2020-10-13,TMPV.NS,Tata Motors Pass Vehicles,Retail Hype / Turnaround,135.39999389648438,137.10000610351562,132.85000610351562,134.10000610351562,130.64450073242188,38973506
2020-10-14,TMPV.NS,Tata Motors Pass Vehicles,Retail Hype / Turnaround,133.75,134.64999389648438,128.8000030517578,130.6999969482422,127.33209991455078,45791440
2020-10-15,TMPV.NS,Tata Motors Pass Vehicles,Retail Hype / Turnaround,131.5,134.35000610351562,126.5,126.94999694824219,123.67874145507812,64002864
2020-10-16,TMPV.NS,Tata Motors Pass Vehicles,Retail Hype / Turnaround,129.39999389648438,130.0500030517578,126.0,127.75,124.45812225341797,62553775
2020-10-19,TMPV.NS,Tata Motors Pass Vehicles,Retail Hype / Turnaround,129.8000030517578,130.39999389648438,127.80000305175781,128.25,124.94522857666016,33157664
2020-10-20,TMPV.NS,Tata Motors Pass Vehicles,Retail Hype / Turnaround,128.10000610351562,130.3000030517578,126.3499984741211,129.64999389648438,126.30915069580078,27465829
2020-10-21,TMPV.NS,Tata Motors Pass Vehicles,Retail Hype / Turnaround,131.0500030517578,133.10000610351562,128.3000030517578,130.25,126.89368438720703,39252663
2020-10-22,TMPV.NS,Tata Motors Pass Vehicles,Retail Hype / Turnaround,129.6999969482422,134.60000610351562,128.4499969482422,133.5,130.05996704101562,48808592
2020-10-23,TMPV.NS,Tata Motors Pass Vehicles,Retail Hype / Turnaround,134.89999389648438,138.89999389648438,134.10000610351562,137.0,133.46975708007812,68711352
2020-10-26,TMPV.NS,Tata Motors Pass Vehicles,Retail Hype / Turnaround,138.39999389648438,140.8000030517578,131.25,133.6999969482422,130.2548065185547,88531579
2020-10-27,TMPV.NS,Tata Motors Pass Vehicles,Retail Hype / Turnaround,134.14999389648438,136.75,130.85000610351562,135.64999389648438,132.15455627441406,56856159
2020-10-28,TMPV.NS,Tata Motors Pass Vehicles,Retail Hype / Turnaround,139.0,143.25,133.5,134.8000030517578,131.32644653320312,152359338
2020-10-29,TMPV.NS,Tata Motors Pass Vehicles,Retail Hype / Turnaround,132.0,133.0,130.0,131.89999389648438,128.5011749267578,66632704
2020-10-30,TMPV.NS,Tata Motors Pass Vehicles,Retail Hype / Turnaround,133.1999969482422,134.5,130.3000030517578,132.64999389648438,129.23184204101562,51128530
2020-11-02,TMPV.NS,Tata Motors Pass Vehicles,Retail Hype / Turnaround,133.64999389648438,134.0,131.10000610351562,132.85000610351562,129.4267120361328,40388690
2020-11-03,TMPV.NS,Tata Motors Pass Vehicles,Retail Hype / Turnaround,135.0,137.39999389648438,133.5500030517578,134.10000610351562,130.64450073242188,52071476
2020-11-04,TMPV.NS,Tata Motors Pass Vehicles,Retail Hype / Turnaround,135.60000610351562,137.0,134.0,135.89999389648438,132.39810180664062,44675934
2020-11-05,TMPV.NS,Tata Motors Pass Vehicles,Retail Hype / Turnaround,137.0,138.0,136.0,137.64999389648438,134.10301208496094,38928602
2020-11-06,TMPV.NS,Tata Motors Pass Vehicles,Retail Hype / Turnaround,137.64999389648438,142.3000030517578,137.64999389648438,139.0,135.41822814941406,67966815
2020-11-09,TMPV.NS,Tata Motors Pass Vehicles,Retail Hype / Turnaround,140.60000610351562,141.5,138.6999969482422,141.0,137.36668395996094,40277460
2020-11-10,TMPV.NS,Tata Motors Pass Vehicles,Retail Hype / Turnaround,144.0500030517578,146.6999969482422,142.75,146.0,142.23785400390625,68794369
2020-11-11,TMPV.NS,Tata Motors Pass Vehicles,Retail Hype / Turnaround,146.5,151.5,145.64999389648438,150.9499969482422,147.06028747558594,78583629
2020-11-12,TMPV.NS,Tata Motors Pass Vehicles,Retail Hype / Turnaround,150.9499969482422,153.85000610351562,150.0,151.1999969482422,147.3038330078125,56145517
2020-11-13,TMPV.NS,Tata Motors Pass Vehicles,Retail Hype / Turnaround,150.0,150.0,145.35000610351562,146.35000610351562,142.57882690429688,32566537
2020-11-14,TMPV.NS,Tata Motors Pass Vehicles,Retail Hype / Turnaround,148.6999969482422,150.8000030517578,148.0,148.85000610351562,145.01441955566406,11749453
2020-11-17,TMPV.NS,Tata Motors Pass Vehicles,Retail Hype / Turnaround,152.5,159.35000610351562,152.1999969482422,158.0,153.9286346435547,82644841
2020-11-18,TMPV.NS,Tata Motors Pass Vehicles,Retail Hype / Turnaround,158.85000610351562,178.8000030517578,158.5500030517578,173.5,169.02923583984375,171801183
2020-11-19,TMPV.NS,Tata Motors Pass Vehicles,Retail Hype / Turnaround,171.39999389648438,176.35000610351562,166.5500030517578,167.9499969482422,163.6222381591797,109449407
2020-11-20,TMPV.NS,Tata Motors Pass Vehicles,Retail Hype / Turnaround,170.0500030517578,171.5500030517578,165.5500030517578,169.10000610351562,164.74261474609375,66935703
2020-11-23,TMPV.NS,Tata Motors Pass Vehicles,Retail Hype / Turnaround,169.5,173.89999389648438,165.5500030517578,170.6999969482422,166.30137634277344,54566251
2020-11-24,TMPV.NS,Tata Motors Pass Vehicles,Retail Hype / Turnaround,171.85000610351562,175.5,171.10000610351562,172.0500030517578,167.61659240722656,47695247
2020-11-25,TMPV.NS,Tata Motors Pass Vehicles,Retail Hype / Turnaround,175.0,176.8000030517578,169.25,171.4499969482422,167.0320587158203,54366608
2020-11-26,TMPV.NS,Tata Motors Pass Vehicles,Retail Hype / Turnaround,171.60000610351562,175.0,171.0500030517578,173.75,169.2727813720703,39094724
2020-11-27,TMPV.NS,Tata Motors Pass Vehicles,Retail Hype / Turnaround,174.64999389648438,183.85000610351562,174.64999389648438,180.35000610351562,175.70272827148438,125926062
2020-12-01,TMPV.NS,Tata Motors Pass Vehicles,Retail Hype / Turnaround,182.35000610351562,182.39999389648438,178.10000610351562,179.75,175.11817932128906,48881250
2020-12-02,TMPV.NS,Tata Motors Pass Vehicles,Retail Hype / Turnaround,184.0,187.35000610351562,181.10000610351562,183.60000610351562,178.8689727783203,88107889
2020-12-03,TMPV.NS,Tata Motors Pass Vehicles,Retail Hype / Turnaround,185.0,186.0,183.25,184.85000610351562,180.08676147460938,33332481
2020-12-04,TMPV.NS,Tata Motors Pass Vehicles,Retail Hype / Turnaround,186.5,188.8000030517578,182.1999969482422,184.14999389648438,179.40480041503906,47995639
2020-12-07,TMPV.NS,Tata Motors Pass Vehicles,Retail Hype / Turnaround,184.4499969482422,186.4499969482422,182.6999969482422,183.5500030517578,178.82028198242188,29802472
2020-12-08,TMPV.NS,Tata Motors Pass Vehicles,Retail Hype / Turnaround,184.9499969482422,185.6999969482422,178.9499969482422,181.8000030517578,177.11534118652344,42143391
2020-12-09,TMPV.NS,Tata Motors Pass Vehicles,Retail Hype / Turnaround,183.0,186.39999389648438,181.64999389648438,182.6999969482422,177.99215698242188,40300535
2020-12-10,TMPV.NS,Tata Motors Pass Vehicles,Retail Hype / Turnaround,182.6999969482422,182.6999969482422,176.39999389648438,177.60000610351562,173.02359008789062,38368777
2020-12-11,TMPV.NS,Tata Motors Pass Vehicles,Retail Hype / Turnaround,177.9499969482422,181.4499969482422,176.5,178.85000610351562,174.2413787841797,43065542
2020-12-14,TMPV.NS,Tata Motors Pass Vehicles,Retail Hype / Turnaround,181.0,181.5,176.6999969482422,177.64999389648438,173.07228088378906,33186273
2020-12-15,TMPV.NS,Tata Motors Pass Vehicles,Retail Hype / Turnaround,176.4499969482422,179.6999969482422,173.25,178.89999389648438,174.29006958007812,41190341
2020-12-16,TMPV.NS,Tata Motors Pass Vehicles,Retail Hype / Turnaround,181.0,183.8000030517578,180.10000610351562,182.5500030517578,177.8460235595703,51259394
2020-12-17,TMPV.NS,Tata Motors Pass Vehicles,Retail Hype / Turnaround,184.0,184.0,180.64999389648438,181.6999969482422,177.01792907714844,34101954
2020-12-18,TMPV.NS,Tata Motors Pass Vehicles,Retail Hype / Turnaround,180.89999389648438,181.5,176.64999389648438,180.5500030517578,175.89756774902344,46065197
2020-12-21,TMPV.NS,Tata Motors Pass Vehicles,Retail Hype / Turnaround,176.0,177.5500030517578,162.5,164.5500030517578,160.3098602294922,75582907
2020-12-22,TMPV.NS,Tata Motors Pass Vehicles,Retail Hype / Turnaround,164.5500030517578,169.1999969482422,156.6999969482422,164.9499969482422,160.6995391845703,110009846
2020-12-23,TMPV.NS,Tata Motors Pass Vehicles,Retail Hype / Turnaround,165.0,169.6999969482422,163.39999389648438,169.1999969482422,164.84002685546875,56930071
2020-12-24,TMPV.NS,Tata Motors Pass Vehicles,Retail Hype / Turnaround,172.0,178.0,172.0,175.9499969482422,171.4160919189453,73831319
2020-12-28,TMPV.NS,Tata Motors Pass Vehicles,Retail Hype / Turnaround,179.85000610351562,187.39999389648438,179.0,186.35000610351562,181.54812622070312,98012135
2020-12-29,TMPV.NS,Tata Motors Pass Vehicles,Retail Hype / Turnaround,187.89999389648438,188.4499969482422,181.10000610351562,183.4499969482422,178.72283935546875,71318085
2020-12-30,TMPV.NS,Tata Motors Pass Vehicles,Retail Hype / Turnaround,183.10000610351562,185.39999389648438,180.39999389648438,184.14999389648438,179.40480041503906,38576159
2020-12-31,TMPV.NS,Tata Motors Pass Vehicles,Retail Hype / Turnaround,184.85000610351562,187.5,182.8000030517578,183.85000610351562,179.11253356933594,48978310
2021-01-01,TMPV.NS,Tata Motors Pass Vehicles,Retail Hype / Turnaround,184.9499969482422,187.0,184.5,186.5,181.69424438476562,27334421
2021-01-04,TMPV.NS,Tata Motors Pass Vehicles,Retail Hype / Turnaround,191.8000030517578,193.0,188.75,191.3000030517578,186.37057495117188,63980597
2021-01-05,TMPV.NS,Tata Motors Pass Vehicles,Retail Hype / Turnaround,187.10000610351562,193.89999389648438,185.0500030517578,193.1999969482422,188.2216033935547,75752593
2021-01-06,TMPV.NS,Tata Motors Pass Vehicles,Retail Hype / Turnaround,194.4499969482422,197.60000610351562,190.64999389648438,195.39999389648438,190.36489868164062,75621947
2021-01-07,TMPV.NS,Tata Motors Pass Vehicles,Retail Hype / Turnaround,197.0,200.35000610351562,195.10000610351562,196.75,191.68011474609375,66024848
2021-01-08,TMPV.NS,Tata Motors Pass Vehicles,Retail Hype / Turnaround,198.75,201.5,197.10000610351562,198.14999389648438,193.04403686523438,53991568
2021-01-11,TMPV.NS,Tata Motors Pass Vehicles,Retail Hype / Turnaround,199.89999389648438,225.39999389648438,199.64999389648438,220.64999389648438,214.96424865722656,182483100
2021-01-12,TMPV.NS,Tata Motors Pass Vehicles,Retail Hype / Turnaround,227.0,252.39999389648438,224.10000610351562,237.8000030517578,231.67234802246094,390577839
2021-01-13,TMPV.NS,Tata Motors Pass Vehicles,Retail Hype / Turnaround,242.89999389648438,248.8000030517578,238.39999389648438,242.60000610351562,236.34864807128906,164649387
2021-01-14,TMPV.NS,Tata Motors Pass Vehicles,Retail Hype / Turnaround,242.85000610351562,249.8000030517578,238.60000610351562,245.10000610351562,238.78424072265625,86819519
2021-01-15,TMPV.NS,Tata Motors Pass Vehicles,Retail Hype / Turnaround,246.0,264.6499938964844,242.60000610351562,260.29998779296875,253.59255981445312,250038029
2021-01-18,TMPV.NS,Tata Motors Pass Vehicles,Retail Hype / Turnaround,261.6499938964844,262.45001220703125,241.14999389648438,245.9499969482422,239.61233520507812,173383224
2021-01-19,TMPV.NS,Tata Motors Pass Vehicles,Retail Hype / Turnaround,251.5,261.70001220703125,251.3000030517578,258.6499938964844,251.9850616455078,136861059
2021-01-20,TMPV.NS,Tata Motors Pass Vehicles,Retail Hype / Turnaround,260.0,277.5,258.8500061035156,274.8999938964844,267.8163146972656,205145151
2021-01-21,TMPV.NS,Tata Motors Pass Vehicles,Retail Hype / Turnaround,281.0,299.0,280.0,290.6000061035156,283.11175537109375,283614463
2021-01-22,TMPV.NS,Tata Motors Pass Vehicles,Retail Hype / Turnaround,295.95001220703125,306.8999938964844,278.3500061035156,289.3500061035156,281.8940124511719,316008609
2021-01-25,TMPV.NS,Tata Motors Pass Vehicles,Retail Hype / Turnaround,296.8999938964844,299.5,277.3500061035156,279.1499938964844,271.95684814453125,164346913
2021-01-27,TMPV.NS,Tata Motors Pass Vehicles,Retail Hype / Turnaround,274.8999938964844,275.0,265.70001220703125,267.5,260.6070251464844,126586833
2021-01-28,TMPV.NS,Tata Motors Pass Vehicles,Retail Hype / Turnaround,260.04998779296875,273.3999938964844,259.04998779296875,266.79998779296875,259.925048828125,129156876
2021-01-29,TMPV.NS,Tata Motors Pass Vehicles,Retail Hype / Turnaround,273.0,278.79998779296875,260.6000061035156,262.70001220703125,255.9307403564453,138442348
2021-02-01,TMPV.NS,Tata Motors Pass Vehicles,Retail Hype / Turnaround,269.75,282.0,255.35000610351562,279.6000061035156,272.3952331542969,165655500
2021-02-02,TMPV.NS,Tata Motors Pass Vehicles,Retail Hype / Turnaround,293.6000061035156,328.8500061035156,290.3999938964844,322.0,313.7026672363281,251965965
2021-02-03,TMPV.NS,Tata Motors Pass Vehicles,Retail Hype / Turnaround,339.20001220703125,341.8999938964844,326.20001220703125,331.0,322.47076416015625,224190114
2021-02-04,TMPV.NS,Tata Motors Pass Vehicles,Retail Hype / Turnaround,329.0,334.5,322.45001220703125,326.1499938964844,317.7456970214844,121033002
2021-02-05,TMPV.NS,Tata Motors Pass Vehicles,Retail Hype / Turnaround,327.6000061035156,330.0,312.6000061035156,315.8999938964844,307.75982666015625,103512235
2021-02-08,TMPV.NS,Tata Motors Pass Vehicles,Retail Hype / Turnaround,318.75,339.25,318.0,335.95001220703125,327.293212890625,102123614
2021-02-09,TMPV.NS,Tata Motors Pass Vehicles,Retail Hype / Turnaround,337.0,338.5,322.20001220703125,325.04998779296875,316.674072265625,105981081
2021-02-10,TMPV.NS,Tata Motors Pass Vehicles,Retail Hype / Turnaround,326.0,332.6499938964844,319.5,328.8999938964844,320.4248352050781,93466949
2021-02-11,TMPV.NS,Tata Motors Pass Vehicles,Retail Hype / Turnaround,326.45001220703125,331.3500061035156,323.3999938964844,325.0,316.6253662109375,55257166
2021-02-12,TMPV.NS,Tata Motors Pass Vehicles,Retail Hype / Turnaround,326.3999938964844,330.5,321.25,325.3999938964844,317.0150451660156,64093642
2021-02-15,TMPV.NS,Tata Motors Pass Vehicles,Retail Hype / Turnaround,329.8999938964844,335.79998779296875,324.0,333.3500061035156,324.76019287109375,78680452
2021-02-16,TMPV.NS,Tata Motors Pass Vehicles,Retail Hype / Turnaround,335.45001220703125,337.8999938964844,327.5,329.20001220703125,320.7171630859375,65943843
2021-02-17,TMPV.NS,Tata Motors Pass Vehicles,Retail Hype / Turnaround,326.8999938964844,334.25,325.45001220703125,330.1499938964844,321.6426086425781,52150941
2021-02-18,TMPV.NS,Tata Motors Pass Vehicles,Retail Hype / Turnaround,331.5,331.75,321.1000061035156,323.8500061035156,315.5050048828125,49204247
2021-02-19,TMPV.NS,Tata Motors Pass Vehicles,Retail Hype / Turnaround,321.95001220703125,321.95001220703125,301.3999938964844,311.8500061035156,303.8142395019531,80274683
2021-02-22,TMPV.NS,Tata Motors Pass Vehicles,Retail Hype / Turnaround,312.45001220703125,313.8999938964844,302.1499938964844,304.5,296.6535949707031,57723298
2021-02-23,TMPV.NS,Tata Motors Pass Vehicles,Retail Hype / Turnaround,308.5,328.8999938964844,308.5,324.0,315.6510925292969,133310157
2021-02-24,TMPV.NS,Tata Motors Pass Vehicles,Retail Hype / Turnaround,325.0,330.0,316.5,321.6499938964844,313.3616638183594,50821757
2021-02-25,TMPV.NS,Tata Motors Pass Vehicles,Retail Hype / Turnaround,325.3500061035156,334.70001220703125,323.25,333.1499938964844,324.56536865234375,64514912
2021-02-26,TMPV.NS,Tata Motors Pass Vehicles,Retail Hype / Turnaround,323.0,332.95001220703125,318.8500061035156,322.95001220703125,314.6282043457031,91901339
2021-03-01,TMPV.NS,Tata Motors Pass Vehicles,Retail Hype / Turnaround,330.0,331.8500061035156,322.70001220703125,328.29998779296875,319.84027099609375,61190868
2021-03-02,TMPV.NS,Tata Motors Pass Vehicles,Retail Hype / Turnaround,331.1000061035156,347.20001220703125,326.45001220703125,345.75,336.8406677246094,127708761
2021-03-03,TMPV.NS,Tata Motors Pass Vehicles,Retail Hype / Turnaround,348.6499938964844,357.0,346.5,348.5,339.51983642578125,92006451
2021-03-04,TMPV.NS,Tata Motors Pass Vehicles,Retail Hype / Turnaround,339.0,345.3999938964844,337.29998779296875,339.20001220703125,330.45947265625,59863169
2021-03-05,TMPV.NS,Tata Motors Pass Vehicles,Retail Hype / Turnaround,333.0,337.8500061035156,319.70001220703125,325.1499938964844,316.7715148925781,86738909
2021-03-08,TMPV.NS,Tata Motors Pass Vehicles,Retail Hype / Turnaround,331.75,331.75,318.79998779296875,321.25,312.97198486328125,81925952
2021-03-09,TMPV.NS,Tata Motors Pass Vehicles,Retail Hype / Turnaround,325.0,328.3500061035156,309.6000061035156,315.20001220703125,307.0779113769531,74702208
2021-03-10,TMPV.NS,Tata Motors Pass Vehicles,Retail Hype / Turnaround,319.5,324.45001220703125,316.70001220703125,321.45001220703125,313.1668395996094,58643853
2021-03-12,TMPV.NS,Tata Motors Pass Vehicles,Retail Hype / Turnaround,325.04998779296875,326.5,314.1499938964844,317.54998779296875,309.3673095703125,48360842
2021-03-15,TMPV.NS,Tata Motors Pass Vehicles,Retail Hype / Turnaround,320.0,320.3999938964844,310.04998779296875,318.54998779296875,310.3415222167969,45081385
2021-03-16,TMPV.NS,Tata Motors Pass Vehicles,Retail Hype / Turnaround,321.0,321.8999938964844,315.1000061035156,319.95001220703125,311.7054748535156,39267404
2021-03-17,TMPV.NS,Tata Motors Pass Vehicles,Retail Hype / Turnaround,318.6000061035156,320.0,304.0,305.79998779296875,297.9200744628906,47262481
2021-03-18,TMPV.NS,Tata Motors Pass Vehicles,Retail Hype / Turnaround,311.0,316.6000061035156,299.75,307.0,299.0892028808594,73731921
2021-03-19,TMPV.NS,Tata Motors Pass Vehicles,Retail Hype / Turnaround,303.5,311.0,290.20001220703125,308.95001220703125,300.98895263671875,109932681
2021-03-22,TMPV.NS,Tata Motors Pass Vehicles,Retail Hype / Turnaround,306.45001220703125,307.5,300.1000061035156,303.04998779296875,295.2409362792969,56385019
2021-03-23,TMPV.NS,Tata Motors Pass Vehicles,Retail Hype / Turnaround,305.0,312.25,304.0,307.3999938964844,299.4788818359375,60240483
2021-03-24,TMPV.NS,Tata Motors Pass Vehicles,Retail Hype / Turnaround,303.54998779296875,305.0,293.20001220703125,294.45001220703125,286.862548828125,61523819
2021-03-25,TMPV.NS,Tata Motors Pass Vehicles,Retail Hype / Turnaround,294.0,294.0,282.25,285.54998779296875,278.1919250488281,84528317
2021-03-26,TMPV.NS,Tata Motors Pass Vehicles,Retail Hype / Turnaround,290.5,301.3999938964844,290.5,296.3999938964844,288.7622985839844,80924011
2021-03-30,TMPV.NS,Tata Motors Pass Vehicles,Retail Hype / Turnaround,300.5,301.29998779296875,292.70001220703125,297.04998779296875,289.39556884765625,45257233
2021-03-31,TMPV.NS,Tata Motors Pass Vehicles,Retail Hype / Turnaround,299.0,307.5,297.5,301.79998779296875,294.0231628417969,58569012
2021-04-01,TMPV.NS,Tata Motors Pass Vehicles,Retail Hype / Turnaround,306.75,309.8500061035156,303.04998779296875,307.75,299.8198547363281,44088352
2021-04-05,TMPV.NS,Tata Motors Pass Vehicles,Retail Hype / Turnaround,306.79998779296875,311.70001220703125,297.20001220703125,305.04998779296875,297.1894226074219,66178755
2021-04-06,TMPV.NS,Tata Motors Pass Vehicles,Retail Hype / Turnaround,306.1499938964844,313.79998779296875,304.79998779296875,307.75,299.8198547363281,63031783
2021-04-07,TMPV.NS,Tata Motors Pass Vehicles,Retail Hype / Turnaround,306.75,310.6499938964844,305.1000061035156,307.79998779296875,299.86859130859375,39073986
2021-04-08,TMPV.NS,Tata Motors Pass Vehicles,Retail Hype / Turnaround,307.8999938964844,319.79998779296875,307.5,313.95001220703125,305.860107421875,62459774
2021-04-09,TMPV.NS,Tata Motors Pass Vehicles,Retail Hype / Turnaround,313.20001220703125,325.0,312.5,318.20001220703125,310.0005798339844,75462572
2021-04-12,TMPV.NS,Tata Motors Pass Vehicles,Retail Hype / Turnaround,307.8500061035156,307.8500061035156,282.8999938964844,286.54998779296875,279.1661071777344,105342538
2021-04-13,TMPV.NS,Tata Motors Pass Vehicles,Retail Hype / Turnaround,287.25,304.54998779296875,280.54998779296875,302.8500061035156,295.046142578125,116874853
2021-04-15,TMPV.NS,Tata Motors Pass Vehicles,Retail Hype / Turnaround,303.0,307.54998779296875,296.5,303.5,295.6794128417969,75262749
2021-04-16,TMPV.NS,Tata Motors Pass Vehicles,Retail Hype / Turnaround,302.0,315.0,300.1499938964844,310.0,302.0118713378906,75330709
2021-04-19,TMPV.NS,Tata Motors Pass Vehicles,Retail Hype / Turnaround,295.0,304.5,292.79998779296875,301.3999938964844,293.63348388671875,65791784
2021-04-20,TMPV.NS,Tata Motors Pass Vehicles,Retail Hype / Turnaround,307.70001220703125,308.1499938964844,294.20001220703125,298.04998779296875,290.3697814941406,56740291
2021-04-22,TMPV.NS,Tata Motors Pass Vehicles,Retail Hype / Turnaround,294.0,302.5,292.20001220703125,294.54998779296875,286.9599914550781,61022978
2021-04-23,TMPV.NS,Tata Motors Pass Vehicles,Retail Hype / Turnaround,291.0,300.0,290.5,294.0,286.4241638183594,58158986
2021-04-26,TMPV.NS,Tata Motors Pass Vehicles,Retail Hype / Turnaround,297.0,299.0,294.6000061035156,295.3999938964844,287.7881164550781,30583139
2021-04-27,TMPV.NS,Tata Motors Pass Vehicles,Retail Hype / Turnaround,295.70001220703125,302.5,295.1000061035156,301.5,293.7309265136719,35040532
2021-04-28,TMPV.NS,Tata Motors Pass Vehicles,Retail Hype / Turnaround,303.5,309.5,303.0,305.8999938964844,298.0175476074219,44668126
2021-04-29,TMPV.NS,Tata Motors Pass Vehicles,Retail Hype / Turnaround,308.8999938964844,310.0,301.25,301.8999938964844,294.1205749511719,36647292
2021-04-30,TMPV.NS,Tata Motors Pass Vehicles,Retail Hype / Turnaround,298.20001220703125,301.29998779296875,292.54998779296875,293.8500061035156,286.27801513671875,36121668
2021-05-03,TMPV.NS,Tata Motors Pass Vehicles,Retail Hype / Turnaround,289.29998779296875,294.75,285.0,293.0,285.449951171875,35376618
2021-05-04,TMPV.NS,Tata Motors Pass Vehicles,Retail Hype / Turnaround,296.3500061035156,299.75,288.04998779296875,289.45001220703125,281.9914245605469,38640006
2021-05-05,TMPV.NS,Tata Motors Pass Vehicles,Retail Hype / Turnaround,293.5,293.8999938964844,288.5,291.5,283.98858642578125,29350536
2021-05-06,TMPV.NS,Tata Motors Pass Vehicles,Retail Hype / Turnaround,291.5,302.0,290.29998779296875,301.25,293.48736572265625,45032502
2021-05-07,TMPV.NS,Tata Motors Pass Vehicles,Retail Hype / Turnaround,303.0,305.95001220703125,300.5,302.75,294.94873046875,41591323
2021-05-10,TMPV.NS,Tata Motors Pass Vehicles,Retail Hype / Turnaround,304.5,315.70001220703125,304.0,314.8500061035156,306.7369384765625,53260388
2021-05-11,TMPV.NS,Tata Motors Pass Vehicles,Retail Hype / Turnaround,309.54998779296875,320.75,308.1000061035156,315.54998779296875,307.4188537597656,58472304
2021-05-12,TMPV.NS,Tata Motors Pass Vehicles,Retail Hype / Turnaround,318.25,334.75,316.25,326.0,317.5995788574219,111584920
2021-05-14,TMPV.NS,Tata Motors Pass Vehicles,Retail Hype / Turnaround,329.3500061035156,329.5,310.0,312.25,304.203857421875,81305325
2021-05-17,TMPV.NS,Tata Motors Pass Vehicles,Retail Hype / Turnaround,315.3999938964844,323.8500061035156,311.3999938964844,321.1000061035156,312.82586669921875,51162423
2021-05-18,TMPV.NS,Tata Motors Pass Vehicles,Retail Hype / Turnaround,325.95001220703125,336.6499938964844,324.0,332.45001220703125,323.8833923339844,86153088
2021-05-19,TMPV.NS,Tata Motors Pass Vehicles,Retail Hype / Turnaround,313.0,322.95001220703125,312.1000061035156,314.45001220703125,306.34722900390625,119407026
2021-05-20,TMPV.NS,Tata Motors Pass Vehicles,Retail Hype / Turnaround,316.0,316.6000061035156,306.1000061035156,307.70001220703125,299.7711486816406,54043899
2021-05-21,TMPV.NS,Tata Motors Pass Vehicles,Retail Hype / Turnaround,312.0,315.70001220703125,309.5,313.1000061035156,305.0320129394531,40358753
2021-05-24,TMPV.NS,Tata Motors Pass Vehicles,Retail Hype / Turnaround,314.75,315.79998779296875,310.20001220703125,311.8500061035156,303.8142395019531,31963997
2021-05-25,TMPV.NS,Tata Motors Pass Vehicles,Retail Hype / Turnaround,315.54998779296875,319.0,313.8500061035156,315.25,307.1266174316406,37382263
2021-05-26,TMPV.NS,Tata Motors Pass Vehicles,Retail Hype / Turnaround,316.1000061035156,320.0,314.79998779296875,315.5,307.37017822265625,28639717
2021-05-27,TMPV.NS,Tata Motors Pass Vehicles,Retail Hype / Turnaround,317.04998779296875,323.45001220703125,316.54998779296875,318.6000061035156,310.3902893066406,49484106
2021-05-28,TMPV.NS,Tata Motors Pass Vehicles,Retail Hype / Turnaround,322.6499938964844,324.5,316.5,318.75,310.53643798828125,26618815
2021-05-31,TMPV.NS,Tata Motors Pass Vehicles,Retail Hype / Turnaround,318.70001220703125,319.75,312.1000061035156,318.75,310.53643798828125,30917309
2021-06-01,TMPV.NS,Tata Motors Pass Vehicles,Retail Hype / Turnaround,319.20001220703125,325.70001220703125,317.29998779296875,318.1000061035156,309.9031677246094,32595728
2021-06-02,TMPV.NS,Tata Motors Pass Vehicles,Retail Hype / Turnaround,315.95001220703125,324.3999938964844,315.6000061035156,323.0,314.6769104003906,26323777
2021-06-03,TMPV.NS,Tata Motors Pass Vehicles,Retail Hype / Turnaround,325.29998779296875,327.70001220703125,323.6499938964844,325.6499938964844,317.25860595703125,21408371
2021-06-04,TMPV.NS,Tata Motors Pass Vehicles,Retail Hype / Turnaround,325.1499938964844,336.8999938964844,324.25,334.95001220703125,326.3189697265625,41278749
2021-06-07,TMPV.NS,Tata Motors Pass Vehicles,Retail Hype / Turnaround,339.75,351.0,339.75,345.5,336.5971374511719,64986814
2021-06-08,TMPV.NS,Tata Motors Pass Vehicles,Retail Hype / Turnaround,346.25,356.6499938964844,337.5,352.75,343.6603088378906,44104954
2021-06-09,TMPV.NS,Tata Motors Pass Vehicles,Retail Hype / Turnaround,356.20001220703125,358.8999938964844,339.75,343.3500061035156,334.5025329589844,59334814
2021-06-10,TMPV.NS,Tata Motors Pass Vehicles,Retail Hype / Turnaround,345.20001220703125,347.8500061035156,342.3999938964844,344.75,335.866455078125,24351860
2021-06-11,TMPV.NS,Tata Motors Pass Vehicles,Retail Hype / Turnaround,346.0,352.8999938964844,344.3500061035156,350.75,341.7118225097656,36441967
2021-06-14,TMPV.NS,Tata Motors Pass Vehicles,Retail Hype / Turnaround,350.04998779296875,357.8999938964844,341.1000061035156,355.95001220703125,346.7778625488281,38482142
2021-06-15,TMPV.NS,Tata Motors Pass Vehicles,Retail Hype / Turnaround,355.75,360.75,351.5,352.70001220703125,343.6116027832031,35526159
2021-06-16,TMPV.NS,Tata Motors Pass Vehicles,Retail Hype / Turnaround,350.1000061035156,356.0,348.1000061035156,349.3500061035156,340.347900390625,27550588
2021-06-17,TMPV.NS,Tata Motors Pass Vehicles,Retail Hype / Turnaround,348.3999938964844,352.8999938964844,342.25,345.6499938964844,336.74322509765625,29236974
2021-06-18,TMPV.NS,Tata Motors Pass Vehicles,Retail Hype / Turnaround,345.6499938964844,346.8999938964844,329.0,337.3999938964844,328.7058410644531,49440514
2021-06-21,TMPV.NS,Tata Motors Pass Vehicles,Retail Hype / Turnaround,330.8999938964844,335.79998779296875,326.20001220703125,334.29998779296875,325.6856994628906,29123887
2021-06-22,TMPV.NS,Tata Motors Pass Vehicles,Retail Hype / Turnaround,337.1000061035156,344.29998779296875,336.1499938964844,337.8999938964844,329.19293212890625,26708459
2021-06-23,TMPV.NS,Tata Motors Pass Vehicles,Retail Hype / Turnaround,341.0,343.25,334.29998779296875,335.25,326.6112365722656,25741628
2021-06-24,TMPV.NS,Tata Motors Pass Vehicles,Retail Hype / Turnaround,335.0,337.3999938964844,333.3500061035156,334.6499938964844,326.0267028808594,15580223
2021-06-25,TMPV.NS,Tata Motors Pass Vehicles,Retail Hype / Turnaround,335.8999938964844,342.79998779296875,335.8999938964844,339.6499938964844,330.8978271484375,22426352
2021-06-28,TMPV.NS,Tata Motors Pass Vehicles,Retail Hype / Turnaround,340.79998779296875,345.0,337.54998779296875,342.79998779296875,333.9666748046875,17843975
2021-06-29,TMPV.NS,Tata Motors Pass Vehicles,Retail Hype / Turnaround,342.6499938964844,346.5,339.6000061035156,341.54998779296875,332.7488708496094,22462297
2021-06-30,TMPV.NS,Tata Motors Pass Vehicles,Retail Hype / Turnaround,342.0,345.3500061035156,338.8500061035156,339.6000061035156,330.8491516113281,18277841
2021-07-01,TMPV.NS,Tata Motors Pass Vehicles,Retail Hype / Turnaround,341.5,347.3999938964844,341.20001220703125,344.25,335.37933349609375,27944816
2021-07-02,TMPV.NS,Tata Motors Pass Vehicles,Retail Hype / Turnaround,345.29998779296875,345.54998779296875,340.5,344.8999938964844,336.0126037597656,18304387
2021-07-05,TMPV.NS,Tata Motors Pass Vehicles,Retail Hype / Turnaround,347.04998779296875,350.1000061035156,344.0,346.1000061035156,337.181640625,18399524
2021-07-06,TMPV.NS,Tata Motors Pass Vehicles,Retail Hype / Turnaround,348.0,358.20001220703125,311.5,316.8999938964844,308.73406982421875,164083830
2021-07-07,TMPV.NS,Tata Motors Pass Vehicles,Retail Hype / Turnaround,316.0,319.1000061035156,306.25,317.1000061035156,308.928955078125,112183313
2021-07-08,TMPV.NS,Tata Motors Pass Vehicles,Retail Hype / Turnaround,314.79998779296875,314.79998779296875,305.0,306.3500061035156,298.4559326171875,87360324
2021-07-09,TMPV.NS,Tata Motors Pass Vehicles,Retail Hype / Turnaround,305.79998779296875,308.8500061035156,301.8500061035156,306.29998779296875,298.4071960449219,48807214
2021-07-12,TMPV.NS,Tata Motors Pass Vehicles,Retail Hype / Turnaround,310.79998779296875,312.0,306.1000061035156,307.45001220703125,299.527587890625,32282319
2021-07-13,TMPV.NS,Tata Motors Pass Vehicles,Retail Hype / Turnaround,310.0,312.25,308.1499938964844,310.95001220703125,302.93743896484375,25736308
2021-07-14,TMPV.NS,Tata Motors Pass Vehicles,Retail Hype / Turnaround,310.0,313.29998779296875,308.6499938964844,309.54998779296875,301.573486328125,21863250
2021-07-15,TMPV.NS,Tata Motors Pass Vehicles,Retail Hype / Turnaround,310.5,312.8500061035156,307.6000061035156,310.25,302.25543212890625,23617599
2021-07-16,TMPV.NS,Tata Motors Pass Vehicles,Retail Hype / Turnaround,311.1000061035156,315.45001220703125,310.5,311.25,303.22967529296875,25148606
2021-07-19,TMPV.NS,Tata Motors Pass Vehicles,Retail Hype / Turnaround,308.95001220703125,310.29998779296875,306.0,308.8500061035156,300.89154052734375,21346348
2021-07-20,TMPV.NS,Tata Motors Pass Vehicles,Retail Hype / Turnaround,307.0,308.0,301.04998779296875,302.1499938964844,294.3641357421875,27672567
2021-07-22,TMPV.NS,Tata Motors Pass Vehicles,Retail Hype / Turnaround,305.5,307.45001220703125,301.04998779296875,302.54998779296875,294.7538146972656,21338361
2021-07-23,TMPV.NS,Tata Motors Pass Vehicles,Retail Hype / Turnaround,300.5,301.8999938964844,295.0,295.54998779296875,287.9342041015625,33435130
2021-07-26,TMPV.NS,Tata Motors Pass Vehicles,Retail Hype / Turnaround,295.0,297.0,291.0,293.1499938964844,285.5960693359375,27502360
2021-07-27,TMPV.NS,Tata Motors Pass Vehicles,Retail Hype / Turnaround,293.0,297.6499938964844,288.6000061035156,291.3999938964844,283.89117431640625,55132877
2021-07-28,TMPV.NS,Tata Motors Pass Vehicles,Retail Hype / Turnaround,290.0,290.8999938964844,283.6000061035156,284.45001220703125,277.1202697753906,36139725
2021-07-29,TMPV.NS,Tata Motors Pass Vehicles,Retail Hype / Turnaround,287.54998779296875,295.3999938964844,287.54998779296875,292.8999938964844,285.3525390625,57733359
2021-07-30,TMPV.NS,Tata Motors Pass Vehicles,Retail Hype / Turnaround,294.0,300.0,293.25,293.95001220703125,286.3754577636719,30589609
2021-08-02,TMPV.NS,Tata Motors Pass Vehicles,Retail Hype / Turnaround,299.1499938964844,299.3999938964844,295.6000061035156,296.8500061035156,289.2007141113281,19273390
2021-08-03,TMPV.NS,Tata Motors Pass Vehicles,Retail Hype / Turnaround,298.5,304.5,297.70001220703125,303.70001220703125,295.87420654296875,31063992
2021-08-04,TMPV.NS,Tata Motors Pass Vehicles,Retail Hype / Turnaround,304.75,306.45001220703125,297.20001220703125,298.1499938964844,290.46722412109375,26186248
2021-08-05,TMPV.NS,Tata Motors Pass Vehicles,Retail Hype / Turnaround,295.5,300.8999938964844,292.75,299.70001220703125,291.9773254394531,20704901
2021-08-06,TMPV.NS,Tata Motors Pass Vehicles,Retail Hype / Turnaround,300.04998779296875,303.3999938964844,297.6499938964844,300.04998779296875,292.3182373046875,16001898
2021-08-09,TMPV.NS,Tata Motors Pass Vehicles,Retail Hype / Turnaround,300.75,304.20001220703125,296.04998779296875,298.1000061035156,290.4184875488281,16985859
2021-08-10,TMPV.NS,Tata Motors Pass Vehicles,Retail Hype / Turnaround,297.8999938964844,300.20001220703125,291.0,294.20001220703125,286.6190185546875,15173990
2021-08-11,TMPV.NS,Tata Motors Pass Vehicles,Retail Hype / Turnaround,295.29998779296875,297.79998779296875,286.45001220703125,295.45001220703125,287.8368225097656,20802022
2021-08-12,TMPV.NS,Tata Motors Pass Vehicles,Retail Hype / Turnaround,297.29998779296875,307.3999938964844,297.29998779296875,306.0,298.1149597167969,33652880
2021-08-13,TMPV.NS,Tata Motors Pass Vehicles,Retail Hype / Turnaround,308.79998779296875,311.5,303.04998779296875,307.25,299.332763671875,34922863
2021-08-16,TMPV.NS,Tata Motors Pass Vehicles,Retail Hype / Turnaround,305.95001220703125,307.8500061035156,303.04998779296875,303.70001220703125,295.87420654296875,14348786
2021-08-17,TMPV.NS,Tata Motors Pass Vehicles,Retail Hype / Turnaround,302.79998779296875,302.79998779296875,292.79998779296875,297.70001220703125,290.0288391113281,25539214
2021-08-18,TMPV.NS,Tata Motors Pass Vehicles,Retail Hype / Turnaround,296.8999938964844,297.75,292.6000061035156,293.3500061035156,285.7909240722656,18004320
2021-08-20,TMPV.NS,Tata Motors Pass Vehicles,Retail Hype / Turnaround,289.5,290.70001220703125,281.0,283.1000061035156,275.8050537109375,32578752
2021-08-23,TMPV.NS,Tata Motors Pass Vehicles,Retail Hype / Turnaround,287.20001220703125,288.29998779296875,275.0,276.95001220703125,269.8135681152344,24498294
2021-08-24,TMPV.NS,Tata Motors Pass Vehicles,Retail Hype / Turnaround,278.5,281.5,268.45001220703125,279.79998779296875,272.590087890625,37589121
2021-08-25,TMPV.NS,Tata Motors Pass Vehicles,Retail Hype / Turnaround,282.79998779296875,289.20001220703125,282.45001220703125,284.3999938964844,277.071533203125,31538128
2021-08-26,TMPV.NS,Tata Motors Pass Vehicles,Retail Hype / Turnaround,284.8500061035156,287.3500061035156,281.6499938964844,284.29998779296875,276.97412109375,17864053
2021-08-27,TMPV.NS,Tata Motors Pass Vehicles,Retail Hype / Turnaround,282.8999938964844,286.79998779296875,281.70001220703125,285.75,278.3867492675781,13477390
2021-08-30,TMPV.NS,Tata Motors Pass Vehicles,Retail Hype / Turnaround,290.1000061035156,293.5,289.8999938964844,291.95001220703125,284.427001953125,17217097
2021-08-31,TMPV.NS,Tata Motors Pass Vehicles,Retail Hype / Turnaround,291.75,291.95001220703125,286.1000061035156,287.29998779296875,279.8968200683594,36951003
2021-09-01,TMPV.NS,Tata Motors Pass Vehicles,Retail Hype / Turnaround,289.0,297.3999938964844,287.29998779296875,295.25,287.6419677734375,33103168
2021-09-02,TMPV.NS,Tata Motors Pass Vehicles,Retail Hype / Turnaround,295.25,296.29998779296875,291.70001220703125,293.1499938964844,285.5960693359375,14907001
2021-09-03,TMPV.NS,Tata Motors Pass Vehicles,Retail Hype / Turnaround,292.5,296.45001220703125,292.0,295.54998779296875,287.9342041015625,16594135
2021-09-06,TMPV.NS,Tata Motors Pass Vehicles,Retail Hype / Turnaround,297.5,298.95001220703125,296.0,297.45001220703125,289.7852783203125,16622865
2021-09-07,TMPV.NS,Tata Motors Pass Vehicles,Retail Hype / Turnaround,297.3500061035156,297.79998779296875,290.8999938964844,294.6000061035156,287.0086975097656,14325904
2021-09-08,TMPV.NS,Tata Motors Pass Vehicles,Retail Hype / Turnaround,293.5,298.79998779296875,291.6000061035156,295.25,287.6419677734375,14920479
2021-09-09,TMPV.NS,Tata Motors Pass Vehicles,Retail Hype / Turnaround,294.0,303.5,293.54998779296875,298.95001220703125,291.24664306640625,34020970
2021-09-13,TMPV.NS,Tata Motors Pass Vehicles,Retail Hype / Turnaround,299.0,302.0,295.5,301.20001220703125,293.43865966796875,16339860
2021-09-14,TMPV.NS,Tata Motors Pass Vehicles,Retail Hype / Turnaround,302.25,307.20001220703125,302.20001220703125,306.1000061035156,298.2123718261719,23234649
2021-09-15,TMPV.NS,Tata Motors Pass Vehicles,Retail Hype / Turnaround,306.1000061035156,313.0,306.1000061035156,311.95001220703125,303.9116516113281,26808872
2021-09-16,TMPV.NS,Tata Motors Pass Vehicles,Retail Hype / Turnaround,313.3999938964844,315.0,307.6499938964844,311.6499938964844,303.6193542480469,26249369
2021-09-17,TMPV.NS,Tata Motors Pass Vehicles,Retail Hype / Turnaround,312.0,315.3500061035156,306.0,308.6000061035156,300.6479187011719,24972069
2021-09-20,TMPV.NS,Tata Motors Pass Vehicles,Retail Hype / Turnaround,304.8999938964844,310.25,297.29998779296875,298.95001220703125,291.24664306640625,19632688
2021-09-21,TMPV.NS,Tata Motors Pass Vehicles,Retail Hype / Turnaround,298.6000061035156,302.70001220703125,293.1000061035156,301.95001220703125,294.1693115234375,19439330
2021-09-22,TMPV.NS,Tata Motors Pass Vehicles,Retail Hype / Turnaround,303.1499938964844,313.79998779296875,303.0,310.1000061035156,302.1092834472656,29545253
2021-09-23,TMPV.NS,Tata Motors Pass Vehicles,Retail Hype / Turnaround,313.20001220703125,324.0,313.20001220703125,321.5,313.2155456542969,52701665
2021-09-24,TMPV.NS,Tata Motors Pass Vehicles,Retail Hype / Turnaround,325.1000061035156,326.95001220703125,316.04998779296875,317.95001220703125,309.75701904296875,28901243
2021-09-27,TMPV.NS,Tata Motors Pass Vehicles,Retail Hype / Turnaround,323.1499938964844,333.6000061035156,323.1499938964844,331.6499938964844,323.10400390625,56305136
2021-09-28,TMPV.NS,Tata Motors Pass Vehicles,Retail Hype / Turnaround,334.0,336.0,324.5,329.29998779296875,320.8145446777344,28497009
2021-09-29,TMPV.NS,Tata Motors Pass Vehicles,Retail Hype / Turnaround,325.0,333.0,324.0,330.25,321.74005126953125,19740150
2021-09-30,TMPV.NS,Tata Motors Pass Vehicles,Retail Hype / Turnaround,331.25,337.8999938964844,329.1000061035156,333.3500061035156,324.76019287109375,30268517
2021-10-01,TMPV.NS,Tata Motors Pass Vehicles,Retail Hype / Turnaround,332.6499938964844,337.29998779296875,325.70001220703125,333.29998779296875,324.71148681640625,29877695
2021-10-04,TMPV.NS,Tata Motors Pass Vehicles,Retail Hype / Turnaround,336.79998779296875,343.25,335.1499938964844,342.0,333.1872863769531,29553072
2021-10-05,TMPV.NS,Tata Motors Pass Vehicles,Retail Hype / Turnaround,340.45001220703125,351.5,338.8500061035156,344.95001220703125,336.061279296875,31861985
2021-10-06,TMPV.NS,Tata Motors Pass Vehicles,Retail Hype / Turnaround,347.0,348.70001220703125,335.0,336.04998779296875,327.390625,25272592
2021-10-07,TMPV.NS,Tata Motors Pass Vehicles,Retail Hype / Turnaround,341.1000061035156,383.0,339.25,376.5,366.79827880859375,163238084
2021-10-08,TMPV.NS,Tata Motors Pass Vehicles,Retail Hype / Turnaround,385.8999938964844,397.54998779296875,380.0,382.95001220703125,373.0821228027344,93728117
2021-10-11,TMPV.NS,Tata Motors Pass Vehicles,Retail Hype / Turnaround,390.1499938964844,420.8999938964844,388.0,415.75,405.0368957519531,113404983
2021-10-12,TMPV.NS,Tata Motors Pass Vehicles,Retail Hype / Turnaround,423.0,435.70001220703125,413.6000061035156,420.8500061035156,410.0055236816406,97349265
2021-10-13,TMPV.NS,Tata Motors Pass Vehicles,Retail Hype / Turnaround,462.8999938964844,523.8499755859375,462.8999938964844,506.8999938964844,493.838134765625,197949387
2021-10-14,TMPV.NS,Tata Motors Pass Vehicles,Retail Hype / Turnaround,530.0,530.0,492.0,497.6000061035156,484.77777099609375,103630901
2021-10-18,TMPV.NS,Tata Motors Pass Vehicles,Retail Hype / Turnaround,507.0,525.0,503.6000061035156,509.6000061035156,496.46856689453125,72322623
2021-10-19,TMPV.NS,Tata Motors Pass Vehicles,Retail Hype / Turnaround,512.4500122070312,517.4000244140625,476.04998779296875,481.8999938964844,469.48236083984375,57428637
2021-10-20,TMPV.NS,Tata Motors Pass Vehicles,Retail Hype / Turnaround,481.79998779296875,497.0,471.25,486.8999938964844,474.3534851074219,55444814
2021-10-21,TMPV.NS,Tata Motors Pass Vehicles,Retail Hype / Turnaround,491.75,510.3999938964844,485.75,508.0,494.9097900390625,52608672
2021-10-22,TMPV.NS,Tata Motors Pass Vehicles,Retail Hype / Turnaround,509.8999938964844,510.70001220703125,487.3999938964844,490.8999938964844,478.2503967285156,42742785
2021-10-25,TMPV.NS,Tata Motors Pass Vehicles,Retail Hype / Turnaround,493.8999938964844,496.0,473.25,479.8999938964844,467.53387451171875,33107841
2021-10-26,TMPV.NS,Tata Motors Pass Vehicles,Retail Hype / Turnaround,483.5,510.0,483.25,508.6499938964844,495.54302978515625,58027770
2021-10-27,TMPV.NS,Tata Motors Pass Vehicles,Retail Hype / Turnaround,505.75,506.54998779296875,496.0,497.8999938964844,485.070068359375,30361263
2021-10-28,TMPV.NS,Tata Motors Pass Vehicles,Retail Hype / Turnaround,493.8999938964844,493.8999938964844,478.54998779296875,481.04998779296875,468.65423583984375,25182748
2021-10-29,TMPV.NS,Tata Motors Pass Vehicles,Retail Hype / Turnaround,482.0,491.6000061035156,467.70001220703125,483.70001220703125,471.2359924316406,31054342
2021-11-01,TMPV.NS,Tata Motors Pass Vehicles,Retail Hype / Turnaround,486.45001220703125,489.70001220703125,469.79998779296875,485.70001220703125,473.1844787597656,34315690
2021-11-02,TMPV.NS,Tata Motors Pass Vehicles,Retail Hype / Turnaround,506.5,510.0,486.5,487.8500061035156,475.279052734375,51580720
2021-11-03,TMPV.NS,Tata Motors Pass Vehicles,Retail Hype / Turnaround,483.79998779296875,495.0,481.6000061035156,484.8999938964844,472.405029296875,22950198
2021-11-04,TMPV.NS,Tata Motors Pass Vehicles,Retail Hype / Turnaround,489.79998779296875,493.54998779296875,488.0,489.70001220703125,477.08135986328125,5531940
2021-11-08,TMPV.NS,Tata Motors Pass Vehicles,Retail Hype / Turnaround,493.8999938964844,504.8500061035156,490.25,501.3999938964844,488.4798583984375,31736426
2021-11-09,TMPV.NS,Tata Motors Pass Vehicles,Retail Hype / Turnaround,505.0,520.6500244140625,503.5,509.6499938964844,496.51727294921875,50458762
2021-11-10,TMPV.NS,Tata Motors Pass Vehicles,Retail Hype / Turnaround,506.25,515.9500122070312,500.20001220703125,510.75,497.58892822265625,26615777
2021-11-11,TMPV.NS,Tata Motors Pass Vehicles,Retail Hype / Turnaround,510.0,519.0,501.0,503.45001220703125,490.47705078125,29256213
2021-11-12,TMPV.NS,Tata Motors Pass Vehicles,Retail Hype / Turnaround,506.95001220703125,509.54998779296875,497.3500061035156,507.04998779296875,493.9842529296875,20731808
2021-11-15,TMPV.NS,Tata Motors Pass Vehicles,Retail Hype / Turnaround,506.25,514.9000244140625,504.5,505.45001220703125,492.425537109375,18014977
2021-11-16,TMPV.NS,Tata Motors Pass Vehicles,Retail Hype / Turnaround,506.8999938964844,526.8499755859375,506.20001220703125,519.0499877929688,505.6750183105469,55897781
2021-11-17,TMPV.NS,Tata Motors Pass Vehicles,Retail Hype / Turnaround,520.25,536.7000122070312,520.25,530.1500244140625,516.4890747070312,48463415
2021-11-18,TMPV.NS,Tata Motors Pass Vehicles,Retail Hype / Turnaround,531.4500122070312,534.2000122070312,501.29998779296875,509.70001220703125,496.5660095214844,47197742
2021-11-22,TMPV.NS,Tata Motors Pass Vehicles,Retail Hype / Turnaround,512.25,512.25,478.3999938964844,486.1000061035156,473.5741271972656,40044849
2021-11-23,TMPV.NS,Tata Motors Pass Vehicles,Retail Hype / Turnaround,484.3999938964844,499.3500061035156,477.0,495.5,482.7319030761719,27553684
2021-11-24,TMPV.NS,Tata Motors Pass Vehicles,Retail Hype / Turnaround,499.0,501.79998779296875,485.29998779296875,488.6499938964844,476.0583801269531,20915837
2021-11-25,TMPV.NS,Tata Motors Pass Vehicles,Retail Hype / Turnaround,490.79998779296875,495.1499938964844,486.5,492.75,480.052734375,15336539
2021-11-26,TMPV.NS,Tata Motors Pass Vehicles,Retail Hype / Turnaround,486.0,486.75,458.0,460.20001220703125,448.3415222167969,51787989
2021-11-29,TMPV.NS,Tata Motors Pass Vehicles,Retail Hype / Turnaround,457.0,470.75,443.1000061035156,461.45001220703125,449.5592956542969,42819150
2021-11-30,TMPV.NS,Tata Motors Pass Vehicles,Retail Hype / Turnaround,466.54998779296875,478.0,455.6499938964844,458.6000061035156,446.78271484375,35471800
2021-12-01,TMPV.NS,Tata Motors Pass Vehicles,Retail Hype / Turnaround,467.8500061035156,478.3999938964844,463.54998779296875,475.25,463.00372314453125,28256188
2021-12-02,TMPV.NS,Tata Motors Pass Vehicles,Retail Hype / Turnaround,479.3999938964844,480.45001220703125,471.70001220703125,479.1000061035156,466.7544860839844,21012008
2021-12-03,TMPV.NS,Tata Motors Pass Vehicles,Retail Hype / Turnaround,480.0,484.70001220703125,477.29998779296875,480.1000061035156,467.7287292480469,20948900
2021-12-06,TMPV.NS,Tata Motors Pass Vehicles,Retail Hype / Turnaround,480.1000061035156,480.8999938964844,466.0,467.20001220703125,455.1611328125,17473075
2021-12-07,TMPV.NS,Tata Motors Pass Vehicles,Retail Hype / Turnaround,476.8500061035156,484.8999938964844,471.0,481.79998779296875,469.3849182128906,21280797
2021-12-08,TMPV.NS,Tata Motors Pass Vehicles,Retail Hype / Turnaround,484.5,495.95001220703125,483.5,493.8999938964844,481.1731262207031,20581817
2021-12-09,TMPV.NS,Tata Motors Pass Vehicles,Retail Hype / Turnaround,498.0,498.5,489.54998779296875,493.95001220703125,481.2218322753906,16951593
2021-12-10,TMPV.NS,Tata Motors Pass Vehicles,Retail Hype / Turnaround,487.75,496.79998779296875,486.54998779296875,494.45001220703125,481.70892333984375,14567815
2021-12-13,TMPV.NS,Tata Motors Pass Vehicles,Retail Hype / Turnaround,499.45001220703125,506.3999938964844,494.20001220703125,495.3500061035156,482.5857849121094,21921272
2021-12-14,TMPV.NS,Tata Motors Pass Vehicles,Retail Hype / Turnaround,491.95001220703125,491.95001220703125,483.29998779296875,489.3999938964844,476.7890930175781,17722547
2021-12-15,TMPV.NS,Tata Motors Pass Vehicles,Retail Hype / Turnaround,487.79998779296875,497.70001220703125,487.25,491.6499938964844,478.9811096191406,16263723
2021-12-16,TMPV.NS,Tata Motors Pass Vehicles,Retail Hype / Turnaround,495.0,496.5,487.3999938964844,491.95001220703125,479.27337646484375,13581352
2021-12-17,TMPV.NS,Tata Motors Pass Vehicles,Retail Hype / Turnaround,488.0,488.8500061035156,468.20001220703125,470.20001220703125,458.0838623046875,27341178
2021-12-20,TMPV.NS,Tata Motors Pass Vehicles,Retail Hype / Turnaround,459.8999938964844,460.0,440.0,447.04998779296875,435.53033447265625,33007516
2021-12-21,TMPV.NS,Tata Motors Pass Vehicles,Retail Hype / Turnaround,452.1000061035156,460.8999938964844,449.8500061035156,453.6000061035156,441.91162109375,18838054
2021-12-22,TMPV.NS,Tata Motors Pass Vehicles,Retail Hype / Turnaround,458.1499938964844,472.1499938964844,458.1499938964844,470.5,458.3760986328125,22730750
2021-12-23,TMPV.NS,Tata Motors Pass Vehicles,Retail Hype / Turnaround,476.0,478.0,470.95001220703125,472.3500061035156,460.1784362792969,12116814
2021-12-24,TMPV.NS,Tata Motors Pass Vehicles,Retail Hype / Turnaround,474.8999938964844,474.8999938964844,460.0,467.6000061035156,455.55084228515625,15487368
2021-12-27,TMPV.NS,Tata Motors Pass Vehicles,Retail Hype / Turnaround,465.70001220703125,472.45001220703125,460.1000061035156,471.1499938964844,459.00933837890625,12557565
2021-12-28,TMPV.NS,Tata Motors Pass Vehicles,Retail Hype / Turnaround,475.20001220703125,482.79998779296875,472.6499938964844,480.20001220703125,467.8261413574219,22860916
2021-12-29,TMPV.NS,Tata Motors Pass Vehicles,Retail Hype / Turnaround,478.75,481.6000061035156,474.25,476.0,463.734375,10263884
2021-12-30,TMPV.NS,Tata Motors Pass Vehicles,Retail Hype / Turnaround,472.54998779296875,476.3999938964844,468.6000061035156,470.3999938964844,458.2786560058594,11923961
2021-12-31,TMPV.NS,Tata Motors Pass Vehicles,Retail Hype / Turnaround,472.70001220703125,483.6000061035156,471.8500061035156,482.3999938964844,469.9694519042969,15541446
2022-01-03,TMPV.NS,Tata Motors Pass Vehicles,Retail Hype / Turnaround,493.5,500.8500061035156,492.0,497.6000061035156,484.77777099609375,32748423
2022-01-04,TMPV.NS,Tata Motors Pass Vehicles,Retail Hype / Turnaround,496.79998779296875,499.0,484.04998779296875,489.6000061035156,476.98394775390625,24100985
2022-01-05,TMPV.NS,Tata Motors Pass Vehicles,Retail Hype / Turnaround,486.95001220703125,492.75,483.54998779296875,489.75,477.13006591796875,15420105
2022-01-06,TMPV.NS,Tata Motors Pass Vehicles,Retail Hype / Turnaround,481.5,492.95001220703125,477.1000061035156,488.8500061035156,476.25323486328125,16563230
2022-01-07,TMPV.NS,Tata Motors Pass Vehicles,Retail Hype / Turnaround,490.04998779296875,495.5,483.75,490.6000061035156,477.9581604003906,15532165
2022-01-10,TMPV.NS,Tata Motors Pass Vehicles,Retail Hype / Turnaround,493.1000061035156,504.8999938964844,491.29998779296875,503.70001220703125,490.7206115722656,25193771
2022-01-11,TMPV.NS,Tata Motors Pass Vehicles,Retail Hype / Turnaround,503.0,507.8999938964844,498.1499938964844,501.29998779296875,488.3824157714844,16269193
2022-01-12,TMPV.NS,Tata Motors Pass Vehicles,Retail Hype / Turnaround,505.8500061035156,511.8500061035156,503.5,507.25,494.17913818359375,16255334
2022-01-13,TMPV.NS,Tata Motors Pass Vehicles,Retail Hype / Turnaround,504.0,513.7999877929688,494.79998779296875,511.95001220703125,498.7580261230469,27572553
2022-01-14,TMPV.NS,Tata Motors Pass Vehicles,Retail Hype / Turnaround,509.0,515.4000244140625,505.6499938964844,509.8999938964844,496.7608337402344,12655602
2022-01-17,TMPV.NS,Tata Motors Pass Vehicles,Retail Hype / Turnaround,514.7999877929688,526.9000244140625,512.0,525.0,511.47174072265625,27942414
2022-01-18,TMPV.NS,Tata Motors Pass Vehicles,Retail Hype / Turnaround,527.9000244140625,528.5,507.1499938964844,510.79998779296875,497.63763427734375,19353195
2022-01-19,TMPV.NS,Tata Motors Pass Vehicles,Retail Hype / Turnaround,510.0,522.2000122070312,504.79998779296875,520.8499755859375,507.42864990234375,21799071
2022-01-20,TMPV.NS,Tata Motors Pass Vehicles,Retail Hype / Turnaround,519.9500122070312,523.2000122070312,512.0,515.7000122070312,502.41143798828125,18364451
2022-01-21,TMPV.NS,Tata Motors Pass Vehicles,Retail Hype / Turnaround,510.3999938964844,513.8499755859375,494.25,501.8500061035156,488.91827392578125,17946821
2022-01-24,TMPV.NS,Tata Motors Pass Vehicles,Retail Hype / Turnaround,499.70001220703125,504.29998779296875,473.3500061035156,478.45001220703125,466.1212463378906,25228959
2022-01-25,TMPV.NS,Tata Motors Pass Vehicles,Retail Hype / Turnaround,473.79998779296875,492.5,467.6499938964844,490.54998779296875,477.909423828125,22565698
2022-01-27,TMPV.NS,Tata Motors Pass Vehicles,Retail Hype / Turnaround,480.75,502.70001220703125,476.6000061035156,494.3999938964844,481.66021728515625,26676094
2022-01-28,TMPV.NS,Tata Motors Pass Vehicles,Retail Hype / Turnaround,500.5,509.3500061035156,495.29998779296875,497.29998779296875,484.48553466796875,21784640
2022-01-31,TMPV.NS,Tata Motors Pass Vehicles,Retail Hype / Turnaround,505.0,520.0,498.20001220703125,517.75,504.4085693359375,27306578
2022-02-01,TMPV.NS,Tata Motors Pass Vehicles,Retail Hype / Turnaround,508.0,514.75,493.0,504.29998779296875,491.3050842285156,48030231
2022-02-02,TMPV.NS,Tata Motors Pass Vehicles,Retail Hype / Turnaround,508.6000061035156,514.4500122070312,505.1499938964844,506.3999938964844,493.35101318359375,14311040
2022-02-03,TMPV.NS,Tata Motors Pass Vehicles,Retail Hype / Turnaround,509.1000061035156,514.2999877929688,502.8500061035156,504.5,491.4999694824219,15249245
2022-02-04,TMPV.NS,Tata Motors Pass Vehicles,Retail Hype / Turnaround,503.79998779296875,507.79998779296875,499.0,500.6000061035156,487.7004699707031,12663199
2022-02-07,TMPV.NS,Tata Motors Pass Vehicles,Retail Hype / Turnaround,502.8999938964844,504.3500061035156,492.5,494.6000061035156,481.8550720214844,13392910
2022-02-08,TMPV.NS,Tata Motors Pass Vehicles,Retail Hype / Turnaround,498.0,498.5,479.1499938964844,492.75,480.052734375,23378623
2022-02-09,TMPV.NS,Tata Motors Pass Vehicles,Retail Hype / Turnaround,496.5,503.70001220703125,494.70001220703125,501.25,488.3337097167969,12430730
2022-02-10,TMPV.NS,Tata Motors Pass Vehicles,Retail Hype / Turnaround,506.70001220703125,510.5,504.20001220703125,507.45001220703125,494.37396240234375,14537945
2022-02-11,TMPV.NS,Tata Motors Pass Vehicles,Retail Hype / Turnaround,503.25,507.0,497.0,498.8500061035156,485.99554443359375,13534899
2022-02-14,TMPV.NS,Tata Motors Pass Vehicles,Retail Hype / Turnaround,487.0,488.5,468.79998779296875,471.45001220703125,459.3016662597656,22157389
2022-02-15,TMPV.NS,Tata Motors Pass Vehicles,Retail Hype / Turnaround,476.1499938964844,505.5,467.29998779296875,504.0,491.01287841796875,30623088
2022-02-16,TMPV.NS,Tata Motors Pass Vehicles,Retail Hype / Turnaround,504.0,507.8999938964844,496.6000061035156,498.45001220703125,485.60589599609375,20176993
2022-02-17,TMPV.NS,Tata Motors Pass Vehicles,Retail Hype / Turnaround,505.8999938964844,511.5,498.29998779296875,499.95001220703125,487.0672607421875,27943077
2022-02-18,TMPV.NS,Tata Motors Pass Vehicles,Retail Hype / Turnaround,498.0,502.6499938964844,491.5,493.1499938964844,480.44244384765625,15476803
2022-02-21,TMPV.NS,Tata Motors Pass Vehicles,Retail Hype / Turnaround,490.1499938964844,500.3999938964844,486.1000061035156,494.45001220703125,481.70892333984375,22592161
2022-02-22,TMPV.NS,Tata Motors Pass Vehicles,Retail Hype / Turnaround,480.54998779296875,486.29998779296875,471.45001220703125,478.25,465.9264221191406,27957544
2022-02-23,TMPV.NS,Tata Motors Pass Vehicles,Retail Hype / Turnaround,481.75,485.3999938964844,475.29998779296875,477.0,464.7086181640625,17703998
2022-02-24,TMPV.NS,Tata Motors Pass Vehicles,Retail Hype / Turnaround,455.95001220703125,461.54998779296875,405.45001220703125,427.95001220703125,416.92254638671875,57265685
2022-02-25,TMPV.NS,Tata Motors Pass Vehicles,Retail Hype / Turnaround,444.8500061035156,465.70001220703125,441.6000061035156,459.75,447.9031066894531,48876182
2022-02-28,TMPV.NS,Tata Motors Pass Vehicles,Retail Hype / Turnaround,445.0,457.3500061035156,440.45001220703125,454.04998779296875,442.3500061035156,34475468
2022-03-02,TMPV.NS,Tata Motors Pass Vehicles,Retail Hype / Turnaround,452.95001220703125,454.25,444.54998779296875,447.6000061035156,436.0661926269531,25791134
2022-03-03,TMPV.NS,Tata Motors Pass Vehicles,Retail Hype / Turnaround,458.5,458.5,435.0,437.1000061035156,425.8367614746094,29599672
2022-03-04,TMPV.NS,Tata Motors Pass Vehicles,Retail Hype / Turnaround,431.8500061035156,431.8500061035156,414.75,417.25,406.49822998046875,38765185
2022-03-07,TMPV.NS,Tata Motors Pass Vehicles,Retail Hype / Turnaround,401.75,401.75,387.5,394.0,383.8473205566406,44836205
2022-03-08,TMPV.NS,Tata Motors Pass Vehicles,Retail Hype / Turnaround,390.5,395.45001220703125,376.3500061035156,391.75,381.65533447265625,55543383
2022-03-09,TMPV.NS,Tata Motors Pass Vehicles,Retail Hype / Turnaround,394.95001220703125,409.25,389.5,405.8999938964844,395.4407043457031,48376222
2022-03-10,TMPV.NS,Tata Motors Pass Vehicles,Retail Hype / Turnaround,427.0,434.95001220703125,414.0,419.6000061035156,408.7877197265625,59776817
2022-03-11,TMPV.NS,Tata Motors Pass Vehicles,Retail Hype / Turnaround,413.6000061035156,421.1499938964844,407.3999938964844,418.1499938964844,407.37506103515625,51510243
2022-03-14,TMPV.NS,Tata Motors Pass Vehicles,Retail Hype / Turnaround,418.75,419.0,404.0,411.70001220703125,401.09124755859375,40721277
2022-03-15,TMPV.NS,Tata Motors Pass Vehicles,Retail Hype / Turnaround,409.8500061035156,424.20001220703125,408.0,413.6499938964844,402.9909973144531,47706136
2022-03-16,TMPV.NS,Tata Motors Pass Vehicles,Retail Hype / Turnaround,427.04998779296875,428.54998779296875,420.70001220703125,424.8999938964844,413.9511413574219,27191170
2022-03-17,TMPV.NS,Tata Motors Pass Vehicles,Retail Hype / Turnaround,432.0,435.70001220703125,429.54998779296875,433.79998779296875,422.6217956542969,26704541
2022-03-21,TMPV.NS,Tata Motors Pass Vehicles,Retail Hype / Turnaround,435.5,436.29998779296875,427.1000061035156,427.95001220703125,416.92254638671875,18270995
2022-03-22,TMPV.NS,Tata Motors Pass Vehicles,Retail Hype / Turnaround,428.1000061035156,441.45001220703125,421.20001220703125,440.3500061035156,429.0030212402344,30441493
2022-03-23,TMPV.NS,Tata Motors Pass Vehicles,Retail Hype / Turnaround,443.5,447.0,434.6000061035156,435.79998779296875,424.5702209472656,25466395
2022-03-24,TMPV.NS,Tata Motors Pass Vehicles,Retail Hype / Turnaround,430.0,435.3999938964844,427.54998779296875,433.20001220703125,422.0372619628906,17109723
2022-03-25,TMPV.NS,Tata Motors Pass Vehicles,Retail Hype / Turnaround,437.0,437.0,427.6499938964844,432.1000061035156,420.965576171875,15104414
2022-03-28,TMPV.NS,Tata Motors Pass Vehicles,Retail Hype / Turnaround,432.0,434.95001220703125,426.5,432.70001220703125,421.5501403808594,16757901
2022-03-29,TMPV.NS,Tata Motors Pass Vehicles,Retail Hype / Turnaround,436.0,439.3500061035156,431.3999938964844,433.70001220703125,422.5243835449219,18710736
2022-03-30,TMPV.NS,Tata Motors Pass Vehicles,Retail Hype / Turnaround,438.45001220703125,442.5,434.25,435.6499938964844,424.4241027832031,18149488
2022-03-31,TMPV.NS,Tata Motors Pass Vehicles,Retail Hype / Turnaround,436.0,438.29998779296875,432.6000061035156,433.75,422.5730895996094,14248045
2022-04-01,TMPV.NS,Tata Motors Pass Vehicles,Retail Hype / Turnaround,434.0,442.25,430.8500061035156,441.1499938964844,429.7823791503906,19380324
2022-04-04,TMPV.NS,Tata Motors Pass Vehicles,Retail Hype / Turnaround,444.3999938964844,449.5,441.29998779296875,446.75,435.23809814453125,18657201
2022-04-05,TMPV.NS,Tata Motors Pass Vehicles,Retail Hype / Turnaround,450.0,461.8999938964844,448.29998779296875,458.04998779296875,446.24688720703125,28530470
2022-04-06,TMPV.NS,Tata Motors Pass Vehicles,Retail Hype / Turnaround,455.8999938964844,462.70001220703125,452.6000061035156,456.1499938964844,444.3958740234375,24974477
2022-04-07,TMPV.NS,Tata Motors Pass Vehicles,Retail Hype / Turnaround,456.5,459.1000061035156,448.5,449.5,437.9172058105469,19950241
2022-04-08,TMPV.NS,Tata Motors Pass Vehicles,Retail Hype / Turnaround,450.0,456.25,449.70001220703125,452.04998779296875,440.4014892578125,16315704
2022-04-11,TMPV.NS,Tata Motors Pass Vehicles,Retail Hype / Turnaround,457.0,458.8999938964844,451.0,452.04998779296875,440.4014892578125,14339854
2022-04-12,TMPV.NS,Tata Motors Pass Vehicles,Retail Hype / Turnaround,450.79998779296875,450.79998779296875,435.0,438.29998779296875,427.00579833984375,22698696
2022-04-13,TMPV.NS,Tata Motors Pass Vehicles,Retail Hype / Turnaround,441.79998779296875,442.8500061035156,430.1000061035156,431.04998779296875,419.942626953125,16817981
2022-04-18,TMPV.NS,Tata Motors Pass Vehicles,Retail Hype / Turnaround,430.0,436.3500061035156,423.6499938964844,433.79998779296875,422.6217956542969,15298361
2022-04-19,TMPV.NS,Tata Motors Pass Vehicles,Retail Hype / Turnaround,436.75,440.25,417.0,424.95001220703125,413.9998474121094,12669041
2022-04-20,TMPV.NS,Tata Motors Pass Vehicles,Retail Hype / Turnaround,431.0,441.70001220703125,428.25,440.54998779296875,429.1978759765625,19639290
2022-04-21,TMPV.NS,Tata Motors Pass Vehicles,Retail Hype / Turnaround,444.5,449.3500061035156,441.04998779296875,448.04998779296875,436.5046081542969,14124872
2022-04-22,TMPV.NS,Tata Motors Pass Vehicles,Retail Hype / Turnaround,442.04998779296875,447.25,438.0,438.8500061035156,427.5416564941406,14362036
2022-04-25,TMPV.NS,Tata Motors Pass Vehicles,Retail Hype / Turnaround,432.75,436.0,423.1499938964844,425.1499938964844,414.1947021484375,14729009
2022-04-26,TMPV.NS,Tata Motors Pass Vehicles,Retail Hype / Turnaround,433.8999938964844,437.45001220703125,431.6000061035156,434.8999938964844,423.69342041015625,13577513
2022-04-27,TMPV.NS,Tata Motors Pass Vehicles,Retail Hype / Turnaround,429.25,432.95001220703125,425.1000061035156,430.25,419.16326904296875,13701069
2022-04-28,TMPV.NS,Tata Motors Pass Vehicles,Retail Hype / Turnaround,434.79998779296875,439.20001220703125,430.79998779296875,436.04998779296875,424.8138122558594,13875650
2022-04-29,TMPV.NS,Tata Motors Pass Vehicles,Retail Hype / Turnaround,440.20001220703125,447.75,436.0,437.6000061035156,426.3238525390625,21991752
2022-05-02,TMPV.NS,Tata Motors Pass Vehicles,Retail Hype / Turnaround,437.95001220703125,442.95001220703125,428.5,432.8500061035156,421.6962890625,18945234
2022-05-04,TMPV.NS,Tata Motors Pass Vehicles,Retail Hype / Turnaround,437.95001220703125,440.6000061035156,420.70001220703125,423.5,412.5871887207031,14934742
2022-05-05,TMPV.NS,Tata Motors Pass Vehicles,Retail Hype / Turnaround,429.0,434.0,423.70001220703125,426.29998779296875,415.3150329589844,12240729
2022-05-06,TMPV.NS,Tata Motors Pass Vehicles,Retail Hype / Turnaround,418.8500061035156,420.20001220703125,407.0,408.54998779296875,398.0224304199219,25142225
2022-05-09,TMPV.NS,Tata Motors Pass Vehicles,Retail Hype / Turnaround,407.1499938964844,407.3999938964844,395.0,403.95001220703125,393.541015625,18076956
2022-05-10,TMPV.NS,Tata Motors Pass Vehicles,Retail Hype / Turnaround,400.0,408.5,389.6000061035156,391.75,381.65533447265625,16540303
2022-05-11,TMPV.NS,Tata Motors Pass Vehicles,Retail Hype / Turnaround,396.0,397.0,377.54998779296875,388.1499938964844,378.14813232421875,29215175
2022-05-12,TMPV.NS,Tata Motors Pass Vehicles,Retail Hype / Turnaround,382.0,384.6499938964844,366.20001220703125,372.29998779296875,362.7065124511719,33511538
2022-05-13,TMPV.NS,Tata Motors Pass Vehicles,Retail Hype / Turnaround,387.0,419.3500061035156,387.0,404.29998779296875,393.8819274902344,71425747
2022-05-16,TMPV.NS,Tata Motors Pass Vehicles,Retail Hype / Turnaround,411.8999938964844,411.8999938964844,396.25,405.3500061035156,394.9048767089844,24938704
2022-05-17,TMPV.NS,Tata Motors Pass Vehicles,Retail Hype / Turnaround,408.3999938964844,425.6499938964844,405.0,424.1499938964844,413.220458984375,24651585
2022-05-18,TMPV.NS,Tata Motors Pass Vehicles,Retail Hype / Turnaround,424.0,427.3500061035156,414.04998779296875,415.1499938964844,404.4523620605469,20490516
2022-05-19,TMPV.NS,Tata Motors Pass Vehicles,Retail Hype / Turnaround,400.0,406.79998779296875,396.20001220703125,398.6499938964844,388.3775634765625,17706724
2022-05-20,TMPV.NS,Tata Motors Pass Vehicles,Retail Hype / Turnaround,410.0,421.3999938964844,410.0,418.0,407.2289123535156,23504236
2022-05-23,TMPV.NS,Tata Motors Pass Vehicles,Retail Hype / Turnaround,421.6499938964844,431.1499938964844,419.54998779296875,421.45001220703125,410.59002685546875,16345308
2022-05-24,TMPV.NS,Tata Motors Pass Vehicles,Retail Hype / Turnaround,423.8999938964844,427.5,416.0,425.75,414.77923583984375,14525617
2022-05-25,TMPV.NS,Tata Motors Pass Vehicles,Retail Hype / Turnaround,428.45001220703125,429.0,413.45001220703125,417.0,406.25469970703125,13540006
2022-05-26,TMPV.NS,Tata Motors Pass Vehicles,Retail Hype / Turnaround,422.0,422.6499938964844,405.0,420.6499938964844,409.8106384277344,17712299
2022-05-27,TMPV.NS,Tata Motors Pass Vehicles,Retail Hype / Turnaround,426.04998779296875,433.25,425.20001220703125,429.6000061035156,418.5299987792969,16867431
2022-05-30,TMPV.NS,Tata Motors Pass Vehicles,Retail Hype / Turnaround,437.0,445.20001220703125,436.0,442.3999938964844,431.00018310546875,18500266
2022-05-31,TMPV.NS,Tata Motors Pass Vehicles,Retail Hype / Turnaround,443.95001220703125,449.5,440.3999938964844,443.54998779296875,432.12054443359375,22308219
2022-06-01,TMPV.NS,Tata Motors Pass Vehicles,Retail Hype / Turnaround,445.1000061035156,446.0,439.6000061035156,444.6000061035156,433.14349365234375,11930669
2022-06-02,TMPV.NS,Tata Motors Pass Vehicles,Retail Hype / Turnaround,445.0,445.6000061035156,435.6499938964844,439.1499938964844,427.83392333984375,12742438
2022-06-03,TMPV.NS,Tata Motors Pass Vehicles,Retail Hype / Turnaround,444.8999938964844,445.04998779296875,430.5,431.8999938964844,420.770751953125,12780122
2022-06-06,TMPV.NS,Tata Motors Pass Vehicles,Retail Hype / Turnaround,427.8999938964844,433.95001220703125,424.6000061035156,432.3500061035156,421.20916748046875,11896105
2022-06-07,TMPV.NS,Tata Motors Pass Vehicles,Retail Hype / Turnaround,432.5,438.20001220703125,429.1000061035156,435.8500061035156,424.6189880371094,11153869
2022-06-08,TMPV.NS,Tata Motors Pass Vehicles,Retail Hype / Turnaround,438.70001220703125,440.3999938964844,432.0,435.6499938964844,424.4241027832031,12844475
2022-06-09,TMPV.NS,Tata Motors Pass Vehicles,Retail Hype / Turnaround,431.8999938964844,435.6499938964844,426.1000061035156,428.5,417.4583435058594,13043367
2022-06-10,TMPV.NS,Tata Motors Pass Vehicles,Retail Hype / Turnaround,423.0,428.8500061035156,422.0,428.04998779296875,417.01995849609375,11914234
2022-06-13,TMPV.NS,Tata Motors Pass Vehicles,Retail Hype / Turnaround,414.8999938964844,418.1499938964844,405.6000061035156,406.70001220703125,396.2201232910156,17442641
2022-06-14,TMPV.NS,Tata Motors Pass Vehicles,Retail Hype / Turnaround,403.0,411.8500061035156,397.70001220703125,405.1499938964844,394.71002197265625,19626627
2022-06-15,TMPV.NS,Tata Motors Pass Vehicles,Retail Hype / Turnaround,410.0,416.3999938964844,407.45001220703125,414.1000061035156,403.429443359375,15192826
2022-06-16,TMPV.NS,Tata Motors Pass Vehicles,Retail Hype / Turnaround,420.0,420.8999938964844,390.1000061035156,392.95001220703125,382.8244323730469,22261032
2022-06-17,TMPV.NS,Tata Motors Pass Vehicles,Retail Hype / Turnaround,387.95001220703125,394.45001220703125,382.6499938964844,388.95001220703125,378.927490234375,24824899
2022-06-20,TMPV.NS,Tata Motors Pass Vehicles,Retail Hype / Turnaround,390.54998779296875,392.95001220703125,376.6499938964844,382.70001220703125,372.8385314941406,17049013
2022-06-21,TMPV.NS,Tata Motors Pass Vehicles,Retail Hype / Turnaround,389.0,399.0,387.0,397.6000061035156,387.3545837402344,14743366
2022-06-22,TMPV.NS,Tata Motors Pass Vehicles,Retail Hype / Turnaround,396.3999938964844,397.0,390.5,393.1000061035156,382.9705810546875,12426604
2022-06-23,TMPV.NS,Tata Motors Pass Vehicles,Retail Hype / Turnaround,396.29998779296875,409.8999938964844,394.54998779296875,407.20001220703125,396.7072448730469,26514004
2022-06-24,TMPV.NS,Tata Motors Pass Vehicles,Retail Hype / Turnaround,410.0,412.8500061035156,406.1499938964844,409.29998779296875,398.7530822753906,14806456
2022-06-27,TMPV.NS,Tata Motors Pass Vehicles,Retail Hype / Turnaround,417.54998779296875,419.45001220703125,412.3500061035156,414.5,403.8191223144531,12018949
2022-06-28,TMPV.NS,Tata Motors Pass Vehicles,Retail Hype / Turnaround,411.29998779296875,418.20001220703125,409.1499938964844,417.1000061035156,406.35211181640625,13238339
2022-06-29,TMPV.NS,Tata Motors Pass Vehicles,Retail Hype / Turnaround,412.04998779296875,419.8999938964844,411.54998779296875,416.95001220703125,406.20599365234375,13104313
2022-06-30,TMPV.NS,Tata Motors Pass Vehicles,Retail Hype / Turnaround,418.29998779296875,424.0,410.0,411.79998779296875,401.1886291503906,20121916
2022-07-01,TMPV.NS,Tata Motors Pass Vehicles,Retail Hype / Turnaround,410.6499938964844,414.6000061035156,402.29998779296875,412.70001220703125,402.0655212402344,14725989
2022-07-04,TMPV.NS,Tata Motors Pass Vehicles,Retail Hype / Turnaround,411.54998779296875,414.8999938964844,405.0,408.45001220703125,397.925048828125,11525133
2022-07-05,TMPV.NS,Tata Motors Pass Vehicles,Retail Hype / Turnaround,415.0,418.79998779296875,410.20001220703125,412.0,401.383544921875,16771012
2022-07-06,TMPV.NS,Tata Motors Pass Vehicles,Retail Hype / Turnaround,414.0,417.29998779296875,410.6499938964844,416.3500061035156,405.6214599609375,12196920
2022-07-07,TMPV.NS,Tata Motors Pass Vehicles,Retail Hype / Turnaround,419.8999938964844,432.95001220703125,419.29998779296875,430.8500061035156,419.7477722167969,17616800
2022-07-08,TMPV.NS,Tata Motors Pass Vehicles,Retail Hype / Turnaround,436.25,443.8500061035156,429.29998779296875,441.54998779296875,430.17205810546875,23730027
2022-07-11,TMPV.NS,Tata Motors Pass Vehicles,Retail Hype / Turnaround,438.04998779296875,441.20001220703125,433.45001220703125,437.04998779296875,425.7879943847656,12619654
2022-07-12,TMPV.NS,Tata Motors Pass Vehicles,Retail Hype / Turnaround,433.0,435.0,428.1499938964844,430.54998779296875,419.4555358886719,9518822
2022-07-13,TMPV.NS,Tata Motors Pass Vehicles,Retail Hype / Turnaround,432.70001220703125,435.8500061035156,425.6499938964844,427.1000061035156,416.09442138671875,10181698
2022-07-14,TMPV.NS,Tata Motors Pass Vehicles,Retail Hype / Turnaround,428.0,431.25,423.29998779296875,428.04998779296875,417.01995849609375,10744547
2022-07-15,TMPV.NS,Tata Motors Pass Vehicles,Retail Hype / Turnaround,430.6499938964844,441.75,429.70001220703125,440.20001220703125,428.85687255859375,15774084
2022-07-18,TMPV.NS,Tata Motors Pass Vehicles,Retail Hype / Turnaround,443.95001220703125,453.79998779296875,443.20001220703125,450.8999938964844,439.2811584472656,21185764
2022-07-19,TMPV.NS,Tata Motors Pass Vehicles,Retail Hype / Turnaround,446.75,451.8500061035156,444.45001220703125,449.04998779296875,437.4787902832031,11553440
2022-07-20,TMPV.NS,Tata Motors Pass Vehicles,Retail Hype / Turnaround,454.3500061035156,460.75,451.75,453.45001220703125,441.76544189453125,17154184
2022-07-21,TMPV.NS,Tata Motors Pass Vehicles,Retail Hype / Turnaround,452.95001220703125,455.5,450.1000061035156,454.8500061035156,443.1293640136719,10931800
2022-07-22,TMPV.NS,Tata Motors Pass Vehicles,Retail Hype / Turnaround,456.6000061035156,459.95001220703125,452.29998779296875,454.8999938964844,443.1780700683594,10340910
2022-07-25,TMPV.NS,Tata Motors Pass Vehicles,Retail Hype / Turnaround,456.0,457.6000061035156,446.29998779296875,449.54998779296875,437.9659118652344,12505062
2022-07-26,TMPV.NS,Tata Motors Pass Vehicles,Retail Hype / Turnaround,448.70001220703125,448.70001220703125,439.75,441.1499938964844,429.7823791503906,11563528
2022-07-27,TMPV.NS,Tata Motors Pass Vehicles,Retail Hype / Turnaround,441.1499938964844,445.0,436.1000061035156,444.04998779296875,432.607666015625,10081023
2022-07-28,TMPV.NS,Tata Motors Pass Vehicles,Retail Hype / Turnaround,440.25,449.25,427.3999938964844,442.25,430.85406494140625,36380444
2022-07-29,TMPV.NS,Tata Motors Pass Vehicles,Retail Hype / Turnaround,445.1499938964844,452.70001220703125,445.1499938964844,449.6000061035156,438.0146789550781,16004096
2022-08-01,TMPV.NS,Tata Motors Pass Vehicles,Retail Hype / Turnaround,451.95001220703125,481.0,451.04998779296875,479.20001220703125,466.8518981933594,43084536
2022-08-02,TMPV.NS,Tata Motors Pass Vehicles,Retail Hype / Turnaround,478.8999938964844,479.8999938964844,469.25,476.25,463.9779357910156,19065689
2022-08-03,TMPV.NS,Tata Motors Pass Vehicles,Retail Hype / Turnaround,475.0,476.25,459.6000061035156,467.79998779296875,455.7456970214844,19125906
2022-08-04,TMPV.NS,Tata Motors Pass Vehicles,Retail Hype / Turnaround,473.1499938964844,473.95001220703125,456.45001220703125,468.8999938964844,456.81732177734375,18540405
2022-08-05,TMPV.NS,Tata Motors Pass Vehicles,Retail Hype / Turnaround,468.8999938964844,472.8999938964844,464.0,465.25,453.2613830566406,11917799
2022-08-08,TMPV.NS,Tata Motors Pass Vehicles,Retail Hype / Turnaround,466.0,471.8999938964844,464.45001220703125,468.25,456.18408203125,10561754
2022-08-10,TMPV.NS,Tata Motors Pass Vehicles,Retail Hype / Turnaround,470.0,477.20001220703125,463.3500061035156,475.54998779296875,463.29595947265625,13360759
2022-08-11,TMPV.NS,Tata Motors Pass Vehicles,Retail Hype / Turnaround,482.54998779296875,485.0,475.6000061035156,476.6499938964844,464.3675842285156,12777503
2022-08-12,TMPV.NS,Tata Motors Pass Vehicles,Retail Hype / Turnaround,475.75,481.45001220703125,470.0,477.54998779296875,465.2444152832031,13482890
2022-08-16,TMPV.NS,Tata Motors Pass Vehicles,Retail Hype / Turnaround,479.6000061035156,491.3999938964844,478.20001220703125,489.8500061035156,477.2275085449219,16796376
2022-08-17,TMPV.NS,Tata Motors Pass Vehicles,Retail Hype / Turnaround,490.8999938964844,494.3999938964844,484.20001220703125,485.3999938964844,472.89215087890625,15948755
2022-08-18,TMPV.NS,Tata Motors Pass Vehicles,Retail Hype / Turnaround,484.0,486.79998779296875,479.25,484.79998779296875,472.3075866699219,12070974
2022-08-19,TMPV.NS,Tata Motors Pass Vehicles,Retail Hype / Turnaround,486.75,488.1000061035156,468.1000061035156,471.0,458.8631896972656,16636593
2022-08-22,TMPV.NS,Tata Motors Pass Vehicles,Retail Hype / Turnaround,468.5,468.95001220703125,452.54998779296875,454.6000061035156,442.88580322265625,15050653
2022-08-23,TMPV.NS,Tata Motors Pass Vehicles,Retail Hype / Turnaround,449.0,462.1000061035156,447.6000061035156,460.45001220703125,448.5850830078125,17779238
2022-08-24,TMPV.NS,Tata Motors Pass Vehicles,Retail Hype / Turnaround,459.0,464.8999938964844,457.70001220703125,463.20001220703125,451.2641906738281,12214113
2022-08-25,TMPV.NS,Tata Motors Pass Vehicles,Retail Hype / Turnaround,466.0,468.79998779296875,457.3999938964844,459.20001220703125,447.3672790527344,11255809
2022-08-26,TMPV.NS,Tata Motors Pass Vehicles,Retail Hype / Turnaround,465.0,470.45001220703125,463.95001220703125,465.04998779296875,453.0664978027344,11252560
2022-08-29,TMPV.NS,Tata Motors Pass Vehicles,Retail Hype / Turnaround,451.0,456.8999938964844,450.1499938964844,453.3500061035156,441.6679992675781,11647725
2022-08-30,TMPV.NS,Tata Motors Pass Vehicles,Retail Hype / Turnaround,458.6499938964844,472.3999938964844,457.1000061035156,471.1000061035156,458.9606018066406,14421066
2022-09-01,TMPV.NS,Tata Motors Pass Vehicles,Retail Hype / Turnaround,462.5,474.3999938964844,462.1499938964844,466.8999938964844,454.8688659667969,13385159
2022-09-02,TMPV.NS,Tata Motors Pass Vehicles,Retail Hype / Turnaround,470.8500061035156,471.79998779296875,460.1499938964844,461.75,449.8515930175781,10806707
2022-09-05,TMPV.NS,Tata Motors Pass Vehicles,Retail Hype / Turnaround,459.75,463.95001220703125,457.0,459.0,447.17242431640625,9378108
2022-09-06,TMPV.NS,Tata Motors Pass Vehicles,Retail Hype / Turnaround,462.70001220703125,463.70001220703125,456.6000061035156,457.75,445.95465087890625,9805875
2022-09-07,TMPV.NS,Tata Motors Pass Vehicles,Retail Hype / Turnaround,453.20001220703125,456.5,443.6499938964844,445.8500061035156,434.3612976074219,20764508
2022-09-08,TMPV.NS,Tata Motors Pass Vehicles,Retail Hype / Turnaround,452.45001220703125,452.54998779296875,440.0,442.20001220703125,430.8053283691406,19336014
2022-09-09,TMPV.NS,Tata Motors Pass Vehicles,Retail Hype / Turnaround,447.5,449.6499938964844,440.6000061035156,445.8999938964844,434.4100036621094,14294289
2022-09-12,TMPV.NS,Tata Motors Pass Vehicles,Retail Hype / Turnaround,447.70001220703125,453.0,447.0,451.0,439.3785705566406,8962633
2022-09-13,TMPV.NS,Tata Motors Pass Vehicles,Retail Hype / Turnaround,454.29998779296875,458.95001220703125,453.54998779296875,456.79998779296875,445.02911376953125,10661280
2022-09-14,TMPV.NS,Tata Motors Pass Vehicles,Retail Hype / Turnaround,447.6000061035156,454.70001220703125,447.0,450.20001220703125,438.5992126464844,10360461
2022-09-15,TMPV.NS,Tata Motors Pass Vehicles,Retail Hype / Turnaround,452.3999938964844,455.8500061035156,446.04998779296875,447.25,435.7251892089844,10356713
2022-09-16,TMPV.NS,Tata Motors Pass Vehicles,Retail Hype / Turnaround,446.0,446.3999938964844,429.1000061035156,432.5,421.35528564453125,20992324
2022-09-19,TMPV.NS,Tata Motors Pass Vehicles,Retail Hype / Turnaround,431.5,431.6000061035156,424.04998779296875,425.45001220703125,414.4869384765625,15236142
2022-09-20,TMPV.NS,Tata Motors Pass Vehicles,Retail Hype / Turnaround,430.6000061035156,443.3500061035156,430.6000061035156,434.25,423.0601806640625,17557661
2022-09-21,TMPV.NS,Tata Motors Pass Vehicles,Retail Hype / Turnaround,433.95001220703125,436.0,425.5,427.6499938964844,416.6302490234375,10831068
2022-09-22,TMPV.NS,Tata Motors Pass Vehicles,Retail Hype / Turnaround,425.0,434.6000061035156,422.54998779296875,432.20001220703125,421.06304931640625,13600786
2022-09-23,TMPV.NS,Tata Motors Pass Vehicles,Retail Hype / Turnaround,431.8999938964844,431.8999938964844,420.54998779296875,423.1000061035156,412.197509765625,13441609
2022-09-26,TMPV.NS,Tata Motors Pass Vehicles,Retail Hype / Turnaround,416.0,417.8999938964844,393.1499938964844,397.5,387.2571716308594,33230938
2022-09-27,TMPV.NS,Tata Motors Pass Vehicles,Retail Hype / Turnaround,403.8999938964844,404.0,390.3500061035156,398.79998779296875,388.5236511230469,21932747
2022-09-28,TMPV.NS,Tata Motors Pass Vehicles,Retail Hype / Turnaround,394.8999938964844,406.6000061035156,392.8500061035156,399.1000061035156,388.8159484863281,18114880
2022-09-29,TMPV.NS,Tata Motors Pass Vehicles,Retail Hype / Turnaround,411.0,413.25,399.6000061035156,402.25,391.8847961425781,20725995
2022-09-30,TMPV.NS,Tata Motors Pass Vehicles,Retail Hype / Turnaround,398.0,408.25,392.5,404.6000061035156,394.1742248535156,20951277
2022-10-03,TMPV.NS,Tata Motors Pass Vehicles,Retail Hype / Turnaround,405.5,406.54998779296875,395.5,397.6499938964844,387.4032897949219,20332430
2022-10-04,TMPV.NS,Tata Motors Pass Vehicles,Retail Hype / Turnaround,406.0,408.95001220703125,402.8999938964844,407.8999938964844,397.38916015625,12761425
2022-10-06,TMPV.NS,Tata Motors Pass Vehicles,Retail Hype / Turnaround,409.6000061035156,417.6499938964844,409.5,414.1000061035156,403.429443359375,12771199
2022-10-07,TMPV.NS,Tata Motors Pass Vehicles,Retail Hype / Turnaround,413.3999938964844,414.0,408.70001220703125,412.1499938964844,401.5296936035156,10670854
2022-10-10,TMPV.NS,Tata Motors Pass Vehicles,Retail Hype / Turnaround,403.3999938964844,403.3999938964844,393.04998779296875,395.95001220703125,385.7471008300781,32914630
2022-10-11,TMPV.NS,Tata Motors Pass Vehicles,Retail Hype / Turnaround,397.0,399.5,391.29998779296875,393.3500061035156,383.214111328125,14641301
2022-10-12,TMPV.NS,Tata Motors Pass Vehicles,Retail Hype / Turnaround,394.54998779296875,398.20001220703125,391.1000061035156,396.54998779296875,386.3316345214844,14287344
2022-10-13,TMPV.NS,Tata Motors Pass Vehicles,Retail Hype / Turnaround,396.54998779296875,403.5,394.54998779296875,399.0,388.7185363769531,12584114
2022-10-14,TMPV.NS,Tata Motors Pass Vehicles,Retail Hype / Turnaround,407.0,409.20001220703125,395.29998779296875,396.25,386.0393981933594,12875470
2022-10-17,TMPV.NS,Tata Motors Pass Vehicles,Retail Hype / Turnaround,394.0,398.8999938964844,392.5,396.1000061035156,385.8932800292969,9543556
2022-10-18,TMPV.NS,Tata Motors Pass Vehicles,Retail Hype / Turnaround,401.0,406.70001220703125,400.70001220703125,404.25,393.8332214355469,14215544
2022-10-19,TMPV.NS,Tata Motors Pass Vehicles,Retail Hype / Turnaround,406.20001220703125,406.95001220703125,397.29998779296875,399.04998779296875,388.7672119140625,8648435
2022-10-20,TMPV.NS,Tata Motors Pass Vehicles,Retail Hype / Turnaround,397.0,399.8999938964844,393.1000061035156,398.1000061035156,387.8417053222656,10747183
2022-10-21,TMPV.NS,Tata Motors Pass Vehicles,Retail Hype / Turnaround,397.0,402.25,394.70001220703125,398.04998779296875,387.7929992675781,10279618
2022-10-24,TMPV.NS,Tata Motors Pass Vehicles,Retail Hype / Turnaround,406.0,406.0,400.1499938964844,401.6000061035156,391.25152587890625,2871205
2022-10-25,TMPV.NS,Tata Motors Pass Vehicles,Retail Hype / Turnaround,404.3500061035156,410.5,403.20001220703125,404.54998779296875,394.1255187988281,17979661
2022-10-27,TMPV.NS,Tata Motors Pass Vehicles,Retail Hype / Turnaround,408.54998779296875,411.70001220703125,404.0,407.70001220703125,397.1943359375,14614841
2022-10-28,TMPV.NS,Tata Motors Pass Vehicles,Retail Hype / Turnaround,408.0,411.20001220703125,406.1000061035156,409.8999938964844,399.3376159667969,12488938
2022-10-31,TMPV.NS,Tata Motors Pass Vehicles,Retail Hype / Turnaround,414.3500061035156,416.29998779296875,411.6000061035156,412.75,402.1142272949219,9928218
2022-11-01,TMPV.NS,Tata Motors Pass Vehicles,Retail Hype / Turnaround,414.8999938964844,422.3999938964844,412.79998779296875,421.3500061035156,410.49261474609375,17324893
2022-11-02,TMPV.NS,Tata Motors Pass Vehicles,Retail Hype / Turnaround,423.04998779296875,425.1000061035156,420.1499938964844,422.1499938964844,411.27197265625,12433578
2022-11-03,TMPV.NS,Tata Motors Pass Vehicles,Retail Hype / Turnaround,419.3999938964844,423.29998779296875,414.5,416.25,405.5240173339844,10987519
2022-11-04,TMPV.NS,Tata Motors Pass Vehicles,Retail Hype / Turnaround,418.20001220703125,426.0,416.8999938964844,425.3500061035156,414.3895263671875,12277023
2022-11-07,TMPV.NS,Tata Motors Pass Vehicles,Retail Hype / Turnaround,428.25,437.5,428.25,435.0,423.7908935546875,15058076
2022-11-09,TMPV.NS,Tata Motors Pass Vehicles,Retail Hype / Turnaround,439.20001220703125,441.20001220703125,432.0,433.1499938964844,421.988525390625,14471443
2022-11-10,TMPV.NS,Tata Motors Pass Vehicles,Retail Hype / Turnaround,420.5,420.54998779296875,409.20001220703125,412.20001220703125,401.5783996582031,26251660
2022-11-11,TMPV.NS,Tata Motors Pass Vehicles,Retail Hype / Turnaround,420.0,425.5,414.70001220703125,423.5,412.5871887207031,19296401
2022-11-14,TMPV.NS,Tata Motors Pass Vehicles,Retail Hype / Turnaround,424.0,437.70001220703125,423.5,433.70001220703125,422.5243835449219,17996083
2022-11-15,TMPV.NS,Tata Motors Pass Vehicles,Retail Hype / Turnaround,434.8999938964844,438.5,434.1000061035156,437.1499938964844,425.88543701171875,10696024
2022-11-16,TMPV.NS,Tata Motors Pass Vehicles,Retail Hype / Turnaround,436.95001220703125,438.20001220703125,429.6000061035156,431.54998779296875,420.42974853515625,8206169
2022-11-17,TMPV.NS,Tata Motors Pass Vehicles,Retail Hype / Turnaround,422.0,427.54998779296875,419.6000061035156,423.1499938964844,412.2461853027344,15621809
2022-11-18,TMPV.NS,Tata Motors Pass Vehicles,Retail Hype / Turnaround,424.0,426.45001220703125,421.1499938964844,423.79998779296875,412.87945556640625,9851962
2022-11-21,TMPV.NS,Tata Motors Pass Vehicles,Retail Hype / Turnaround,425.6000061035156,427.6000061035156,420.0,421.1000061035156,410.2490539550781,9497812
2022-11-22,TMPV.NS,Tata Motors Pass Vehicles,Retail Hype / Turnaround,421.0,426.3999938964844,420.5,424.70001220703125,413.75628662109375,6407614
2022-11-23,TMPV.NS,Tata Motors Pass Vehicles,Retail Hype / Turnaround,426.8500061035156,429.29998779296875,422.8500061035156,424.04998779296875,413.1230163574219,6568241
2022-11-24,TMPV.NS,Tata Motors Pass Vehicles,Retail Hype / Turnaround,424.5,425.25,420.70001220703125,423.3999938964844,412.48974609375,6768613
2022-11-25,TMPV.NS,Tata Motors Pass Vehicles,Retail Hype / Turnaround,425.0,435.1499938964844,424.0,433.20001220703125,422.0372619628906,18764073
2022-11-28,TMPV.NS,Tata Motors Pass Vehicles,Retail Hype / Turnaround,435.0,440.3500061035156,432.3999938964844,433.25,422.0859680175781,10701208
2022-11-29,TMPV.NS,Tata Motors Pass Vehicles,Retail Hype / Turnaround,432.5,437.8999938964844,429.54998779296875,433.1499938964844,421.988525390625,8630105
2022-11-30,TMPV.NS,Tata Motors Pass Vehicles,Retail Hype / Turnaround,435.0,441.0,433.29998779296875,439.3999938964844,428.0774841308594,14727892
2022-12-01,TMPV.NS,Tata Motors Pass Vehicles,Retail Hype / Turnaround,443.0,443.6000061035156,436.8500061035156,438.25,426.9571228027344,8909310
2022-12-02,TMPV.NS,Tata Motors Pass Vehicles,Retail Hype / Turnaround,439.0,441.1499938964844,435.0,435.3999938964844,424.1805419921875,8352658
2022-12-05,TMPV.NS,Tata Motors Pass Vehicles,Retail Hype / Turnaround,435.5,437.5,427.79998779296875,428.75,417.7019348144531,12857807
2022-12-06,TMPV.NS,Tata Motors Pass Vehicles,Retail Hype / Turnaround,428.79998779296875,431.3500061035156,425.3500061035156,427.1000061035156,416.09442138671875,8461831
2022-12-07,TMPV.NS,Tata Motors Pass Vehicles,Retail Hype / Turnaround,428.0,428.0,419.1000061035156,420.1000061035156,409.27484130859375,12133315
2022-12-08,TMPV.NS,Tata Motors Pass Vehicles,Retail Hype / Turnaround,421.0,421.3999938964844,415.3500061035156,417.20001220703125,406.4495544433594,9539923
2022-12-09,TMPV.NS,Tata Motors Pass Vehicles,Retail Hype / Turnaround,419.29998779296875,420.95001220703125,409.54998779296875,413.29998779296875,402.6499938964844,9920219
2022-12-12,TMPV.NS,Tata Motors Pass Vehicles,Retail Hype / Turnaround,412.0,416.8999938964844,408.0,414.1499938964844,403.4781188964844,8009229
2022-12-13,TMPV.NS,Tata Motors Pass Vehicles,Retail Hype / Turnaround,419.95001220703125,421.5,417.25,418.5,407.7160339355469,9717894
2022-12-14,TMPV.NS,Tata Motors Pass Vehicles,Retail Hype / Turnaround,420.54998779296875,421.3500061035156,417.3500061035156,417.8999938964844,407.1315002441406,6314883
2022-12-15,TMPV.NS,Tata Motors Pass Vehicles,Retail Hype / Turnaround,418.8500061035156,422.79998779296875,415.70001220703125,416.70001220703125,405.9624328613281,7542601
2022-12-16,TMPV.NS,Tata Motors Pass Vehicles,Retail Hype / Turnaround,417.3500061035156,427.79998779296875,413.1000061035156,421.6000061035156,410.73614501953125,50949198
2022-12-19,TMPV.NS,Tata Motors Pass Vehicles,Retail Hype / Turnaround,421.8999938964844,422.8500061035156,415.5,418.0,407.2289123535156,9809103
2022-12-20,TMPV.NS,Tata Motors Pass Vehicles,Retail Hype / Turnaround,418.0,418.0,408.0,410.5,399.92218017578125,12341042
2022-12-21,TMPV.NS,Tata Motors Pass Vehicles,Retail Hype / Turnaround,412.6000061035156,414.3999938964844,401.0,402.6000061035156,392.2257385253906,11606059
2022-12-22,TMPV.NS,Tata Motors Pass Vehicles,Retail Hype / Turnaround,404.1000061035156,404.70001220703125,390.20001220703125,394.45001220703125,384.2857666015625,14908929
2022-12-23,TMPV.NS,Tata Motors Pass Vehicles,Retail Hype / Turnaround,390.0,390.0,377.0,378.3500061035156,368.6006164550781,19902886
2022-12-26,TMPV.NS,Tata Motors Pass Vehicles,Retail Hype / Turnaround,380.25,390.70001220703125,375.20001220703125,384.79998779296875,374.8843994140625,16979026
2022-12-27,TMPV.NS,Tata Motors Pass Vehicles,Retail Hype / Turnaround,390.0,397.45001220703125,388.5,394.1499938964844,383.9934997558594,14372461
2022-12-28,TMPV.NS,Tata Motors Pass Vehicles,Retail Hype / Turnaround,394.0,395.8999938964844,390.3999938964844,391.29998779296875,381.2169189453125,8443917
2022-12-29,TMPV.NS,Tata Motors Pass Vehicles,Retail Hype / Turnaround,389.0,390.0,383.04998779296875,385.8999938964844,375.9560546875,15627403
2022-12-30,TMPV.NS,Tata Motors Pass Vehicles,Retail Hype / Turnaround,391.0,392.20001220703125,387.0,387.95001220703125,377.9532470703125,9198673
2023-01-02,TMPV.NS,Tata Motors Pass Vehicles,Retail Hype / Turnaround,392.5,396.0,391.0,394.79998779296875,384.6267395019531,10501357
2023-01-03,TMPV.NS,Tata Motors Pass Vehicles,Retail Hype / Turnaround,396.0,398.3500061035156,393.0,393.8999938964844,383.7499084472656,9431220
2023-01-04,TMPV.NS,Tata Motors Pass Vehicles,Retail Hype / Turnaround,394.79998779296875,394.79998779296875,385.0,385.6000061035156,375.663818359375,16121049
2023-01-05,TMPV.NS,Tata Motors Pass Vehicles,Retail Hype / Turnaround,387.8999938964844,388.75,382.5,386.8999938964844,376.9303283691406,10443908
2023-01-06,TMPV.NS,Tata Motors Pass Vehicles,Retail Hype / Turnaround,386.1000061035156,388.3999938964844,381.0,382.0,372.15655517578125,8715469
2023-01-09,TMPV.NS,Tata Motors Pass Vehicles,Retail Hype / Turnaround,386.3500061035156,392.70001220703125,385.0,389.45001220703125,379.41461181640625,14693099
2023-01-10,TMPV.NS,Tata Motors Pass Vehicles,Retail Hype / Turnaround,400.0,417.75,400.0,412.8999938964844,402.2603454589844,54021379
2023-01-11,TMPV.NS,Tata Motors Pass Vehicles,Retail Hype / Turnaround,415.75,420.0,413.54998779296875,418.20001220703125,407.4237976074219,22224361
2023-01-12,TMPV.NS,Tata Motors Pass Vehicles,Retail Hype / Turnaround,420.29998779296875,420.5,410.04998779296875,412.25,401.6271057128906,12479034
2023-01-13,TMPV.NS,Tata Motors Pass Vehicles,Retail Hype / Turnaround,413.0,416.3500061035156,408.0,411.5,400.89642333984375,10449630
2023-01-16,TMPV.NS,Tata Motors Pass Vehicles,Retail Hype / Turnaround,413.5,414.8999938964844,407.6000061035156,413.0,402.3577575683594,11462140
2023-01-17,TMPV.NS,Tata Motors Pass Vehicles,Retail Hype / Turnaround,413.0,419.45001220703125,412.5,415.29998779296875,404.5985107421875,12337969
2023-01-18,TMPV.NS,Tata Motors Pass Vehicles,Retail Hype / Turnaround,415.8999938964844,415.95001220703125,407.45001220703125,408.3999938964844,397.87628173828125,13310316
2023-01-19,TMPV.NS,Tata Motors Pass Vehicles,Retail Hype / Turnaround,406.5,407.79998779296875,400.1000061035156,400.75,390.4234313964844,13126520
2023-01-20,TMPV.NS,Tata Motors Pass Vehicles,Retail Hype / Turnaround,404.0,412.5,401.20001220703125,403.1499938964844,392.7615661621094,23906114
2023-01-23,TMPV.NS,Tata Motors Pass Vehicles,Retail Hype / Turnaround,407.0,410.95001220703125,405.0,408.3999938964844,397.87628173828125,13113183
2023-01-24,TMPV.NS,Tata Motors Pass Vehicles,Retail Hype / Turnaround,410.0,424.0,410.0,422.1499938964844,411.27197265625,30197475
2023-01-25,TMPV.NS,Tata Motors Pass Vehicles,Retail Hype / Turnaround,423.75,427.25,417.70001220703125,419.04998779296875,408.2518615722656,22975581
2023-01-27,TMPV.NS,Tata Motors Pass Vehicles,Retail Hype / Turnaround,438.0,453.3999938964844,435.1499938964844,445.6000061035156,434.11773681640625,63360467
2023-01-30,TMPV.NS,Tata Motors Pass Vehicles,Retail Hype / Turnaround,445.6000061035156,450.0,437.6499938964844,443.6499938964844,432.2179870605469,18316743
2023-01-31,TMPV.NS,Tata Motors Pass Vehicles,Retail Hype / Turnaround,443.70001220703125,454.79998779296875,440.8999938964844,452.1000061035156,440.45025634765625,25154475
2023-02-01,TMPV.NS,Tata Motors Pass Vehicles,Retail Hype / Turnaround,456.79998779296875,461.5,437.6499938964844,446.6499938964844,435.1406555175781,23798589
2023-02-02,TMPV.NS,Tata Motors Pass Vehicles,Retail Hype / Turnaround,446.75,449.20001220703125,440.70001220703125,444.79998779296875,433.33831787109375,11344554
2023-02-03,TMPV.NS,Tata Motors Pass Vehicles,Retail Hype / Turnaround,447.0,450.79998779296875,442.3500061035156,445.45001220703125,433.97161865234375,13067403
2023-02-06,TMPV.NS,Tata Motors Pass Vehicles,Retail Hype / Turnaround,444.45001220703125,447.0,439.54998779296875,442.0,430.6104736328125,6795084
2023-02-07,TMPV.NS,Tata Motors Pass Vehicles,Retail Hype / Turnaround,441.70001220703125,443.3999938964844,432.8999938964844,435.45001220703125,424.2292785644531,9023645
2023-02-08,TMPV.NS,Tata Motors Pass Vehicles,Retail Hype / Turnaround,435.45001220703125,441.0,431.54998779296875,440.1000061035156,428.75946044921875,8668267
2023-02-09,TMPV.NS,Tata Motors Pass Vehicles,Retail Hype / Turnaround,440.0,440.70001220703125,433.54998779296875,436.75,425.49578857421875,7349418
2023-02-10,TMPV.NS,Tata Motors Pass Vehicles,Retail Hype / Turnaround,437.95001220703125,447.79998779296875,431.20001220703125,445.8500061035156,434.3612976074219,14798390
2023-02-13,TMPV.NS,Tata Motors Pass Vehicles,Retail Hype / Turnaround,445.5,446.8999938964844,438.8999938964844,441.04998779296875,429.6849670410156,8333767
2023-02-14,TMPV.NS,Tata Motors Pass Vehicles,Retail Hype / Turnaround,442.0,444.29998779296875,434.3999938964844,440.54998779296875,429.1978759765625,8565559
2023-02-15,TMPV.NS,Tata Motors Pass Vehicles,Retail Hype / Turnaround,438.5,444.8999938964844,438.1499938964844,444.1499938964844,432.705078125,9857016
2023-02-16,TMPV.NS,Tata Motors Pass Vehicles,Retail Hype / Turnaround,445.0,448.25,440.5,441.6000061035156,430.2207946777344,7670688
2023-02-17,TMPV.NS,Tata Motors Pass Vehicles,Retail Hype / Turnaround,436.0,442.45001220703125,436.0,439.8999938964844,428.56463623046875,6955445
2023-02-20,TMPV.NS,Tata Motors Pass Vehicles,Retail Hype / Turnaround,441.79998779296875,445.29998779296875,436.25,443.0,431.584716796875,9717197
2023-02-21,TMPV.NS,Tata Motors Pass Vehicles,Retail Hype / Turnaround,445.20001220703125,445.20001220703125,435.25,436.5,425.2522277832031,8957930
2023-02-22,TMPV.NS,Tata Motors Pass Vehicles,Retail Hype / Turnaround,435.29998779296875,435.8500061035156,428.25,429.45001220703125,418.3838806152344,7209130
2023-02-23,TMPV.NS,Tata Motors Pass Vehicles,Retail Hype / Turnaround,428.6499938964844,436.45001220703125,427.20001220703125,433.20001220703125,422.0372619628906,9278920
2023-02-24,TMPV.NS,Tata Motors Pass Vehicles,Retail Hype / Turnaround,435.3999938964844,436.70001220703125,427.0,427.75,416.7276611328125,7895024
2023-02-27,TMPV.NS,Tata Motors Pass Vehicles,Retail Hype / Turnaround,427.75,428.04998779296875,413.04998779296875,417.95001220703125,407.18023681640625,10438928
2023-02-28,TMPV.NS,Tata Motors Pass Vehicles,Retail Hype / Turnaround,419.0,424.79998779296875,419.0,420.70001220703125,409.859375,9652088
2023-03-01,TMPV.NS,Tata Motors Pass Vehicles,Retail Hype / Turnaround,421.5,428.0,421.5,426.0,415.0227966308594,7595114
2023-03-02,TMPV.NS,Tata Motors Pass Vehicles,Retail Hype / Turnaround,426.0,426.25,419.54998779296875,420.45001220703125,409.6158142089844,5661103
2023-03-03,TMPV.NS,Tata Motors Pass Vehicles,Retail Hype / Turnaround,422.6000061035156,430.5,421.95001220703125,428.0,416.97125244140625,8027522
2023-03-06,TMPV.NS,Tata Motors Pass Vehicles,Retail Hype / Turnaround,430.95001220703125,441.45001220703125,430.0,440.1000061035156,428.75946044921875,11307064
2023-03-08,TMPV.NS,Tata Motors Pass Vehicles,Retail Hype / Turnaround,439.0,441.25,436.1000061035156,439.29998779296875,427.98004150390625,7850052
2023-03-09,TMPV.NS,Tata Motors Pass Vehicles,Retail Hype / Turnaround,439.1000061035156,442.04998779296875,431.29998779296875,432.20001220703125,421.06304931640625,5696737
2023-03-10,TMPV.NS,Tata Motors Pass Vehicles,Retail Hype / Turnaround,433.0,437.79998779296875,430.79998779296875,435.8500061035156,424.6189880371094,10417015
2023-03-13,TMPV.NS,Tata Motors Pass Vehicles,Retail Hype / Turnaround,436.1000061035156,437.0,419.1000061035156,422.3999938964844,411.5155334472656,8780169
2023-03-14,TMPV.NS,Tata Motors Pass Vehicles,Retail Hype / Turnaround,422.8500061035156,424.20001220703125,413.3999938964844,416.6499938964844,405.9136962890625,9189043
2023-03-15,TMPV.NS,Tata Motors Pass Vehicles,Retail Hype / Turnaround,422.0,425.0,410.1000061035156,411.3500061035156,400.7502746582031,7681009
2023-03-16,TMPV.NS,Tata Motors Pass Vehicles,Retail Hype / Turnaround,413.29998779296875,418.5,405.0,415.70001220703125,404.9881896972656,11854885
2023-03-17,TMPV.NS,Tata Motors Pass Vehicles,Retail Hype / Turnaround,419.0,423.45001220703125,414.54998779296875,419.0,408.2031555175781,8658701
2023-03-20,TMPV.NS,Tata Motors Pass Vehicles,Retail Hype / Turnaround,415.6000061035156,416.95001220703125,405.5,410.75,400.1657409667969,10075022
2023-03-21,TMPV.NS,Tata Motors Pass Vehicles,Retail Hype / Turnaround,412.8500061035156,413.8999938964844,407.70001220703125,412.54998779296875,401.9193420410156,7391950
2023-03-22,TMPV.NS,Tata Motors Pass Vehicles,Retail Hype / Turnaround,416.0,418.3999938964844,413.75,416.1000061035156,405.37786865234375,5728054
2023-03-23,TMPV.NS,Tata Motors Pass Vehicles,Retail Hype / Turnaround,416.0,422.5,416.0,419.1499938964844,408.3492736816406,9817460
2023-03-24,TMPV.NS,Tata Motors Pass Vehicles,Retail Hype / Turnaround,419.0,420.54998779296875,414.79998779296875,416.5,405.767578125,6877960
2023-03-27,TMPV.NS,Tata Motors Pass Vehicles,Retail Hype / Turnaround,416.0,418.5,410.25,412.04998779296875,401.4322509765625,7433933
2023-03-28,TMPV.NS,Tata Motors Pass Vehicles,Retail Hype / Turnaround,414.1499938964844,414.5,400.45001220703125,401.6000061035156,391.25152587890625,9553659
2023-03-29,TMPV.NS,Tata Motors Pass Vehicles,Retail Hype / Turnaround,401.6000061035156,410.6000061035156,401.6000061035156,409.20001220703125,398.6556701660156,10478506
2023-03-31,TMPV.NS,Tata Motors Pass Vehicles,Retail Hype / Turnaround,411.3500061035156,421.75,411.0,420.79998779296875,409.9567565917969,11037881
2023-04-03,TMPV.NS,Tata Motors Pass Vehicles,Retail Hype / Turnaround,423.0,424.95001220703125,419.5,424.25,413.3179016113281,6948329
2023-04-05,TMPV.NS,Tata Motors Pass Vehicles,Retail Hype / Turnaround,424.25,428.75,423.1499938964844,426.54998779296875,415.5585632324219,8821326
2023-04-06,TMPV.NS,Tata Motors Pass Vehicles,Retail Hype / Turnaround,426.5,439.29998779296875,423.75,437.6499938964844,426.37255859375,10907492
2023-04-10,TMPV.NS,Tata Motors Pass Vehicles,Retail Hype / Turnaround,452.04998779296875,473.29998779296875,452.0,461.29998779296875,449.41314697265625,50462653
2023-04-11,TMPV.NS,Tata Motors Pass Vehicles,Retail Hype / Turnaround,463.75,463.75,455.79998779296875,458.70001220703125,446.8801574707031,14495222
2023-04-12,TMPV.NS,Tata Motors Pass Vehicles,Retail Hype / Turnaround,459.3500061035156,468.6000061035156,458.20001220703125,465.5,453.50494384765625,13552440
2023-04-13,TMPV.NS,Tata Motors Pass Vehicles,Retail Hype / Turnaround,464.95001220703125,472.0,463.25,469.5,457.4018859863281,12733670
2023-04-17,TMPV.NS,Tata Motors Pass Vehicles,Retail Hype / Turnaround,471.0,473.0,465.79998779296875,472.1499938964844,459.98358154296875,10710167
2023-04-18,TMPV.NS,Tata Motors Pass Vehicles,Retail Hype / Turnaround,475.0,483.3500061035156,468.1000061035156,473.0,460.8116455078125,16140056
2023-04-19,TMPV.NS,Tata Motors Pass Vehicles,Retail Hype / Turnaround,473.0,475.5,467.8500061035156,469.3999938964844,457.3044128417969,7368610
2023-04-20,TMPV.NS,Tata Motors Pass Vehicles,Retail Hype / Turnaround,473.70001220703125,479.70001220703125,469.3999938964844,476.79998779296875,464.51373291015625,14264206
2023-04-21,TMPV.NS,Tata Motors Pass Vehicles,Retail Hype / Turnaround,476.70001220703125,476.70001220703125,467.20001220703125,471.20001220703125,459.0580749511719,8478118
2023-04-24,TMPV.NS,Tata Motors Pass Vehicles,Retail Hype / Turnaround,471.20001220703125,476.0,468.29998779296875,475.20001220703125,462.9549865722656,8020593
2023-04-25,TMPV.NS,Tata Motors Pass Vehicles,Retail Hype / Turnaround,475.20001220703125,476.3999938964844,471.8999938964844,473.54998779296875,461.3475036621094,6888352
2023-04-26,TMPV.NS,Tata Motors Pass Vehicles,Retail Hype / Turnaround,473.0,479.5,472.6000061035156,478.20001220703125,465.877685546875,7791425
2023-04-27,TMPV.NS,Tata Motors Pass Vehicles,Retail Hype / Turnaround,478.5,482.0,476.5,481.6000061035156,469.1900634765625,7085793
2023-04-28,TMPV.NS,Tata Motors Pass Vehicles,Retail Hype / Turnaround,481.3999938964844,488.0,478.3500061035156,484.95001220703125,472.4537658691406,9947813
2023-05-02,TMPV.NS,Tata Motors Pass Vehicles,Retail Hype / Turnaround,482.5,484.0,474.54998779296875,480.25,467.8748474121094,11542592
2023-05-03,TMPV.NS,Tata Motors Pass Vehicles,Retail Hype / Turnaround,480.25,485.1000061035156,477.75,483.70001220703125,471.2359924316406,8529233
2023-05-04,TMPV.NS,Tata Motors Pass Vehicles,Retail Hype / Turnaround,483.6000061035156,486.3999938964844,478.75,480.79998779296875,468.41070556640625,5650101
2023-05-05,TMPV.NS,Tata Motors Pass Vehicles,Retail Hype / Turnaround,481.6499938964844,484.70001220703125,476.1499938964844,477.1000061035156,464.8060302734375,4830674
2023-05-08,TMPV.NS,Tata Motors Pass Vehicles,Retail Hype / Turnaround,480.0,502.29998779296875,478.1000061035156,500.5,487.6030578613281,23515333
2023-05-09,TMPV.NS,Tata Motors Pass Vehicles,Retail Hype / Turnaround,502.0,512.7999877929688,501.54998779296875,503.6499938964844,490.671875,19818780
2023-05-10,TMPV.NS,Tata Motors Pass Vehicles,Retail Hype / Turnaround,508.0,512.9000244140625,504.3500061035156,509.5,496.37115478515625,12481404
2023-05-11,TMPV.NS,Tata Motors Pass Vehicles,Retail Hype / Turnaround,512.0,514.1500244140625,505.5,511.6000061035156,498.4170227050781,11454020
2023-05-12,TMPV.NS,Tata Motors Pass Vehicles,Retail Hype / Turnaround,513.9000244140625,520.5,510.29998779296875,515.9500122070312,502.6549377441406,19766717
2023-05-15,TMPV.NS,Tata Motors Pass Vehicles,Retail Hype / Turnaround,523.8499755859375,537.1500244140625,521.5,530.8499755859375,517.1709594726562,38270067
2023-05-16,TMPV.NS,Tata Motors Pass Vehicles,Retail Hype / Turnaround,533.9500122070312,535.9500122070312,518.8499755859375,521.1500244140625,507.720947265625,16514882
2023-05-17,TMPV.NS,Tata Motors Pass Vehicles,Retail Hype / Turnaround,522.5,523.9500122070312,512.5,515.5,502.2165832519531,13684847
2023-05-18,TMPV.NS,Tata Motors Pass Vehicles,Retail Hype / Turnaround,518.7999877929688,520.9000244140625,507.1000061035156,508.45001220703125,495.34820556640625,12293322
2023-05-19,TMPV.NS,Tata Motors Pass Vehicles,Retail Hype / Turnaround,509.79998779296875,526.4000244140625,504.75,524.9500122070312,511.4230041503906,19343560
2023-05-22,TMPV.NS,Tata Motors Pass Vehicles,Retail Hype / Turnaround,524.9500122070312,527.0,519.3499755859375,522.5,509.0361633300781,9978339
2023-05-23,TMPV.NS,Tata Motors Pass Vehicles,Retail Hype / Turnaround,522.5,531.0,521.1500244140625,528.5,514.8815307617188,12256902
2023-05-24,TMPV.NS,Tata Motors Pass Vehicles,Retail Hype / Turnaround,527.1500244140625,529.6500244140625,519.1500244140625,520.2000122070312,506.79547119140625,7648284
2023-05-25,TMPV.NS,Tata Motors Pass Vehicles,Retail Hype / Turnaround,518.0,518.0,509.1000061035156,514.8499755859375,501.583251953125,11543712
2023-05-26,TMPV.NS,Tata Motors Pass Vehicles,Retail Hype / Turnaround,514.9000244140625,519.75,512.2000122070312,518.4500122070312,505.0904846191406,8360570
2023-05-29,TMPV.NS,Tata Motors Pass Vehicles,Retail Hype / Turnaround,525.0,525.0999755859375,519.7000122070312,521.4500122070312,508.0132141113281,6596504
2023-05-30,TMPV.NS,Tata Motors Pass Vehicles,Retail Hype / Turnaround,521.4500122070312,523.5,518.0,518.7999877929688,505.43145751953125,5134688
2023-05-31,TMPV.NS,Tata Motors Pass Vehicles,Retail Hype / Turnaround,519.9500122070312,527.5,516.4000244140625,526.2999877929688,512.7382202148438,12327284
2023-06-01,TMPV.NS,Tata Motors Pass Vehicles,Retail Hype / Turnaround,527.5,536.25,522.8499755859375,535.2000122070312,521.408935546875,12511265
2023-06-02,TMPV.NS,Tata Motors Pass Vehicles,Retail Hype / Turnaround,537.0,541.25,532.75,535.9000244140625,522.0908203125,12294728
2023-06-05,TMPV.NS,Tata Motors Pass Vehicles,Retail Hype / Turnaround,539.0,548.7999877929688,537.9000244140625,546.25,532.1741943359375,15008325
2023-06-06,TMPV.NS,Tata Motors Pass Vehicles,Retail Hype / Turnaround,549.4500122070312,557.0,545.3499755859375,555.75,541.4293212890625,15395092
2023-06-07,TMPV.NS,Tata Motors Pass Vehicles,Retail Hype / Turnaround,558.7999877929688,575.0,552.1500244140625,567.9500122070312,553.3150024414062,20855239
2023-06-08,TMPV.NS,Tata Motors Pass Vehicles,Retail Hype / Turnaround,570.0,576.5499877929688,557.0,559.7000122070312,545.277587890625,21527339
2023-06-09,TMPV.NS,Tata Motors Pass Vehicles,Retail Hype / Turnaround,564.4000244140625,566.4500122070312,559.2999877929688,562.2999877929688,547.8106079101562,9361533
2023-06-12,TMPV.NS,Tata Motors Pass Vehicles,Retail Hype / Turnaround,567.0,568.9000244140625,560.6500244140625,564.1500244140625,549.6129150390625,7599572
2023-06-13,TMPV.NS,Tata Motors Pass Vehicles,Retail Hype / Turnaround,567.7000122070312,571.0499877929688,560.75,562.2000122070312,547.7131958007812,12845897
2023-06-14,TMPV.NS,Tata Motors Pass Vehicles,Retail Hype / Turnaround,566.0,571.2000122070312,564.0,570.2999877929688,555.6044311523438,12713256
2023-06-15,TMPV.NS,Tata Motors Pass Vehicles,Retail Hype / Turnaround,571.7999877929688,575.0,567.75,568.4500122070312,553.8021850585938,12475759
2023-06-16,TMPV.NS,Tata Motors Pass Vehicles,Retail Hype / Turnaround,569.6500244140625,572.2000122070312,566.0499877929688,569.7999877929688,555.1173706054688,8736313
2023-06-19,TMPV.NS,Tata Motors Pass Vehicles,Retail Hype / Turnaround,570.6500244140625,573.2000122070312,564.2000122070312,566.0499877929688,551.4639282226562,6280388
2023-06-20,TMPV.NS,Tata Motors Pass Vehicles,Retail Hype / Turnaround,566.0499877929688,583.9500122070312,562.5,583.25,568.220703125,18074902
2023-06-21,TMPV.NS,Tata Motors Pass Vehicles,Retail Hype / Turnaround,584.9500122070312,585.9000244140625,574.5,581.4000244140625,566.4183959960938,9146332
2023-06-22,TMPV.NS,Tata Motors Pass Vehicles,Retail Hype / Turnaround,584.0,584.7000122070312,568.2000122070312,569.3499755859375,554.6788940429688,11229179
2023-06-23,TMPV.NS,Tata Motors Pass Vehicles,Retail Hype / Turnaround,570.0,571.1500244140625,557.7000122070312,559.6500244140625,545.2288818359375,9362695
2023-06-26,TMPV.NS,Tata Motors Pass Vehicles,Retail Hype / Turnaround,560.0,569.0,557.7999877929688,567.8499755859375,553.217529296875,6986621
2023-06-27,TMPV.NS,Tata Motors Pass Vehicles,Retail Hype / Turnaround,570.0,576.9000244140625,568.4500122070312,573.0999755859375,558.3322143554688,9404450
2023-06-28,TMPV.NS,Tata Motors Pass Vehicles,Retail Hype / Turnaround,579.0,590.0,575.5,586.6500244140625,571.5331420898438,16720940
2023-06-30,TMPV.NS,Tata Motors Pass Vehicles,Retail Hype / Turnaround,588.3499755859375,599.0,588.0,595.5499877929688,580.203857421875,12488047
2023-07-03,TMPV.NS,Tata Motors Pass Vehicles,Retail Hype / Turnaround,600.0,602.2999877929688,590.0,590.7999877929688,575.5762329101562,11131048
2023-07-04,TMPV.NS,Tata Motors Pass Vehicles,Retail Hype / Turnaround,594.4000244140625,596.4000244140625,589.5,591.4500122070312,576.2094116210938,6917886
2023-07-05,TMPV.NS,Tata Motors Pass Vehicles,Retail Hype / Turnaround,592.0,593.0,584.9500122070312,588.25,573.0919189453125,8715919
2023-07-06,TMPV.NS,Tata Motors Pass Vehicles,Retail Hype / Turnaround,590.7999877929688,604.9500122070312,588.5499877929688,600.7999877929688,585.3184814453125,14356681
2023-07-07,TMPV.NS,Tata Motors Pass Vehicles,Retail Hype / Turnaround,600.0,624.7999877929688,592.2000122070312,618.2000122070312,602.2702026367188,21066726
2023-07-10,TMPV.NS,Tata Motors Pass Vehicles,Retail Hype / Turnaround,624.0,634.7999877929688,617.5499877929688,618.6500244140625,602.7085571289062,23802524
2023-07-11,TMPV.NS,Tata Motors Pass Vehicles,Retail Hype / Turnaround,624.9500122070312,630.4500122070312,622.1500244140625,628.5,612.3046875,12051173
2023-07-12,TMPV.NS,Tata Motors Pass Vehicles,Retail Hype / Turnaround,629.9500122070312,630.7999877929688,619.3499755859375,621.4500122070312,605.4364013671875,10785502
2023-07-13,TMPV.NS,Tata Motors Pass Vehicles,Retail Hype / Turnaround,625.0,626.5,615.5,620.6500244140625,604.6570434570312,9689708
2023-07-14,TMPV.NS,Tata Motors Pass Vehicles,Retail Hype / Turnaround,623.0,626.0,619.5,624.9000244140625,608.7974853515625,7010179
2023-07-17,TMPV.NS,Tata Motors Pass Vehicles,Retail Hype / Turnaround,626.9000244140625,627.0,617.1500244140625,618.5,602.5623779296875,7580645
2023-07-18,TMPV.NS,Tata Motors Pass Vehicles,Retail Hype / Turnaround,620.4000244140625,620.8499755859375,607.0,612.0999755859375,596.3272094726562,10359400
2023-07-19,TMPV.NS,Tata Motors Pass Vehicles,Retail Hype / Turnaround,614.0,625.2999877929688,610.1500244140625,620.5999755859375,604.6082763671875,11128348
2023-07-20,TMPV.NS,Tata Motors Pass Vehicles,Retail Hype / Turnaround,622.6500244140625,623.5999755859375,616.2000122070312,621.6500244140625,605.6312866210938,7834891
2023-07-21,TMPV.NS,Tata Motors Pass Vehicles,Retail Hype / Turnaround,621.0,631.0,617.7000122070312,625.75,609.6255493164062,12914610
2023-07-24,TMPV.NS,Tata Motors Pass Vehicles,Retail Hype / Turnaround,627.9500122070312,634.4500122070312,626.25,629.25,613.035400390625,12247844
2023-07-25,TMPV.NS,Tata Motors Pass Vehicles,Retail Hype / Turnaround,636.0,642.5,633.3499755859375,639.4500122070312,622.9725952148438,13988137
2023-07-26,TMPV.NS,Tata Motors Pass Vehicles,Retail Hype / Turnaround,640.0,665.4000244140625,639.0,641.0999755859375,624.5800170898438,31673714
2023-07-27,TMPV.NS,Tata Motors Pass Vehicles,Retail Hype / Turnaround,647.0,648.4500122070312,636.75,643.7000122070312,627.113037109375,11696851
2023-07-28,TMPV.NS,Tata Motors Pass Vehicles,Retail Hype / Turnaround,646.0,646.0,631.7999877929688,635.2999877929688,620.8585815429688,9299530
2023-07-31,TMPV.NS,Tata Motors Pass Vehicles,Retail Hype / Turnaround,640.2000122070312,645.5499877929688,635.9000244140625,644.2999877929688,629.6539306640625,7502361
2023-08-01,TMPV.NS,Tata Motors Pass Vehicles,Retail Hype / Turnaround,645.0,652.9000244140625,642.0,643.6500244140625,629.0187377929688,8924219
2023-08-02,TMPV.NS,Tata Motors Pass Vehicles,Retail Hype / Turnaround,644.0,644.2999877929688,616.4500122070312,622.6500244140625,608.49609375,15762687
2023-08-03,TMPV.NS,Tata Motors Pass Vehicles,Retail Hype / Turnaround,623.0,626.4500122070312,614.1500244140625,618.9500122070312,604.8801879882812,11458920
2023-08-04,TMPV.NS,Tata Motors Pass Vehicles,Retail Hype / Turnaround,624.8499755859375,625.0,613.2999877929688,615.0,601.0199584960938,11806739
2023-08-07,TMPV.NS,Tata Motors Pass Vehicles,Retail Hype / Turnaround,619.0,619.0,608.5,609.5,595.64501953125,9893466
2023-08-08,TMPV.NS,Tata Motors Pass Vehicles,Retail Hype / Turnaround,612.5499877929688,614.75,605.25,607.2999877929688,593.4949951171875,8863640
2023-08-09,TMPV.NS,Tata Motors Pass Vehicles,Retail Hype / Turnaround,610.5999755859375,624.0,605.3499755859375,622.5499877929688,608.3983764648438,13362350
2023-08-10,TMPV.NS,Tata Motors Pass Vehicles,Retail Hype / Turnaround,623.0,628.2999877929688,598.0,618.25,604.1961059570312,53116980
2023-08-11,TMPV.NS,Tata Motors Pass Vehicles,Retail Hype / Turnaround,619.75,624.75,610.0,611.7999877929688,597.8927612304688,9347707
2023-08-14,TMPV.NS,Tata Motors Pass Vehicles,Retail Hype / Turnaround,612.0,612.0,594.5,607.3499755859375,593.5438232421875,14492164
2023-08-16,TMPV.NS,Tata Motors Pass Vehicles,Retail Hype / Turnaround,606.7000122070312,621.3499755859375,597.2999877929688,618.75,604.6847534179688,14562074
2023-08-17,TMPV.NS,Tata Motors Pass Vehicles,Retail Hype / Turnaround,620.0,622.0,611.0,613.75,599.79833984375,12119293
2023-08-18,TMPV.NS,Tata Motors Pass Vehicles,Retail Hype / Turnaround,612.7999877929688,620.0999755859375,610.9000244140625,615.7999877929688,601.8017578125,11190760
2023-08-21,TMPV.NS,Tata Motors Pass Vehicles,Retail Hype / Turnaround,617.0,623.2999877929688,614.7999877929688,620.5,606.3949584960938,9580365
2023-08-22,TMPV.NS,Tata Motors Pass Vehicles,Retail Hype / Turnaround,621.7999877929688,626.5,618.5999755859375,620.2000122070312,606.1017456054688,8534395
2023-08-23,TMPV.NS,Tata Motors Pass Vehicles,Retail Hype / Turnaround,622.75,622.75,613.1500244140625,613.9000244140625,599.9450073242188,8248333
2023-08-24,TMPV.NS,Tata Motors Pass Vehicles,Retail Hype / Turnaround,618.0,619.0,609.6500244140625,610.9500122070312,597.0620727539062,7096025
2023-08-25,TMPV.NS,Tata Motors Pass Vehicles,Retail Hype / Turnaround,610.8499755859375,616.7000122070312,593.2999877929688,605.0999755859375,591.344970703125,16075509
2023-08-28,TMPV.NS,Tata Motors Pass Vehicles,Retail Hype / Turnaround,605.4000244140625,608.5,601.5499877929688,602.4000244140625,588.7064208984375,7479254
2023-08-29,TMPV.NS,Tata Motors Pass Vehicles,Retail Hype / Turnaround,603.5999755859375,610.5,603.5999755859375,607.1500244140625,593.3484497070312,6956667
2023-08-30,TMPV.NS,Tata Motors Pass Vehicles,Retail Hype / Turnaround,611.2000122070312,612.9000244140625,605.0,605.5499877929688,591.7847900390625,5676055
2023-08-31,TMPV.NS,Tata Motors Pass Vehicles,Retail Hype / Turnaround,608.7999877929688,609.6500244140625,599.0499877929688,601.0,587.3381958007812,10544271
2023-09-01,TMPV.NS,Tata Motors Pass Vehicles,Retail Hype / Turnaround,604.2000122070312,614.9000244140625,601.9000244140625,611.2000122070312,597.3063354492188,10297492
2023-09-04,TMPV.NS,Tata Motors Pass Vehicles,Retail Hype / Turnaround,615.5999755859375,615.5999755859375,606.0,609.0,595.1563720703125,8392665
2023-09-05,TMPV.NS,Tata Motors Pass Vehicles,Retail Hype / Turnaround,610.0,618.9000244140625,608.0499877929688,611.1500244140625,597.2575073242188,8560651
2023-09-06,TMPV.NS,Tata Motors Pass Vehicles,Retail Hype / Turnaround,611.1500244140625,612.5499877929688,605.5999755859375,610.25,596.3779296875,6520064
2023-09-07,TMPV.NS,Tata Motors Pass Vehicles,Retail Hype / Turnaround,610.9000244140625,616.5,609.0499877929688,614.9000244140625,600.9222412109375,6520293
2023-09-08,TMPV.NS,Tata Motors Pass Vehicles,Retail Hype / Turnaround,617.9500122070312,628.9000244140625,614.2000122070312,627.25,612.9915161132812,16190749
2023-09-11,TMPV.NS,Tata Motors Pass Vehicles,Retail Hype / Turnaround,634.6500244140625,635.4000244140625,630.5,634.8499755859375,620.4187622070312,8780510
2023-09-12,TMPV.NS,Tata Motors Pass Vehicles,Retail Hype / Turnaround,638.0,639.0,615.25,620.7999877929688,606.6881103515625,12541377
2023-09-13,TMPV.NS,Tata Motors Pass Vehicles,Retail Hype / Turnaround,621.0,628.5,619.5499877929688,625.9000244140625,611.6722412109375,6988358
2023-09-14,TMPV.NS,Tata Motors Pass Vehicles,Retail Hype / Turnaround,628.0999755859375,630.7999877929688,623.2999877929688,624.5999755859375,610.4017333984375,5722295
2023-09-15,TMPV.NS,Tata Motors Pass Vehicles,Retail Hype / Turnaround,628.7000122070312,636.5,627.1500244140625,634.25,619.8323974609375,18917805
2023-09-18,TMPV.NS,Tata Motors Pass Vehicles,Retail Hype / Turnaround,635.9000244140625,644.2000122070312,633.1500244140625,640.6500244140625,626.0869140625,11108349
2023-09-20,TMPV.NS,Tata Motors Pass Vehicles,Retail Hype / Turnaround,640.7000122070312,647.0,637.0,638.5,623.9857788085938,11777925
2023-09-21,TMPV.NS,Tata Motors Pass Vehicles,Retail Hype / Turnaround,638.5,641.7000122070312,624.0,627.0499877929688,612.7960205078125,9266854
2023-09-22,TMPV.NS,Tata Motors Pass Vehicles,Retail Hype / Turnaround,628.0,630.7999877929688,619.0,620.4500122070312,606.3461303710938,6551917
2023-09-25,TMPV.NS,Tata Motors Pass Vehicles,Retail Hype / Turnaround,623.8499755859375,625.2000122070312,617.9000244140625,618.7000122070312,604.6358642578125,6390681
2023-09-26,TMPV.NS,Tata Motors Pass Vehicles,Retail Hype / Turnaround,618.7000122070312,625.7000122070312,617.9500122070312,619.7999877929688,605.7108154296875,6271108
2023-09-27,TMPV.NS,Tata Motors Pass Vehicles,Retail Hype / Turnaround,619.9500122070312,621.9000244140625,616.75,620.1500244140625,606.0529174804688,5960490
2023-09-28,TMPV.NS,Tata Motors Pass Vehicles,Retail Hype / Turnaround,622.9000244140625,623.7999877929688,612.25,614.0999755859375,600.1404418945312,6768196
2023-09-29,TMPV.NS,Tata Motors Pass Vehicles,Retail Hype / Turnaround,618.7000122070312,633.0,617.0,630.2000122070312,615.87451171875,8969405
2023-10-03,TMPV.NS,Tata Motors Pass Vehicles,Retail Hype / Turnaround,632.5999755859375,632.6500244140625,618.5999755859375,620.4500122070312,606.3461303710938,6894577
2023-10-04,TMPV.NS,Tata Motors Pass Vehicles,Retail Hype / Turnaround,620.7999877929688,620.7999877929688,608.2999877929688,613.5999755859375,599.6517944335938,7612709
2023-10-05,TMPV.NS,Tata Motors Pass Vehicles,Retail Hype / Turnaround,619.0,621.3499755859375,614.6500244140625,619.5999755859375,605.515380859375,7893892
2023-10-06,TMPV.NS,Tata Motors Pass Vehicles,Retail Hype / Turnaround,627.0,627.3499755859375,620.0,622.4500122070312,608.3006591796875,7922379
2023-10-09,TMPV.NS,Tata Motors Pass Vehicles,Retail Hype / Turnaround,620.7999877929688,622.0,613.7000122070312,617.3499755859375,603.3165283203125,6381189
2023-10-10,TMPV.NS,Tata Motors Pass Vehicles,Retail Hype / Turnaround,620.0,632.5,617.5999755859375,630.5499877929688,616.216552734375,9833429
2023-10-11,TMPV.NS,Tata Motors Pass Vehicles,Retail Hype / Turnaround,633.0,637.7999877929688,632.5999755859375,634.0,619.588134765625,7701931
2023-10-12,TMPV.NS,Tata Motors Pass Vehicles,Retail Hype / Turnaround,637.0,640.2000122070312,635.0499877929688,636.9500122070312,622.4710083007812,5928732
2023-10-13,TMPV.NS,Tata Motors Pass Vehicles,Retail Hype / Turnaround,633.9500122070312,669.0,633.0,667.0999755859375,651.9356689453125,28011678
2023-10-16,TMPV.NS,Tata Motors Pass Vehicles,Retail Hype / Turnaround,668.5499877929688,677.7999877929688,661.25,666.2000122070312,651.05615234375,20005816
2023-10-17,TMPV.NS,Tata Motors Pass Vehicles,Retail Hype / Turnaround,670.0,670.9000244140625,654.6500244140625,655.7000122070312,640.7947998046875,10263992
2023-10-18,TMPV.NS,Tata Motors Pass Vehicles,Retail Hype / Turnaround,658.5999755859375,672.25,653.7999877929688,668.5,653.3038330078125,14908778
2023-10-19,TMPV.NS,Tata Motors Pass Vehicles,Retail Hype / Turnaround,662.9500122070312,672.2999877929688,658.5999755859375,668.7999877929688,653.5970458984375,10633043
2023-10-20,TMPV.NS,Tata Motors Pass Vehicles,Retail Hype / Turnaround,666.6500244140625,676.4000244140625,660.5,663.2000122070312,648.1243286132812,11759568
2023-10-23,TMPV.NS,Tata Motors Pass Vehicles,Retail Hype / Turnaround,663.6500244140625,667.25,645.0,647.3499755859375,632.6345825195312,8564004
2023-10-25,TMPV.NS,Tata Motors Pass Vehicles,Retail Hype / Turnaround,650.0,651.9000244140625,636.0499877929688,637.8499755859375,623.3505859375,8229559
2023-10-26,TMPV.NS,Tata Motors Pass Vehicles,Retail Hype / Turnaround,635.0,635.6500244140625,624.1500244140625,626.5499877929688,612.3074340820312,8889373
2023-10-27,TMPV.NS,Tata Motors Pass Vehicles,Retail Hype / Turnaround,630.0,643.9500122070312,628.4500122070312,641.0499877929688,626.477783203125,10232856
2023-10-30,TMPV.NS,Tata Motors Pass Vehicles,Retail Hype / Turnaround,643.7999877929688,643.7999877929688,621.8499755859375,628.5,614.2130737304688,12786883
2023-10-31,TMPV.NS,Tata Motors Pass Vehicles,Retail Hype / Turnaround,642.0,642.0,627.2999877929688,628.6500244140625,614.3596801757812,11395766
2023-11-01,TMPV.NS,Tata Motors Pass Vehicles,Retail Hype / Turnaround,630.0,633.7999877929688,626.2999877929688,627.7000122070312,613.4313354492188,8785264
2023-11-02,TMPV.NS,Tata Motors Pass Vehicles,Retail Hype / Turnaround,632.0,638.2000122070312,630.0999755859375,636.4500122070312,621.9823608398438,9934305
2023-11-03,TMPV.NS,Tata Motors Pass Vehicles,Retail Hype / Turnaround,662.0,666.0,646.2000122070312,647.5,632.7811889648438,23087856
2023-11-06,TMPV.NS,Tata Motors Pass Vehicles,Retail Hype / Turnaround,652.8499755859375,652.8499755859375,643.2000122070312,646.0499877929688,631.3641357421875,10801301
2023-11-07,TMPV.NS,Tata Motors Pass Vehicles,Retail Hype / Turnaround,645.0,649.9000244140625,643.2999877929688,645.0,630.3380126953125,6588073
2023-11-08,TMPV.NS,Tata Motors Pass Vehicles,Retail Hype / Turnaround,648.0,649.0499877929688,641.9000244140625,642.5499877929688,627.9437255859375,6551864
2023-11-09,TMPV.NS,Tata Motors Pass Vehicles,Retail Hype / Turnaround,644.0,653.6500244140625,642.7000122070312,649.3499755859375,634.5890502929688,10155047
2023-11-10,TMPV.NS,Tata Motors Pass Vehicles,Retail Hype / Turnaround,649.3499755859375,652.9500122070312,644.0,651.0499877929688,636.25048828125,6425792
2023-11-13,TMPV.NS,Tata Motors Pass Vehicles,Retail Hype / Turnaround,653.0,654.0,649.2999877929688,653.25,638.4005126953125,3279829
2023-11-15,TMPV.NS,Tata Motors Pass Vehicles,Retail Hype / Turnaround,660.0,673.5,656.5499877929688,671.5499877929688,656.284423828125,11324434
2023-11-16,TMPV.NS,Tata Motors Pass Vehicles,Retail Hype / Turnaround,674.0,685.5,670.9000244140625,680.4000244140625,664.933349609375,17501373
2023-11-17,TMPV.NS,Tata Motors Pass Vehicles,Retail Hype / Turnaround,682.5,687.6500244140625,679.5999755859375,681.5499877929688,666.0571899414062,9563220
2023-11-20,TMPV.NS,Tata Motors Pass Vehicles,Retail Hype / Turnaround,682.0,686.75,670.7000122070312,674.2999877929688,658.9719848632812,8324354
2023-11-21,TMPV.NS,Tata Motors Pass Vehicles,Retail Hype / Turnaround,677.0,683.2999877929688,675.0,681.7000122070312,666.2037963867188,7291057
2023-11-22,TMPV.NS,Tata Motors Pass Vehicles,Retail Hype / Turnaround,683.9500122070312,687.3499755859375,676.0499877929688,681.2000122070312,665.7152099609375,9279642
2023-11-23,TMPV.NS,Tata Motors Pass Vehicles,Retail Hype / Turnaround,683.2000122070312,685.9000244140625,677.0499877929688,679.9500122070312,664.4935913085938,5885370
2023-11-24,TMPV.NS,Tata Motors Pass Vehicles,Retail Hype / Turnaround,681.4000244140625,681.9500122070312,671.25,673.7000122070312,658.3856201171875,6951690
2023-11-28,TMPV.NS,Tata Motors Pass Vehicles,Retail Hype / Turnaround,677.4500122070312,699.4500122070312,674.25,697.5,681.6445922851562,16015860
2023-11-29,TMPV.NS,Tata Motors Pass Vehicles,Retail Hype / Turnaround,702.75,714.4000244140625,694.3499755859375,712.3499755859375,696.1570434570312,16122864
2023-11-30,TMPV.NS,Tata Motors Pass Vehicles,Retail Hype / Turnaround,716.2999877929688,717.25,697.0,706.4000244140625,690.3423461914062,24275245
2023-12-01,TMPV.NS,Tata Motors Pass Vehicles,Retail Hype / Turnaround,708.0,711.0,703.0,705.4500122070312,689.4138793945312,10565415
2023-12-04,TMPV.NS,Tata Motors Pass Vehicles,Retail Hype / Turnaround,716.0,717.0,704.7999877929688,705.5999755859375,689.5604858398438,9348036
2023-12-05,TMPV.NS,Tata Motors Pass Vehicles,Retail Hype / Turnaround,705.9000244140625,714.9000244140625,705.0,708.9500122070312,692.8343505859375,9601509
2023-12-06,TMPV.NS,Tata Motors Pass Vehicles,Retail Hype / Turnaround,709.0499877929688,724.7999877929688,709.0,722.4500122070312,706.0274658203125,12148825
2023-12-07,TMPV.NS,Tata Motors Pass Vehicles,Retail Hype / Turnaround,725.0,727.5,716.0,721.9500122070312,705.5388793945312,10451801
2023-12-08,TMPV.NS,Tata Motors Pass Vehicles,Retail Hype / Turnaround,722.0499877929688,727.5999755859375,707.5,714.5499877929688,698.3070678710938,8557203
2023-12-11,TMPV.NS,Tata Motors Pass Vehicles,Retail Hype / Turnaround,717.7999877929688,726.5,716.5499877929688,720.7999877929688,704.4149169921875,6403209
2023-12-12,TMPV.NS,Tata Motors Pass Vehicles,Retail Hype / Turnaround,724.7999877929688,724.7999877929688,713.0,715.4000244140625,699.1377563476562,6461539
2023-12-13,TMPV.NS,Tata Motors Pass Vehicles,Retail Hype / Turnaround,716.0,721.4500122070312,713.5,720.2999877929688,703.9263305664062,5807736
2023-12-14,TMPV.NS,Tata Motors Pass Vehicles,Retail Hype / Turnaround,724.0,724.7000122070312,718.5999755859375,719.75,703.3887939453125,6732352
2023-12-15,TMPV.NS,Tata Motors Pass Vehicles,Retail Hype / Turnaround,723.9000244140625,734.0,721.25,732.4000244140625,715.7512817382812,12082079
2023-12-18,TMPV.NS,Tata Motors Pass Vehicles,Retail Hype / Turnaround,732.9000244140625,734.75,728.0999755859375,730.7999877929688,714.1876220703125,5450397
2023-12-19,TMPV.NS,Tata Motors Pass Vehicles,Retail Hype / Turnaround,732.5999755859375,732.5999755859375,726.0,728.9500122070312,712.3796997070312,4511101
2023-12-20,TMPV.NS,Tata Motors Pass Vehicles,Retail Hype / Turnaround,730.9500122070312,733.0,703.0499877929688,705.25,689.2184448242188,8107602
2023-12-21,TMPV.NS,Tata Motors Pass Vehicles,Retail Hype / Turnaround,703.0,711.9000244140625,696.25,708.8499755859375,692.736572265625,7702232
2023-12-22,TMPV.NS,Tata Motors Pass Vehicles,Retail Hype / Turnaround,716.7999877929688,731.0,712.0,724.7000122070312,708.2262573242188,12062238
2023-12-26,TMPV.NS,Tata Motors Pass Vehicles,Retail Hype / Turnaround,727.4000244140625,727.5,716.5999755859375,719.5499877929688,703.1932983398438,7229143
2023-12-27,TMPV.NS,Tata Motors Pass Vehicles,Retail Hype / Turnaround,728.0,741.8499755859375,725.1500244140625,740.9000244140625,724.0580444335938,15052800
2023-12-28,TMPV.NS,Tata Motors Pass Vehicles,Retail Hype / Turnaround,742.6500244140625,757.9500122070312,739.0499877929688,753.9000244140625,736.7626342773438,14906199
2023-12-29,TMPV.NS,Tata Motors Pass Vehicles,Retail Hype / Turnaround,755.0,802.9000244140625,754.0,779.9500122070312,762.2203979492188,41170191
2024-01-01,TMPV.NS,Tata Motors Pass Vehicles,Retail Hype / Turnaround,785.0,798.7000122070312,781.0499877929688,790.5999755859375,772.6282348632812,12570717
2024-01-02,TMPV.NS,Tata Motors Pass Vehicles,Retail Hype / Turnaround,800.5,804.0,779.0,784.4000244140625,766.5692749023438,13791090
2024-01-03,TMPV.NS,Tata Motors Pass Vehicles,Retail Hype / Turnaround,786.0499877929688,790.0,776.25,781.4500122070312,763.686279296875,8559060
2024-01-04,TMPV.NS,Tata Motors Pass Vehicles,Retail Hype / Turnaround,798.0,801.7999877929688,791.2999877929688,795.75,777.6611938476562,14298444
2024-01-05,TMPV.NS,Tata Motors Pass Vehicles,Retail Hype / Turnaround,799.0,805.9000244140625,787.0999755859375,790.9500122070312,772.9703369140625,11091198
2024-01-08,TMPV.NS,Tata Motors Pass Vehicles,Retail Hype / Turnaround,798.4000244140625,800.3499755859375,787.5,789.0999755859375,771.162353515625,7668471
2024-01-09,TMPV.NS,Tata Motors Pass Vehicles,Retail Hype / Turnaround,799.9500122070312,809.2000122070312,793.1500244140625,799.7999877929688,781.6192016601562,12872757
2024-01-10,TMPV.NS,Tata Motors Pass Vehicles,Retail Hype / Turnaround,800.0,811.0,792.6500244140625,808.4500122070312,790.0725708007812,9980044
2024-01-11,TMPV.NS,Tata Motors Pass Vehicles,Retail Hype / Turnaround,813.5,817.5,808.4500122070312,815.6500244140625,797.10888671875,11075167
2024-01-12,TMPV.NS,Tata Motors Pass Vehicles,Retail Hype / Turnaround,818.1500244140625,818.5499877929688,809.1500244140625,816.4500122070312,797.8906860351562,7664094
2024-01-15,TMPV.NS,Tata Motors Pass Vehicles,Retail Hype / Turnaround,820.0,820.4000244140625,810.2999877929688,812.4500122070312,793.9815673828125,4835856
2024-01-16,TMPV.NS,Tata Motors Pass Vehicles,Retail Hype / Turnaround,812.4500122070312,827.0,812.4500122070312,818.8499755859375,800.236083984375,10159066
2024-01-17,TMPV.NS,Tata Motors Pass Vehicles,Retail Hype / Turnaround,811.0,813.7000122070312,804.0,805.5499877929688,787.2384033203125,7895439
2024-01-18,TMPV.NS,Tata Motors Pass Vehicles,Retail Hype / Turnaround,807.0,822.9500122070312,797.0,819.0499877929688,800.4315795898438,11500495
2024-01-19,TMPV.NS,Tata Motors Pass Vehicles,Retail Hype / Turnaround,823.8499755859375,826.0,819.5,823.5499877929688,804.8292236328125,5706888
2024-01-23,TMPV.NS,Tata Motors Pass Vehicles,Retail Hype / Turnaround,824.9000244140625,827.5999755859375,796.2999877929688,800.4500122070312,782.25439453125,9436209
2024-01-24,TMPV.NS,Tata Motors Pass Vehicles,Retail Hype / Turnaround,802.4000244140625,812.0,788.5,810.9000244140625,792.4669189453125,7217542
2024-01-25,TMPV.NS,Tata Motors Pass Vehicles,Retail Hype / Turnaround,814.0,814.1500244140625,800.2999877929688,811.8499755859375,793.3952026367188,10109720
2024-01-29,TMPV.NS,Tata Motors Pass Vehicles,Retail Hype / Turnaround,811.8499755859375,843.7999877929688,811.0499877929688,841.0,821.882568359375,12823686
2024-01-30,TMPV.NS,Tata Motors Pass Vehicles,Retail Hype / Turnaround,843.0,885.9500122070312,842.8499755859375,858.8499755859375,839.3268432617188,19734613
2024-01-31,TMPV.NS,Tata Motors Pass Vehicles,Retail Hype / Turnaround,865.2000122070312,896.5,865.2000122070312,884.2000122070312,864.1005859375,24562392
2024-02-01,TMPV.NS,Tata Motors Pass Vehicles,Retail Hype / Turnaround,900.0,900.1500244140625,876.2999877929688,878.5,858.5302124023438,14505885
2024-02-02,TMPV.NS,Tata Motors Pass Vehicles,Retail Hype / Turnaround,886.0,895.75,876.8499755859375,878.75,858.7744750976562,13003437
2024-02-05,TMPV.NS,Tata Motors Pass Vehicles,Retail Hype / Turnaround,934.0,950.0,915.3499755859375,926.7999877929688,905.732177734375,38686871
2024-02-06,TMPV.NS,Tata Motors Pass Vehicles,Retail Hype / Turnaround,936.4000244140625,941.2999877929688,928.4000244140625,939.5499877929688,918.1923217773438,12714803
2024-02-07,TMPV.NS,Tata Motors Pass Vehicles,Retail Hype / Turnaround,944.0,944.0,928.0499877929688,933.7999877929688,912.5731201171875,7913010
2024-02-08,TMPV.NS,Tata Motors Pass Vehicles,Retail Hype / Turnaround,937.0,939.7000122070312,918.7999877929688,924.2999877929688,903.2890625,11576253
2024-02-09,TMPV.NS,Tata Motors Pass Vehicles,Retail Hype / Turnaround,926.0,927.4000244140625,906.0499877929688,915.0,894.200439453125,7904881
2024-02-12,TMPV.NS,Tata Motors Pass Vehicles,Retail Hype / Turnaround,916.0999755859375,925.0,908.0,911.5999755859375,890.8777465820312,7286778
2024-02-13,TMPV.NS,Tata Motors Pass Vehicles,Retail Hype / Turnaround,911.5999755859375,919.0999755859375,894.0,906.9000244140625,886.2846069335938,8574218
2024-02-14,TMPV.NS,Tata Motors Pass Vehicles,Retail Hype / Turnaround,900.0,919.9500122070312,894.3499755859375,918.2999877929688,897.4254760742188,6570939
2024-02-15,TMPV.NS,Tata Motors Pass Vehicles,Retail Hype / Turnaround,923.7000122070312,927.0,916.3499755859375,920.5499877929688,899.6243286132812,6430799
2024-02-16,TMPV.NS,Tata Motors Pass Vehicles,Retail Hype / Turnaround,925.0,948.7999877929688,924.0999755859375,938.5999755859375,917.2639770507812,12826164
2024-02-19,TMPV.NS,Tata Motors Pass Vehicles,Retail Hype / Turnaround,942.9500122070312,942.9500122070312,931.0499877929688,932.5999755859375,911.4003295898438,4632214
2024-02-20,TMPV.NS,Tata Motors Pass Vehicles,Retail Hype / Turnaround,934.4500122070312,934.6500244140625,920.4000244140625,926.3499755859375,905.2924194335938,4733639
2024-02-21,TMPV.NS,Tata Motors Pass Vehicles,Retail Hype / Turnaround,926.3499755859375,937.2000122070312,916.5,921.0499877929688,900.1129150390625,6011018
2024-02-22,TMPV.NS,Tata Motors Pass Vehicles,Retail Hype / Turnaround,924.6500244140625,933.8499755859375,914.5999755859375,932.2999877929688,911.107177734375,6437014
2024-02-23,TMPV.NS,Tata Motors Pass Vehicles,Retail Hype / Turnaround,933.0999755859375,939.7999877929688,929.4000244140625,937.4000244140625,916.0912475585938,7047473
2024-02-26,TMPV.NS,Tata Motors Pass Vehicles,Retail Hype / Turnaround,937.0999755859375,945.0,930.7000122070312,936.9500122070312,915.6514892578125,5600234
2024-02-27,TMPV.NS,Tata Motors Pass Vehicles,Retail Hype / Turnaround,936.75,965.0,935.5,962.7000122070312,940.816162109375,12810206
2024-02-28,TMPV.NS,Tata Motors Pass Vehicles,Retail Hype / Turnaround,966.1500244140625,976.0,950.2999877929688,958.0499877929688,936.2717895507812,15219187
2024-02-29,TMPV.NS,Tata Motors Pass Vehicles,Retail Hype / Turnaround,959.0,959.25,942.9000244140625,950.2000122070312,928.600341796875,10346657
2024-03-01,TMPV.NS,Tata Motors Pass Vehicles,Retail Hype / Turnaround,958.9500122070312,980.4000244140625,956.7000122070312,977.4000244140625,955.1820678710938,10645369
2024-03-04,TMPV.NS,Tata Motors Pass Vehicles,Retail Hype / Turnaround,993.25,995.0,980.0999755859375,987.2000122070312,964.7592163085938,6084495
2024-03-05,TMPV.NS,Tata Motors Pass Vehicles,Retail Hype / Turnaround,1027.0,1065.5999755859375,1005.3499755859375,1021.9000244140625,998.6704711914062,59811033
2024-03-06,TMPV.NS,Tata Motors Pass Vehicles,Retail Hype / Turnaround,1025.0,1030.6500244140625,1009.0,1017.6500244140625,994.51708984375,14214823
2024-03-07,TMPV.NS,Tata Motors Pass Vehicles,Retail Hype / Turnaround,1025.0,1047.0,1014.0499877929688,1039.300048828125,1015.6748657226562,16877082
2024-03-11,TMPV.NS,Tata Motors Pass Vehicles,Retail Hype / Turnaround,1034.75,1035.949951171875,1021.0,1028.0,1004.6317749023438,7502450
2024-03-12,TMPV.NS,Tata Motors Pass Vehicles,Retail Hype / Turnaround,1027.800048828125,1037.0,1011.2999877929688,1016.5,993.3931884765625,8763820
2024-03-13,TMPV.NS,Tata Motors Pass Vehicles,Retail Hype / Turnaround,1019.0,1021.0,963.5499877929688,973.2000122070312,951.0775146484375,16564155
2024-03-14,TMPV.NS,Tata Motors Pass Vehicles,Retail Hype / Turnaround,964.9500122070312,982.0,955.4000244140625,967.75,945.7514038085938,22931801
2024-03-15,TMPV.NS,Tata Motors Pass Vehicles,Retail Hype / Turnaround,968.4000244140625,979.75,940.0,945.8499755859375,924.34912109375,23390913
2024-03-18,TMPV.NS,Tata Motors Pass Vehicles,Retail Hype / Turnaround,945.8499755859375,974.7999877929688,936.6500244140625,972.4500122070312,950.3445434570312,12121719
2024-03-19,TMPV.NS,Tata Motors Pass Vehicles,Retail Hype / Turnaround,968.5499877929688,970.5999755859375,951.5999755859375,957.75,935.9786987304688,9483750
2024-03-20,TMPV.NS,Tata Motors Pass Vehicles,Retail Hype / Turnaround,960.9000244140625,965.1500244140625,921.2000122070312,940.4500122070312,919.0719604492188,13900321
2024-03-21,TMPV.NS,Tata Motors Pass Vehicles,Retail Hype / Turnaround,951.0,969.25,946.0,964.9000244140625,942.9661254882812,11074207
2024-03-22,TMPV.NS,Tata Motors Pass Vehicles,Retail Hype / Turnaround,964.9000244140625,986.2000122070312,950.3499755859375,979.7999877929688,957.5274047851562,13638296
2024-03-26,TMPV.NS,Tata Motors Pass Vehicles,Retail Hype / Turnaround,977.0,995.0,976.0,986.2000122070312,963.781982421875,9461531
2024-03-27,TMPV.NS,Tata Motors Pass Vehicles,Retail Hype / Turnaround,991.5999755859375,995.0,976.7000122070312,978.6500244140625,956.403564453125,6640537
2024-03-28,TMPV.NS,Tata Motors Pass Vehicles,Retail Hype / Turnaround,982.5,999.9000244140625,979.0,992.7999877929688,970.2318725585938,9862996
2024-04-01,TMPV.NS,Tata Motors Pass Vehicles,Retail Hype / Turnaround,1000.0,1009.8499755859375,987.4500122070312,992.25,969.6944580078125,8629407
2024-04-02,TMPV.NS,Tata Motors Pass Vehicles,Retail Hype / Turnaround,999.0,1008.0,993.4000244140625,1004.6500244140625,981.8125610351562,7995931
2024-04-03,TMPV.NS,Tata Motors Pass Vehicles,Retail Hype / Turnaround,1004.0,1014.4500122070312,992.5499877929688,1009.1500244140625,986.2103271484375,8040366
2024-04-04,TMPV.NS,Tata Motors Pass Vehicles,Retail Hype / Turnaround,1016.0,1017.0,998.1500244140625,1011.5999755859375,988.6044921875,9138276
2024-04-05,TMPV.NS,Tata Motors Pass Vehicles,Retail Hype / Turnaround,1011.5999755859375,1012.5,1004.4000244140625,1007.0999755859375,984.2068481445312,4519120
2024-04-08,TMPV.NS,Tata Motors Pass Vehicles,Retail Hype / Turnaround,1010.0499877929688,1016.4000244140625,1004.0,1013.2000122070312,990.168212890625,5188052
2024-04-09,TMPV.NS,Tata Motors Pass Vehicles,Retail Hype / Turnaround,1021.0,1029.5,1005.0,1008.5,985.5750732421875,8539041
2024-04-10,TMPV.NS,Tata Motors Pass Vehicles,Retail Hype / Turnaround,1012.25,1021.0,1010.0,1013.5,990.46142578125,4554077
2024-04-12,TMPV.NS,Tata Motors Pass Vehicles,Retail Hype / Turnaround,1014.0,1029.0,1013.5,1018.5,995.3477172851562,11575194
2024-04-15,TMPV.NS,Tata Motors Pass Vehicles,Retail Hype / Turnaround,998.0999755859375,1006.9500122070312,978.5,998.7999877929688,976.0955200195312,12632409
2024-04-16,TMPV.NS,Tata Motors Pass Vehicles,Retail Hype / Turnaround,990.0,1004.9000244140625,982.0999755859375,992.7999877929688,970.2318725585938,9574762
2024-04-18,TMPV.NS,Tata Motors Pass Vehicles,Retail Hype / Turnaround,996.3499755859375,1003.0999755859375,966.25,971.3499755859375,949.2694702148438,13540490
2024-04-19,TMPV.NS,Tata Motors Pass Vehicles,Retail Hype / Turnaround,964.0,967.9500122070312,944.0,963.2000122070312,941.3047485351562,15381310
2024-04-22,TMPV.NS,Tata Motors Pass Vehicles,Retail Hype / Turnaround,978.75,978.75,966.0,973.5499877929688,951.4195556640625,7187959
2024-04-23,TMPV.NS,Tata Motors Pass Vehicles,Retail Hype / Turnaround,976.0,994.5,974.0499877929688,986.75,964.3193969726562,7994116
2024-04-24,TMPV.NS,Tata Motors Pass Vehicles,Retail Hype / Turnaround,992.4000244140625,995.9000244140625,988.0,991.6500244140625,969.1080932617188,4671450
2024-04-25,TMPV.NS,Tata Motors Pass Vehicles,Retail Hype / Turnaround,992.5,1003.2999877929688,989.5,1001.25,978.4898071289062,8366455
2024-04-26,TMPV.NS,Tata Motors Pass Vehicles,Retail Hype / Turnaround,1007.7999877929688,1008.9500122070312,996.5999755859375,999.5,976.7796020507812,7937500
2024-04-29,TMPV.NS,Tata Motors Pass Vehicles,Retail Hype / Turnaround,1003.0499877929688,1005.75,999.0,1000.5999755859375,977.8546142578125,4764750
2024-04-30,TMPV.NS,Tata Motors Pass Vehicles,Retail Hype / Turnaround,1005.0,1019.4500122070312,997.5,1007.9000244140625,984.9887084960938,9047011
2024-05-02,TMPV.NS,Tata Motors Pass Vehicles,Retail Hype / Turnaround,1020.0,1030.0,1011.5499877929688,1027.800048828125,1004.4363403320312,12695047
2024-05-03,TMPV.NS,Tata Motors Pass Vehicles,Retail Hype / Turnaround,1038.0,1040.199951171875,996.0,1013.4000244140625,990.3637084960938,11871773
2024-05-06,TMPV.NS,Tata Motors Pass Vehicles,Retail Hype / Turnaround,1015.0,1019.7999877929688,1005.0,1016.2000122070312,993.0999755859375,5724760
2024-05-07,TMPV.NS,Tata Motors Pass Vehicles,Retail Hype / Turnaround,1016.2000122070312,1017.9500122070312,982.0499877929688,988.5499877929688,966.0785522460938,8877426
2024-05-08,TMPV.NS,Tata Motors Pass Vehicles,Retail Hype / Turnaround,986.9500122070312,1015.0,977.0,1012.0999755859375,989.0932006835938,7519352
2024-05-09,TMPV.NS,Tata Motors Pass Vehicles,Retail Hype / Turnaround,1011.0,1043.199951171875,1007.2999877929688,1030.300048828125,1006.8795166015625,19189798
2024-05-10,TMPV.NS,Tata Motors Pass Vehicles,Retail Hype / Turnaround,1037.0,1050.3499755859375,1030.4000244140625,1046.6500244140625,1022.8578491210938,13383183
2024-05-13,TMPV.NS,Tata Motors Pass Vehicles,Retail Hype / Turnaround,1005.0,1008.7000122070312,947.2000122070312,959.75,937.9331665039062,58974762
2024-05-14,TMPV.NS,Tata Motors Pass Vehicles,Retail Hype / Turnaround,965.0999755859375,968.0,953.25,964.6500244140625,942.7218627929688,16325689
2024-05-15,TMPV.NS,Tata Motors Pass Vehicles,Retail Hype / Turnaround,970.9500122070312,972.9500122070312,945.0999755859375,947.2999877929688,925.7661743164062,19668239
2024-05-16,TMPV.NS,Tata Motors Pass Vehicles,Retail Hype / Turnaround,953.2000122070312,954.4000244140625,919.0,936.4000244140625,915.114013671875,31240770
2024-05-17,TMPV.NS,Tata Motors Pass Vehicles,Retail Hype / Turnaround,944.0,953.4000244140625,941.0,945.7000122070312,924.2025756835938,13205512
2024-05-21,TMPV.NS,Tata Motors Pass Vehicles,Retail Hype / Turnaround,954.0,956.6500244140625,948.7000122070312,951.2999877929688,929.67529296875,10055258
2024-05-22,TMPV.NS,Tata Motors Pass Vehicles,Retail Hype / Turnaround,952.0,954.9000244140625,942.5499877929688,947.5,925.961669921875,9495279
2024-05-23,TMPV.NS,Tata Motors Pass Vehicles,Retail Hype / Turnaround,950.0,963.4500122070312,945.0499877929688,962.3499755859375,940.4740600585938,11211074
2024-05-24,TMPV.NS,Tata Motors Pass Vehicles,Retail Hype / Turnaround,962.5,970.9500122070312,958.0,960.5499877929688,938.7149658203125,9590588
2024-05-27,TMPV.NS,Tata Motors Pass Vehicles,Retail Hype / Turnaround,964.9000244140625,966.4500122070312,952.0,958.5,936.7116088867188,6916555
2024-05-28,TMPV.NS,Tata Motors Pass Vehicles,Retail Hype / Turnaround,959.0,961.9000244140625,946.0,947.5499877929688,926.0105590820312,6618946
2024-05-29,TMPV.NS,Tata Motors Pass Vehicles,Retail Hype / Turnaround,946.9500122070312,950.5,938.7999877929688,943.5999755859375,922.1503295898438,8184019
2024-05-30,TMPV.NS,Tata Motors Pass Vehicles,Retail Hype / Turnaround,943.5,951.4500122070312,921.0,923.9500122070312,902.947021484375,10170912
2024-05-31,TMPV.NS,Tata Motors Pass Vehicles,Retail Hype / Turnaround,931.6500244140625,937.25,920.0999755859375,923.0,902.0185546875,14289102
2024-06-03,TMPV.NS,Tata Motors Pass Vehicles,Retail Hype / Turnaround,963.0,963.0,934.0,950.4500122070312,928.8446655273438,12314329
2024-06-04,TMPV.NS,Tata Motors Pass Vehicles,Retail Hype / Turnaround,948.0,948.0,855.4000244140625,903.9000244140625,883.352783203125,26554598
2024-06-05,TMPV.NS,Tata Motors Pass Vehicles,Retail Hype / Turnaround,924.9500122070312,933.75,890.0,929.9500122070312,908.8106079101562,13752553
2024-06-06,TMPV.NS,Tata Motors Pass Vehicles,Retail Hype / Turnaround,940.0,946.0,931.2000122070312,938.25,916.9219360351562,11792640
2024-06-07,TMPV.NS,Tata Motors Pass Vehicles,Retail Hype / Turnaround,940.0,973.0,935.25,970.5,948.4387817382812,15577866
2024-06-10,TMPV.NS,Tata Motors Pass Vehicles,Retail Hype / Turnaround,977.0,984.9000244140625,969.0999755859375,975.1500244140625,952.983154296875,9258931
2024-06-11,TMPV.NS,Tata Motors Pass Vehicles,Retail Hype / Turnaround,973.7999877929688,992.5499877929688,966.6500244140625,987.0999755859375,970.6337280273438,14828702
2024-06-12,TMPV.NS,Tata Motors Pass Vehicles,Retail Hype / Turnaround,994.5,1010.25,987.0,988.7000122070312,972.20703125,17527993
2024-06-13,TMPV.NS,Tata Motors Pass Vehicles,Retail Hype / Turnaround,1002.0,1002.0,980.75,985.8499755859375,969.404541015625,12157226
2024-06-14,TMPV.NS,Tata Motors Pass Vehicles,Retail Hype / Turnaround,990.0,997.25,981.4000244140625,993.4000244140625,976.8286743164062,11591421
2024-06-18,TMPV.NS,Tata Motors Pass Vehicles,Retail Hype / Turnaround,1000.0,1003.5499877929688,984.0,985.9000244140625,969.4537963867188,9845075
2024-06-19,TMPV.NS,Tata Motors Pass Vehicles,Retail Hype / Turnaround,990.0,994.9000244140625,975.1500244140625,977.3499755859375,961.0463256835938,7605719
2024-06-20,TMPV.NS,Tata Motors Pass Vehicles,Retail Hype / Turnaround,980.0,988.4000244140625,976.3499755859375,978.25,961.931396484375,7299571
2024-06-21,TMPV.NS,Tata Motors Pass Vehicles,Retail Hype / Turnaround,979.0,980.9000244140625,958.0999755859375,961.7999877929688,945.7557373046875,14303735
2024-06-24,TMPV.NS,Tata Motors Pass Vehicles,Retail Hype / Turnaround,960.9000244140625,963.5,950.0499877929688,958.0499877929688,942.068359375,6655577
2024-06-25,TMPV.NS,Tata Motors Pass Vehicles,Retail Hype / Turnaround,960.0,962.8499755859375,949.2999877929688,955.0,939.0692138671875,7304128
2024-06-26,TMPV.NS,Tata Motors Pass Vehicles,Retail Hype / Turnaround,956.0,962.5,950.0999755859375,951.8499755859375,935.9717407226562,6908988
2024-06-27,TMPV.NS,Tata Motors Pass Vehicles,Retail Hype / Turnaround,952.5,974.8499755859375,948.0499877929688,972.0999755859375,955.8839721679688,19385412
2024-06-28,TMPV.NS,Tata Motors Pass Vehicles,Retail Hype / Turnaround,975.0,998.5,972.5499877929688,989.75,973.2395629882812,23025267
2024-07-01,TMPV.NS,Tata Motors Pass Vehicles,Retail Hype / Turnaround,989.75,1005.5,985.2000122070312,1002.0499877929688,985.3343505859375,14006105
2024-07-02,TMPV.NS,Tata Motors Pass Vehicles,Retail Hype / Turnaround,1004.0499877929688,1005.0,979.0999755859375,981.2999877929688,964.9304809570312,12284132
2024-07-03,TMPV.NS,Tata Motors Pass Vehicles,Retail Hype / Turnaround,984.9500122070312,987.3499755859375,973.5,975.6500244140625,959.374755859375,7346258
2024-07-04,TMPV.NS,Tata Motors Pass Vehicles,Retail Hype / Turnaround,984.0,1004.0,979.5999755859375,998.2000122070312,981.548583984375,12139832
2024-07-05,TMPV.NS,Tata Motors Pass Vehicles,Retail Hype / Turnaround,1005.0,1006.5999755859375,989.9500122070312,993.6500244140625,977.0745239257812,9050375
2024-07-08,TMPV.NS,Tata Motors Pass Vehicles,Retail Hype / Turnaround,1005.0,1016.5999755859375,996.2000122070312,1002.5999755859375,985.8751831054688,13312085
2024-07-09,TMPV.NS,Tata Motors Pass Vehicles,Retail Hype / Turnaround,1000.9500122070312,1017.0,998.0999755859375,1014.9500122070312,998.0191650390625,10948094
2024-07-10,TMPV.NS,Tata Motors Pass Vehicles,Retail Hype / Turnaround,1015.0,1019.8499755859375,986.0499877929688,1005.5,988.726806640625,13412206
2024-07-11,TMPV.NS,Tata Motors Pass Vehicles,Retail Hype / Turnaround,1008.0,1025.5,1007.0499877929688,1020.7999877929688,1003.7715454101562,11983571
2024-07-12,TMPV.NS,Tata Motors Pass Vehicles,Retail Hype / Turnaround,1023.8499755859375,1025.9000244140625,1015.0,1016.75,999.7891235351562,7339644
2024-07-15,TMPV.NS,Tata Motors Pass Vehicles,Retail Hype / Turnaround,1021.3499755859375,1029.800048828125,1017.2999877929688,1024.449951171875,1007.360595703125,5847297
2024-07-16,TMPV.NS,Tata Motors Pass Vehicles,Retail Hype / Turnaround,1025.5,1029.5999755859375,1019.2000122070312,1021.1500244140625,1004.11572265625,4824555
2024-07-18,TMPV.NS,Tata Motors Pass Vehicles,Retail Hype / Turnaround,1022.9500122070312,1027.0,1008.0,1024.550048828125,1007.4590454101562,8010324
2024-07-19,TMPV.NS,Tata Motors Pass Vehicles,Retail Hype / Turnaround,1024.0,1024.0,986.6500244140625,990.0,973.4853515625,7400178
2024-07-22,TMPV.NS,Tata Motors Pass Vehicles,Retail Hype / Turnaround,990.0,1008.0,976.5499877929688,1003.1500244140625,986.416015625,7396198
2024-07-23,TMPV.NS,Tata Motors Pass Vehicles,Retail Hype / Turnaround,1007.9000244140625,1008.6500244140625,967.2000122070312,1001.7999877929688,985.0885009765625,10384177
2024-07-24,TMPV.NS,Tata Motors Pass Vehicles,Retail Hype / Turnaround,997.7999877929688,1034.25,995.1500244140625,1027.699951171875,1010.556396484375,11469098
2024-07-25,TMPV.NS,Tata Motors Pass Vehicles,Retail Hype / Turnaround,1029.0,1094.0,1024.3499755859375,1090.949951171875,1072.751220703125,32766835
2024-07-26,TMPV.NS,Tata Motors Pass Vehicles,Retail Hype / Turnaround,1111.949951171875,1120.5,1083.5999755859375,1118.300048828125,1099.6451416015625,21232845
2024-07-29,TMPV.NS,Tata Motors Pass Vehicles,Retail Hype / Turnaround,1124.0,1139.9000244140625,1118.5999755859375,1124.0,1105.25,11850624
2024-07-30,TMPV.NS,Tata Motors Pass Vehicles,Retail Hype / Turnaround,1125.800048828125,1179.0,1118.5999755859375,1161.8499755859375,1142.4686279296875,28592304
2024-07-31,TMPV.NS,Tata Motors Pass Vehicles,Retail Hype / Turnaround,1164.0,1167.9000244140625,1145.300048828125,1156.6500244140625,1137.3553466796875,10860623
2024-08-01,TMPV.NS,Tata Motors Pass Vehicles,Retail Hype / Turnaround,1167.0,1176.0,1136.5,1144.4000244140625,1125.309814453125,14375948
2024-08-02,TMPV.NS,Tata Motors Pass Vehicles,Retail Hype / Turnaround,1120.0,1120.0,1090.050048828125,1096.6500244140625,1078.3563232421875,21967812
2024-08-05,TMPV.NS,Tata Motors Pass Vehicles,Retail Hype / Turnaround,1059.949951171875,1065.0,1014.0499877929688,1016.4500122070312,999.494140625,26651144
2024-08-06,TMPV.NS,Tata Motors Pass Vehicles,Retail Hype / Turnaround,1030.0,1060.6500244140625,1008.4000244140625,1013.75,996.8391723632812,16726393
2024-08-07,TMPV.NS,Tata Motors Pass Vehicles,Retail Hype / Turnaround,1036.050048828125,1040.199951171875,1015.0499877929688,1025.300048828125,1008.1965942382812,9978703
2024-08-08,TMPV.NS,Tata Motors Pass Vehicles,Retail Hype / Turnaround,1034.949951171875,1056.4000244140625,1027.0,1041.75,1024.3720703125,19529790
2024-08-09,TMPV.NS,Tata Motors Pass Vehicles,Retail Hype / Turnaround,1055.0,1082.949951171875,1052.050048828125,1068.0999755859375,1050.282470703125,15443008
2024-08-12,TMPV.NS,Tata Motors Pass Vehicles,Retail Hype / Turnaround,1065.0,1079.9000244140625,1055.0,1076.1500244140625,1058.1982421875,11311050
2024-08-13,TMPV.NS,Tata Motors Pass Vehicles,Retail Hype / Turnaround,1074.8499755859375,1075.5,1048.199951171875,1053.449951171875,1035.876953125,7508231
2024-08-14,TMPV.NS,Tata Motors Pass Vehicles,Retail Hype / Turnaround,1057.0,1067.050048828125,1047.0,1062.3499755859375,1044.62841796875,8211830
2024-08-16,TMPV.NS,Tata Motors Pass Vehicles,Retail Hype / Turnaround,1072.0,1099.949951171875,1070.0,1098.3499755859375,1080.0279541015625,11435650
2024-08-19,TMPV.NS,Tata Motors Pass Vehicles,Retail Hype / Turnaround,1105.9000244140625,1107.0,1085.0,1087.699951171875,1069.5555419921875,6911441
2024-08-20,TMPV.NS,Tata Motors Pass Vehicles,Retail Hype / Turnaround,1097.0,1098.050048828125,1082.050048828125,1086.9000244140625,1068.7689208984375,5625723
2024-08-21,TMPV.NS,Tata Motors Pass Vehicles,Retail Hype / Turnaround,1089.0,1095.300048828125,1083.300048828125,1085.199951171875,1067.0972900390625,4869876
2024-08-22,TMPV.NS,Tata Motors Pass Vehicles,Retail Hype / Turnaround,1090.0,1094.75,1064.949951171875,1068.449951171875,1050.626708984375,9377476
2024-08-23,TMPV.NS,Tata Motors Pass Vehicles,Retail Hype / Turnaround,1073.0,1092.5999755859375,1071.0,1085.1500244140625,1067.048095703125,10179655
2024-08-26,TMPV.NS,Tata Motors Pass Vehicles,Retail Hype / Turnaround,1089.0,1103.3499755859375,1082.8499755859375,1092.4000244140625,1074.17724609375,9415039
2024-08-27,TMPV.NS,Tata Motors Pass Vehicles,Retail Hype / Turnaround,1093.050048828125,1096.6500244140625,1075.0,1077.25,1059.2799072265625,8813305
2024-08-28,TMPV.NS,Tata Motors Pass Vehicles,Retail Hype / Turnaround,1082.949951171875,1088.699951171875,1070.0999755859375,1074.550048828125,1056.625,8145376
2024-08-29,TMPV.NS,Tata Motors Pass Vehicles,Retail Hype / Turnaround,1079.050048828125,1142.0,1066.0,1121.6500244140625,1102.939208984375,40658159
2024-08-30,TMPV.NS,Tata Motors Pass Vehicles,Retail Hype / Turnaround,1113.949951171875,1115.0,1097.449951171875,1111.3499755859375,1092.81103515625,17647545
2024-09-02,TMPV.NS,Tata Motors Pass Vehicles,Retail Hype / Turnaround,1105.0,1105.0,1087.3499755859375,1092.6500244140625,1074.423095703125,8116675
2024-09-03,TMPV.NS,Tata Motors Pass Vehicles,Retail Hype / Turnaround,1097.5999755859375,1100.0,1082.199951171875,1085.0999755859375,1066.9990234375,5088731
2024-09-04,TMPV.NS,Tata Motors Pass Vehicles,Retail Hype / Turnaround,1079.0,1085.0,1072.0999755859375,1080.449951171875,1062.426513671875,4665908
2024-09-05,TMPV.NS,Tata Motors Pass Vehicles,Retail Hype / Turnaround,1081.0,1085.8499755859375,1066.949951171875,1069.1500244140625,1051.3150634765625,7900593
2024-09-06,TMPV.NS,Tata Motors Pass Vehicles,Retail Hype / Turnaround,1068.800048828125,1072.949951171875,1040.5,1049.3499755859375,1031.8453369140625,8717377
2024-09-09,TMPV.NS,Tata Motors Pass Vehicles,Retail Hype / Turnaround,1049.3499755859375,1049.949951171875,1026.25,1038.699951171875,1021.3729248046875,7206054
2024-09-10,TMPV.NS,Tata Motors Pass Vehicles,Retail Hype / Turnaround,1049.0,1049.0,1032.199951171875,1035.800048828125,1018.5213623046875,6919238
2024-09-11,TMPV.NS,Tata Motors Pass Vehicles,Retail Hype / Turnaround,1000.0,1011.5499877929688,971.25,976.2999877929688,960.013916015625,36140411
2024-09-12,TMPV.NS,Tata Motors Pass Vehicles,Retail Hype / Turnaround,976.2999877929688,988.0,958.0,986.1500244140625,969.6995849609375,25675836
2024-09-13,TMPV.NS,Tata Motors Pass Vehicles,Retail Hype / Turnaround,994.9000244140625,1006.0,988.0,992.0999755859375,975.55029296875,13203676
2024-09-16,TMPV.NS,Tata Motors Pass Vehicles,Retail Hype / Turnaround,997.0,999.9000244140625,984.5,988.4000244140625,971.912109375,5836274
2024-09-17,TMPV.NS,Tata Motors Pass Vehicles,Retail Hype / Turnaround,995.0,995.0,960.0,974.9500122070312,958.6864624023438,44516613
2024-09-18,TMPV.NS,Tata Motors Pass Vehicles,Retail Hype / Turnaround,978.2000122070312,983.7000122070312,957.1500244140625,962.0499877929688,946.0015869140625,12044431
2024-09-19,TMPV.NS,Tata Motors Pass Vehicles,Retail Hype / Turnaround,970.4000244140625,978.9500122070312,956.3499755859375,967.0,950.8690185546875,13466770
2024-09-20,TMPV.NS,Tata Motors Pass Vehicles,Retail Hype / Turnaround,967.0,977.5,949.2000122070312,970.8499755859375,954.65478515625,16764981
2024-09-23,TMPV.NS,Tata Motors Pass Vehicles,Retail Hype / Turnaround,973.5,979.2000122070312,966.0499877929688,971.7999877929688,955.5889282226562,10254297
2024-09-24,TMPV.NS,Tata Motors Pass Vehicles,Retail Hype / Turnaround,974.0,985.0,972.5999755859375,977.2999877929688,960.9971923828125,12755422
2024-09-25,TMPV.NS,Tata Motors Pass Vehicles,Retail Hype / Turnaround,982.4000244140625,982.5,959.25,963.5999755859375,947.5256958007812,12959075
2024-09-26,TMPV.NS,Tata Motors Pass Vehicles,Retail Hype / Turnaround,970.7999877929688,994.9500122070312,965.5999755859375,993.1500244140625,976.5828247070312,21640021
2024-09-27,TMPV.NS,Tata Motors Pass Vehicles,Retail Hype / Turnaround,996.0,1000.4000244140625,989.1500244140625,993.0,976.4353637695312,10360030
2024-09-30,TMPV.NS,Tata Motors Pass Vehicles,Retail Hype / Turnaround,993.0,996.9500122070312,971.7999877929688,974.6500244140625,958.3914184570312,12225895
2024-10-01,TMPV.NS,Tata Motors Pass Vehicles,Retail Hype / Turnaround,976.9000244140625,984.5,958.9000244140625,965.2000122070312,949.0990600585938,10085203
2024-10-03,TMPV.NS,Tata Motors Pass Vehicles,Retail Hype / Turnaround,939.0,950.1500244140625,925.0,925.7000122070312,910.2579956054688,24418517
2024-10-04,TMPV.NS,Tata Motors Pass Vehicles,Retail Hype / Turnaround,930.0,949.2000122070312,920.0,930.75,915.2236938476562,19187758
2024-10-07,TMPV.NS,Tata Motors Pass Vehicles,Retail Hype / Turnaround,942.0,944.4500122070312,915.0,927.8499755859375,912.3720703125,11772546
2024-10-08,TMPV.NS,Tata Motors Pass Vehicles,Retail Hype / Turnaround,916.0,924.7999877929688,893.8499755859375,919.7999877929688,904.4563598632812,21177886
2024-10-09,TMPV.NS,Tata Motors Pass Vehicles,Retail Hype / Turnaround,926.7999877929688,948.4500122070312,925.5,939.1500244140625,923.483642578125,11557737
2024-10-10,TMPV.NS,Tata Motors Pass Vehicles,Retail Hype / Turnaround,933.75,943.5999755859375,912.3499755859375,928.5,913.0112915039062,13249851
2024-10-11,TMPV.NS,Tata Motors Pass Vehicles,Retail Hype / Turnaround,932.0,937.0,928.5,930.7000122070312,915.174560546875,4459529
2024-10-14,TMPV.NS,Tata Motors Pass Vehicles,Retail Hype / Turnaround,930.0,940.0,925.3499755859375,928.25,912.7654418945312,5740649
2024-10-15,TMPV.NS,Tata Motors Pass Vehicles,Retail Hype / Turnaround,932.9500122070312,935.3499755859375,913.0,917.2999877929688,901.998046875,9058919
2024-10-16,TMPV.NS,Tata Motors Pass Vehicles,Retail Hype / Turnaround,917.0499877929688,923.0,900.0,907.4500122070312,892.3124389648438,10298258
2024-10-17,TMPV.NS,Tata Motors Pass Vehicles,Retail Hype / Turnaround,914.9500122070312,914.9500122070312,890.0499877929688,891.5999755859375,876.7267456054688,13864583
2024-10-18,TMPV.NS,Tata Motors Pass Vehicles,Retail Hype / Turnaround,894.2999877929688,917.7000122070312,886.7999877929688,910.1500244140625,894.9674072265625,11527914
2024-10-21,TMPV.NS,Tata Motors Pass Vehicles,Retail Hype / Turnaround,912.0499877929688,917.6500244140625,898.0999755859375,903.2999877929688,888.2316284179688,7390557
2024-10-22,TMPV.NS,Tata Motors Pass Vehicles,Retail Hype / Turnaround,905.0,906.0999755859375,875.25,879.5,864.82861328125,13617490
2024-10-23,TMPV.NS,Tata Motors Pass Vehicles,Retail Hype / Turnaround,879.0,885.5999755859375,863.2999877929688,877.6500244140625,863.0095825195312,10553771
2024-10-24,TMPV.NS,Tata Motors Pass Vehicles,Retail Hype / Turnaround,875.25,890.0,875.25,880.0,865.3203125,7233484
2024-10-25,TMPV.NS,Tata Motors Pass Vehicles,Retail Hype / Turnaround,883.9000244140625,885.75,857.2999877929688,864.2999877929688,849.8822021484375,10873022
2024-10-28,TMPV.NS,Tata Motors Pass Vehicles,Retail Hype / Turnaround,867.8499755859375,886.75,860.2000122070312,878.4500122070312,863.7962036132812,7106045
2024-10-29,TMPV.NS,Tata Motors Pass Vehicles,Retail Hype / Turnaround,880.25,882.5,825.7000122070312,842.75,828.6917114257812,26818871
2024-10-30,TMPV.NS,Tata Motors Pass Vehicles,Retail Hype / Turnaround,846.0,853.5999755859375,838.0499877929688,840.2000122070312,826.1842651367188,12933218
2024-10-31,TMPV.NS,Tata Motors Pass Vehicles,Retail Hype / Turnaround,843.8499755859375,843.8499755859375,831.8499755859375,834.0499877929688,820.1368408203125,11904413
2024-11-01,TMPV.NS,Tata Motors Pass Vehicles,Retail Hype / Turnaround,847.9500122070312,847.9500122070312,840.0,843.4500122070312,829.3800659179688,2900548
2024-11-04,TMPV.NS,Tata Motors Pass Vehicles,Retail Hype / Turnaround,840.0,844.4500122070312,814.5,824.0999755859375,810.352783203125,15514419
2024-11-05,TMPV.NS,Tata Motors Pass Vehicles,Retail Hype / Turnaround,821.5,843.5999755859375,820.4000244140625,835.6500244140625,821.7101440429688,10215249
2024-11-06,TMPV.NS,Tata Motors Pass Vehicles,Retail Hype / Turnaround,843.9000244140625,843.9000244140625,826.0,839.7000122070312,825.6925659179688,10579596
2024-11-07,TMPV.NS,Tata Motors Pass Vehicles,Retail Hype / Turnaround,841.0,842.75,817.2999877929688,819.75,806.0753784179688,13237161
2024-11-08,TMPV.NS,Tata Motors Pass Vehicles,Retail Hype / Turnaround,821.9500122070312,822.0,801.0999755859375,805.4500122070312,792.013916015625,16072692
2024-11-11,TMPV.NS,Tata Motors Pass Vehicles,Retail Hype / Turnaround,801.0,831.4500122070312,792.0,804.7000122070312,791.2764282226562,27587619
2024-11-12,TMPV.NS,Tata Motors Pass Vehicles,Retail Hype / Turnaround,806.0,813.0999755859375,783.0499877929688,784.8499755859375,771.757568359375,16526921
2024-11-13,TMPV.NS,Tata Motors Pass Vehicles,Retail Hype / Turnaround,787.0,792.6500244140625,775.5499877929688,786.25,773.1342163085938,14674022
2024-11-14,TMPV.NS,Tata Motors Pass Vehicles,Retail Hype / Turnaround,786.5999755859375,792.0,772.0,774.2999877929688,761.383544921875,11740909
2024-11-18,TMPV.NS,Tata Motors Pass Vehicles,Retail Hype / Turnaround,778.0,781.75,759.2000122070312,771.9000244140625,759.0236206054688,17053446
2024-11-19,TMPV.NS,Tata Motors Pass Vehicles,Retail Hype / Turnaround,771.9000244140625,799.9000244140625,771.9000244140625,783.2000122070312,770.1351318359375,14012014
2024-11-21,TMPV.NS,Tata Motors Pass Vehicles,Retail Hype / Turnaround,784.9500122070312,785.9500122070312,766.25,773.8499755859375,760.9410400390625,14194678
2024-11-22,TMPV.NS,Tata Motors Pass Vehicles,Retail Hype / Turnaround,775.0,794.0,775.0,791.0,777.8049926757812,14535112
2024-11-25,TMPV.NS,Tata Motors Pass Vehicles,Retail Hype / Turnaround,808.0499877929688,810.2000122070312,793.6500244140625,796.5999755859375,783.3115234375,15194167
2024-11-26,TMPV.NS,Tata Motors Pass Vehicles,Retail Hype / Turnaround,797.1500244140625,801.7999877929688,780.1500244140625,783.0,769.9384155273438,10310838
2024-11-27,TMPV.NS,Tata Motors Pass Vehicles,Retail Hype / Turnaround,785.0499877929688,791.9000244140625,779.0999755859375,783.9500122070312,770.8726196289062,10014685
2024-11-28,TMPV.NS,Tata Motors Pass Vehicles,Retail Hype / Turnaround,783.0,792.5499877929688,778.0,779.4500122070312,766.4476318359375,10939142
2024-11-29,TMPV.NS,Tata Motors Pass Vehicles,Retail Hype / Turnaround,779.5,789.4000244140625,777.0499877929688,786.4500122070312,773.3308715820312,10358590
2024-12-02,TMPV.NS,Tata Motors Pass Vehicles,Retail Hype / Turnaround,787.2999877929688,796.75,785.0,790.0499877929688,776.870849609375,8425826
2024-12-03,TMPV.NS,Tata Motors Pass Vehicles,Retail Hype / Turnaround,795.0,806.0,790.0,801.25,787.8839721679688,9874135
2024-12-04,TMPV.NS,Tata Motors Pass Vehicles,Retail Hype / Turnaround,805.0,806.0,784.0499877929688,788.0999755859375,774.9533081054688,12392259
2024-12-05,TMPV.NS,Tata Motors Pass Vehicles,Retail Hype / Turnaround,793.0,797.5,781.0,792.5499877929688,779.3291015625,12169428
2024-12-06,TMPV.NS,Tata Motors Pass Vehicles,Retail Hype / Turnaround,793.0,818.8499755859375,785.2999877929688,816.7999877929688,803.174560546875,19716910
2024-12-09,TMPV.NS,Tata Motors Pass Vehicles,Retail Hype / Turnaround,816.7999877929688,820.3499755859375,797.0,798.75,785.4257202148438,15573233
2024-12-10,TMPV.NS,Tata Motors Pass Vehicles,Retail Hype / Turnaround,804.7999877929688,810.4500122070312,797.4500122070312,799.9000244140625,786.5565185546875,13113082
2024-12-11,TMPV.NS,Tata Motors Pass Vehicles,Retail Hype / Turnaround,802.9000244140625,806.9500122070312,798.2000122070312,799.0999755859375,785.7698364257812,7763357
2024-12-12,TMPV.NS,Tata Motors Pass Vehicles,Retail Hype / Turnaround,799.2000122070312,802.0,785.5,786.3499755859375,773.2324829101562,10602758
2024-12-13,TMPV.NS,Tata Motors Pass Vehicles,Retail Hype / Turnaround,789.0,792.5,775.0,790.2999877929688,777.1166381835938,14101869
2024-12-16,TMPV.NS,Tata Motors Pass Vehicles,Retail Hype / Turnaround,791.4000244140625,793.9500122070312,783.0,784.7999877929688,771.7083740234375,10015361
2024-12-17,TMPV.NS,Tata Motors Pass Vehicles,Retail Hype / Turnaround,785.5,796.3499755859375,778.0,779.75,766.7426147460938,10270253
2024-12-18,TMPV.NS,Tata Motors Pass Vehicles,Retail Hype / Turnaround,774.0,774.25,754.0,755.7000122070312,743.0938720703125,19085263
2024-12-19,TMPV.NS,Tata Motors Pass Vehicles,Retail Hype / Turnaround,744.4500122070312,755.7999877929688,741.4000244140625,744.0499877929688,731.6381225585938,17119599
2024-12-20,TMPV.NS,Tata Motors Pass Vehicles,Retail Hype / Turnaround,744.2999877929688,749.5499877929688,721.5,724.0499877929688,711.9718017578125,17962656
2024-12-23,TMPV.NS,Tata Motors Pass Vehicles,Retail Hype / Turnaround,733.7000122070312,734.4000244140625,717.7000122070312,722.2000122070312,710.1526489257812,9653868
2024-12-24,TMPV.NS,Tata Motors Pass Vehicles,Retail Hype / Turnaround,723.5,745.2999877929688,722.5,736.0999755859375,723.82080078125,12553555
2024-12-26,TMPV.NS,Tata Motors Pass Vehicles,Retail Hype / Turnaround,736.0999755859375,747.7999877929688,735.5499877929688,740.7999877929688,728.4423828125,9343210
2024-12-27,TMPV.NS,Tata Motors Pass Vehicles,Retail Hype / Turnaround,749.0,766.8499755859375,745.7000122070312,750.5,737.9805908203125,15835079
2024-12-30,TMPV.NS,Tata Motors Pass Vehicles,Retail Hype / Turnaround,753.9000244140625,754.9000244140625,730.7000122070312,733.6500244140625,721.4116821289062,17441198
2024-12-31,TMPV.NS,Tata Motors Pass Vehicles,Retail Hype / Turnaround,733.6500244140625,743.4000244140625,732.75,740.1500244140625,727.8032836914062,7092699
2025-01-01,TMPV.NS,Tata Motors Pass Vehicles,Retail Hype / Turnaround,740.4500122070312,751.0999755859375,736.0,749.25,736.7514038085938,7792251
2025-01-02,TMPV.NS,Tata Motors Pass Vehicles,Retail Hype / Turnaround,759.2999877929688,767.3499755859375,749.3499755859375,765.0499877929688,752.287841796875,15294572
2025-01-03,TMPV.NS,Tata Motors Pass Vehicles,Retail Hype / Turnaround,768.0,800.5999755859375,761.4500122070312,790.4000244140625,777.2149658203125,24773025
2025-01-06,TMPV.NS,Tata Motors Pass Vehicles,Retail Hype / Turnaround,797.7000122070312,797.7000122070312,765.2999877929688,776.25,763.301025390625,16948151
2025-01-07,TMPV.NS,Tata Motors Pass Vehicles,Retail Hype / Turnaround,776.0,796.9500122070312,772.5,793.25,780.0173950195312,15547971
2025-01-08,TMPV.NS,Tata Motors Pass Vehicles,Retail Hype / Turnaround,792.5999755859375,797.0,781.6500244140625,794.9500122070312,781.6890869140625,11861066
2025-01-09,TMPV.NS,Tata Motors Pass Vehicles,Retail Hype / Turnaround,800.0,810.0,769.4500122070312,780.0999755859375,767.0867919921875,17948464
2025-01-10,TMPV.NS,Tata Motors Pass Vehicles,Retail Hype / Turnaround,780.0499877929688,787.9500122070312,766.7999877929688,774.6500244140625,761.7277221679688,11144005
2025-01-13,TMPV.NS,Tata Motors Pass Vehicles,Retail Hype / Turnaround,769.0,773.5499877929688,748.7999877929688,751.0,738.4722290039062,12230175
2025-01-14,TMPV.NS,Tata Motors Pass Vehicles,Retail Hype / Turnaround,751.5,779.0,751.5,770.5,757.64697265625,11377053
2025-01-15,TMPV.NS,Tata Motors Pass Vehicles,Retail Hype / Turnaround,771.0,785.0,756.0499877929688,763.5999755859375,750.8619995117188,10500910
2025-01-16,TMPV.NS,Tata Motors Pass Vehicles,Retail Hype / Turnaround,769.9000244140625,781.0,767.3499755859375,774.3499755859375,761.4326782226562,8680163
2025-01-17,TMPV.NS,Tata Motors Pass Vehicles,Retail Hype / Turnaround,773.9000244140625,785.5,772.25,779.75,766.7426147460938,7007239
2025-01-20,TMPV.NS,Tata Motors Pass Vehicles,Retail Hype / Turnaround,780.0,783.0,767.0,774.3499755859375,761.4326782226562,9956101
2025-01-21,TMPV.NS,Tata Motors Pass Vehicles,Retail Hype / Turnaround,775.0,786.6500244140625,758.4000244140625,760.75,748.0595703125,11657178
2025-01-22,TMPV.NS,Tata Motors Pass Vehicles,Retail Hype / Turnaround,764.1500244140625,765.4500122070312,731.0,742.75,730.35986328125,12418474
2025-01-23,TMPV.NS,Tata Motors Pass Vehicles,Retail Hype / Turnaround,742.75,759.7000122070312,739.7999877929688,752.5,739.9472045898438,7916689
2025-01-24,TMPV.NS,Tata Motors Pass Vehicles,Retail Hype / Turnaround,750.0499877929688,754.1500244140625,732.2000122070312,734.0999755859375,721.8541259765625,9513166
2025-01-27,TMPV.NS,Tata Motors Pass Vehicles,Retail Hype / Turnaround,732.9500122070312,732.9500122070312,709.2999877929688,713.0499877929688,701.1552734375,14123990
2025-01-28,TMPV.NS,Tata Motors Pass Vehicles,Retail Hype / Turnaround,716.5,740.8499755859375,707.5,728.25,716.1017456054688,16104653
2025-01-29,TMPV.NS,Tata Motors Pass Vehicles,Retail Hype / Turnaround,731.5,755.0,726.5499877929688,752.5,739.9472045898438,12461404
2025-01-30,TMPV.NS,Tata Motors Pass Vehicles,Retail Hype / Turnaround,709.0,710.7000122070312,683.2000122070312,696.8499755859375,685.2254638671875,59390998
2025-01-31,TMPV.NS,Tata Motors Pass Vehicles,Retail Hype / Turnaround,706.0,717.0,696.4500122070312,716.0999755859375,704.1543579101562,19157717
2025-02-01,TMPV.NS,Tata Motors Pass Vehicles,Retail Hype / Turnaround,719.5,724.75,700.9000244140625,706.5499877929688,694.7637329101562,14087493
2025-02-03,TMPV.NS,Tata Motors Pass Vehicles,Retail Hype / Turnaround,700.0,700.0,686.0,687.4500122070312,675.9823608398438,17806760
2025-02-04,TMPV.NS,Tata Motors Pass Vehicles,Retail Hype / Turnaround,696.2999877929688,713.3499755859375,693.75,710.5499877929688,698.697021484375,16792005
2025-02-05,TMPV.NS,Tata Motors Pass Vehicles,Retail Hype / Turnaround,711.0,725.4500122070312,710.7000122070312,717.0499877929688,705.0885009765625,12907325
2025-02-06,TMPV.NS,Tata Motors Pass Vehicles,Retail Hype / Turnaround,723.0,723.4000244140625,708.1500244140625,709.6500244140625,697.81201171875,10016927
2025-02-07,TMPV.NS,Tata Motors Pass Vehicles,Retail Hype / Turnaround,711.0,715.9500122070312,703.0999755859375,706.75,694.9603881835938,12259132
2025-02-10,TMPV.NS,Tata Motors Pass Vehicles,Retail Hype / Turnaround,709.75,709.9000244140625,693.0499877929688,696.0,684.3897094726562,10981963
2025-02-11,TMPV.NS,Tata Motors Pass Vehicles,Retail Hype / Turnaround,696.0,697.0,675.0999755859375,677.75,666.4441528320312,11939990
2025-02-12,TMPV.NS,Tata Motors Pass Vehicles,Retail Hype / Turnaround,680.0,687.5499877929688,667.0499877929688,684.3499755859375,672.9340209960938,12312424
2025-02-13,TMPV.NS,Tata Motors Pass Vehicles,Retail Hype / Turnaround,684.3499755859375,693.1500244140625,679.3499755859375,683.8499755859375,672.4423217773438,8490769
2025-02-14,TMPV.NS,Tata Motors Pass Vehicles,Retail Hype / Turnaround,685.9500122070312,690.9500122070312,669.1500244140625,680.6500244140625,669.2957763671875,9968127
2025-02-17,TMPV.NS,Tata Motors Pass Vehicles,Retail Hype / Turnaround,678.0,690.7000122070312,667.0499877929688,686.5999755859375,675.146484375,10313575
2025-02-18,TMPV.NS,Tata Motors Pass Vehicles,Retail Hype / Turnaround,686.5999755859375,687.9500122070312,672.1500244140625,682.4000244140625,671.0166015625,7810143
2025-02-19,TMPV.NS,Tata Motors Pass Vehicles,Retail Hype / Turnaround,681.75,690.9500122070312,675.0499877929688,681.0,669.6399536132812,9986815
2025-02-20,TMPV.NS,Tata Motors Pass Vehicles,Retail Hype / Turnaround,680.0,692.8499755859375,675.0,689.7999877929688,678.2930908203125,8673335
2025-02-21,TMPV.NS,Tata Motors Pass Vehicles,Retail Hype / Turnaround,686.0,690.0,671.0999755859375,673.2000122070312,661.9700317382812,14577524
2025-02-24,TMPV.NS,Tata Motors Pass Vehicles,Retail Hype / Turnaround,670.0,676.5999755859375,666.0,668.25,657.1026000976562,8861769
2025-02-25,TMPV.NS,Tata Motors Pass Vehicles,Retail Hype / Turnaround,667.75,672.5,660.0,661.5999755859375,650.5635375976562,10251257
2025-02-27,TMPV.NS,Tata Motors Pass Vehicles,Retail Hype / Turnaround,662.0,665.0,645.6500244140625,648.5499877929688,637.7312622070312,12281857
2025-02-28,TMPV.NS,Tata Motors Pass Vehicles,Retail Hype / Turnaround,645.0,645.0,618.4500122070312,620.6500244140625,610.296630859375,20477619
2025-03-03,TMPV.NS,Tata Motors Pass Vehicles,Retail Hype / Turnaround,620.6500244140625,626.8499755859375,606.2999877929688,621.1500244140625,610.788330078125,18362700
2025-03-04,TMPV.NS,Tata Motors Pass Vehicles,Retail Hype / Turnaround,613.4500122070312,629.1500244140625,613.0,619.2000122070312,608.870849609375,11878225
2025-03-05,TMPV.NS,Tata Motors Pass Vehicles,Retail Hype / Turnaround,619.0,641.5999755859375,618.5999755859375,640.7999877929688,630.1104736328125,12373061
2025-03-06,TMPV.NS,Tata Motors Pass Vehicles,Retail Hype / Turnaround,653.25,655.9500122070312,635.5999755859375,639.6500244140625,628.979736328125,16991501
2025-03-07,TMPV.NS,Tata Motors Pass Vehicles,Retail Hype / Turnaround,640.0,651.5,635.0,648.2999877929688,637.4853515625,10123450
2025-03-10,TMPV.NS,Tata Motors Pass Vehicles,Retail Hype / Turnaround,648.2999877929688,654.25,643.3499755859375,648.1500244140625,637.3379516601562,10309166
2025-03-11,TMPV.NS,Tata Motors Pass Vehicles,Retail Hype / Turnaround,640.0,651.1500244140625,638.4500122070312,648.0499877929688,637.2395629882812,9534750
2025-03-12,TMPV.NS,Tata Motors Pass Vehicles,Retail Hype / Turnaround,654.5,671.9000244140625,652.25,668.2999877929688,657.1517944335938,18732785
2025-03-13,TMPV.NS,Tata Motors Pass Vehicles,Retail Hype / Turnaround,670.6500244140625,671.8499755859375,649.5999755859375,655.5,644.5653076171875,14004345
2025-03-17,TMPV.NS,Tata Motors Pass Vehicles,Retail Hype / Turnaround,665.0499877929688,666.4500122070312,657.4500122070312,661.0499877929688,650.022705078125,9174398
2025-03-18,TMPV.NS,Tata Motors Pass Vehicles,Retail Hype / Turnaround,661.0499877929688,661.0499877929688,661.0499877929688,661.0499877929688,650.022705078125,0
2025-03-19,TMPV.NS,Tata Motors Pass Vehicles,Retail Hype / Turnaround,685.4000244140625,685.75,678.5499877929688,682.25,670.8690795898438,9338414
2025-03-20,TMPV.NS,Tata Motors Pass Vehicles,Retail Hype / Turnaround,685.0,692.7000122070312,679.0,690.0499877929688,678.5389404296875,9712600
2025-03-21,TMPV.NS,Tata Motors Pass Vehicles,Retail Hype / Turnaround,693.0,705.0,688.5499877929688,702.9500122070312,691.2237548828125,14823483
2025-03-24,TMPV.NS,Tata Motors Pass Vehicles,Retail Hype / Turnaround,710.0,717.5,702.0499877929688,713.5,701.5977783203125,11671359
2025-03-25,TMPV.NS,Tata Motors Pass Vehicles,Retail Hype / Turnaround,719.0,723.0499877929688,706.3499755859375,710.2999877929688,698.4511108398438,13617465
2025-03-26,TMPV.NS,Tata Motors Pass Vehicles,Retail Hype / Turnaround,710.2999877929688,717.8499755859375,707.0,708.25,696.4353637695312,9363180
2025-03-27,TMPV.NS,Tata Motors Pass Vehicles,Retail Hype / Turnaround,668.0,676.5999755859375,661.0999755859375,668.5499877929688,657.3975830078125,34238666
2025-03-28,TMPV.NS,Tata Motors Pass Vehicles,Retail Hype / Turnaround,671.8499755859375,684.9500122070312,669.2999877929688,674.4500122070312,663.19921875,16013687
2025-04-01,TMPV.NS,Tata Motors Pass Vehicles,Retail Hype / Turnaround,670.5499877929688,681.8499755859375,665.75,671.8499755859375,660.6425170898438,9594669
2025-04-02,TMPV.NS,Tata Motors Pass Vehicles,Retail Hype / Turnaround,674.9500122070312,675.3499755859375,662.0999755859375,671.9000244140625,660.6917114257812,8025225
2025-04-03,TMPV.NS,Tata Motors Pass Vehicles,Retail Hype / Turnaround,660.0,669.0,652.5,653.9500122070312,643.0411987304688,13473832
2025-04-04,TMPV.NS,Tata Motors Pass Vehicles,Retail Hype / Turnaround,650.0,650.0,610.0,613.8499755859375,603.6100463867188,26621179
2025-04-07,TMPV.NS,Tata Motors Pass Vehicles,Retail Hype / Turnaround,560.5,582.0,535.75,579.75,570.0789184570312,49463598
2025-04-08,TMPV.NS,Tata Motors Pass Vehicles,Retail Hype / Turnaround,591.2000122070312,606.5999755859375,584.2000122070312,588.8499755859375,579.027099609375,20987855
2025-04-09,TMPV.NS,Tata Motors Pass Vehicles,Retail Hype / Turnaround,588.0,594.9000244140625,581.0499877929688,582.9000244140625,573.1763916015625,17483412
2025-04-11,TMPV.NS,Tata Motors Pass Vehicles,Retail Hype / Turnaround,610.0,612.7999877929688,591.0,595.0499877929688,585.1236572265625,21055814
2025-04-15,TMPV.NS,Tata Motors Pass Vehicles,Retail Hype / Turnaround,614.0,628.2999877929688,612.6500244140625,622.2000122070312,611.82080078125,19722072
2025-04-16,TMPV.NS,Tata Motors Pass Vehicles,Retail Hype / Turnaround,625.0,625.0,613.5999755859375,616.0499877929688,605.7733764648438,12318376
2025-04-17,TMPV.NS,Tata Motors Pass Vehicles,Retail Hype / Turnaround,616.0499877929688,627.0,608.25,621.5499877929688,611.181640625,14342652
2025-04-21,TMPV.NS,Tata Motors Pass Vehicles,Retail Hype / Turnaround,624.5999755859375,635.75,620.2000122070312,630.0499877929688,619.539794921875,12785568
2025-04-22,TMPV.NS,Tata Motors Pass Vehicles,Retail Hype / Turnaround,630.25,633.9500122070312,626.2000122070312,630.8499755859375,620.3264770507812,10292748
2025-04-23,TMPV.NS,Tata Motors Pass Vehicles,Retail Hype / Turnaround,635.9500122070312,661.5,633.3499755859375,659.9000244140625,648.8919677734375,23390570
2025-04-24,TMPV.NS,Tata Motors Pass Vehicles,Retail Hype / Turnaround,660.0999755859375,671.0,660.0999755859375,668.3499755859375,657.200927734375,15172229
2025-04-25,TMPV.NS,Tata Motors Pass Vehicles,Retail Hype / Turnaround,668.3499755859375,673.0,651.5,655.25,644.3195190429688,13207043
2025-04-28,TMPV.NS,Tata Motors Pass Vehicles,Retail Hype / Turnaround,654.2999877929688,669.5999755859375,652.5499877929688,668.1500244140625,657.0043334960938,10243493
2025-04-29,TMPV.NS,Tata Motors Pass Vehicles,Retail Hype / Turnaround,671.4500122070312,682.9000244140625,661.5999755859375,665.5999755859375,654.4967651367188,13754685
2025-04-30,TMPV.NS,Tata Motors Pass Vehicles,Retail Hype / Turnaround,667.0,667.0,641.0999755859375,644.25,633.5029296875,19485917
2025-05-02,TMPV.NS,Tata Motors Pass Vehicles,Retail Hype / Turnaround,641.0,661.3499755859375,635.5499877929688,649.0999755859375,638.2720947265625,11488717
2025-05-05,TMPV.NS,Tata Motors Pass Vehicles,Retail Hype / Turnaround,662.9500122070312,666.6500244140625,655.8499755859375,661.5499877929688,650.5143432617188,8868484
2025-05-06,TMPV.NS,Tata Motors Pass Vehicles,Retail Hype / Turnaround,661.5499877929688,663.2000122070312,645.5,648.2000122070312,637.3870849609375,12718175
2025-05-07,TMPV.NS,Tata Motors Pass Vehicles,Retail Hype / Turnaround,642.0,682.5,641.1500244140625,680.2999877929688,668.9515991210938,30390515
2025-05-08,TMPV.NS,Tata Motors Pass Vehicles,Retail Hype / Turnaround,700.0,704.5,677.2000122070312,682.8499755859375,671.4590454101562,29315465
2025-05-09,TMPV.NS,Tata Motors Pass Vehicles,Retail Hype / Turnaround,667.5,711.0,666.0,708.5,696.6812133789062,40183276
2025-05-12,TMPV.NS,Tata Motors Pass Vehicles,Retail Hype / Turnaround,728.0,732.0,711.2000122070312,720.7999877929688,708.7760009765625,20133616
2025-05-13,TMPV.NS,Tata Motors Pass Vehicles,Retail Hype / Turnaround,720.7999877929688,726.0,703.25,707.7000122070312,695.8945922851562,16125700
2025-05-14,TMPV.NS,Tata Motors Pass Vehicles,Retail Hype / Turnaround,690.0,708.0,686.0,698.9500122070312,687.29052734375,31505402
2025-05-15,TMPV.NS,Tata Motors Pass Vehicles,Retail Hype / Turnaround,698.75,729.7999877929688,696.1500244140625,728.0999755859375,715.9542236328125,28634074
2025-05-16,TMPV.NS,Tata Motors Pass Vehicles,Retail Hype / Turnaround,730.0,742.0,725.5499877929688,730.7000122070312,718.5108642578125,20631512
2025-05-19,TMPV.NS,Tata Motors Pass Vehicles,Retail Hype / Turnaround,732.0,738.0999755859375,728.0,729.5,717.3308715820312,10460217
2025-05-20,TMPV.NS,Tata Motors Pass Vehicles,Retail Hype / Turnaround,730.0,737.75,717.0,718.9000244140625,706.90771484375,14472506
2025-05-21,TMPV.NS,Tata Motors Pass Vehicles,Retail Hype / Turnaround,719.0,729.5,718.0,726.7999877929688,714.6759033203125,8998596
2025-05-22,TMPV.NS,Tata Motors Pass Vehicles,Retail Hype / Turnaround,725.0,725.0,710.6500244140625,717.4500122070312,705.4818725585938,10046820
2025-05-23,TMPV.NS,Tata Motors Pass Vehicles,Retail Hype / Turnaround,718.75,721.7999877929688,715.0,718.25,706.2685546875,7915166
2025-05-26,TMPV.NS,Tata Motors Pass Vehicles,Retail Hype / Turnaround,722.0,738.0,721.2000122070312,729.0,716.8392333984375,13017400
2025-05-27,TMPV.NS,Tata Motors Pass Vehicles,Retail Hype / Turnaround,729.0,729.3499755859375,715.2000122070312,716.4500122070312,704.4985961914062,12223125
2025-05-28,TMPV.NS,Tata Motors Pass Vehicles,Retail Hype / Turnaround,720.0,722.0,716.2000122070312,717.9500122070312,705.9735717773438,7568961
2025-05-29,TMPV.NS,Tata Motors Pass Vehicles,Retail Hype / Turnaround,724.5,728.7000122070312,720.0,724.4500122070312,712.3651123046875,8838921
2025-05-30,TMPV.NS,Tata Motors Pass Vehicles,Retail Hype / Turnaround,724.4500122070312,728.5499877929688,712.5,719.5,707.4976806640625,14533919
2025-06-02,TMPV.NS,Tata Motors Pass Vehicles,Retail Hype / Turnaround,717.0,719.0,707.4000244140625,711.5999755859375,699.7294311523438,9712446
2025-06-03,TMPV.NS,Tata Motors Pass Vehicles,Retail Hype / Turnaround,715.0,718.3499755859375,702.2999877929688,703.8499755859375,692.1087646484375,9161608
2025-06-04,TMPV.NS,Tata Motors Pass Vehicles,Retail Hype / Turnaround,701.7999877929688,715.4500122070312,698.4000244140625,709.1500244140625,703.3157958984375,11287991
2025-06-05,TMPV.NS,Tata Motors Pass Vehicles,Retail Hype / Turnaround,712.7999877929688,714.4500122070312,704.0,710.1500244140625,704.3075561523438,10203331
2025-06-06,TMPV.NS,Tata Motors Pass Vehicles,Retail Hype / Turnaround,710.0,715.9000244140625,701.2000122070312,711.0,705.1505737304688,11975812
2025-06-09,TMPV.NS,Tata Motors Pass Vehicles,Retail Hype / Turnaround,715.0,726.0,713.0999755859375,717.7999877929688,711.8945922851562,9900412
2025-06-10,TMPV.NS,Tata Motors Pass Vehicles,Retail Hype / Turnaround,721.0,734.75,715.3499755859375,732.25,726.2257690429688,19151889
2025-06-11,TMPV.NS,Tata Motors Pass Vehicles,Retail Hype / Turnaround,734.9500122070312,744.0,730.1500244140625,736.4000244140625,730.3416137695312,12626754
2025-06-12,TMPV.NS,Tata Motors Pass Vehicles,Retail Hype / Turnaround,737.0,737.7000122070312,711.25,715.3499755859375,709.4647827148438,12585149
2025-06-13,TMPV.NS,Tata Motors Pass Vehicles,Retail Hype / Turnaround,700.0,714.9500122070312,698.2999877929688,712.0499877929688,706.19189453125,10516625
2025-06-16,TMPV.NS,Tata Motors Pass Vehicles,Retail Hype / Turnaround,711.0,714.0,672.9500122070312,686.6500244140625,681.0009155273438,31246328
2025-06-17,TMPV.NS,Tata Motors Pass Vehicles,Retail Hype / Turnaround,686.0999755859375,686.1500244140625,672.0,674.75,669.1987915039062,17112867
2025-06-18,TMPV.NS,Tata Motors Pass Vehicles,Retail Hype / Turnaround,671.8499755859375,679.3499755859375,668.0,670.25,664.73583984375,12556088
2025-06-19,TMPV.NS,Tata Motors Pass Vehicles,Retail Hype / Turnaround,670.25,676.2999877929688,666.6500244140625,672.2999877929688,666.7689208984375,10895470
2025-06-20,TMPV.NS,Tata Motors Pass Vehicles,Retail Hype / Turnaround,673.4000244140625,678.7999877929688,670.0999755859375,676.2000122070312,670.6369018554688,11393470
2025-06-23,TMPV.NS,Tata Motors Pass Vehicles,Retail Hype / Turnaround,670.0,676.0,666.0999755859375,671.25,665.7276000976562,10265601
2025-06-24,TMPV.NS,Tata Motors Pass Vehicles,Retail Hype / Turnaround,678.0,686.5,672.0,673.6500244140625,668.1078491210938,15359947
2025-06-25,TMPV.NS,Tata Motors Pass Vehicles,Retail Hype / Turnaround,676.0,679.0,673.4500122070312,674.5,668.9508666992188,10456015
2025-06-26,TMPV.NS,Tata Motors Pass Vehicles,Retail Hype / Turnaround,677.0,683.7000122070312,674.4500122070312,682.75,677.1329956054688,10104914
2025-06-27,TMPV.NS,Tata Motors Pass Vehicles,Retail Hype / Turnaround,685.0,691.4500122070312,683.0,686.9000244140625,681.2488403320312,7198028
2025-06-30,TMPV.NS,Tata Motors Pass Vehicles,Retail Hype / Turnaround,688.9000244140625,691.9000244140625,685.0,688.0,682.3397827148438,6960104
2025-07-01,TMPV.NS,Tata Motors Pass Vehicles,Retail Hype / Turnaround,691.0999755859375,693.8499755859375,680.4000244140625,683.7999877929688,678.17431640625,6866073
2025-07-02,TMPV.NS,Tata Motors Pass Vehicles,Retail Hype / Turnaround,683.7999877929688,692.4500122070312,680.6500244140625,688.5499877929688,682.88525390625,8034013
2025-07-03,TMPV.NS,Tata Motors Pass Vehicles,Retail Hype / Turnaround,693.8499755859375,696.9500122070312,688.5,690.4000244140625,684.7200927734375,9668110
2025-07-04,TMPV.NS,Tata Motors Pass Vehicles,Retail Hype / Turnaround,691.0,692.8499755859375,686.3499755859375,689.0499877929688,683.3811645507812,4942900
2025-07-07,TMPV.NS,Tata Motors Pass Vehicles,Retail Hype / Turnaround,689.0499877929688,691.9500122070312,683.3499755859375,688.8499755859375,683.1828002929688,5428220
2025-07-08,TMPV.NS,Tata Motors Pass Vehicles,Retail Hype / Turnaround,693.0,696.9500122070312,687.5,693.2000122070312,687.4970092773438,7615926
2025-07-09,TMPV.NS,Tata Motors Pass Vehicles,Retail Hype / Turnaround,688.9500122070312,695.5,688.5,692.7999877929688,687.1002807617188,5478813
2025-07-10,TMPV.NS,Tata Motors Pass Vehicles,Retail Hype / Turnaround,692.0,696.75,685.0,695.5999755859375,689.8772583007812,7733963
2025-07-11,TMPV.NS,Tata Motors Pass Vehicles,Retail Hype / Turnaround,692.9500122070312,698.4000244140625,677.0499877929688,681.7999877929688,676.1907958984375,8280654
2025-07-14,TMPV.NS,Tata Motors Pass Vehicles,Retail Hype / Turnaround,681.0,681.0,672.0,674.5,668.9508666992188,7748550
2025-07-15,TMPV.NS,Tata Motors Pass Vehicles,Retail Hype / Turnaround,676.0,685.9500122070312,674.2999877929688,684.4000244140625,678.7694091796875,7041706
2025-07-16,TMPV.NS,Tata Motors Pass Vehicles,Retail Hype / Turnaround,684.4000244140625,684.4000244140625,676.3499755859375,679.0,673.413818359375,6244205
2025-07-17,TMPV.NS,Tata Motors Pass Vehicles,Retail Hype / Turnaround,679.0,686.9000244140625,678.1500244140625,681.7000122070312,676.0916137695312,6598144
2025-07-18,TMPV.NS,Tata Motors Pass Vehicles,Retail Hype / Turnaround,683.2000122070312,686.0,678.0,680.25,674.653564453125,5558670
2025-07-21,TMPV.NS,Tata Motors Pass Vehicles,Retail Hype / Turnaround,680.5,688.5,671.25,687.4500122070312,681.7943115234375,6731863
2025-07-22,TMPV.NS,Tata Motors Pass Vehicles,Retail Hype / Turnaround,688.0,688.8499755859375,672.3499755859375,673.4000244140625,667.8599243164062,7749518
2025-07-23,TMPV.NS,Tata Motors Pass Vehicles,Retail Hype / Turnaround,676.7000122070312,693.0999755859375,676.25,690.0999755859375,684.4224853515625,14460727
2025-07-24,TMPV.NS,Tata Motors Pass Vehicles,Retail Hype / Turnaround,692.7000122070312,706.5,692.2999877929688,700.5,694.7369384765625,15197664
2025-07-25,TMPV.NS,Tata Motors Pass Vehicles,Retail Hype / Turnaround,701.0,702.4500122070312,684.7000122070312,687.4000244140625,681.7447509765625,7271718
2025-07-28,TMPV.NS,Tata Motors Pass Vehicles,Retail Hype / Turnaround,690.7000122070312,700.5,681.4000244140625,682.9000244140625,677.2817993164062,7788718
2025-07-29,TMPV.NS,Tata Motors Pass Vehicles,Retail Hype / Turnaround,681.9000244140625,694.0,680.5999755859375,692.3499755859375,686.6539916992188,6239871
2025-07-30,TMPV.NS,Tata Motors Pass Vehicles,Retail Hype / Turnaround,690.0,690.0,665.25,668.4500122070312,662.9506225585938,18923129
2025-07-31,TMPV.NS,Tata Motors Pass Vehicles,Retail Hype / Turnaround,659.8499755859375,673.4000244140625,652.3499755859375,665.9500122070312,660.47119140625,18723710
2025-08-01,TMPV.NS,Tata Motors Pass Vehicles,Retail Hype / Turnaround,667.9500122070312,667.9500122070312,647.0,648.8499755859375,643.5118408203125,12546169
2025-08-04,TMPV.NS,Tata Motors Pass Vehicles,Retail Hype / Turnaround,650.0499877929688,656.7999877929688,646.0,653.5999755859375,648.2227783203125,8033881
2025-08-05,TMPV.NS,Tata Motors Pass Vehicles,Retail Hype / Turnaround,655.9500122070312,658.9000244140625,650.5499877929688,654.5999755859375,649.2145385742188,6714804
2025-08-06,TMPV.NS,Tata Motors Pass Vehicles,Retail Hype / Turnaround,655.0,658.0,650.4000244140625,652.8499755859375,647.4789428710938,6410830
2025-08-07,TMPV.NS,Tata Motors Pass Vehicles,Retail Hype / Turnaround,650.0,651.7000122070312,635.5,646.5,641.1812133789062,13609913
2025-08-08,TMPV.NS,Tata Motors Pass Vehicles,Retail Hype / Turnaround,647.9500122070312,652.9500122070312,630.0,633.7000122070312,628.4865112304688,10144452
2025-08-11,TMPV.NS,Tata Motors Pass Vehicles,Retail Hype / Turnaround,636.2000122070312,655.0,627.0999755859375,653.75,648.37158203125,17275390
2025-08-12,TMPV.NS,Tata Motors Pass Vehicles,Retail Hype / Turnaround,651.0999755859375,660.9500122070312,650.7999877929688,654.0999755859375,648.7186889648438,11212223
2025-08-13,TMPV.NS,Tata Motors Pass Vehicles,Retail Hype / Turnaround,657.2000122070312,667.0,656.6500244140625,663.75,658.289306640625,7557556
2025-08-14,TMPV.NS,Tata Motors Pass Vehicles,Retail Hype / Turnaround,666.0,666.5499877929688,657.7000122070312,664.5999755859375,659.1322631835938,6250494
2025-08-18,TMPV.NS,Tata Motors Pass Vehicles,Retail Hype / Turnaround,677.0,685.0,672.9000244140625,676.0,670.4385375976562,14226172
2025-08-19,TMPV.NS,Tata Motors Pass Vehicles,Retail Hype / Turnaround,676.75,703.3499755859375,673.0999755859375,700.25,694.489013671875,19440384
2025-08-20,TMPV.NS,Tata Motors Pass Vehicles,Retail Hype / Turnaround,700.25,700.7999877929688,689.0,689.5999755859375,683.9265747070312,10050137
2025-08-21,TMPV.NS,Tata Motors Pass Vehicles,Retail Hype / Turnaround,694.0,694.9500122070312,685.0,685.4000244140625,679.76123046875,8432614
2025-08-22,TMPV.NS,Tata Motors Pass Vehicles,Retail Hype / Turnaround,685.9000244140625,691.5,678.5999755859375,680.2999877929688,674.703125,6429718
2025-08-25,TMPV.NS,Tata Motors Pass Vehicles,Retail Hype / Turnaround,683.75,688.9000244140625,680.2999877929688,686.7999877929688,681.149658203125,6429311
2025-08-26,TMPV.NS,Tata Motors Pass Vehicles,Retail Hype / Turnaround,686.7999877929688,686.9500122070312,678.2999877929688,681.6500244140625,676.0420532226562,7496633
2025-08-28,TMPV.NS,Tata Motors Pass Vehicles,Retail Hype / Turnaround,679.9000244140625,680.9000244140625,667.7999877929688,675.4500122070312,669.89306640625,9466045
2025-08-29,TMPV.NS,Tata Motors Pass Vehicles,Retail Hype / Turnaround,675.4500122070312,681.1500244140625,668.0,669.0,663.49609375,8201917
2025-09-01,TMPV.NS,Tata Motors Pass Vehicles,Retail Hype / Turnaround,671.2999877929688,691.5,670.5499877929688,690.1500244140625,684.4721069335938,7644947
2025-09-02,TMPV.NS,Tata Motors Pass Vehicles,Retail Hype / Turnaround,690.1500244140625,694.6500244140625,681.6500244140625,684.4000244140625,678.7694091796875,7854694
2025-09-03,TMPV.NS,Tata Motors Pass Vehicles,Retail Hype / Turnaround,688.0,693.4500122070312,685.0,692.0499877929688,686.3564453125,6094892
2025-09-04,TMPV.NS,Tata Motors Pass Vehicles,Retail Hype / Turnaround,705.9000244140625,706.3499755859375,685.7000122070312,687.5,681.8439331054688,13439418
2025-09-05,TMPV.NS,Tata Motors Pass Vehicles,Retail Hype / Turnaround,690.9000244140625,697.3499755859375,683.0999755859375,691.7000122070312,686.0093383789062,6692975
2025-09-08,TMPV.NS,Tata Motors Pass Vehicles,Retail Hype / Turnaround,695.0,722.0,694.0499877929688,719.5,713.5806274414062,20531027
2025-09-09,TMPV.NS,Tata Motors Pass Vehicles,Retail Hype / Turnaround,721.1500244140625,722.25,713.5,715.5499877929688,709.6631469726562,9409853
2025-09-10,TMPV.NS,Tata Motors Pass Vehicles,Retail Hype / Turnaround,717.6500244140625,720.0,702.7000122070312,709.0999755859375,703.2661743164062,10363493
2025-09-11,TMPV.NS,Tata Motors Pass Vehicles,Retail Hype / Turnaround,710.2000122070312,712.0,704.5499877929688,705.8499755859375,700.0429077148438,5530633
2025-09-12,TMPV.NS,Tata Motors Pass Vehicles,Retail Hype / Turnaround,708.0,718.9000244140625,707.3499755859375,715.25,709.3656005859375,8252416
2025-09-15,TMPV.NS,Tata Motors Pass Vehicles,Retail Hype / Turnaround,715.2999877929688,721.9500122070312,711.5499877929688,712.9000244140625,707.0349731445312,6007524
2025-09-16,TMPV.NS,Tata Motors Pass Vehicles,Retail Hype / Turnaround,715.0,719.7000122070312,705.0,713.25,707.382080078125,9765743
2025-09-17,TMPV.NS,Tata Motors Pass Vehicles,Retail Hype / Turnaround,715.0,722.9500122070312,714.2999877929688,719.1500244140625,713.2335205078125,11872451
2025-09-18,TMPV.NS,Tata Motors Pass Vehicles,Retail Hype / Turnaround,722.0,725.25,707.5999755859375,711.2000122070312,705.3489379882812,12199357
2025-09-19,TMPV.NS,Tata Motors Pass Vehicles,Retail Hype / Turnaround,713.5,713.5,704.9500122070312,707.4500122070312,701.6297607421875,12127319
2025-09-22,TMPV.NS,Tata Motors Pass Vehicles,Retail Hype / Turnaround,709.0,712.0,694.8499755859375,696.25,690.5219116210938,9688597
2025-09-23,TMPV.NS,Tata Motors Pass Vehicles,Retail Hype / Turnaround,701.7999877929688,707.7999877929688,697.0,701.3499755859375,695.5799560546875,11904667
2025-09-24,TMPV.NS,Tata Motors Pass Vehicles,Retail Hype / Turnaround,700.5,703.2999877929688,681.2999877929688,682.9500122070312,677.3313598632812,13252215
2025-09-25,TMPV.NS,Tata Motors Pass Vehicles,Retail Hype / Turnaround,669.9000244140625,675.0,655.2999877929688,664.2999877929688,658.8347778320312,24687611
2025-09-26,TMPV.NS,Tata Motors Pass Vehicles,Retail Hype / Turnaround,666.0,680.3499755859375,662.3499755859375,672.9000244140625,667.364013671875,15780434
2025-09-29,TMPV.NS,Tata Motors Pass Vehicles,Retail Hype / Turnaround,684.0,685.0,670.0,672.5,666.96728515625,13014474
2025-09-30,TMPV.NS,Tata Motors Pass Vehicles,Retail Hype / Turnaround,672.0,683.5,666.6500244140625,680.2000122070312,674.6039428710938,15001606
2025-10-01,TMPV.NS,Tata Motors Pass Vehicles,Retail Hype / Turnaround,681.0,720.0,679.2000122070312,718.3499755859375,712.4400634765625,30163206
2025-10-03,TMPV.NS,Tata Motors Pass Vehicles,Retail Hype / Turnaround,718.5,739.7000122070312,715.0,716.0999755859375,710.2085571289062,27786917
2025-10-06,TMPV.NS,Tata Motors Pass Vehicles,Retail Hype / Turnaround,718.0,718.5,703.9500122070312,712.6500244140625,706.7869873046875,10333314
2025-10-07,TMPV.NS,Tata Motors Pass Vehicles,Retail Hype / Turnaround,712.6500244140625,712.9000244140625,697.1500244140625,698.0499877929688,692.3070678710938,13099357
2025-10-08,TMPV.NS,Tata Motors Pass Vehicles,Retail Hype / Turnaround,694.9000244140625,702.0,679.0,681.5499877929688,675.94287109375,16568975
2025-10-09,TMPV.NS,Tata Motors Pass Vehicles,Retail Hype / Turnaround,684.5999755859375,685.0,668.7999877929688,681.0999755859375,675.4965209960938,16202851
2025-10-10,TMPV.NS,Tata Motors Pass Vehicles,Retail Hype / Turnaround,684.7999877929688,688.5999755859375,666.9000244140625,678.9500122070312,673.3642578125,16069904
2025-10-13,TMPV.NS,Tata Motors Pass Vehicles,Retail Hype / Turnaround,679.0,679.4000244140625,658.0999755859375,660.75,655.31396484375,33288645
2025-10-14,TMPV.NS,Tata Motors Pass Vehicles,Retail Hype / Turnaround,400.0,421.54998779296875,376.29998779296875,395.45001220703125,392.1966247558594,52267874
2025-10-15,TMPV.NS,Tata Motors Pass Vehicles,Retail Hype / Turnaround,403.0,403.0,388.0,390.8500061035156,387.63446044921875,26953559
2025-10-16,TMPV.NS,Tata Motors Pass Vehicles,Retail Hype / Turnaround,395.45001220703125,400.45001220703125,389.54998779296875,396.79998779296875,393.5354919433594,21983752
2025-10-17,TMPV.NS,Tata Motors Pass Vehicles,Retail Hype / Turnaround,396.79998779296875,402.5,392.25,396.6000061035156,393.337158203125,16564547
2025-10-20,TMPV.NS,Tata Motors Pass Vehicles,Retail Hype / Turnaround,400.04998779296875,403.3999938964844,396.6000061035156,399.75,396.46124267578125,10471672
2025-10-21,TMPV.NS,Tata Motors Pass Vehicles,Retail Hype / Turnaround,402.79998779296875,403.3999938964844,400.04998779296875,401.8500061035156,398.5439758300781,3449156
2025-10-23,TMPV.NS,Tata Motors Pass Vehicles,Retail Hype / Turnaround,407.5,408.8999938964844,403.6000061035156,405.8500061035156,402.51104736328125,14126009
2025-10-24,TMPV.NS,Tata Motors Pass Vehicles,Retail Hype / Turnaround,406.95001220703125,408.5,401.0,403.29998779296875,399.9820251464844,6311744
2025-10-27,TMPV.NS,Tata Motors Pass Vehicles,Retail Hype / Turnaround,404.0,411.3999938964844,403.6499938964844,410.04998779296875,406.6764831542969,10699376
2025-10-28,TMPV.NS,Tata Motors Pass Vehicles,Retail Hype / Turnaround,411.29998779296875,414.1499938964844,408.54998779296875,411.5,408.11456298828125,10332279
2025-10-29,TMPV.NS,Tata Motors Pass Vehicles,Retail Hype / Turnaround,412.5,415.0,407.04998779296875,411.3500061035156,407.9658203125,8485023
2025-10-30,TMPV.NS,Tata Motors Pass Vehicles,Retail Hype / Turnaround,412.70001220703125,419.0,408.1000061035156,412.45001220703125,409.0567626953125,8783965
2025-10-31,TMPV.NS,Tata Motors Pass Vehicles,Retail Hype / Turnaround,414.04998779296875,417.5,409.04998779296875,410.0,406.6269226074219,8012169
2025-11-03,TMPV.NS,Tata Motors Pass Vehicles,Retail Hype / Turnaround,414.0,417.8500061035156,410.1000061035156,417.0,413.5693054199219,8952229
2025-11-04,TMPV.NS,Tata Motors Pass Vehicles,Retail Hype / Turnaround,417.3999938964844,417.5,405.1000061035156,406.5,403.15570068359375,8889004
2025-11-06,TMPV.NS,Tata Motors Pass Vehicles,Retail Hype / Turnaround,407.1499938964844,409.70001220703125,405.3999938964844,407.8500061035156,404.4945983886719,6862359
2025-11-07,TMPV.NS,Tata Motors Pass Vehicles,Retail Hype / Turnaround,406.70001220703125,407.20001220703125,401.45001220703125,405.70001220703125,402.3623046875,6930046
2025-11-10,TMPV.NS,Tata Motors Pass Vehicles,Retail Hype / Turnaround,406.0,412.95001220703125,406.0,410.45001220703125,407.0732116699219,7913640
2025-11-11,TMPV.NS,Tata Motors Pass Vehicles,Retail Hype / Turnaround,412.54998779296875,413.70001220703125,402.6499938964844,407.6000061035156,404.2466735839844,8120946
2025-11-12,TMPV.NS,Tata Motors Pass Vehicles,Retail Hype / Turnaround,407.6000061035156,411.3999938964844,401.8999938964844,402.1499938964844,398.84149169921875,12940220
2025-11-13,TMPV.NS,Tata Motors Pass Vehicles,Retail Hype / Turnaround,404.0,404.0,397.3999938964844,397.95001220703125,394.6760559082031,13165727
2025-11-14,TMPV.NS,Tata Motors Pass Vehicles,Retail Hype / Turnaround,397.95001220703125,399.6000061035156,387.29998779296875,391.20001220703125,387.9815979003906,21834856
2025-11-17,TMPV.NS,Tata Motors Pass Vehicles,Retail Hype / Turnaround,380.0,380.0,363.0,372.70001220703125,369.6337890625,32393346
2025-11-18,TMPV.NS,Tata Motors Pass Vehicles,Retail Hype / Turnaround,373.1000061035156,374.0,369.1499938964844,371.29998779296875,368.2452697753906,17484757
2025-11-19,TMPV.NS,Tata Motors Pass Vehicles,Retail Hype / Turnaround,371.20001220703125,371.25,360.3500061035156,360.8500061035156,357.88128662109375,17854517
2025-11-20,TMPV.NS,Tata Motors Pass Vehicles,Retail Hype / Turnaround,362.0,364.3999938964844,359.25,359.79998779296875,356.83990478515625,15999034
2025-11-21,TMPV.NS,Tata Motors Pass Vehicles,Retail Hype / Turnaround,359.0,364.25,358.0,362.25,359.2697448730469,10829322
2025-11-24,TMPV.NS,Tata Motors Pass Vehicles,Retail Hype / Turnaround,362.5,362.8500061035156,356.79998779296875,358.29998779296875,355.35223388671875,12671925
2025-11-25,TMPV.NS,Tata Motors Pass Vehicles,Retail Hype / Turnaround,358.0,358.1000061035156,352.0,352.45001220703125,349.5503845214844,12577566
2025-11-26,TMPV.NS,Tata Motors Pass Vehicles,Retail Hype / Turnaround,354.45001220703125,362.8500061035156,354.29998779296875,359.25,356.29443359375,13130211
2025-11-27,TMPV.NS,Tata Motors Pass Vehicles,Retail Hype / Turnaround,362.0,362.79998779296875,356.45001220703125,357.79998779296875,354.8563537597656,8871759
2025-11-28,TMPV.NS,Tata Motors Pass Vehicles,Retail Hype / Turnaround,358.0,359.75,355.1000061035156,356.79998779296875,353.86456298828125,10905212
2025-12-01,TMPV.NS,Tata Motors Pass Vehicles,Retail Hype / Turnaround,359.0,365.0,358.70001220703125,363.79998779296875,360.8069763183594,12714139
2025-12-02,TMPV.NS,Tata Motors Pass Vehicles,Retail Hype / Turnaround,364.0,364.0,359.6000061035156,361.75,358.77386474609375,8576018
2025-12-03,TMPV.NS,Tata Motors Pass Vehicles,Retail Hype / Turnaround,361.70001220703125,361.70001220703125,354.1000061035156,356.8500061035156,353.9141845703125,9504331
2025-12-04,TMPV.NS,Tata Motors Pass Vehicles,Retail Hype / Turnaround,357.0,359.5,354.29998779296875,356.45001220703125,353.5174865722656,9173145
2025-12-05,TMPV.NS,Tata Motors Pass Vehicles,Retail Hype / Turnaround,355.0,356.54998779296875,353.0,353.6000061035156,350.69091796875,5667381
2025-12-08,TMPV.NS,Tata Motors Pass Vehicles,Retail Hype / Turnaround,353.95001220703125,356.20001220703125,345.79998779296875,348.29998779296875,345.43450927734375,7186158
2025-12-09,TMPV.NS,Tata Motors Pass Vehicles,Retail Hype / Turnaround,348.5,348.6499938964844,341.70001220703125,344.70001220703125,341.8641357421875,9143402
2025-12-10,TMPV.NS,Tata Motors Pass Vehicles,Retail Hype / Turnaround,347.0,347.5,341.95001220703125,343.3999938964844,340.5748291015625,8705054
2025-12-11,TMPV.NS,Tata Motors Pass Vehicles,Retail Hype / Turnaround,343.3999938964844,348.20001220703125,341.3999938964844,346.6499938964844,343.798095703125,6756893
2025-12-12,TMPV.NS,Tata Motors Pass Vehicles,Retail Hype / Turnaround,348.0,349.3500061035156,344.75,347.45001220703125,344.5915222167969,7241621
2025-12-15,TMPV.NS,Tata Motors Pass Vehicles,Retail Hype / Turnaround,347.45001220703125,348.75,343.04998779296875,347.1499938964844,344.2939758300781,8169383
2025-12-16,TMPV.NS,Tata Motors Pass Vehicles,Retail Hype / Turnaround,347.1499938964844,349.3500061035156,343.8999938964844,345.45001220703125,342.60797119140625,8391226
2025-12-17,TMPV.NS,Tata Motors Pass Vehicles,Retail Hype / Turnaround,346.45001220703125,350.0,345.3999938964844,346.3500061035156,343.5005798339844,7045390
2025-12-18,TMPV.NS,Tata Motors Pass Vehicles,Retail Hype / Turnaround,346.3500061035156,347.45001220703125,337.70001220703125,345.79998779296875,342.955078125,15417506
2025-12-19,TMPV.NS,Tata Motors Pass Vehicles,Retail Hype / Turnaround,347.3999938964844,354.79998779296875,347.0,352.6499938964844,349.74871826171875,74052760
2025-12-22,TMPV.NS,Tata Motors Pass Vehicles,Retail Hype / Turnaround,356.25,360.95001220703125,353.6000061035156,359.1499938964844,356.19525146484375,10798315
2025-12-23,TMPV.NS,Tata Motors Pass Vehicles,Retail Hype / Turnaround,361.0,366.75,357.6499938964844,363.25,360.26153564453125,11885576
2025-12-24,TMPV.NS,Tata Motors Pass Vehicles,Retail Hype / Turnaround,364.0,364.8999938964844,358.54998779296875,359.20001220703125,356.2448425292969,9212351
2025-12-26,TMPV.NS,Tata Motors Pass Vehicles,Retail Hype / Turnaround,359.20001220703125,360.3999938964844,354.70001220703125,358.79998779296875,355.8481140136719,8589856
2025-12-29,TMPV.NS,Tata Motors Pass Vehicles,Retail Hype / Turnaround,358.5,362.79998779296875,357.8500061035156,358.6000061035156,355.6497802734375,10050266
2025-12-30,TMPV.NS,Tata Motors Pass Vehicles,Retail Hype / Turnaround,358.6000061035156,363.95001220703125,358.45001220703125,361.75,358.77386474609375,13807060
2025-12-31,TMPV.NS,Tata Motors Pass Vehicles,Retail Hype / Turnaround,361.75,368.5,360.6499938964844,367.3500061035156,364.3277893066406,10439184
2026-01-01,TMPV.NS,Tata Motors Pass Vehicles,Retail Hype / Turnaround,368.8500061035156,371.0,365.54998779296875,367.54998779296875,364.526123046875,7214281
2026-01-02,TMPV.NS,Tata Motors Pass Vehicles,Retail Hype / Turnaround,369.20001220703125,372.8999938964844,368.54998779296875,370.3500061035156,367.3031311035156,7077536
2026-01-05,TMPV.NS,Tata Motors Pass Vehicles,Retail Hype / Turnaround,370.3500061035156,375.0,369.1000061035156,373.54998779296875,370.4767761230469,9591926
2026-01-06,TMPV.NS,Tata Motors Pass Vehicles,Retail Hype / Turnaround,371.5,371.5,360.0,368.8999938964844,365.8650207519531,17493345
2026-01-07,TMPV.NS,Tata Motors Pass Vehicles,Retail Hype / Turnaround,367.04998779296875,367.25,359.20001220703125,363.3500061035156,360.3607177734375,10682229
2026-01-08,TMPV.NS,Tata Motors Pass Vehicles,Retail Hype / Turnaround,363.29998779296875,365.3500061035156,358.0,359.45001220703125,356.4927978515625,7353203
2026-01-09,TMPV.NS,Tata Motors Pass Vehicles,Retail Hype / Turnaround,358.0,359.75,352.20001220703125,354.1499938964844,351.23638916015625,8018768
2026-01-12,TMPV.NS,Tata Motors Pass Vehicles,Retail Hype / Turnaround,352.95001220703125,354.1499938964844,347.6499938964844,350.54998779296875,347.6659851074219,9771562
2026-01-13,TMPV.NS,Tata Motors Pass Vehicles,Retail Hype / Turnaround,350.6499938964844,351.8999938964844,345.6000061035156,349.75,346.8725891113281,7527115
2026-01-14,TMPV.NS,Tata Motors Pass Vehicles,Retail Hype / Turnaround,349.0,354.0,347.1000061035156,349.79998779296875,346.92218017578125,6249594
2026-01-15,TMPV.NS,Tata Motors Pass Vehicles,Retail Hype / Turnaround,349.79998779296875,349.79998779296875,349.79998779296875,349.79998779296875,346.92218017578125,0
2026-01-16,TMPV.NS,Tata Motors Pass Vehicles,Retail Hype / Turnaround,349.70001220703125,359.70001220703125,349.6499938964844,353.6000061035156,350.69091796875,10735620
2026-01-19,TMPV.NS,Tata Motors Pass Vehicles,Retail Hype / Turnaround,353.6000061035156,353.6000061035156,338.3500061035156,344.0,341.1698913574219,14364958
2026-01-20,TMPV.NS,Tata Motors Pass Vehicles,Retail Hype / Turnaround,344.8500061035156,346.6000061035156,336.75,337.8500061035156,335.07049560546875,11541904
2026-01-21,TMPV.NS,Tata Motors Pass Vehicles,Retail Hype / Turnaround,336.0,343.70001220703125,335.95001220703125,339.25,336.458984375,9873473
2026-01-22,TMPV.NS,Tata Motors Pass Vehicles,Retail Hype / Turnaround,344.45001220703125,351.75,343.1000061035156,347.29998779296875,344.4427185058594,10714263
2026-01-23,TMPV.NS,Tata Motors Pass Vehicles,Retail Hype / Turnaround,347.1000061035156,351.0,342.1499938964844,344.45001220703125,341.6162109375,8354700
2026-01-27,TMPV.NS,Tata Motors Pass Vehicles,Retail Hype / Turnaround,340.0,345.0,335.8999938964844,340.54998779296875,337.7482604980469,12510469
2026-01-28,TMPV.NS,Tata Motors Pass Vehicles,Retail Hype / Turnaround,341.8999938964844,346.6000061035156,337.04998779296875,340.45001220703125,337.64910888671875,9425163
2026-01-29,TMPV.NS,Tata Motors Pass Vehicles,Retail Hype / Turnaround,340.5,352.6499938964844,335.6000061035156,351.79998779296875,348.90570068359375,13586977
2026-01-30,TMPV.NS,Tata Motors Pass Vehicles,Retail Hype / Turnaround,350.79998779296875,353.0,348.3999938964844,350.04998779296875,347.17010498046875,9910289
2026-02-02,TMPV.NS,Tata Motors Pass Vehicles,Retail Hype / Turnaround,344.6499938964844,364.5,341.1000061035156,362.8999938964844,359.9143981933594,19654613
2026-02-03,TMPV.NS,Tata Motors Pass Vehicles,Retail Hype / Turnaround,381.1499938964844,384.6000061035156,366.0,372.04998779296875,368.9891052246094,16720225
2026-02-04,TMPV.NS,Tata Motors Pass Vehicles,Retail Hype / Turnaround,372.5,377.6000061035156,368.45001220703125,375.45001220703125,372.3611755371094,10142353
2026-02-05,TMPV.NS,Tata Motors Pass Vehicles,Retail Hype / Turnaround,375.0,375.6000061035156,364.29998779296875,374.1499938964844,371.07183837890625,14013838
2026-02-06,TMPV.NS,Tata Motors Pass Vehicles,Retail Hype / Turnaround,365.0,381.79998779296875,361.0,369.5,366.4601135253906,23116970
2026-02-09,TMPV.NS,Tata Motors Pass Vehicles,Retail Hype / Turnaround,370.29998779296875,379.8999938964844,369.6000061035156,377.3999938964844,374.29510498046875,8800284
2026-02-10,TMPV.NS,Tata Motors Pass Vehicles,Retail Hype / Turnaround,378.0,382.5,376.75,379.3500061035156,376.22906494140625,8921719
2026-02-11,TMPV.NS,Tata Motors Pass Vehicles,Retail Hype / Turnaround,382.5,387.3500061035156,382.1000061035156,384.70001220703125,381.5350646972656,10933658
2026-02-12,TMPV.NS,Tata Motors Pass Vehicles,Retail Hype / Turnaround,385.0,386.8999938964844,380.1499938964844,383.45001220703125,380.29534912109375,8324442
2026-02-13,TMPV.NS,Tata Motors Pass Vehicles,Retail Hype / Turnaround,379.0,387.5,374.3999938964844,380.25,377.1216735839844,15565868
2026-02-16,TMPV.NS,Tata Motors Pass Vehicles,Retail Hype / Turnaround,378.29998779296875,379.6000061035156,375.1000061035156,377.25,374.1463317871094,5004467
2026-02-17,TMPV.NS,Tata Motors Pass Vehicles,Retail Hype / Turnaround,376.1000061035156,383.6000061035156,373.54998779296875,382.8500061035156,379.7002868652344,7843059
2026-02-18,TMPV.NS,Tata Motors Pass Vehicles,Retail Hype / Turnaround,382.8500061035156,385.5,379.0,382.8500061035156,379.7002868652344,4796850
2026-02-19,TMPV.NS,Tata Motors Pass Vehicles,Retail Hype / Turnaround,381.95001220703125,386.79998779296875,374.0,375.70001220703125,372.6091003417969,6910527
2026-02-20,TMPV.NS,Tata Motors Pass Vehicles,Retail Hype / Turnaround,375.70001220703125,379.70001220703125,374.5,378.0,374.8901672363281,6324165
2026-02-23,TMPV.NS,Tata Motors Pass Vehicles,Retail Hype / Turnaround,378.79998779296875,384.0,376.04998779296875,379.95001220703125,376.82415771484375,11701520
2026-02-24,TMPV.NS,Tata Motors Pass Vehicles,Retail Hype / Turnaround,376.8500061035156,380.29998779296875,371.6499938964844,377.54998779296875,374.4438781738281,7213746
2026-02-25,TMPV.NS,Tata Motors Pass Vehicles,Retail Hype / Turnaround,378.0,385.6000061035156,376.1000061035156,381.8500061035156,378.70849609375,7748663
2026-02-26,TMPV.NS,Tata Motors Pass Vehicles,Retail Hype / Turnaround,381.70001220703125,393.29998779296875,380.1000061035156,391.54998779296875,388.32867431640625,14697484
2026-02-27,TMPV.NS,Tata Motors Pass Vehicles,Retail Hype / Turnaround,393.6499938964844,394.04998779296875,380.95001220703125,382.6499938964844,379.5019226074219,15951041
2026-03-02,TMPV.NS,Tata Motors Pass Vehicles,Retail Hype / Turnaround,358.0,378.3999938964844,355.5,370.6000061035156,367.5510559082031,11804909
2026-03-04,TMPV.NS,Tata Motors Pass Vehicles,Retail Hype / Turnaround,363.1499938964844,363.8999938964844,350.1000061035156,351.20001220703125,348.3106689453125,17733124
2026-03-05,TMPV.NS,Tata Motors Pass Vehicles,Retail Hype / Turnaround,353.1000061035156,357.1499938964844,347.95001220703125,355.1499938964844,352.2281494140625,10574236
2026-03-06,TMPV.NS,Tata Motors Pass Vehicles,Retail Hype / Turnaround,354.0,354.3500061035156,349.3500061035156,350.75,347.8643493652344,6929668
2026-03-09,TMPV.NS,Tata Motors Pass Vehicles,Retail Hype / Turnaround,342.0,342.8999938964844,328.6499938964844,332.0,329.26861572265625,17240937
2026-03-10,TMPV.NS,Tata Motors Pass Vehicles,Retail Hype / Turnaround,338.0,345.79998779296875,334.25,345.20001220703125,342.36004638671875,13770080
2026-03-11,TMPV.NS,Tata Motors Pass Vehicles,Retail Hype / Turnaround,344.79998779296875,347.0,334.6499938964844,335.3500061035156,332.591064453125,5949596
2026-03-12,TMPV.NS,Tata Motors Pass Vehicles,Retail Hype / Turnaround,332.5,333.0,323.3500061035156,324.54998779296875,321.8799133300781,9707654
2026-03-13,TMPV.NS,Tata Motors Pass Vehicles,Retail Hype / Turnaround,323.0,324.1499938964844,308.5,314.1000061035156,311.5158996582031,17073811
2026-03-16,TMPV.NS,Tata Motors Pass Vehicles,Retail Hype / Turnaround,313.0,316.45001220703125,306.8999938964844,314.3999938964844,311.81341552734375,10394023
2026-03-17,TMPV.NS,Tata Motors Pass Vehicles,Retail Hype / Turnaround,315.0,321.0,313.0,319.20001220703125,316.5739440917969,7953108
2026-03-18,TMPV.NS,Tata Motors Pass Vehicles,Retail Hype / Turnaround,321.0,330.20001220703125,319.8999938964844,324.75,322.0782775878906,7533727
2026-03-19,TMPV.NS,Tata Motors Pass Vehicles,Retail Hype / Turnaround,318.0,318.95001220703125,307.5,309.29998779296875,306.75537109375,10146164
2026-03-20,TMPV.NS,Tata Motors Pass Vehicles,Retail Hype / Turnaround,311.0,316.8999938964844,310.79998779296875,314.1000061035156,311.5158996582031,13905760
2026-03-23,TMPV.NS,Tata Motors Pass Vehicles,Retail Hype / Turnaround,311.04998779296875,311.04998779296875,303.5,305.25,302.7386779785156,10816349
2026-03-24,TMPV.NS,Tata Motors Pass Vehicles,Retail Hype / Turnaround,312.95001220703125,314.20001220703125,305.5,311.20001220703125,308.6397399902344,8524890
2026-03-25,TMPV.NS,Tata Motors Pass Vehicles,Retail Hype / Turnaround,316.0,322.25,314.6000061035156,317.95001220703125,315.334228515625,7857557
2026-03-27,TMPV.NS,Tata Motors Pass Vehicles,Retail Hype / Turnaround,312.5,312.8500061035156,301.04998779296875,303.20001220703125,300.70556640625,19009638
2026-03-30,TMPV.NS,Tata Motors Pass Vehicles,Retail Hype / Turnaround,297.25,303.5,294.29998779296875,296.20001220703125,293.7631530761719,16410266
2026-04-01,TMPV.NS,Tata Motors Pass Vehicles,Retail Hype / Turnaround,310.0,310.0,302.04998779296875,302.95001220703125,300.4576416015625,8911554
2026-04-02,TMPV.NS,Tata Motors Pass Vehicles,Retail Hype / Turnaround,298.0,304.29998779296875,295.04998779296875,303.29998779296875,300.8047180175781,9098035
2026-04-06,TMPV.NS,Tata Motors Pass Vehicles,Retail Hype / Turnaround,303.29998779296875,308.1000061035156,299.8500061035156,307.3999938964844,304.8710021972656,6425909
2026-04-07,TMPV.NS,Tata Motors Pass Vehicles,Retail Hype / Turnaround,306.5,309.3500061035156,301.8500061035156,308.70001220703125,306.1603088378906,8543428
2026-04-08,TMPV.NS,Tata Motors Pass Vehicles,Retail Hype / Turnaround,321.0,337.0,318.95001220703125,334.75,331.9960021972656,20930060
2026-04-09,TMPV.NS,Tata Motors Pass Vehicles,Retail Hype / Turnaround,334.5,339.20001220703125,330.45001220703125,333.25,330.5083312988281,11110200
2026-04-10,TMPV.NS,Tata Motors Pass Vehicles,Retail Hype / Turnaround,336.6000061035156,343.79998779296875,335.0,342.6000061035156,339.78143310546875,10666149
2026-04-13,TMPV.NS,Tata Motors Pass Vehicles,Retail Hype / Turnaround,332.0,346.79998779296875,332.0,345.5,342.6575622558594,13113105
2026-04-15,TMPV.NS,Tata Motors Pass Vehicles,Retail Hype / Turnaround,352.04998779296875,362.1000061035156,349.25,357.8999938964844,354.9555358886719,12495093
2026-04-16,TMPV.NS,Tata Motors Pass Vehicles,Retail Hype / Turnaround,360.0,360.0,354.1000061035156,356.29998779296875,353.3686828613281,6871023
2026-04-17,TMPV.NS,Tata Motors Pass Vehicles,Retail Hype / Turnaround,352.04998779296875,361.3500061035156,352.0,360.1000061035156,357.137451171875,7314044
2026-04-20,TMPV.NS,Tata Motors Pass Vehicles,Retail Hype / Turnaround,357.29998779296875,359.79998779296875,352.5,355.70001220703125,352.7736511230469,7216605
2026-04-21,TMPV.NS,Tata Motors Pass Vehicles,Retail Hype / Turnaround,354.0,358.8999938964844,353.45001220703125,355.8999938964844,352.97198486328125,5922373
2026-04-22,TMPV.NS,Tata Motors Pass Vehicles,Retail Hype / Turnaround,355.45001220703125,367.95001220703125,353.3999938964844,361.8500061035156,358.873046875,14994313
2026-04-23,TMPV.NS,Tata Motors Pass Vehicles,Retail Hype / Turnaround,359.95001220703125,361.20001220703125,350.0,351.95001220703125,349.05450439453125,11374109
2026-04-24,TMPV.NS,Tata Motors Pass Vehicles,Retail Hype / Turnaround,353.6499938964844,355.8500061035156,347.5,350.5,347.6164245605469,5722477
2026-04-27,TMPV.NS,Tata Motors Pass Vehicles,Retail Hype / Turnaround,351.0,356.79998779296875,350.25,354.3500061035156,351.43475341796875,9713765
2026-04-28,TMPV.NS,Tata Motors Pass Vehicles,Retail Hype / Turnaround,354.3500061035156,356.0,349.3500061035156,350.79998779296875,347.9139404296875,7247106
2026-04-29,TMPV.NS,Tata Motors Pass Vehicles,Retail Hype / Turnaround,351.0,363.6499938964844,351.0,352.70001220703125,349.79833984375,10581537
2026-04-30,TMPV.NS,Tata Motors Pass Vehicles,Retail Hype / Turnaround,352.0,352.0,337.5,341.54998779296875,338.74005126953125,12670807
2026-05-01,TMPV.NS,Tata Motors Pass Vehicles,Retail Hype / Turnaround,341.54998779296875,341.54998779296875,341.54998779296875,341.54998779296875,338.74005126953125,0
2026-05-04,TMPV.NS,Tata Motors Pass Vehicles,Retail Hype / Turnaround,338.3999938964844,345.8999938964844,338.0,343.04998779296875,340.2276916503906,7734863
2026-05-05,TMPV.NS,Tata Motors Pass Vehicles,Retail Hype / Turnaround,341.8999938964844,344.0,339.0,340.1499938964844,337.3515625,6084755
2026-05-06,TMPV.NS,Tata Motors Pass Vehicles,Retail Hype / Turnaround,345.3500061035156,358.95001220703125,343.6499938964844,358.1499938964844,355.2034606933594,11036464
2026-05-07,TMPV.NS,Tata Motors Pass Vehicles,Retail Hype / Turnaround,360.20001220703125,361.45001220703125,357.04998779296875,359.25,356.29443359375,6975162
2026-05-08,TMPV.NS,Tata Motors Pass Vehicles,Retail Hype / Turnaround,356.0,357.45001220703125,353.70001220703125,355.45001220703125,352.52569580078125,4615800
2026-05-11,TMPV.NS,Tata Motors Pass Vehicles,Retail Hype / Turnaround,352.29998779296875,352.29998779296875,345.20001220703125,346.0,343.1534423828125,4283236
2026-05-12,TMPV.NS,Tata Motors Pass Vehicles,Retail Hype / Turnaround,343.8500061035156,345.70001220703125,336.0,336.8500061035156,334.0787353515625,5758949
2026-05-13,TMPV.NS,Tata Motors Pass Vehicles,Retail Hype / Turnaround,335.0,342.3999938964844,334.0,336.8500061035156,334.0787353515625,5692558
2026-05-14,TMPV.NS,Tata Motors Pass Vehicles,Retail Hype / Turnaround,340.04998779296875,340.6000061035156,333.6499938964844,338.75,335.96307373046875,7975089
2026-05-15,TMPV.NS,Tata Motors Pass Vehicles,Retail Hype / Turnaround,352.0,366.95001220703125,352.0,356.54998779296875,353.61663818359375,51689818
2026-05-18,TMPV.NS,Tata Motors Pass Vehicles,Retail Hype / Turnaround,354.79998779296875,358.25,351.1000061035156,353.1499938964844,350.2445983886719,10409685
2026-05-19,TMPV.NS,Tata Motors Pass Vehicles,Retail Hype / Turnaround,352.8999938964844,365.79998779296875,352.8999938964844,361.20001220703125,358.2283935546875,15119605
2026-05-20,TMPV.NS,Tata Motors Pass Vehicles,Retail Hype / Turnaround,358.6499938964844,365.0,356.1000061035156,361.25,358.2779846191406,9875276
2026-05-21,TMPV.NS,Tata Motors Pass Vehicles,Retail Hype / Turnaround,364.0,366.0,359.0,361.3500061035156,358.3771667480469,10834385
2026-05-22,TMPV.NS,Tata Motors Pass Vehicles,Retail Hype / Turnaround,364.5,365.6499938964844,361.75,363.3500061035156,360.3607177734375,6934910
2026-05-25,TMPV.NS,Tata Motors Pass Vehicles,Retail Hype / Turnaround,366.1499938964844,374.29998779296875,366.1499938964844,373.25,370.17926025390625,10356089
2026-05-26,TMPV.NS,Tata Motors Pass Vehicles,Retail Hype / Turnaround,373.75,387.29998779296875,371.79998779296875,385.6000061035156,382.4276428222656,21346890
2026-05-27,TMPV.NS,Tata Motors Pass Vehicles,Retail Hype / Turnaround,385.79998779296875,404.0,383.70001220703125,400.95001220703125,397.6513671875,16294686
2026-05-28,TMPV.NS,Tata Motors Pass Vehicles,Retail Hype / Turnaround,400.95001220703125,400.95001220703125,400.95001220703125,400.95001220703125,397.6513671875,0
2026-05-29,TMPV.NS,Tata Motors Pass Vehicles,Retail Hype / Turnaround,400.95001220703125,408.0,390.70001220703125,393.8999938964844,390.65936279296875,31210075
2026-06-01,TMPV.NS,Tata Motors Pass Vehicles,Retail Hype / Turnaround,395.0,398.8500061035156,383.8500061035156,384.8999938964844,381.7333984375,8626860
2026-06-02,TMPV.NS,Tata Motors Pass Vehicles,Retail Hype / Turnaround,379.6000061035156,391.8999938964844,377.29998779296875,390.20001220703125,386.98980712890625,12789321
2026-06-03,TMPV.NS,Tata Motors Pass Vehicles,Retail Hype / Turnaround,392.04998779296875,399.79998779296875,384.8500061035156,398.1499938964844,394.8743896484375,8638483
2026-06-04,TMPV.NS,Tata Motors Pass Vehicles,Retail Hype / Turnaround,396.20001220703125,401.20001220703125,391.0,399.70001220703125,396.4116516113281,12067304
2026-06-05,TMPV.NS,Tata Motors Pass Vehicles,Retail Hype / Turnaround,401.0,403.04998779296875,393.6000061035156,397.79998779296875,394.5272521972656,9554051
2026-06-08,TMPV.NS,Tata Motors Pass Vehicles,Retail Hype / Turnaround,392.0,392.8999938964844,387.0,389.0,385.7996826171875,7585986
2026-06-09,TMPV.NS,Tata Motors Pass Vehicles,Retail Hype / Turnaround,393.95001220703125,395.45001220703125,386.79998779296875,387.79998779296875,384.6095275878906,8550946
2026-06-10,TMPV.NS,Tata Motors Pass Vehicles,Retail Hype / Turnaround,388.0,388.79998779296875,380.0,381.0,377.8655090332031,7251442
2026-06-11,TMPV.NS,Tata Motors Pass Vehicles,Retail Hype / Turnaround,375.0,378.3999938964844,372.3500061035156,375.8999938964844,372.80743408203125,6508792
2026-06-12,TMPV.NS,Tata Motors Pass Vehicles,Retail Hype / Turnaround,380.25,392.95001220703125,379.0,390.0,386.79144287109375,7787586
2026-06-15,TMPV.NS,Tata Motors Pass Vehicles,Retail Hype / Turnaround,398.20001220703125,407.79998779296875,395.25,396.3999938964844,393.1387939453125,11097635
2026-06-16,TMPV.NS,Tata Motors Pass Vehicles,Retail Hype / Turnaround,398.29998779296875,398.6499938964844,387.54998779296875,393.6000061035156,390.3618469238281,6432360
2026-06-17,TMPV.NS,Tata Motors Pass Vehicles,Retail Hype / Turnaround,395.5,395.6000061035156,355.0,360.95001220703125,357.98046875,51987488
2026-06-18,TMPV.NS,Tata Motors Pass Vehicles,Retail Hype / Turnaround,363.8999938964844,366.25,359.1499938964844,364.6499938964844,361.6499938964844,22656468
2026-06-19,TMPV.NS,Tata Motors Pass Vehicles,Retail Hype / Turnaround,363.75,363.75,356.5,359.5,359.5,11928855
2026-06-22,TMPV.NS,Tata Motors Pass Vehicles,Retail Hype / Turnaround,362.0,370.5,360.0,361.5,361.5,15447905
2026-06-23,TMPV.NS,Tata Motors Pass Vehicles,Retail Hype / Turnaround,361.5,361.8999938964844,350.1000061035156,354.54998779296875,354.54998779296875,16257406
2026-06-24,TMPV.NS,Tata Motors Pass Vehicles,Retail Hype / Turnaround,355.0,356.79998779296875,348.0,349.70001220703125,349.70001220703125,12569135
2026-06-25,TMPV.NS,Tata Motors Pass Vehicles,Retail Hype / Turnaround,352.29998779296875,360.5,351.0,353.20001220703125,353.20001220703125,15424509
2026-06-26,TMPV.NS,Tata Motors Pass Vehicles,Retail Hype / Turnaround,353.20001220703125,353.20001220703125,353.20001220703125,353.20001220703125,353.20001220703125,0
2026-06-29,TMPV.NS,Tata Motors Pass Vehicles,Retail Hype / Turnaround,350.0,354.45001220703125,343.3999938964844,345.04998779296875,345.04998779296875,11882122
2026-06-30,TMPV.NS,Tata Motors Pass Vehicles,Retail Hype / Turnaround,348.0,356.3999938964844,343.29998779296875,352.20001220703125,352.20001220703125,17609242
2026-07-01,TMPV.NS,Tata Motors Pass Vehicles,Retail Hype / Turnaround,353.5,354.6000061035156,346.5,347.79998779296875,347.79998779296875,12059086
2026-07-02,TMPV.NS,Tata Motors Pass Vehicles,Retail Hype / Turnaround,351.1499938964844,351.25,345.0,345.95001220703125,345.95001220703125,10423984
2026-07-03,TMPV.NS,Tata Motors Pass Vehicles,Retail Hype / Turnaround,346.5,347.54998779296875,341.0,344.1000061035156,344.1000061035156,12651872
2026-07-06,TMPV.NS,Tata Motors Pass Vehicles,Retail Hype / Turnaround,345.5,348.6499938964844,341.6000061035156,347.04998779296875,347.04998779296875,4980867
2026-07-07,TMPV.NS,Tata Motors Pass Vehicles,Retail Hype / Turnaround,348.79998779296875,348.79998779296875,341.70001220703125,342.29998779296875,342.29998779296875,7428187
2026-07-08,TMPV.NS,Tata Motors Pass Vehicles,Retail Hype / Turnaround,340.95001220703125,341.3999938964844,330.75,332.04998779296875,332.04998779296875,10789766
2026-07-09,TMPV.NS,Tata Motors Pass Vehicles,Retail Hype / Turnaround,332.8999938964844,334.6000061035156,330.0,331.5,331.5,11549474
2026-07-10,TMPV.NS,Tata Motors Pass Vehicles,Retail Hype / Turnaround,334.54998779296875,340.25,333.6499938964844,337.95001220703125,337.95001220703125,19331002
2026-07-13,TMPV.NS,Tata Motors Pass Vehicles,Retail Hype / Turnaround,339.3500061035156,344.0,334.3999938964844,342.25,342.25,8402444
2026-07-14,TMPV.NS,Tata Motors Pass Vehicles,Retail Hype / Turnaround,340.04998779296875,340.75,332.54998779296875,333.3500061035156,333.3500061035156,8043834
2026-07-15,TMPV.NS,Tata Motors Pass Vehicles,Retail Hype / Turnaround,335.0,335.1000061035156,330.79998779296875,333.0,333.0,7144390
2026-07-16,TMPV.NS,Tata Motors Pass Vehicles,Retail Hype / Turnaround,334.6499938964844,339.20001220703125,331.29998779296875,331.79998779296875,331.79998779296875,8194443
2026-07-17,TMPV.NS,Tata Motors Pass Vehicles,Retail Hype / Turnaround,332.1000061035156,336.79998779296875,330.20001220703125,335.6000061035156,335.6000061035156,7785825
2026-07-20,TMPV.NS,Tata Motors Pass Vehicles,Retail Hype / Turnaround,335.5,337.6000061035156,332.45001220703125,336.45001220703125,336.45001220703125,7562963
2026-07-21,TMPV.NS,Tata Motors Pass Vehicles,Retail Hype / Turnaround,336.1000061035156,337.6499938964844,331.79998779296875,333.79998779296875,333.79998779296875,5847490
2026-07-22,TMPV.NS,Tata Motors Pass Vehicles,Retail Hype / Turnaround,333.79998779296875,334.6000061035156,327.1000061035156,327.70001220703125,327.70001220703125,8609616
2026-07-23,TMPV.NS,Tata Motors Pass Vehicles,Retail Hype / Turnaround,326.95001220703125,328.5,323.79998779296875,324.29998779296875,324.29998779296875,6985396
2026-07-24,TMPV.NS,Tata Motors Pass Vehicles,Retail Hype / Turnaround,321.0,325.75,318.25,323.79998779296875,323.79998779296875,7171058
2026-07-27,TMPV.NS,Tata Motors Pass Vehicles,Retail Hype / Turnaround,326.75,329.04998779296875,326.1000061035156,327.6499938964844,327.6499938964844,4777294
2026-07-28,TMPV.NS,Tata Motors Pass Vehicles,Retail Hype / Turnaround,327.0,327.3500061035156,322.79998779296875,324.3999938964844,324.3999938964844,6650930
2026-07-29,TMPV.NS,Tata Motors Pass Vehicles,Retail Hype / Turnaround,326.0,330.5,325.3500061035156,329.79998779296875,329.79998779296875,7220810
2026-07-30,TMPV.NS,Tata Motors Pass Vehicles,Retail Hype / Turnaround,328.20001220703125,335.0,328.04998779296875,334.20001220703125,334.20001220703125,6078600
2026-07-31,TMPV.NS,Tata Motors Pass Vehicles,Retail Hype / Turnaround,335.54998779296875,341.95001220703125,334.5,339.75,339.75,8527463
2026-08-03,TMPV.NS,Tata Motors Pass Vehicles,Retail Hype / Turnaround,344.5,350.45001220703125,343.5,349.29998779296875,349.29998779296875,12027810
2026-08-04,TMPV.NS,Tata Motors Pass Vehicles,Retail Hype / Turnaround,348.95001220703125,349.54998779296875,345.0,348.54998779296875,348.54998779296875,8003110
2026-08-05,TMPV.NS,Tata Motors Pass Vehicles,Retail Hype / Turnaround,349.0,353.20001220703125,346.3999938964844,349.79998779296875,349.79998779296875,7110154
2026-08-06,TMPV.NS,Tata Motors Pass Vehicles,Retail Hype / Turnaround,349.0,349.0,343.0,345.3500061035156,345.3500061035156,5218339
2026-08-07,TMPV.NS,Tata Motors Pass Vehicles,Retail Hype / Turnaround,345.0,349.79998779296875,343.6499938964844,347.0,347.0,4274035
2026-08-10,TMPV.NS,Tata Motors Pass Vehicles,Retail Hype / Turnaround,347.0,351.3999938964844,344.6000061035156,347.1000061035156,347.1000061035156,5233700
2026-08-11,TMPV.NS,Tata Motors Pass Vehicles,Retail Hype / Turnaround,345.5,348.70001220703125,344.25,347.6000061035156,347.6000061035156,4864857
2026-08-12,TMPV.NS,Tata Motors Pass Vehicles,Retail Hype / Turnaround,348.3999938964844,351.25,334.20001220703125,343.0,343.0,22384343
2026-08-13,TMPV.NS,Tata Motors Pass Vehicles,Retail Hype / Turnaround,343.5,351.54998779296875,342.45001220703125,349.6000061035156,349.6000061035156,9528820
2026-08-14,TMPV.NS,Tata Motors Pass Vehicles,Retail Hype / Turnaround,329.0,337.75,329.0,334.5,334.5,31933028
2026-08-17,TMPV.NS,Tata Motors Pass Vehicles,Retail Hype / Turnaround,334.0,334.20001220703125,329.04998779296875,330.20001220703125,330.20001220703125,7337847
2026-08-18,TMPV.NS,Tata Motors Pass Vehicles,Retail Hype / Turnaround,330.5,331.70001220703125,322.79998779296875,322.79998779296875,322.79998779296875,9865820
2026-08-19,TMPV.NS,Tata Motors Pass Vehicles,Retail Hype / Turnaround,323.8500061035156,324.0,320.20001220703125,321.29998779296875,321.29998779296875,5659002
2026-08-20,TMPV.NS,Tata Motors Pass Vehicles,Retail Hype / Turnaround,323.3999938964844,324.54998779296875,318.45001220703125,320.25,320.25,10475953
2026-08-21,TMPV.NS,Tata Motors Pass Vehicles,Retail Hype / Turnaround,321.5,322.3999938964844,316.8999938964844,317.8999938964844,317.8999938964844,10824328
2026-08-24,TMPV.NS,Tata Motors Pass Vehicles,Retail Hype / Turnaround,318.79998779296875,319.6499938964844,312.6000061035156,314.3999938964844,314.3999938964844,8545165
2026-08-25,TMPV.NS,Tata Motors Pass Vehicles,Retail Hype / Turnaround,314.8999938964844,314.8999938964844,310.54998779296875,314.25,314.25,10984458
2026-08-26,TMPV.NS,Tata Motors Pass Vehicles,Retail Hype / Turnaround,316.0,316.3999938964844,313.1000061035156,313.1000061035156,313.1000061035156,5791487
2026-08-27,TMPV.NS,Tata Motors Pass Vehicles,Retail Hype / Turnaround,315.0,319.6000061035156,314.1499938964844,316.0,316.0,8028070
2026-08-28,TMPV.NS,Tata Motors Pass Vehicles,Retail Hype / Turnaround,317.5,319.3999938964844,313.29998779296875,319.3999938964844,319.3999938964844,5852894
2026-08-31,TMPV.NS,Tata Motors Pass Vehicles,Retail Hype / Turnaround,318.3999938964844,318.8999938964844,308.8500061035156,308.8500061035156,308.8500061035156,9986158
2026-09-01,TMPV.NS,Tata Motors Pass Vehicles,Retail Hype / Turnaround,317.20001220703125,317.29998779296875,308.95001220703125,310.0,310.0,8951324
2026-09-02,TMPV.NS,Tata Motors Pass Vehicles,Retail Hype / Turnaround,307.70001220703125,312.95001220703125,305.6499938964844,312.75,312.75,6667459
2026-09-03,TMPV.NS,Tata Motors Pass Vehicles,Retail Hype / Turnaround,314.0,314.25,309.6000061035156,312.0,312.0,5195643
2026-09-04,TMPV.NS,Tata Motors Pass Vehicles,Retail Hype / Turnaround,312.0,315.5,310.6499938964844,311.5,311.5,4010174
2026-09-07,TMPV.NS,Tata Motors Pass Vehicles,Retail Hype / Turnaround,311.5,312.0,307.0,307.0,307.0,6493351
2026-09-08,TMPV.NS,Tata Motors Pass Vehicles,Retail Hype / Turnaround,306.1000061035156,306.6499938964844,302.45001220703125,306.45001220703125,306.45001220703125,6921996
2026-09-09,TMPV.NS,Tata Motors Pass Vehicles,Retail Hype / Turnaround,306.45001220703125,306.45001220703125,300.79998779296875,303.0,303.0,6971556
2026-09-10,TMPV.NS,Tata Motors Pass Vehicles,Retail Hype / Turnaround,303.0,304.0,300.04998779296875,300.5,300.5,7512877
2026-09-11,TMPV.NS,Tata Motors Pass Vehicles,Retail Hype / Turnaround,299.75,304.3999938964844,296.5,301.1000061035156,301.1000061035156,7683193
