Date,Ticker,Company_Name,Category,Open,High,Low,Close,Adj_Close,Volume
2010-01-04,TRENT.NS,Trent Ltd,Growth / Compounder,76.22235870361328,76.47925567626953,74.79469299316406,74.99684143066406,71.75650787353516,123022
2010-01-05,TRENT.NS,Trent Ltd,Growth / Compounder,76.14234161376953,76.81616973876953,74.12086486816406,74.56306457519531,71.34147644042969,54589
2010-01-06,TRENT.NS,Trent Ltd,Growth / Compounder,75.37586975097656,75.37586975097656,72.86165618896484,73.0680160522461,69.91101837158203,53224
2010-01-07,TRENT.NS,Trent Ltd,Growth / Compounder,73.0680160522461,73.0680160522461,71.08865356445312,72.28890228271484,69.16557312011719,47691
2010-01-08,TRENT.NS,Trent Ltd,Growth / Compounder,71.60665130615234,72.8574447631836,71.26131439208984,71.50557708740234,68.41608428955078,28256
2010-01-11,TRENT.NS,Trent Ltd,Growth / Compounder,72.1836166381836,72.1836166381836,70.41903686523438,70.77279663085938,67.71495819091797,637030
2010-01-12,TRENT.NS,Trent Ltd,Growth / Compounder,71.58980560302734,71.5940170288086,68.44388580322266,68.95767211914062,65.97826385498047,132022
2010-01-13,TRENT.NS,Trent Ltd,Growth / Compounder,68.4144058227539,70.66751098632812,68.23331451416016,69.50936889648438,66.50613403320312,1152249
2010-01-14,TRENT.NS,Trent Ltd,Growth / Compounder,70.74331665039062,70.74752807617188,69.53884887695312,69.90945434570312,66.88894653320312,29087
2010-01-15,TRENT.NS,Trent Ltd,Growth / Compounder,70.66751098632812,71.1728744506836,69.53042602539062,70.33059692382812,67.2918701171875,383291
2010-01-18,TRENT.NS,Trent Ltd,Growth / Compounder,70.33059692382812,70.91598510742188,69.17245483398438,69.93051147460938,66.9090805053711,25110
2010-01-19,TRENT.NS,Trent Ltd,Growth / Compounder,69.26089477539062,70.75173950195312,69.23562622070312,70.36428833007812,67.32411193847656,37149
2010-01-20,TRENT.NS,Trent Ltd,Growth / Compounder,70.24636840820312,71.5097885131836,69.58096313476562,69.92208862304688,66.90101623535156,34157
2010-01-21,TRENT.NS,Trent Ltd,Growth / Compounder,69.47988891601562,72.0151596069336,69.47988891601562,70.79806518554688,67.73915100097656,30773
2010-01-22,TRENT.NS,Trent Ltd,Growth / Compounder,70.92019653320312,70.92019653320312,69.48831176757812,69.92630004882812,66.9050521850586,24077
2010-01-25,TRENT.NS,Trent Ltd,Growth / Compounder,69.91787719726562,71.1728744506836,69.65676879882812,70.13687133789062,67.10651397705078,690326
2010-01-27,TRENT.NS,Trent Ltd,Growth / Compounder,69.16824340820312,70.07369995117188,68.05643463134766,68.80184936523438,65.82917785644531,61998
2010-01-28,TRENT.NS,Trent Ltd,Growth / Compounder,68.14066314697266,68.73026275634766,67.50052642822266,68.16593170166016,65.22074890136719,632269
2010-01-29,TRENT.NS,Trent Ltd,Growth / Compounder,67.38260650634766,68.45230865478516,66.75089263916016,67.18888092041016,64.28590393066406,65963
2010-02-01,TRENT.NS,Trent Ltd,Growth / Compounder,67.21414947509766,68.30912017822266,66.54032135009766,67.18045806884766,64.2778549194336,8916
2010-02-02,TRENT.NS,Trent Ltd,Growth / Compounder,66.72562408447266,69.65676879882812,66.62454986572266,66.7803726196289,63.89504623413086,29764
2010-02-03,TRENT.NS,Trent Ltd,Growth / Compounder,67.37418365478516,67.37418365478516,66.5361099243164,66.55716705322266,63.68146896362305,28351
2010-02-04,TRENT.NS,Trent Ltd,Growth / Compounder,64.68730163574219,67.29837799072266,62.58159637451172,65.82017517089844,62.9763298034668,36769
2010-02-05,TRENT.NS,Trent Ltd,Growth / Compounder,63.72710037231445,65.19267272949219,63.59233474731445,64.04295349121094,61.275901794433594,28042
2010-02-08,TRENT.NS,Trent Ltd,Growth / Compounder,65.69804382324219,65.69804382324219,64.11875915527344,64.56095886230469,61.771522521972656,16194
2010-02-09,TRENT.NS,Trent Ltd,Growth / Compounder,64.08927917480469,65.18424987792969,64.01347351074219,64.43461608886719,61.65065383911133,15220
2010-02-10,TRENT.NS,Trent Ltd,Growth / Compounder,64.25773620605469,65.68962097167969,64.01347351074219,65.37797546386719,62.55323791503906,12489
2010-02-11,TRENT.NS,Trent Ltd,Growth / Compounder,66.11917877197266,66.11917877197266,63.17119216918945,63.55022048950195,60.8044548034668,9177
2010-02-15,TRENT.NS,Trent Ltd,Growth / Compounder,64.84733581542969,64.84733581542969,62.32891082763672,64.08506774902344,61.31620407104492,19150
2010-02-16,TRENT.NS,Trent Ltd,Growth / Compounder,64.09770202636719,67.28995513916016,63.59233474731445,66.13182067871094,63.274513244628906,48606
2010-02-17,TRENT.NS,Trent Ltd,Growth / Compounder,67.29837799072266,67.29837799072266,65.78227233886719,66.57401275634766,63.69761276245117,19387
2010-02-18,TRENT.NS,Trent Ltd,Growth / Compounder,66.8730239868164,71.5940170288086,66.54032135009766,67.5636978149414,64.64452362060547,38526
2010-02-19,TRENT.NS,Trent Ltd,Growth / Compounder,66.87723541259766,67.93009185791016,66.11917877197266,66.1655044555664,63.306739807128906,35213
2010-02-22,TRENT.NS,Trent Ltd,Growth / Compounder,66.12760162353516,66.54032135009766,64.52305603027344,65.69804382324219,62.8594856262207,27235
2010-02-23,TRENT.NS,Trent Ltd,Growth / Compounder,66.1149673461914,66.1149673461914,65.27690124511719,65.47904968261719,62.649940490722656,2184
2010-02-24,TRENT.NS,Trent Ltd,Growth / Compounder,65.32743835449219,66.11917877197266,65.02842712402344,65.27690124511719,62.45652770996094,17844
2010-02-25,TRENT.NS,Trent Ltd,Growth / Compounder,65.27690124511719,65.85807800292969,64.43882751464844,64.68730163574219,61.89241409301758,18497
2010-02-26,TRENT.NS,Trent Ltd,Growth / Compounder,64.01347351074219,67.78690338134766,63.92924880981445,67.3952407836914,64.48335266113281,46089
2010-03-02,TRENT.NS,Trent Ltd,Growth / Compounder,66.54874420166016,70.33059692382812,66.54032135009766,68.90292358398438,65.9258804321289,22902
2010-03-03,TRENT.NS,Trent Ltd,Growth / Compounder,68.90292358398438,69.57254028320312,68.73446655273438,69.50936889648438,66.50613403320312,15897
2010-03-04,TRENT.NS,Trent Ltd,Growth / Compounder,68.50284576416016,69.47988891601562,67.90482330322266,68.76394653320312,65.79291534423828,18354
2010-03-05,TRENT.NS,Trent Ltd,Growth / Compounder,69.06716918945312,69.06716918945312,66.12760162353516,66.30448150634766,63.43971633911133,109250
2010-03-08,TRENT.NS,Trent Ltd,Growth / Compounder,66.54032135009766,67.97220611572266,66.11917877197266,67.3278579711914,64.41887664794922,97485
2010-03-09,TRENT.NS,Trent Ltd,Growth / Compounder,68.1364517211914,68.1364517211914,66.11917877197266,66.4939956665039,63.62105178833008,182183
2010-03-10,TRENT.NS,Trent Ltd,Growth / Compounder,66.54874420166016,67.55106353759766,66.28763580322266,67.3025894165039,64.39468383789062,81647
2010-03-11,TRENT.NS,Trent Ltd,Growth / Compounder,67.3025894165039,68.19120025634766,65.10844421386719,65.20109558105469,62.38400650024414,29336
2010-03-12,TRENT.NS,Trent Ltd,Growth / Compounder,66.2834243774414,66.54032135009766,65.45378112792969,66.2160415649414,63.35507583618164,61713
2010-03-15,TRENT.NS,Trent Ltd,Growth / Compounder,66.54032135009766,67.37418365478516,65.82859802246094,66.8982925415039,64.00787353515625,27449
2010-03-16,TRENT.NS,Trent Ltd,Growth / Compounder,70.16213989257812,76.20130157470703,66.96146392822266,71.3076400756836,68.2267074584961,2653456
2010-03-17,TRENT.NS,Trent Ltd,Growth / Compounder,71.7203598022461,73.61549377441406,70.33059692382812,72.53316497802734,69.3992919921875,3241501
2010-03-18,TRENT.NS,Trent Ltd,Growth / Compounder,73.1438217163086,73.69129943847656,71.0044174194336,71.39608001708984,68.31132507324219,270372
2010-03-19,TRENT.NS,Trent Ltd,Growth / Compounder,71.5855941772461,72.17940521240234,69.41250610351562,69.93472290039062,66.9131088256836,197783
2010-03-22,TRENT.NS,Trent Ltd,Growth / Compounder,67.71952056884766,71.54769134521484,67.71952056884766,69.10928344726562,66.12334442138672,290840
2010-03-23,TRENT.NS,Trent Ltd,Growth / Compounder,69.62307739257812,70.65066528320312,68.89871215820312,69.91787719726562,66.89698791503906,141211
2010-03-25,TRENT.NS,Trent Ltd,Growth / Compounder,71.08865356445312,71.08865356445312,69.15139770507812,69.93472290039062,66.9131088256836,71211
2010-03-26,TRENT.NS,Trent Ltd,Growth / Compounder,70.33059692382812,71.08865356445312,69.48831176757812,69.83786010742188,66.8204116821289,47478
2010-03-29,TRENT.NS,Trent Ltd,Growth / Compounder,69.90945434570312,69.90945434570312,68.64602661132812,69.07138061523438,66.08708190917969,125741
2010-03-30,TRENT.NS,Trent Ltd,Growth / Compounder,68.39334869384766,69.82101440429688,67.48368072509766,68.1532974243164,65.20866394042969,65607
2010-03-31,TRENT.NS,Trent Ltd,Growth / Compounder,68.39334869384766,69.65676879882812,67.4794692993164,67.6900405883789,64.7654037475586,43963
2010-04-01,TRENT.NS,Trent Ltd,Growth / Compounder,67.80374908447266,68.88607788085938,67.63529205322266,67.7826919555664,64.85405731201172,29348
2010-04-05,TRENT.NS,Trent Ltd,Growth / Compounder,68.56180572509766,70.75173950195312,67.80374908447266,69.95156860351562,66.9292221069336,110283
2010-04-06,TRENT.NS,Trent Ltd,Growth / Compounder,70.07791137695312,70.58328247070312,68.43546295166016,68.92398071289062,65.94603729248047,667436
2010-04-07,TRENT.NS,Trent Ltd,Growth / Compounder,69.48410034179688,69.48410034179688,68.2291030883789,68.73026275634766,65.76068115234375,47300
2010-04-08,TRENT.NS,Trent Ltd,Growth / Compounder,69.90103149414062,69.90103149414062,68.22489166259766,68.7007827758789,65.73249053955078,44581
2010-04-09,TRENT.NS,Trent Ltd,Growth / Compounder,67.88797760009766,69.47988891601562,67.80374908447266,68.83975219726562,65.86546325683594,18354
2010-04-12,TRENT.NS,Trent Ltd,Growth / Compounder,68.81448364257812,71.5855941772461,68.30912017822266,69.84628295898438,66.82848358154297,114640
2010-04-13,TRENT.NS,Trent Ltd,Growth / Compounder,70.16213989257812,70.16213989257812,67.88797760009766,68.31754302978516,65.36579132080078,57866
2010-04-15,TRENT.NS,Trent Ltd,Growth / Compounder,69.06716918945312,71.16867065429688,68.56180572509766,69.87576293945312,66.8567123413086,192180
2010-04-16,TRENT.NS,Trent Ltd,Growth / Compounder,70.65908813476562,70.65908813476562,68.43546295166016,68.71340942382812,65.74455261230469,18437
2010-04-19,TRENT.NS,Trent Ltd,Growth / Compounder,68.89871215820312,68.89871215820312,67.80374908447266,68.11539459228516,65.1723861694336,17060
2010-04-20,TRENT.NS,Trent Ltd,Growth / Compounder,67.71952056884766,69.06295776367188,67.38260650634766,67.5131607055664,64.5961685180664,46860
2010-04-21,TRENT.NS,Trent Ltd,Growth / Compounder,68.64181518554688,68.64181518554688,66.96146392822266,67.13834381103516,64.237548828125,76067
2010-04-22,TRENT.NS,Trent Ltd,Growth / Compounder,69.90945434570312,69.90945434570312,67.22257232666016,67.42472076416016,64.51155090332031,297299
2010-04-23,TRENT.NS,Trent Ltd,Growth / Compounder,68.16593170166016,68.16593170166016,66.96146392822266,67.6310806274414,64.7090072631836,32126
2010-04-26,TRENT.NS,Trent Ltd,Growth / Compounder,68.22489166259766,68.63760375976562,67.39102935791016,67.83744049072266,64.90641784667969,48748
2010-04-27,TRENT.NS,Trent Ltd,Growth / Compounder,68.22489166259766,69.65676879882812,67.12992095947266,67.4120864868164,64.49948120117188,76530
2010-04-28,TRENT.NS,Trent Ltd,Growth / Compounder,65.88755798339844,67.4205093383789,65.88755798339844,66.7298355102539,63.84669876098633,40069
2010-04-29,TRENT.NS,Trent Ltd,Growth / Compounder,67.97220611572266,68.14066314697266,66.81827545166016,67.61844635009766,64.6968994140625,32673
2010-04-30,TRENT.NS,Trent Ltd,Growth / Compounder,68.97451782226562,69.06716918945312,67.37418365478516,68.54495239257812,65.5833969116211,59113
2010-05-03,TRENT.NS,Trent Ltd,Growth / Compounder,67.74478912353516,70.65066528320312,67.38260650634766,69.23562622070312,66.24421691894531,158664
2010-05-04,TRENT.NS,Trent Ltd,Growth / Compounder,69.90945434570312,70.40640258789062,67.76163482666016,68.0943374633789,65.1522216796875,66604
2010-05-05,TRENT.NS,Trent Ltd,Growth / Compounder,67.38260650634766,67.79532623291016,66.19498443603516,66.37186431884766,63.50419998168945,30417
2010-05-06,TRENT.NS,Trent Ltd,Growth / Compounder,67.12992095947266,69.48831176757812,65.69804382324219,68.5997085571289,65.63577270507812,97829
2010-05-07,TRENT.NS,Trent Ltd,Growth / Compounder,67.37418365478516,68.22489166259766,66.14444732666016,66.7214126586914,63.83863067626953,18058
2010-05-10,TRENT.NS,Trent Ltd,Growth / Compounder,69.05874633789062,69.05874633789062,67.00357818603516,67.9006118774414,64.96687316894531,43204
2010-05-11,TRENT.NS,Trent Ltd,Growth / Compounder,67.21414947509766,70.58328247070312,67.07938385009766,67.4120864868164,64.49948120117188,20218
2010-05-12,TRENT.NS,Trent Ltd,Growth / Compounder,67.10465240478516,69.90103149414062,66.96988677978516,69.20614624023438,66.21601867675781,137317
2010-05-13,TRENT.NS,Trent Ltd,Growth / Compounder,68.97451782226562,69.90103149414062,67.5805435180664,69.49252319335938,66.4900131225586,34370
2010-05-14,TRENT.NS,Trent Ltd,Growth / Compounder,68.64602661132812,69.82101440429688,68.22489166259766,69.48831176757812,66.48599243164062,103908
2010-05-17,TRENT.NS,Trent Ltd,Growth / Compounder,68.3133316040039,69.90945434570312,68.2459487915039,69.65255737304688,66.64312744140625,25145
2010-05-18,TRENT.NS,Trent Ltd,Growth / Compounder,68.3975601196289,69.89260864257812,67.97220611572266,68.30912017822266,65.35773468017578,8025
2010-05-19,TRENT.NS,Trent Ltd,Growth / Compounder,67.6816177368164,68.88607788085938,66.70035552978516,66.90250396728516,64.01187896728516,31770
2010-05-20,TRENT.NS,Trent Ltd,Growth / Compounder,66.88565826416016,68.21646881103516,66.88565826416016,67.0414810180664,64.1448745727539,143360
2010-05-21,TRENT.NS,Trent Ltd,Growth / Compounder,64.91050720214844,69.06716918945312,64.91050720214844,68.4396743774414,65.48265838623047,79474
2010-05-24,TRENT.NS,Trent Ltd,Growth / Compounder,68.64602661132812,69.82522583007812,65.74858093261719,69.18508911132812,66.19585418701172,54506
2010-05-25,TRENT.NS,Trent Ltd,Growth / Compounder,69.71151733398438,69.71151733398438,66.96146392822266,68.02274322509766,65.0837173461914,113477
2010-05-26,TRENT.NS,Trent Ltd,Growth / Compounder,67.8079605102539,69.90945434570312,67.46683502197266,69.54727172851562,66.5423812866211,182029
2010-05-27,TRENT.NS,Trent Ltd,Growth / Compounder,68.40177154541016,69.39566040039062,68.3133316040039,68.89450073242188,65.91783905029297,607836
2010-05-28,TRENT.NS,Trent Ltd,Growth / Compounder,70.57907104492188,70.75173950195312,68.64602661132812,68.85238647460938,65.87755584716797,24065
2010-05-31,TRENT.NS,Trent Ltd,Growth / Compounder,68.64602661132812,69.74099731445312,67.7237319946289,67.95536041259766,65.0192642211914,35510
2010-06-01,TRENT.NS,Trent Ltd,Growth / Compounder,67.80374908447266,69.04611206054688,67.0667495727539,68.2712173461914,65.32147979736328,23080
2010-06-02,TRENT.NS,Trent Ltd,Growth / Compounder,69.06716918945312,69.81259155273438,67.82059478759766,69.48831176757812,66.48599243164062,43987
2010-06-03,TRENT.NS,Trent Ltd,Growth / Compounder,68.85659790039062,74.11244201660156,68.85659790039062,73.72077941894531,70.53557586669922,284607
2010-06-04,TRENT.NS,Trent Ltd,Growth / Compounder,71.4508285522461,73.69972229003906,71.1728744506836,72.7984848022461,69.65312957763672,53604
2010-06-07,TRENT.NS,Trent Ltd,Growth / Compounder,71.1728744506836,72.0909652709961,70.50747680664062,71.6866683959961,68.58936309814453,34703
2010-06-08,TRENT.NS,Trent Ltd,Growth / Compounder,70.33059692382812,73.1775131225586,70.33059692382812,72.5289535522461,69.39525604248047,49342
2010-06-09,TRENT.NS,Trent Ltd,Growth / Compounder,73.1101303100586,73.1101303100586,71.2571029663086,71.6866683959961,68.58936309814453,19411
2010-06-10,TRENT.NS,Trent Ltd,Growth / Compounder,71.6782455444336,72.8405990600586,71.01705932617188,72.56685638427734,69.43151092529297,32910
2010-06-11,TRENT.NS,Trent Ltd,Growth / Compounder,72.8574447631836,74.44514465332031,71.34554290771484,73.83448791503906,70.6443862915039,106733
2010-06-14,TRENT.NS,Trent Ltd,Growth / Compounder,73.2870101928711,79.848388671875,73.2870101928711,76.44556427001953,73.14265441894531,660372
2010-06-15,TRENT.NS,Trent Ltd,Growth / Compounder,75.80543518066406,76.56348419189453,74.54200744628906,74.71046447753906,71.48249816894531,83083
2010-06-16,TRENT.NS,Trent Ltd,Growth / Compounder,74.28932189941406,76.14234161376953,74.28932189941406,75.00105285644531,71.76054382324219,66865
2010-06-17,TRENT.NS,Trent Ltd,Growth / Compounder,74.96315002441406,75.21162414550781,74.12507629394531,74.16297912597656,70.95866394042969,27377
2010-06-18,TRENT.NS,Trent Ltd,Growth / Compounder,74.12086486816406,74.95893859863281,74.12086486816406,74.12928771972656,70.92643737792969,20527
2010-06-21,TRENT.NS,Trent Ltd,Growth / Compounder,75.21583557128906,75.21583557128906,74.12086486816406,74.47041320800781,71.25285339355469,156337
2010-06-22,TRENT.NS,Trent Ltd,Growth / Compounder,73.80921936035156,74.95051574707031,73.80921936035156,74.08717346191406,70.88614654541016,27496
2010-06-23,TRENT.NS,Trent Ltd,Growth / Compounder,74.08717346191406,76.98462677001953,74.08717346191406,76.61402130126953,73.30382537841797,121633
2010-06-24,TRENT.NS,Trent Ltd,Growth / Compounder,75.80543518066406,77.00989532470703,75.38850402832031,75.62855529785156,72.3609390258789,32067
2010-06-25,TRENT.NS,Trent Ltd,Growth / Compounder,75.38850402832031,75.38850402832031,73.69972229003906,74.56727600097656,71.34550476074219,23792
2010-06-28,TRENT.NS,Trent Ltd,Growth / Compounder,75.46009826660156,75.52748107910156,74.12928771972656,74.65150451660156,71.42608642578125,26380
2010-06-29,TRENT.NS,Trent Ltd,Growth / Compounder,74.53358459472656,75.46852111816406,74.46620178222656,74.87471008300781,71.6396713256836,10827
2010-06-30,TRENT.NS,Trent Ltd,Growth / Compounder,74.65150451660156,77.32154083251953,74.62623596191406,76.56769561767578,73.2594985961914,50315
2010-07-01,TRENT.NS,Trent Ltd,Growth / Compounder,76.22657775878906,76.81616973876953,75.63697814941406,75.82228088378906,72.5462875366211,43963
2010-07-02,TRENT.NS,Trent Ltd,Growth / Compounder,76.64771270751953,82.54369354248047,76.31079864501953,80.33270263671875,76.86183166503906,278908
2010-07-05,TRENT.NS,Trent Ltd,Growth / Compounder,80.859130859375,89.61465454101562,79.1829833984375,85.53800964355469,81.84223175048828,2019381
2010-07-06,TRENT.NS,Trent Ltd,Growth / Compounder,86.3339614868164,89.14718627929688,86.3339614868164,88.52811431884766,84.7031478881836,1012997
2010-07-07,TRENT.NS,Trent Ltd,Growth / Compounder,88.86080932617188,95.59907531738281,87.5973892211914,95.04316711425781,90.93670654296875,2248687
2010-07-08,TRENT.NS,Trent Ltd,Growth / Compounder,113.0,113.0,95.5999984741211,96.88999938964844,92.70374298095703,2503140
2010-07-09,TRENT.NS,Trent Ltd,Growth / Compounder,97.0,100.30000305175781,96.19999694824219,96.9749984741211,92.78507232666016,1197700
2010-07-12,TRENT.NS,Trent Ltd,Growth / Compounder,97.51000213623047,98.80000305175781,93.5,94.23999786376953,90.1682357788086,617000
2010-07-13,TRENT.NS,Trent Ltd,Growth / Compounder,94.0,94.99500274658203,92.12000274658203,92.875,88.86222839355469,598310
2010-07-14,TRENT.NS,Trent Ltd,Growth / Compounder,94.0,94.5,91.19999694824219,91.26499938964844,87.32177734375,285780
2010-07-15,TRENT.NS,Trent Ltd,Growth / Compounder,91.98999786376953,92.5,88.0999984741211,90.0250015258789,86.13536834716797,270510
2010-07-16,TRENT.NS,Trent Ltd,Growth / Compounder,90.5,93.9000015258789,90.0,93.26499938964844,89.23538970947266,735590
2010-07-19,TRENT.NS,Trent Ltd,Growth / Compounder,92.30000305175781,94.9000015258789,92.30000305175781,94.01499938964844,89.95296478271484,338010
2010-07-20,TRENT.NS,Trent Ltd,Growth / Compounder,93.5999984741211,95.63999938964844,93.0,93.05500030517578,89.03443908691406,183620
2010-07-21,TRENT.NS,Trent Ltd,Growth / Compounder,93.88500213623047,93.88500213623047,92.5,92.91000366210938,88.89569091796875,111250
2010-07-22,TRENT.NS,Trent Ltd,Growth / Compounder,92.5,93.9749984741211,91.69999694824219,92.38500213623047,88.39338684082031,66160
2010-07-23,TRENT.NS,Trent Ltd,Growth / Compounder,92.5999984741211,95.19999694824219,92.01499938964844,92.30999755859375,88.32162475585938,257790
2010-07-26,TRENT.NS,Trent Ltd,Growth / Compounder,93.4000015258789,93.4000015258789,91.5,91.51499938964844,87.56097412109375,68340
2010-07-27,TRENT.NS,Trent Ltd,Growth / Compounder,92.58999633789062,92.8499984741211,91.19999694824219,91.44000244140625,87.48922729492188,47030
2010-07-28,TRENT.NS,Trent Ltd,Growth / Compounder,91.19999694824219,92.59500122070312,90.90499877929688,91.11499786376953,87.17826843261719,118800
2010-07-29,TRENT.NS,Trent Ltd,Growth / Compounder,91.5,93.59500122070312,90.5999984741211,91.52999877929688,87.5753402709961,146620
2010-07-30,TRENT.NS,Trent Ltd,Growth / Compounder,92.0,92.19999694824219,91.4000015258789,91.4800033569336,87.5274887084961,97830
2010-08-02,TRENT.NS,Trent Ltd,Growth / Compounder,92.0,92.0,88.20500183105469,88.50499725341797,84.68103790283203,243070
2010-08-03,TRENT.NS,Trent Ltd,Growth / Compounder,89.0,90.0,85.62000274658203,88.67500305175781,84.84369659423828,278560
2010-08-04,TRENT.NS,Trent Ltd,Growth / Compounder,89.5999984741211,91.80000305175781,89.00499725341797,89.59500122070312,85.72394561767578,374570
2010-08-05,TRENT.NS,Trent Ltd,Growth / Compounder,90.44499969482422,90.44499969482422,87.19999694824219,87.80000305175781,84.0064926147461,97300
2010-08-06,TRENT.NS,Trent Ltd,Growth / Compounder,87.80000305175781,88.5999984741211,86.30000305175781,87.52999877929688,83.7481689453125,97070
2010-08-09,TRENT.NS,Trent Ltd,Growth / Compounder,86.4000015258789,88.5,84.62000274658203,86.36499786376953,83.04463195800781,115830
2010-08-10,TRENT.NS,Trent Ltd,Growth / Compounder,87.19000244140625,87.25,83.9000015258789,85.92500305175781,82.62154388427734,195800
2010-08-11,TRENT.NS,Trent Ltd,Growth / Compounder,86.0,86.5,84.11499786376953,84.51499938964844,81.26575469970703,71480
2010-08-12,TRENT.NS,Trent Ltd,Growth / Compounder,84.0,85.9000015258789,84.0,85.05999755859375,81.789794921875,114920
2010-08-13,TRENT.NS,Trent Ltd,Growth / Compounder,85.0,86.19000244140625,84.30000305175781,85.20500183105469,81.9292221069336,109270
2010-08-16,TRENT.NS,Trent Ltd,Growth / Compounder,84.4000015258789,102.25,84.4000015258789,97.93499755859375,94.16980743408203,4645310
2010-08-17,TRENT.NS,Trent Ltd,Growth / Compounder,98.9000015258789,114.9000015258789,98.5,106.96499633789062,102.85263061523438,15834230
2010-08-18,TRENT.NS,Trent Ltd,Growth / Compounder,107.87000274658203,112.0,103.3499984741211,105.2300033569336,101.18434143066406,7017430
2010-08-19,TRENT.NS,Trent Ltd,Growth / Compounder,105.80000305175781,106.65499877929688,100.12999725341797,103.21499633789062,99.2468032836914,3247360
2010-08-20,TRENT.NS,Trent Ltd,Growth / Compounder,103.4749984741211,106.0,102.24500274658203,104.94999694824219,100.91510772705078,1342300
2010-08-23,TRENT.NS,Trent Ltd,Growth / Compounder,106.11000061035156,108.98999786376953,105.01000213623047,106.6500015258789,102.54973602294922,1298040
2010-08-24,TRENT.NS,Trent Ltd,Growth / Compounder,106.9000015258789,106.9000015258789,101.80000305175781,102.56500244140625,98.62179565429688,598820
2010-08-25,TRENT.NS,Trent Ltd,Growth / Compounder,102.69999694824219,106.5,100.9800033569336,103.66999816894531,99.68431091308594,1130660
2010-08-26,TRENT.NS,Trent Ltd,Growth / Compounder,104.79499816894531,106.98999786376953,101.52999877929688,102.31999969482422,98.38623046875,1652740
2010-08-27,TRENT.NS,Trent Ltd,Growth / Compounder,102.88999938964844,105.625,101.80000305175781,102.48500061035156,98.54488372802734,426180
2010-08-30,TRENT.NS,Trent Ltd,Growth / Compounder,103.5,104.53500366210938,101.50499725341797,102.65499877929688,98.70833587646484,255530
2010-08-31,TRENT.NS,Trent Ltd,Growth / Compounder,103.0,103.0,100.30000305175781,102.53500366210938,98.59295654296875,628390
2010-09-01,TRENT.NS,Trent Ltd,Growth / Compounder,103.0,106.37999725341797,103.0,105.86000061035156,101.7901382446289,932570
2010-09-02,TRENT.NS,Trent Ltd,Growth / Compounder,105.5,108.98999786376953,104.75,107.30999755859375,103.18437194824219,961660
2010-09-03,TRENT.NS,Trent Ltd,Growth / Compounder,107.5,117.30000305175781,106.5,113.06999969482422,108.72293090820312,3408620
2010-09-06,TRENT.NS,Trent Ltd,Growth / Compounder,115.01000213623047,119.6449966430664,114.00499725341797,116.74500274658203,112.25663757324219,2123520
2010-09-07,TRENT.NS,Trent Ltd,Growth / Compounder,117.80000305175781,117.94000244140625,110.13999938964844,112.63999938964844,108.30945587158203,694850
2010-09-08,TRENT.NS,Trent Ltd,Growth / Compounder,110.80000305175781,116.0,110.80000305175781,113.50499725341797,109.14120483398438,1571960
2010-09-09,TRENT.NS,Trent Ltd,Growth / Compounder,114.5,119.5,113.02999877929688,115.18499755859375,110.75662994384766,2131450
2010-09-13,TRENT.NS,Trent Ltd,Growth / Compounder,116.30000305175781,116.69499969482422,113.0,115.69000244140625,111.24219512939453,731700
2010-09-14,TRENT.NS,Trent Ltd,Growth / Compounder,116.5,116.5,112.5999984741211,115.20999908447266,110.78063201904297,355100
2010-09-15,TRENT.NS,Trent Ltd,Growth / Compounder,115.5999984741211,117.80000305175781,114.0,114.7300033569336,110.3191146850586,431550
2010-09-16,TRENT.NS,Trent Ltd,Growth / Compounder,115.0,116.69999694824219,111.1500015258789,112.50499725341797,108.17964935302734,242000
2010-09-17,TRENT.NS,Trent Ltd,Growth / Compounder,113.58999633789062,116.5,113.00499725341797,114.83999633789062,110.42486572265625,987080
2010-09-20,TRENT.NS,Trent Ltd,Growth / Compounder,115.9000015258789,116.19999694824219,111.5999984741211,113.81999969482422,109.44409942626953,383390
2010-09-21,TRENT.NS,Trent Ltd,Growth / Compounder,113.9000015258789,115.69000244140625,110.13999938964844,111.38999938964844,107.10751342773438,260260
2010-09-22,TRENT.NS,Trent Ltd,Growth / Compounder,112.00499725341797,112.49500274658203,107.13999938964844,107.91000366210938,103.76130676269531,360350
2010-09-23,TRENT.NS,Trent Ltd,Growth / Compounder,109.17500305175781,109.17500305175781,105.19999694824219,106.5999984741211,102.50167846679688,290150
2010-09-24,TRENT.NS,Trent Ltd,Growth / Compounder,106.4000015258789,107.4000015258789,103.5999984741211,104.18499755859375,100.17952728271484,232380
2010-09-27,TRENT.NS,Trent Ltd,Growth / Compounder,105.00499725341797,111.37000274658203,105.0,106.88999938964844,102.78053283691406,1396820
2010-09-28,TRENT.NS,Trent Ltd,Growth / Compounder,107.9000015258789,107.9000015258789,104.00499725341797,104.81500244140625,100.78530883789062,284200
2010-09-29,TRENT.NS,Trent Ltd,Growth / Compounder,105.5,107.9000015258789,105.0,106.72000122070312,102.6170654296875,461260
2010-09-30,TRENT.NS,Trent Ltd,Growth / Compounder,104.9800033569336,106.9800033569336,104.0999984741211,105.16999816894531,101.12664794921875,272720
2010-10-01,TRENT.NS,Trent Ltd,Growth / Compounder,106.80000305175781,108.0,105.0999984741211,105.55000305175781,101.49205017089844,613080
2010-10-04,TRENT.NS,Trent Ltd,Growth / Compounder,106.0,107.19499969482422,104.5,104.92500305175781,100.89105987548828,224660
2010-10-05,TRENT.NS,Trent Ltd,Growth / Compounder,104.4000015258789,106.19999694824219,103.0,103.30000305175781,99.32854461669922,1380340
2010-10-06,TRENT.NS,Trent Ltd,Growth / Compounder,104.5,105.0,103.19999694824219,104.04000091552734,100.04008483886719,119270
2010-10-07,TRENT.NS,Trent Ltd,Growth / Compounder,104.58999633789062,106.47000122070312,103.5,104.41999816894531,100.40548706054688,419890
2010-10-08,TRENT.NS,Trent Ltd,Growth / Compounder,103.5,105.5999984741211,100.69999694824219,101.75,97.838134765625,255400
2010-10-11,TRENT.NS,Trent Ltd,Growth / Compounder,102.5,103.80999755859375,101.51000213623047,102.13999938964844,98.21314239501953,96360
2010-10-12,TRENT.NS,Trent Ltd,Growth / Compounder,101.5,105.80000305175781,100.82499694824219,103.0,99.04007720947266,362140
2010-10-13,TRENT.NS,Trent Ltd,Growth / Compounder,103.69999694824219,105.5,102.9000015258789,103.72000122070312,99.73239135742188,209620
2010-10-14,TRENT.NS,Trent Ltd,Growth / Compounder,104.5,105.19999694824219,103.01000213623047,104.2249984741211,100.21798706054688,122340
2010-10-15,TRENT.NS,Trent Ltd,Growth / Compounder,103.5999984741211,104.4000015258789,101.16999816894531,101.91999816894531,98.00160217285156,104130
2010-10-18,TRENT.NS,Trent Ltd,Growth / Compounder,100.19999694824219,102.69999694824219,99.9000015258789,100.94499969482422,97.0640869140625,86180
2010-10-19,TRENT.NS,Trent Ltd,Growth / Compounder,100.69999694824219,104.30000305175781,100.0,101.8550033569336,97.9390869140625,191390
2010-10-20,TRENT.NS,Trent Ltd,Growth / Compounder,101.0,102.30000305175781,98.0999984741211,99.32499694824219,95.50636291503906,94420
2010-10-21,TRENT.NS,Trent Ltd,Growth / Compounder,101.99500274658203,101.99500274658203,98.80000305175781,99.90499877929688,96.06405639648438,186000
2010-10-22,TRENT.NS,Trent Ltd,Growth / Compounder,100.7300033569336,100.80000305175781,96.69999694824219,98.23500061035156,94.4582748413086,167950
2010-10-25,TRENT.NS,Trent Ltd,Growth / Compounder,98.19999694824219,106.9000015258789,98.08999633789062,105.40499877929688,101.35261535644531,712850
2010-10-26,TRENT.NS,Trent Ltd,Growth / Compounder,106.0,109.0,104.5999984741211,105.31500244140625,101.26608276367188,1453030
2010-10-27,TRENT.NS,Trent Ltd,Growth / Compounder,105.5,106.69000244140625,101.13999938964844,102.34500122070312,98.41024780273438,567720
2010-10-28,TRENT.NS,Trent Ltd,Growth / Compounder,103.24500274658203,105.4000015258789,100.80000305175781,101.51499938964844,97.6121597290039,145520
2010-10-29,TRENT.NS,Trent Ltd,Growth / Compounder,102.19999694824219,103.19999694824219,99.11000061035156,101.48999786376953,97.58811950683594,231300
2010-11-01,TRENT.NS,Trent Ltd,Growth / Compounder,101.23999786376953,102.94999694824219,100.0,101.09500122070312,97.20833587646484,180760
2010-11-02,TRENT.NS,Trent Ltd,Growth / Compounder,102.0,102.80000305175781,100.50499725341797,101.61000061035156,97.70350646972656,61880
2010-11-03,TRENT.NS,Trent Ltd,Growth / Compounder,101.0,102.63999938964844,100.70500183105469,101.04000091552734,97.15543365478516,56480
2010-11-04,TRENT.NS,Trent Ltd,Growth / Compounder,102.27999877929688,102.27999877929688,100.5999984741211,101.24500274658203,97.3525619506836,51090
2010-11-08,TRENT.NS,Trent Ltd,Growth / Compounder,102.0999984741211,105.98999786376953,99.0,103.94499969482422,99.94873046875,190040
2010-11-09,TRENT.NS,Trent Ltd,Growth / Compounder,103.5,104.5999984741211,102.0,102.87000274658203,98.91507720947266,75930
2010-11-10,TRENT.NS,Trent Ltd,Growth / Compounder,102.9000015258789,105.5,101.80000305175781,103.24500274658203,99.27565002441406,167450
2010-11-11,TRENT.NS,Trent Ltd,Growth / Compounder,103.0,104.87000274658203,99.5,101.3550033569336,97.45830535888672,273760
2010-11-12,TRENT.NS,Trent Ltd,Growth / Compounder,104.80000305175781,104.80000305175781,98.8949966430664,99.6500015258789,95.81886291503906,169540
2010-11-15,TRENT.NS,Trent Ltd,Growth / Compounder,100.98999786376953,104.0,98.51000213623047,99.06999969482422,95.26118469238281,319350
2010-11-16,TRENT.NS,Trent Ltd,Growth / Compounder,100.0,100.77999877929688,96.01499938964844,97.44999694824219,93.70344543457031,161290
2010-11-18,TRENT.NS,Trent Ltd,Growth / Compounder,96.5,98.80000305175781,95.11499786376953,96.26499938964844,92.56401062011719,178290
2010-11-19,TRENT.NS,Trent Ltd,Growth / Compounder,96.0999984741211,97.0999984741211,92.0,93.125,89.54473114013672,85930
2010-11-22,TRENT.NS,Trent Ltd,Growth / Compounder,93.88999938964844,95.5,92.51000213623047,95.13500213623047,91.47746276855469,96420
2010-11-23,TRENT.NS,Trent Ltd,Growth / Compounder,94.0,94.58999633789062,92.51000213623047,94.06999969482422,90.45339965820312,93590
2010-11-24,TRENT.NS,Trent Ltd,Growth / Compounder,93.0999984741211,96.0,92.19999694824219,94.01499938964844,90.4005355834961,105380
2010-11-25,TRENT.NS,Trent Ltd,Growth / Compounder,95.5,98.87999725341797,93.0,94.61499786376953,90.97744750976562,53190
2010-11-26,TRENT.NS,Trent Ltd,Growth / Compounder,94.69999694824219,94.83999633789062,86.66000366210938,90.41500091552734,86.93892669677734,319700
2010-11-29,TRENT.NS,Trent Ltd,Growth / Compounder,90.5,90.77999877929688,87.30000305175781,89.98500061035156,86.52544403076172,184000
2010-11-30,TRENT.NS,Trent Ltd,Growth / Compounder,88.6050033569336,90.9000015258789,88.5,90.01000213623047,86.54948425292969,303370
2010-12-01,TRENT.NS,Trent Ltd,Growth / Compounder,91.19999694824219,93.30500030517578,90.19999694824219,90.875,87.38123321533203,126750
2010-12-02,TRENT.NS,Trent Ltd,Growth / Compounder,93.80000305175781,93.80000305175781,90.30000305175781,90.94499969482422,87.44854736328125,51080
2010-12-03,TRENT.NS,Trent Ltd,Growth / Compounder,89.01000213623047,92.37999725341797,84.0,86.73500061035156,83.40039825439453,65490
2010-12-06,TRENT.NS,Trent Ltd,Growth / Compounder,86.80000305175781,89.98999786376953,86.5,87.91000366210938,84.53023529052734,293020
2010-12-07,TRENT.NS,Trent Ltd,Growth / Compounder,88.00499725341797,89.4000015258789,86.6050033569336,88.75,85.33792114257812,75470
2010-12-08,TRENT.NS,Trent Ltd,Growth / Compounder,89.16999816894531,89.9000015258789,87.30000305175781,87.44999694824219,84.08790588378906,48210
2010-12-09,TRENT.NS,Trent Ltd,Growth / Compounder,87.5,88.5,86.26000213623047,87.51000213623047,84.1456069946289,199560
2010-12-10,TRENT.NS,Trent Ltd,Growth / Compounder,87.19999694824219,89.0,87.19999694824219,87.61499786376953,84.2465591430664,52160
2010-12-13,TRENT.NS,Trent Ltd,Growth / Compounder,88.30000305175781,89.7699966430664,87.5,88.0199966430664,84.6360092163086,377910
2010-12-14,TRENT.NS,Trent Ltd,Growth / Compounder,89.0,89.5999984741211,87.9000015258789,88.69999694824219,85.28985595703125,497680
2010-12-15,TRENT.NS,Trent Ltd,Growth / Compounder,89.0,89.0,87.5,87.74500274658203,84.37158966064453,54190
2010-12-16,TRENT.NS,Trent Ltd,Growth / Compounder,88.30000305175781,89.0,87.52999877929688,88.42500305175781,85.02542877197266,34560
2010-12-20,TRENT.NS,Trent Ltd,Growth / Compounder,87.53500366210938,89.80000305175781,87.53500366210938,87.92500305175781,84.54466247558594,100450
2010-12-21,TRENT.NS,Trent Ltd,Growth / Compounder,87.19999694824219,89.0,87.0,88.0,84.61676788330078,63050
2010-12-22,TRENT.NS,Trent Ltd,Growth / Compounder,87.19999694824219,89.0999984741211,87.19999694824219,87.69000244140625,84.31868743896484,27360
2010-12-23,TRENT.NS,Trent Ltd,Growth / Compounder,88.01000213623047,88.80000305175781,87.2249984741211,88.16999816894531,84.78022766113281,21690
2010-12-24,TRENT.NS,Trent Ltd,Growth / Compounder,87.30000305175781,88.69499969482422,87.30000305175781,88.06500244140625,84.67927551269531,25380
2010-12-27,TRENT.NS,Trent Ltd,Growth / Compounder,89.80000305175781,89.80000305175781,87.80000305175781,87.90499877929688,84.52542114257812,16560
2010-12-28,TRENT.NS,Trent Ltd,Growth / Compounder,88.41000366210938,97.98999786376953,88.00499725341797,91.88999938964844,88.35721588134766,2600900
2010-12-29,TRENT.NS,Trent Ltd,Growth / Compounder,92.5,93.83499908447266,90.00499725341797,93.0,89.42454528808594,369890
2010-12-30,TRENT.NS,Trent Ltd,Growth / Compounder,93.48999786376953,96.88999938964844,92.50499725341797,93.54499816894531,89.94857788085938,2816870
2010-12-31,TRENT.NS,Trent Ltd,Growth / Compounder,93.98999786376953,96.9000015258789,92.11000061035156,96.375,92.66976928710938,890540
2011-01-03,TRENT.NS,Trent Ltd,Growth / Compounder,96.55000305175781,97.0,94.51499938964844,94.75499725341797,91.112060546875,111690
2011-01-04,TRENT.NS,Trent Ltd,Growth / Compounder,93.12000274658203,95.88500213623047,92.51000213623047,93.80500030517578,90.19860076904297,63410
2011-01-05,TRENT.NS,Trent Ltd,Growth / Compounder,93.0,94.9000015258789,92.30000305175781,92.54499816894531,88.98703002929688,53710
2011-01-06,TRENT.NS,Trent Ltd,Growth / Compounder,93.20999908447266,93.80000305175781,89.22000122070312,90.2699966430664,86.79948425292969,36510
2011-01-07,TRENT.NS,Trent Ltd,Growth / Compounder,92.5,93.4800033569336,88.0,88.30000305175781,84.90523529052734,54500
2011-01-10,TRENT.NS,Trent Ltd,Growth / Compounder,87.5999984741211,89.80000305175781,87.3550033569336,87.98999786376953,84.60717010498047,80380
2011-01-11,TRENT.NS,Trent Ltd,Growth / Compounder,87.0999984741211,90.9000015258789,87.0999984741211,88.65499877929688,85.24657440185547,41220
2011-01-12,TRENT.NS,Trent Ltd,Growth / Compounder,87.80000305175781,89.5,87.0999984741211,88.24500274658203,84.85236358642578,60440
2011-01-13,TRENT.NS,Trent Ltd,Growth / Compounder,87.4000015258789,96.18000030517578,87.4000015258789,87.79000091552734,84.41484832763672,89200
2011-01-14,TRENT.NS,Trent Ltd,Growth / Compounder,86.9000015258789,89.0,86.9000015258789,87.91000366210938,84.53023529052734,25930
2011-01-17,TRENT.NS,Trent Ltd,Growth / Compounder,87.05000305175781,90.0,87.05000305175781,88.04000091552734,84.65522003173828,74540
2011-01-18,TRENT.NS,Trent Ltd,Growth / Compounder,89.38999938964844,90.5,87.69999694824219,89.68000030517578,86.23219299316406,107150
2011-01-19,TRENT.NS,Trent Ltd,Growth / Compounder,88.70500183105469,92.48999786376953,88.70500183105469,89.7699966430664,86.31871032714844,78520
2011-01-20,TRENT.NS,Trent Ltd,Growth / Compounder,89.9000015258789,89.9000015258789,88.01499938964844,88.50499725341797,85.10234832763672,26430
2011-01-21,TRENT.NS,Trent Ltd,Growth / Compounder,88.5250015258789,89.5999984741211,88.5250015258789,88.7750015258789,85.36196899414062,21510
2011-01-24,TRENT.NS,Trent Ltd,Growth / Compounder,88.3499984741211,90.01000213623047,88.3499984741211,89.51499938964844,86.0735092163086,21770
2011-01-25,TRENT.NS,Trent Ltd,Growth / Compounder,90.0,92.9000015258789,90.0,90.46499633789062,86.98698425292969,180030
2011-01-27,TRENT.NS,Trent Ltd,Growth / Compounder,90.0,90.9000015258789,86.19999694824219,86.84500122070312,83.50617980957031,110170
2011-01-28,TRENT.NS,Trent Ltd,Growth / Compounder,85.5,88.0,81.8499984741211,84.74500274658203,81.48690795898438,234070
2011-01-31,TRENT.NS,Trent Ltd,Growth / Compounder,84.5,85.5,82.51499938964844,84.55000305175781,81.2994155883789,58450
2011-02-01,TRENT.NS,Trent Ltd,Growth / Compounder,83.80000305175781,86.29000091552734,83.01499938964844,83.86000061035156,80.63593292236328,62490
2011-02-02,TRENT.NS,Trent Ltd,Growth / Compounder,84.0,84.52999877929688,82.51499938964844,82.88999938964844,79.7032241821289,54550
2011-02-03,TRENT.NS,Trent Ltd,Growth / Compounder,82.55500030517578,84.5,82.55000305175781,83.92500305175781,80.69841766357422,19720
2011-02-04,TRENT.NS,Trent Ltd,Growth / Compounder,83.27999877929688,84.5,82.51499938964844,82.73500061035156,79.55416870117188,18350
2011-02-07,TRENT.NS,Trent Ltd,Growth / Compounder,82.70999908447266,84.44999694824219,82.4000015258789,82.94999694824219,79.76091003417969,29060
2011-02-08,TRENT.NS,Trent Ltd,Growth / Compounder,82.5999984741211,82.98999786376953,80.5,80.87999725341797,77.77050018310547,50030
2011-02-09,TRENT.NS,Trent Ltd,Growth / Compounder,80.01499938964844,80.5,75.20500183105469,76.80000305175781,73.84735107421875,43240
2011-02-10,TRENT.NS,Trent Ltd,Growth / Compounder,76.00499725341797,77.8499984741211,75.25,77.16500091552734,74.19832611083984,29950
2011-02-11,TRENT.NS,Trent Ltd,Growth / Compounder,77.01000213623047,82.49500274658203,75.81999969482422,79.27999877929688,76.23200225830078,115890
2011-02-14,TRENT.NS,Trent Ltd,Growth / Compounder,82.5,84.69999694824219,79.5250015258789,83.59500122070312,80.3811264038086,71040
2011-02-15,TRENT.NS,Trent Ltd,Growth / Compounder,83.4000015258789,84.58999633789062,81.36499786376953,82.00499725341797,78.85225677490234,49390
2011-02-16,TRENT.NS,Trent Ltd,Growth / Compounder,82.0,83.80000305175781,81.50499725341797,82.37999725341797,79.21281433105469,1012750
2011-02-17,TRENT.NS,Trent Ltd,Growth / Compounder,82.0,84.48999786376953,82.0,83.37000274658203,80.16478729248047,372780
2011-02-18,TRENT.NS,Trent Ltd,Growth / Compounder,82.40499877929688,84.48999786376953,81.51499938964844,82.52999877929688,79.35706329345703,272810
2011-02-21,TRENT.NS,Trent Ltd,Growth / Compounder,81.00499725341797,83.98999786376953,81.00499725341797,83.20500183105469,80.00611114501953,8970
2011-02-22,TRENT.NS,Trent Ltd,Growth / Compounder,81.70999908447266,84.94000244140625,81.70999908447266,84.19000244140625,80.95323944091797,31900
2011-02-23,TRENT.NS,Trent Ltd,Growth / Compounder,83.50499725341797,84.19499969482422,83.0,83.03500366210938,79.8426513671875,17410
2011-02-24,TRENT.NS,Trent Ltd,Growth / Compounder,82.0999984741211,83.36499786376953,80.40499877929688,81.36499786376953,78.23685455322266,27190
2011-02-25,TRENT.NS,Trent Ltd,Growth / Compounder,80.5999984741211,84.82499694824219,80.5999984741211,83.83499908447266,80.61189270019531,75480
2011-02-28,TRENT.NS,Trent Ltd,Growth / Compounder,91.9000015258789,91.9000015258789,82.08000183105469,82.90499877929688,79.71764373779297,242640
2011-03-01,TRENT.NS,Trent Ltd,Growth / Compounder,82.0199966430664,85.80000305175781,81.72000122070312,84.62999725341797,81.37632751464844,38480
2011-03-03,TRENT.NS,Trent Ltd,Growth / Compounder,82.65499877929688,84.09500122070312,82.65499877929688,82.96499633789062,79.77534484863281,18150
2011-03-04,TRENT.NS,Trent Ltd,Growth / Compounder,83.0,84.0,80.13500213623047,81.19000244140625,78.06857299804688,31290
2011-03-07,TRENT.NS,Trent Ltd,Growth / Compounder,80.4000015258789,90.98500061035156,80.4000015258789,86.21499633789062,82.90038299560547,1520060
2011-03-08,TRENT.NS,Trent Ltd,Growth / Compounder,85.19999694824219,90.9000015258789,84.01000213623047,89.70999908447266,86.2610092163086,1346370
2011-03-09,TRENT.NS,Trent Ltd,Growth / Compounder,90.5,96.2699966430664,90.18000030517578,91.09500122070312,87.59276580810547,1117640
2011-03-10,TRENT.NS,Trent Ltd,Growth / Compounder,90.80000305175781,93.5,85.0,89.19499969482422,85.76581573486328,225970
2011-03-11,TRENT.NS,Trent Ltd,Growth / Compounder,88.1050033569336,92.79499816894531,86.1050033569336,91.13500213623047,87.63126373291016,320670
2011-03-14,TRENT.NS,Trent Ltd,Growth / Compounder,88.76000213623047,92.0999984741211,88.33499908447266,90.15499877929688,86.68891143798828,94060
2011-03-15,TRENT.NS,Trent Ltd,Growth / Compounder,86.0,91.9000015258789,86.0,88.06999969482422,84.68406677246094,316790
2011-03-16,TRENT.NS,Trent Ltd,Growth / Compounder,88.06999969482422,90.9000015258789,86.0999984741211,88.4000015258789,85.00138854980469,130240
2011-03-17,TRENT.NS,Trent Ltd,Growth / Compounder,88.59500122070312,89.80000305175781,87.22000122070312,87.84500122070312,84.46772766113281,45930
2011-03-18,TRENT.NS,Trent Ltd,Growth / Compounder,89.33000183105469,89.33000183105469,87.51000213623047,88.1449966430664,84.75617218017578,80550
2011-03-21,TRENT.NS,Trent Ltd,Growth / Compounder,87.55500030517578,89.79000091552734,87.55500030517578,88.25,84.85713958740234,53720
2011-03-22,TRENT.NS,Trent Ltd,Growth / Compounder,87.4000015258789,89.0,87.4000015258789,88.58000183105469,85.17447662353516,47680
2011-03-23,TRENT.NS,Trent Ltd,Growth / Compounder,87.69999694824219,94.9000015258789,87.6050033569336,91.5999984741211,88.07835388183594,124540
2011-03-24,TRENT.NS,Trent Ltd,Growth / Compounder,90.5,93.5,90.0,91.73999786376953,88.21295928955078,144300
2011-03-25,TRENT.NS,Trent Ltd,Growth / Compounder,92.4000015258789,94.375,91.50499725341797,93.29000091552734,89.70338439941406,127390
2011-03-28,TRENT.NS,Trent Ltd,Growth / Compounder,92.19999694824219,94.80000305175781,91.6050033569336,94.18499755859375,90.56397247314453,85180
2011-03-29,TRENT.NS,Trent Ltd,Growth / Compounder,94.0,96.19999694824219,93.19999694824219,94.26499938964844,90.64090728759766,125680
2011-03-30,TRENT.NS,Trent Ltd,Growth / Compounder,93.80500030517578,97.9000015258789,93.80500030517578,97.06999969482422,93.33805084228516,361910
2011-03-31,TRENT.NS,Trent Ltd,Growth / Compounder,97.51000213623047,98.99500274658203,95.6050033569336,98.26499938964844,94.48710632324219,348730
2011-04-01,TRENT.NS,Trent Ltd,Growth / Compounder,98.80000305175781,98.80000305175781,96.19999694824219,97.41500091552734,93.66979217529297,59570
2011-04-04,TRENT.NS,Trent Ltd,Growth / Compounder,97.0199966430664,99.0199966430664,96.72000122070312,97.83999633789062,94.07846069335938,42030
2011-04-05,TRENT.NS,Trent Ltd,Growth / Compounder,96.80500030517578,98.48500061035156,96.0999984741211,96.70500183105469,92.98709106445312,36030
2011-04-06,TRENT.NS,Trent Ltd,Growth / Compounder,97.79000091552734,97.99500274658203,96.19999694824219,96.53500366210938,92.82363891601562,28210
2011-04-07,TRENT.NS,Trent Ltd,Growth / Compounder,97.5,97.5,94.5,95.46499633789062,91.79476165771484,36290
2011-04-08,TRENT.NS,Trent Ltd,Growth / Compounder,96.0,96.5,95.0,95.25499725341797,91.59283447265625,58900
2011-04-11,TRENT.NS,Trent Ltd,Growth / Compounder,95.5,95.7750015258789,94.02999877929688,94.69499969482422,91.05436706542969,264010
2011-04-13,TRENT.NS,Trent Ltd,Growth / Compounder,95.0,97.0,93.78500366210938,95.4000015258789,91.7322769165039,87370
2011-04-15,TRENT.NS,Trent Ltd,Growth / Compounder,94.58999633789062,96.19000244140625,94.01000213623047,94.74500274658203,91.10244750976562,38000
2011-04-18,TRENT.NS,Trent Ltd,Growth / Compounder,93.55000305175781,95.5,93.55000305175781,94.0199966430664,90.40531158447266,27310
2011-04-19,TRENT.NS,Trent Ltd,Growth / Compounder,96.5999984741211,97.5,93.51000213623047,93.95500183105469,90.34282684326172,17940
2011-04-20,TRENT.NS,Trent Ltd,Growth / Compounder,94.0,101.5,93.5999984741211,100.56500244140625,96.6987075805664,810650
2011-04-21,TRENT.NS,Trent Ltd,Growth / Compounder,102.5,102.5,97.28500366210938,98.16999816894531,94.39575958251953,132660
2011-04-25,TRENT.NS,Trent Ltd,Growth / Compounder,98.25,99.0,95.50499725341797,96.1449966430664,92.44861602783203,54370
2011-04-26,TRENT.NS,Trent Ltd,Growth / Compounder,96.69999694824219,96.9000015258789,95.19999694824219,96.05999755859375,92.36688232421875,26390
2011-04-27,TRENT.NS,Trent Ltd,Growth / Compounder,96.30000305175781,99.4000015258789,95.61000061035156,96.42500305175781,92.71785736083984,50820
2011-04-28,TRENT.NS,Trent Ltd,Growth / Compounder,95.5,98.87999725341797,95.5,97.82499694824219,94.06403350830078,48960
2011-04-29,TRENT.NS,Trent Ltd,Growth / Compounder,98.69499969482422,103.0,97.19999694824219,100.16999816894531,96.3188705444336,784690
2011-05-02,TRENT.NS,Trent Ltd,Growth / Compounder,100.79499816894531,101.08999633789062,97.80000305175781,98.19000244140625,94.4150161743164,71200
2011-05-03,TRENT.NS,Trent Ltd,Growth / Compounder,97.58999633789062,98.5,96.55999755859375,97.20500183105469,93.46786499023438,28430
2011-05-04,TRENT.NS,Trent Ltd,Growth / Compounder,97.69999694824219,97.69999694824219,96.01000213623047,96.78500366210938,93.06403350830078,17710
2011-05-05,TRENT.NS,Trent Ltd,Growth / Compounder,96.26000213623047,97.5,96.19999694824219,96.98999786376953,93.2611312866211,41080
2011-05-06,TRENT.NS,Trent Ltd,Growth / Compounder,97.0,98.24500274658203,95.26000213623047,95.82499694824219,92.14093780517578,46310
2011-05-09,TRENT.NS,Trent Ltd,Growth / Compounder,96.9000015258789,97.1500015258789,94.9000015258789,95.7249984741211,92.0447769165039,45040
2011-05-10,TRENT.NS,Trent Ltd,Growth / Compounder,94.5,100.0,94.5,97.45500183105469,93.708251953125,243000
2011-05-11,TRENT.NS,Trent Ltd,Growth / Compounder,98.51000213623047,99.9000015258789,97.51499938964844,99.48999786376953,95.66500854492188,338240
2011-05-12,TRENT.NS,Trent Ltd,Growth / Compounder,99.9000015258789,102.3949966430664,98.80000305175781,100.05999755859375,96.21309661865234,138190
2011-05-13,TRENT.NS,Trent Ltd,Growth / Compounder,100.5999984741211,101.0,98.2300033569336,99.80999755859375,95.97270965576172,42570
2011-05-16,TRENT.NS,Trent Ltd,Growth / Compounder,98.9000015258789,100.48999786376953,98.61000061035156,99.71499633789062,95.88137817382812,26080
2011-05-17,TRENT.NS,Trent Ltd,Growth / Compounder,97.62000274658203,100.47000122070312,97.62000274658203,99.4800033569336,95.65541076660156,28130
2011-05-18,TRENT.NS,Trent Ltd,Growth / Compounder,99.20500183105469,100.5,98.50499725341797,99.94499969482422,96.1025161743164,58150
2011-05-19,TRENT.NS,Trent Ltd,Growth / Compounder,100.5,103.5,100.0,102.16999816894531,98.24197387695312,189630
2011-05-20,TRENT.NS,Trent Ltd,Growth / Compounder,102.0,103.0,100.0,101.46499633789062,97.5640869140625,34060
2011-05-23,TRENT.NS,Trent Ltd,Growth / Compounder,101.4000015258789,101.4000015258789,99.51000213623047,100.08000183105469,96.23233032226562,24140
2011-05-24,TRENT.NS,Trent Ltd,Growth / Compounder,100.0,100.5,99.4000015258789,99.7249984741211,95.89097595214844,65270
2011-05-25,TRENT.NS,Trent Ltd,Growth / Compounder,100.0,106.19499969482422,99.0999984741211,101.18000030517578,97.29005432128906,501530
2011-05-26,TRENT.NS,Trent Ltd,Growth / Compounder,101.5,102.0,99.12000274658203,99.95999908447266,96.11695861816406,41560
2011-05-27,TRENT.NS,Trent Ltd,Growth / Compounder,101.0,102.0,99.19999694824219,101.24500274658203,97.3525619506836,51620
2011-05-30,TRENT.NS,Trent Ltd,Growth / Compounder,101.0,103.5,100.19999694824219,102.68499755859375,98.7371826171875,46380
2011-05-31,TRENT.NS,Trent Ltd,Growth / Compounder,102.5999984741211,103.5,101.30000305175781,102.17500305175781,98.24679565429688,20200
2011-06-01,TRENT.NS,Trent Ltd,Growth / Compounder,101.19999694824219,103.0,101.19999694824219,102.03500366210938,98.1121826171875,23720
2011-06-02,TRENT.NS,Trent Ltd,Growth / Compounder,101.0,105.69999694824219,101.0,104.32499694824219,100.31413269042969,127320
2011-06-03,TRENT.NS,Trent Ltd,Growth / Compounder,104.4000015258789,107.9000015258789,102.20500183105469,104.7750015258789,100.74684143066406,178820
2011-06-06,TRENT.NS,Trent Ltd,Growth / Compounder,103.5250015258789,106.79499816894531,102.5999984741211,103.58999633789062,99.60739135742188,13470
2011-06-07,TRENT.NS,Trent Ltd,Growth / Compounder,102.65499877929688,106.5,102.65499877929688,103.46499633789062,99.4872055053711,126850
2011-06-08,TRENT.NS,Trent Ltd,Growth / Compounder,103.0,104.48999786376953,102.5,103.08999633789062,99.12661743164062,40280
2011-06-09,TRENT.NS,Trent Ltd,Growth / Compounder,102.5999984741211,108.45999908447266,102.5999984741211,106.16999816894531,102.08818817138672,172310
2011-06-10,TRENT.NS,Trent Ltd,Growth / Compounder,103.58999633789062,115.70999908447266,103.58999633789062,110.7300033569336,106.47288513183594,1802640
2011-06-13,TRENT.NS,Trent Ltd,Growth / Compounder,110.0,112.5,106.5250015258789,108.29499816894531,104.13150787353516,211090
2011-06-14,TRENT.NS,Trent Ltd,Growth / Compounder,104.5999984741211,108.98999786376953,104.5999984741211,107.49500274658203,103.3622817993164,95660
2011-06-15,TRENT.NS,Trent Ltd,Growth / Compounder,107.19999694824219,113.80000305175781,105.0999984741211,108.54000091552734,104.36710357666016,464410
2011-06-16,TRENT.NS,Trent Ltd,Growth / Compounder,108.0,109.48999786376953,106.19999694824219,107.12999725341797,103.01130676269531,76810
2011-06-17,TRENT.NS,Trent Ltd,Growth / Compounder,105.11499786376953,112.0,103.03500366210938,106.26000213623047,102.17475128173828,119650
2011-06-20,TRENT.NS,Trent Ltd,Growth / Compounder,107.5,108.44999694824219,102.5999984741211,104.4000015258789,100.38626098632812,79390
2011-06-21,TRENT.NS,Trent Ltd,Growth / Compounder,105.00499725341797,108.4000015258789,99.5,102.26000213623047,98.32852935791016,252490
2011-06-22,TRENT.NS,Trent Ltd,Growth / Compounder,105.80000305175781,105.80000305175781,103.69999694824219,104.83499908447266,100.80453491210938,73810
2011-06-23,TRENT.NS,Trent Ltd,Growth / Compounder,104.19999694824219,106.83499908447266,104.01000213623047,105.66500091552734,101.60260772705078,600340
2011-06-24,TRENT.NS,Trent Ltd,Growth / Compounder,106.0,108.9000015258789,105.18000030517578,106.56500244140625,102.46802520751953,64980
2011-06-27,TRENT.NS,Trent Ltd,Growth / Compounder,103.58999633789062,109.5,103.58999633789062,108.5199966430664,104.34785461425781,95080
2011-06-28,TRENT.NS,Trent Ltd,Growth / Compounder,109.9000015258789,114.9000015258789,108.19999694824219,112.69000244140625,108.3575439453125,565820
2011-06-29,TRENT.NS,Trent Ltd,Growth / Compounder,112.5,116.80000305175781,112.19999694824219,115.93499755859375,111.47779083251953,286520
2011-06-30,TRENT.NS,Trent Ltd,Growth / Compounder,117.0,118.68000030517578,112.66500091552734,114.55999755859375,110.15563201904297,199430
2011-07-01,TRENT.NS,Trent Ltd,Growth / Compounder,114.69999694824219,117.9000015258789,110.11499786376953,115.68000030517578,111.2325668334961,194410
2011-07-04,TRENT.NS,Trent Ltd,Growth / Compounder,115.80000305175781,123.4000015258789,115.70500183105469,122.30000305175781,117.59807586669922,1129030
2011-07-05,TRENT.NS,Trent Ltd,Growth / Compounder,122.9000015258789,127.9000015258789,122.5,123.86499786376953,119.10291290283203,946210
2011-07-06,TRENT.NS,Trent Ltd,Growth / Compounder,124.0,125.5,120.16000366210938,121.5999984741211,116.92498016357422,318610
2011-07-07,TRENT.NS,Trent Ltd,Growth / Compounder,122.5,125.0,121.0999984741211,121.87999725341797,117.19419860839844,408180
2011-07-08,TRENT.NS,Trent Ltd,Growth / Compounder,122.22000122070312,123.0999984741211,119.5,120.12999725341797,115.51148986816406,159850
2011-07-11,TRENT.NS,Trent Ltd,Growth / Compounder,121.3949966430664,121.48999786376953,118.0199966430664,119.05000305175781,114.47303771972656,145560
2011-07-12,TRENT.NS,Trent Ltd,Growth / Compounder,116.0,122.19999694824219,116.0,120.91000366210938,116.26152038574219,114560
2011-07-13,TRENT.NS,Trent Ltd,Growth / Compounder,121.79000091552734,121.79499816894531,118.5,119.49500274658203,114.90092468261719,80940
2011-07-14,TRENT.NS,Trent Ltd,Growth / Compounder,119.41000366210938,120.80000305175781,116.66000366210938,119.05500030517578,114.47782135009766,71260
2011-07-15,TRENT.NS,Trent Ltd,Growth / Compounder,120.0,123.9000015258789,119.2300033569336,121.125,116.46825408935547,256760
2011-07-18,TRENT.NS,Trent Ltd,Growth / Compounder,121.55000305175781,124.55000305175781,119.5999984741211,123.75499725341797,119.49037170410156,185620
2011-07-19,TRENT.NS,Trent Ltd,Growth / Compounder,120.11499786376953,124.8949966430664,115.9000015258789,121.5250015258789,117.33723449707031,114360
2011-07-20,TRENT.NS,Trent Ltd,Growth / Compounder,123.0,123.77999877929688,119.5199966430664,121.38500213623047,117.20205688476562,75120
2011-07-21,TRENT.NS,Trent Ltd,Growth / Compounder,121.9000015258789,126.0999984741211,121.9000015258789,123.33999633789062,119.08968353271484,322180
2011-07-22,TRENT.NS,Trent Ltd,Growth / Compounder,124.7300033569336,126.5,122.125,123.63500213623047,119.37452697753906,605300
2011-07-25,TRENT.NS,Trent Ltd,Growth / Compounder,126.11499786376953,128.0,119.51499938964844,120.41999816894531,116.27030944824219,618120
2011-07-26,TRENT.NS,Trent Ltd,Growth / Compounder,122.0,122.4000015258789,119.0,120.12999725341797,115.99031066894531,132270
2011-07-27,TRENT.NS,Trent Ltd,Growth / Compounder,119.0,123.30000305175781,118.94499969482422,120.13999938964844,115.99996185302734,825240
2011-07-28,TRENT.NS,Trent Ltd,Growth / Compounder,118.7750015258789,120.87000274658203,118.5,119.93499755859375,115.80200958251953,248630
2011-07-29,TRENT.NS,Trent Ltd,Growth / Compounder,121.69999694824219,121.80000305175781,120.0,121.08999633789062,116.91722106933594,115410
2011-08-01,TRENT.NS,Trent Ltd,Growth / Compounder,120.0,123.0,120.0,121.52999877929688,117.34205627441406,270720
2011-08-02,TRENT.NS,Trent Ltd,Growth / Compounder,121.19999694824219,122.0,120.0,120.26000213623047,116.1158218383789,128850
2011-08-03,TRENT.NS,Trent Ltd,Growth / Compounder,119.11000061035156,123.0,118.5,120.55000305175781,116.3958511352539,1025940
2011-08-04,TRENT.NS,Trent Ltd,Growth / Compounder,121.19999694824219,122.46499633789062,119.0,120.13999938964844,115.99996185302734,128120
2011-08-05,TRENT.NS,Trent Ltd,Growth / Compounder,119.08999633789062,119.08999633789062,116.0999984741211,116.7699966430664,112.74609375,277140
2011-08-08,TRENT.NS,Trent Ltd,Growth / Compounder,115.11000061035156,118.95500183105469,112.5,114.56999969482422,110.62189483642578,61030
2011-08-09,TRENT.NS,Trent Ltd,Growth / Compounder,110.11000061035156,114.80000305175781,110.0999984741211,112.53500366210938,108.65702819824219,103690
2011-08-10,TRENT.NS,Trent Ltd,Growth / Compounder,114.5,117.5,114.0,116.54000091552734,112.52400207519531,421390
2011-08-11,TRENT.NS,Trent Ltd,Growth / Compounder,113.11499786376953,120.9000015258789,113.11499786376953,120.0,115.86478424072266,121640
2011-08-12,TRENT.NS,Trent Ltd,Growth / Compounder,121.0,121.6500015258789,119.05000305175781,120.34500122070312,116.19789123535156,75050
2011-08-16,TRENT.NS,Trent Ltd,Growth / Compounder,119.0,121.99500274658203,118.49500274658203,119.69999694824219,115.57511901855469,55990
2011-08-17,TRENT.NS,Trent Ltd,Growth / Compounder,120.5,122.09500122070312,118.05000305175781,120.91999816894531,116.75306701660156,85440
2011-08-18,TRENT.NS,Trent Ltd,Growth / Compounder,118.5,120.0,115.0,118.74500274658203,114.65304565429688,40580
2011-08-19,TRENT.NS,Trent Ltd,Growth / Compounder,117.0,117.0,113.5,116.26000213623047,112.25367736816406,59320
2011-08-22,TRENT.NS,Trent Ltd,Growth / Compounder,116.9800033569336,116.9800033569336,112.9000015258789,115.11499786376953,111.14813232421875,24470
2011-08-23,TRENT.NS,Trent Ltd,Growth / Compounder,117.0,117.0,112.41000366210938,114.42500305175781,110.48191833496094,35060
2011-08-24,TRENT.NS,Trent Ltd,Growth / Compounder,114.80000305175781,116.52999877929688,110.5,110.96499633789062,107.14111328125,59090
2011-08-25,TRENT.NS,Trent Ltd,Growth / Compounder,111.0,111.9000015258789,109.20999908447266,109.92500305175781,106.13700103759766,26860
2011-08-26,TRENT.NS,Trent Ltd,Growth / Compounder,109.55000305175781,110.4000015258789,105.0,106.06999969482422,102.41481018066406,45450
2011-08-29,TRENT.NS,Trent Ltd,Growth / Compounder,105.5,111.0,105.5,109.61000061035156,105.83282470703125,107560
2011-08-30,TRENT.NS,Trent Ltd,Growth / Compounder,110.55000305175781,113.9000015258789,109.08499908447266,111.46499633789062,107.62389373779297,79610
2011-09-02,TRENT.NS,Trent Ltd,Growth / Compounder,111.80000305175781,114.4000015258789,109.0,109.56999969482422,105.79421997070312,535660
2011-09-05,TRENT.NS,Trent Ltd,Growth / Compounder,110.99500274658203,112.0,110.19999694824219,111.3499984741211,107.51285552978516,17780
2011-09-06,TRENT.NS,Trent Ltd,Growth / Compounder,108.4000015258789,113.49500274658203,108.4000015258789,112.20500183105469,108.33841705322266,24000
2011-09-07,TRENT.NS,Trent Ltd,Growth / Compounder,112.0,117.5999984741211,112.0,116.66999816894531,112.6495361328125,105070
2011-09-08,TRENT.NS,Trent Ltd,Growth / Compounder,115.0,119.0,113.55999755859375,115.18000030517578,111.21088409423828,173380
2011-09-09,TRENT.NS,Trent Ltd,Growth / Compounder,115.18000030517578,115.4000015258789,112.75,113.41500091552734,109.5066909790039,10300
2011-09-12,TRENT.NS,Trent Ltd,Growth / Compounder,110.4000015258789,112.79000091552734,109.25,112.0199966430664,108.15975952148438,49750
2011-09-13,TRENT.NS,Trent Ltd,Growth / Compounder,110.5250015258789,113.19999694824219,109.02999877929688,110.77999877929688,106.9625015258789,22530
2011-09-14,TRENT.NS,Trent Ltd,Growth / Compounder,109.62000274658203,113.20999908447266,108.36499786376953,109.3550033569336,105.58661651611328,81200
2011-09-15,TRENT.NS,Trent Ltd,Growth / Compounder,110.0,112.80000305175781,109.51000213623047,110.95999908447266,107.13630676269531,270410
2011-09-16,TRENT.NS,Trent Ltd,Growth / Compounder,112.0,112.4800033569336,110.0,110.99500274658203,107.17010498046875,20440
2011-09-19,TRENT.NS,Trent Ltd,Growth / Compounder,112.0,112.0,107.5250015258789,108.71499633789062,104.96867370605469,22700
2011-09-20,TRENT.NS,Trent Ltd,Growth / Compounder,110.0,111.23999786376953,108.6050033569336,109.62000274658203,105.84248352050781,104270
2011-09-21,TRENT.NS,Trent Ltd,Growth / Compounder,105.80000305175781,113.0,105.80000305175781,110.88500213623047,107.0638656616211,130300
2011-09-22,TRENT.NS,Trent Ltd,Growth / Compounder,108.0,114.19999694824219,107.49500274658203,108.53500366210938,104.79487609863281,231140
2011-09-23,TRENT.NS,Trent Ltd,Growth / Compounder,108.5,112.4000015258789,107.55500030517578,108.77999877929688,105.03143310546875,635690
2011-09-26,TRENT.NS,Trent Ltd,Growth / Compounder,109.0,109.5,105.02999877929688,106.01499938964844,102.36172485351562,321820
2011-09-27,TRENT.NS,Trent Ltd,Growth / Compounder,107.99500274658203,109.48500061035156,107.00499725341797,107.98999786376953,104.26866912841797,673450
2011-09-28,TRENT.NS,Trent Ltd,Growth / Compounder,108.4000015258789,110.9800033569336,107.5,109.58499908447266,105.8086929321289,116630
2011-09-29,TRENT.NS,Trent Ltd,Growth / Compounder,108.80000305175781,114.0999984741211,107.83999633789062,110.73500061035156,106.91905212402344,173800
2011-09-30,TRENT.NS,Trent Ltd,Growth / Compounder,111.0,111.0,108.5999984741211,109.97000122070312,106.180419921875,161230
2011-10-03,TRENT.NS,Trent Ltd,Growth / Compounder,109.19999694824219,110.0,108.00499725341797,108.93499755859375,105.18106842041016,34100
2011-10-04,TRENT.NS,Trent Ltd,Growth / Compounder,109.4749984741211,110.0,107.8949966430664,108.94499969482422,105.19073486328125,79310
2011-10-05,TRENT.NS,Trent Ltd,Growth / Compounder,113.98999786376953,113.98999786376953,105.5,106.16500091552734,102.50654602050781,91350
2011-10-07,TRENT.NS,Trent Ltd,Growth / Compounder,108.0,108.9000015258789,106.32499694824219,106.7300033569336,103.05209350585938,21140
2011-10-10,TRENT.NS,Trent Ltd,Growth / Compounder,109.5,110.80000305175781,104.72000122070312,106.33499908447266,102.6706771850586,59150
2011-10-11,TRENT.NS,Trent Ltd,Growth / Compounder,109.0,109.0,106.21499633789062,108.125,104.39900207519531,64410
2011-10-12,TRENT.NS,Trent Ltd,Growth / Compounder,108.09500122070312,108.5,106.0,107.2249984741211,103.5300064086914,30580
2011-10-13,TRENT.NS,Trent Ltd,Growth / Compounder,108.0,108.19000244140625,106.43000030517578,106.84500122070312,103.16310119628906,11450
2011-10-14,TRENT.NS,Trent Ltd,Growth / Compounder,107.01000213623047,107.5999984741211,106.16999816894531,106.52999877929688,102.85894775390625,10950
2011-10-17,TRENT.NS,Trent Ltd,Growth / Compounder,106.8949966430664,109.0,106.30000305175781,106.7249984741211,103.04724884033203,60310
2011-10-18,TRENT.NS,Trent Ltd,Growth / Compounder,105.7249984741211,106.49500274658203,102.80000305175781,103.43499755859375,99.87062072753906,102850
2011-10-19,TRENT.NS,Trent Ltd,Growth / Compounder,104.9000015258789,105.0,103.20500183105469,103.92500305175781,100.34373474121094,81900
2011-10-20,TRENT.NS,Trent Ltd,Growth / Compounder,103.5,104.86000061035156,102.0999984741211,103.99500274658203,100.41133117675781,26870
2011-10-21,TRENT.NS,Trent Ltd,Growth / Compounder,102.61499786376953,105.0,102.61499786376953,103.4800033569336,99.91407012939453,57710
2011-10-24,TRENT.NS,Trent Ltd,Growth / Compounder,101.41999816894531,104.5,100.11499786376953,103.3499984741211,99.78852844238281,122010
2011-10-25,TRENT.NS,Trent Ltd,Growth / Compounder,103.05999755859375,103.99500274658203,101.83499908447266,103.43000030517578,99.86577606201172,105600
2011-10-28,TRENT.NS,Trent Ltd,Growth / Compounder,108.4000015258789,111.0999984741211,105.5,110.56999969482422,106.75973510742188,94830
2011-10-31,TRENT.NS,Trent Ltd,Growth / Compounder,110.16999816894531,112.0,108.0,108.8550033569336,105.10384368896484,62540
2011-11-01,TRENT.NS,Trent Ltd,Growth / Compounder,108.0,109.5,104.0,106.8550033569336,103.17276763916016,36640
2011-11-02,TRENT.NS,Trent Ltd,Growth / Compounder,105.50499725341797,108.68000030517578,105.19999694824219,106.54499816894531,102.87344360351562,42840
2011-11-03,TRENT.NS,Trent Ltd,Growth / Compounder,103.9000015258789,105.5,90.125,103.32499694824219,99.76441192626953,190030
2011-11-04,TRENT.NS,Trent Ltd,Growth / Compounder,103.32499694824219,105.06500244140625,103.0,104.58000183105469,100.97615814208984,84510
2011-11-08,TRENT.NS,Trent Ltd,Growth / Compounder,104.62999725341797,105.0,103.0,103.78500366210938,100.20854187011719,32710
2011-11-09,TRENT.NS,Trent Ltd,Growth / Compounder,103.51000213623047,103.99500274658203,102.05999755859375,102.55999755859375,99.02577209472656,31530
2011-11-11,TRENT.NS,Trent Ltd,Growth / Compounder,103.80000305175781,103.80000305175781,99.5,99.88500213623047,96.44296264648438,138020
2011-11-14,TRENT.NS,Trent Ltd,Growth / Compounder,101.9000015258789,101.9000015258789,99.1050033569336,99.69000244140625,96.25466918945312,69420
2011-11-15,TRENT.NS,Trent Ltd,Growth / Compounder,99.30999755859375,100.38999938964844,99.30999755859375,99.98999786376953,96.54434204101562,37560
2011-11-16,TRENT.NS,Trent Ltd,Growth / Compounder,98.5999984741211,104.5,98.5999984741211,103.30999755859375,99.74993133544922,119770
2011-11-17,TRENT.NS,Trent Ltd,Growth / Compounder,103.30000305175781,106.5999984741211,100.5250015258789,103.51499938964844,99.94786071777344,176430
2011-11-18,TRENT.NS,Trent Ltd,Growth / Compounder,105.79000091552734,106.5,101.5,102.8949966430664,99.34922790527344,350790
2011-11-21,TRENT.NS,Trent Ltd,Growth / Compounder,100.62000274658203,103.7699966430664,99.4000015258789,99.93499755859375,96.4912109375,70160
2011-11-22,TRENT.NS,Trent Ltd,Growth / Compounder,99.19999694824219,101.9000015258789,98.0999984741211,100.73999786376953,97.26847839355469,67020
2011-11-23,TRENT.NS,Trent Ltd,Growth / Compounder,101.8949966430664,101.8949966430664,95.94000244140625,96.36499786376953,93.04426574707031,73580
2011-11-24,TRENT.NS,Trent Ltd,Growth / Compounder,97.48999786376953,99.5,92.23500061035156,97.41500091552734,94.05804443359375,384280
2011-11-25,TRENT.NS,Trent Ltd,Growth / Compounder,111.5,114.0,102.0,105.81500244140625,102.16859436035156,1490720
2011-11-28,TRENT.NS,Trent Ltd,Growth / Compounder,105.30999755859375,105.30999755859375,101.0999984741211,102.63500213623047,99.09819030761719,270410
2011-11-29,TRENT.NS,Trent Ltd,Growth / Compounder,102.0,102.0,95.80000305175781,98.58000183105469,95.18292999267578,299910
2011-11-30,TRENT.NS,Trent Ltd,Growth / Compounder,96.5,101.4000015258789,95.0,99.94499969482422,96.5008773803711,251390
2011-12-01,TRENT.NS,Trent Ltd,Growth / Compounder,101.4800033569336,102.5,99.0250015258789,99.41500091552734,95.98914337158203,131320
2011-12-02,TRENT.NS,Trent Ltd,Growth / Compounder,99.16000366210938,100.79000091552734,98.1050033569336,99.49500274658203,96.06639099121094,74400
2011-12-05,TRENT.NS,Trent Ltd,Growth / Compounder,97.5,98.3550033569336,95.41000366210938,96.25,92.93321228027344,207140
2011-12-07,TRENT.NS,Trent Ltd,Growth / Compounder,96.0,97.69000244140625,94.80000305175781,95.62000274658203,92.3249282836914,182770
2011-12-08,TRENT.NS,Trent Ltd,Growth / Compounder,95.01000213623047,96.0,93.11499786376953,94.12000274658203,90.8766098022461,83870
2011-12-09,TRENT.NS,Trent Ltd,Growth / Compounder,92.71499633789062,93.5,91.9000015258789,92.41999816894531,89.23519897460938,38620
2011-12-12,TRENT.NS,Trent Ltd,Growth / Compounder,93.98999786376953,97.99500274658203,91.98500061035156,93.25499725341797,90.04141998291016,49030
2011-12-13,TRENT.NS,Trent Ltd,Growth / Compounder,94.5,94.5,90.5250015258789,90.80999755859375,87.68067169189453,25800
2011-12-14,TRENT.NS,Trent Ltd,Growth / Compounder,90.80000305175781,92.69999694824219,89.11000061035156,89.93499755859375,86.83582305908203,39730
2011-12-15,TRENT.NS,Trent Ltd,Growth / Compounder,89.0,90.0,87.21499633789062,88.63999938964844,85.58544921875,54520
2011-12-16,TRENT.NS,Trent Ltd,Growth / Compounder,89.9800033569336,89.9800033569336,85.4749984741211,86.4000015258789,83.42264556884766,25970
2011-12-19,TRENT.NS,Trent Ltd,Growth / Compounder,86.69999694824219,86.69999694824219,82.0999984741211,83.4000015258789,80.52603149414062,43050
2011-12-20,TRENT.NS,Trent Ltd,Growth / Compounder,83.11499786376953,86.24500274658203,80.19999694824219,83.55500030517578,80.67570495605469,105190
2011-12-21,TRENT.NS,Trent Ltd,Growth / Compounder,84.0999984741211,88.49500274658203,82.82499694824219,87.25,84.24335479736328,83430
2011-12-22,TRENT.NS,Trent Ltd,Growth / Compounder,87.0,87.49500274658203,85.34500122070312,86.91500091552734,83.9198989868164,41410
2011-12-23,TRENT.NS,Trent Ltd,Growth / Compounder,86.0,88.5,84.48999786376953,85.20999908447266,82.27365112304688,24180
2011-12-26,TRENT.NS,Trent Ltd,Growth / Compounder,86.4800033569336,88.78500366210938,84.5999984741211,88.15499877929688,85.1171646118164,40010
2011-12-27,TRENT.NS,Trent Ltd,Growth / Compounder,86.80000305175781,88.0,84.50499725341797,86.21499633789062,83.2440185546875,66230
2011-12-28,TRENT.NS,Trent Ltd,Growth / Compounder,87.8949966430664,87.8949966430664,82.69999694824219,83.86499786376953,80.9749984741211,34480
2011-12-29,TRENT.NS,Trent Ltd,Growth / Compounder,83.51000213623047,86.4800033569336,82.3499984741211,83.95999908447266,81.06671905517578,37640
2011-12-30,TRENT.NS,Trent Ltd,Growth / Compounder,84.79499816894531,85.9800033569336,83.13999938964844,85.05999755859375,82.12882995605469,264820
2012-01-02,TRENT.NS,Trent Ltd,Growth / Compounder,84.0,85.0,83.5999984741211,84.05000305175781,81.15364074707031,8580
2012-01-03,TRENT.NS,Trent Ltd,Growth / Compounder,85.9000015258789,86.5,84.5,85.1050033569336,82.17227172851562,22260
2012-01-04,TRENT.NS,Trent Ltd,Growth / Compounder,84.50499725341797,86.19999694824219,83.0,83.875,80.98466491699219,15790
2012-01-05,TRENT.NS,Trent Ltd,Growth / Compounder,83.9749984741211,84.80000305175781,82.65499877929688,83.16500091552734,80.29911804199219,31800
2012-01-06,TRENT.NS,Trent Ltd,Growth / Compounder,84.69000244140625,84.9000015258789,80.12999725341797,81.12000274658203,78.3246078491211,643790
2012-01-09,TRENT.NS,Trent Ltd,Growth / Compounder,84.9000015258789,84.9000015258789,81.70999908447266,83.16500091552734,80.29911804199219,125620
2012-01-10,TRENT.NS,Trent Ltd,Growth / Compounder,83.4000015258789,85.4000015258789,82.80500030517578,83.33999633789062,80.46808624267578,97090
2012-01-11,TRENT.NS,Trent Ltd,Growth / Compounder,85.19999694824219,89.09500122070312,84.30000305175781,84.87999725341797,81.95501708984375,479420
2012-01-12,TRENT.NS,Trent Ltd,Growth / Compounder,83.69999694824219,85.3550033569336,80.61499786376953,83.5199966430664,80.6418685913086,58640
2012-01-13,TRENT.NS,Trent Ltd,Growth / Compounder,82.82499694824219,86.0,82.82499694824219,83.73999786376953,80.85431671142578,52870
2012-01-16,TRENT.NS,Trent Ltd,Growth / Compounder,84.0,84.80000305175781,81.70999908447266,83.01499938964844,80.15428924560547,55310
2012-01-17,TRENT.NS,Trent Ltd,Growth / Compounder,83.80999755859375,85.5,83.5,85.0250015258789,82.09502410888672,61150
2012-01-18,TRENT.NS,Trent Ltd,Growth / Compounder,84.99500274658203,86.79499816894531,83.0999984741211,83.83499908447266,80.9460220336914,47930
2012-01-19,TRENT.NS,Trent Ltd,Growth / Compounder,84.95500183105469,86.5999984741211,83.30000305175781,85.05000305175781,82.1191635131836,251080
2012-01-20,TRENT.NS,Trent Ltd,Growth / Compounder,85.80000305175781,86.45500183105469,83.5,83.93499755859375,81.04258728027344,67440
2012-01-23,TRENT.NS,Trent Ltd,Growth / Compounder,84.0,86.0,83.11499786376953,85.44499969482422,82.50054931640625,99340
2012-01-24,TRENT.NS,Trent Ltd,Growth / Compounder,84.20500183105469,90.30999755859375,84.19999694824219,89.05000305175781,85.98133850097656,263640
2012-01-25,TRENT.NS,Trent Ltd,Growth / Compounder,89.98999786376953,92.0,88.19999694824219,90.02999877929688,86.92756652832031,137230
2012-01-27,TRENT.NS,Trent Ltd,Growth / Compounder,87.51000213623047,91.0999984741211,87.11000061035156,88.25,85.2088851928711,54880
2012-01-30,TRENT.NS,Trent Ltd,Growth / Compounder,88.4000015258789,88.78500366210938,85.30000305175781,86.38500213623047,83.40816497802734,1268310
2012-01-31,TRENT.NS,Trent Ltd,Growth / Compounder,87.0999984741211,88.05999755859375,86.4000015258789,87.5999984741211,84.58129119873047,32750
2012-02-01,TRENT.NS,Trent Ltd,Growth / Compounder,88.0999984741211,88.0999984741211,85.9000015258789,86.49500274658203,83.51436614990234,537610
2012-02-02,TRENT.NS,Trent Ltd,Growth / Compounder,87.9749984741211,97.07499694824219,87.4000015258789,92.82499694824219,89.62622833251953,624590
2012-02-03,TRENT.NS,Trent Ltd,Growth / Compounder,93.5,96.59500122070312,92.5999984741211,94.2249984741211,90.97798156738281,352670
2012-02-06,TRENT.NS,Trent Ltd,Growth / Compounder,94.4000015258789,95.69999694824219,91.49500274658203,92.94000244140625,89.73728942871094,197690
2012-02-07,TRENT.NS,Trent Ltd,Growth / Compounder,93.98999786376953,94.9800033569336,87.73999786376953,91.88500213623047,88.7186279296875,729770
2012-02-08,TRENT.NS,Trent Ltd,Growth / Compounder,93.99500274658203,93.99500274658203,88.0999984741211,89.01499938964844,85.9475326538086,169970
2012-02-09,TRENT.NS,Trent Ltd,Growth / Compounder,89.0,91.5999984741211,88.0,90.5,87.38135528564453,413500
2012-02-10,TRENT.NS,Trent Ltd,Growth / Compounder,91.69999694824219,93.0,90.30000305175781,91.72000122070312,88.559326171875,153570
2012-02-13,TRENT.NS,Trent Ltd,Growth / Compounder,92.0999984741211,93.5,91.30000305175781,91.86499786376953,88.69931030273438,66370
2012-02-14,TRENT.NS,Trent Ltd,Growth / Compounder,90.9000015258789,96.0,90.41500091552734,94.05000305175781,90.80902862548828,96220
2012-02-15,TRENT.NS,Trent Ltd,Growth / Compounder,94.05000305175781,97.84500122070312,93.50499725341797,95.0250015258789,91.75042724609375,117360
2012-02-16,TRENT.NS,Trent Ltd,Growth / Compounder,94.19999694824219,96.0,90.9000015258789,91.51000213623047,88.35655975341797,440620
2012-02-17,TRENT.NS,Trent Ltd,Growth / Compounder,92.99500274658203,93.98999786376953,92.12999725341797,93.0,89.79521942138672,98520
2012-02-21,TRENT.NS,Trent Ltd,Growth / Compounder,93.5,94.30000305175781,93.01499938964844,94.04000091552734,90.79937744140625,84460
2012-02-22,TRENT.NS,Trent Ltd,Growth / Compounder,94.04000091552734,94.19999694824219,90.74500274658203,91.26499938964844,88.11998748779297,223900
2012-02-23,TRENT.NS,Trent Ltd,Growth / Compounder,92.9000015258789,93.30000305175781,90.5,91.48500061035156,88.33241271972656,49750
2012-02-24,TRENT.NS,Trent Ltd,Growth / Compounder,91.30500030517578,91.9749984741211,89.0999984741211,89.69999694824219,86.6089096069336,47920
2012-02-27,TRENT.NS,Trent Ltd,Growth / Compounder,88.6050033569336,89.79499816894531,87.50499725341797,88.3499984741211,85.30545806884766,62550
2012-02-28,TRENT.NS,Trent Ltd,Growth / Compounder,89.0,91.79499816894531,88.625,91.08999633789062,87.9510269165039,27640
2012-02-29,TRENT.NS,Trent Ltd,Growth / Compounder,90.25,95.80000305175781,90.25,94.71499633789062,91.45109558105469,359490
2012-03-01,TRENT.NS,Trent Ltd,Growth / Compounder,92.5999984741211,94.8949966430664,92.5999984741211,94.5250015258789,91.26766967773438,55020
2012-03-02,TRENT.NS,Trent Ltd,Growth / Compounder,94.21499633789062,95.99500274658203,92.0,93.11000061035156,89.90141296386719,37190
2012-03-05,TRENT.NS,Trent Ltd,Growth / Compounder,92.5,92.79499816894531,91.00499725341797,91.37999725341797,88.23102569580078,17070
2012-03-06,TRENT.NS,Trent Ltd,Growth / Compounder,91.69999694824219,93.4000015258789,89.44000244140625,90.83499908447266,87.70482635498047,39490
2012-03-07,TRENT.NS,Trent Ltd,Growth / Compounder,91.9000015258789,91.9000015258789,87.82499694824219,90.33000183105469,87.21721649169922,542340
2012-03-09,TRENT.NS,Trent Ltd,Growth / Compounder,88.66000366210938,93.9000015258789,88.66000366210938,90.98999786376953,87.85447692871094,14330
2012-03-12,TRENT.NS,Trent Ltd,Growth / Compounder,92.30000305175781,92.44499969482422,90.22000122070312,90.69000244140625,87.56481170654297,515550
2012-03-13,TRENT.NS,Trent Ltd,Growth / Compounder,92.0,94.0,91.19999694824219,92.31999969482422,89.1386489868164,110820
2012-03-14,TRENT.NS,Trent Ltd,Growth / Compounder,92.22000122070312,96.5,91.80000305175781,93.37000274658203,90.1524658203125,146560
2012-03-15,TRENT.NS,Trent Ltd,Growth / Compounder,94.80000305175781,96.5,91.80000305175781,92.66999816894531,89.4765853881836,98150
2012-03-16,TRENT.NS,Trent Ltd,Growth / Compounder,93.3949966430664,96.9000015258789,92.30000305175781,95.13999938964844,91.86145782470703,209840
2012-03-19,TRENT.NS,Trent Ltd,Growth / Compounder,93.3499984741211,96.49500274658203,92.5,93.36000061035156,90.14281463623047,58280
2012-03-20,TRENT.NS,Trent Ltd,Growth / Compounder,92.6050033569336,94.80000305175781,92.0,93.59500122070312,90.36969757080078,89150
2012-03-21,TRENT.NS,Trent Ltd,Growth / Compounder,94.30000305175781,94.80000305175781,93.47000122070312,93.93000030517578,90.69316864013672,20520
2012-03-22,TRENT.NS,Trent Ltd,Growth / Compounder,94.0999984741211,94.69999694824219,92.34500122070312,92.81500244140625,89.61659240722656,27360
2012-03-23,TRENT.NS,Trent Ltd,Growth / Compounder,93.5,93.88999938964844,91.4000015258789,92.16000366210938,88.98414611816406,54570
2012-03-26,TRENT.NS,Trent Ltd,Growth / Compounder,90.19000244140625,93.19999694824219,90.19000244140625,91.66999816894531,88.51103973388672,88120
2012-03-27,TRENT.NS,Trent Ltd,Growth / Compounder,91.80000305175781,94.9000015258789,91.50499725341797,94.1449966430664,90.9007568359375,97450
2012-03-28,TRENT.NS,Trent Ltd,Growth / Compounder,93.19999694824219,94.43000030517578,91.5999984741211,92.95500183105469,89.75175476074219,1343180
2012-03-29,TRENT.NS,Trent Ltd,Growth / Compounder,91.5999984741211,94.19499969482422,91.5999984741211,92.50499725341797,89.31726837158203,1320120
2012-03-30,TRENT.NS,Trent Ltd,Growth / Compounder,92.79499816894531,96.0,92.70999908447266,95.19499969482422,91.91458129882812,231110
2012-04-02,TRENT.NS,Trent Ltd,Growth / Compounder,95.79000091552734,95.79000091552734,94.19999694824219,94.6449966430664,91.38352966308594,21650
2012-04-03,TRENT.NS,Trent Ltd,Growth / Compounder,95.9000015258789,96.0,93.2249984741211,93.9000015258789,90.66419982910156,34370
2012-04-04,TRENT.NS,Trent Ltd,Growth / Compounder,92.91000366210938,94.0,91.5999984741211,91.61499786376953,88.45793914794922,1048290
2012-04-09,TRENT.NS,Trent Ltd,Growth / Compounder,92.5,93.4000015258789,91.5,91.7300033569336,88.56893920898438,22650
2012-04-10,TRENT.NS,Trent Ltd,Growth / Compounder,91.19999694824219,92.19999694824219,90.5,91.06500244140625,87.9268798828125,762580
2012-04-11,TRENT.NS,Trent Ltd,Growth / Compounder,90.9000015258789,92.00499725341797,90.65499877929688,91.08499908447266,87.94618225097656,16430
2012-04-12,TRENT.NS,Trent Ltd,Growth / Compounder,91.5,92.38999938964844,91.30500030517578,91.625,88.46759796142578,1141100
2012-04-13,TRENT.NS,Trent Ltd,Growth / Compounder,91.70999908447266,92.9800033569336,90.41999816894531,91.01499938964844,87.87861633300781,34030
2012-04-16,TRENT.NS,Trent Ltd,Growth / Compounder,91.80000305175781,91.80000305175781,90.4000015258789,91.00499725341797,87.86894226074219,8140
2012-04-17,TRENT.NS,Trent Ltd,Growth / Compounder,90.11000061035156,92.0,90.11000061035156,91.38999938964844,88.24068450927734,1016650
2012-04-18,TRENT.NS,Trent Ltd,Growth / Compounder,92.69999694824219,92.69999694824219,90.12999725341797,90.46499633789062,87.34754943847656,35190
2012-04-19,TRENT.NS,Trent Ltd,Growth / Compounder,91.0,94.4000015258789,90.69999694824219,91.5999984741211,88.4434585571289,1097000
2012-04-20,TRENT.NS,Trent Ltd,Growth / Compounder,91.01000213623047,92.30000305175781,90.28500366210938,90.68499755859375,87.55998229980469,33850
2012-04-23,TRENT.NS,Trent Ltd,Growth / Compounder,91.5,91.94999694824219,88.17500305175781,88.83999633789062,85.77855682373047,50020
2012-04-24,TRENT.NS,Trent Ltd,Growth / Compounder,87.0,89.79000091552734,87.0,87.31999969482422,84.31095886230469,37400
2012-04-25,TRENT.NS,Trent Ltd,Growth / Compounder,88.69999694824219,88.69999694824219,86.5,87.2699966430664,84.26265716552734,22500
2012-04-26,TRENT.NS,Trent Ltd,Growth / Compounder,88.0,89.5,86.38999938964844,88.04499816894531,85.0109634399414,21030
2012-04-27,TRENT.NS,Trent Ltd,Growth / Compounder,87.72000122070312,92.5,87.72000122070312,92.08999633789062,88.91655731201172,1477820
2012-04-30,TRENT.NS,Trent Ltd,Growth / Compounder,90.19999694824219,92.19999694824219,90.19999694824219,91.92500305175781,88.75724792480469,62090
2012-05-02,TRENT.NS,Trent Ltd,Growth / Compounder,91.4000015258789,92.0,90.4000015258789,90.7300033569336,87.60343933105469,309860
2012-05-03,TRENT.NS,Trent Ltd,Growth / Compounder,91.80000305175781,91.80000305175781,89.69999694824219,90.125,87.01929473876953,274330
2012-05-04,TRENT.NS,Trent Ltd,Growth / Compounder,92.79000091552734,92.79000091552734,88.19999694824219,88.70999908447266,85.65304565429688,30010
2012-05-07,TRENT.NS,Trent Ltd,Growth / Compounder,89.0,90.5,86.31999969482422,88.3550033569336,85.3102798461914,19960
2012-05-08,TRENT.NS,Trent Ltd,Growth / Compounder,90.02999877929688,91.4800033569336,88.31999969482422,90.26000213623047,87.14964294433594,59760
2012-05-09,TRENT.NS,Trent Ltd,Growth / Compounder,89.30999755859375,91.0,88.0,89.79000091552734,86.6958236694336,320910
2012-05-10,TRENT.NS,Trent Ltd,Growth / Compounder,89.30999755859375,91.9000015258789,89.01499938964844,91.36499786376953,88.216552734375,44590
2012-05-11,TRENT.NS,Trent Ltd,Growth / Compounder,93.7300033569336,93.7300033569336,87.5999984741211,88.0199966430664,84.98682403564453,27170
2012-05-14,TRENT.NS,Trent Ltd,Growth / Compounder,87.4000015258789,91.49500274658203,87.4000015258789,90.63500213623047,87.51170349121094,71780
2012-05-15,TRENT.NS,Trent Ltd,Growth / Compounder,89.30000305175781,90.5,89.1050033569336,90.05999755859375,86.9565200805664,48630
2012-05-16,TRENT.NS,Trent Ltd,Growth / Compounder,89.30000305175781,91.48999786376953,88.80000305175781,89.36000061035156,86.2806396484375,56360
2012-05-17,TRENT.NS,Trent Ltd,Growth / Compounder,89.19999694824219,92.0999984741211,88.30000305175781,90.95999908447266,87.82550811767578,46070
2012-05-18,TRENT.NS,Trent Ltd,Growth / Compounder,89.4000015258789,90.09500122070312,89.19999694824219,89.66000366210938,86.57032012939453,12170
2012-05-21,TRENT.NS,Trent Ltd,Growth / Compounder,88.51499938964844,89.98999786376953,87.2249984741211,89.38999938964844,86.30960845947266,12440
2012-05-22,TRENT.NS,Trent Ltd,Growth / Compounder,89.9000015258789,91.57499694824219,89.49500274658203,91.2750015258789,88.1296615600586,446520
2012-05-23,TRENT.NS,Trent Ltd,Growth / Compounder,89.91500091552734,91.9000015258789,89.91500091552734,91.15499877929688,88.0137710571289,416250
2012-05-24,TRENT.NS,Trent Ltd,Growth / Compounder,90.71499633789062,91.87999725341797,89.9800033569336,90.90499877929688,87.77238464355469,13740
2012-05-25,TRENT.NS,Trent Ltd,Growth / Compounder,91.0,92.16500091552734,90.31999969482422,90.97000122070312,87.83516693115234,8940
2012-05-28,TRENT.NS,Trent Ltd,Growth / Compounder,91.19000244140625,92.5,90.4800033569336,90.9000015258789,87.767578125,10230
2012-05-29,TRENT.NS,Trent Ltd,Growth / Compounder,92.98500061035156,94.49500274658203,90.5999984741211,91.41000366210938,88.260009765625,80990
2012-05-30,TRENT.NS,Trent Ltd,Growth / Compounder,90.5250015258789,92.98999786376953,90.5250015258789,92.24500274658203,89.06621551513672,26770
2012-05-31,TRENT.NS,Trent Ltd,Growth / Compounder,90.65499877929688,94.9000015258789,90.5,91.875,88.708984375,51680
2012-06-01,TRENT.NS,Trent Ltd,Growth / Compounder,91.69999694824219,94.3949966430664,90.5,91.22000122070312,88.0765380859375,47880
2012-06-04,TRENT.NS,Trent Ltd,Growth / Compounder,92.19499969482422,92.19499969482422,89.0250015258789,90.1500015258789,87.04342651367188,17730
2012-06-05,TRENT.NS,Trent Ltd,Growth / Compounder,90.28500366210938,90.99500274658203,87.5,88.11499786376953,85.07853698730469,20670
2012-06-06,TRENT.NS,Trent Ltd,Growth / Compounder,88.98999786376953,89.98999786376953,87.55000305175781,89.17500305175781,86.10202026367188,74820
2012-06-07,TRENT.NS,Trent Ltd,Growth / Compounder,90.19000244140625,90.33000183105469,89.08000183105469,89.41500091552734,86.33374786376953,17760
2012-06-08,TRENT.NS,Trent Ltd,Growth / Compounder,89.59500122070312,90.5,88.15499877929688,89.19000244140625,86.11648559570312,26730
2012-06-11,TRENT.NS,Trent Ltd,Growth / Compounder,89.69499969482422,90.9000015258789,89.69499969482422,89.96499633789062,86.86479949951172,31290
2012-06-12,TRENT.NS,Trent Ltd,Growth / Compounder,89.0999984741211,91.4000015258789,89.0999984741211,91.03500366210938,87.89793395996094,15460
2012-06-13,TRENT.NS,Trent Ltd,Growth / Compounder,90.5999984741211,92.00499725341797,90.30000305175781,91.37000274658203,88.22137451171875,13240
2012-06-14,TRENT.NS,Trent Ltd,Growth / Compounder,90.5,92.19000244140625,90.5,91.79000091552734,88.62690734863281,15760
2012-06-15,TRENT.NS,Trent Ltd,Growth / Compounder,91.69999694824219,92.66500091552734,90.51000213623047,92.24500274658203,89.06621551513672,24030
2012-06-18,TRENT.NS,Trent Ltd,Growth / Compounder,92.11000061035156,93.3949966430664,91.5,91.94499969482422,88.77656555175781,20400
2012-06-19,TRENT.NS,Trent Ltd,Growth / Compounder,91.20999908447266,91.69999694824219,90.75,91.05999755859375,87.92205810546875,106700
2012-06-20,TRENT.NS,Trent Ltd,Growth / Compounder,91.61000061035156,93.30000305175781,91.0,91.98999786376953,88.82000732421875,33850
2012-06-21,TRENT.NS,Trent Ltd,Growth / Compounder,92.88500213623047,94.5999984741211,91.55000305175781,94.09500122070312,90.85247802734375,52900
2012-06-22,TRENT.NS,Trent Ltd,Growth / Compounder,93.5,96.30000305175781,92.51000213623047,95.44000244140625,92.15113067626953,60820
2012-06-25,TRENT.NS,Trent Ltd,Growth / Compounder,95.80000305175781,96.98999786376953,92.11499786376953,93.45500183105469,90.23453521728516,33890
2012-06-26,TRENT.NS,Trent Ltd,Growth / Compounder,93.11000061035156,94.00499725341797,92.13999938964844,93.04499816894531,89.83867645263672,28370
2012-06-27,TRENT.NS,Trent Ltd,Growth / Compounder,92.72000122070312,93.98999786376953,92.33499908447266,92.57499694824219,89.38484954833984,8890
2012-06-28,TRENT.NS,Trent Ltd,Growth / Compounder,92.11499786376953,93.5999984741211,91.0,92.33000183105469,89.1482925415039,20440
2012-06-29,TRENT.NS,Trent Ltd,Growth / Compounder,93.9000015258789,101.18000030517578,92.5,98.12000274658203,94.73877716064453,329130
2012-07-02,TRENT.NS,Trent Ltd,Growth / Compounder,96.5999984741211,99.0999984741211,96.5,97.1500015258789,93.80220794677734,71990
2012-07-03,TRENT.NS,Trent Ltd,Growth / Compounder,97.0,97.99500274658203,94.36499786376953,95.11499786376953,91.83731842041016,33170
2012-07-04,TRENT.NS,Trent Ltd,Growth / Compounder,96.0,96.87999725341797,95.30000305175781,95.7300033569336,92.43112182617188,21650
2012-07-05,TRENT.NS,Trent Ltd,Growth / Compounder,99.55000305175781,106.5,97.51000213623047,102.79000091552734,99.24784851074219,1381890
2012-07-06,TRENT.NS,Trent Ltd,Growth / Compounder,103.0999984741211,108.48999786376953,99.5,105.81999969482422,102.17343139648438,814790
2012-07-09,TRENT.NS,Trent Ltd,Growth / Compounder,105.49500274658203,106.0,100.82499694824219,101.4800033569336,97.98298645019531,131310
2012-07-10,TRENT.NS,Trent Ltd,Growth / Compounder,101.30000305175781,104.0,99.0,102.05999755859375,98.54299926757812,167250
2012-07-11,TRENT.NS,Trent Ltd,Growth / Compounder,101.1050033569336,104.19999694824219,100.0999984741211,101.7699966430664,98.26297760009766,123960
2012-07-12,TRENT.NS,Trent Ltd,Growth / Compounder,101.69499969482422,103.16500091552734,99.80000305175781,101.0999984741211,97.61607360839844,81690
2012-07-13,TRENT.NS,Trent Ltd,Growth / Compounder,100.5,102.5,100.01000213623047,100.66500091552734,97.1960678100586,23590
2012-07-16,TRENT.NS,Trent Ltd,Growth / Compounder,100.99500274658203,103.0,100.5250015258789,102.5250015258789,98.9919662475586,76690
2012-07-17,TRENT.NS,Trent Ltd,Growth / Compounder,104.69999694824219,107.5,100.30999755859375,101.41999816894531,97.925048828125,51820
2012-07-18,TRENT.NS,Trent Ltd,Growth / Compounder,101.5,106.30000305175781,101.49500274658203,105.37000274658203,101.73893737792969,174580
2012-07-19,TRENT.NS,Trent Ltd,Growth / Compounder,107.4000015258789,107.4000015258789,104.80000305175781,105.11000061035156,101.4878921508789,89070
2012-07-20,TRENT.NS,Trent Ltd,Growth / Compounder,105.9749984741211,108.55999755859375,105.5,108.08000183105469,104.35556030273438,137810
2012-07-23,TRENT.NS,Trent Ltd,Growth / Compounder,106.70999908447266,107.5,104.4000015258789,105.37999725341797,102.15818786621094,109400
2012-07-24,TRENT.NS,Trent Ltd,Growth / Compounder,105.5999984741211,107.59500122070312,103.99500274658203,104.6050033569336,101.40687561035156,134530
2012-07-25,TRENT.NS,Trent Ltd,Growth / Compounder,104.38500213623047,106.83999633789062,102.30000305175781,102.76000213623047,99.61827850341797,41120
2012-07-26,TRENT.NS,Trent Ltd,Growth / Compounder,103.79499816894531,104.5999984741211,100.0999984741211,100.75,97.66974639892578,43260
2012-07-27,TRENT.NS,Trent Ltd,Growth / Compounder,101.50499725341797,104.29000091552734,98.21499633789062,98.95999908447266,95.93446350097656,111300
2012-07-30,TRENT.NS,Trent Ltd,Growth / Compounder,101.38999938964844,101.5,99.67500305175781,101.18499755859375,98.0914535522461,134660
2012-07-31,TRENT.NS,Trent Ltd,Growth / Compounder,101.21499633789062,104.59500122070312,101.18499755859375,103.00499725341797,99.85579681396484,73780
2012-08-01,TRENT.NS,Trent Ltd,Growth / Compounder,102.5,104.25,102.5,104.0,100.82038116455078,41190
2012-08-02,TRENT.NS,Trent Ltd,Growth / Compounder,103.98999786376953,104.5,101.80000305175781,102.28500366210938,99.15779876708984,22630
2012-08-03,TRENT.NS,Trent Ltd,Growth / Compounder,102.4000015258789,103.40499877929688,100.5,103.01499938964844,99.865478515625,33080
2012-08-06,TRENT.NS,Trent Ltd,Growth / Compounder,104.9000015258789,104.9000015258789,102.5,102.8550033569336,99.71038818359375,22860
2012-08-07,TRENT.NS,Trent Ltd,Growth / Compounder,103.98999786376953,103.98999786376953,102.80000305175781,103.15499877929688,100.00121307373047,13680
2012-08-08,TRENT.NS,Trent Ltd,Growth / Compounder,103.74500274658203,104.0,103.0,103.01499938964844,99.865478515625,14070
2012-08-09,TRENT.NS,Trent Ltd,Growth / Compounder,102.51000213623047,106.69999694824219,102.33000183105469,105.08499908447266,101.87220001220703,146160
2012-08-10,TRENT.NS,Trent Ltd,Growth / Compounder,105.48999786376953,107.9800033569336,104.04000091552734,106.24500274658203,102.99674224853516,51500
2012-08-13,TRENT.NS,Trent Ltd,Growth / Compounder,106.51000213623047,108.80000305175781,104.21499633789062,105.9749984741211,102.73499298095703,63450
2012-08-14,TRENT.NS,Trent Ltd,Growth / Compounder,105.8949966430664,106.69999694824219,104.5,104.8949966430664,101.68799591064453,19190
2012-08-16,TRENT.NS,Trent Ltd,Growth / Compounder,104.41000366210938,106.47000122070312,104.4000015258789,105.83000183105469,102.59442901611328,25050
2012-08-17,TRENT.NS,Trent Ltd,Growth / Compounder,106.5,108.44999694824219,106.1500015258789,106.56500244140625,103.30696105957031,61430
2012-08-21,TRENT.NS,Trent Ltd,Growth / Compounder,108.48999786376953,109.98999786376953,107.5999984741211,108.29000091552734,104.97920989990234,67650
2012-08-22,TRENT.NS,Trent Ltd,Growth / Compounder,107.2300033569336,109.99500274658203,106.86499786376953,108.08000183105469,104.775634765625,31500
2012-08-23,TRENT.NS,Trent Ltd,Growth / Compounder,107.01499938964844,109.5999984741211,105.5,106.01000213623047,102.7689208984375,285110
2012-08-24,TRENT.NS,Trent Ltd,Growth / Compounder,105.5,106.28500366210938,105.0,105.41999816894531,102.19696044921875,14750
2012-08-27,TRENT.NS,Trent Ltd,Growth / Compounder,103.88500213623047,106.49500274658203,102.91000366210938,103.87999725341797,100.70404052734375,28960
2012-08-28,TRENT.NS,Trent Ltd,Growth / Compounder,105.4000015258789,105.5,104.19999694824219,104.98999786376953,101.78008270263672,25300
2012-08-29,TRENT.NS,Trent Ltd,Growth / Compounder,104.00499725341797,106.5,102.5,102.9800033569336,99.83155059814453,62770
2012-08-30,TRENT.NS,Trent Ltd,Growth / Compounder,102.11499786376953,104.44000244140625,102.11499786376953,104.01499938964844,100.83491516113281,15070
2012-08-31,TRENT.NS,Trent Ltd,Growth / Compounder,102.23500061035156,106.5,100.0999984741211,105.2249984741211,102.00790405273438,46200
2012-09-03,TRENT.NS,Trent Ltd,Growth / Compounder,105.49500274658203,105.84500122070312,103.5,103.8499984741211,100.67496490478516,32440
2012-09-04,TRENT.NS,Trent Ltd,Growth / Compounder,103.69499969482422,105.0,103.05999755859375,103.94499969482422,100.76705169677734,10040
2012-09-05,TRENT.NS,Trent Ltd,Growth / Compounder,104.54499816894531,104.54499816894531,102.5,103.0250015258789,99.87518310546875,5070
2012-09-06,TRENT.NS,Trent Ltd,Growth / Compounder,102.50499725341797,104.98500061035156,102.30500030517578,102.91000366210938,99.76370239257812,17050
2012-09-07,TRENT.NS,Trent Ltd,Growth / Compounder,104.44000244140625,105.43499755859375,102.30500030517578,103.5199966430664,100.35503387451172,26590
2012-09-10,TRENT.NS,Trent Ltd,Growth / Compounder,108.0,108.0,103.5,105.31500244140625,102.09516906738281,26480
2012-09-11,TRENT.NS,Trent Ltd,Growth / Compounder,105.5,106.5999984741211,105.0,105.0199966430664,101.8091812133789,168700
2012-09-12,TRENT.NS,Trent Ltd,Growth / Compounder,104.90499877929688,106.5,104.01000213623047,104.80999755859375,101.60559844970703,29360
2012-09-13,TRENT.NS,Trent Ltd,Growth / Compounder,104.72000122070312,106.69999694824219,104.72000122070312,105.31999969482422,102.10002136230469,28500
2012-09-14,TRENT.NS,Trent Ltd,Growth / Compounder,106.0,111.5,104.86499786376953,108.4800033569336,105.16342163085938,145350
2012-09-17,TRENT.NS,Trent Ltd,Growth / Compounder,112.5,124.4000015258789,112.5,113.55000305175781,110.0783920288086,1044650
2012-09-18,TRENT.NS,Trent Ltd,Growth / Compounder,114.0,114.80000305175781,111.4000015258789,112.94499969482422,109.49189758300781,160900
2012-09-20,TRENT.NS,Trent Ltd,Growth / Compounder,110.33000183105469,114.0999984741211,106.30000305175781,109.07499694824219,105.74021911621094,466600
2012-09-21,TRENT.NS,Trent Ltd,Growth / Compounder,112.0,114.69000244140625,107.61499786376953,108.92500305175781,105.59479522705078,707880
2012-09-24,TRENT.NS,Trent Ltd,Growth / Compounder,109.0,112.80000305175781,104.30000305175781,110.42500305175781,107.0489273071289,398440
2012-09-25,TRENT.NS,Trent Ltd,Growth / Compounder,109.75499725341797,115.0,109.75,113.80999755859375,110.3304443359375,696630
2012-09-26,TRENT.NS,Trent Ltd,Growth / Compounder,113.90499877929688,116.49500274658203,111.69999694824219,114.43000030517578,110.93148040771484,430800
2012-09-27,TRENT.NS,Trent Ltd,Growth / Compounder,115.08499908447266,119.0,113.28500366210938,116.41000366210938,112.85096740722656,316360
2012-09-28,TRENT.NS,Trent Ltd,Growth / Compounder,116.59500122070312,119.4000015258789,114.2249984741211,117.29499816894531,113.70889282226562,182300
2012-10-01,TRENT.NS,Trent Ltd,Growth / Compounder,116.30500030517578,119.19999694824219,116.30000305175781,118.69000244140625,115.06126403808594,66910
2012-10-03,TRENT.NS,Trent Ltd,Growth / Compounder,119.7750015258789,119.7750015258789,115.19999694824219,116.30500030517578,112.74916076660156,62820
2012-10-04,TRENT.NS,Trent Ltd,Growth / Compounder,117.9000015258789,119.0,112.0999984741211,115.92500305175781,112.38080596923828,108020
2012-10-05,TRENT.NS,Trent Ltd,Growth / Compounder,116.0,117.08000183105469,112.0,113.9800033569336,110.49525451660156,126760
2012-10-08,TRENT.NS,Trent Ltd,Growth / Compounder,113.94999694824219,115.0,112.9000015258789,113.9800033569336,110.49525451660156,55680
2012-10-09,TRENT.NS,Trent Ltd,Growth / Compounder,114.98999786376953,114.98999786376953,113.20999908447266,113.34500122070312,109.87966918945312,22760
2012-10-10,TRENT.NS,Trent Ltd,Growth / Compounder,114.38999938964844,114.38999938964844,111.80000305175781,112.37999725341797,108.94415283203125,28750
2012-10-11,TRENT.NS,Trent Ltd,Growth / Compounder,113.30000305175781,115.9000015258789,111.69999694824219,115.0250015258789,111.50830841064453,60400
2012-10-12,TRENT.NS,Trent Ltd,Growth / Compounder,115.0,115.5999984741211,113.18499755859375,114.63500213623047,111.13024139404297,38920
2012-10-15,TRENT.NS,Trent Ltd,Growth / Compounder,114.62999725341797,117.55500030517578,113.70500183105469,117.1500015258789,113.56832885742188,106890
2012-10-16,TRENT.NS,Trent Ltd,Growth / Compounder,115.56500244140625,118.5,114.40499877929688,116.30500030517578,112.74916076660156,516480
2012-10-17,TRENT.NS,Trent Ltd,Growth / Compounder,116.0,117.69499969482422,114.0,114.37999725341797,110.88301849365234,74480
2012-10-18,TRENT.NS,Trent Ltd,Growth / Compounder,116.4000015258789,116.5,113.21499633789062,114.2300033569336,110.73760986328125,62440
2012-10-19,TRENT.NS,Trent Ltd,Growth / Compounder,115.79499816894531,115.79499816894531,112.50499725341797,113.07499694824219,109.61791229248047,87130
2012-10-22,TRENT.NS,Trent Ltd,Growth / Compounder,114.70500183105469,115.0,112.1050033569336,114.51499938964844,111.013916015625,49060
2012-10-23,TRENT.NS,Trent Ltd,Growth / Compounder,114.3949966430664,115.0,113.25499725341797,113.82499694824219,110.34500885009766,15940
2012-10-25,TRENT.NS,Trent Ltd,Growth / Compounder,114.99500274658203,115.9000015258789,113.51000213623047,115.5,111.96878051757812,265780
2012-10-29,TRENT.NS,Trent Ltd,Growth / Compounder,112.95999908447266,113.5,111.0,111.69499969482422,108.28011322021484,37290
2012-10-30,TRENT.NS,Trent Ltd,Growth / Compounder,112.00499725341797,112.00499725341797,108.69999694824219,109.58499908447266,106.234619140625,33350
2012-10-31,TRENT.NS,Trent Ltd,Growth / Compounder,109.73500061035156,113.0,108.11000061035156,111.31500244140625,107.91173553466797,45970
2012-11-01,TRENT.NS,Trent Ltd,Growth / Compounder,111.30000305175781,112.16500091552734,109.9000015258789,110.83499908447266,107.4464111328125,58370
2012-11-02,TRENT.NS,Trent Ltd,Growth / Compounder,112.40499877929688,114.0,112.00499725341797,113.72000122070312,110.2431869506836,91250
2012-11-05,TRENT.NS,Trent Ltd,Growth / Compounder,113.9000015258789,115.5,113.41000366210938,114.6500015258789,111.144775390625,64260
2012-11-06,TRENT.NS,Trent Ltd,Growth / Compounder,115.41000366210938,117.19999694824219,114.46499633789062,116.3499984741211,112.79278564453125,93030
2012-11-07,TRENT.NS,Trent Ltd,Growth / Compounder,116.51499938964844,117.19000244140625,114.01000213623047,114.50499725341797,111.00418853759766,63270
2012-11-08,TRENT.NS,Trent Ltd,Growth / Compounder,112.0,116.29000091552734,112.0,115.28500366210938,111.76036071777344,36070
2012-11-09,TRENT.NS,Trent Ltd,Growth / Compounder,115.8949966430664,116.80000305175781,113.65499877929688,115.07499694824219,111.55677795410156,46040
2012-11-12,TRENT.NS,Trent Ltd,Growth / Compounder,116.88500213623047,116.98999786376953,112.5999984741211,114.4749984741211,110.97511291503906,23950
2012-11-15,TRENT.NS,Trent Ltd,Growth / Compounder,115.40499877929688,115.9749984741211,113.01000213623047,113.44999694824219,109.9814453125,43170
2012-11-16,TRENT.NS,Trent Ltd,Growth / Compounder,113.5999984741211,113.69999694824219,110.0,111.19999694824219,107.80021667480469,108830
2012-11-19,TRENT.NS,Trent Ltd,Growth / Compounder,111.19999694824219,112.50499725341797,110.5,110.78500366210938,107.39794158935547,1057580
2012-11-20,TRENT.NS,Trent Ltd,Growth / Compounder,109.30000305175781,113.5,109.30000305175781,112.58499908447266,109.14289093017578,91340
2012-11-21,TRENT.NS,Trent Ltd,Growth / Compounder,112.58999633789062,116.80000305175781,111.01000213623047,115.23999786376953,111.71672058105469,105330
2012-11-22,TRENT.NS,Trent Ltd,Growth / Compounder,118.5,118.5,114.0999984741211,115.73999786376953,112.2014389038086,42400
2012-11-23,TRENT.NS,Trent Ltd,Growth / Compounder,114.59500122070312,116.80000305175781,114.49500274658203,115.32499694824219,111.79912567138672,29900
2012-11-26,TRENT.NS,Trent Ltd,Growth / Compounder,115.00499725341797,117.4000015258789,113.0250015258789,115.37999725341797,111.85246276855469,216410
2012-11-27,TRENT.NS,Trent Ltd,Growth / Compounder,115.0,119.4000015258789,113.88999938964844,115.69000244140625,112.15298461914062,275380
2012-11-29,TRENT.NS,Trent Ltd,Growth / Compounder,117.0,120.0,116.80000305175781,117.57499694824219,113.98033905029297,196620
2012-11-30,TRENT.NS,Trent Ltd,Growth / Compounder,117.57499694824219,125.0,117.0250015258789,121.86499786376953,118.1391830444336,169760
2012-12-03,TRENT.NS,Trent Ltd,Growth / Compounder,123.02999877929688,125.0,121.2249984741211,123.96499633789062,120.17497253417969,235140
2012-12-04,TRENT.NS,Trent Ltd,Growth / Compounder,124.0,125.0,120.0,121.66000366210938,117.9404525756836,156000
2012-12-05,TRENT.NS,Trent Ltd,Growth / Compounder,122.74500274658203,132.69500732421875,121.625,127.43499755859375,123.53889465332031,916610
2012-12-06,TRENT.NS,Trent Ltd,Growth / Compounder,131.5050048828125,132.8000030517578,125.00499725341797,127.0250015258789,123.14143371582031,930510
2012-12-07,TRENT.NS,Trent Ltd,Growth / Compounder,128.58999633789062,130.60499572753906,125.50499725341797,128.1699981689453,124.25141143798828,579840
2012-12-10,TRENT.NS,Trent Ltd,Growth / Compounder,127.94000244140625,127.9800033569336,123.01000213623047,123.91500091552734,120.12649536132812,259540
2012-12-11,TRENT.NS,Trent Ltd,Growth / Compounder,126.19499969482422,126.19999694824219,121.56999969482422,122.41500091552734,118.67237091064453,91580
2012-12-12,TRENT.NS,Trent Ltd,Growth / Compounder,122.5999984741211,123.69000244140625,121.5999984741211,122.1050033569336,118.37183380126953,88170
2012-12-13,TRENT.NS,Trent Ltd,Growth / Compounder,122.40499877929688,124.3949966430664,121.69999694824219,122.30000305175781,118.56088256835938,75220
2012-12-14,TRENT.NS,Trent Ltd,Growth / Compounder,121.5250015258789,122.19999694824219,119.01000213623047,119.91500091552734,116.2488021850586,73910
2012-12-17,TRENT.NS,Trent Ltd,Growth / Compounder,120.37999725341797,122.5,120.16500091552734,121.90499877929688,118.1779556274414,77010
2012-12-18,TRENT.NS,Trent Ltd,Growth / Compounder,120.69999694824219,124.58999633789062,119.12999725341797,123.59500122070312,119.8162841796875,81310
2012-12-19,TRENT.NS,Trent Ltd,Growth / Compounder,123.00499725341797,124.5,121.0999984741211,122.36000061035156,118.6190414428711,63720
2012-12-20,TRENT.NS,Trent Ltd,Growth / Compounder,120.625,125.0,120.2300033569336,123.81500244140625,120.02958679199219,91840
2012-12-21,TRENT.NS,Trent Ltd,Growth / Compounder,122.20500183105469,123.48999786376953,119.11499786376953,119.68499755859375,116.02584075927734,59730
2012-12-24,TRENT.NS,Trent Ltd,Growth / Compounder,117.625,121.5,116.31999969482422,121.08499908447266,117.3830337524414,48490
2012-12-26,TRENT.NS,Trent Ltd,Growth / Compounder,120.80500030517578,130.39999389648438,120.01000213623047,126.87000274658203,122.99116516113281,201860
2012-12-27,TRENT.NS,Trent Ltd,Growth / Compounder,128.09500122070312,128.6999969482422,125.11000061035156,125.55000305175781,121.71150970458984,83090
2012-12-28,TRENT.NS,Trent Ltd,Growth / Compounder,124.65499877929688,133.3800048828125,124.65499877929688,128.3300018310547,124.40653991699219,430150
2012-12-31,TRENT.NS,Trent Ltd,Growth / Compounder,129.0,133.3300018310547,127.33499908447266,130.7899932861328,126.79130554199219,676390
2013-01-01,TRENT.NS,Trent Ltd,Growth / Compounder,130.86500549316406,133.7949981689453,130.31500244140625,131.75999450683594,127.73162078857422,105910
2013-01-02,TRENT.NS,Trent Ltd,Growth / Compounder,132.0,132.8000030517578,130.0050048828125,130.39500427246094,126.40839385986328,93960
2013-01-03,TRENT.NS,Trent Ltd,Growth / Compounder,131.02000427246094,133.0,129.9499969482422,131.72999572753906,127.70256042480469,110800
2013-01-04,TRENT.NS,Trent Ltd,Growth / Compounder,131.5,134.39999389648438,130.60000610351562,131.8800048828125,127.84801483154297,99100
2013-01-07,TRENT.NS,Trent Ltd,Growth / Compounder,132.3000030517578,133.0,129.36000061035156,129.9949951171875,126.02059936523438,54260
2013-01-08,TRENT.NS,Trent Ltd,Growth / Compounder,129.89999389648438,130.89999389648438,127.5250015258789,128.1649932861328,124.24656677246094,71480
2013-01-09,TRENT.NS,Trent Ltd,Growth / Compounder,130.47999572753906,130.47999572753906,127.0999984741211,127.83000183105469,123.92180633544922,39800
2013-01-10,TRENT.NS,Trent Ltd,Growth / Compounder,128.0749969482422,131.39999389648438,127.00499725341797,129.1750030517578,125.22570037841797,65910
2013-01-11,TRENT.NS,Trent Ltd,Growth / Compounder,128.30499267578125,132.1999969482422,123.4000015258789,128.05999755859375,124.144775390625,45820
2013-01-14,TRENT.NS,Trent Ltd,Growth / Compounder,128.97000122070312,135.89999389648438,125.80000305175781,126.61000061035156,122.73910522460938,30880
2013-01-15,TRENT.NS,Trent Ltd,Growth / Compounder,128.0,128.60000610351562,125.30000305175781,126.38999938964844,122.52584838867188,35920
2013-01-16,TRENT.NS,Trent Ltd,Growth / Compounder,126.0,128.6999969482422,121.19999694824219,121.9800033569336,118.25067138671875,200550
2013-01-17,TRENT.NS,Trent Ltd,Growth / Compounder,124.7300033569336,124.7300033569336,118.2249984741211,119.73999786376953,116.07913970947266,474210
2013-01-18,TRENT.NS,Trent Ltd,Growth / Compounder,121.01499938964844,121.05000305175781,118.4000015258789,119.03500366210938,115.39570617675781,22450
2013-01-21,TRENT.NS,Trent Ltd,Growth / Compounder,118.83499908447266,121.49500274658203,118.01000213623047,118.87000274658203,115.23574829101562,28810
2013-01-22,TRENT.NS,Trent Ltd,Growth / Compounder,119.99500274658203,122.5,115.9000015258789,116.9749984741211,113.39867401123047,376680
2013-01-23,TRENT.NS,Trent Ltd,Growth / Compounder,117.01499938964844,117.84500122070312,115.43000030517578,117.08999633789062,113.51016998291016,80010
2013-01-24,TRENT.NS,Trent Ltd,Growth / Compounder,108.98999786376953,117.70500183105469,108.98999786376953,113.81999969482422,110.34013366699219,116770
2013-01-25,TRENT.NS,Trent Ltd,Growth / Compounder,113.40499877929688,116.80000305175781,113.2300033569336,114.69999694824219,111.1932373046875,45210
2013-01-28,TRENT.NS,Trent Ltd,Growth / Compounder,115.05999755859375,116.0,112.19999694824219,115.0,111.48404693603516,83790
2013-01-29,TRENT.NS,Trent Ltd,Growth / Compounder,114.80500030517578,115.40499877929688,113.0999984741211,113.58499908447266,110.1123275756836,28230
2013-01-30,TRENT.NS,Trent Ltd,Growth / Compounder,113.72000122070312,117.0,113.0,116.02999877929688,112.48258972167969,181230
2013-01-31,TRENT.NS,Trent Ltd,Growth / Compounder,113.0999984741211,117.80000305175781,113.0999984741211,114.75,111.24170684814453,32440
2013-02-01,TRENT.NS,Trent Ltd,Growth / Compounder,115.79499816894531,119.9800033569336,113.20500183105469,114.49500274658203,110.9945068359375,47390
2013-02-04,TRENT.NS,Trent Ltd,Growth / Compounder,114.5,116.5,113.69000244140625,116.00499725341797,112.45834350585938,95600
2013-02-05,TRENT.NS,Trent Ltd,Growth / Compounder,115.01499938964844,117.0,113.5,116.54499816894531,112.9818344116211,37580
2013-02-06,TRENT.NS,Trent Ltd,Growth / Compounder,114.6050033569336,117.3949966430664,114.6050033569336,116.50499725341797,112.94303894042969,21220
2013-02-07,TRENT.NS,Trent Ltd,Growth / Compounder,115.1500015258789,116.80000305175781,113.0,113.75,110.27227783203125,25950
2013-02-08,TRENT.NS,Trent Ltd,Growth / Compounder,114.59500122070312,114.5999984741211,113.0,113.3949966430664,109.92810821533203,13070
2013-02-11,TRENT.NS,Trent Ltd,Growth / Compounder,113.53500366210938,114.0999984741211,112.80000305175781,113.16500091552734,109.70516967773438,14290
2013-02-12,TRENT.NS,Trent Ltd,Growth / Compounder,113.00499725341797,114.38999938964844,110.66000366210938,112.63999938964844,109.19621276855469,32160
2013-02-13,TRENT.NS,Trent Ltd,Growth / Compounder,113.0,115.69999694824219,113.0,113.7300033569336,110.2529067993164,24430
2013-02-14,TRENT.NS,Trent Ltd,Growth / Compounder,112.80999755859375,114.98999786376953,112.80000305175781,113.98999786376953,110.50494384765625,25270
2013-02-15,TRENT.NS,Trent Ltd,Growth / Compounder,112.80000305175781,119.0,112.0199966430664,117.05999755859375,113.4810791015625,44800
2013-02-18,TRENT.NS,Trent Ltd,Growth / Compounder,115.80000305175781,116.5,114.69999694824219,114.83000183105469,111.31925201416016,10610
2013-02-19,TRENT.NS,Trent Ltd,Growth / Compounder,115.94000244140625,118.3949966430664,113.5,114.49500274658203,110.9945068359375,71530
2013-02-20,TRENT.NS,Trent Ltd,Growth / Compounder,114.6050033569336,116.5,112.78500366210938,113.0250015258789,109.56945037841797,33820
2013-02-21,TRENT.NS,Trent Ltd,Growth / Compounder,112.50499725341797,112.98500061035156,109.9000015258789,111.58000183105469,108.16864013671875,73840
2013-02-22,TRENT.NS,Trent Ltd,Growth / Compounder,112.8949966430664,116.3499984741211,109.55000305175781,113.29499816894531,109.83118438720703,42720
2013-02-25,TRENT.NS,Trent Ltd,Growth / Compounder,114.45500183105469,114.47000122070312,112.01000213623047,112.66000366210938,109.21562194824219,9430
2013-02-26,TRENT.NS,Trent Ltd,Growth / Compounder,112.0,112.0,108.50499725341797,111.25,107.84870147705078,66560
2013-02-27,TRENT.NS,Trent Ltd,Growth / Compounder,109.51000213623047,114.30000305175781,108.5999984741211,112.18499755859375,108.755126953125,58550
2013-02-28,TRENT.NS,Trent Ltd,Growth / Compounder,113.49500274658203,113.49500274658203,107.0,111.11499786376953,107.71783447265625,94580
2013-03-01,TRENT.NS,Trent Ltd,Growth / Compounder,111.99500274658203,112.30000305175781,107.79000091552734,110.50499725341797,107.12649536132812,63580
2013-03-04,TRENT.NS,Trent Ltd,Growth / Compounder,110.0,110.0,107.0999984741211,109.5199966430664,106.17160034179688,46770
2013-03-05,TRENT.NS,Trent Ltd,Growth / Compounder,111.0,111.0,107.61499786376953,108.62999725341797,105.30880737304688,356650
2013-03-06,TRENT.NS,Trent Ltd,Growth / Compounder,109.1050033569336,110.59500122070312,108.0999984741211,108.69999694824219,105.37667846679688,67650
2013-03-07,TRENT.NS,Trent Ltd,Growth / Compounder,109.0,109.0,106.80000305175781,107.62999725341797,104.33939361572266,86130
2013-03-08,TRENT.NS,Trent Ltd,Growth / Compounder,108.78500366210938,108.79000091552734,106.72000122070312,107.2249984741211,103.94676208496094,28670
2013-03-11,TRENT.NS,Trent Ltd,Growth / Compounder,109.5,114.9000015258789,105.19999694824219,106.12999725341797,102.88525390625,53610
2013-03-12,TRENT.NS,Trent Ltd,Growth / Compounder,107.80000305175781,107.9000015258789,104.22000122070312,104.47000122070312,101.27598571777344,30390
2013-03-13,TRENT.NS,Trent Ltd,Growth / Compounder,113.30000305175781,113.30000305175781,100.4000015258789,100.76000213623047,97.679443359375,45120
2013-03-14,TRENT.NS,Trent Ltd,Growth / Compounder,101.0250015258789,102.4000015258789,99.5999984741211,99.94000244140625,96.88450622558594,40600
2013-03-15,TRENT.NS,Trent Ltd,Growth / Compounder,100.5,102.99500274658203,99.73999786376953,102.5250015258789,99.39048767089844,98190
2013-03-18,TRENT.NS,Trent Ltd,Growth / Compounder,103.02999877929688,103.02999877929688,100.66999816894531,102.44499969482422,99.31291961669922,12410
2013-03-19,TRENT.NS,Trent Ltd,Growth / Compounder,101.5999984741211,102.30000305175781,99.6050033569336,100.18000030517578,97.1171646118164,18250
2013-03-20,TRENT.NS,Trent Ltd,Growth / Compounder,99.01499938964844,102.80000305175781,96.125,100.4749984741211,97.40314483642578,93460
2013-03-21,TRENT.NS,Trent Ltd,Growth / Compounder,100.91999816894531,101.75499725341797,94.63999938964844,99.5199966430664,96.47733306884766,215270
2013-03-22,TRENT.NS,Trent Ltd,Growth / Compounder,99.05500030517578,100.48999786376953,97.7300033569336,99.97000122070312,96.91358184814453,117350
2013-03-25,TRENT.NS,Trent Ltd,Growth / Compounder,100.30500030517578,100.5,98.125,99.55000305175781,96.50641632080078,193990
2013-03-26,TRENT.NS,Trent Ltd,Growth / Compounder,99.4000015258789,101.0,98.44999694824219,99.98500061035156,96.9281234741211,82160
2013-03-28,TRENT.NS,Trent Ltd,Growth / Compounder,100.01499938964844,100.48999786376953,98.51000213623047,99.72000122070312,96.67121887207031,104850
2013-04-01,TRENT.NS,Trent Ltd,Growth / Compounder,100.00499725341797,100.30000305175781,98.51000213623047,99.54000091552734,96.49671936035156,9930
2013-04-02,TRENT.NS,Trent Ltd,Growth / Compounder,99.5,100.4000015258789,98.5,100.11499786376953,97.05415344238281,40580
2013-04-03,TRENT.NS,Trent Ltd,Growth / Compounder,100.0,102.9000015258789,98.0999984741211,100.62000274658203,97.54370880126953,1782140
2013-04-04,TRENT.NS,Trent Ltd,Growth / Compounder,99.45999908447266,101.69999694824219,97.5,101.68499755859375,98.57614135742188,4445560
2013-04-05,TRENT.NS,Trent Ltd,Growth / Compounder,99.98999786376953,101.0999984741211,99.0,99.76499938964844,96.71485137939453,13880
2013-04-08,TRENT.NS,Trent Ltd,Growth / Compounder,100.20500183105469,101.5,99.5,100.74500274658203,97.66490173339844,19840
2013-04-09,TRENT.NS,Trent Ltd,Growth / Compounder,100.01000213623047,101.0,97.87000274658203,98.88999938964844,95.86660766601562,97820
2013-04-10,TRENT.NS,Trent Ltd,Growth / Compounder,98.5199966430664,99.9000015258789,98.0,98.94000244140625,95.91509246826172,1462480
2013-04-11,TRENT.NS,Trent Ltd,Growth / Compounder,100.69000244140625,100.69000244140625,98.0999984741211,98.4749984741211,95.46428680419922,6270
2013-04-12,TRENT.NS,Trent Ltd,Growth / Compounder,98.75499725341797,99.09500122070312,97.5,98.16000366210938,95.158935546875,16680
2013-04-15,TRENT.NS,Trent Ltd,Growth / Compounder,97.83999633789062,99.77999877929688,96.84500122070312,99.125,96.09442901611328,24700
2013-04-16,TRENT.NS,Trent Ltd,Growth / Compounder,99.09500122070312,100.0,97.19999694824219,99.40499877929688,96.3658676147461,108110
2013-04-17,TRENT.NS,Trent Ltd,Growth / Compounder,100.00499725341797,101.2699966430664,98.0,98.45999908447266,95.44973754882812,19470
2013-04-18,TRENT.NS,Trent Ltd,Growth / Compounder,99.18000030517578,99.88999938964844,98.21499633789062,99.19499969482422,96.16226959228516,8760
2013-04-22,TRENT.NS,Trent Ltd,Growth / Compounder,100.0,101.0999984741211,99.0999984741211,100.2300033569336,97.16563415527344,36380
2013-04-23,TRENT.NS,Trent Ltd,Growth / Compounder,102.5,102.5,98.20500183105469,99.83999633789062,96.78755950927734,14970
2013-04-25,TRENT.NS,Trent Ltd,Growth / Compounder,99.80000305175781,106.0999984741211,99.01000213623047,104.04499816894531,100.8639907836914,86520
2013-04-26,TRENT.NS,Trent Ltd,Growth / Compounder,101.91000366210938,105.9000015258789,101.91000366210938,103.57499694824219,100.4083480834961,33820
2013-04-29,TRENT.NS,Trent Ltd,Growth / Compounder,103.36000061035156,106.19999694824219,103.0,105.66500091552734,102.43445587158203,54430
2013-04-30,TRENT.NS,Trent Ltd,Growth / Compounder,103.42500305175781,109.5,103.42500305175781,107.4800033569336,104.19397735595703,73470
2013-05-02,TRENT.NS,Trent Ltd,Growth / Compounder,109.99500274658203,111.0,106.54000091552734,108.91999816894531,105.5899429321289,73040
2013-05-03,TRENT.NS,Trent Ltd,Growth / Compounder,108.0,109.80000305175781,105.76499938964844,109.27999877929688,105.9389419555664,28540
2013-05-06,TRENT.NS,Trent Ltd,Growth / Compounder,109.08499908447266,110.0,106.80500030517578,109.29000091552734,105.94863891601562,32090
2013-05-07,TRENT.NS,Trent Ltd,Growth / Compounder,109.74500274658203,112.4000015258789,108.66500091552734,110.33000183105469,106.95684051513672,83920
2013-05-08,TRENT.NS,Trent Ltd,Growth / Compounder,110.68499755859375,111.5,107.0,109.23500061035156,105.89533233642578,71570
2013-05-09,TRENT.NS,Trent Ltd,Growth / Compounder,107.56500244140625,111.0,107.56500244140625,109.7249984741211,106.3703384399414,73000
2013-05-10,TRENT.NS,Trent Ltd,Growth / Compounder,110.0,110.4800033569336,107.75,108.45500183105469,105.13917541503906,66450
2013-05-13,TRENT.NS,Trent Ltd,Growth / Compounder,109.19999694824219,109.19999694824219,104.58000183105469,105.42500305175781,102.20179748535156,18050
2013-05-14,TRENT.NS,Trent Ltd,Growth / Compounder,106.5,109.86000061035156,103.5,108.55000305175781,105.23124694824219,56700
2013-05-15,TRENT.NS,Trent Ltd,Growth / Compounder,106.9000015258789,110.69999694824219,106.9000015258789,109.86000061035156,106.50121307373047,68910
2013-05-16,TRENT.NS,Trent Ltd,Growth / Compounder,109.86000061035156,110.5,108.48999786376953,109.06500244140625,105.73052978515625,20910
2013-05-17,TRENT.NS,Trent Ltd,Growth / Compounder,107.55500030517578,109.0,106.66000366210938,108.38999938964844,105.07615661621094,144840
2013-05-20,TRENT.NS,Trent Ltd,Growth / Compounder,107.20500183105469,108.98999786376953,106.5999984741211,107.99500274658203,104.6932373046875,34850
2013-05-21,TRENT.NS,Trent Ltd,Growth / Compounder,107.11499786376953,111.0,106.6050033569336,110.04000091552734,106.67570495605469,80760
2013-05-22,TRENT.NS,Trent Ltd,Growth / Compounder,111.0,111.5,107.42500305175781,108.03500366210938,104.73200988769531,23050
2013-05-23,TRENT.NS,Trent Ltd,Growth / Compounder,95.0999984741211,108.19999694824219,95.0999984741211,107.05000305175781,103.77711486816406,92080
2013-05-24,TRENT.NS,Trent Ltd,Growth / Compounder,109.0,109.30000305175781,103.5,104.93499755859375,101.7267837524414,25270
2013-05-27,TRENT.NS,Trent Ltd,Growth / Compounder,103.55999755859375,108.5,103.4000015258789,107.3949966430664,104.111572265625,24780
2013-05-28,TRENT.NS,Trent Ltd,Growth / Compounder,106.1050033569336,108.5,106.0999984741211,108.05999755859375,104.7562484741211,13000
2013-05-29,TRENT.NS,Trent Ltd,Growth / Compounder,108.5,109.5999984741211,104.05999755859375,107.99500274658203,104.6932373046875,119340
2013-05-30,TRENT.NS,Trent Ltd,Growth / Compounder,107.00499725341797,109.19999694824219,106.0,107.94000244140625,104.63992309570312,42090
2013-05-31,TRENT.NS,Trent Ltd,Growth / Compounder,107.0,108.4000015258789,105.51499938964844,107.63999938964844,104.34909057617188,42060
2013-06-03,TRENT.NS,Trent Ltd,Growth / Compounder,107.81999969482422,108.5,104.1500015258789,105.5999984741211,102.3714599609375,12140
2013-06-04,TRENT.NS,Trent Ltd,Growth / Compounder,104.09500122070312,107.9000015258789,104.0,105.55999755859375,102.33267211914062,12290
2013-06-05,TRENT.NS,Trent Ltd,Growth / Compounder,104.51499938964844,106.0999984741211,103.3949966430664,103.91500091552734,100.73797607421875,19350
2013-06-06,TRENT.NS,Trent Ltd,Growth / Compounder,104.00499725341797,105.69999694824219,102.0,105.04000091552734,101.82857513427734,46390
2013-06-07,TRENT.NS,Trent Ltd,Growth / Compounder,104.01499938964844,105.5,101.38999938964844,102.18000030517578,99.05601501464844,48320
2013-06-10,TRENT.NS,Trent Ltd,Growth / Compounder,101.11000061035156,103.5,99.58000183105469,102.62000274658203,99.48257446289062,57660
2013-06-11,TRENT.NS,Trent Ltd,Growth / Compounder,102.4000015258789,102.9000015258789,99.61000061035156,100.2300033569336,97.16563415527344,25710
2013-06-12,TRENT.NS,Trent Ltd,Growth / Compounder,99.19999694824219,102.80000305175781,98.68499755859375,101.98500061035156,98.86698913574219,44030
2013-06-13,TRENT.NS,Trent Ltd,Growth / Compounder,101.0,102.17500305175781,99.5,101.9000015258789,98.7845687866211,27070
2013-06-14,TRENT.NS,Trent Ltd,Growth / Compounder,100.55500030517578,102.94000244140625,100.43000030517578,102.55999755859375,99.42440032958984,27740
2013-06-17,TRENT.NS,Trent Ltd,Growth / Compounder,104.49500274658203,104.49500274658203,100.1500015258789,101.80999755859375,98.69732666015625,29730
2013-06-18,TRENT.NS,Trent Ltd,Growth / Compounder,101.0,102.48999786376953,100.31999969482422,101.43000030517578,98.32894134521484,51990
2013-06-19,TRENT.NS,Trent Ltd,Growth / Compounder,100.41999816894531,103.77999877929688,100.41999816894531,101.70500183105469,98.59555053710938,279290
2013-06-20,TRENT.NS,Trent Ltd,Growth / Compounder,101.58000183105469,101.8949966430664,100.0,100.6500015258789,97.57279205322266,20660
2013-06-21,TRENT.NS,Trent Ltd,Growth / Compounder,100.1050033569336,101.48999786376953,99.51000213623047,100.2249984741211,97.16078186035156,12740
2013-06-24,TRENT.NS,Trent Ltd,Growth / Compounder,98.66000366210938,100.6500015258789,98.66000366210938,99.45500183105469,96.41431427001953,12110
2013-06-25,TRENT.NS,Trent Ltd,Growth / Compounder,98.70500183105469,99.5,98.20500183105469,98.94000244140625,95.91509246826172,29340
2013-06-26,TRENT.NS,Trent Ltd,Growth / Compounder,98.94000244140625,99.19499969482422,97.5,97.9800033569336,94.98442077636719,11070
2013-06-27,TRENT.NS,Trent Ltd,Growth / Compounder,99.44499969482422,102.0,97.69999694824219,99.4800033569336,96.4385757446289,130130
2013-06-28,TRENT.NS,Trent Ltd,Growth / Compounder,98.5,100.9000015258789,98.0250015258789,99.375,96.33676147460938,1550530
2013-07-01,TRENT.NS,Trent Ltd,Growth / Compounder,99.41000366210938,100.0,98.41000366210938,98.75,95.73088073730469,9780
2013-07-02,TRENT.NS,Trent Ltd,Growth / Compounder,99.0,99.5999984741211,97.05000305175781,97.7750015258789,94.78569793701172,34050
2013-07-03,TRENT.NS,Trent Ltd,Growth / Compounder,98.79499816894531,98.79499816894531,97.0,97.48500061035156,94.50457000732422,16460
2013-07-04,TRENT.NS,Trent Ltd,Growth / Compounder,96.6050033569336,99.69999694824219,96.6050033569336,99.01499938964844,95.98778533935547,40110
2013-07-05,TRENT.NS,Trent Ltd,Growth / Compounder,98.01000213623047,102.19999694824219,98.0,101.5199966430664,98.41619873046875,38310
2013-07-08,TRENT.NS,Trent Ltd,Growth / Compounder,100.0,102.30000305175781,99.55999755859375,101.8499984741211,98.73609924316406,20010
2013-07-09,TRENT.NS,Trent Ltd,Growth / Compounder,103.0,103.0,99.05000305175781,100.2300033569336,97.16563415527344,13410
2013-07-10,TRENT.NS,Trent Ltd,Growth / Compounder,100.5,101.4749984741211,97.70999908447266,99.55999755859375,96.51612091064453,36900
2013-07-11,TRENT.NS,Trent Ltd,Growth / Compounder,98.80000305175781,101.80000305175781,98.30000305175781,101.2750015258789,98.1786880493164,26410
2013-07-12,TRENT.NS,Trent Ltd,Growth / Compounder,100.30000305175781,101.66000366210938,99.93000030517578,100.80000305175781,97.71818542480469,21190
2013-07-15,TRENT.NS,Trent Ltd,Growth / Compounder,99.80000305175781,100.87999725341797,98.0250015258789,100.19999694824219,97.58834075927734,24500
2013-07-16,TRENT.NS,Trent Ltd,Growth / Compounder,101.0,102.7249984741211,99.2249984741211,102.16500091552734,99.50212860107422,29280
2013-07-17,TRENT.NS,Trent Ltd,Growth / Compounder,101.11499786376953,104.88999938964844,101.11499786376953,103.66500091552734,100.9630355834961,37820
2013-07-18,TRENT.NS,Trent Ltd,Growth / Compounder,102.5999984741211,103.99500274658203,100.13500213623047,101.0199966430664,98.386962890625,49430
2013-07-19,TRENT.NS,Trent Ltd,Growth / Compounder,101.69000244140625,102.5,100.22000122070312,102.16500091552734,99.50212860107422,22240
2013-07-22,TRENT.NS,Trent Ltd,Growth / Compounder,101.00499725341797,102.5,100.69999694824219,102.01499938964844,99.35604095458984,16010
2013-07-23,TRENT.NS,Trent Ltd,Growth / Compounder,102.0,102.28500366210938,99.7300033569336,102.0199966430664,99.36090087890625,101850
2013-07-24,TRENT.NS,Trent Ltd,Growth / Compounder,102.49500274658203,102.49500274658203,100.0,101.95999908447266,99.30247497558594,161850
2013-07-25,TRENT.NS,Trent Ltd,Growth / Compounder,101.0250015258789,101.3949966430664,99.76000213623047,100.99500274658203,98.3626480102539,32600
2013-07-26,TRENT.NS,Trent Ltd,Growth / Compounder,100.20999908447266,102.0,98.81999969482422,100.55999755859375,97.93894958496094,19380
2013-07-29,TRENT.NS,Trent Ltd,Growth / Compounder,99.19999694824219,101.0,99.19999694824219,100.56500244140625,97.94383239746094,32690
2013-07-30,TRENT.NS,Trent Ltd,Growth / Compounder,99.5999984741211,100.5,98.55000305175781,100.01000213623047,97.40330505371094,50900
2013-07-31,TRENT.NS,Trent Ltd,Growth / Compounder,102.69000244140625,102.69000244140625,98.5,100.68499755859375,98.0606918334961,579110
2013-08-01,TRENT.NS,Trent Ltd,Growth / Compounder,99.69999694824219,100.9800033569336,98.74500274658203,99.72000122070312,97.12085723876953,27330
2013-08-02,TRENT.NS,Trent Ltd,Growth / Compounder,102.0999984741211,102.98999786376953,99.01000213623047,100.27999877929688,97.66626739501953,150780
2013-08-05,TRENT.NS,Trent Ltd,Growth / Compounder,99.50499725341797,100.91500091552734,98.41500091552734,100.06999969482422,97.46173095703125,56970
2013-08-06,TRENT.NS,Trent Ltd,Growth / Compounder,100.0999984741211,100.0999984741211,96.24500274658203,97.58000183105469,95.03663635253906,27000
2013-08-07,TRENT.NS,Trent Ltd,Growth / Compounder,98.69999694824219,98.69999694824219,97.0,97.46499633789062,94.92461395263672,34300
2013-08-08,TRENT.NS,Trent Ltd,Growth / Compounder,96.3550033569336,100.4000015258789,96.3550033569336,98.91999816894531,96.34171295166016,34760
2013-08-12,TRENT.NS,Trent Ltd,Growth / Compounder,101.875,101.875,94.93000030517578,96.6050033569336,94.0870590209961,186990
2013-08-13,TRENT.NS,Trent Ltd,Growth / Compounder,99.4000015258789,99.80000305175781,97.20999908447266,99.44000244140625,96.84815216064453,45310
2013-08-14,TRENT.NS,Trent Ltd,Growth / Compounder,100.48999786376953,100.48999786376953,95.33499908447266,96.94999694824219,94.42304992675781,30800
2013-08-16,TRENT.NS,Trent Ltd,Growth / Compounder,97.69499969482422,98.5,95.5999984741211,98.0,95.44568634033203,80100
2013-08-19,TRENT.NS,Trent Ltd,Growth / Compounder,97.1050033569336,97.26000213623047,93.5999984741211,94.7249984741211,92.25605773925781,70820
2013-08-20,TRENT.NS,Trent Ltd,Growth / Compounder,95.0,95.69999694824219,93.61000061035156,94.93499755859375,92.46057891845703,260430
2013-08-21,TRENT.NS,Trent Ltd,Growth / Compounder,94.86499786376953,95.98999786376953,92.66000366210938,93.44999694824219,91.01427459716797,13510
2013-08-22,TRENT.NS,Trent Ltd,Growth / Compounder,92.18499755859375,95.69999694824219,92.18499755859375,95.2699966430664,92.78682708740234,21800
2013-08-23,TRENT.NS,Trent Ltd,Growth / Compounder,94.0,96.5,94.0,96.05000305175781,93.5465087890625,15220
2013-08-26,TRENT.NS,Trent Ltd,Growth / Compounder,97.0,97.4800033569336,93.61000061035156,94.32499694824219,91.86647033691406,25920
2013-08-27,TRENT.NS,Trent Ltd,Growth / Compounder,93.4000015258789,96.0,92.41500091552734,93.49500274658203,91.0581283569336,64850
2013-08-28,TRENT.NS,Trent Ltd,Growth / Compounder,92.5999984741211,93.5,91.26499938964844,93.0,90.57601928710938,36640
2013-08-29,TRENT.NS,Trent Ltd,Growth / Compounder,93.0,94.61000061035156,92.0999984741211,94.45999908447266,91.9979476928711,23340
2013-08-30,TRENT.NS,Trent Ltd,Growth / Compounder,93.5,96.69999694824219,93.20999908447266,94.5,92.03691101074219,18070
2013-09-02,TRENT.NS,Trent Ltd,Growth / Compounder,93.5999984741211,95.48500061035156,93.01000213623047,94.06500244140625,91.61325073242188,32300
2013-09-03,TRENT.NS,Trent Ltd,Growth / Compounder,93.0999984741211,94.80000305175781,93.0,93.62999725341797,91.18959045410156,9630
2013-09-04,TRENT.NS,Trent Ltd,Growth / Compounder,92.70500183105469,94.77999877929688,92.0,94.54000091552734,92.07586669921875,12180
2013-09-05,TRENT.NS,Trent Ltd,Growth / Compounder,94.5,94.81999969482422,93.9000015258789,94.43000030517578,91.96873474121094,5260
2013-09-06,TRENT.NS,Trent Ltd,Growth / Compounder,94.0,96.4000015258789,94.0,94.41999816894531,91.95899963378906,5430
2013-09-10,TRENT.NS,Trent Ltd,Growth / Compounder,95.74500274658203,95.74500274658203,94.19999694824219,94.83000183105469,92.35832214355469,12760
2013-09-11,TRENT.NS,Trent Ltd,Growth / Compounder,94.0999984741211,96.0,94.0999984741211,95.72000122070312,93.2251205444336,12350
2013-09-12,TRENT.NS,Trent Ltd,Growth / Compounder,94.51499938964844,98.0,94.0,94.47000122070312,92.00770568847656,43740
2013-09-13,TRENT.NS,Trent Ltd,Growth / Compounder,95.0,98.5999984741211,94.0,94.38999938964844,91.92977905273438,1584540
2013-09-16,TRENT.NS,Trent Ltd,Growth / Compounder,94.50499725341797,96.4000015258789,94.30000305175781,95.45500183105469,92.96702575683594,21350
2013-09-17,TRENT.NS,Trent Ltd,Growth / Compounder,95.00499725341797,95.59500122070312,94.00499725341797,94.71499633789062,92.24629974365234,8750
2013-09-18,TRENT.NS,Trent Ltd,Growth / Compounder,94.5999984741211,95.38999938964844,93.1050033569336,93.41999816894531,90.98505401611328,15870
2013-09-19,TRENT.NS,Trent Ltd,Growth / Compounder,95.0,97.49500274658203,93.99500274658203,94.0250015258789,91.57430267333984,438530
2013-09-20,TRENT.NS,Trent Ltd,Growth / Compounder,94.5,95.3949966430664,93.1050033569336,94.1050033569336,91.6522216796875,23980
2013-09-23,TRENT.NS,Trent Ltd,Growth / Compounder,93.20999908447266,95.0,92.5,92.83999633789062,90.4201889038086,20720
2013-09-24,TRENT.NS,Trent Ltd,Growth / Compounder,92.30500030517578,94.0,92.30500030517578,93.40499877929688,90.97045135498047,118070
2013-09-25,TRENT.NS,Trent Ltd,Growth / Compounder,93.01000213623047,94.0,91.80000305175781,92.98999786376953,90.5662612915039,142940
2013-09-26,TRENT.NS,Trent Ltd,Growth / Compounder,92.19999694824219,94.0,92.19999694824219,93.80999755859375,91.36490631103516,26080
2013-09-27,TRENT.NS,Trent Ltd,Growth / Compounder,93.0,93.9000015258789,92.02999877929688,92.65499877929688,90.23999786376953,14180
2013-09-30,TRENT.NS,Trent Ltd,Growth / Compounder,93.5,93.5,92.0,92.87999725341797,90.45914459228516,22070
2013-10-01,TRENT.NS,Trent Ltd,Growth / Compounder,92.125,92.9000015258789,90.9000015258789,91.50499725341797,89.11998748779297,27560
2013-10-03,TRENT.NS,Trent Ltd,Growth / Compounder,92.0,93.9000015258789,91.80000305175781,93.51000213623047,91.07272338867188,33330
2013-10-04,TRENT.NS,Trent Ltd,Growth / Compounder,92.5,95.0,92.5,94.53500366210938,92.07099914550781,12990
2013-10-07,TRENT.NS,Trent Ltd,Growth / Compounder,94.9000015258789,94.9000015258789,93.23999786376953,93.41000366210938,90.97533416748047,198810
2013-10-08,TRENT.NS,Trent Ltd,Growth / Compounder,94.5,94.5,92.5,92.8949966430664,90.47374725341797,23020
2013-10-09,TRENT.NS,Trent Ltd,Growth / Compounder,93.0,93.48500061035156,92.5,92.69000244140625,90.27408599853516,18240
2013-10-10,TRENT.NS,Trent Ltd,Growth / Compounder,91.94499969482422,93.0,91.94499969482422,92.05999755859375,89.66050720214844,731060
2013-10-11,TRENT.NS,Trent Ltd,Growth / Compounder,92.5,92.99500274658203,91.69999694824219,92.16500091552734,89.76275634765625,300210
2013-10-14,TRENT.NS,Trent Ltd,Growth / Compounder,92.5,92.9000015258789,91.9000015258789,92.5999984741211,90.18644714355469,7310
2013-10-15,TRENT.NS,Trent Ltd,Growth / Compounder,92.69999694824219,92.9800033569336,91.62000274658203,92.15499877929688,89.75303649902344,34330
2013-10-17,TRENT.NS,Trent Ltd,Growth / Compounder,92.9000015258789,93.19999694824219,90.80000305175781,92.98500061035156,90.56141662597656,196400
2013-10-18,TRENT.NS,Trent Ltd,Growth / Compounder,92.98500061035156,93.5,92.0,92.5999984741211,90.18644714355469,367050
2013-10-21,TRENT.NS,Trent Ltd,Growth / Compounder,93.0,93.0,92.42500305175781,92.8499984741211,90.42992401123047,40640
2013-10-22,TRENT.NS,Trent Ltd,Growth / Compounder,91.92500305175781,93.19999694824219,91.92500305175781,92.98500061035156,90.56141662597656,146670
2013-10-23,TRENT.NS,Trent Ltd,Growth / Compounder,93.0,93.0,92.30000305175781,92.55000305175781,90.13772583007812,19800
2013-10-24,TRENT.NS,Trent Ltd,Growth / Compounder,92.5999984741211,92.98999786376953,88.8499984741211,90.93499755859375,88.5648422241211,101080
2013-10-25,TRENT.NS,Trent Ltd,Growth / Compounder,91.31500244140625,92.5,91.30999755859375,92.06500244140625,89.66539001464844,19580
2013-10-28,TRENT.NS,Trent Ltd,Growth / Compounder,91.5,92.49500274658203,91.19999694824219,91.5199966430664,89.13459014892578,9980
2013-10-29,TRENT.NS,Trent Ltd,Growth / Compounder,91.96499633789062,93.0,91.30000305175781,92.8550033569336,90.43479919433594,35800
2013-10-30,TRENT.NS,Trent Ltd,Growth / Compounder,92.49500274658203,93.0,91.5,91.8499984741211,89.45597076416016,56540
2013-10-31,TRENT.NS,Trent Ltd,Growth / Compounder,94.19999694824219,94.19999694824219,91.0,92.4749984741211,90.064697265625,140830
2013-11-01,TRENT.NS,Trent Ltd,Growth / Compounder,92.97000122070312,92.9749984741211,90.1050033569336,90.86000061035156,88.49176788330078,94600
2013-11-05,TRENT.NS,Trent Ltd,Growth / Compounder,91.5999984741211,96.0,90.69999694824219,95.01000213623047,92.53360748291016,526010
2013-11-06,TRENT.NS,Trent Ltd,Growth / Compounder,94.0999984741211,95.0,92.55500030517578,93.29000091552734,90.85845184326172,74020
2013-11-07,TRENT.NS,Trent Ltd,Growth / Compounder,92.44999694824219,93.9749984741211,91.0,91.37999725341797,88.99822998046875,83790
2013-11-08,TRENT.NS,Trent Ltd,Growth / Compounder,93.0,93.4000015258789,91.1500015258789,92.25499725341797,89.85042572021484,43240
2013-11-11,TRENT.NS,Trent Ltd,Growth / Compounder,91.62000274658203,93.0,91.0999984741211,92.48500061035156,90.07441711425781,27860
2013-11-12,TRENT.NS,Trent Ltd,Growth / Compounder,91.5999984741211,95.49500274658203,91.5999984741211,92.66999816894531,90.25460052490234,242190
2013-11-13,TRENT.NS,Trent Ltd,Growth / Compounder,92.80000305175781,93.49500274658203,91.8499984741211,92.18000030517578,89.77739715576172,18390
2013-11-14,TRENT.NS,Trent Ltd,Growth / Compounder,92.80000305175781,93.24500274658203,91.9000015258789,92.08000183105469,89.67999267578125,8600
2013-11-18,TRENT.NS,Trent Ltd,Growth / Compounder,92.5,92.9000015258789,91.58000183105469,91.75499725341797,89.36347198486328,17400
2013-11-19,TRENT.NS,Trent Ltd,Growth / Compounder,93.80000305175781,93.80000305175781,90.5,91.19499969482422,88.81804656982422,31530
2013-11-20,TRENT.NS,Trent Ltd,Growth / Compounder,90.50499725341797,95.5,90.50499725341797,94.88500213623047,92.41188049316406,94290
2013-11-21,TRENT.NS,Trent Ltd,Growth / Compounder,95.4800033569336,97.0,93.30500030517578,95.17500305175781,92.6943130493164,339990
2013-11-22,TRENT.NS,Trent Ltd,Growth / Compounder,96.0,111.36000061035156,95.13999938964844,102.91000366210938,100.22769927978516,1124890
2013-11-25,TRENT.NS,Trent Ltd,Growth / Compounder,102.69999694824219,104.29000091552734,100.11000061035156,100.7249984741211,98.09964752197266,108870
2013-11-26,TRENT.NS,Trent Ltd,Growth / Compounder,99.12999725341797,103.5,98.5,99.27999877929688,96.69232177734375,153050
2013-11-27,TRENT.NS,Trent Ltd,Growth / Compounder,99.16000366210938,101.8550033569336,99.0999984741211,99.33999633789062,96.75076293945312,41890
2013-11-28,TRENT.NS,Trent Ltd,Growth / Compounder,101.48999786376953,101.48999786376953,99.5,100.19499969482422,97.58349609375,29990
2013-11-29,TRENT.NS,Trent Ltd,Growth / Compounder,100.20500183105469,109.0,100.19999694824219,104.29499816894531,101.57662200927734,284390
2013-12-02,TRENT.NS,Trent Ltd,Growth / Compounder,105.4000015258789,107.0,103.5,103.88999938964844,101.18216705322266,57610
2013-12-03,TRENT.NS,Trent Ltd,Growth / Compounder,104.0,107.51000213623047,104.0,105.1449966430664,102.40445709228516,90160
2013-12-04,TRENT.NS,Trent Ltd,Growth / Compounder,104.69999694824219,106.5,102.7699966430664,103.80500030517578,101.0993881225586,45240
2013-12-05,TRENT.NS,Trent Ltd,Growth / Compounder,104.0,105.0999984741211,101.55000305175781,103.0,100.31536865234375,103880
2013-12-06,TRENT.NS,Trent Ltd,Growth / Compounder,102.30999755859375,104.8949966430664,102.30999755859375,104.03500366210938,101.32340240478516,61950
2013-12-09,TRENT.NS,Trent Ltd,Growth / Compounder,104.30500030517578,105.0,101.80000305175781,103.00499725341797,100.32023620605469,42980
2013-12-10,TRENT.NS,Trent Ltd,Growth / Compounder,103.5,103.5,100.7300033569336,101.2249984741211,98.58663177490234,38940
2013-12-11,TRENT.NS,Trent Ltd,Growth / Compounder,101.05000305175781,101.80000305175781,99.4000015258789,100.8949966430664,98.26522827148438,45200
2013-12-12,TRENT.NS,Trent Ltd,Growth / Compounder,100.1050033569336,103.27999877929688,99.5,101.54000091552734,98.8934326171875,33180
2013-12-13,TRENT.NS,Trent Ltd,Growth / Compounder,100.00499725341797,102.49500274658203,100.00499725341797,101.0999984741211,98.46488952636719,14760
2013-12-16,TRENT.NS,Trent Ltd,Growth / Compounder,101.88999938964844,101.88999938964844,99.55000305175781,100.05999755859375,97.4520034790039,16590
2013-12-17,TRENT.NS,Trent Ltd,Growth / Compounder,98.9000015258789,108.87999725341797,98.9000015258789,106.41999816894531,103.646240234375,362170
2013-12-18,TRENT.NS,Trent Ltd,Growth / Compounder,113.30000305175781,126.5,112.5,117.86000061035156,114.78805541992188,7365960
2013-12-19,TRENT.NS,Trent Ltd,Growth / Compounder,119.19999694824219,119.87999725341797,115.0,116.16000366210938,113.13235473632812,842160
2013-12-20,TRENT.NS,Trent Ltd,Growth / Compounder,116.0999984741211,125.27999877929688,115.0999984741211,120.86000061035156,117.70984649658203,1289680
2013-12-23,TRENT.NS,Trent Ltd,Growth / Compounder,121.9000015258789,124.5,121.0,123.33499908447266,120.12033081054688,529980
2013-12-24,TRENT.NS,Trent Ltd,Growth / Compounder,123.30000305175781,124.55000305175781,120.5,121.0,117.8462142944336,342310
2013-12-26,TRENT.NS,Trent Ltd,Growth / Compounder,120.2249984741211,122.5,118.9000015258789,120.16500091552734,117.03297424316406,141200
2013-12-27,TRENT.NS,Trent Ltd,Growth / Compounder,119.52999877929688,125.5,119.52999877929688,123.52999877929688,120.31027221679688,625670
2013-12-30,TRENT.NS,Trent Ltd,Growth / Compounder,125.4000015258789,128.46499633789062,124.61499786376953,125.98999786376953,122.70614624023438,1023850
2013-12-31,TRENT.NS,Trent Ltd,Growth / Compounder,131.6999969482422,134.08999633789062,125.19999694824219,126.47000122070312,123.17365264892578,1561420
2014-01-01,TRENT.NS,Trent Ltd,Growth / Compounder,125.80000305175781,126.5,122.3949966430664,122.87000274658203,119.66747283935547,328590
2014-01-02,TRENT.NS,Trent Ltd,Growth / Compounder,122.9000015258789,124.80000305175781,120.0,120.56500244140625,117.42254638671875,286350
2014-01-03,TRENT.NS,Trent Ltd,Growth / Compounder,120.06500244140625,120.5,116.56500244140625,119.78500366210938,116.66287994384766,260840
2014-01-06,TRENT.NS,Trent Ltd,Growth / Compounder,119.62999725341797,121.5,116.625,117.42500305175781,114.36439514160156,199070
2014-01-07,TRENT.NS,Trent Ltd,Growth / Compounder,117.69999694824219,121.4000015258789,117.0,119.55999755859375,116.44373321533203,221410
2014-01-08,TRENT.NS,Trent Ltd,Growth / Compounder,120.0,120.3949966430664,116.5,116.94999694824219,113.90176391601562,143770
2014-01-09,TRENT.NS,Trent Ltd,Growth / Compounder,116.4000015258789,118.43499755859375,114.19999694824219,115.01499938964844,112.01720428466797,131270
2014-01-10,TRENT.NS,Trent Ltd,Growth / Compounder,113.9000015258789,114.36000061035156,111.0,112.5250015258789,109.59210968017578,254180
2014-01-13,TRENT.NS,Trent Ltd,Growth / Compounder,115.80000305175781,118.80000305175781,110.95500183105469,116.34500122070312,113.31253814697266,826490
2014-01-14,TRENT.NS,Trent Ltd,Growth / Compounder,115.0,116.5,111.66000366210938,113.22000122070312,110.26898956298828,281800
2014-01-15,TRENT.NS,Trent Ltd,Growth / Compounder,113.3499984741211,115.5,112.20999908447266,114.08000183105469,111.10658264160156,147300
2014-01-16,TRENT.NS,Trent Ltd,Growth / Compounder,113.03500366210938,115.0,113.0,113.23500061035156,110.28360748291016,38760
2014-01-17,TRENT.NS,Trent Ltd,Growth / Compounder,113.00499725341797,114.57499694824219,110.45500183105469,113.44000244140625,110.4832534790039,81240
2014-01-20,TRENT.NS,Trent Ltd,Growth / Compounder,113.5,113.6449966430664,111.16000366210938,111.68499755859375,108.77397918701172,61740
2014-01-21,TRENT.NS,Trent Ltd,Growth / Compounder,112.24500274658203,113.51499938964844,110.5,110.87999725341797,107.98998260498047,46020
2014-01-22,TRENT.NS,Trent Ltd,Growth / Compounder,109.80000305175781,112.0,108.16500091552734,109.375,106.52420806884766,86070
2014-01-23,TRENT.NS,Trent Ltd,Growth / Compounder,110.49500274658203,110.98500061035156,108.1050033569336,110.05500030517578,107.18647766113281,67870
2014-01-24,TRENT.NS,Trent Ltd,Growth / Compounder,109.0,110.4000015258789,107.50499725341797,108.34500122070312,105.52105712890625,53270
2014-01-27,TRENT.NS,Trent Ltd,Growth / Compounder,107.5,107.5,105.0199966430664,105.41000366210938,102.66255187988281,38720
2014-01-28,TRENT.NS,Trent Ltd,Growth / Compounder,105.9000015258789,108.93499755859375,105.62999725341797,106.57499694824219,103.79717254638672,47550
2014-01-29,TRENT.NS,Trent Ltd,Growth / Compounder,108.19999694824219,108.80000305175781,106.69000244140625,108.0250015258789,105.20939636230469,41880
2014-01-30,TRENT.NS,Trent Ltd,Growth / Compounder,106.125,109.0,105.5,108.2699966430664,105.447998046875,75620
2014-01-31,TRENT.NS,Trent Ltd,Growth / Compounder,108.5,110.0,107.5,108.56999969482422,105.74019622802734,45930
2014-02-03,TRENT.NS,Trent Ltd,Growth / Compounder,109.0,109.20999908447266,106.0,107.05999755859375,104.26954650878906,23020
2014-02-04,TRENT.NS,Trent Ltd,Growth / Compounder,106.0,107.38999938964844,104.38500213623047,105.55500030517578,102.80377960205078,35490
2014-02-05,TRENT.NS,Trent Ltd,Growth / Compounder,106.3949966430664,107.98999786376953,104.33499908447266,106.7249984741211,103.94328308105469,36220
2014-02-06,TRENT.NS,Trent Ltd,Growth / Compounder,106.20500183105469,106.80000305175781,104.4749984741211,104.78500366210938,102.0538558959961,37710
2014-02-07,TRENT.NS,Trent Ltd,Growth / Compounder,105.0999984741211,106.05999755859375,103.5,103.75499725341797,101.0506820678711,27560
2014-02-10,TRENT.NS,Trent Ltd,Growth / Compounder,106.99500274658203,106.99500274658203,103.2249984741211,103.79499816894531,101.08965301513672,11750
2014-02-11,TRENT.NS,Trent Ltd,Growth / Compounder,103.48999786376953,104.46499633789062,102.0,103.48999786376953,100.7926025390625,32420
2014-02-12,TRENT.NS,Trent Ltd,Growth / Compounder,104.05000305175781,105.2699966430664,102.5,103.67500305175781,100.97278594970703,23310
2014-02-13,TRENT.NS,Trent Ltd,Growth / Compounder,104.0,104.30000305175781,102.0,102.26000213623047,99.59465789794922,434170
2014-02-14,TRENT.NS,Trent Ltd,Growth / Compounder,101.9000015258789,105.79000091552734,101.9000015258789,103.43499755859375,100.73904418945312,153750
2014-02-17,TRENT.NS,Trent Ltd,Growth / Compounder,105.48999786376953,105.48999786376953,101.1500015258789,102.0,99.34141540527344,33870
2014-02-18,TRENT.NS,Trent Ltd,Growth / Compounder,101.9000015258789,103.49500274658203,100.49500274658203,101.44499969482422,98.8009033203125,52020
2014-02-19,TRENT.NS,Trent Ltd,Growth / Compounder,102.46499633789062,103.21499633789062,100.9000015258789,101.92500305175781,99.26839447021484,29970
2014-02-20,TRENT.NS,Trent Ltd,Growth / Compounder,101.69999694824219,102.79499816894531,100.55999755859375,101.49500274658203,98.84957885742188,16380
2014-02-21,TRENT.NS,Trent Ltd,Growth / Compounder,101.80000305175781,102.69999694824219,101.4000015258789,102.30500030517578,99.63846588134766,34890
2014-02-24,TRENT.NS,Trent Ltd,Growth / Compounder,101.4000015258789,102.36000061035156,100.5,100.84500122070312,98.21652221679688,35070
2014-02-25,TRENT.NS,Trent Ltd,Growth / Compounder,101.34500122070312,101.9000015258789,100.0,100.20500183105469,97.59322357177734,26490
2014-02-26,TRENT.NS,Trent Ltd,Growth / Compounder,100.63500213623047,101.4000015258789,100.0,100.43000030517578,97.8123550415039,22290
2014-02-28,TRENT.NS,Trent Ltd,Growth / Compounder,100.99500274658203,101.5999984741211,99.19999694824219,99.73999786376953,97.14033508300781,47110
2014-03-03,TRENT.NS,Trent Ltd,Growth / Compounder,99.80000305175781,102.93000030517578,99.19999694824219,99.55999755859375,96.96501159667969,229710
2014-03-04,TRENT.NS,Trent Ltd,Growth / Compounder,101.80000305175781,101.9000015258789,99.5250015258789,99.73999786376953,97.14033508300781,69610
2014-03-05,TRENT.NS,Trent Ltd,Growth / Compounder,100.5,101.0,99.31999969482422,99.80000305175781,97.19879150390625,54080
2014-03-06,TRENT.NS,Trent Ltd,Growth / Compounder,100.3949966430664,101.9800033569336,100.0,100.44499969482422,97.82696533203125,117800
2014-03-07,TRENT.NS,Trent Ltd,Growth / Compounder,100.65499877929688,101.4000015258789,100.00499725341797,100.11000061035156,97.50068664550781,67950
2014-03-10,TRENT.NS,Trent Ltd,Growth / Compounder,99.0,104.5,99.0,101.8550033569336,99.20021057128906,310840
2014-03-11,TRENT.NS,Trent Ltd,Growth / Compounder,104.5,106.4800033569336,102.1050033569336,102.94999694824219,100.26667022705078,528200
2014-03-12,TRENT.NS,Trent Ltd,Growth / Compounder,103.0,103.98999786376953,101.17500305175781,101.88999938964844,99.23430633544922,67740
2014-03-13,TRENT.NS,Trent Ltd,Growth / Compounder,102.31500244140625,102.83000183105469,100.80000305175781,101.1050033569336,98.46975708007812,41080
2014-03-14,TRENT.NS,Trent Ltd,Growth / Compounder,101.0,102.86000061035156,99.80000305175781,100.3499984741211,97.73442840576172,233270
2014-03-18,TRENT.NS,Trent Ltd,Growth / Compounder,99.37999725341797,101.80000305175781,99.37999725341797,100.79000091552734,98.1629638671875,240910
2014-03-19,TRENT.NS,Trent Ltd,Growth / Compounder,100.73500061035156,100.7750015258789,98.55999755859375,99.68499755859375,97.08676147460938,89790
2014-03-20,TRENT.NS,Trent Ltd,Growth / Compounder,100.0,100.70500183105469,99.55000305175781,99.88500213623047,97.28156280517578,24970
2014-03-21,TRENT.NS,Trent Ltd,Growth / Compounder,98.88999938964844,100.43499755859375,98.88999938964844,99.97000122070312,97.36433410644531,134740
2014-03-24,TRENT.NS,Trent Ltd,Growth / Compounder,107.0,107.79499816894531,103.80000305175781,104.76499938964844,102.03436279296875,807080
2014-03-25,TRENT.NS,Trent Ltd,Growth / Compounder,104.0,105.30000305175781,102.00499725341797,102.98999786376953,100.30561828613281,241500
2014-03-26,TRENT.NS,Trent Ltd,Growth / Compounder,103.0,103.48999786376953,101.80000305175781,102.98999786376953,100.30561828613281,198390
2014-03-27,TRENT.NS,Trent Ltd,Growth / Compounder,103.0999984741211,103.0999984741211,101.55000305175781,102.29499816894531,99.62872314453125,11292410
2014-03-28,TRENT.NS,Trent Ltd,Growth / Compounder,103.5,103.5,100.74500274658203,102.25,99.58489227294922,197590
2014-03-31,TRENT.NS,Trent Ltd,Growth / Compounder,103.69999694824219,103.80000305175781,100.0,102.82499694824219,100.14492797851562,682060
2014-04-01,TRENT.NS,Trent Ltd,Growth / Compounder,103.0,103.5999984741211,101.19999694824219,101.52999877929688,98.88368225097656,74510
2014-04-02,TRENT.NS,Trent Ltd,Growth / Compounder,103.00499725341797,103.5,101.5,102.0,99.34141540527344,146030
2014-04-03,TRENT.NS,Trent Ltd,Growth / Compounder,101.11499786376953,102.9000015258789,101.11499786376953,102.125,99.46318054199219,86210
2014-04-04,TRENT.NS,Trent Ltd,Growth / Compounder,101.61000061035156,102.4000015258789,101.11499786376953,102.04499816894531,99.38525390625,52200
2014-04-07,TRENT.NS,Trent Ltd,Growth / Compounder,101.1050033569336,102.29499816894531,100.19999694824219,100.75499725341797,98.12886810302734,98310
2014-04-09,TRENT.NS,Trent Ltd,Growth / Compounder,100.20500183105469,102.0999984741211,100.20500183105469,101.50499725341797,98.85933685302734,145320
2014-04-10,TRENT.NS,Trent Ltd,Growth / Compounder,101.9800033569336,102.0,99.4000015258789,99.7699966430664,97.16954040527344,172850
2014-04-11,TRENT.NS,Trent Ltd,Growth / Compounder,99.21499633789062,100.78500366210938,99.0,99.20500183105469,96.61930084228516,96340
2014-04-15,TRENT.NS,Trent Ltd,Growth / Compounder,98.80999755859375,100.00499725341797,98.4000015258789,99.43499755859375,96.8432846069336,1433280
2014-04-16,TRENT.NS,Trent Ltd,Growth / Compounder,99.0999984741211,101.67500305175781,99.05000305175781,99.32499694824219,96.73616027832031,264100
2014-04-17,TRENT.NS,Trent Ltd,Growth / Compounder,99.6050033569336,101.0,99.0,100.43000030517578,97.8123550415039,200690
2014-04-21,TRENT.NS,Trent Ltd,Growth / Compounder,100.80000305175781,101.19999694824219,99.55500030517578,99.83499908447266,97.23287200927734,296600
2014-04-22,TRENT.NS,Trent Ltd,Growth / Compounder,100.26499938964844,100.88999938964844,99.19999694824219,99.63500213623047,97.03807830810547,86270
2014-04-23,TRENT.NS,Trent Ltd,Growth / Compounder,99.12999725341797,100.5999984741211,99.12999725341797,100.43499755859375,97.81723022460938,208750
2014-04-24,TRENT.NS,Trent Ltd,Growth / Compounder,100.43499755859375,100.43499755859375,100.43499755859375,100.43499755859375,97.81723022460938,0
2014-04-25,TRENT.NS,Trent Ltd,Growth / Compounder,99.43000030517578,100.88999938964844,98.80500030517578,99.16999816894531,96.58519744873047,158120
2014-04-28,TRENT.NS,Trent Ltd,Growth / Compounder,99.38999938964844,100.0,98.0999984741211,98.49500274658203,95.92779541015625,63650
2014-04-29,TRENT.NS,Trent Ltd,Growth / Compounder,98.49500274658203,98.69999694824219,96.20500183105469,96.87999725341797,94.3548812866211,127740
2014-04-30,TRENT.NS,Trent Ltd,Growth / Compounder,97.5,99.30000305175781,95.76499938964844,98.56999969482422,96.0008316040039,374430
2014-05-02,TRENT.NS,Trent Ltd,Growth / Compounder,97.70999908447266,99.5,97.70999908447266,98.30000305175781,95.73785400390625,57640
2014-05-05,TRENT.NS,Trent Ltd,Growth / Compounder,98.19999694824219,98.19999694824219,97.0,97.08999633789062,94.55940246582031,40950
2014-05-06,TRENT.NS,Trent Ltd,Growth / Compounder,97.50499725341797,98.04499816894531,96.51000213623047,96.8550033569336,94.33052825927734,23840
2014-05-07,TRENT.NS,Trent Ltd,Growth / Compounder,97.5999984741211,97.5999984741211,95.4000015258789,95.63999938964844,93.14720153808594,64180
2014-05-08,TRENT.NS,Trent Ltd,Growth / Compounder,95.19999694824219,96.50499725341797,95.0999984741211,96.21499633789062,93.70720672607422,85530
2014-05-09,TRENT.NS,Trent Ltd,Growth / Compounder,96.5,99.80000305175781,95.8499984741211,98.76000213623047,96.18586730957031,228370
2014-05-12,TRENT.NS,Trent Ltd,Growth / Compounder,99.0,100.0,96.0999984741211,98.63999938964844,96.06900787353516,270470
2014-05-13,TRENT.NS,Trent Ltd,Growth / Compounder,100.9000015258789,100.9000015258789,97.29499816894531,97.96499633789062,95.41159057617188,346490
2014-05-14,TRENT.NS,Trent Ltd,Growth / Compounder,97.69999694824219,99.94499969482422,96.19999694824219,96.95999908447266,94.43277740478516,134240
2014-05-15,TRENT.NS,Trent Ltd,Growth / Compounder,97.62000274658203,97.62000274658203,95.0,96.0,93.49781799316406,133350
2014-05-16,TRENT.NS,Trent Ltd,Growth / Compounder,96.5,99.0,95.5999984741211,97.72000122070312,95.17298126220703,406240
2014-05-19,TRENT.NS,Trent Ltd,Growth / Compounder,98.0,98.09500122070312,96.30000305175781,97.99500274658203,95.4408187866211,426610
2014-05-20,TRENT.NS,Trent Ltd,Growth / Compounder,98.5,101.77999877929688,98.0250015258789,99.4000015258789,96.8092041015625,267110
2014-05-21,TRENT.NS,Trent Ltd,Growth / Compounder,99.30000305175781,99.79499816894531,97.6500015258789,98.69000244140625,96.11771392822266,90820
2014-05-22,TRENT.NS,Trent Ltd,Growth / Compounder,99.12000274658203,100.97000122070312,97.0,97.51499938964844,94.97334289550781,295370
2014-05-23,TRENT.NS,Trent Ltd,Growth / Compounder,97.5999984741211,99.5,97.34500122070312,98.01499938964844,95.46028137207031,88870
2014-05-26,TRENT.NS,Trent Ltd,Growth / Compounder,99.19999694824219,102.9000015258789,98.79499816894531,100.56999969482422,97.94872283935547,328750
2014-05-27,TRENT.NS,Trent Ltd,Growth / Compounder,99.7750015258789,101.79000091552734,99.75499725341797,100.55000305175781,97.9292221069336,61480
2014-05-28,TRENT.NS,Trent Ltd,Growth / Compounder,99.80000305175781,104.29000091552734,98.80000305175781,101.06500244140625,98.43080139160156,792310
2014-05-29,TRENT.NS,Trent Ltd,Growth / Compounder,103.5,104.30000305175781,98.19999694824219,99.38999938964844,96.7994613647461,486240
2014-05-30,TRENT.NS,Trent Ltd,Growth / Compounder,99.9000015258789,105.30000305175781,99.69999694824219,104.25,101.53278350830078,1282640
2014-06-02,TRENT.NS,Trent Ltd,Growth / Compounder,104.5,108.48999786376953,103.98999786376953,106.625,103.84588623046875,433170
2014-06-03,TRENT.NS,Trent Ltd,Growth / Compounder,106.80000305175781,106.9000015258789,103.5,104.19999694824219,101.48408508300781,117520
2014-06-04,TRENT.NS,Trent Ltd,Growth / Compounder,106.5,107.5,103.9749984741211,104.875,102.14148712158203,206510
2014-06-05,TRENT.NS,Trent Ltd,Growth / Compounder,106.9000015258789,115.80000305175781,105.53500366210938,111.01499938964844,108.12146759033203,1016610
2014-06-06,TRENT.NS,Trent Ltd,Growth / Compounder,112.0,113.9749984741211,110.0,111.45500183105469,108.55001068115234,319250
2014-06-09,TRENT.NS,Trent Ltd,Growth / Compounder,109.0,122.7300033569336,109.0,120.40499877929688,117.26671600341797,524840
2014-06-10,TRENT.NS,Trent Ltd,Growth / Compounder,120.0,120.54000091552734,116.69999694824219,118.54000091552734,115.4503173828125,201350
2014-06-11,TRENT.NS,Trent Ltd,Growth / Compounder,118.625,121.16000366210938,116.0,117.26000213623047,114.20368957519531,87320
2014-06-12,TRENT.NS,Trent Ltd,Growth / Compounder,117.4000015258789,121.00499725341797,116.45999908447266,119.96499633789062,116.83819580078125,232970
2014-06-13,TRENT.NS,Trent Ltd,Growth / Compounder,120.1500015258789,127.5,117.6050033569336,120.72000122070312,117.57350158691406,576450
2014-06-16,TRENT.NS,Trent Ltd,Growth / Compounder,121.5,121.80000305175781,115.19000244140625,116.51499938964844,113.47811126708984,2157450
2014-06-17,TRENT.NS,Trent Ltd,Growth / Compounder,117.0,119.19000244140625,114.5,116.86499786376953,113.8189926147461,226080
2014-06-18,TRENT.NS,Trent Ltd,Growth / Compounder,117.19499969482422,118.0999984741211,116.00499725341797,116.95500183105469,113.90665435791016,625850
2014-06-19,TRENT.NS,Trent Ltd,Growth / Compounder,117.05999755859375,120.0,116.5999984741211,119.01000213623047,115.90808868408203,249060
2014-06-20,TRENT.NS,Trent Ltd,Growth / Compounder,118.8949966430664,120.80000305175781,116.5999984741211,117.16500091552734,114.1111831665039,65080
2014-06-23,TRENT.NS,Trent Ltd,Growth / Compounder,117.16500091552734,117.97000122070312,114.4000015258789,115.9000015258789,112.87914276123047,65340
2014-06-24,TRENT.NS,Trent Ltd,Growth / Compounder,115.0,119.99500274658203,115.0,118.95500183105469,115.85452270507812,136670
2014-06-25,TRENT.NS,Trent Ltd,Growth / Compounder,117.7699966430664,122.98999786376953,117.7699966430664,121.16000366210938,118.0020523071289,146660
2014-06-26,TRENT.NS,Trent Ltd,Growth / Compounder,120.0999984741211,122.50499725341797,119.90499877929688,120.34500122070312,117.20829010009766,68650
2014-06-27,TRENT.NS,Trent Ltd,Growth / Compounder,120.23500061035156,126.5,120.19499969482422,125.62999725341797,122.35552215576172,615130
2014-06-30,TRENT.NS,Trent Ltd,Growth / Compounder,125.62999725341797,131.0,124.0,125.38999938964844,122.12178802490234,1510820
2014-07-01,TRENT.NS,Trent Ltd,Growth / Compounder,124.5,130.5,124.19999694824219,124.51000213623047,121.26471710205078,243310
2014-07-02,TRENT.NS,Trent Ltd,Growth / Compounder,125.8949966430664,127.30000305175781,123.16000366210938,126.73999786376953,123.43659210205078,215600
2014-07-03,TRENT.NS,Trent Ltd,Growth / Compounder,127.0999984741211,127.55000305175781,124.5,125.01000213623047,121.75167846679688,84600
2014-07-04,TRENT.NS,Trent Ltd,Growth / Compounder,126.80000305175781,128.10000610351562,124.50499725341797,125.38999938964844,122.12178802490234,77730
2014-07-07,TRENT.NS,Trent Ltd,Growth / Compounder,125.0199966430664,126.69999694824219,124.5999984741211,125.91500091552734,122.63311004638672,79500
2014-07-08,TRENT.NS,Trent Ltd,Growth / Compounder,126.5,126.5,120.8949966430664,124.15499877929688,120.91897583007812,121810
2014-07-09,TRENT.NS,Trent Ltd,Growth / Compounder,124.3499984741211,126.0,118.6500015258789,120.56999969482422,117.42740631103516,194240
2014-07-10,TRENT.NS,Trent Ltd,Growth / Compounder,119.11000061035156,125.0,115.66999816894531,124.00499725341797,120.77288818359375,205240
2014-07-11,TRENT.NS,Trent Ltd,Growth / Compounder,122.83999633789062,124.87999725341797,118.61499786376953,120.66999816894531,117.52479553222656,166140
2014-07-14,TRENT.NS,Trent Ltd,Growth / Compounder,121.80000305175781,122.5999984741211,118.19999694824219,120.02999877929688,116.90149688720703,404010
2014-07-15,TRENT.NS,Trent Ltd,Growth / Compounder,120.0,122.19999694824219,117.5999984741211,118.94499969482422,115.84476470947266,699770
2014-07-16,TRENT.NS,Trent Ltd,Growth / Compounder,118.61000061035156,122.9000015258789,118.61000061035156,121.26000213623047,118.09943389892578,248430
2014-07-17,TRENT.NS,Trent Ltd,Growth / Compounder,120.0999984741211,122.5,120.0999984741211,121.78500366210938,118.61075592041016,46060
2014-07-18,TRENT.NS,Trent Ltd,Growth / Compounder,120.63999938964844,126.0,120.56999969482422,124.25499725341797,121.01637268066406,497710
2014-07-21,TRENT.NS,Trent Ltd,Growth / Compounder,124.5,127.19999694824219,124.5,126.18499755859375,122.89606475830078,104720
2014-07-22,TRENT.NS,Trent Ltd,Growth / Compounder,124.70500183105469,127.4800033569336,124.5999984741211,126.625,123.32460021972656,36660
2014-07-23,TRENT.NS,Trent Ltd,Growth / Compounder,127.0999984741211,127.5,125.0999984741211,126.4000015258789,123.10546112060547,92420
2014-07-24,TRENT.NS,Trent Ltd,Growth / Compounder,126.98500061035156,126.98500061035156,124.30500030517578,125.70500183105469,122.42858123779297,1151660
2014-07-25,TRENT.NS,Trent Ltd,Growth / Compounder,127.0,127.40499877929688,121.26000213623047,123.2699966430664,120.05704498291016,52630
2014-07-28,TRENT.NS,Trent Ltd,Growth / Compounder,123.19999694824219,123.48999786376953,122.0999984741211,122.51000213623047,119.31685638427734,16350
2014-07-30,TRENT.NS,Trent Ltd,Growth / Compounder,124.4749984741211,124.4749984741211,120.67500305175781,121.76499938964844,118.59127044677734,25690
2014-07-31,TRENT.NS,Trent Ltd,Growth / Compounder,123.4000015258789,124.19999694824219,121.0999984741211,121.50499725341797,118.3380355834961,35270
2014-08-01,TRENT.NS,Trent Ltd,Growth / Compounder,122.9000015258789,123.0,121.51000213623047,122.53500366210938,119.34119415283203,44790
2014-08-04,TRENT.NS,Trent Ltd,Growth / Compounder,122.5,124.19999694824219,120.55500030517578,121.08999633789062,118.38471984863281,39230
2014-08-05,TRENT.NS,Trent Ltd,Growth / Compounder,123.9000015258789,123.9000015258789,120.01000213623047,122.62000274658203,119.88053894042969,47860
2014-08-06,TRENT.NS,Trent Ltd,Growth / Compounder,123.19999694824219,123.19999694824219,120.0,120.23500061035156,117.54882049560547,67020
2014-08-07,TRENT.NS,Trent Ltd,Growth / Compounder,121.69999694824219,121.88999938964844,113.19999694824219,117.9000015258789,115.26599884033203,1875870
2014-08-08,TRENT.NS,Trent Ltd,Growth / Compounder,115.9800033569336,115.9800033569336,110.19999694824219,114.13999938964844,111.58999633789062,586320
2014-08-11,TRENT.NS,Trent Ltd,Growth / Compounder,116.4000015258789,116.4000015258789,111.23500061035156,112.625,110.10883331298828,150170
2014-08-12,TRENT.NS,Trent Ltd,Growth / Compounder,111.5,114.19999694824219,110.5250015258789,112.91500091552734,110.39236450195312,128170
2014-08-13,TRENT.NS,Trent Ltd,Growth / Compounder,114.0,114.0,110.53500366210938,112.42500305175781,109.91329956054688,127800
2014-08-14,TRENT.NS,Trent Ltd,Growth / Compounder,113.0,113.49500274658203,110.22000122070312,110.93000030517578,108.45171356201172,59850
2014-08-18,TRENT.NS,Trent Ltd,Growth / Compounder,113.5,113.6449966430664,111.0,111.59500122070312,109.10185241699219,47100
2014-08-19,TRENT.NS,Trent Ltd,Growth / Compounder,112.20999908447266,115.0,112.00499725341797,113.02999877929688,110.50479888916016,186200
2014-08-20,TRENT.NS,Trent Ltd,Growth / Compounder,112.00499725341797,114.99500274658203,112.00499725341797,114.52999877929688,111.9712905883789,99980
2014-08-21,TRENT.NS,Trent Ltd,Growth / Compounder,114.79499816894531,116.48999786376953,113.1500015258789,116.0199966430664,113.42799377441406,174320
2014-08-22,TRENT.NS,Trent Ltd,Growth / Compounder,116.0,117.49500274658203,114.5250015258789,115.61499786376953,113.03205108642578,90770
2014-08-25,TRENT.NS,Trent Ltd,Growth / Compounder,115.50499725341797,116.5,114.5999984741211,115.20999908447266,112.6360855102539,34470
2014-08-26,TRENT.NS,Trent Ltd,Growth / Compounder,114.69999694824219,115.69999694824219,113.19999694824219,113.43000030517578,110.89584350585938,47500
2014-08-27,TRENT.NS,Trent Ltd,Growth / Compounder,114.79499816894531,115.48999786376953,112.69999694824219,114.91000366210938,112.34278869628906,92750
2014-08-28,TRENT.NS,Trent Ltd,Growth / Compounder,115.68499755859375,115.99500274658203,114.0,114.00499725341797,111.45800018310547,27550
2014-09-01,TRENT.NS,Trent Ltd,Growth / Compounder,114.1500015258789,115.80000305175781,114.1449966430664,115.06500244140625,112.49433135986328,55990
2014-09-02,TRENT.NS,Trent Ltd,Growth / Compounder,113.66500091552734,115.8949966430664,113.66500091552734,115.28500366210938,112.70941162109375,49420
2014-09-03,TRENT.NS,Trent Ltd,Growth / Compounder,115.53500366210938,120.5,114.62000274658203,119.8949966430664,117.2164077758789,304060
2014-09-04,TRENT.NS,Trent Ltd,Growth / Compounder,119.80000305175781,123.0,118.0,120.73999786376953,118.04254913330078,308090
2014-09-05,TRENT.NS,Trent Ltd,Growth / Compounder,121.8949966430664,122.9000015258789,121.19999694824219,122.30500030517578,119.57258605957031,63230
2014-09-08,TRENT.NS,Trent Ltd,Growth / Compounder,122.5,123.0,118.26000213623047,120.9800033569336,118.27717590332031,109270
2014-09-09,TRENT.NS,Trent Ltd,Growth / Compounder,120.4000015258789,122.5999984741211,118.125,121.78500366210938,119.06420135498047,125240
2014-09-10,TRENT.NS,Trent Ltd,Growth / Compounder,121.0,124.9000015258789,120.99500274658203,123.52999877929688,120.77021789550781,202570
2014-09-11,TRENT.NS,Trent Ltd,Growth / Compounder,124.0199966430664,133.5,123.5,130.44500732421875,127.53072357177734,1002710
2014-09-12,TRENT.NS,Trent Ltd,Growth / Compounder,131.1999969482422,135.8000030517578,128.0,134.8300018310547,131.81776428222656,456390
2014-09-15,TRENT.NS,Trent Ltd,Growth / Compounder,134.8000030517578,150.94000244140625,132.10499572753906,143.64999389648438,140.4407196044922,1071630
2014-09-16,TRENT.NS,Trent Ltd,Growth / Compounder,145.5,146.85499572753906,132.5500030517578,135.8000030517578,132.76605224609375,295770
2014-09-17,TRENT.NS,Trent Ltd,Growth / Compounder,139.5,142.8000030517578,134.00999450683594,138.125,135.03915405273438,125020
2014-09-18,TRENT.NS,Trent Ltd,Growth / Compounder,139.8000030517578,143.0,138.1999969482422,141.5800018310547,138.4169464111328,116580
2014-09-19,TRENT.NS,Trent Ltd,Growth / Compounder,143.0,146.69000244140625,139.0,142.00999450683594,138.83734130859375,237700
2014-09-22,TRENT.NS,Trent Ltd,Growth / Compounder,141.5,147.1999969482422,140.0,142.98500061035156,139.79058837890625,317510
2014-09-23,TRENT.NS,Trent Ltd,Growth / Compounder,141.6999969482422,145.9949951171875,140.0,140.9149932861328,137.76683044433594,106290
2014-09-24,TRENT.NS,Trent Ltd,Growth / Compounder,140.10000610351562,141.9949951171875,136.89999389648438,137.875,134.7947235107422,90990
2014-09-25,TRENT.NS,Trent Ltd,Growth / Compounder,137.625,139.86500549316406,132.5500030517578,134.60499572753906,131.5977783203125,92360
2014-09-26,TRENT.NS,Trent Ltd,Growth / Compounder,133.25999450683594,136.0050048828125,130.19000244140625,134.71499633789062,131.705322265625,108720
2014-09-29,TRENT.NS,Trent Ltd,Growth / Compounder,133.6999969482422,140.4600067138672,133.6999969482422,134.6999969482422,131.69064331054688,51340
2014-09-30,TRENT.NS,Trent Ltd,Growth / Compounder,135.0,143.8000030517578,134.40499877929688,137.74000549316406,134.6627960205078,113500
2014-10-01,TRENT.NS,Trent Ltd,Growth / Compounder,139.5,141.89999389648438,138.1999969482422,138.8249969482422,135.72349548339844,66170
2014-10-07,TRENT.NS,Trent Ltd,Growth / Compounder,140.89999389648438,142.0,137.0,137.30499267578125,134.23744201660156,218730
2014-10-08,TRENT.NS,Trent Ltd,Growth / Compounder,135.92999267578125,138.91000366210938,134.7100067138672,135.52999877929688,132.5021209716797,154620
2014-10-09,TRENT.NS,Trent Ltd,Growth / Compounder,134.2050018310547,138.39999389648438,134.2050018310547,136.33999633789062,133.2940216064453,139830
2014-10-10,TRENT.NS,Trent Ltd,Growth / Compounder,136.33999633789062,136.55999755859375,133.42999267578125,134.80999755859375,131.79818725585938,22210
2014-10-13,TRENT.NS,Trent Ltd,Growth / Compounder,135.0,138.1999969482422,133.7449951171875,136.48500061035156,133.43577575683594,84390
2014-10-14,TRENT.NS,Trent Ltd,Growth / Compounder,136.5050048828125,137.35000610351562,135.11500549316406,136.55999755859375,133.50909423828125,75210
2014-10-15,TRENT.NS,Trent Ltd,Growth / Compounder,136.55999755859375,136.55999755859375,136.55999755859375,136.55999755859375,133.50909423828125,0
2014-10-16,TRENT.NS,Trent Ltd,Growth / Compounder,135.22999572753906,137.77000427246094,130.0,131.0399932861328,128.1124267578125,55880
2014-10-17,TRENT.NS,Trent Ltd,Growth / Compounder,133.89999389648438,135.5,128.60499572753906,134.59500122070312,131.5880126953125,174320
2014-10-20,TRENT.NS,Trent Ltd,Growth / Compounder,134.5,145.39999389648438,134.10000610351562,134.88999938964844,131.8764190673828,487890
2014-10-21,TRENT.NS,Trent Ltd,Growth / Compounder,135.1999969482422,139.39999389648438,134.5,135.2899932861328,132.2675018310547,158980
2014-10-22,TRENT.NS,Trent Ltd,Growth / Compounder,136.48500061035156,138.6999969482422,133.60499572753906,134.26499938964844,131.26536560058594,124560
2014-10-27,TRENT.NS,Trent Ltd,Growth / Compounder,137.9949951171875,137.9949951171875,133.8000030517578,134.09500122070312,131.0991668701172,74150
2014-10-28,TRENT.NS,Trent Ltd,Growth / Compounder,135.97000122070312,137.32000732421875,134.35000610351562,134.89999389648438,131.88616943359375,138650
2014-10-29,TRENT.NS,Trent Ltd,Growth / Compounder,135.8000030517578,136.73500061035156,132.3699951171875,133.27499389648438,130.29751586914062,130670
2014-10-30,TRENT.NS,Trent Ltd,Growth / Compounder,134.0,134.60000610351562,132.1999969482422,132.80999755859375,129.84286499023438,127380
2014-10-31,TRENT.NS,Trent Ltd,Growth / Compounder,133.8000030517578,135.89500427246094,130.60499572753906,132.75,129.7842254638672,262790
2014-11-03,TRENT.NS,Trent Ltd,Growth / Compounder,132.6999969482422,135.0,131.22999572753906,134.06500244140625,131.06983947753906,339150
2014-11-05,TRENT.NS,Trent Ltd,Growth / Compounder,135.0,138.39999389648438,132.60000610351562,134.99000549316406,131.9741973876953,544030
2014-11-07,TRENT.NS,Trent Ltd,Growth / Compounder,137.5,140.89999389648438,135.77999877929688,137.6999969482422,134.62362670898438,242860
2014-11-10,TRENT.NS,Trent Ltd,Growth / Compounder,138.89999389648438,138.89999389648438,134.60000610351562,135.61000061035156,132.58030700683594,80100
2014-11-11,TRENT.NS,Trent Ltd,Growth / Compounder,135.02999877929688,139.84500122070312,135.02999877929688,138.03500366210938,134.95114135742188,145360
2014-11-12,TRENT.NS,Trent Ltd,Growth / Compounder,139.93499755859375,143.5,136.61500549316406,140.47999572753906,137.34153747558594,317670
2014-11-13,TRENT.NS,Trent Ltd,Growth / Compounder,139.2100067138672,145.5850067138672,139.2100067138672,144.21499633789062,140.9930877685547,319380
2014-11-14,TRENT.NS,Trent Ltd,Growth / Compounder,144.1999969482422,151.8800048828125,143.49000549316406,147.4149932861328,144.12156677246094,953390
2014-11-17,TRENT.NS,Trent Ltd,Growth / Compounder,148.0,153.2949981689453,144.89999389648438,151.73500061035156,148.34507751464844,405690
2014-11-18,TRENT.NS,Trent Ltd,Growth / Compounder,152.0,153.89500427246094,148.11000061035156,148.49000549316406,145.1725616455078,172660
2014-11-19,TRENT.NS,Trent Ltd,Growth / Compounder,148.5,154.88999938964844,148.5,149.4600067138672,146.12094116210938,324600
2014-11-20,TRENT.NS,Trent Ltd,Growth / Compounder,150.34500122070312,157.58999633789062,148.2050018310547,155.36000061035156,151.8891143798828,342900
2014-11-21,TRENT.NS,Trent Ltd,Growth / Compounder,154.0,157.48500061035156,150.99000549316406,151.4250030517578,148.0420379638672,184310
2014-11-24,TRENT.NS,Trent Ltd,Growth / Compounder,154.0,154.0,146.5,147.39999389648438,144.10690307617188,134140
2014-11-25,TRENT.NS,Trent Ltd,Growth / Compounder,149.85499572753906,149.85499572753906,143.5,144.88499450683594,141.6481170654297,239280
2014-11-26,TRENT.NS,Trent Ltd,Growth / Compounder,143.5,147.7949981689453,143.5,144.1999969482422,140.97840881347656,55250
2014-11-27,TRENT.NS,Trent Ltd,Growth / Compounder,143.40499877929688,146.31500244140625,143.40499877929688,144.06500244140625,140.84646606445312,26750
2014-11-28,TRENT.NS,Trent Ltd,Growth / Compounder,143.5050048828125,149.38999938964844,143.5050048828125,145.8800048828125,142.6208953857422,132370
2014-12-01,TRENT.NS,Trent Ltd,Growth / Compounder,146.0,148.5,144.2449951171875,144.88999938964844,141.6530303955078,41900
2014-12-02,TRENT.NS,Trent Ltd,Growth / Compounder,143.4550018310547,146.99000549316406,143.4550018310547,144.86000061035156,141.6237030029297,45960
2014-12-03,TRENT.NS,Trent Ltd,Growth / Compounder,144.6999969482422,153.5,144.6999969482422,151.89999389648438,148.50636291503906,164900
2014-12-04,TRENT.NS,Trent Ltd,Growth / Compounder,151.13499450683594,159.60000610351562,150.5050048828125,158.11000061035156,154.57763671875,396520
2014-12-05,TRENT.NS,Trent Ltd,Growth / Compounder,158.8000030517578,158.97000122070312,153.10499572753906,153.7899932861328,150.35415649414062,169860
2014-12-08,TRENT.NS,Trent Ltd,Growth / Compounder,153.0,156.8000030517578,151.66000366210938,152.0749969482422,148.677490234375,279490
2014-12-09,TRENT.NS,Trent Ltd,Growth / Compounder,152.60000610351562,152.60000610351562,150.0,151.88499450683594,148.4917449951172,143000
2014-12-10,TRENT.NS,Trent Ltd,Growth / Compounder,152.0,152.72999572753906,147.61000061035156,149.88499450683594,146.53639221191406,31900
2014-12-11,TRENT.NS,Trent Ltd,Growth / Compounder,148.1999969482422,149.8300018310547,146.0,147.33999633789062,144.0482940673828,43300
2014-12-12,TRENT.NS,Trent Ltd,Growth / Compounder,147.63999938964844,148.8000030517578,144.1999969482422,146.0,142.73818969726562,73980
2014-12-15,TRENT.NS,Trent Ltd,Growth / Compounder,144.8000030517578,147.9949951171875,144.00999450683594,145.65499877929688,142.40093994140625,28490
2014-12-16,TRENT.NS,Trent Ltd,Growth / Compounder,145.28500366210938,146.38499450683594,143.10000610351562,145.22500610351562,141.9805145263672,92350
2014-12-17,TRENT.NS,Trent Ltd,Growth / Compounder,145.1999969482422,145.6999969482422,139.5,141.00999450683594,137.85968017578125,228330
2014-12-18,TRENT.NS,Trent Ltd,Growth / Compounder,148.5,148.5,138.0,142.5050048828125,139.32131958007812,161120
2014-12-19,TRENT.NS,Trent Ltd,Growth / Compounder,141.10000610351562,145.8000030517578,140.1999969482422,141.23500061035156,138.0796661376953,92040
2014-12-22,TRENT.NS,Trent Ltd,Growth / Compounder,142.0,142.0,138.64999389648438,139.7050018310547,136.58384704589844,99760
2014-12-23,TRENT.NS,Trent Ltd,Growth / Compounder,135.5,141.1199951171875,135.5,139.5,136.38340759277344,82990
2014-12-24,TRENT.NS,Trent Ltd,Growth / Compounder,139.0050048828125,140.39999389648438,137.9949951171875,138.4550018310547,135.3617706298828,29800
2014-12-26,TRENT.NS,Trent Ltd,Growth / Compounder,138.5,147.8300018310547,138.4949951171875,144.86000061035156,141.6237030029297,237440
2014-12-29,TRENT.NS,Trent Ltd,Growth / Compounder,145.01499938964844,150.10000610351562,145.01499938964844,148.49000549316406,145.1725616455078,81910
2014-12-30,TRENT.NS,Trent Ltd,Growth / Compounder,149.0,150.5,144.8699951171875,146.41000366210938,143.13905334472656,105950
2014-12-31,TRENT.NS,Trent Ltd,Growth / Compounder,145.5050048828125,149.89999389648438,144.8000030517578,149.02000427246094,145.69076538085938,275890
2015-01-01,TRENT.NS,Trent Ltd,Growth / Compounder,148.10000610351562,149.1999969482422,147.0,148.2899932861328,144.97703552246094,16570
2015-01-02,TRENT.NS,Trent Ltd,Growth / Compounder,148.5,149.1999969482422,145.9600067138672,146.98500061035156,143.7012176513672,25380
2015-01-05,TRENT.NS,Trent Ltd,Growth / Compounder,146.15499877929688,152.0,144.30499267578125,147.15499877929688,143.86741638183594,252680
2015-01-06,TRENT.NS,Trent Ltd,Growth / Compounder,147.0,149.8800048828125,144.0,145.08999633789062,141.8485565185547,126520
2015-01-07,TRENT.NS,Trent Ltd,Growth / Compounder,149.44000244140625,151.6699981689453,146.1300048828125,148.85499572753906,145.5294189453125,183230
2015-01-08,TRENT.NS,Trent Ltd,Growth / Compounder,151.3000030517578,151.3000030517578,147.02499389648438,150.2449951171875,146.8883514404297,129620
2015-01-09,TRENT.NS,Trent Ltd,Growth / Compounder,150.19500732421875,151.0,146.10000610351562,147.22000122070312,143.9309539794922,66360
2015-01-12,TRENT.NS,Trent Ltd,Growth / Compounder,147.1999969482422,149.2050018310547,143.2550048828125,144.8249969482422,141.58946228027344,61560
2015-01-13,TRENT.NS,Trent Ltd,Growth / Compounder,146.4149932861328,146.60499572753906,142.0,142.32000732421875,139.1404571533203,88120
2015-01-14,TRENT.NS,Trent Ltd,Growth / Compounder,143.28500366210938,144.89999389648438,139.0050048828125,139.5500030517578,136.43228149414062,155910
2015-01-15,TRENT.NS,Trent Ltd,Growth / Compounder,141.2550048828125,142.57000732421875,137.1699981689453,142.0050048828125,138.8324737548828,237060
2015-01-16,TRENT.NS,Trent Ltd,Growth / Compounder,141.90499877929688,141.90499877929688,139.0,139.23500061035156,136.12432861328125,44940
2015-01-19,TRENT.NS,Trent Ltd,Growth / Compounder,139.39999389648438,143.89999389648438,139.39999389648438,143.1699981689453,139.97140502929688,70260
2015-01-20,TRENT.NS,Trent Ltd,Growth / Compounder,145.47999572753906,147.68499755859375,143.89999389648438,144.55499267578125,141.32550048828125,147650
2015-01-21,TRENT.NS,Trent Ltd,Growth / Compounder,145.6999969482422,146.6649932861328,142.97999572753906,143.40499877929688,140.201171875,25060
2015-01-22,TRENT.NS,Trent Ltd,Growth / Compounder,144.86500549316406,148.72999572753906,139.5,141.9199981689453,138.74935913085938,222800
2015-01-23,TRENT.NS,Trent Ltd,Growth / Compounder,144.39999389648438,149.31500244140625,143.0,144.5050048828125,141.27659606933594,563340
2015-01-27,TRENT.NS,Trent Ltd,Growth / Compounder,144.89999389648438,149.3000030517578,143.5,146.31500244140625,143.04615783691406,248670
2015-01-28,TRENT.NS,Trent Ltd,Growth / Compounder,147.0,149.5,146.9949951171875,148.43499755859375,145.1188507080078,228890
2015-01-29,TRENT.NS,Trent Ltd,Growth / Compounder,148.99000549316406,148.99000549316406,143.60000610351562,144.9550018310547,141.71658325195312,148310
2015-01-30,TRENT.NS,Trent Ltd,Growth / Compounder,144.0,148.19000244140625,143.9949951171875,145.8800048828125,142.6208953857422,126810
2015-02-02,TRENT.NS,Trent Ltd,Growth / Compounder,145.8699951171875,147.81500244140625,144.0,145.2449951171875,142.0000762939453,54050
2015-02-03,TRENT.NS,Trent Ltd,Growth / Compounder,145.2100067138672,147.8000030517578,141.0050048828125,141.83999633789062,138.671142578125,95810
2015-02-04,TRENT.NS,Trent Ltd,Growth / Compounder,142.1999969482422,148.1999969482422,142.1999969482422,147.27000427246094,143.97984313964844,378050
2015-02-05,TRENT.NS,Trent Ltd,Growth / Compounder,147.2949981689453,152.6999969482422,146.4949951171875,149.375,146.03782653808594,764220
2015-02-06,TRENT.NS,Trent Ltd,Growth / Compounder,150.4250030517578,151.68499755859375,145.8000030517578,147.61000061035156,144.31224060058594,128400
2015-02-09,TRENT.NS,Trent Ltd,Growth / Compounder,147.6999969482422,150.0,146.0050048828125,146.69000244140625,143.4127960205078,50050
2015-02-10,TRENT.NS,Trent Ltd,Growth / Compounder,146.3000030517578,147.89999389648438,142.68499755859375,145.2100067138672,141.96585083007812,132130
2015-02-11,TRENT.NS,Trent Ltd,Growth / Compounder,146.02499389648438,148.89999389648438,143.15499877929688,148.22999572753906,144.91839599609375,110070
2015-02-12,TRENT.NS,Trent Ltd,Growth / Compounder,148.98500061035156,149.27000427246094,145.5,146.60499572753906,143.32969665527344,41630
2015-02-13,TRENT.NS,Trent Ltd,Growth / Compounder,147.5,148.0,145.73500061035156,146.33999633789062,143.07061767578125,21530
2015-02-16,TRENT.NS,Trent Ltd,Growth / Compounder,146.5,150.27000427246094,145.8000030517578,146.28500366210938,143.01686096191406,33580
2015-02-18,TRENT.NS,Trent Ltd,Growth / Compounder,146.84500122070312,150.69000244140625,146.7100067138672,149.3249969482422,145.98892211914062,148030
2015-02-19,TRENT.NS,Trent Ltd,Growth / Compounder,150.0,150.39500427246094,146.0,146.6999969482422,143.4225616455078,55340
2015-02-20,TRENT.NS,Trent Ltd,Growth / Compounder,147.4499969482422,148.89500427246094,145.52000427246094,145.8300018310547,142.57200622558594,33110
2015-02-23,TRENT.NS,Trent Ltd,Growth / Compounder,147.19500732421875,148.64999389648438,144.61500549316406,145.38499450683594,142.13693237304688,39430
2015-02-24,TRENT.NS,Trent Ltd,Growth / Compounder,146.25,148.7949981689453,144.8249969482422,146.36000061035156,143.09014892578125,51820
2015-02-25,TRENT.NS,Trent Ltd,Growth / Compounder,147.0,148.5,144.0,144.8300018310547,141.5943603515625,36960
2015-02-26,TRENT.NS,Trent Ltd,Growth / Compounder,145.64500427246094,148.0,143.0050048828125,147.05499267578125,143.7696533203125,51950
2015-02-27,TRENT.NS,Trent Ltd,Growth / Compounder,147.1999969482422,150.5449981689453,145.30499267578125,149.1649932861328,145.83250427246094,68900
2015-03-02,TRENT.NS,Trent Ltd,Growth / Compounder,146.6999969482422,147.5050048828125,145.3000030517578,145.77499389648438,142.5182342529297,27720
2015-03-03,TRENT.NS,Trent Ltd,Growth / Compounder,145.8000030517578,148.7949981689453,145.10000610351562,146.9499969482422,143.66697692871094,73120
2015-03-04,TRENT.NS,Trent Ltd,Growth / Compounder,146.89999389648438,149.89999389648438,145.01499938964844,145.61500549316406,142.36181640625,69960
2015-03-05,TRENT.NS,Trent Ltd,Growth / Compounder,146.2899932861328,148.89500427246094,145.6999969482422,146.86500549316406,143.5838623046875,36890
2015-03-09,TRENT.NS,Trent Ltd,Growth / Compounder,146.00999450683594,147.9949951171875,144.60000610351562,145.97000122070312,142.70889282226562,39080
2015-03-10,TRENT.NS,Trent Ltd,Growth / Compounder,146.89999389648438,149.0,145.61000061035156,148.02999877929688,144.7228546142578,52750
2015-03-11,TRENT.NS,Trent Ltd,Growth / Compounder,147.10000610351562,149.39999389648438,141.1999969482422,147.625,144.32691955566406,297050
2015-03-12,TRENT.NS,Trent Ltd,Growth / Compounder,146.81500244140625,150.60000610351562,146.81500244140625,147.55999755859375,144.2633514404297,69780
2015-03-13,TRENT.NS,Trent Ltd,Growth / Compounder,148.78500366210938,155.0,148.0050048828125,150.47999572753906,147.1181182861328,351760
2015-03-16,TRENT.NS,Trent Ltd,Growth / Compounder,147.5,151.89999389648438,146.2100067138672,148.8000030517578,145.47567749023438,273700
2015-03-17,TRENT.NS,Trent Ltd,Growth / Compounder,150.47999572753906,150.59500122070312,146.50999450683594,148.9199981689453,145.59295654296875,235740
2015-03-18,TRENT.NS,Trent Ltd,Growth / Compounder,149.7949981689453,150.83999633789062,147.0,148.84500122070312,145.51963806152344,277730
2015-03-19,TRENT.NS,Trent Ltd,Growth / Compounder,148.9949951171875,149.0,146.60499572753906,147.90499877929688,144.60064697265625,92310
2015-03-20,TRENT.NS,Trent Ltd,Growth / Compounder,148.44000244140625,149.3800048828125,146.0,147.84500122070312,144.54202270507812,114570
2015-03-23,TRENT.NS,Trent Ltd,Growth / Compounder,147.85000610351562,147.89999389648438,144.60000610351562,146.27000427246094,143.00218200683594,102050
2015-03-24,TRENT.NS,Trent Ltd,Growth / Compounder,144.21499633789062,148.39999389648438,144.21499633789062,145.8350067138672,142.57687377929688,34880
2015-03-25,TRENT.NS,Trent Ltd,Growth / Compounder,146.39999389648438,147.00999450683594,143.0050048828125,145.09500122070312,141.85342407226562,139730
2015-03-26,TRENT.NS,Trent Ltd,Growth / Compounder,143.5050048828125,146.89999389648438,143.5050048828125,146.23500061035156,142.9679412841797,119860
2015-03-27,TRENT.NS,Trent Ltd,Growth / Compounder,145.5,148.89999389648438,143.0,147.98500061035156,144.6788330078125,177120
2015-03-30,TRENT.NS,Trent Ltd,Growth / Compounder,148.0,148.5,145.80999755859375,147.36000061035156,144.06781005859375,106020
2015-03-31,TRENT.NS,Trent Ltd,Growth / Compounder,148.34500122070312,148.39999389648438,145.58999633789062,146.97999572753906,143.69630432128906,202960
2015-04-01,TRENT.NS,Trent Ltd,Growth / Compounder,147.7949981689453,149.1999969482422,147.5,148.10499572753906,144.7962188720703,23690
2015-04-06,TRENT.NS,Trent Ltd,Growth / Compounder,147.89999389648438,151.3000030517578,146.6999969482422,148.61500549316406,145.29476928710938,264310
2015-04-07,TRENT.NS,Trent Ltd,Growth / Compounder,148.8000030517578,149.89500427246094,146.1999969482422,146.72500610351562,143.44700622558594,49720
2015-04-08,TRENT.NS,Trent Ltd,Growth / Compounder,147.1999969482422,148.10499572753906,144.39999389648438,144.98500061035156,141.74588012695312,134210
2015-04-09,TRENT.NS,Trent Ltd,Growth / Compounder,145.10000610351562,145.8000030517578,141.39999389648438,142.4199981689453,139.23818969726562,195010
2015-04-10,TRENT.NS,Trent Ltd,Growth / Compounder,143.0,143.59500122070312,140.5050048828125,141.2100067138672,138.05520629882812,56190
2015-04-13,TRENT.NS,Trent Ltd,Growth / Compounder,141.60000610351562,143.0,138.75,139.0800018310547,135.9728240966797,62570
2015-04-15,TRENT.NS,Trent Ltd,Growth / Compounder,138.6999969482422,141.5,136.5,137.3000030517578,134.2325897216797,33390
2015-04-16,TRENT.NS,Trent Ltd,Growth / Compounder,139.01499938964844,139.5,136.00999450683594,138.97500610351562,135.8701629638672,155730
2015-04-17,TRENT.NS,Trent Ltd,Growth / Compounder,139.39999389648438,140.3000030517578,137.55999755859375,138.57000732421875,135.4742431640625,81690
2015-04-20,TRENT.NS,Trent Ltd,Growth / Compounder,138.5,138.5,130.1300048828125,131.91000366210938,128.96299743652344,112820
2015-04-21,TRENT.NS,Trent Ltd,Growth / Compounder,132.1999969482422,132.875,127.0999984741211,129.1199951171875,126.23531341552734,135010
2015-04-22,TRENT.NS,Trent Ltd,Growth / Compounder,129.5,130.85499572753906,127.51499938964844,128.49000549316406,125.61940002441406,112640
2015-04-23,TRENT.NS,Trent Ltd,Growth / Compounder,128.89999389648438,129.8000030517578,121.51000213623047,123.77999877929688,121.01463317871094,273440
2015-04-24,TRENT.NS,Trent Ltd,Growth / Compounder,123.5,123.5,117.4000015258789,118.71499633789062,116.06278228759766,205580
2015-04-27,TRENT.NS,Trent Ltd,Growth / Compounder,119.69999694824219,120.00499725341797,112.0,115.62999725341797,113.04670715332031,110500
2015-04-28,TRENT.NS,Trent Ltd,Growth / Compounder,115.69999694824219,121.0999984741211,114.75,119.75499725341797,117.07955932617188,49570
2015-04-29,TRENT.NS,Trent Ltd,Growth / Compounder,119.73500061035156,120.73500061035156,115.13999938964844,115.67500305175781,113.09070587158203,66060
2015-04-30,TRENT.NS,Trent Ltd,Growth / Compounder,116.30000305175781,116.5,109.5,113.87000274658203,111.32601928710938,193780
2015-05-04,TRENT.NS,Trent Ltd,Growth / Compounder,114.36000061035156,123.4000015258789,114.0,118.16999816894531,115.52995300292969,201910
2015-05-05,TRENT.NS,Trent Ltd,Growth / Compounder,118.30000305175781,120.69999694824219,117.125,118.1050033569336,115.46641540527344,26340
2015-05-06,TRENT.NS,Trent Ltd,Growth / Compounder,118.1050033569336,119.19999694824219,111.53500366210938,112.5199966430664,110.00617980957031,46380
2015-05-07,TRENT.NS,Trent Ltd,Growth / Compounder,111.5999984741211,115.80000305175781,111.5999984741211,113.17500305175781,110.64655303955078,39770
2015-05-08,TRENT.NS,Trent Ltd,Growth / Compounder,113.28500366210938,118.33000183105469,113.27999877929688,117.54499816894531,114.9189224243164,60720
2015-05-11,TRENT.NS,Trent Ltd,Growth / Compounder,118.5,119.4800033569336,116.51000213623047,117.23999786376953,114.62071990966797,44060
2015-05-12,TRENT.NS,Trent Ltd,Growth / Compounder,114.80999755859375,118.5,110.50499725341797,111.75,109.25338745117188,184470
2015-05-13,TRENT.NS,Trent Ltd,Growth / Compounder,112.5,115.0250015258789,111.80000305175781,113.25,110.7198715209961,534270
2015-05-14,TRENT.NS,Trent Ltd,Growth / Compounder,114.5,116.9000015258789,112.0999984741211,115.44000244140625,112.8609619140625,64190
2015-05-15,TRENT.NS,Trent Ltd,Growth / Compounder,114.83999633789062,116.4000015258789,113.55000305175781,115.29000091552734,112.71430206298828,45400
2015-05-18,TRENT.NS,Trent Ltd,Growth / Compounder,115.01000213623047,118.0,115.01000213623047,117.2249984741211,114.6060562133789,23630
2015-05-19,TRENT.NS,Trent Ltd,Growth / Compounder,117.5,119.9000015258789,117.04499816894531,119.03500366210938,116.37564849853516,22820
2015-05-20,TRENT.NS,Trent Ltd,Growth / Compounder,119.81999969482422,132.7949981689453,119.81999969482422,130.0399932861328,127.13478088378906,441710
2015-05-21,TRENT.NS,Trent Ltd,Growth / Compounder,131.0,132.39999389648438,127.75,128.88499450683594,126.00556945800781,339010
2015-05-22,TRENT.NS,Trent Ltd,Growth / Compounder,128.22000122070312,130.0,126.75499725341797,128.1699981689453,125.30652618408203,27810
2015-05-25,TRENT.NS,Trent Ltd,Growth / Compounder,129.89500427246094,129.89500427246094,124.5,125.20999908447266,122.41268157958984,17030
2015-05-26,TRENT.NS,Trent Ltd,Growth / Compounder,126.11499786376953,127.80000305175781,122.5999984741211,124.08999633789062,121.31771850585938,23840
2015-05-27,TRENT.NS,Trent Ltd,Growth / Compounder,123.19499969482422,126.38999938964844,121.80000305175781,124.57499694824219,121.79185485839844,54570
2015-05-28,TRENT.NS,Trent Ltd,Growth / Compounder,122.98500061035156,123.80000305175781,120.4000015258789,122.21499633789062,119.48458099365234,65320
2015-05-29,TRENT.NS,Trent Ltd,Growth / Compounder,123.01499938964844,123.91999816894531,118.125,119.12999725341797,116.46852111816406,360950
2015-06-01,TRENT.NS,Trent Ltd,Growth / Compounder,119.5,122.8949966430664,117.80000305175781,118.80000305175781,116.14588165283203,70510
2015-06-02,TRENT.NS,Trent Ltd,Growth / Compounder,120.6449966430664,122.69499969482422,118.00499725341797,119.2750015258789,116.61028289794922,77650
2015-06-03,TRENT.NS,Trent Ltd,Growth / Compounder,117.76000213623047,118.0,109.5,114.30000305175781,111.74642181396484,81950
2015-06-04,TRENT.NS,Trent Ltd,Growth / Compounder,115.875,118.49500274658203,113.01000213623047,115.58499908447266,113.00271606445312,79070
2015-06-05,TRENT.NS,Trent Ltd,Growth / Compounder,115.87999725341797,117.5,112.9000015258789,113.58999633789062,111.05228424072266,38500
2015-06-08,TRENT.NS,Trent Ltd,Growth / Compounder,113.19000244140625,115.18499755859375,111.5,113.49500274658203,110.95940399169922,280650
2015-06-09,TRENT.NS,Trent Ltd,Growth / Compounder,115.0,115.0,111.5,111.80000305175781,109.30227661132812,15850
2015-06-10,TRENT.NS,Trent Ltd,Growth / Compounder,112.04499816894531,114.69999694824219,112.00499725341797,113.4749984741211,110.9398422241211,24070
2015-06-11,TRENT.NS,Trent Ltd,Growth / Compounder,114.51000213623047,117.40499877929688,114.0,114.65499877929688,112.09349060058594,124170
2015-06-12,TRENT.NS,Trent Ltd,Growth / Compounder,113.0,115.19999694824219,112.5,114.4000015258789,111.84419250488281,45760
2015-06-15,TRENT.NS,Trent Ltd,Growth / Compounder,113.75499725341797,115.27999877929688,111.21499633789062,112.375,109.86443328857422,32870
2015-06-16,TRENT.NS,Trent Ltd,Growth / Compounder,113.49500274658203,113.59500122070312,110.56999969482422,111.87999725341797,109.3804702758789,19080
2015-06-17,TRENT.NS,Trent Ltd,Growth / Compounder,113.99500274658203,121.30000305175781,112.19999694824219,119.83000183105469,117.15287780761719,136700
2015-06-18,TRENT.NS,Trent Ltd,Growth / Compounder,118.5,121.79499816894531,118.0250015258789,119.1449966430664,116.4831771850586,38130
2015-06-19,TRENT.NS,Trent Ltd,Growth / Compounder,120.0,123.0,117.0999984741211,121.69499969482422,118.97620391845703,46760
2015-06-22,TRENT.NS,Trent Ltd,Growth / Compounder,123.0,123.0,118.11000061035156,119.04000091552734,116.38052368164062,50260
2015-06-23,TRENT.NS,Trent Ltd,Growth / Compounder,118.5,121.0,117.38999938964844,118.0,115.36376190185547,37780
2015-06-24,TRENT.NS,Trent Ltd,Growth / Compounder,118.0,118.44499969482422,114.55500030517578,114.97000122070312,112.40145111083984,93530
2015-06-25,TRENT.NS,Trent Ltd,Growth / Compounder,114.9000015258789,116.48999786376953,114.00499725341797,114.86000061035156,112.29393005371094,26630
2015-06-26,TRENT.NS,Trent Ltd,Growth / Compounder,115.19999694824219,115.3949966430664,112.37000274658203,113.81500244140625,111.27224731445312,41090
2015-06-29,TRENT.NS,Trent Ltd,Growth / Compounder,113.0,113.29499816894531,111.5999984741211,112.625,110.10883331298828,25970
2015-06-30,TRENT.NS,Trent Ltd,Growth / Compounder,113.42500305175781,116.46499633789062,112.00499725341797,112.69000244140625,110.17239379882812,77380
2015-07-01,TRENT.NS,Trent Ltd,Growth / Compounder,114.0,116.5,111.01000213623047,115.24500274658203,112.67030334472656,75750
2015-07-02,TRENT.NS,Trent Ltd,Growth / Compounder,115.8949966430664,116.48999786376953,114.5,115.27999877929688,112.70453643798828,63870
2015-07-03,TRENT.NS,Trent Ltd,Growth / Compounder,115.19499969482422,117.0,113.50499725341797,116.4000015258789,113.79949951171875,70360
2015-07-06,TRENT.NS,Trent Ltd,Growth / Compounder,115.00499725341797,118.32499694824219,115.0,117.83000183105469,115.19755554199219,41060
2015-07-07,TRENT.NS,Trent Ltd,Growth / Compounder,118.83999633789062,120.19999694824219,117.55000305175781,119.48999786376953,116.82046508789062,43170
2015-07-08,TRENT.NS,Trent Ltd,Growth / Compounder,116.40499877929688,120.19999694824219,116.40499877929688,118.0999984741211,115.4615249633789,60760
2015-07-09,TRENT.NS,Trent Ltd,Growth / Compounder,118.1050033569336,121.69499969482422,118.0999984741211,119.80500030517578,117.12842559814453,46040
2015-07-10,TRENT.NS,Trent Ltd,Growth / Compounder,121.80000305175781,124.69999694824219,118.30000305175781,121.37000274658203,118.65846252441406,221540
2015-07-13,TRENT.NS,Trent Ltd,Growth / Compounder,121.5,124.5,120.0,121.625,118.90775299072266,31280
2015-07-14,TRENT.NS,Trent Ltd,Growth / Compounder,122.79499816894531,123.99500274658203,120.80000305175781,121.69000244140625,118.9713134765625,12470
2015-07-15,TRENT.NS,Trent Ltd,Growth / Compounder,121.6050033569336,122.0999984741211,119.0999984741211,119.7699966430664,117.09423065185547,27920
2015-07-16,TRENT.NS,Trent Ltd,Growth / Compounder,119.5,122.23500061035156,119.5,120.44499969482422,117.75414276123047,1593970
2015-07-17,TRENT.NS,Trent Ltd,Growth / Compounder,121.0,122.0,118.30000305175781,119.30999755859375,116.64450073242188,90400
2015-07-20,TRENT.NS,Trent Ltd,Growth / Compounder,120.0,120.3550033569336,117.80500030517578,118.30500030517578,115.66194152832031,23600
2015-07-21,TRENT.NS,Trent Ltd,Growth / Compounder,121.4000015258789,121.4000015258789,116.48999786376953,119.04000091552734,116.38052368164062,22600
2015-07-22,TRENT.NS,Trent Ltd,Growth / Compounder,118.00499725341797,121.0,116.5999984741211,118.67500305175781,116.023681640625,21560
2015-07-23,TRENT.NS,Trent Ltd,Growth / Compounder,119.57499694824219,123.80000305175781,119.2249984741211,121.91000366210938,119.18640899658203,85680
2015-07-24,TRENT.NS,Trent Ltd,Growth / Compounder,122.29499816894531,123.80000305175781,120.00499725341797,121.32499694824219,118.61448669433594,584720
2015-07-27,TRENT.NS,Trent Ltd,Growth / Compounder,120.80500030517578,122.99500274658203,119.0999984741211,121.45999908447266,119.40255737304688,168310
2015-07-28,TRENT.NS,Trent Ltd,Growth / Compounder,120.00499725341797,122.0,120.0,120.3550033569336,118.3162841796875,200200
2015-07-29,TRENT.NS,Trent Ltd,Growth / Compounder,120.5199966430664,122.0,119.36499786376953,120.4749984741211,118.43424224853516,13460
2015-07-30,TRENT.NS,Trent Ltd,Growth / Compounder,121.0,122.45999908447266,119.90499877929688,120.16500091552734,118.12950134277344,45750
2015-07-31,TRENT.NS,Trent Ltd,Growth / Compounder,122.4000015258789,124.80000305175781,120.69999694824219,122.40499877929688,120.33155059814453,40170
2015-08-03,TRENT.NS,Trent Ltd,Growth / Compounder,121.06500244140625,123.99500274658203,120.44499969482422,121.7699966430664,119.70730590820312,26760
2015-08-04,TRENT.NS,Trent Ltd,Growth / Compounder,122.5,123.19999694824219,120.0,120.59500122070312,118.55220794677734,36270
2015-08-05,TRENT.NS,Trent Ltd,Growth / Compounder,122.3949966430664,122.99500274658203,121.5,122.26000213623047,120.18901824951172,20670
2015-08-06,TRENT.NS,Trent Ltd,Growth / Compounder,122.98999786376953,126.80000305175781,121.19999694824219,124.63500213623047,122.52376556396484,148220
2015-08-07,TRENT.NS,Trent Ltd,Growth / Compounder,126.5999984741211,127.69999694824219,120.80000305175781,122.37999725341797,120.30696105957031,113870
2015-08-10,TRENT.NS,Trent Ltd,Growth / Compounder,125.0,134.40499877929688,121.20500183105469,130.35499572753906,128.14686584472656,226790
2015-08-11,TRENT.NS,Trent Ltd,Growth / Compounder,132.60000610351562,134.38999938964844,130.30999755859375,132.81500244140625,130.5652313232422,1177410
2015-08-12,TRENT.NS,Trent Ltd,Growth / Compounder,132.81500244140625,135.1999969482422,130.0,130.7949981689453,128.5794219970703,91920
2015-08-13,TRENT.NS,Trent Ltd,Growth / Compounder,131.0,132.0050048828125,123.9000015258789,129.8800048828125,127.67993927001953,109290
2015-08-14,TRENT.NS,Trent Ltd,Growth / Compounder,127.0999984741211,130.5,127.0999984741211,130.0749969482422,127.87165069580078,22180
2015-08-17,TRENT.NS,Trent Ltd,Growth / Compounder,128.3000030517578,130.97999572753906,127.5,128.47500610351562,126.29872131347656,29280
2015-08-18,TRENT.NS,Trent Ltd,Growth / Compounder,128.4149932861328,131.0,128.4149932861328,130.26499938964844,128.05841064453125,26050
2015-08-19,TRENT.NS,Trent Ltd,Growth / Compounder,130.77999877929688,132.50999450683594,128.89999389648438,129.2550048828125,127.0655288696289,22240
2015-08-20,TRENT.NS,Trent Ltd,Growth / Compounder,129.9499969482422,131.9949951171875,127.82499694824219,131.06500244140625,128.84483337402344,53140
2015-08-21,TRENT.NS,Trent Ltd,Growth / Compounder,131.09500122070312,131.625,125.4000015258789,130.8249969482422,128.60890197753906,120670
2015-08-24,TRENT.NS,Trent Ltd,Growth / Compounder,126.25499725341797,130.2899932861328,119.76499938964844,120.1449966430664,118.10983276367188,191180
2015-08-25,TRENT.NS,Trent Ltd,Growth / Compounder,120.68499755859375,124.9000015258789,119.00499725341797,122.66999816894531,120.59205627441406,51500
2015-08-26,TRENT.NS,Trent Ltd,Growth / Compounder,122.98999786376953,124.0,121.1500015258789,122.66500091552734,120.58714294433594,55480
2015-08-27,TRENT.NS,Trent Ltd,Growth / Compounder,123.0,123.99500274658203,120.17500305175781,122.7249984741211,120.64613342285156,24680
2015-08-28,TRENT.NS,Trent Ltd,Growth / Compounder,124.50499725341797,124.79000091552734,122.77999877929688,123.5250015258789,121.43257904052734,8460
2015-08-31,TRENT.NS,Trent Ltd,Growth / Compounder,127.0,127.0,122.5,123.63500213623047,121.54071807861328,391080
2015-09-01,TRENT.NS,Trent Ltd,Growth / Compounder,123.62999725341797,125.5999984741211,122.5,124.5999984741211,122.4893569946289,1995260
2015-09-02,TRENT.NS,Trent Ltd,Growth / Compounder,124.59500122070312,125.4749984741211,124.44499969482422,124.51000213623047,122.40089416503906,41090
2015-09-03,TRENT.NS,Trent Ltd,Growth / Compounder,123.80500030517578,124.98999786376953,123.25499725341797,124.52999877929688,122.42053985595703,35850
2015-09-04,TRENT.NS,Trent Ltd,Growth / Compounder,123.0999984741211,125.0,122.30000305175781,123.38999938964844,121.29986572265625,141570
2015-09-07,TRENT.NS,Trent Ltd,Growth / Compounder,123.44999694824219,124.06500244140625,117.5,118.13999938964844,116.13880920410156,33880
2015-09-08,TRENT.NS,Trent Ltd,Growth / Compounder,120.00499725341797,121.68499755859375,117.01499938964844,118.37999725341797,116.3747329711914,17370
2015-09-09,TRENT.NS,Trent Ltd,Growth / Compounder,119.50499725341797,120.74500274658203,117.5250015258789,119.375,117.35286712646484,14730
2015-09-10,TRENT.NS,Trent Ltd,Growth / Compounder,118.18000030517578,118.18000030517578,116.0999984741211,116.69999694824219,114.72319030761719,7880
2015-09-11,TRENT.NS,Trent Ltd,Growth / Compounder,117.91000366210938,120.80000305175781,116.37000274658203,119.27999877929688,117.25949096679688,61390
2015-09-14,TRENT.NS,Trent Ltd,Growth / Compounder,121.95500183105469,122.0,117.5999984741211,119.22000122070312,117.20050811767578,7980
2015-09-15,TRENT.NS,Trent Ltd,Growth / Compounder,118.6050033569336,121.46499633789062,118.0,119.20999908447266,117.190673828125,675050
2015-09-16,TRENT.NS,Trent Ltd,Growth / Compounder,119.58000183105469,125.9000015258789,118.11000061035156,124.13999938964844,122.03716278076172,732270
2015-09-18,TRENT.NS,Trent Ltd,Growth / Compounder,121.19999694824219,130.6999969482422,121.1500015258789,128.3000030517578,126.12670135498047,80950
2015-09-21,TRENT.NS,Trent Ltd,Growth / Compounder,128.1999969482422,132.5,126.5,129.00999450683594,126.82466125488281,51730
2015-09-22,TRENT.NS,Trent Ltd,Growth / Compounder,129.0050048828125,129.89999389648438,123.79499816894531,125.9000015258789,123.76736450195312,108300
2015-09-23,TRENT.NS,Trent Ltd,Growth / Compounder,124.00499725341797,130.3000030517578,124.00499725341797,129.3249969482422,127.13433837890625,59090
2015-09-24,TRENT.NS,Trent Ltd,Growth / Compounder,130.0050048828125,133.5,126.9000015258789,131.68499755859375,129.45436096191406,118980
2015-09-28,TRENT.NS,Trent Ltd,Growth / Compounder,130.65499877929688,132.0,127.50499725341797,128.7550048828125,126.5739974975586,28240
2015-09-29,TRENT.NS,Trent Ltd,Growth / Compounder,127.11499786376953,129.5,127.11499786376953,128.6699981689453,126.49043273925781,60680
2015-09-30,TRENT.NS,Trent Ltd,Growth / Compounder,129.0050048828125,133.9949951171875,125.76499938964844,130.33999633789062,128.1321563720703,128610
2015-10-01,TRENT.NS,Trent Ltd,Growth / Compounder,130.9949951171875,131.2550048828125,128.10499572753906,129.375,127.18348693847656,17660
2015-10-05,TRENT.NS,Trent Ltd,Growth / Compounder,129.30499267578125,132.39500427246094,128.89999389648438,131.8000030517578,129.56741333007812,62730
2015-10-06,TRENT.NS,Trent Ltd,Growth / Compounder,131.71499633789062,132.36500549316406,131.69500732421875,131.7050018310547,129.4739990234375,52630
2015-10-07,TRENT.NS,Trent Ltd,Growth / Compounder,131.7050018310547,131.99000549316406,129.02499389648438,130.3000030517578,128.09283447265625,24050
2015-10-08,TRENT.NS,Trent Ltd,Growth / Compounder,131.38499450683594,131.38499450683594,129.0,130.00999450683594,127.80773162841797,34770
2015-10-09,TRENT.NS,Trent Ltd,Growth / Compounder,131.26499938964844,136.0,129.10000610351562,133.7050018310547,131.44012451171875,124980
2015-10-12,TRENT.NS,Trent Ltd,Growth / Compounder,133.0050048828125,136.0,131.3000030517578,133.0050048828125,130.7520294189453,37290
2015-10-13,TRENT.NS,Trent Ltd,Growth / Compounder,132.80499267578125,136.09500122070312,132.11000061035156,135.16000366210938,132.87046813964844,47590
2015-10-14,TRENT.NS,Trent Ltd,Growth / Compounder,135.99000549316406,138.4949951171875,134.10000610351562,136.36500549316406,134.0550994873047,332170
2015-10-15,TRENT.NS,Trent Ltd,Growth / Compounder,134.8000030517578,137.89999389648438,133.5,134.6750030517578,132.39373779296875,46980
2015-10-16,TRENT.NS,Trent Ltd,Growth / Compounder,134.25,144.89999389648438,133.3000030517578,138.0749969482422,135.73609924316406,89250
2015-10-19,TRENT.NS,Trent Ltd,Growth / Compounder,138.10000610351562,141.0,137.0,137.8350067138672,135.5001678466797,94740
2015-10-20,TRENT.NS,Trent Ltd,Growth / Compounder,137.96499633789062,139.39500427246094,135.1999969482422,137.85000610351562,135.5149688720703,55910
2015-10-21,TRENT.NS,Trent Ltd,Growth / Compounder,136.7100067138672,140.39500427246094,136.7100067138672,139.00999450683594,136.65530395507812,37450
2015-10-23,TRENT.NS,Trent Ltd,Growth / Compounder,139.31500244140625,141.38499450683594,138.22500610351562,139.0050048828125,136.65037536621094,152930
2015-10-26,TRENT.NS,Trent Ltd,Growth / Compounder,139.00999450683594,141.9600067138672,138.11000061035156,140.67999267578125,138.29701232910156,680970
2015-10-27,TRENT.NS,Trent Ltd,Growth / Compounder,139.10499572753906,140.89999389648438,138.8350067138672,139.60000610351562,137.23526000976562,16770
2015-10-28,TRENT.NS,Trent Ltd,Growth / Compounder,139.34500122070312,140.8800048828125,138.11000061035156,139.52499389648438,137.16156005859375,25200
2015-10-29,TRENT.NS,Trent Ltd,Growth / Compounder,140.11500549316406,141.6999969482422,139.5050048828125,140.03500366210938,137.66293334960938,20560
2015-10-30,TRENT.NS,Trent Ltd,Growth / Compounder,142.0,142.0,139.4949951171875,139.5050048828125,137.14190673828125,13020
2015-11-02,TRENT.NS,Trent Ltd,Growth / Compounder,138.90499877929688,140.5,138.09500122070312,140.02499389648438,137.65306091308594,31590
2015-11-03,TRENT.NS,Trent Ltd,Growth / Compounder,140.27499389648438,143.5,140.0,142.86500549316406,140.4449920654297,58710
2015-11-04,TRENT.NS,Trent Ltd,Growth / Compounder,141.8000030517578,144.60000610351562,140.2050018310547,142.61500549316406,140.19921875,77510
2015-11-05,TRENT.NS,Trent Ltd,Growth / Compounder,140.90499877929688,143.89999389648438,140.0,140.0,137.62852478027344,113290
2015-11-06,TRENT.NS,Trent Ltd,Growth / Compounder,140.10000610351562,141.0,140.0,140.02000427246094,137.64817810058594,109490
2015-11-09,TRENT.NS,Trent Ltd,Growth / Compounder,140.0050048828125,140.60000610351562,138.1300048828125,140.06500244140625,137.6924285888672,52680
2015-11-10,TRENT.NS,Trent Ltd,Growth / Compounder,140.02000427246094,140.49000549316406,140.0,140.00999450683594,137.63832092285156,49360
2015-11-13,TRENT.NS,Trent Ltd,Growth / Compounder,142.5,142.5,138.11000061035156,139.14999389648438,136.79290771484375,23210
2015-11-16,TRENT.NS,Trent Ltd,Growth / Compounder,138.10499572753906,143.30999755859375,137.3699951171875,142.55999755859375,140.1451416015625,45240
2015-11-17,TRENT.NS,Trent Ltd,Growth / Compounder,142.3000030517578,142.8000030517578,140.0,140.00999450683594,137.63832092285156,18920
2015-11-18,TRENT.NS,Trent Ltd,Growth / Compounder,141.0,143.5,139.85000610351562,142.5749969482422,140.1598663330078,41550
2015-11-19,TRENT.NS,Trent Ltd,Growth / Compounder,142.03500366210938,143.5,140.5050048828125,142.92999267578125,140.50885009765625,26550
2015-11-20,TRENT.NS,Trent Ltd,Growth / Compounder,142.0449981689453,143.89999389648438,140.8000030517578,141.64999389648438,139.2505645751953,24030
2015-11-23,TRENT.NS,Trent Ltd,Growth / Compounder,141.0,143.2949981689453,141.0,142.02999877929688,139.62411499023438,28450
2015-11-24,TRENT.NS,Trent Ltd,Growth / Compounder,142.0,148.10000610351562,140.89999389648438,145.5050048828125,143.04026794433594,52630
2015-11-26,TRENT.NS,Trent Ltd,Growth / Compounder,147.5,154.10000610351562,145.99000549316406,153.125,150.5311737060547,175670
2015-11-27,TRENT.NS,Trent Ltd,Growth / Compounder,153.125,157.49000549316406,148.30999755859375,154.77000427246094,152.14833068847656,479330
2015-11-30,TRENT.NS,Trent Ltd,Growth / Compounder,154.10000610351562,165.0,151.39999389648438,161.5749969482422,158.8380584716797,191120
2015-12-01,TRENT.NS,Trent Ltd,Growth / Compounder,161.6999969482422,164.60000610351562,155.63999938964844,157.2100067138672,154.54698181152344,311970
2015-12-02,TRENT.NS,Trent Ltd,Growth / Compounder,157.2050018310547,159.88999938964844,154.10000610351562,156.4949951171875,153.84408569335938,32230
2015-12-03,TRENT.NS,Trent Ltd,Growth / Compounder,157.0,158.9499969482422,155.2050018310547,157.875,155.2007293701172,22850
2015-12-04,TRENT.NS,Trent Ltd,Growth / Compounder,155.72500610351562,157.0,151.10000610351562,154.7899932861328,152.16798400878906,77620
2015-12-07,TRENT.NS,Trent Ltd,Growth / Compounder,156.0,156.0,152.10499572753906,155.02999877929688,152.40391540527344,48510
2015-12-08,TRENT.NS,Trent Ltd,Growth / Compounder,154.9949951171875,155.1999969482422,152.10499572753906,153.27999877929688,150.68356323242188,15360
2015-12-09,TRENT.NS,Trent Ltd,Growth / Compounder,153.9949951171875,154.0,150.1300048828125,152.47000122070312,149.88726806640625,68170
2015-12-10,TRENT.NS,Trent Ltd,Growth / Compounder,152.39999389648438,155.5,151.0050048828125,154.96499633789062,152.33999633789062,25980
2015-12-11,TRENT.NS,Trent Ltd,Growth / Compounder,154.89500427246094,155.65499877929688,150.50999450683594,151.25,148.68795776367188,24990
2015-12-14,TRENT.NS,Trent Ltd,Growth / Compounder,152.9499969482422,152.9499969482422,148.08999633789062,150.7550048828125,148.20130920410156,31090
2015-12-15,TRENT.NS,Trent Ltd,Growth / Compounder,151.2050018310547,153.6999969482422,147.1999969482422,152.73500061035156,150.14779663085938,34320
2015-12-16,TRENT.NS,Trent Ltd,Growth / Compounder,152.2050018310547,152.89999389648438,149.5050048828125,151.17999267578125,148.61911010742188,8810
2015-12-17,TRENT.NS,Trent Ltd,Growth / Compounder,151.39500427246094,157.0500030517578,150.09500122070312,155.63999938964844,153.0035858154297,57390
2015-12-18,TRENT.NS,Trent Ltd,Growth / Compounder,154.9949951171875,158.39999389648438,154.9949951171875,157.27999877929688,154.6157989501953,44710
2015-12-21,TRENT.NS,Trent Ltd,Growth / Compounder,158.7949981689453,172.60000610351562,156.1999969482422,164.75999450683594,161.9690704345703,408240
2015-12-22,TRENT.NS,Trent Ltd,Growth / Compounder,165.78500366210938,165.80999755859375,157.60000610351562,160.0050048828125,157.29464721679688,246740
2015-12-23,TRENT.NS,Trent Ltd,Growth / Compounder,160.0,175.94000244140625,159.6999969482422,168.66000366210938,165.80303955078125,349660
2015-12-24,TRENT.NS,Trent Ltd,Growth / Compounder,169.89999389648438,171.0,163.10000610351562,168.8350067138672,165.97506713867188,259540
2015-12-28,TRENT.NS,Trent Ltd,Growth / Compounder,170.0,174.5,163.8000030517578,171.06500244140625,168.1673126220703,386460
2015-12-29,TRENT.NS,Trent Ltd,Growth / Compounder,170.3350067138672,177.89999389648438,168.10499572753906,175.05499267578125,172.08970642089844,360550
2015-12-30,TRENT.NS,Trent Ltd,Growth / Compounder,176.0,176.89999389648438,172.0,175.8300018310547,172.8515625,161570
2015-12-31,TRENT.NS,Trent Ltd,Growth / Compounder,176.0050048828125,176.0050048828125,173.5,175.01499938964844,172.05039978027344,1236330
2016-01-01,TRENT.NS,Trent Ltd,Growth / Compounder,177.5,177.55999755859375,173.5050048828125,175.30999755859375,172.3403778076172,68960
2016-01-04,TRENT.NS,Trent Ltd,Growth / Compounder,176.8000030517578,176.8000030517578,168.30499267578125,170.8249969482422,167.93133544921875,107390
2016-01-05,TRENT.NS,Trent Ltd,Growth / Compounder,170.89999389648438,171.0,167.00999450683594,168.1699981689453,165.3213348388672,57600
2016-01-06,TRENT.NS,Trent Ltd,Growth / Compounder,168.10499572753906,168.11000061035156,163.23500061035156,165.30499267578125,162.5048370361328,657670
2016-01-07,TRENT.NS,Trent Ltd,Growth / Compounder,164.0,165.67999267578125,161.3000030517578,162.63499450683594,159.88011169433594,95320
2016-01-08,TRENT.NS,Trent Ltd,Growth / Compounder,164.60000610351562,173.0,163.8000030517578,171.16000366210938,168.2606964111328,85500
2016-01-11,TRENT.NS,Trent Ltd,Growth / Compounder,168.5050048828125,171.6999969482422,167.5,170.3800048828125,167.49388122558594,39990
2016-01-12,TRENT.NS,Trent Ltd,Growth / Compounder,169.22500610351562,170.69500732421875,165.31500244140625,167.03500366210938,164.20556640625,20090
2016-01-13,TRENT.NS,Trent Ltd,Growth / Compounder,166.59500122070312,168.89500427246094,160.6999969482422,166.4199981689453,163.60098266601562,64460
2016-01-14,TRENT.NS,Trent Ltd,Growth / Compounder,165.22000122070312,165.22000122070312,162.01499938964844,163.57000732421875,160.79925537109375,91860
2016-01-15,TRENT.NS,Trent Ltd,Growth / Compounder,163.39500427246094,164.5,160.0,162.5,159.74737548828125,131780
2016-01-18,TRENT.NS,Trent Ltd,Growth / Compounder,160.2949981689453,162.0850067138672,155.64999389648438,159.3249969482422,156.6261749267578,67120
2016-01-19,TRENT.NS,Trent Ltd,Growth / Compounder,159.0050048828125,163.0,157.30499267578125,162.58999633789062,159.8358154296875,36100
2016-01-20,TRENT.NS,Trent Ltd,Growth / Compounder,162.0,162.0,155.30499267578125,159.7050018310547,156.9997100830078,48240
2016-01-21,TRENT.NS,Trent Ltd,Growth / Compounder,160.0,162.36000061035156,158.0,161.24000549316406,158.5087432861328,31530
2016-01-22,TRENT.NS,Trent Ltd,Growth / Compounder,161.0,163.75,160.40499877929688,161.9499969482422,159.2066650390625,57750
2016-01-25,TRENT.NS,Trent Ltd,Growth / Compounder,163.8000030517578,163.8000030517578,157.10499572753906,158.06500244140625,155.38751220703125,33770
2016-01-27,TRENT.NS,Trent Ltd,Growth / Compounder,158.77000427246094,158.77000427246094,152.44500732421875,156.35499572753906,153.7064666748047,61600
2016-01-28,TRENT.NS,Trent Ltd,Growth / Compounder,156.3000030517578,158.89999389648438,154.0050048828125,155.4149932861328,152.78237915039062,22650
2016-01-29,TRENT.NS,Trent Ltd,Growth / Compounder,154.10000610351562,156.9949951171875,153.2050018310547,155.78500366210938,153.14613342285156,51270
2016-02-01,TRENT.NS,Trent Ltd,Growth / Compounder,157.4499969482422,157.58999633789062,154.5500030517578,155.0399932861328,152.4137420654297,24190
2016-02-02,TRENT.NS,Trent Ltd,Growth / Compounder,157.58999633789062,157.58999633789062,151.05999755859375,152.6699981689453,150.08389282226562,23350
2016-02-03,TRENT.NS,Trent Ltd,Growth / Compounder,151.06500244140625,151.9949951171875,147.0,148.31500244140625,145.80267333984375,20110
2016-02-04,TRENT.NS,Trent Ltd,Growth / Compounder,149.94000244140625,151.0,146.6999969482422,148.02499389648438,145.51756286621094,28660
2016-02-05,TRENT.NS,Trent Ltd,Growth / Compounder,151.44000244140625,152.5,144.39500427246094,147.65499877929688,145.15382385253906,1767010
2016-02-08,TRENT.NS,Trent Ltd,Growth / Compounder,149.94000244140625,152.4949951171875,147.39999389648438,149.11500549316406,146.589111328125,26060
2016-02-09,TRENT.NS,Trent Ltd,Growth / Compounder,148.09500122070312,149.7949981689453,144.6300048828125,147.08999633789062,144.59841918945312,22500
2016-02-10,TRENT.NS,Trent Ltd,Growth / Compounder,146.89999389648438,149.4949951171875,145.2050018310547,147.35499572753906,144.8589324951172,24850
2016-02-11,TRENT.NS,Trent Ltd,Growth / Compounder,147.3000030517578,147.3000030517578,138.1999969482422,142.64500427246094,140.22872924804688,56560
2016-02-12,TRENT.NS,Trent Ltd,Growth / Compounder,142.60000610351562,152.42999267578125,135.5,142.10000610351562,139.69293212890625,146070
2016-02-15,TRENT.NS,Trent Ltd,Growth / Compounder,139.51499938964844,146.0,139.51499938964844,145.1649932861328,142.7060089111328,1552690
2016-02-16,TRENT.NS,Trent Ltd,Growth / Compounder,144.1999969482422,145.9949951171875,139.0,140.24000549316406,137.8644561767578,12140
2016-02-17,TRENT.NS,Trent Ltd,Growth / Compounder,140.5050048828125,145.0,134.90499877929688,141.7050018310547,139.3046417236328,44810
2016-02-18,TRENT.NS,Trent Ltd,Growth / Compounder,141.25,144.39999389648438,139.8000030517578,142.98500061035156,140.56297302246094,22110
2016-02-19,TRENT.NS,Trent Ltd,Growth / Compounder,146.60000610351562,146.60000610351562,142.30999755859375,144.52999877929688,142.08175659179688,8660
2016-02-22,TRENT.NS,Trent Ltd,Growth / Compounder,144.60000610351562,145.5,142.10000610351562,142.68499755859375,140.2680206298828,6490
2016-02-23,TRENT.NS,Trent Ltd,Growth / Compounder,144.89999389648438,150.10000610351562,138.3000030517578,146.82000732421875,144.33299255371094,85610
2016-02-24,TRENT.NS,Trent Ltd,Growth / Compounder,145.0050048828125,146.4949951171875,142.8000030517578,145.32000732421875,142.8583526611328,20740
2016-02-25,TRENT.NS,Trent Ltd,Growth / Compounder,144.02000427246094,145.8000030517578,141.72999572753906,144.8699951171875,142.416015625,179620
2016-02-26,TRENT.NS,Trent Ltd,Growth / Compounder,145.10499572753906,145.1999969482422,142.8000030517578,143.9949951171875,141.55581665039062,1438620
2016-02-29,TRENT.NS,Trent Ltd,Growth / Compounder,144.39999389648438,147.0,139.3699951171875,143.03500366210938,140.61209106445312,37400
2016-03-01,TRENT.NS,Trent Ltd,Growth / Compounder,145.99000549316406,152.42999267578125,142.73500061035156,150.00999450683594,147.4689483642578,555850
2016-03-02,TRENT.NS,Trent Ltd,Growth / Compounder,151.0,151.4949951171875,145.49000549316406,146.36500549316406,143.88568115234375,37280
2016-03-03,TRENT.NS,Trent Ltd,Growth / Compounder,148.10000610351562,154.8000030517578,148.10000610351562,154.125,151.5142364501953,313490
2016-03-04,TRENT.NS,Trent Ltd,Growth / Compounder,153.1750030517578,154.9949951171875,149.57000732421875,150.9149932861328,148.3585968017578,58120
2016-03-08,TRENT.NS,Trent Ltd,Growth / Compounder,149.5749969482422,149.8000030517578,144.1999969482422,145.1649932861328,142.7060089111328,62650
2016-03-09,TRENT.NS,Trent Ltd,Growth / Compounder,143.80499267578125,145.125,141.0050048828125,144.3699951171875,141.92446899414062,73660
2016-03-10,TRENT.NS,Trent Ltd,Growth / Compounder,145.88999938964844,147.8000030517578,144.2100067138672,144.78500366210938,142.3324432373047,24920
2016-03-11,TRENT.NS,Trent Ltd,Growth / Compounder,145.0,146.69500732421875,143.5,143.85499572753906,141.418212890625,629210
2016-03-14,TRENT.NS,Trent Ltd,Growth / Compounder,145.3699951171875,145.5,142.58999633789062,143.60499572753906,141.17245483398438,31720
2016-03-15,TRENT.NS,Trent Ltd,Growth / Compounder,143.60499572753906,146.39999389648438,140.60000610351562,141.52499389648438,139.12767028808594,50970
2016-03-16,TRENT.NS,Trent Ltd,Growth / Compounder,143.00999450683594,147.35000610351562,138.3000030517578,144.86500549316406,142.41110229492188,169410
2016-03-17,TRENT.NS,Trent Ltd,Growth / Compounder,144.89999389648438,147.5,142.10499572753906,145.94000244140625,144.06459045410156,89320
2016-03-18,TRENT.NS,Trent Ltd,Growth / Compounder,147.5,152.0,144.71499633789062,150.97000122070312,149.02993774414062,87020
2016-03-21,TRENT.NS,Trent Ltd,Growth / Compounder,149.5749969482422,161.89999389648438,148.10000610351562,153.6750030517578,151.70018005371094,153290
2016-03-22,TRENT.NS,Trent Ltd,Growth / Compounder,155.89999389648438,168.0,152.57000732421875,158.21499633789062,156.18182373046875,109450
2016-03-23,TRENT.NS,Trent Ltd,Growth / Compounder,159.89500427246094,160.9949951171875,154.5,156.28500366210938,154.27664184570312,57970
2016-03-28,TRENT.NS,Trent Ltd,Growth / Compounder,154.59500122070312,156.41000366210938,153.5,155.38499450683594,153.38818359375,38410
2016-03-29,TRENT.NS,Trent Ltd,Growth / Compounder,155.98500061035156,157.08999633789062,152.5,155.1750030517578,153.180908203125,1005560
2016-03-30,TRENT.NS,Trent Ltd,Growth / Compounder,154.1999969482422,157.0,154.1999969482422,155.52499389648438,153.52638244628906,18320
2016-03-31,TRENT.NS,Trent Ltd,Growth / Compounder,155.80499267578125,162.39999389648438,154.1999969482422,159.1750030517578,157.1295166015625,147670
2016-04-01,TRENT.NS,Trent Ltd,Growth / Compounder,159.7050018310547,161.7449951171875,157.25,159.90499877929688,157.85009765625,270080
2016-04-04,TRENT.NS,Trent Ltd,Growth / Compounder,159.0,161.1999969482422,158.19000244140625,159.99000549316406,157.93405151367188,27550
2016-04-05,TRENT.NS,Trent Ltd,Growth / Compounder,159.9949951171875,162.5,159.125,161.1649932861328,159.09390258789062,32720
2016-04-06,TRENT.NS,Trent Ltd,Growth / Compounder,161.1999969482422,162.5,159.7949981689453,162.19000244140625,160.1057586669922,21650
2016-04-07,TRENT.NS,Trent Ltd,Growth / Compounder,160.2050018310547,164.0,157.1999969482422,158.78500366210938,156.74449157714844,21600
2016-04-08,TRENT.NS,Trent Ltd,Growth / Compounder,158.6999969482422,159.30499267578125,157.09500122070312,158.1750030517578,156.142333984375,5360
2016-04-11,TRENT.NS,Trent Ltd,Growth / Compounder,158.1750030517578,172.39999389648438,156.5,167.6300048828125,165.47584533691406,342260
2016-04-12,TRENT.NS,Trent Ltd,Growth / Compounder,166.89999389648438,170.0,162.5500030517578,169.6300048828125,167.45013427734375,131360
2016-04-13,TRENT.NS,Trent Ltd,Growth / Compounder,167.2050018310547,170.8000030517578,165.2050018310547,169.21499633789062,167.0404815673828,52470
2016-04-18,TRENT.NS,Trent Ltd,Growth / Compounder,167.2050018310547,168.89999389648438,163.60499572753906,166.0,163.86680603027344,72860
2016-04-20,TRENT.NS,Trent Ltd,Growth / Compounder,165.89999389648438,166.6999969482422,161.1999969482422,163.31500244140625,161.21632385253906,26390
2016-04-21,TRENT.NS,Trent Ltd,Growth / Compounder,164.10000610351562,165.0,159.82000732421875,161.2550048828125,159.1827850341797,38260
2016-04-22,TRENT.NS,Trent Ltd,Growth / Compounder,161.0050048828125,163.6750030517578,159.51499938964844,163.125,161.0287322998047,225120
2016-04-25,TRENT.NS,Trent Ltd,Growth / Compounder,162.10000610351562,164.6999969482422,162.10000610351562,163.0050048828125,160.91030883789062,71360
2016-04-26,TRENT.NS,Trent Ltd,Growth / Compounder,163.60499572753906,169.47999572753906,161.4949951171875,165.88499450683594,163.75328063964844,158780
2016-04-27,TRENT.NS,Trent Ltd,Growth / Compounder,166.875,170.0,164.0,164.49000549316406,162.37620544433594,25300
2016-04-28,TRENT.NS,Trent Ltd,Growth / Compounder,164.5,168.99000549316406,162.60000610351562,166.35000610351562,164.2123260498047,18630
2016-04-29,TRENT.NS,Trent Ltd,Growth / Compounder,168.0050048828125,172.0,164.0,169.8800048828125,167.6969451904297,45200
2016-05-02,TRENT.NS,Trent Ltd,Growth / Compounder,171.39999389648438,171.39999389648438,166.60000610351562,170.10499572753906,167.9190216064453,1126710
2016-05-03,TRENT.NS,Trent Ltd,Growth / Compounder,172.0,174.72000122070312,168.9949951171875,170.8300018310547,168.63473510742188,1486680
2016-05-04,TRENT.NS,Trent Ltd,Growth / Compounder,172.60000610351562,172.60000610351562,170.05499267578125,170.5749969482422,168.38299560546875,924170
2016-05-05,TRENT.NS,Trent Ltd,Growth / Compounder,170.91000366210938,172.39999389648438,169.1999969482422,170.47999572753906,168.28921508789062,60390
2016-05-06,TRENT.NS,Trent Ltd,Growth / Compounder,168.5399932861328,171.39999389648438,168.5399932861328,170.4499969482422,168.25961303710938,17510
2016-05-09,TRENT.NS,Trent Ltd,Growth / Compounder,171.39999389648438,171.39999389648438,170.0,170.44500732421875,168.25466918945312,10460
2016-05-10,TRENT.NS,Trent Ltd,Growth / Compounder,169.85000610351562,172.49000549316406,169.85000610351562,171.05499267578125,168.8568115234375,25890
2016-05-11,TRENT.NS,Trent Ltd,Growth / Compounder,168.11000061035156,173.42999267578125,168.11000061035156,170.0749969482422,167.88943481445312,46040
2016-05-12,TRENT.NS,Trent Ltd,Growth / Compounder,170.1999969482422,175.9949951171875,170.1999969482422,174.38999938964844,172.1489715576172,81250
2016-05-13,TRENT.NS,Trent Ltd,Growth / Compounder,174.0,181.0,172.81500244140625,179.61500549316406,177.3068389892578,110920
2016-05-16,TRENT.NS,Trent Ltd,Growth / Compounder,180.5,180.5,175.8000030517578,177.02499389648438,174.75013732910156,31930
2016-05-17,TRENT.NS,Trent Ltd,Growth / Compounder,177.0,178.0,176.10000610351562,177.05499267578125,174.77972412109375,24770
2016-05-18,TRENT.NS,Trent Ltd,Growth / Compounder,177.05499267578125,177.5,175.0800018310547,176.05999755859375,173.79751586914062,213790
2016-05-19,TRENT.NS,Trent Ltd,Growth / Compounder,176.10499572753906,178.25,174.89999389648438,176.44000244140625,174.17262268066406,58660
2016-05-20,TRENT.NS,Trent Ltd,Growth / Compounder,176.0050048828125,178.0,175.0,175.98500061035156,173.72349548339844,68920
2016-05-23,TRENT.NS,Trent Ltd,Growth / Compounder,176.0050048828125,177.5,173.50999450683594,175.2949981689453,173.04234313964844,20840
2016-05-24,TRENT.NS,Trent Ltd,Growth / Compounder,176.0,177.19500732421875,175.0050048828125,176.26499938964844,173.99989318847656,411030
2016-05-25,TRENT.NS,Trent Ltd,Growth / Compounder,176.28500366210938,187.89999389648438,175.30499267578125,180.92999267578125,178.6049041748047,1125710
2016-05-26,TRENT.NS,Trent Ltd,Growth / Compounder,184.3300018310547,184.3300018310547,174.5800018310547,176.625,174.35525512695312,234070
2016-05-27,TRENT.NS,Trent Ltd,Growth / Compounder,178.10000610351562,185.0,175.1300048828125,179.02999877929688,176.72933959960938,145280
2016-05-30,TRENT.NS,Trent Ltd,Growth / Compounder,178.00999450683594,178.7949981689453,173.35499572753906,174.13499450683594,171.8972625732422,49110
2016-05-31,TRENT.NS,Trent Ltd,Growth / Compounder,174.13499450683594,176.89999389648438,160.2899932861328,163.4550018310547,161.35447692871094,429690
2016-06-01,TRENT.NS,Trent Ltd,Growth / Compounder,163.4550018310547,172.39999389648438,163.4550018310547,169.08999633789062,166.91708374023438,203510
2016-06-02,TRENT.NS,Trent Ltd,Growth / Compounder,170.5,173.99000549316406,169.0,170.06500244140625,167.87953186035156,94500
2016-06-03,TRENT.NS,Trent Ltd,Growth / Compounder,170.0050048828125,172.39999389648438,168.0,168.23500061035156,166.07305908203125,58640
2016-06-06,TRENT.NS,Trent Ltd,Growth / Compounder,170.5,170.5,167.4499969482422,168.9250030517578,166.75421142578125,28110
2016-06-07,TRENT.NS,Trent Ltd,Growth / Compounder,169.0,172.3000030517578,167.9949951171875,170.4499969482422,168.25961303710938,262480
2016-06-08,TRENT.NS,Trent Ltd,Growth / Compounder,172.5,172.5,168.5399932861328,169.1199951171875,166.94671630859375,6590
2016-06-09,TRENT.NS,Trent Ltd,Growth / Compounder,172.5,172.5,169.0,169.74000549316406,167.55873107910156,38380
2016-06-10,TRENT.NS,Trent Ltd,Growth / Compounder,170.0500030517578,171.0,168.0,168.81500244140625,166.64561462402344,20520
2016-06-13,TRENT.NS,Trent Ltd,Growth / Compounder,169.7949981689453,172.0,168.0,169.36500549316406,167.18856811523438,38530
2016-06-14,TRENT.NS,Trent Ltd,Growth / Compounder,168.50999450683594,171.89999389648438,168.50999450683594,170.14999389648438,167.96347045898438,26970
2016-06-15,TRENT.NS,Trent Ltd,Growth / Compounder,170.10499572753906,171.39999389648438,168.0,168.71499633789062,166.54690551757812,88080
2016-06-16,TRENT.NS,Trent Ltd,Growth / Compounder,168.6999969482422,170.6649932861328,167.88499450683594,169.61000061035156,167.43038940429688,48320
2016-06-17,TRENT.NS,Trent Ltd,Growth / Compounder,170.01499938964844,170.60000610351562,168.10499572753906,168.51499938964844,166.34947204589844,16680
2016-06-20,TRENT.NS,Trent Ltd,Growth / Compounder,170.0,170.39999389648438,168.5,169.44000244140625,167.26260375976562,12860
2016-06-21,TRENT.NS,Trent Ltd,Growth / Compounder,171.0,171.0,168.0,169.86500549316406,167.68211364746094,49290
2016-06-22,TRENT.NS,Trent Ltd,Growth / Compounder,169.8000030517578,171.0,167.0,167.94500732421875,165.78680419921875,16970
2016-06-23,TRENT.NS,Trent Ltd,Growth / Compounder,168.1999969482422,168.89999389648438,166.1999969482422,168.17999267578125,166.01876831054688,21940
2016-06-24,TRENT.NS,Trent Ltd,Growth / Compounder,167.5,171.5,158.0,168.1699981689453,166.0089111328125,227920
2016-06-27,TRENT.NS,Trent Ltd,Growth / Compounder,169.6999969482422,169.8000030517578,166.77499389648438,168.15499877929688,165.99411010742188,36940
2016-06-28,TRENT.NS,Trent Ltd,Growth / Compounder,171.0,183.9949951171875,169.31500244140625,176.85000610351562,174.57736206054688,1390340
2016-06-29,TRENT.NS,Trent Ltd,Growth / Compounder,178.9949951171875,182.5,177.89999389648438,179.2949981689453,176.9909210205078,431510
2016-06-30,TRENT.NS,Trent Ltd,Growth / Compounder,180.39999389648438,184.44000244140625,177.8000030517578,181.64999389648438,179.315673828125,206390
2016-07-01,TRENT.NS,Trent Ltd,Growth / Compounder,182.49000549316406,183.94500732421875,179.6999969482422,180.35000610351562,178.03240966796875,34150
2016-07-04,TRENT.NS,Trent Ltd,Growth / Compounder,181.5,181.7949981689453,178.39999389648438,179.18499755859375,176.88235473632812,32400
2016-07-05,TRENT.NS,Trent Ltd,Growth / Compounder,179.10000610351562,179.96499633789062,177.10000610351562,177.8350067138672,175.54971313476562,15680
2016-07-07,TRENT.NS,Trent Ltd,Growth / Compounder,175.60000610351562,180.09500122070312,175.60000610351562,176.9949951171875,174.72048950195312,29030
2016-07-08,TRENT.NS,Trent Ltd,Growth / Compounder,177.0,178.5,176.0,177.4600067138672,175.1795654296875,162200
2016-07-11,TRENT.NS,Trent Ltd,Growth / Compounder,176.01499938964844,179.48500061035156,176.01499938964844,177.36000061035156,175.08082580566406,22710
2016-07-12,TRENT.NS,Trent Ltd,Growth / Compounder,177.3000030517578,178.56500244140625,175.5,177.5449981689453,175.26339721679688,30180
2016-07-13,TRENT.NS,Trent Ltd,Growth / Compounder,176.1999969482422,178.47500610351562,176.1999969482422,176.9499969482422,174.6760711669922,1158560
2016-07-14,TRENT.NS,Trent Ltd,Growth / Compounder,177.4149932861328,178.0,176.0,176.53500366210938,174.2664031982422,15310
2016-07-15,TRENT.NS,Trent Ltd,Growth / Compounder,176.7949981689453,177.39500427246094,174.89999389648438,175.0500030517578,172.80047607421875,49000
2016-07-18,TRENT.NS,Trent Ltd,Growth / Compounder,176.9949951171875,177.0,174.89500427246094,175.13499450683594,172.88438415527344,28150
2016-07-19,TRENT.NS,Trent Ltd,Growth / Compounder,176.9949951171875,176.9949951171875,174.89999389648438,176.66000366210938,174.38980102539062,61140
2016-07-20,TRENT.NS,Trent Ltd,Growth / Compounder,177.10000610351562,177.10000610351562,175.0,175.1699981689453,172.9189453125,14970
2016-07-21,TRENT.NS,Trent Ltd,Growth / Compounder,175.1999969482422,177.0,174.9949951171875,175.5850067138672,173.32861328125,24790
2016-07-22,TRENT.NS,Trent Ltd,Growth / Compounder,175.68499755859375,179.5,175.10499572753906,178.8000030517578,176.50230407714844,46940
2016-07-25,TRENT.NS,Trent Ltd,Growth / Compounder,177.00999450683594,180.8000030517578,176.0,176.8350067138672,174.5625457763672,30150
2016-07-26,TRENT.NS,Trent Ltd,Growth / Compounder,176.8000030517578,177.99000549316406,176.0,176.40499877929688,174.1380615234375,5100
2016-07-27,TRENT.NS,Trent Ltd,Growth / Compounder,177.5,178.88999938964844,177.0,177.81500244140625,175.5299835205078,11520
2016-07-28,TRENT.NS,Trent Ltd,Growth / Compounder,176.1999969482422,185.0,173.24000549316406,179.88999938964844,177.5782928466797,124380
2016-07-29,TRENT.NS,Trent Ltd,Growth / Compounder,182.0,185.0,178.1999969482422,183.11000061035156,180.7569122314453,1018100
2016-08-01,TRENT.NS,Trent Ltd,Growth / Compounder,184.0,188.5,181.5,185.74000549316406,183.35313415527344,1335050
2016-08-02,TRENT.NS,Trent Ltd,Growth / Compounder,186.5,187.66000366210938,185.0,185.0449981689453,182.6670379638672,33280
2016-08-03,TRENT.NS,Trent Ltd,Growth / Compounder,185.89999389648438,185.89999389648438,184.59500122070312,185.05999755859375,182.68185424804688,24700
2016-08-04,TRENT.NS,Trent Ltd,Growth / Compounder,185.10499572753906,187.0,185.0,185.0800018310547,182.7015838623047,22220
2016-08-05,TRENT.NS,Trent Ltd,Growth / Compounder,186.0,186.01499938964844,185.0,185.11500549316406,182.7361297607422,32350
2016-08-08,TRENT.NS,Trent Ltd,Growth / Compounder,185.9949951171875,188.8000030517578,185.39999389648438,187.22500610351562,184.81906127929688,27080
2016-08-09,TRENT.NS,Trent Ltd,Growth / Compounder,187.5,189.39500427246094,185.0,185.24000549316406,182.85951232910156,38410
2016-08-10,TRENT.NS,Trent Ltd,Growth / Compounder,185.41000366210938,186.6999969482422,185.0,185.0500030517578,182.6719970703125,33310
2016-08-11,TRENT.NS,Trent Ltd,Growth / Compounder,186.39999389648438,190.89999389648438,185.0,188.3800048828125,185.95919799804688,83410
2016-08-12,TRENT.NS,Trent Ltd,Growth / Compounder,190.0,192.60000610351562,186.3000030517578,189.77499389648438,187.3362579345703,101060
2016-08-16,TRENT.NS,Trent Ltd,Growth / Compounder,189.6999969482422,194.39999389648438,189.5,189.88499450683594,187.44483947753906,84080
2016-08-17,TRENT.NS,Trent Ltd,Growth / Compounder,191.7949981689453,192.7949981689453,189.125,192.0050048828125,189.53759765625,199950
2016-08-18,TRENT.NS,Trent Ltd,Growth / Compounder,192.5,193.39500427246094,191.625,192.00999450683594,189.5425262451172,20390
2016-08-19,TRENT.NS,Trent Ltd,Growth / Compounder,192.0,193.22999572753906,191.0,191.74000549316406,189.2760009765625,40370
2016-08-22,TRENT.NS,Trent Ltd,Growth / Compounder,193.49000549316406,193.5050048828125,192.10000610351562,192.63499450683594,190.15951538085938,119740
2016-08-23,TRENT.NS,Trent Ltd,Growth / Compounder,191.10000610351562,194.09500122070312,191.10000610351562,192.64500427246094,190.1693878173828,39260
2016-08-24,TRENT.NS,Trent Ltd,Growth / Compounder,192.39999389648438,196.2899932861328,190.15499877929688,194.61000061035156,192.10916137695312,32900
2016-08-25,TRENT.NS,Trent Ltd,Growth / Compounder,195.39500427246094,203.5,195.3000030517578,200.5500030517578,197.9727783203125,102360
2016-08-26,TRENT.NS,Trent Ltd,Growth / Compounder,203.77000427246094,212.57000732421875,201.60499572753906,207.52499389648438,204.85818481445312,168940
2016-08-29,TRENT.NS,Trent Ltd,Growth / Compounder,210.0,210.8000030517578,201.11000061035156,209.77000427246094,207.07431030273438,79280
2016-08-30,TRENT.NS,Trent Ltd,Growth / Compounder,209.99000549316406,220.0,205.1999969482422,214.93499755859375,212.1729278564453,1291200
2016-08-31,TRENT.NS,Trent Ltd,Growth / Compounder,218.16000366210938,219.88999938964844,213.6699981689453,217.5749969482422,214.7790069580078,67190
2016-09-01,TRENT.NS,Trent Ltd,Growth / Compounder,217.5749969482422,219.89999389648438,217.10000610351562,219.61500549316406,216.79281616210938,125110
2016-09-02,TRENT.NS,Trent Ltd,Growth / Compounder,219.8699951171875,227.6999969482422,218.89999389648438,224.67999267578125,221.79270935058594,339530
2016-09-06,TRENT.NS,Trent Ltd,Growth / Compounder,227.38999938964844,242.0,225.1999969482422,239.81500244140625,236.73324584960938,417550
2016-09-07,TRENT.NS,Trent Ltd,Growth / Compounder,241.5,244.39999389648438,235.3000030517578,235.6300048828125,232.60202026367188,321080
2016-09-08,TRENT.NS,Trent Ltd,Growth / Compounder,235.63999938964844,237.5,233.89999389648438,234.14500427246094,231.13607788085938,124160
2016-09-09,TRENT.NS,Trent Ltd,Growth / Compounder,235.3000030517578,237.2449951171875,233.3000030517578,234.47999572753906,231.46678161621094,111170
2016-09-12,TRENT.NS,Trent Ltd,Growth / Compounder,224.0,249.8000030517578,223.0,241.4499969482422,238.34719848632812,302622
2016-09-14,TRENT.NS,Trent Ltd,Growth / Compounder,241.8000030517578,244.4499969482422,237.5,239.8000030517578,236.7183837890625,81476
2016-09-15,TRENT.NS,Trent Ltd,Growth / Compounder,239.0,240.25,227.0,230.8000030517578,227.83407592773438,94714
2016-09-16,TRENT.NS,Trent Ltd,Growth / Compounder,237.89999389648438,237.89999389648438,224.0,225.6999969482422,222.79962158203125,95154
2016-09-19,TRENT.NS,Trent Ltd,Growth / Compounder,229.5,234.39999389648438,224.0,224.39999389648438,221.5163116455078,127469
2016-09-20,TRENT.NS,Trent Ltd,Growth / Compounder,225.0,229.89999389648438,218.5,219.4499969482422,216.6299285888672,84931
2016-09-21,TRENT.NS,Trent Ltd,Growth / Compounder,219.4499969482422,221.0,213.60000610351562,214.8000030517578,212.03968811035156,98355
2016-09-22,TRENT.NS,Trent Ltd,Growth / Compounder,220.0,220.0,212.0,212.5,209.76925659179688,100105
2016-09-23,TRENT.NS,Trent Ltd,Growth / Compounder,216.60000610351562,217.4499969482422,211.10000610351562,212.0500030517578,209.32504272460938,73714
2016-09-26,TRENT.NS,Trent Ltd,Growth / Compounder,210.0500030517578,215.0,210.0500030517578,212.14999389648438,209.42372131347656,49865
2016-09-27,TRENT.NS,Trent Ltd,Growth / Compounder,215.0,215.0,210.0,210.14999389648438,207.44943237304688,64785
2016-09-28,TRENT.NS,Trent Ltd,Growth / Compounder,210.5,212.0,208.0,209.64999389648438,206.95587158203125,68231
2016-09-29,TRENT.NS,Trent Ltd,Growth / Compounder,210.0,212.5,205.0,209.10000610351562,206.41293334960938,153388
2016-09-30,TRENT.NS,Trent Ltd,Growth / Compounder,205.25,217.6999969482422,205.25,213.4499969482422,210.70701599121094,117725
2016-10-03,TRENT.NS,Trent Ltd,Growth / Compounder,213.4499969482422,224.8000030517578,212.10000610351562,223.0500030517578,220.18370056152344,182227
2016-10-04,TRENT.NS,Trent Ltd,Growth / Compounder,225.0,228.0,220.85000610351562,222.5500030517578,219.69009399414062,115142
2016-10-05,TRENT.NS,Trent Ltd,Growth / Compounder,223.6999969482422,224.39999389648438,218.0,219.25,216.43251037597656,86507
2016-10-06,TRENT.NS,Trent Ltd,Growth / Compounder,220.0,222.75,214.5500030517578,216.85000610351562,214.06332397460938,61465
2016-10-07,TRENT.NS,Trent Ltd,Growth / Compounder,218.0,219.89999389648438,214.0,215.35000610351562,212.58262634277344,25251
2016-10-10,TRENT.NS,Trent Ltd,Growth / Compounder,216.0,218.89999389648438,212.5,214.10000610351562,211.34869384765625,32497
2016-10-13,TRENT.NS,Trent Ltd,Growth / Compounder,212.0,222.0,209.60000610351562,214.5,211.7435302734375,117881
2016-10-14,TRENT.NS,Trent Ltd,Growth / Compounder,214.5,215.0,208.5,210.35000610351562,207.6468505859375,45460
2016-10-17,TRENT.NS,Trent Ltd,Growth / Compounder,208.5,215.0,208.0,208.5500030517578,205.8699951171875,40988
2016-10-18,TRENT.NS,Trent Ltd,Growth / Compounder,214.35000610351562,214.35000610351562,208.35000610351562,212.10000610351562,209.37437438964844,30481
2016-10-19,TRENT.NS,Trent Ltd,Growth / Compounder,212.39999389648438,214.25,209.0,209.5,206.80776977539062,30661
2016-10-20,TRENT.NS,Trent Ltd,Growth / Compounder,211.0,211.39999389648438,206.5500030517578,208.4499969482422,205.77127075195312,66426
2016-10-21,TRENT.NS,Trent Ltd,Growth / Compounder,210.0500030517578,210.6999969482422,205.0,205.4499969482422,202.80984497070312,61122
2016-10-24,TRENT.NS,Trent Ltd,Growth / Compounder,209.8000030517578,209.8000030517578,202.0,203.10000610351562,200.49002075195312,60298
2016-10-25,TRENT.NS,Trent Ltd,Growth / Compounder,203.0,209.89999389648438,201.0,203.85000610351562,201.23040771484375,112293
2016-10-26,TRENT.NS,Trent Ltd,Growth / Compounder,201.1999969482422,203.6999969482422,198.0,199.10000610351562,196.54141235351562,83892
2016-10-27,TRENT.NS,Trent Ltd,Growth / Compounder,198.0,199.6999969482422,195.0,197.8000030517578,195.25814819335938,72322
2016-10-28,TRENT.NS,Trent Ltd,Growth / Compounder,195.0500030517578,204.8000030517578,195.0500030517578,199.39999389648438,196.83758544921875,129064
2016-11-01,TRENT.NS,Trent Ltd,Growth / Compounder,201.5,209.60000610351562,201.5,207.35000610351562,204.6854248046875,60189
2016-11-02,TRENT.NS,Trent Ltd,Growth / Compounder,206.64999389648438,206.64999389648438,200.0,200.6999969482422,198.1208953857422,36407
2016-11-03,TRENT.NS,Trent Ltd,Growth / Compounder,203.0500030517578,205.0,201.0,202.0500030517578,199.45352172851562,48399
2016-11-04,TRENT.NS,Trent Ltd,Growth / Compounder,204.85000610351562,204.89999389648438,195.10000610351562,195.8000030517578,193.28384399414062,76521
2016-11-07,TRENT.NS,Trent Ltd,Growth / Compounder,200.0,202.0500030517578,194.35000610351562,195.3000030517578,192.79025268554688,30902
2016-11-08,TRENT.NS,Trent Ltd,Growth / Compounder,196.0,209.5,195.10000610351562,201.75,199.1573944091797,362237
2016-11-09,TRENT.NS,Trent Ltd,Growth / Compounder,185.39999389648438,201.85000610351562,185.39999389648438,198.64999389648438,196.0972137451172,114510
2016-11-10,TRENT.NS,Trent Ltd,Growth / Compounder,203.4499969482422,205.0,197.0500030517578,199.4499969482422,196.88693237304688,35905
2016-11-11,TRENT.NS,Trent Ltd,Growth / Compounder,200.0,204.0,191.0500030517578,191.85000610351562,189.3845977783203,43418
2016-11-15,TRENT.NS,Trent Ltd,Growth / Compounder,192.0,195.35000610351562,186.0,191.5500030517578,189.08847045898438,67611
2016-11-16,TRENT.NS,Trent Ltd,Growth / Compounder,192.8000030517578,194.8000030517578,186.0,193.35000610351562,190.8653564453125,45544
2016-11-17,TRENT.NS,Trent Ltd,Growth / Compounder,195.1999969482422,195.1999969482422,188.0,189.1999969482422,186.7686309814453,63526
2016-11-18,TRENT.NS,Trent Ltd,Growth / Compounder,189.14999389648438,192.3000030517578,185.0,186.4499969482422,184.0540008544922,37456
2016-11-21,TRENT.NS,Trent Ltd,Growth / Compounder,185.10000610351562,188.0,182.0,182.5500030517578,180.20413208007812,36052
2016-11-22,TRENT.NS,Trent Ltd,Growth / Compounder,183.0,187.0,181.0,184.35000610351562,181.98101806640625,25998
2016-11-23,TRENT.NS,Trent Ltd,Growth / Compounder,185.25,186.0,181.0,183.0,180.6483154296875,22640
2016-11-24,TRENT.NS,Trent Ltd,Growth / Compounder,181.0,185.75,181.0,182.0,179.66119384765625,24771
2016-11-25,TRENT.NS,Trent Ltd,Growth / Compounder,182.14999389648438,185.5,180.0,181.64999389648438,179.315673828125,57981
2016-11-28,TRENT.NS,Trent Ltd,Growth / Compounder,181.0,185.1999969482422,180.0,181.4499969482422,179.11822509765625,56955
2016-11-29,TRENT.NS,Trent Ltd,Growth / Compounder,183.60000610351562,187.0,180.10000610351562,181.9499969482422,179.61181640625,56901
2016-11-30,TRENT.NS,Trent Ltd,Growth / Compounder,184.0500030517578,185.0500030517578,179.10000610351562,180.25,177.93365478515625,117743
2016-12-01,TRENT.NS,Trent Ltd,Growth / Compounder,183.89999389648438,183.89999389648438,178.0,178.6999969482422,176.40357971191406,673205
2016-12-02,TRENT.NS,Trent Ltd,Growth / Compounder,178.75,183.0,175.0,177.89999389648438,175.61386108398438,78805
2016-12-05,TRENT.NS,Trent Ltd,Growth / Compounder,179.8000030517578,203.6999969482422,175.64999389648438,199.5,196.936279296875,1804413
2016-12-06,TRENT.NS,Trent Ltd,Growth / Compounder,202.0,203.89999389648438,195.0,198.35000610351562,195.80105590820312,412704
2016-12-07,TRENT.NS,Trent Ltd,Growth / Compounder,203.0,203.89999389648438,195.4499969482422,198.1999969482422,195.6529998779297,440948
2016-12-08,TRENT.NS,Trent Ltd,Growth / Compounder,200.89999389648438,206.0,199.14999389648438,203.6999969482422,201.08233642578125,212102
2016-12-09,TRENT.NS,Trent Ltd,Growth / Compounder,204.0,205.5,200.3000030517578,202.75,200.14453125,77017
2016-12-12,TRENT.NS,Trent Ltd,Growth / Compounder,205.35000610351562,205.35000610351562,198.64999389648438,199.8000030517578,197.23243713378906,44273
2016-12-13,TRENT.NS,Trent Ltd,Growth / Compounder,203.6999969482422,203.6999969482422,199.64999389648438,202.25,199.65093994140625,27075
2016-12-14,TRENT.NS,Trent Ltd,Growth / Compounder,203.25,203.25,196.75,197.75,195.20877075195312,34668
2016-12-15,TRENT.NS,Trent Ltd,Growth / Compounder,198.0,201.8000030517578,197.0,197.60000610351562,195.06072998046875,30942
2016-12-16,TRENT.NS,Trent Ltd,Growth / Compounder,197.60000610351562,201.6999969482422,194.5,198.5500030517578,195.99850463867188,44537
2016-12-19,TRENT.NS,Trent Ltd,Growth / Compounder,200.10000610351562,201.5,196.0,199.6999969482422,197.1337127685547,22856
2016-12-20,TRENT.NS,Trent Ltd,Growth / Compounder,199.6999969482422,200.9499969482422,195.0,196.25,193.72804260253906,24959
2016-12-21,TRENT.NS,Trent Ltd,Growth / Compounder,197.5,198.4499969482422,195.3000030517578,196.0500030517578,193.53062438964844,18327
2016-12-22,TRENT.NS,Trent Ltd,Growth / Compounder,195.6999969482422,196.6999969482422,191.75,193.10000610351562,190.61856079101562,24467
2016-12-23,TRENT.NS,Trent Ltd,Growth / Compounder,192.5,196.60000610351562,191.60000610351562,196.14999389648438,193.6293487548828,18827
2016-12-26,TRENT.NS,Trent Ltd,Growth / Compounder,196.5,197.6999969482422,190.8000030517578,196.0,193.4812774658203,35364
2016-12-27,TRENT.NS,Trent Ltd,Growth / Compounder,194.14999389648438,203.5500030517578,193.8000030517578,199.9499969482422,197.38050842285156,329467
2016-12-28,TRENT.NS,Trent Ltd,Growth / Compounder,199.9499969482422,203.5500030517578,197.0,201.39999389648438,198.81185913085938,38956
2016-12-29,TRENT.NS,Trent Ltd,Growth / Compounder,200.0,204.0,199.0,200.5500030517578,197.9727783203125,64169
2016-12-30,TRENT.NS,Trent Ltd,Growth / Compounder,201.0500030517578,211.0,198.89999389648438,200.39999389648438,197.82473754882812,172787
2017-01-02,TRENT.NS,Trent Ltd,Growth / Compounder,205.0,205.60000610351562,199.6999969482422,201.8000030517578,199.2067413330078,105462
2017-01-03,TRENT.NS,Trent Ltd,Growth / Compounder,202.0,202.89999389648438,200.25,201.0,198.41702270507812,40370
2017-01-04,TRENT.NS,Trent Ltd,Growth / Compounder,203.8000030517578,203.8000030517578,199.35000610351562,199.89999389648438,197.3311309814453,59122
2017-01-05,TRENT.NS,Trent Ltd,Growth / Compounder,201.14999389648438,202.5,199.25,200.35000610351562,197.775390625,31333
2017-01-06,TRENT.NS,Trent Ltd,Growth / Compounder,201.0500030517578,203.25,199.5,200.0,197.4298553466797,63576
2017-01-09,TRENT.NS,Trent Ltd,Growth / Compounder,201.9499969482422,203.5,199.25,200.4499969482422,197.87408447265625,44668
2017-01-10,TRENT.NS,Trent Ltd,Growth / Compounder,200.0,204.0,197.85000610351562,198.85000610351562,196.29464721679688,60131
2017-01-11,TRENT.NS,Trent Ltd,Growth / Compounder,201.9499969482422,201.9499969482422,198.14999389648438,199.0500030517578,196.4921112060547,64851
2017-01-12,TRENT.NS,Trent Ltd,Growth / Compounder,200.75,200.9499969482422,196.10000610351562,196.9499969482422,194.41905212402344,40493
2017-01-13,TRENT.NS,Trent Ltd,Growth / Compounder,198.9499969482422,219.3000030517578,197.10000610351562,214.0,211.24993896484375,1456597
2017-01-16,TRENT.NS,Trent Ltd,Growth / Compounder,215.0,215.0,208.5,213.0500030517578,210.3121795654297,160353
2017-01-17,TRENT.NS,Trent Ltd,Growth / Compounder,214.0,215.0,210.25,211.60000610351562,208.88079833984375,78390
2017-01-18,TRENT.NS,Trent Ltd,Growth / Compounder,214.89999389648438,214.89999389648438,210.5,212.0,209.27566528320312,136521
2017-01-19,TRENT.NS,Trent Ltd,Growth / Compounder,212.64999389648438,214.89999389648438,209.64999389648438,210.6999969482422,207.9923858642578,83411
2017-01-20,TRENT.NS,Trent Ltd,Growth / Compounder,209.5,210.0,205.6999969482422,206.75,204.09312438964844,48575
2017-01-23,TRENT.NS,Trent Ltd,Growth / Compounder,205.0,213.0,204.14999389648438,210.0500030517578,207.35069274902344,70403
2017-01-24,TRENT.NS,Trent Ltd,Growth / Compounder,215.0,252.0500030517578,214.1999969482422,245.89999389648438,242.739990234375,2522192
2017-01-25,TRENT.NS,Trent Ltd,Growth / Compounder,245.0,261.3999938964844,236.0500030517578,254.10000610351562,250.83465576171875,2100343
2017-01-27,TRENT.NS,Trent Ltd,Growth / Compounder,253.0,253.89999389648438,242.35000610351562,243.9499969482422,240.8150634765625,638921
2017-01-30,TRENT.NS,Trent Ltd,Growth / Compounder,244.0,250.39999389648438,234.35000610351562,242.39999389648438,239.2849884033203,497250
2017-01-31,TRENT.NS,Trent Ltd,Growth / Compounder,240.5500030517578,245.0,236.10000610351562,238.75,235.6819305419922,248743
2017-02-01,TRENT.NS,Trent Ltd,Growth / Compounder,239.0,245.0,232.10000610351562,239.35000610351562,236.27418518066406,176017
2017-02-02,TRENT.NS,Trent Ltd,Growth / Compounder,243.0,259.0,237.5,251.5,248.26805114746094,716487
2017-02-03,TRENT.NS,Trent Ltd,Growth / Compounder,252.0,254.8000030517578,248.0,251.10000610351562,247.8732147216797,130346
2017-02-06,TRENT.NS,Trent Ltd,Growth / Compounder,252.0,254.39999389648438,241.5500030517578,245.0,241.85157775878906,117172
2017-02-07,TRENT.NS,Trent Ltd,Growth / Compounder,247.4499969482422,263.0,246.0,257.3999938964844,254.0922393798828,677538
2017-02-08,TRENT.NS,Trent Ltd,Growth / Compounder,259.0,269.3999938964844,259.0,261.6000061035156,258.2382507324219,1270148
2017-02-09,TRENT.NS,Trent Ltd,Growth / Compounder,262.0,263.95001220703125,254.10000610351562,256.95001220703125,253.6479949951172,145263
2017-02-10,TRENT.NS,Trent Ltd,Growth / Compounder,256.95001220703125,259.95001220703125,249.0,250.14999389648438,246.9353790283203,94434
2017-02-13,TRENT.NS,Trent Ltd,Growth / Compounder,252.14999389648438,259.79998779296875,249.14999389648438,251.85000610351562,248.61355590820312,177836
2017-02-14,TRENT.NS,Trent Ltd,Growth / Compounder,249.5500030517578,255.5,248.5500030517578,250.1999969482422,246.9847869873047,80196
2017-02-15,TRENT.NS,Trent Ltd,Growth / Compounder,251.4499969482422,251.4499969482422,239.39999389648438,247.8000030517578,244.61558532714844,161789
2017-02-16,TRENT.NS,Trent Ltd,Growth / Compounder,249.0500030517578,253.5,246.10000610351562,247.0,243.82586669921875,173539
2017-02-17,TRENT.NS,Trent Ltd,Growth / Compounder,249.10000610351562,251.0,244.85000610351562,246.10000610351562,242.93746948242188,66358
2017-02-20,TRENT.NS,Trent Ltd,Growth / Compounder,246.0,258.29998779296875,243.5500030517578,253.85000610351562,250.58786010742188,217991
2017-02-21,TRENT.NS,Trent Ltd,Growth / Compounder,253.10000610351562,257.0,248.25,249.85000610351562,246.6392364501953,114659
2017-02-22,TRENT.NS,Trent Ltd,Growth / Compounder,251.5500030517578,255.4499969482422,247.8000030517578,248.85000610351562,245.65211486816406,159080
2017-02-23,TRENT.NS,Trent Ltd,Growth / Compounder,249.0,251.14999389648438,246.0,246.64999389648438,243.48037719726562,227469
2017-02-27,TRENT.NS,Trent Ltd,Growth / Compounder,250.9499969482422,251.75,246.0,246.64999389648438,243.48037719726562,197857
2017-02-28,TRENT.NS,Trent Ltd,Growth / Compounder,247.0500030517578,253.4499969482422,243.0,244.60000610351562,241.45672607421875,260866
2017-03-01,TRENT.NS,Trent Ltd,Growth / Compounder,246.6999969482422,247.39999389648438,245.0,246.10000610351562,242.93746948242188,174702
2017-03-02,TRENT.NS,Trent Ltd,Growth / Compounder,246.89999389648438,247.0,237.10000610351562,238.14999389648438,235.08963012695312,88744
2017-03-03,TRENT.NS,Trent Ltd,Growth / Compounder,238.0500030517578,245.5,237.0,241.75,238.6433563232422,99345
2017-03-06,TRENT.NS,Trent Ltd,Growth / Compounder,242.10000610351562,245.0,239.0500030517578,242.1999969482422,239.08758544921875,108241
2017-03-07,TRENT.NS,Trent Ltd,Growth / Compounder,243.89999389648438,250.64999389648438,238.8000030517578,246.89999389648438,243.7271728515625,116886
2017-03-08,TRENT.NS,Trent Ltd,Growth / Compounder,249.4499969482422,255.1999969482422,241.0,242.39999389648438,239.2849884033203,446255
2017-03-09,TRENT.NS,Trent Ltd,Growth / Compounder,242.0,244.6999969482422,239.89999389648438,240.9499969482422,237.8536376953125,86704
2017-03-10,TRENT.NS,Trent Ltd,Growth / Compounder,243.89999389648438,244.8000030517578,238.60000610351562,239.6999969482422,236.6197052001953,135554
2017-03-14,TRENT.NS,Trent Ltd,Growth / Compounder,245.0,245.0,241.0,243.10000610351562,239.97601318359375,68601
2017-03-15,TRENT.NS,Trent Ltd,Growth / Compounder,244.9499969482422,245.10000610351562,240.3000030517578,241.3000030517578,238.19915771484375,63108
2017-03-16,TRENT.NS,Trent Ltd,Growth / Compounder,241.60000610351562,245.0,241.60000610351562,243.4499969482422,240.32150268554688,107637
2017-03-17,TRENT.NS,Trent Ltd,Growth / Compounder,244.5,251.0,242.0,248.3000030517578,245.10919189453125,328003
2017-03-20,TRENT.NS,Trent Ltd,Growth / Compounder,251.25,254.3000030517578,245.1999969482422,251.9499969482422,248.7122344970703,9647437
2017-03-21,TRENT.NS,Trent Ltd,Growth / Compounder,255.10000610351562,256.6000061035156,242.4499969482422,247.60000610351562,244.4181671142578,463972
2017-03-22,TRENT.NS,Trent Ltd,Growth / Compounder,245.0,247.5,240.5,244.25,241.11123657226562,150366
2017-03-23,TRENT.NS,Trent Ltd,Growth / Compounder,241.0,245.9499969482422,241.0,242.89999389648438,239.77857971191406,122455
2017-03-24,TRENT.NS,Trent Ltd,Growth / Compounder,244.89999389648438,247.0,240.0,241.10000610351562,238.00169372558594,100888
2017-03-27,TRENT.NS,Trent Ltd,Growth / Compounder,242.89999389648438,243.0,235.10000610351562,240.25,237.16262817382812,184965
2017-03-28,TRENT.NS,Trent Ltd,Growth / Compounder,241.14999389648438,248.35000610351562,240.25,246.3000030517578,243.1348876953125,142507
2017-03-29,TRENT.NS,Trent Ltd,Growth / Compounder,247.3000030517578,255.0,242.0500030517578,249.0,245.80020141601562,216124
2017-03-30,TRENT.NS,Trent Ltd,Growth / Compounder,248.4499969482422,259.79998779296875,247.0500030517578,256.1499938964844,252.85829162597656,230634
2017-03-31,TRENT.NS,Trent Ltd,Growth / Compounder,258.0,270.0,254.10000610351562,266.70001220703125,263.27276611328125,574760
2017-04-03,TRENT.NS,Trent Ltd,Growth / Compounder,269.5,276.6000061035156,268.04998779296875,271.8999938964844,268.4058532714844,870551
2017-04-05,TRENT.NS,Trent Ltd,Growth / Compounder,271.95001220703125,274.6000061035156,268.3999938964844,271.70001220703125,268.2085266113281,280516
2017-04-06,TRENT.NS,Trent Ltd,Growth / Compounder,271.79998779296875,271.79998779296875,267.0,268.8999938964844,265.4444580078125,159168
2017-04-07,TRENT.NS,Trent Ltd,Growth / Compounder,267.5,272.0,266.0,267.75,264.3092346191406,210311
2017-04-10,TRENT.NS,Trent Ltd,Growth / Compounder,273.95001220703125,273.95001220703125,269.25,271.1000061035156,267.6162414550781,163471
2017-04-11,TRENT.NS,Trent Ltd,Growth / Compounder,271.54998779296875,272.79998779296875,268.0,269.3500061035156,265.8887023925781,118909
2017-04-12,TRENT.NS,Trent Ltd,Growth / Compounder,270.20001220703125,271.5,262.04998779296875,265.3500061035156,261.9400634765625,85980
2017-04-13,TRENT.NS,Trent Ltd,Growth / Compounder,267.04998779296875,274.75,265.29998779296875,269.45001220703125,265.9874267578125,133737
2017-04-17,TRENT.NS,Trent Ltd,Growth / Compounder,268.0,271.95001220703125,263.8999938964844,264.95001220703125,261.54522705078125,134206
2017-04-18,TRENT.NS,Trent Ltd,Growth / Compounder,266.5,269.8999938964844,261.5,262.95001220703125,259.5709228515625,57014
2017-04-19,TRENT.NS,Trent Ltd,Growth / Compounder,264.0,265.95001220703125,260.54998779296875,263.6499938964844,260.2619323730469,39025
2017-04-20,TRENT.NS,Trent Ltd,Growth / Compounder,265.95001220703125,266.95001220703125,261.04998779296875,261.8500061035156,258.4850769042969,42029
2017-04-21,TRENT.NS,Trent Ltd,Growth / Compounder,263.8999938964844,270.0,262.79998779296875,263.79998779296875,260.4100036621094,50251
2017-04-24,TRENT.NS,Trent Ltd,Growth / Compounder,263.0,267.1499938964844,258.20001220703125,259.6000061035156,256.2640686035156,76710
2017-04-25,TRENT.NS,Trent Ltd,Growth / Compounder,261.0,262.95001220703125,257.0,257.79998779296875,254.48712158203125,72162
2017-04-26,TRENT.NS,Trent Ltd,Growth / Compounder,258.04998779296875,259.79998779296875,254.10000610351562,257.25,253.94415283203125,63312
2017-04-27,TRENT.NS,Trent Ltd,Growth / Compounder,258.0,260.04998779296875,253.60000610351562,254.4499969482422,251.18014526367188,67173
2017-04-28,TRENT.NS,Trent Ltd,Growth / Compounder,255.5500030517578,256.5,248.0,251.39999389648438,248.16934204101562,63220
2017-05-02,TRENT.NS,Trent Ltd,Growth / Compounder,251.39999389648438,255.0,248.5,249.75,246.54055786132812,60304
2017-05-03,TRENT.NS,Trent Ltd,Growth / Compounder,252.0,256.0,248.4499969482422,251.64999389648438,248.41612243652344,84176
2017-05-04,TRENT.NS,Trent Ltd,Growth / Compounder,251.6999969482422,258.79998779296875,251.25,253.9499969482422,250.68658447265625,51975
2017-05-05,TRENT.NS,Trent Ltd,Growth / Compounder,255.85000610351562,258.8500061035156,249.60000610351562,257.5,254.19094848632812,70586
2017-05-08,TRENT.NS,Trent Ltd,Growth / Compounder,254.0,259.95001220703125,251.89999389648438,255.5500030517578,252.2660369873047,60632
2017-05-09,TRENT.NS,Trent Ltd,Growth / Compounder,255.14999389648438,257.45001220703125,252.0500030517578,255.1999969482422,251.92050170898438,98757
2017-05-10,TRENT.NS,Trent Ltd,Growth / Compounder,258.0,258.0,252.60000610351562,254.14999389648438,250.88401794433594,40115
2017-05-11,TRENT.NS,Trent Ltd,Growth / Compounder,256.3999938964844,259.6000061035156,253.5500030517578,257.1000061035156,253.79608154296875,85964
2017-05-12,TRENT.NS,Trent Ltd,Growth / Compounder,258.0,258.0,253.0,253.75,250.48916625976562,51161
2017-05-15,TRENT.NS,Trent Ltd,Growth / Compounder,253.75,254.39999389648438,250.0,252.8000030517578,249.55136108398438,61268
2017-05-16,TRENT.NS,Trent Ltd,Growth / Compounder,254.4499969482422,257.0,248.60000610351562,250.89999389648438,247.67576599121094,65199
2017-05-17,TRENT.NS,Trent Ltd,Growth / Compounder,251.5500030517578,252.89999389648438,250.0,250.5,247.28091430664062,26134
2017-05-18,TRENT.NS,Trent Ltd,Growth / Compounder,250.0500030517578,251.0,246.60000610351562,247.60000610351562,244.4181671142578,31510
2017-05-19,TRENT.NS,Trent Ltd,Growth / Compounder,248.0,250.85000610351562,240.5,243.89999389648438,240.76573181152344,57316
2017-05-22,TRENT.NS,Trent Ltd,Growth / Compounder,247.0,248.0,240.5,247.89999389648438,244.7143096923828,107707
2017-05-23,TRENT.NS,Trent Ltd,Growth / Compounder,248.5,248.5,238.89999389648438,245.5,242.3451690673828,94307
2017-05-24,TRENT.NS,Trent Ltd,Growth / Compounder,245.0500030517578,246.6999969482422,238.0,239.35000610351562,236.27418518066406,30389
2017-05-25,TRENT.NS,Trent Ltd,Growth / Compounder,241.0,246.0,238.60000610351562,243.0,239.8773193359375,49089
2017-05-26,TRENT.NS,Trent Ltd,Growth / Compounder,243.9499969482422,248.5,240.64999389648438,247.25,244.0726776123047,137339
2017-05-29,TRENT.NS,Trent Ltd,Growth / Compounder,245.0,248.60000610351562,236.10000610351562,247.64999389648438,244.46754455566406,171811
2017-05-30,TRENT.NS,Trent Ltd,Growth / Compounder,245.0,248.0,242.5500030517578,243.75,240.61764526367188,26643
2017-05-31,TRENT.NS,Trent Ltd,Growth / Compounder,245.0,249.0,239.25,244.14999389648438,241.01248168945312,116215
2017-06-01,TRENT.NS,Trent Ltd,Growth / Compounder,245.0,248.39999389648438,243.3000030517578,244.1999969482422,241.06187438964844,48075
2017-06-02,TRENT.NS,Trent Ltd,Growth / Compounder,246.6999969482422,252.0,243.75,247.89999389648438,244.7143096923828,163066
2017-06-05,TRENT.NS,Trent Ltd,Growth / Compounder,250.10000610351562,256.70001220703125,248.0,251.85000610351562,248.61355590820312,354488
2017-06-06,TRENT.NS,Trent Ltd,Growth / Compounder,253.0,255.0,249.0,249.75,246.54055786132812,79753
2017-06-07,TRENT.NS,Trent Ltd,Growth / Compounder,252.39999389648438,253.1999969482422,249.3000030517578,251.5,248.26805114746094,65418
2017-06-08,TRENT.NS,Trent Ltd,Growth / Compounder,252.75,252.75,247.0500030517578,248.10000610351562,244.91177368164062,56407
2017-06-09,TRENT.NS,Trent Ltd,Growth / Compounder,250.5,252.0,247.35000610351562,249.75,246.54055786132812,51841
2017-06-12,TRENT.NS,Trent Ltd,Growth / Compounder,251.0,255.0,248.5,254.1999969482422,250.93336486816406,82996
2017-06-13,TRENT.NS,Trent Ltd,Growth / Compounder,253.8000030517578,257.0,251.0,255.39999389648438,252.11793518066406,68417
2017-06-14,TRENT.NS,Trent Ltd,Growth / Compounder,253.6999969482422,255.35000610351562,251.60000610351562,253.8000030517578,250.5385284423828,61829
2017-06-15,TRENT.NS,Trent Ltd,Growth / Compounder,253.9499969482422,255.0,249.10000610351562,250.39999389648438,247.1822052001953,226733
2017-06-16,TRENT.NS,Trent Ltd,Growth / Compounder,250.85000610351562,253.0,245.60000610351562,247.64999389648438,244.46754455566406,60932
2017-06-19,TRENT.NS,Trent Ltd,Growth / Compounder,249.4499969482422,250.1999969482422,244.0,246.10000610351562,242.93746948242188,62555
2017-06-20,TRENT.NS,Trent Ltd,Growth / Compounder,247.0,249.8000030517578,244.9499969482422,246.75,243.5791015625,82781
2017-06-21,TRENT.NS,Trent Ltd,Growth / Compounder,247.0,248.60000610351562,242.5,243.3000030517578,240.17343139648438,57667
2017-06-22,TRENT.NS,Trent Ltd,Growth / Compounder,245.0500030517578,246.4499969482422,242.75,244.4499969482422,241.30865478515625,50057
2017-06-23,TRENT.NS,Trent Ltd,Growth / Compounder,243.0,244.9499969482422,241.0,242.14999389648438,239.0382080078125,34439
2017-06-27,TRENT.NS,Trent Ltd,Growth / Compounder,243.0,243.0,234.0,235.89999389648438,232.8685302734375,64249
2017-06-28,TRENT.NS,Trent Ltd,Growth / Compounder,234.0,237.64999389648438,233.9499969482422,234.89999389648438,231.88137817382812,247588
2017-06-29,TRENT.NS,Trent Ltd,Growth / Compounder,235.0,242.39999389648438,233.0500030517578,236.85000610351562,233.8063507080078,240403
2017-06-30,TRENT.NS,Trent Ltd,Growth / Compounder,235.0,238.9499969482422,227.39999389648438,237.0,233.9544219970703,166912
2017-07-03,TRENT.NS,Trent Ltd,Growth / Compounder,241.0,241.0,235.14999389648438,240.0,236.91583251953125,192041
2017-07-04,TRENT.NS,Trent Ltd,Growth / Compounder,240.5,241.6999969482422,236.0,236.75,233.70762634277344,69312
2017-07-05,TRENT.NS,Trent Ltd,Growth / Compounder,238.9499969482422,238.9499969482422,236.0,236.75,233.70762634277344,102863
2017-07-06,TRENT.NS,Trent Ltd,Growth / Compounder,237.8000030517578,245.5,236.0500030517578,244.8000030517578,241.6541748046875,1974942
2017-07-07,TRENT.NS,Trent Ltd,Growth / Compounder,245.5,265.75,245.5,248.39999389648438,245.2078857421875,618680
2017-07-10,TRENT.NS,Trent Ltd,Growth / Compounder,250.9499969482422,252.8000030517578,245.9499969482422,247.25,244.0726776123047,23095
2017-07-11,TRENT.NS,Trent Ltd,Growth / Compounder,248.0,248.9499969482422,242.0,242.85000610351562,239.72918701171875,153694
2017-07-12,TRENT.NS,Trent Ltd,Growth / Compounder,243.0500030517578,245.6999969482422,242.3000030517578,244.0500030517578,240.91380310058594,92987
2017-07-13,TRENT.NS,Trent Ltd,Growth / Compounder,247.0,254.0,245.10000610351562,248.6999969482422,245.5040283203125,150479
2017-07-14,TRENT.NS,Trent Ltd,Growth / Compounder,249.5,271.8999938964844,243.3000030517578,262.20001220703125,258.83062744140625,356692
2017-07-17,TRENT.NS,Trent Ltd,Growth / Compounder,262.0,262.0,251.39999389648438,259.5,256.1651916503906,192806
2017-07-18,TRENT.NS,Trent Ltd,Growth / Compounder,259.0,263.8999938964844,252.64999389648438,253.64999389648438,250.3904266357422,122100
2017-07-19,TRENT.NS,Trent Ltd,Growth / Compounder,255.85000610351562,258.29998779296875,252.0,255.4499969482422,252.83181762695312,73322
2017-07-20,TRENT.NS,Trent Ltd,Growth / Compounder,257.5,263.95001220703125,255.10000610351562,260.3999938964844,257.7310791015625,143729
2017-07-21,TRENT.NS,Trent Ltd,Growth / Compounder,257.6499938964844,263.95001220703125,253.10000610351562,258.54998779296875,255.90000915527344,145878
2017-07-24,TRENT.NS,Trent Ltd,Growth / Compounder,259.8999938964844,263.0,255.0500030517578,261.29998779296875,258.62188720703125,141158
2017-07-25,TRENT.NS,Trent Ltd,Growth / Compounder,261.0,262.0,256.1499938964844,260.3999938964844,257.7310791015625,60181
2017-07-26,TRENT.NS,Trent Ltd,Growth / Compounder,261.0,261.3500061035156,254.0,255.35000610351562,252.73284912109375,79045
2017-07-27,TRENT.NS,Trent Ltd,Growth / Compounder,257.29998779296875,260.95001220703125,255.25,259.95001220703125,257.2857360839844,204064
2017-07-28,TRENT.NS,Trent Ltd,Growth / Compounder,259.0,260.95001220703125,251.35000610351562,259.25,256.5928039550781,164607
2017-07-31,TRENT.NS,Trent Ltd,Growth / Compounder,260.79998779296875,269.6000061035156,256.5,267.79998779296875,265.0552062988281,252007
2017-08-01,TRENT.NS,Trent Ltd,Growth / Compounder,283.0,300.0,270.20001220703125,272.70001220703125,269.905029296875,1563316
2017-08-02,TRENT.NS,Trent Ltd,Growth / Compounder,273.79998779296875,280.0,262.6000061035156,276.1000061035156,273.2701416015625,351212
2017-08-03,TRENT.NS,Trent Ltd,Growth / Compounder,276.0,282.0,271.20001220703125,277.95001220703125,275.1012268066406,388054
2017-08-04,TRENT.NS,Trent Ltd,Growth / Compounder,279.95001220703125,284.0,273.5,279.25,276.3878479003906,212545
2017-08-07,TRENT.NS,Trent Ltd,Growth / Compounder,283.0,284.0,278.8500061035156,281.75,278.86224365234375,169070
2017-08-08,TRENT.NS,Trent Ltd,Growth / Compounder,283.6499938964844,283.6499938964844,275.25,277.20001220703125,274.35894775390625,109298
2017-08-09,TRENT.NS,Trent Ltd,Growth / Compounder,279.0,279.0,273.04998779296875,274.1499938964844,271.34014892578125,255323
2017-08-10,TRENT.NS,Trent Ltd,Growth / Compounder,276.0,276.0,262.25,267.29998779296875,264.5603332519531,159580
2017-08-11,TRENT.NS,Trent Ltd,Growth / Compounder,260.0,270.0,259.8999938964844,266.29998779296875,263.570556640625,49249
2017-08-14,TRENT.NS,Trent Ltd,Growth / Compounder,263.0,281.45001220703125,263.0,276.8500061035156,274.012451171875,117984
2017-08-16,TRENT.NS,Trent Ltd,Growth / Compounder,280.0,280.0,270.5,272.29998779296875,269.5090637207031,105715
2017-08-17,TRENT.NS,Trent Ltd,Growth / Compounder,278.0,281.0,270.0,271.8999938964844,269.1131591796875,105356
2017-08-18,TRENT.NS,Trent Ltd,Growth / Compounder,272.95001220703125,272.95001220703125,264.0,266.3999938964844,263.6695861816406,73577
2017-08-21,TRENT.NS,Trent Ltd,Growth / Compounder,268.8999938964844,272.5,267.0,269.6499938964844,266.8862609863281,48988
2017-08-22,TRENT.NS,Trent Ltd,Growth / Compounder,267.0,290.0,267.0,280.1000061035156,277.2291564941406,1217640
2017-08-23,TRENT.NS,Trent Ltd,Growth / Compounder,282.0,297.8500061035156,282.0,286.75,283.8110046386719,550499
2017-08-24,TRENT.NS,Trent Ltd,Growth / Compounder,287.29998779296875,297.0,283.25,290.3999938964844,287.4236145019531,701936
2017-08-28,TRENT.NS,Trent Ltd,Growth / Compounder,296.0,305.54998779296875,290.5,297.95001220703125,294.8962097167969,491177
2017-08-29,TRENT.NS,Trent Ltd,Growth / Compounder,294.0,301.0,294.0,296.1499938964844,293.1146545410156,154107
2017-08-30,TRENT.NS,Trent Ltd,Growth / Compounder,297.20001220703125,303.0,297.04998779296875,299.75,296.67779541015625,125246
2017-08-31,TRENT.NS,Trent Ltd,Growth / Compounder,300.0,303.8500061035156,295.20001220703125,297.8999938964844,294.84674072265625,126078
2017-09-01,TRENT.NS,Trent Ltd,Growth / Compounder,299.5,300.0,292.95001220703125,294.75,291.72900390625,129090
2017-09-04,TRENT.NS,Trent Ltd,Growth / Compounder,294.0,294.0,285.1000061035156,287.79998779296875,284.8502502441406,53368
2017-09-05,TRENT.NS,Trent Ltd,Growth / Compounder,290.6000061035156,300.75,285.45001220703125,299.1000061035156,296.0343933105469,119344
2017-09-06,TRENT.NS,Trent Ltd,Growth / Compounder,302.0,310.79998779296875,290.0,290.3500061035156,287.3741149902344,433973
2017-09-07,TRENT.NS,Trent Ltd,Growth / Compounder,292.54998779296875,301.5,289.0,290.04998779296875,287.0771789550781,173251
2017-09-08,TRENT.NS,Trent Ltd,Growth / Compounder,291.0,295.0,289.0,290.25,287.2751159667969,1046815
2017-09-11,TRENT.NS,Trent Ltd,Growth / Compounder,292.45001220703125,297.6499938964844,290.45001220703125,293.95001220703125,290.9372253417969,95430
2017-09-12,TRENT.NS,Trent Ltd,Growth / Compounder,295.0,304.8999938964844,292.0,300.8500061035156,297.76654052734375,209018
2017-09-13,TRENT.NS,Trent Ltd,Growth / Compounder,300.0,303.70001220703125,291.0,292.70001220703125,289.7000427246094,140698
2017-09-14,TRENT.NS,Trent Ltd,Growth / Compounder,293.0,298.0,291.6000061035156,294.45001220703125,291.43212890625,65252
2017-09-15,TRENT.NS,Trent Ltd,Growth / Compounder,294.8999938964844,295.0,289.0,290.0,287.0276794433594,78309
2017-09-18,TRENT.NS,Trent Ltd,Growth / Compounder,290.5,294.75,290.0,290.6499938964844,287.67108154296875,50214
2017-09-19,TRENT.NS,Trent Ltd,Growth / Compounder,293.0,326.0,291.1000061035156,311.0,307.81243896484375,1181982
2017-09-20,TRENT.NS,Trent Ltd,Growth / Compounder,313.8999938964844,313.95001220703125,296.5,300.0,296.9252014160156,228595
2017-09-21,TRENT.NS,Trent Ltd,Growth / Compounder,300.6000061035156,315.8999938964844,295.0,303.70001220703125,300.5872802734375,337378
2017-09-22,TRENT.NS,Trent Ltd,Growth / Compounder,304.70001220703125,307.95001220703125,295.20001220703125,297.25,294.2033386230469,153512
2017-09-25,TRENT.NS,Trent Ltd,Growth / Compounder,299.5,304.8999938964844,281.29998779296875,285.1499938964844,282.2273254394531,251693
2017-09-26,TRENT.NS,Trent Ltd,Growth / Compounder,285.0,303.0,283.29998779296875,292.25,289.2546081542969,354903
2017-09-27,TRENT.NS,Trent Ltd,Growth / Compounder,294.79998779296875,295.54998779296875,288.0,290.0,287.0276794433594,189511
2017-09-28,TRENT.NS,Trent Ltd,Growth / Compounder,291.79998779296875,294.8500061035156,289.0,291.1000061035156,288.11639404296875,79741
2017-09-29,TRENT.NS,Trent Ltd,Growth / Compounder,291.54998779296875,302.54998779296875,291.1000061035156,295.6000061035156,292.5702819824219,173543
2017-10-03,TRENT.NS,Trent Ltd,Growth / Compounder,297.0,299.29998779296875,290.0,295.45001220703125,292.42181396484375,62222
2017-10-04,TRENT.NS,Trent Ltd,Growth / Compounder,297.54998779296875,298.70001220703125,292.8999938964844,295.3999938964844,292.3723449707031,59152
2017-10-05,TRENT.NS,Trent Ltd,Growth / Compounder,295.3999938964844,302.95001220703125,293.6000061035156,296.70001220703125,293.6590576171875,67117
2017-10-06,TRENT.NS,Trent Ltd,Growth / Compounder,297.0,320.95001220703125,297.0,313.3500061035156,310.13836669921875,570736
2017-10-09,TRENT.NS,Trent Ltd,Growth / Compounder,314.3999938964844,314.45001220703125,306.54998779296875,311.20001220703125,308.0104064941406,113908
2017-10-10,TRENT.NS,Trent Ltd,Growth / Compounder,313.0,325.0,308.75,311.79998779296875,308.6042785644531,317218
2017-10-11,TRENT.NS,Trent Ltd,Growth / Compounder,311.79998779296875,320.5,301.0,304.20001220703125,301.0821533203125,172260
2017-10-12,TRENT.NS,Trent Ltd,Growth / Compounder,306.5,310.5,304.29998779296875,308.6499938964844,305.4865417480469,59360
2017-10-13,TRENT.NS,Trent Ltd,Growth / Compounder,310.0,319.0,307.25,315.29998779296875,312.068359375,160434
2017-10-16,TRENT.NS,Trent Ltd,Growth / Compounder,316.0,325.1000061035156,311.0,323.3999938964844,320.0853271484375,833367
2017-10-17,TRENT.NS,Trent Ltd,Growth / Compounder,323.79998779296875,328.95001220703125,312.25,314.0,310.78173828125,311186
2017-10-18,TRENT.NS,Trent Ltd,Growth / Compounder,316.0,321.04998779296875,313.1499938964844,316.04998779296875,312.81072998046875,264262
2017-10-19,TRENT.NS,Trent Ltd,Growth / Compounder,317.3999938964844,319.6499938964844,314.0,315.75,312.5137939453125,35927
2017-10-23,TRENT.NS,Trent Ltd,Growth / Compounder,312.0,319.3999938964844,311.04998779296875,312.6000061035156,309.3960876464844,73883
2017-10-24,TRENT.NS,Trent Ltd,Growth / Compounder,313.0,318.5,311.6499938964844,312.70001220703125,309.49505615234375,56953
2017-10-25,TRENT.NS,Trent Ltd,Growth / Compounder,315.5,317.25,299.3999938964844,305.70001220703125,302.5668029785156,174939
2017-10-26,TRENT.NS,Trent Ltd,Growth / Compounder,304.1000061035156,306.29998779296875,295.5,297.1000061035156,294.054931640625,138381
2017-10-27,TRENT.NS,Trent Ltd,Growth / Compounder,296.6000061035156,300.0,291.1000061035156,292.54998779296875,289.55157470703125,147786
2017-10-30,TRENT.NS,Trent Ltd,Growth / Compounder,296.95001220703125,302.8999938964844,293.0,300.1499938964844,297.0736999511719,148193
2017-10-31,TRENT.NS,Trent Ltd,Growth / Compounder,305.0,305.8999938964844,294.20001220703125,295.6499938964844,292.6197814941406,104984
2017-11-01,TRENT.NS,Trent Ltd,Growth / Compounder,295.75,303.29998779296875,295.75,298.04998779296875,294.99517822265625,151346
2017-11-02,TRENT.NS,Trent Ltd,Growth / Compounder,298.5,302.1499938964844,295.54998779296875,297.3500061035156,294.3023986816406,125734
2017-11-03,TRENT.NS,Trent Ltd,Growth / Compounder,299.5,303.5,297.5,298.75,295.6880187988281,67762
2017-11-06,TRENT.NS,Trent Ltd,Growth / Compounder,300.0,302.0,297.3500061035156,299.29998779296875,296.232421875,59243
2017-11-07,TRENT.NS,Trent Ltd,Growth / Compounder,298.5,301.70001220703125,292.54998779296875,294.70001220703125,291.6795349121094,47687
2017-11-08,TRENT.NS,Trent Ltd,Growth / Compounder,297.45001220703125,312.70001220703125,291.5,309.04998779296875,305.8824157714844,319406
2017-11-09,TRENT.NS,Trent Ltd,Growth / Compounder,310.0,312.0,299.95001220703125,309.95001220703125,306.7732238769531,156421
2017-11-10,TRENT.NS,Trent Ltd,Growth / Compounder,316.0,325.0,309.0,311.45001220703125,308.25787353515625,479545
2017-11-13,TRENT.NS,Trent Ltd,Growth / Compounder,312.0,313.8999938964844,303.0,305.1499938964844,302.02239990234375,78743
2017-11-14,TRENT.NS,Trent Ltd,Growth / Compounder,303.04998779296875,308.8500061035156,303.04998779296875,305.8999938964844,302.7646789550781,52905
2017-11-15,TRENT.NS,Trent Ltd,Growth / Compounder,309.0,309.0,302.0,305.1499938964844,302.02239990234375,72247
2017-11-16,TRENT.NS,Trent Ltd,Growth / Compounder,305.25,318.0,303.95001220703125,315.6000061035156,312.3653259277344,109507
2017-11-17,TRENT.NS,Trent Ltd,Growth / Compounder,318.0,321.70001220703125,311.3500061035156,318.6499938964844,315.3840637207031,86902
2017-11-20,TRENT.NS,Trent Ltd,Growth / Compounder,321.0,321.0,312.5,313.70001220703125,310.48480224609375,46908
2017-11-21,TRENT.NS,Trent Ltd,Growth / Compounder,318.0,343.0,314.1000061035156,336.25,332.8036193847656,651357
2017-11-22,TRENT.NS,Trent Ltd,Growth / Compounder,339.5,349.20001220703125,330.95001220703125,340.1000061035156,336.61419677734375,504989
2017-11-23,TRENT.NS,Trent Ltd,Growth / Compounder,339.8999938964844,350.0,336.0,345.25,341.71142578125,392890
2017-11-24,TRENT.NS,Trent Ltd,Growth / Compounder,348.5,353.0,340.04998779296875,343.1499938964844,339.6329345703125,169599
2017-11-27,TRENT.NS,Trent Ltd,Growth / Compounder,345.0,355.0,338.0,350.79998779296875,347.2044982910156,420239
2017-11-28,TRENT.NS,Trent Ltd,Growth / Compounder,353.79998779296875,361.0,348.1000061035156,351.25,347.6499328613281,300173
2017-11-29,TRENT.NS,Trent Ltd,Growth / Compounder,353.0,359.5,335.20001220703125,338.8500061035156,335.3769836425781,289780
2017-11-30,TRENT.NS,Trent Ltd,Growth / Compounder,336.0,348.0,332.6000061035156,342.45001220703125,338.94012451171875,123188
2017-12-01,TRENT.NS,Trent Ltd,Growth / Compounder,345.79998779296875,345.8500061035156,324.54998779296875,328.3500061035156,324.984619140625,74288
2017-12-04,TRENT.NS,Trent Ltd,Growth / Compounder,333.8500061035156,333.8500061035156,324.95001220703125,327.3500061035156,323.9949035644531,50064
2017-12-05,TRENT.NS,Trent Ltd,Growth / Compounder,327.0,337.75,318.3500061035156,333.8500061035156,330.4283142089844,121145
2017-12-06,TRENT.NS,Trent Ltd,Growth / Compounder,334.0,341.8999938964844,330.5,334.25,330.82421875,85667
2017-12-07,TRENT.NS,Trent Ltd,Growth / Compounder,334.8999938964844,342.0,325.1499938964844,337.54998779296875,334.09033203125,126731
2017-12-08,TRENT.NS,Trent Ltd,Growth / Compounder,340.0,345.0,334.0,335.6000061035156,332.1603698730469,101185
2017-12-11,TRENT.NS,Trent Ltd,Growth / Compounder,337.8999938964844,340.8999938964844,330.0,331.04998779296875,327.6569519042969,70043
2017-12-12,TRENT.NS,Trent Ltd,Growth / Compounder,329.04998779296875,334.0,326.0,327.6499938964844,324.2917785644531,66675
2017-12-13,TRENT.NS,Trent Ltd,Growth / Compounder,325.1000061035156,334.3999938964844,324.8999938964844,327.0,323.64849853515625,78230
2017-12-14,TRENT.NS,Trent Ltd,Growth / Compounder,325.1499938964844,330.0,325.0,326.8999938964844,323.54949951171875,45083
2017-12-15,TRENT.NS,Trent Ltd,Growth / Compounder,331.0,332.6499938964844,327.0,329.75,326.3703308105469,62757
2017-12-18,TRENT.NS,Trent Ltd,Growth / Compounder,326.04998779296875,331.45001220703125,320.1000061035156,326.3999938964844,323.0545959472656,65211
2017-12-19,TRENT.NS,Trent Ltd,Growth / Compounder,328.0,330.1000061035156,325.70001220703125,326.3500061035156,323.005126953125,292054
2017-12-20,TRENT.NS,Trent Ltd,Growth / Compounder,329.0,333.20001220703125,326.0,326.54998779296875,323.20306396484375,124237
2017-12-21,TRENT.NS,Trent Ltd,Growth / Compounder,328.0,330.95001220703125,326.0,329.79998779296875,326.41973876953125,373096
2017-12-22,TRENT.NS,Trent Ltd,Growth / Compounder,331.0,336.0,329.0,332.75,329.3395080566406,508062
2017-12-26,TRENT.NS,Trent Ltd,Growth / Compounder,335.0,335.0,328.0,329.29998779296875,325.92486572265625,80107
2017-12-27,TRENT.NS,Trent Ltd,Growth / Compounder,332.0,332.5,325.25,328.5,325.13311767578125,85401
2017-12-28,TRENT.NS,Trent Ltd,Growth / Compounder,326.0,332.0,326.0,329.1499938964844,325.7763977050781,83899
2017-12-29,TRENT.NS,Trent Ltd,Growth / Compounder,326.6000061035156,339.0,326.6000061035156,337.1499938964844,333.6944274902344,323073
2018-01-01,TRENT.NS,Trent Ltd,Growth / Compounder,340.0,342.95001220703125,330.0,331.5,328.10235595703125,72655
2018-01-02,TRENT.NS,Trent Ltd,Growth / Compounder,334.75,336.79998779296875,324.04998779296875,327.1000061035156,323.74749755859375,97284
2018-01-03,TRENT.NS,Trent Ltd,Growth / Compounder,334.70001220703125,334.70001220703125,327.1499938964844,328.5,325.13311767578125,64624
2018-01-04,TRENT.NS,Trent Ltd,Growth / Compounder,329.0,334.79998779296875,328.0,332.3999938964844,328.99310302734375,70436
2018-01-05,TRENT.NS,Trent Ltd,Growth / Compounder,332.20001220703125,352.79998779296875,332.04998779296875,350.25,346.6601867675781,890540
2018-01-08,TRENT.NS,Trent Ltd,Growth / Compounder,353.79998779296875,354.3999938964844,342.3500061035156,344.20001220703125,340.67218017578125,145863
2018-01-09,TRENT.NS,Trent Ltd,Growth / Compounder,345.0,345.95001220703125,336.6000061035156,339.8999938964844,336.416259765625,90794
2018-01-10,TRENT.NS,Trent Ltd,Growth / Compounder,341.8999938964844,353.0,339.25,346.1000061035156,342.552734375,507594
2018-01-11,TRENT.NS,Trent Ltd,Growth / Compounder,346.0,350.95001220703125,344.1499938964844,349.1499938964844,345.5714416503906,142530
2018-01-12,TRENT.NS,Trent Ltd,Growth / Compounder,349.95001220703125,354.0,346.04998779296875,349.3500061035156,345.7694396972656,388733
2018-01-15,TRENT.NS,Trent Ltd,Growth / Compounder,349.0,352.0,347.25,348.8500061035156,345.2745361328125,62360
2018-01-16,TRENT.NS,Trent Ltd,Growth / Compounder,348.04998779296875,349.6000061035156,340.0,340.79998779296875,337.3070373535156,111552
2018-01-17,TRENT.NS,Trent Ltd,Growth / Compounder,339.0,341.75,335.0,337.1000061035156,333.6449890136719,457739
2018-01-18,TRENT.NS,Trent Ltd,Growth / Compounder,340.45001220703125,340.75,327.0,331.1499938964844,327.7559509277344,353308
2018-01-19,TRENT.NS,Trent Ltd,Growth / Compounder,333.0,334.0,325.04998779296875,330.95001220703125,327.5579833984375,59497
2018-01-22,TRENT.NS,Trent Ltd,Growth / Compounder,326.1000061035156,330.79998779296875,325.95001220703125,326.70001220703125,323.3515625,45390
2018-01-23,TRENT.NS,Trent Ltd,Growth / Compounder,327.0,331.95001220703125,325.0,326.70001220703125,323.3515625,42940
2018-01-24,TRENT.NS,Trent Ltd,Growth / Compounder,327.6000061035156,328.6499938964844,325.0,326.25,322.9061584472656,41339
2018-01-25,TRENT.NS,Trent Ltd,Growth / Compounder,326.45001220703125,326.8999938964844,322.0,324.25,320.9266662597656,86812
2018-01-29,TRENT.NS,Trent Ltd,Growth / Compounder,328.0,330.0,322.5,324.5,321.174072265625,112448
2018-01-30,TRENT.NS,Trent Ltd,Growth / Compounder,326.0,326.0,313.45001220703125,315.04998779296875,311.8209533691406,85448
2018-01-31,TRENT.NS,Trent Ltd,Growth / Compounder,314.04998779296875,321.95001220703125,310.0,318.04998779296875,314.7901611328125,65564
2018-02-01,TRENT.NS,Trent Ltd,Growth / Compounder,318.5,326.45001220703125,313.3500061035156,315.79998779296875,312.563232421875,103002
2018-02-02,TRENT.NS,Trent Ltd,Growth / Compounder,315.0,317.8999938964844,300.0,314.6000061035156,311.37554931640625,103034
2018-02-05,TRENT.NS,Trent Ltd,Growth / Compounder,282.54998779296875,314.95001220703125,282.0,305.25,302.1213684082031,94633
2018-02-06,TRENT.NS,Trent Ltd,Growth / Compounder,300.75,314.0,290.29998779296875,310.25,307.07012939453125,95296
2018-02-07,TRENT.NS,Trent Ltd,Growth / Compounder,313.3500061035156,315.3500061035156,303.29998779296875,304.8999938964844,301.7749328613281,110474
2018-02-08,TRENT.NS,Trent Ltd,Growth / Compounder,307.79998779296875,317.20001220703125,306.0,315.8500061035156,312.61279296875,69345
2018-02-09,TRENT.NS,Trent Ltd,Growth / Compounder,310.0,324.8999938964844,310.0,316.04998779296875,312.81072998046875,167595
2018-02-12,TRENT.NS,Trent Ltd,Growth / Compounder,317.0,324.45001220703125,317.0,323.1499938964844,319.83795166015625,52954
2018-02-14,TRENT.NS,Trent Ltd,Growth / Compounder,325.0,325.0,315.04998779296875,316.04998779296875,312.81072998046875,31466
2018-02-15,TRENT.NS,Trent Ltd,Growth / Compounder,318.0,320.0,315.8999938964844,318.3500061035156,315.087158203125,34574
2018-02-16,TRENT.NS,Trent Ltd,Growth / Compounder,321.0,324.45001220703125,315.25,319.8999938964844,316.6212463378906,46395
2018-02-19,TRENT.NS,Trent Ltd,Growth / Compounder,320.95001220703125,329.8999938964844,315.0,321.6499938964844,318.35333251953125,163537
2018-02-20,TRENT.NS,Trent Ltd,Growth / Compounder,320.0,322.54998779296875,317.0,318.6499938964844,315.3840637207031,35696
2018-02-21,TRENT.NS,Trent Ltd,Growth / Compounder,320.8500061035156,320.8500061035156,314.0,315.75,312.5137939453125,23353
2018-02-22,TRENT.NS,Trent Ltd,Growth / Compounder,315.1499938964844,320.25,314.0,317.54998779296875,314.2953186035156,37941
2018-02-23,TRENT.NS,Trent Ltd,Growth / Compounder,319.5,319.5,311.6000061035156,313.0,309.7919616699219,272172
2018-02-26,TRENT.NS,Trent Ltd,Growth / Compounder,313.0,315.8500061035156,310.0,310.6499938964844,307.466064453125,47284
2018-02-27,TRENT.NS,Trent Ltd,Growth / Compounder,312.0,316.3500061035156,310.0,314.6000061035156,311.37554931640625,59259
2018-02-28,TRENT.NS,Trent Ltd,Growth / Compounder,313.8500061035156,317.8999938964844,310.8500061035156,316.04998779296875,312.81072998046875,32803
2018-03-01,TRENT.NS,Trent Ltd,Growth / Compounder,316.0,317.45001220703125,314.3999938964844,315.0,311.7714538574219,70314
2018-03-05,TRENT.NS,Trent Ltd,Growth / Compounder,314.79998779296875,318.1000061035156,310.0,316.3999938964844,313.1571044921875,48302
2018-03-06,TRENT.NS,Trent Ltd,Growth / Compounder,317.95001220703125,320.0,313.0,315.3500061035156,312.117919921875,82386
2018-03-07,TRENT.NS,Trent Ltd,Growth / Compounder,312.04998779296875,315.0,310.0,310.25,307.07012939453125,73840
2018-03-08,TRENT.NS,Trent Ltd,Growth / Compounder,313.0,339.70001220703125,310.0,333.04998779296875,329.6364440917969,496117
2018-03-09,TRENT.NS,Trent Ltd,Growth / Compounder,341.0,344.8999938964844,330.04998779296875,332.95001220703125,329.53753662109375,427035
2018-03-12,TRENT.NS,Trent Ltd,Growth / Compounder,332.95001220703125,335.8999938964844,319.0,333.6499938964844,330.23028564453125,112525
2018-03-13,TRENT.NS,Trent Ltd,Growth / Compounder,332.0,356.0,326.6000061035156,349.6499938964844,346.0663146972656,312939
2018-03-14,TRENT.NS,Trent Ltd,Growth / Compounder,347.04998779296875,353.6499938964844,340.29998779296875,345.04998779296875,341.513427734375,80644
2018-03-15,TRENT.NS,Trent Ltd,Growth / Compounder,345.0,352.95001220703125,337.45001220703125,350.3500061035156,346.7591552734375,114291
2018-03-16,TRENT.NS,Trent Ltd,Growth / Compounder,351.75,358.0,341.0,350.8999938964844,347.303466796875,187628
2018-03-19,TRENT.NS,Trent Ltd,Growth / Compounder,350.0,354.0,335.0,347.6499938964844,344.0868225097656,100399
2018-03-20,TRENT.NS,Trent Ltd,Growth / Compounder,345.0,350.0,338.0,346.8500061035156,343.2950134277344,114364
2018-03-21,TRENT.NS,Trent Ltd,Growth / Compounder,347.0,348.0,335.54998779296875,341.6499938964844,338.1482849121094,116102
2018-03-22,TRENT.NS,Trent Ltd,Growth / Compounder,342.0,343.0,334.6000061035156,339.79998779296875,336.3172607421875,118004
2018-03-23,TRENT.NS,Trent Ltd,Growth / Compounder,336.6000061035156,349.0,326.5,341.75,338.247314453125,196088
2018-03-26,TRENT.NS,Trent Ltd,Growth / Compounder,341.95001220703125,354.8999938964844,336.1000061035156,348.6000061035156,345.027099609375,210744
2018-03-27,TRENT.NS,Trent Ltd,Growth / Compounder,349.8999938964844,350.04998779296875,336.70001220703125,344.3999938964844,340.8701171875,237507
2018-03-28,TRENT.NS,Trent Ltd,Growth / Compounder,343.0,348.8999938964844,339.70001220703125,345.04998779296875,341.513427734375,188311
2018-04-02,TRENT.NS,Trent Ltd,Growth / Compounder,345.0,345.95001220703125,342.0,344.0,340.4742126464844,81436
2018-04-03,TRENT.NS,Trent Ltd,Growth / Compounder,342.0,350.45001220703125,342.0,346.29998779296875,342.7506408691406,93050
2018-04-04,TRENT.NS,Trent Ltd,Growth / Compounder,349.0,349.0,341.1499938964844,344.45001220703125,340.9196472167969,101330
2018-04-05,TRENT.NS,Trent Ltd,Growth / Compounder,347.6000061035156,350.79998779296875,345.0,345.95001220703125,342.4042663574219,47892
2018-04-06,TRENT.NS,Trent Ltd,Growth / Compounder,346.8500061035156,376.3999938964844,345.0,367.29998779296875,363.535400390625,512041
2018-04-09,TRENT.NS,Trent Ltd,Growth / Compounder,367.5,370.1000061035156,361.0,367.3999938964844,363.6343688964844,176063
2018-04-10,TRENT.NS,Trent Ltd,Growth / Compounder,369.0,370.1499938964844,350.04998779296875,353.1000061035156,349.4809875488281,170291
2018-04-11,TRENT.NS,Trent Ltd,Growth / Compounder,354.0,356.0,350.0,350.1499938964844,346.56121826171875,73738
2018-04-12,TRENT.NS,Trent Ltd,Growth / Compounder,352.0,352.0,346.1000061035156,350.20001220703125,346.6107177734375,45258
2018-04-13,TRENT.NS,Trent Ltd,Growth / Compounder,348.0,358.70001220703125,348.0,350.45001220703125,346.8581848144531,76654
2018-04-16,TRENT.NS,Trent Ltd,Growth / Compounder,350.45001220703125,355.8999938964844,347.20001220703125,350.1000061035156,346.5116882324219,179682
2018-04-17,TRENT.NS,Trent Ltd,Growth / Compounder,350.1000061035156,355.0,350.1000061035156,353.79998779296875,350.1737976074219,47991
2018-04-18,TRENT.NS,Trent Ltd,Growth / Compounder,354.0,355.95001220703125,339.0,345.6499938964844,342.10736083984375,66311
2018-04-19,TRENT.NS,Trent Ltd,Growth / Compounder,343.3999938964844,345.1000061035156,338.1000061035156,342.3500061035156,338.84112548828125,46343
2018-04-20,TRENT.NS,Trent Ltd,Growth / Compounder,342.0,349.0,340.29998779296875,346.04998779296875,342.5032043457031,44344
2018-04-23,TRENT.NS,Trent Ltd,Growth / Compounder,347.8500061035156,351.95001220703125,341.6000061035156,350.29998779296875,346.7096252441406,60830
2018-04-24,TRENT.NS,Trent Ltd,Growth / Compounder,348.45001220703125,355.20001220703125,348.45001220703125,350.5,346.9076232910156,76941
2018-04-25,TRENT.NS,Trent Ltd,Growth / Compounder,355.0,365.0,350.0,351.1000061035156,347.50152587890625,194486
2018-04-26,TRENT.NS,Trent Ltd,Growth / Compounder,353.5,354.75,350.0,350.29998779296875,346.7096252441406,41479
2018-04-27,TRENT.NS,Trent Ltd,Growth / Compounder,352.8500061035156,352.8500061035156,349.04998779296875,350.8500061035156,347.25408935546875,34064
2018-04-30,TRENT.NS,Trent Ltd,Growth / Compounder,351.8999938964844,353.5,346.3500061035156,351.75,348.1448059082031,36002
2018-05-02,TRENT.NS,Trent Ltd,Growth / Compounder,352.0,359.54998779296875,348.0,350.20001220703125,346.6107177734375,52814
2018-05-03,TRENT.NS,Trent Ltd,Growth / Compounder,351.79998779296875,353.8999938964844,336.20001220703125,341.0,337.5050048828125,54953
2018-05-04,TRENT.NS,Trent Ltd,Growth / Compounder,342.0,342.0,328.0,338.8999938964844,335.4264831542969,174010
2018-05-07,TRENT.NS,Trent Ltd,Growth / Compounder,340.95001220703125,344.75,336.54998779296875,341.70001220703125,338.19781494140625,34641
2018-05-08,TRENT.NS,Trent Ltd,Growth / Compounder,342.95001220703125,344.29998779296875,335.0,337.0,333.5459899902344,25805
2018-05-09,TRENT.NS,Trent Ltd,Growth / Compounder,337.0,339.95001220703125,335.3500061035156,338.25,334.78314208984375,23050
2018-05-10,TRENT.NS,Trent Ltd,Growth / Compounder,339.95001220703125,341.8999938964844,325.8999938964844,333.1000061035156,329.68597412109375,66203
2018-05-11,TRENT.NS,Trent Ltd,Growth / Compounder,336.8500061035156,339.3999938964844,330.0,335.70001220703125,332.25927734375,47839
2018-05-14,TRENT.NS,Trent Ltd,Growth / Compounder,335.04998779296875,339.0,333.25,336.25,332.8036193847656,25096
2018-05-15,TRENT.NS,Trent Ltd,Growth / Compounder,336.0,342.6499938964844,334.1000061035156,337.1499938964844,333.6944274902344,61418
2018-05-16,TRENT.NS,Trent Ltd,Growth / Compounder,339.8500061035156,348.3999938964844,328.45001220703125,341.8999938964844,338.395751953125,136938
2018-05-17,TRENT.NS,Trent Ltd,Growth / Compounder,343.79998779296875,343.79998779296875,334.0,336.5,333.0511169433594,27348
2018-05-18,TRENT.NS,Trent Ltd,Growth / Compounder,336.95001220703125,336.95001220703125,330.54998779296875,332.29998779296875,328.8941650390625,20006
2018-05-21,TRENT.NS,Trent Ltd,Growth / Compounder,335.0,337.5,327.1000061035156,334.04998779296875,330.626220703125,103843
2018-05-22,TRENT.NS,Trent Ltd,Growth / Compounder,335.0,335.0,328.0,329.3500061035156,325.9743957519531,28067
2018-05-23,TRENT.NS,Trent Ltd,Growth / Compounder,330.8999938964844,332.0,326.0,327.04998779296875,323.69793701171875,17358
2018-05-24,TRENT.NS,Trent Ltd,Growth / Compounder,328.0,330.5,325.0,326.79998779296875,323.4505310058594,29797
2018-05-25,TRENT.NS,Trent Ltd,Growth / Compounder,329.95001220703125,335.0,326.04998779296875,331.04998779296875,327.6569519042969,26643
2018-05-28,TRENT.NS,Trent Ltd,Growth / Compounder,334.0,334.0,330.0,333.1000061035156,329.68597412109375,18018
2018-05-29,TRENT.NS,Trent Ltd,Growth / Compounder,333.1000061035156,336.0,330.04998779296875,332.6499938964844,329.2405700683594,19294
2018-05-30,TRENT.NS,Trent Ltd,Growth / Compounder,330.1000061035156,333.1499938964844,327.25,328.8500061035156,325.4795227050781,19010
2018-05-31,TRENT.NS,Trent Ltd,Growth / Compounder,326.20001220703125,333.0,322.20001220703125,329.6499938964844,326.2713317871094,82070
2018-06-01,TRENT.NS,Trent Ltd,Growth / Compounder,331.8999938964844,334.0,327.0,327.8500061035156,324.4897766113281,29039
2018-06-04,TRENT.NS,Trent Ltd,Growth / Compounder,330.0,330.0,320.29998779296875,322.1000061035156,318.7986755371094,89874
2018-06-05,TRENT.NS,Trent Ltd,Growth / Compounder,322.0,332.0,315.0,329.95001220703125,326.5682373046875,75625
2018-06-06,TRENT.NS,Trent Ltd,Growth / Compounder,330.0,331.0,324.5,327.75,324.3908386230469,127241
2018-06-07,TRENT.NS,Trent Ltd,Growth / Compounder,328.79998779296875,328.79998779296875,320.0,321.95001220703125,318.6502380371094,66398
2018-06-08,TRENT.NS,Trent Ltd,Growth / Compounder,320.95001220703125,324.8999938964844,316.6499938964844,318.45001220703125,315.1861267089844,40340
2018-06-11,TRENT.NS,Trent Ltd,Growth / Compounder,321.0,321.0,315.1499938964844,317.8500061035156,314.5922546386719,75943
2018-06-12,TRENT.NS,Trent Ltd,Growth / Compounder,318.0,319.70001220703125,311.0,311.8999938964844,308.7032775878906,163014
2018-06-13,TRENT.NS,Trent Ltd,Growth / Compounder,311.79998779296875,329.0,309.25,325.1000061035156,321.7679138183594,306662
2018-06-14,TRENT.NS,Trent Ltd,Growth / Compounder,327.0,329.8500061035156,317.6499938964844,325.1499938964844,321.8173828125,198472
2018-06-15,TRENT.NS,Trent Ltd,Growth / Compounder,327.0,329.0,322.0,323.8999938964844,320.5802307128906,35335
2018-06-18,TRENT.NS,Trent Ltd,Growth / Compounder,323.79998779296875,324.5,317.5,322.29998779296875,318.99664306640625,583864
2018-06-19,TRENT.NS,Trent Ltd,Growth / Compounder,320.04998779296875,322.8999938964844,315.6000061035156,318.3999938964844,315.1366271972656,350006
2018-06-20,TRENT.NS,Trent Ltd,Growth / Compounder,320.0,322.5,316.04998779296875,317.8500061035156,314.5922546386719,23176
2018-06-21,TRENT.NS,Trent Ltd,Growth / Compounder,317.20001220703125,324.95001220703125,316.0,318.1499938964844,314.88916015625,1452996
2018-06-22,TRENT.NS,Trent Ltd,Growth / Compounder,319.95001220703125,320.8999938964844,316.1499938964844,317.29998779296875,314.0478515625,23431
2018-06-25,TRENT.NS,Trent Ltd,Growth / Compounder,317.29998779296875,322.04998779296875,311.8500061035156,313.25,310.0394592285156,41348
2018-06-26,TRENT.NS,Trent Ltd,Growth / Compounder,313.0,322.0,306.8500061035156,313.45001220703125,310.23736572265625,765455
2018-06-27,TRENT.NS,Trent Ltd,Growth / Compounder,315.0,315.0,308.0,310.54998779296875,307.3670959472656,43613
2018-06-28,TRENT.NS,Trent Ltd,Growth / Compounder,310.1499938964844,310.1499938964844,298.0,300.1499938964844,297.0736999511719,73092
2018-06-29,TRENT.NS,Trent Ltd,Growth / Compounder,300.0,306.0,294.75,302.25,299.1521301269531,59543
2018-07-02,TRENT.NS,Trent Ltd,Growth / Compounder,303.95001220703125,315.0,302.3500061035156,312.75,309.5445251464844,212232
2018-07-03,TRENT.NS,Trent Ltd,Growth / Compounder,313.0,314.70001220703125,308.04998779296875,309.6499938964844,306.4763488769531,66367
2018-07-04,TRENT.NS,Trent Ltd,Growth / Compounder,308.1000061035156,315.3999938964844,305.29998779296875,312.3999938964844,309.1981201171875,92587
2018-07-05,TRENT.NS,Trent Ltd,Growth / Compounder,314.0,314.0,309.0,309.95001220703125,306.7732238769531,38303
2018-07-06,TRENT.NS,Trent Ltd,Growth / Compounder,310.0,314.0,306.1499938964844,310.1000061035156,306.921630859375,53606
2018-07-09,TRENT.NS,Trent Ltd,Growth / Compounder,310.1000061035156,323.0,309.25,320.8500061035156,317.5615234375,102077
2018-07-10,TRENT.NS,Trent Ltd,Growth / Compounder,324.45001220703125,348.79998779296875,323.20001220703125,340.6000061035156,337.10906982421875,376839
2018-07-11,TRENT.NS,Trent Ltd,Growth / Compounder,338.95001220703125,358.79998779296875,332.8999938964844,350.6499938964844,347.0560302734375,368610
2018-07-12,TRENT.NS,Trent Ltd,Growth / Compounder,356.04998779296875,378.0,337.0,341.8999938964844,338.395751953125,1168685
2018-07-13,TRENT.NS,Trent Ltd,Growth / Compounder,344.6499938964844,346.70001220703125,333.04998779296875,339.6499938964844,336.1687927246094,181066
2018-07-16,TRENT.NS,Trent Ltd,Growth / Compounder,345.0,347.29998779296875,330.0,335.3500061035156,331.9128723144531,158565
2018-07-17,TRENT.NS,Trent Ltd,Growth / Compounder,332.04998779296875,340.0,327.0,330.75,327.360107421875,172594
2018-07-18,TRENT.NS,Trent Ltd,Growth / Compounder,331.0,333.20001220703125,321.0,325.3500061035156,322.015380859375,75278
2018-07-19,TRENT.NS,Trent Ltd,Growth / Compounder,328.0,332.75,319.3500061035156,328.70001220703125,325.33111572265625,47797
2018-07-20,TRENT.NS,Trent Ltd,Growth / Compounder,326.1000061035156,334.3500061035156,324.1000061035156,325.6499938964844,322.3122863769531,49153
2018-07-23,TRENT.NS,Trent Ltd,Growth / Compounder,325.04998779296875,328.0,320.70001220703125,327.1499938964844,323.7969665527344,59653
2018-07-24,TRENT.NS,Trent Ltd,Growth / Compounder,329.0,347.0,327.20001220703125,338.0,334.53570556640625,189229
2018-07-25,TRENT.NS,Trent Ltd,Growth / Compounder,338.1000061035156,352.0,338.1000061035156,349.20001220703125,345.6209411621094,153758
2018-07-26,TRENT.NS,Trent Ltd,Growth / Compounder,349.20001220703125,351.79998779296875,341.6499938964844,345.0,341.4640197753906,75902
2018-07-27,TRENT.NS,Trent Ltd,Growth / Compounder,344.0,354.3500061035156,342.8999938964844,351.1000061035156,348.2754211425781,52848
2018-07-30,TRENT.NS,Trent Ltd,Growth / Compounder,348.0,355.0,345.04998779296875,350.25,347.4322509765625,28990
2018-07-31,TRENT.NS,Trent Ltd,Growth / Compounder,351.0,351.0,338.5,348.79998779296875,345.9939270019531,52001
2018-08-01,TRENT.NS,Trent Ltd,Growth / Compounder,355.25,370.0,354.0,365.3500061035156,362.4107971191406,372080
2018-08-02,TRENT.NS,Trent Ltd,Growth / Compounder,357.0,361.95001220703125,352.3500061035156,355.8500061035156,352.9871826171875,208048
2018-08-03,TRENT.NS,Trent Ltd,Growth / Compounder,354.1000061035156,369.0,350.0,352.45001220703125,349.61456298828125,76549
2018-08-06,TRENT.NS,Trent Ltd,Growth / Compounder,352.1000061035156,357.95001220703125,352.1000061035156,356.5,353.6319580078125,51861
2018-08-07,TRENT.NS,Trent Ltd,Growth / Compounder,357.8500061035156,362.1000061035156,353.20001220703125,360.6000061035156,357.6990051269531,71600
2018-08-08,TRENT.NS,Trent Ltd,Growth / Compounder,361.6000061035156,361.6000061035156,354.04998779296875,359.75,356.8558349609375,75728
2018-08-09,TRENT.NS,Trent Ltd,Growth / Compounder,362.0,371.8999938964844,346.45001220703125,365.45001220703125,362.50994873046875,144524
2018-08-10,TRENT.NS,Trent Ltd,Growth / Compounder,368.0,368.0,354.29998779296875,355.5,352.6399841308594,86623
2018-08-13,TRENT.NS,Trent Ltd,Growth / Compounder,354.8999938964844,364.5,351.25,361.79998779296875,358.88934326171875,59700
2018-08-14,TRENT.NS,Trent Ltd,Growth / Compounder,361.8999938964844,367.0,354.20001220703125,358.95001220703125,356.06231689453125,49949
2018-08-16,TRENT.NS,Trent Ltd,Growth / Compounder,360.1000061035156,369.95001220703125,356.04998779296875,368.0,365.0394592285156,68311
2018-08-17,TRENT.NS,Trent Ltd,Growth / Compounder,370.04998779296875,370.45001220703125,359.1000061035156,369.8999938964844,366.9241638183594,89477
2018-08-20,TRENT.NS,Trent Ltd,Growth / Compounder,372.0,372.04998779296875,362.8500061035156,365.0,362.06353759765625,47175
2018-08-21,TRENT.NS,Trent Ltd,Growth / Compounder,364.0,375.0,364.0,372.20001220703125,369.2056884765625,108460
2018-08-23,TRENT.NS,Trent Ltd,Growth / Compounder,373.0,375.0,362.1499938964844,365.95001220703125,363.0059509277344,169385
2018-08-24,TRENT.NS,Trent Ltd,Growth / Compounder,365.0,370.04998779296875,352.1000061035156,369.1499938964844,366.1802062988281,59662
2018-08-27,TRENT.NS,Trent Ltd,Growth / Compounder,370.0,375.0,363.25,373.1499938964844,370.14801025390625,215053
2018-08-28,TRENT.NS,Trent Ltd,Growth / Compounder,369.3999938964844,392.45001220703125,369.3999938964844,377.1499938964844,374.1158142089844,506284
2018-08-29,TRENT.NS,Trent Ltd,Growth / Compounder,379.8999938964844,384.8999938964844,367.79998779296875,369.5,366.5273742675781,130326
2018-08-30,TRENT.NS,Trent Ltd,Growth / Compounder,368.5,370.1000061035156,365.5,368.6000061035156,365.6346435546875,45388
2018-08-31,TRENT.NS,Trent Ltd,Growth / Compounder,370.0,370.95001220703125,362.79998779296875,369.45001220703125,366.4778137207031,249994
2018-09-03,TRENT.NS,Trent Ltd,Growth / Compounder,369.04998779296875,373.5,355.6499938964844,360.20001220703125,357.3022155761719,76470
2018-09-04,TRENT.NS,Trent Ltd,Growth / Compounder,358.3999938964844,369.79998779296875,356.0,359.8999938964844,357.0046691894531,191822
2018-09-05,TRENT.NS,Trent Ltd,Growth / Compounder,360.0,363.0,356.0,358.54998779296875,355.66546630859375,54493
2018-09-06,TRENT.NS,Trent Ltd,Growth / Compounder,358.0,361.75,352.25,356.75,353.8800048828125,65356
2018-09-07,TRENT.NS,Trent Ltd,Growth / Compounder,356.1000061035156,367.95001220703125,356.0,362.75,359.8316955566406,39515
2018-09-10,TRENT.NS,Trent Ltd,Growth / Compounder,365.79998779296875,366.5,358.5,359.1000061035156,356.2110900878906,32744
2018-09-11,TRENT.NS,Trent Ltd,Growth / Compounder,361.79998779296875,362.3500061035156,358.1000061035156,359.8500061035156,356.95501708984375,39186
2018-09-12,TRENT.NS,Trent Ltd,Growth / Compounder,360.0,362.6000061035156,355.6000061035156,359.3999938964844,356.5086364746094,40472
2018-09-14,TRENT.NS,Trent Ltd,Growth / Compounder,360.1000061035156,362.04998779296875,357.6000061035156,359.1000061035156,356.2110900878906,60096
2018-09-17,TRENT.NS,Trent Ltd,Growth / Compounder,362.8999938964844,364.8500061035156,359.0,360.1499938964844,357.2525939941406,31535
2018-09-18,TRENT.NS,Trent Ltd,Growth / Compounder,358.3500061035156,361.8999938964844,351.1000061035156,354.1000061035156,351.25128173828125,60266
2018-09-19,TRENT.NS,Trent Ltd,Growth / Compounder,355.0,357.79998779296875,351.5,354.20001220703125,351.3504943847656,87862
2018-09-21,TRENT.NS,Trent Ltd,Growth / Compounder,354.20001220703125,384.8999938964844,316.8500061035156,352.95001220703125,350.1105651855469,214045
2018-09-24,TRENT.NS,Trent Ltd,Growth / Compounder,354.0,366.79998779296875,339.54998779296875,356.3999938964844,353.5328063964844,135763
2018-09-25,TRENT.NS,Trent Ltd,Growth / Compounder,354.5,356.5,342.0,347.1000061035156,344.3075866699219,189456
2018-09-26,TRENT.NS,Trent Ltd,Growth / Compounder,345.1000061035156,349.1499938964844,342.04998779296875,345.5,342.7204895019531,37527
2018-09-27,TRENT.NS,Trent Ltd,Growth / Compounder,345.5,350.0,341.25,344.1499938964844,341.3813171386719,227328
2018-09-28,TRENT.NS,Trent Ltd,Growth / Compounder,347.0,347.5,325.0,333.25,330.5690612792969,170982
2018-10-01,TRENT.NS,Trent Ltd,Growth / Compounder,333.0,340.95001220703125,316.95001220703125,337.0,334.288818359375,198510
2018-10-03,TRENT.NS,Trent Ltd,Growth / Compounder,336.95001220703125,344.04998779296875,330.3500061035156,338.04998779296875,335.3304443359375,28668
2018-10-04,TRENT.NS,Trent Ltd,Growth / Compounder,338.0,355.29998779296875,323.0,347.54998779296875,344.75396728515625,76541
2018-10-05,TRENT.NS,Trent Ltd,Growth / Compounder,348.0,348.0,335.1000061035156,342.25,339.4966125488281,35701
2018-10-08,TRENT.NS,Trent Ltd,Growth / Compounder,339.0,339.25,324.04998779296875,331.54998779296875,328.8826904296875,37361
2018-10-09,TRENT.NS,Trent Ltd,Growth / Compounder,328.1000061035156,335.1499938964844,318.20001220703125,322.8999938964844,320.3022766113281,99359
2018-10-10,TRENT.NS,Trent Ltd,Growth / Compounder,323.0,333.5,320.25,328.8999938964844,326.2539978027344,66304
2018-10-11,TRENT.NS,Trent Ltd,Growth / Compounder,323.0,328.8500061035156,318.29998779296875,324.70001220703125,322.0878601074219,32087
2018-10-12,TRENT.NS,Trent Ltd,Growth / Compounder,330.0,342.20001220703125,325.75,329.8999938964844,327.2459411621094,95107
2018-10-15,TRENT.NS,Trent Ltd,Growth / Compounder,332.0,332.0,316.5,319.70001220703125,317.1280212402344,99507
2018-10-16,TRENT.NS,Trent Ltd,Growth / Compounder,322.25,345.0,320.29998779296875,337.8999938964844,335.1816101074219,221906
2018-10-17,TRENT.NS,Trent Ltd,Growth / Compounder,343.0,348.0,326.5,333.95001220703125,331.2633972167969,429010
2018-10-19,TRENT.NS,Trent Ltd,Growth / Compounder,328.95001220703125,334.70001220703125,325.0,330.3500061035156,327.6923828125,54918
2018-10-22,TRENT.NS,Trent Ltd,Growth / Compounder,333.6499938964844,342.0,325.1499938964844,327.6000061035156,324.9644470214844,102240
2018-10-23,TRENT.NS,Trent Ltd,Growth / Compounder,330.0,331.54998779296875,320.3999938964844,323.0,320.4014587402344,162829
2018-10-24,TRENT.NS,Trent Ltd,Growth / Compounder,323.70001220703125,328.75,321.0,322.45001220703125,319.8559265136719,28723
2018-10-25,TRENT.NS,Trent Ltd,Growth / Compounder,320.04998779296875,322.6499938964844,319.04998779296875,319.95001220703125,317.37603759765625,23657
2018-10-26,TRENT.NS,Trent Ltd,Growth / Compounder,320.25,330.0,317.0,322.8999938964844,320.3022766113281,44172
2018-10-29,TRENT.NS,Trent Ltd,Growth / Compounder,323.79998779296875,328.0,322.3999938964844,326.20001220703125,323.57574462890625,45297
2018-10-30,TRENT.NS,Trent Ltd,Growth / Compounder,325.1000061035156,330.70001220703125,322.6000061035156,324.04998779296875,321.4429931640625,29561
2018-10-31,TRENT.NS,Trent Ltd,Growth / Compounder,324.3999938964844,326.8999938964844,318.70001220703125,321.70001220703125,319.1119384765625,97184
2018-11-01,TRENT.NS,Trent Ltd,Growth / Compounder,323.04998779296875,328.0,320.3500061035156,324.6000061035156,321.9886169433594,163841
2018-11-02,TRENT.NS,Trent Ltd,Growth / Compounder,333.0,334.04998779296875,324.8999938964844,327.3999938964844,324.7660827636719,217577
2018-11-05,TRENT.NS,Trent Ltd,Growth / Compounder,329.0,329.0,319.0,322.1000061035156,319.5087585449219,86555
2018-11-06,TRENT.NS,Trent Ltd,Growth / Compounder,324.75,326.8500061035156,322.0,325.1000061035156,322.4845886230469,43668
2018-11-07,TRENT.NS,Trent Ltd,Growth / Compounder,327.70001220703125,333.3999938964844,325.3500061035156,330.3999938964844,327.7419738769531,34843
2018-11-09,TRENT.NS,Trent Ltd,Growth / Compounder,330.0,330.0,326.0,327.79998779296875,325.1628723144531,12227
2018-11-12,TRENT.NS,Trent Ltd,Growth / Compounder,329.8999938964844,329.8999938964844,323.1000061035156,324.70001220703125,322.0878601074219,18473
2018-11-13,TRENT.NS,Trent Ltd,Growth / Compounder,323.1000061035156,332.25,323.1000061035156,327.3999938964844,324.7660827636719,64084
2018-11-14,TRENT.NS,Trent Ltd,Growth / Compounder,328.0,335.0,326.0,332.20001220703125,329.5274658203125,113959
2018-11-15,TRENT.NS,Trent Ltd,Growth / Compounder,331.1000061035156,339.0,325.25,332.6499938964844,329.9739074707031,96420
2018-11-16,TRENT.NS,Trent Ltd,Growth / Compounder,334.0,335.3500061035156,327.20001220703125,332.0,329.3290710449219,30648
2018-11-19,TRENT.NS,Trent Ltd,Growth / Compounder,328.20001220703125,334.0,328.0,331.95001220703125,329.2794494628906,29385
2018-11-20,TRENT.NS,Trent Ltd,Growth / Compounder,330.0,332.6499938964844,323.75,326.54998779296875,323.92291259765625,136557
2018-11-21,TRENT.NS,Trent Ltd,Growth / Compounder,327.95001220703125,327.95001220703125,322.8500061035156,323.95001220703125,321.3438720703125,34258
2018-11-22,TRENT.NS,Trent Ltd,Growth / Compounder,322.04998779296875,326.3500061035156,319.04998779296875,321.5,318.9135437011719,89765
2018-11-26,TRENT.NS,Trent Ltd,Growth / Compounder,323.8500061035156,334.0,319.8999938964844,333.0,330.321044921875,99956
2018-11-27,TRENT.NS,Trent Ltd,Growth / Compounder,330.0,338.8999938964844,329.45001220703125,334.79998779296875,332.1065368652344,63278
2018-11-28,TRENT.NS,Trent Ltd,Growth / Compounder,333.79998779296875,340.0,330.3999938964844,338.29998779296875,335.57843017578125,47072
2018-11-29,TRENT.NS,Trent Ltd,Growth / Compounder,339.95001220703125,344.0,334.0,341.6000061035156,338.85186767578125,1201669
2018-11-30,TRENT.NS,Trent Ltd,Growth / Compounder,344.0,345.0,333.1000061035156,335.04998779296875,332.3545227050781,133800
2018-12-03,TRENT.NS,Trent Ltd,Growth / Compounder,335.04998779296875,337.79998779296875,326.6000061035156,328.54998779296875,325.90679931640625,177200
2018-12-04,TRENT.NS,Trent Ltd,Growth / Compounder,328.0,334.8500061035156,325.29998779296875,332.3999938964844,329.7258605957031,46281
2018-12-05,TRENT.NS,Trent Ltd,Growth / Compounder,332.8500061035156,334.5,328.5,332.0,329.3290710449219,317207
2018-12-06,TRENT.NS,Trent Ltd,Growth / Compounder,332.0,332.0,322.95001220703125,324.29998779296875,321.6910400390625,142615
2018-12-07,TRENT.NS,Trent Ltd,Growth / Compounder,323.45001220703125,326.5,321.0,324.3999938964844,321.7901611328125,35300
2018-12-10,TRENT.NS,Trent Ltd,Growth / Compounder,323.25,323.8999938964844,319.8999938964844,320.25,317.673583984375,139443
2018-12-11,TRENT.NS,Trent Ltd,Growth / Compounder,319.29998779296875,338.8500061035156,315.04998779296875,334.79998779296875,332.1065368652344,58732
2018-12-12,TRENT.NS,Trent Ltd,Growth / Compounder,335.0,341.0,334.0,339.8999938964844,337.16552734375,177140
2018-12-13,TRENT.NS,Trent Ltd,Growth / Compounder,339.70001220703125,367.0,334.70001220703125,349.79998779296875,346.9858703613281,65485
2018-12-14,TRENT.NS,Trent Ltd,Growth / Compounder,352.8999938964844,358.0,345.0,349.75,346.936279296875,57630
2018-12-17,TRENT.NS,Trent Ltd,Growth / Compounder,346.29998779296875,360.0,344.8999938964844,353.04998779296875,350.209716796875,86750
2018-12-18,TRENT.NS,Trent Ltd,Growth / Compounder,352.8500061035156,355.79998779296875,346.1499938964844,348.70001220703125,345.89471435546875,111579
2018-12-19,TRENT.NS,Trent Ltd,Growth / Compounder,348.0,352.45001220703125,345.6499938964844,348.3999938964844,345.5971374511719,247581
2018-12-20,TRENT.NS,Trent Ltd,Growth / Compounder,349.0,353.5,347.8999938964844,349.20001220703125,346.3907775878906,43760
2018-12-21,TRENT.NS,Trent Ltd,Growth / Compounder,351.0,357.8999938964844,338.54998779296875,352.70001220703125,349.8625793457031,71298
2018-12-24,TRENT.NS,Trent Ltd,Growth / Compounder,352.95001220703125,352.95001220703125,340.6499938964844,347.3999938964844,344.605224609375,46913
2018-12-26,TRENT.NS,Trent Ltd,Growth / Compounder,348.0,348.0,340.5,345.54998779296875,342.7700500488281,20901
2018-12-27,TRENT.NS,Trent Ltd,Growth / Compounder,349.95001220703125,352.3999938964844,339.8999938964844,345.54998779296875,342.7700500488281,49064
2018-12-28,TRENT.NS,Trent Ltd,Growth / Compounder,345.3999938964844,366.0,344.20001220703125,361.3999938964844,358.4925537109375,468278
2018-12-31,TRENT.NS,Trent Ltd,Growth / Compounder,361.0,372.6000061035156,355.8999938964844,362.29998779296875,359.38531494140625,150413
2019-01-01,TRENT.NS,Trent Ltd,Growth / Compounder,362.29998779296875,365.6499938964844,357.3500061035156,361.95001220703125,359.0381774902344,75100
2019-01-02,TRENT.NS,Trent Ltd,Growth / Compounder,359.95001220703125,361.95001220703125,351.3999938964844,355.04998779296875,352.193603515625,39299
2019-01-03,TRENT.NS,Trent Ltd,Growth / Compounder,354.6000061035156,354.6000061035156,347.8999938964844,350.1000061035156,347.2834777832031,22272
2019-01-04,TRENT.NS,Trent Ltd,Growth / Compounder,348.20001220703125,353.0,343.8500061035156,349.45001220703125,346.6387634277344,46259
2019-01-07,TRENT.NS,Trent Ltd,Growth / Compounder,353.95001220703125,353.95001220703125,346.54998779296875,351.0,348.17620849609375,567621
2019-01-08,TRENT.NS,Trent Ltd,Growth / Compounder,348.20001220703125,356.0,348.20001220703125,355.0,352.14404296875,27644
2019-01-09,TRENT.NS,Trent Ltd,Growth / Compounder,351.6000061035156,357.20001220703125,349.0,350.20001220703125,347.3826904296875,299053
2019-01-10,TRENT.NS,Trent Ltd,Growth / Compounder,348.6000061035156,356.29998779296875,346.0,354.1000061035156,351.25128173828125,38984
2019-01-11,TRENT.NS,Trent Ltd,Growth / Compounder,354.70001220703125,358.8999938964844,348.6000061035156,355.54998779296875,352.68963623046875,315209
2019-01-14,TRENT.NS,Trent Ltd,Growth / Compounder,352.1000061035156,359.0,349.70001220703125,357.8500061035156,354.97113037109375,37374
2019-01-15,TRENT.NS,Trent Ltd,Growth / Compounder,358.0,359.0,353.54998779296875,356.8500061035156,353.9791259765625,25160
2019-01-16,TRENT.NS,Trent Ltd,Growth / Compounder,355.0,356.0,349.0,353.79998779296875,350.9537048339844,42431
2019-01-17,TRENT.NS,Trent Ltd,Growth / Compounder,350.29998779296875,356.5,348.70001220703125,355.29998779296875,352.4416198730469,32432
2019-01-18,TRENT.NS,Trent Ltd,Growth / Compounder,353.04998779296875,361.0,351.5,359.0,356.1118469238281,44550
2019-01-21,TRENT.NS,Trent Ltd,Growth / Compounder,365.0,373.20001220703125,361.3500061035156,365.95001220703125,363.0059509277344,234214
2019-01-22,TRENT.NS,Trent Ltd,Growth / Compounder,363.6000061035156,368.6000061035156,360.0,365.29998779296875,362.3611755371094,23470
2019-01-23,TRENT.NS,Trent Ltd,Growth / Compounder,365.0,366.70001220703125,357.1499938964844,359.0,356.1118469238281,337535
2019-01-24,TRENT.NS,Trent Ltd,Growth / Compounder,360.0,360.45001220703125,352.04998779296875,356.25,353.3840026855469,97596
2019-01-25,TRENT.NS,Trent Ltd,Growth / Compounder,358.8999938964844,361.0,346.0,348.79998779296875,345.9939270019531,27517
2019-01-28,TRENT.NS,Trent Ltd,Growth / Compounder,347.1000061035156,349.1000061035156,338.8500061035156,347.20001220703125,344.40679931640625,32787
2019-01-29,TRENT.NS,Trent Ltd,Growth / Compounder,346.0,351.70001220703125,340.20001220703125,342.6000061035156,339.84381103515625,272419
2019-01-30,TRENT.NS,Trent Ltd,Growth / Compounder,342.1000061035156,354.95001220703125,339.04998779296875,352.95001220703125,350.1105651855469,70416
2019-01-31,TRENT.NS,Trent Ltd,Growth / Compounder,349.20001220703125,358.0,346.29998779296875,354.04998779296875,351.20166015625,83349
2019-02-01,TRENT.NS,Trent Ltd,Growth / Compounder,353.5,360.0,350.1000061035156,352.3999938964844,349.56500244140625,22701
2019-02-04,TRENT.NS,Trent Ltd,Growth / Compounder,350.1000061035156,353.54998779296875,347.6000061035156,352.04998779296875,349.2178039550781,39174
2019-02-05,TRENT.NS,Trent Ltd,Growth / Compounder,353.25,366.0,349.1000061035156,359.75,356.8558349609375,297270
2019-02-06,TRENT.NS,Trent Ltd,Growth / Compounder,354.45001220703125,360.29998779296875,350.0,357.5,354.62396240234375,85027
2019-02-07,TRENT.NS,Trent Ltd,Growth / Compounder,354.6000061035156,361.04998779296875,351.8999938964844,354.25,351.4000549316406,233412
2019-02-08,TRENT.NS,Trent Ltd,Growth / Compounder,352.1000061035156,354.8999938964844,348.0,348.8500061035156,346.04351806640625,76270
2019-02-11,TRENT.NS,Trent Ltd,Growth / Compounder,348.0,348.45001220703125,340.29998779296875,342.6499938964844,339.89337158203125,50289
2019-02-12,TRENT.NS,Trent Ltd,Growth / Compounder,342.6499938964844,344.0,340.0,340.70001220703125,337.9590759277344,81398
2019-02-14,TRENT.NS,Trent Ltd,Growth / Compounder,345.0,345.0,340.0,342.3999938964844,339.6453857421875,63798
2019-02-15,TRENT.NS,Trent Ltd,Growth / Compounder,342.29998779296875,342.29998779296875,333.0,333.1000061035156,330.42022705078125,92072
2019-02-18,TRENT.NS,Trent Ltd,Growth / Compounder,334.1000061035156,335.25,320.20001220703125,322.20001220703125,319.6079406738281,51161
2019-02-19,TRENT.NS,Trent Ltd,Growth / Compounder,324.0,334.0,322.25,331.25,328.5850830078125,45279
2019-02-20,TRENT.NS,Trent Ltd,Growth / Compounder,330.0,333.0,327.0,331.04998779296875,328.3867492675781,60764
2019-02-21,TRENT.NS,Trent Ltd,Growth / Compounder,331.29998779296875,332.04998779296875,325.04998779296875,331.0,328.33709716796875,32938
2019-02-22,TRENT.NS,Trent Ltd,Growth / Compounder,331.0,331.0,326.29998779296875,328.5,325.8572998046875,128880
2019-02-25,TRENT.NS,Trent Ltd,Growth / Compounder,328.04998779296875,328.54998779296875,325.54998779296875,326.8500061035156,324.22052001953125,35938
2019-02-26,TRENT.NS,Trent Ltd,Growth / Compounder,325.0,328.3999938964844,320.1000061035156,323.3999938964844,320.7982177734375,350277
2019-02-27,TRENT.NS,Trent Ltd,Growth / Compounder,324.25,332.8999938964844,322.5,330.1499938964844,327.493896484375,58334
2019-02-28,TRENT.NS,Trent Ltd,Growth / Compounder,332.6000061035156,332.70001220703125,324.29998779296875,324.95001220703125,322.3358459472656,105326
2019-03-01,TRENT.NS,Trent Ltd,Growth / Compounder,328.0,338.5,323.8999938964844,336.5,333.7928771972656,51243
2019-03-05,TRENT.NS,Trent Ltd,Growth / Compounder,337.95001220703125,352.0,337.95001220703125,345.3999938964844,342.62127685546875,133303
2019-03-06,TRENT.NS,Trent Ltd,Growth / Compounder,347.0,350.75,327.79998779296875,339.5,336.76873779296875,196444
2019-03-07,TRENT.NS,Trent Ltd,Growth / Compounder,342.79998779296875,342.79998779296875,333.0,333.45001220703125,330.76739501953125,292778
2019-03-08,TRENT.NS,Trent Ltd,Growth / Compounder,332.0,339.45001220703125,327.0,335.0,332.3049621582031,139756
2019-03-11,TRENT.NS,Trent Ltd,Growth / Compounder,339.3500061035156,342.0,333.04998779296875,340.04998779296875,337.31427001953125,251912
2019-03-12,TRENT.NS,Trent Ltd,Growth / Compounder,344.0,363.79998779296875,338.6499938964844,359.79998779296875,356.9053955078125,205634
2019-03-13,TRENT.NS,Trent Ltd,Growth / Compounder,359.0,380.04998779296875,351.6499938964844,367.8999938964844,364.9402770996094,221559
2019-03-14,TRENT.NS,Trent Ltd,Growth / Compounder,369.29998779296875,381.45001220703125,362.70001220703125,376.3999938964844,373.3718566894531,182806
2019-03-15,TRENT.NS,Trent Ltd,Growth / Compounder,379.0,399.95001220703125,365.1000061035156,388.0,384.8785705566406,199174
2019-03-18,TRENT.NS,Trent Ltd,Growth / Compounder,387.6499938964844,394.45001220703125,373.5,375.3500061035156,372.3303527832031,75369
2019-03-19,TRENT.NS,Trent Ltd,Growth / Compounder,383.3999938964844,383.5,372.1499938964844,374.70001220703125,371.6855773925781,112581
2019-03-20,TRENT.NS,Trent Ltd,Growth / Compounder,372.8500061035156,374.0,365.3500061035156,369.75,366.7754211425781,39499
2019-03-22,TRENT.NS,Trent Ltd,Growth / Compounder,366.25,371.0,361.04998779296875,362.95001220703125,360.03009033203125,57017
2019-03-25,TRENT.NS,Trent Ltd,Growth / Compounder,357.1499938964844,362.70001220703125,355.25,360.3999938964844,357.5005798339844,54899
2019-03-26,TRENT.NS,Trent Ltd,Growth / Compounder,358.29998779296875,382.0,358.29998779296875,374.79998779296875,371.7846984863281,296084
2019-03-27,TRENT.NS,Trent Ltd,Growth / Compounder,376.54998779296875,380.0,370.6000061035156,375.5,372.4791259765625,245140
2019-03-28,TRENT.NS,Trent Ltd,Growth / Compounder,375.95001220703125,375.95001220703125,365.1000061035156,367.5,364.54351806640625,73802
2019-04-01,TRENT.NS,Trent Ltd,Growth / Compounder,363.0,365.3500061035156,356.29998779296875,357.6499938964844,354.772705078125,48996
2019-04-02,TRENT.NS,Trent Ltd,Growth / Compounder,356.6000061035156,365.95001220703125,355.0,363.8999938964844,360.9724426269531,240898
2019-04-03,TRENT.NS,Trent Ltd,Growth / Compounder,368.8999938964844,372.70001220703125,354.1000061035156,357.3999938964844,354.52471923828125,578010
2019-04-04,TRENT.NS,Trent Ltd,Growth / Compounder,356.5,357.3500061035156,343.8500061035156,348.54998779296875,345.74591064453125,197236
2019-04-05,TRENT.NS,Trent Ltd,Growth / Compounder,350.0,356.8999938964844,348.1000061035156,352.79998779296875,349.96173095703125,39209
2019-04-08,TRENT.NS,Trent Ltd,Growth / Compounder,350.04998779296875,351.95001220703125,340.0,343.79998779296875,341.0342102050781,99230
2019-04-09,TRENT.NS,Trent Ltd,Growth / Compounder,343.79998779296875,349.8500061035156,340.20001220703125,346.25,343.4644470214844,59679
2019-04-10,TRENT.NS,Trent Ltd,Growth / Compounder,344.20001220703125,353.45001220703125,344.20001220703125,347.20001220703125,344.40679931640625,220545
2019-04-11,TRENT.NS,Trent Ltd,Growth / Compounder,347.0,356.0,347.0,353.3999938964844,350.556884765625,67703
2019-04-12,TRENT.NS,Trent Ltd,Growth / Compounder,352.0,356.5,350.04998779296875,353.3500061035156,350.5073547363281,20440
2019-04-15,TRENT.NS,Trent Ltd,Growth / Compounder,350.6000061035156,359.29998779296875,349.8999938964844,352.1499938964844,349.31695556640625,144667
2019-04-16,TRENT.NS,Trent Ltd,Growth / Compounder,356.70001220703125,360.0,350.8999938964844,356.95001220703125,354.078369140625,107455
2019-04-18,TRENT.NS,Trent Ltd,Growth / Compounder,354.0,364.70001220703125,350.04998779296875,359.75,356.8558349609375,179763
2019-04-22,TRENT.NS,Trent Ltd,Growth / Compounder,355.20001220703125,361.6000061035156,351.79998779296875,360.29998779296875,357.40142822265625,111696
2019-04-23,TRENT.NS,Trent Ltd,Growth / Compounder,359.8500061035156,359.8500061035156,354.8999938964844,355.45001220703125,352.5904235839844,14202
2019-04-24,TRENT.NS,Trent Ltd,Growth / Compounder,358.0,358.29998779296875,353.6000061035156,355.1000061035156,352.2431945800781,25607
2019-04-25,TRENT.NS,Trent Ltd,Growth / Compounder,355.1000061035156,359.0,353.25,357.5,354.62396240234375,68733
2019-04-26,TRENT.NS,Trent Ltd,Growth / Compounder,358.0,358.0,352.8999938964844,355.1499938964844,352.2928161621094,149775
2019-04-30,TRENT.NS,Trent Ltd,Growth / Compounder,363.0,369.0,354.8500061035156,355.70001220703125,352.83843994140625,323073
2019-05-02,TRENT.NS,Trent Ltd,Growth / Compounder,356.95001220703125,368.0,354.5,365.8999938964844,362.95635986328125,185653
2019-05-03,TRENT.NS,Trent Ltd,Growth / Compounder,365.0,390.0,362.1000061035156,384.25,381.1587219238281,614085
2019-05-06,TRENT.NS,Trent Ltd,Growth / Compounder,377.6499938964844,395.0,370.5,375.70001220703125,372.67755126953125,244191
2019-05-07,TRENT.NS,Trent Ltd,Growth / Compounder,375.0,379.75,369.5,370.20001220703125,367.22174072265625,45995
2019-05-08,TRENT.NS,Trent Ltd,Growth / Compounder,368.79998779296875,384.79998779296875,366.1000061035156,380.6000061035156,377.5381164550781,123742
2019-05-09,TRENT.NS,Trent Ltd,Growth / Compounder,382.0,385.0,364.8999938964844,369.6499938964844,366.6761779785156,93812
2019-05-10,TRENT.NS,Trent Ltd,Growth / Compounder,372.6499938964844,374.5,368.0,370.3500061035156,367.3705139160156,390415
2019-05-13,TRENT.NS,Trent Ltd,Growth / Compounder,374.0,374.0,359.0,360.95001220703125,358.04620361328125,47416
2019-05-14,TRENT.NS,Trent Ltd,Growth / Compounder,361.1000061035156,376.8999938964844,355.70001220703125,373.8999938964844,370.8919982910156,142541
2019-05-15,TRENT.NS,Trent Ltd,Growth / Compounder,376.5,380.0,360.0,360.5,357.5997619628906,42186
2019-05-16,TRENT.NS,Trent Ltd,Growth / Compounder,361.1000061035156,371.95001220703125,361.0,367.6499938964844,364.6922912597656,38369
2019-05-17,TRENT.NS,Trent Ltd,Growth / Compounder,366.0,375.95001220703125,363.6499938964844,366.54998779296875,363.6011047363281,50823
2019-05-20,TRENT.NS,Trent Ltd,Growth / Compounder,368.8999938964844,377.79998779296875,362.20001220703125,368.8500061035156,365.8826599121094,76314
2019-05-21,TRENT.NS,Trent Ltd,Growth / Compounder,368.70001220703125,374.5,362.20001220703125,373.1499938964844,370.14801025390625,934207
2019-05-22,TRENT.NS,Trent Ltd,Growth / Compounder,373.0,385.0,370.5,382.45001220703125,379.3731994628906,185657
2019-05-23,TRENT.NS,Trent Ltd,Growth / Compounder,387.0,388.3999938964844,375.0,376.54998779296875,373.5206604003906,278950
2019-05-24,TRENT.NS,Trent Ltd,Growth / Compounder,375.29998779296875,379.8999938964844,368.1499938964844,375.75,372.7270812988281,119863
2019-05-27,TRENT.NS,Trent Ltd,Growth / Compounder,372.0,377.8500061035156,370.54998779296875,374.1499938964844,371.13995361328125,114217
2019-05-28,TRENT.NS,Trent Ltd,Growth / Compounder,375.79998779296875,383.75,370.54998779296875,374.75,371.7351989746094,45279
2019-05-29,TRENT.NS,Trent Ltd,Growth / Compounder,373.20001220703125,381.5,373.20001220703125,377.1499938964844,374.1158142089844,34887
2019-05-30,TRENT.NS,Trent Ltd,Growth / Compounder,377.20001220703125,388.0,377.20001220703125,383.29998779296875,380.2164001464844,89556
2019-05-31,TRENT.NS,Trent Ltd,Growth / Compounder,383.0,393.25,382.25,392.1000061035156,388.945556640625,428260
2019-06-03,TRENT.NS,Trent Ltd,Growth / Compounder,396.8999938964844,416.70001220703125,391.6000061035156,412.0,408.6855163574219,445518
2019-06-04,TRENT.NS,Trent Ltd,Growth / Compounder,412.5,425.0,408.8999938964844,412.04998779296875,408.7350769042969,248942
2019-06-06,TRENT.NS,Trent Ltd,Growth / Compounder,414.0,420.0,400.0,403.70001220703125,400.4523010253906,108355
2019-06-07,TRENT.NS,Trent Ltd,Growth / Compounder,405.0,412.79998779296875,397.0,403.5,400.25384521484375,48800
2019-06-10,TRENT.NS,Trent Ltd,Growth / Compounder,408.0,412.0,399.29998779296875,401.70001220703125,398.4683837890625,50708
2019-06-11,TRENT.NS,Trent Ltd,Growth / Compounder,400.0,404.0,399.8500061035156,402.6000061035156,399.361083984375,42502
2019-06-12,TRENT.NS,Trent Ltd,Growth / Compounder,404.5,404.5,388.0,401.20001220703125,397.9723815917969,197022
2019-06-13,TRENT.NS,Trent Ltd,Growth / Compounder,398.20001220703125,402.70001220703125,390.1000061035156,392.75,389.59039306640625,159624
2019-06-14,TRENT.NS,Trent Ltd,Growth / Compounder,395.0,399.45001220703125,392.5,394.6000061035156,391.42547607421875,52861
2019-06-17,TRENT.NS,Trent Ltd,Growth / Compounder,396.0,396.0,383.5,391.54998779296875,388.4000244140625,238085
2019-06-18,TRENT.NS,Trent Ltd,Growth / Compounder,391.0,400.0,390.70001220703125,396.29998779296875,393.1117858886719,161102
2019-06-19,TRENT.NS,Trent Ltd,Growth / Compounder,396.20001220703125,418.0,396.20001220703125,414.8999938964844,411.5621337890625,443161
2019-06-20,TRENT.NS,Trent Ltd,Growth / Compounder,415.0,418.04998779296875,402.5,414.0,410.66937255859375,138106
2019-06-21,TRENT.NS,Trent Ltd,Growth / Compounder,414.0,416.25,405.6000061035156,408.8500061035156,405.56085205078125,34434
2019-06-24,TRENT.NS,Trent Ltd,Growth / Compounder,413.0,431.3999938964844,403.0,426.04998779296875,422.6224365234375,331262
2019-06-25,TRENT.NS,Trent Ltd,Growth / Compounder,424.75,448.8999938964844,423.0,431.79998779296875,428.326171875,425494
2019-06-26,TRENT.NS,Trent Ltd,Growth / Compounder,429.8500061035156,439.3999938964844,426.29998779296875,432.3999938964844,428.92138671875,356010
2019-06-27,TRENT.NS,Trent Ltd,Growth / Compounder,440.0,447.6499938964844,434.0,445.3999938964844,441.8167419433594,303537
2019-06-28,TRENT.NS,Trent Ltd,Growth / Compounder,448.70001220703125,449.04998779296875,434.54998779296875,440.95001220703125,437.402587890625,175383
2019-07-01,TRENT.NS,Trent Ltd,Growth / Compounder,448.0,461.95001220703125,441.95001220703125,454.20001220703125,450.5460205078125,334258
2019-07-02,TRENT.NS,Trent Ltd,Growth / Compounder,462.0,464.70001220703125,454.0,458.6000061035156,454.9106140136719,217027
2019-07-03,TRENT.NS,Trent Ltd,Growth / Compounder,459.95001220703125,460.0,450.0,453.95001220703125,450.29803466796875,122191
2019-07-04,TRENT.NS,Trent Ltd,Growth / Compounder,456.0,456.0,446.1000061035156,449.1000061035156,445.4869689941406,132653
2019-07-05,TRENT.NS,Trent Ltd,Growth / Compounder,449.0,453.79998779296875,438.20001220703125,439.6499938964844,436.1130065917969,95893
2019-07-08,TRENT.NS,Trent Ltd,Growth / Compounder,436.3500061035156,442.0,414.0,426.6000061035156,423.1680603027344,148772
2019-07-09,TRENT.NS,Trent Ltd,Growth / Compounder,428.3999938964844,450.0,423.0,441.8999938964844,438.34490966796875,257680
2019-07-10,TRENT.NS,Trent Ltd,Growth / Compounder,440.29998779296875,449.79998779296875,431.29998779296875,435.0,431.5003967285156,706946
2019-07-11,TRENT.NS,Trent Ltd,Growth / Compounder,438.5,453.0,437.25,449.3999938964844,445.7846374511719,146829
2019-07-12,TRENT.NS,Trent Ltd,Growth / Compounder,450.0,458.95001220703125,447.04998779296875,453.54998779296875,449.9012145996094,288524
2019-07-15,TRENT.NS,Trent Ltd,Growth / Compounder,458.20001220703125,463.79998779296875,443.25,446.04998779296875,442.4615478515625,80705
2019-07-16,TRENT.NS,Trent Ltd,Growth / Compounder,447.0,447.95001220703125,439.6499938964844,445.70001220703125,442.1143493652344,40597
2019-07-17,TRENT.NS,Trent Ltd,Growth / Compounder,446.0,452.0,445.6000061035156,449.20001220703125,445.586181640625,108568
2019-07-18,TRENT.NS,Trent Ltd,Growth / Compounder,449.8500061035156,452.3999938964844,446.0,450.04998779296875,446.4293212890625,123210
2019-07-19,TRENT.NS,Trent Ltd,Growth / Compounder,452.0,452.0,434.54998779296875,440.1499938964844,437.4513854980469,106626
2019-07-22,TRENT.NS,Trent Ltd,Growth / Compounder,440.0,440.0,420.1000061035156,425.45001220703125,422.841552734375,72227
2019-07-23,TRENT.NS,Trent Ltd,Growth / Compounder,422.0,423.95001220703125,415.0,419.45001220703125,416.87835693359375,76262
2019-07-24,TRENT.NS,Trent Ltd,Growth / Compounder,418.0,420.8999938964844,400.04998779296875,415.1499938964844,412.6047058105469,89881
2019-07-25,TRENT.NS,Trent Ltd,Growth / Compounder,412.0,418.8999938964844,403.04998779296875,409.54998779296875,407.0390319824219,86402
2019-07-26,TRENT.NS,Trent Ltd,Growth / Compounder,409.54998779296875,411.0,403.0,407.75,405.2500305175781,49901
2019-07-29,TRENT.NS,Trent Ltd,Growth / Compounder,405.25,409.6000061035156,398.04998779296875,404.04998779296875,401.57275390625,51258
2019-07-30,TRENT.NS,Trent Ltd,Growth / Compounder,406.1000061035156,414.0,391.79998779296875,401.1499938964844,398.6905517578125,94669
2019-07-31,TRENT.NS,Trent Ltd,Growth / Compounder,408.8999938964844,408.8999938964844,394.0,397.6499938964844,395.21197509765625,35289
2019-08-01,TRENT.NS,Trent Ltd,Growth / Compounder,405.0,427.20001220703125,402.0,421.20001220703125,418.61761474609375,667601
2019-08-02,TRENT.NS,Trent Ltd,Growth / Compounder,419.8999938964844,449.0,410.1000061035156,443.1499938964844,440.4330139160156,375451
2019-08-05,TRENT.NS,Trent Ltd,Growth / Compounder,436.8999938964844,454.0,427.70001220703125,445.04998779296875,442.3213806152344,240114
2019-08-06,TRENT.NS,Trent Ltd,Growth / Compounder,449.45001220703125,452.75,442.29998779296875,444.20001220703125,441.4765930175781,302795
2019-08-07,TRENT.NS,Trent Ltd,Growth / Compounder,447.0,450.0,436.0,437.8500061035156,435.16558837890625,41260
2019-08-08,TRENT.NS,Trent Ltd,Growth / Compounder,438.0,441.8999938964844,430.04998779296875,433.8500061035156,431.1900329589844,246736
2019-08-09,TRENT.NS,Trent Ltd,Growth / Compounder,435.8999938964844,454.0,432.04998779296875,447.04998779296875,444.3091125488281,105915
2019-08-13,TRENT.NS,Trent Ltd,Growth / Compounder,451.5,454.45001220703125,445.0,448.6000061035156,445.84967041015625,128381
2019-08-14,TRENT.NS,Trent Ltd,Growth / Compounder,450.0,451.3999938964844,440.8999938964844,444.0,441.27777099609375,414842
2019-08-16,TRENT.NS,Trent Ltd,Growth / Compounder,446.3999938964844,476.6000061035156,440.29998779296875,467.29998779296875,464.4349365234375,632711
2019-08-19,TRENT.NS,Trent Ltd,Growth / Compounder,468.3999938964844,474.95001220703125,460.54998779296875,471.70001220703125,468.8080139160156,1026637
2019-08-20,TRENT.NS,Trent Ltd,Growth / Compounder,474.8500061035156,478.95001220703125,469.20001220703125,475.70001220703125,472.7834777832031,470194
2019-08-21,TRENT.NS,Trent Ltd,Growth / Compounder,476.8999938964844,489.25,468.8500061035156,471.1499938964844,468.2613220214844,320944
2019-08-22,TRENT.NS,Trent Ltd,Growth / Compounder,474.75,478.0,465.0,469.8500061035156,466.9693298339844,471274
2019-08-23,TRENT.NS,Trent Ltd,Growth / Compounder,471.45001220703125,482.3500061035156,462.1499938964844,474.79998779296875,471.8889465332031,244769
2019-08-26,TRENT.NS,Trent Ltd,Growth / Compounder,480.0,485.0,468.0,474.79998779296875,471.8889465332031,238760
2019-08-27,TRENT.NS,Trent Ltd,Growth / Compounder,477.79998779296875,483.79998779296875,471.20001220703125,472.1000061035156,469.2055358886719,482526
2019-08-28,TRENT.NS,Trent Ltd,Growth / Compounder,476.8500061035156,482.0,472.04998779296875,475.20001220703125,472.2865295410156,610145
2019-08-29,TRENT.NS,Trent Ltd,Growth / Compounder,478.6499938964844,486.0,466.5,469.25,466.3730163574219,120446
2019-08-30,TRENT.NS,Trent Ltd,Growth / Compounder,471.0,473.70001220703125,465.79998779296875,469.25,466.3730163574219,103550
2019-09-03,TRENT.NS,Trent Ltd,Growth / Compounder,468.70001220703125,470.70001220703125,445.1000061035156,450.8999938964844,448.1355285644531,67999
2019-09-04,TRENT.NS,Trent Ltd,Growth / Compounder,452.5,469.70001220703125,447.20001220703125,467.29998779296875,464.4349365234375,975967
2019-09-05,TRENT.NS,Trent Ltd,Growth / Compounder,467.29998779296875,471.95001220703125,459.1499938964844,462.1000061035156,459.2668762207031,73188
2019-09-06,TRENT.NS,Trent Ltd,Growth / Compounder,464.0,466.0,456.3500061035156,460.5,457.6766662597656,626440
2019-09-09,TRENT.NS,Trent Ltd,Growth / Compounder,460.0,461.8999938964844,456.54998779296875,459.8500061035156,457.0306396484375,45317
2019-09-11,TRENT.NS,Trent Ltd,Growth / Compounder,461.8999938964844,467.95001220703125,454.20001220703125,455.6000061035156,452.8066711425781,88529
2019-09-12,TRENT.NS,Trent Ltd,Growth / Compounder,460.95001220703125,474.5,455.0,456.29998779296875,453.5023498535156,201056
2019-09-13,TRENT.NS,Trent Ltd,Growth / Compounder,457.0,459.95001220703125,452.04998779296875,455.20001220703125,452.4091491699219,46570
2019-09-16,TRENT.NS,Trent Ltd,Growth / Compounder,454.20001220703125,458.0,447.0,449.0,446.2471923828125,74459
2019-09-17,TRENT.NS,Trent Ltd,Growth / Compounder,448.0,456.0,436.0,446.3999938964844,443.6630859375,115852
2019-09-18,TRENT.NS,Trent Ltd,Growth / Compounder,449.6000061035156,466.8500061035156,446.6499938964844,462.8999938964844,460.0619201660156,225320
2019-09-19,TRENT.NS,Trent Ltd,Growth / Compounder,465.5,465.5,448.1000061035156,455.45001220703125,452.6575927734375,97870
2019-09-20,TRENT.NS,Trent Ltd,Growth / Compounder,454.29998779296875,491.6000061035156,451.0,489.79998779296875,486.79705810546875,467886
2019-09-23,TRENT.NS,Trent Ltd,Growth / Compounder,502.70001220703125,510.0,481.5,508.0,504.8854064941406,345769
2019-09-24,TRENT.NS,Trent Ltd,Growth / Compounder,515.0,523.5499877929688,509.0,515.4000244140625,512.2401123046875,361445
2019-09-25,TRENT.NS,Trent Ltd,Growth / Compounder,516.5499877929688,520.0,512.0,517.8499755859375,514.6749267578125,234480
2019-09-26,TRENT.NS,Trent Ltd,Growth / Compounder,515.1500244140625,529.0,504.0,509.3999938964844,506.27685546875,393177
2019-09-27,TRENT.NS,Trent Ltd,Growth / Compounder,508.79998779296875,510.0,497.0,497.79998779296875,494.7479553222656,68032
2019-09-30,TRENT.NS,Trent Ltd,Growth / Compounder,497.29998779296875,502.75,476.0,483.8999938964844,480.93316650390625,157886
2019-10-01,TRENT.NS,Trent Ltd,Growth / Compounder,480.6000061035156,489.29998779296875,476.0,478.6499938964844,475.71539306640625,79281
2019-10-03,TRENT.NS,Trent Ltd,Growth / Compounder,481.5,500.0,481.1000061035156,499.6000061035156,496.5369567871094,166739
2019-10-04,TRENT.NS,Trent Ltd,Growth / Compounder,499.1499938964844,505.0,485.20001220703125,490.0,486.9958190917969,118615
2019-10-07,TRENT.NS,Trent Ltd,Growth / Compounder,490.8999938964844,491.95001220703125,478.0,488.1499938964844,485.1571044921875,44818
2019-10-09,TRENT.NS,Trent Ltd,Growth / Compounder,489.5,506.79998779296875,480.20001220703125,504.1000061035156,501.0093994140625,122255
2019-10-10,TRENT.NS,Trent Ltd,Growth / Compounder,505.79998779296875,506.45001220703125,494.1000061035156,497.8999938964844,494.84735107421875,178112
2019-10-11,TRENT.NS,Trent Ltd,Growth / Compounder,498.5,509.95001220703125,497.8999938964844,507.6000061035156,504.48785400390625,82764
2019-10-14,TRENT.NS,Trent Ltd,Growth / Compounder,510.6000061035156,510.6499938964844,502.1499938964844,505.70001220703125,502.59954833984375,157195
2019-10-15,TRENT.NS,Trent Ltd,Growth / Compounder,506.5,510.0,501.5,504.95001220703125,501.8541259765625,135526
2019-10-16,TRENT.NS,Trent Ltd,Growth / Compounder,506.0,508.54998779296875,502.3999938964844,505.79998779296875,502.6988830566406,30341
2019-10-17,TRENT.NS,Trent Ltd,Growth / Compounder,507.0,507.95001220703125,491.20001220703125,500.54998779296875,497.48114013671875,92914
2019-10-18,TRENT.NS,Trent Ltd,Growth / Compounder,500.54998779296875,522.2000122070312,500.54998779296875,519.75,516.5633544921875,177961
2019-10-22,TRENT.NS,Trent Ltd,Growth / Compounder,520.9500122070312,525.0999755859375,515.4500122070312,520.2999877929688,517.1099243164062,81390
2019-10-23,TRENT.NS,Trent Ltd,Growth / Compounder,522.0,539.0,517.25,526.2000122070312,522.973876953125,172278
2019-10-24,TRENT.NS,Trent Ltd,Growth / Compounder,529.0,549.0,512.5999755859375,537.4500122070312,534.1549072265625,298536
2019-10-25,TRENT.NS,Trent Ltd,Growth / Compounder,536.7999877929688,545.9500122070312,529.75,544.0,540.6647338867188,140932
2019-10-27,TRENT.NS,Trent Ltd,Growth / Compounder,548.7999877929688,555.0,541.0,546.0999755859375,542.7518310546875,39630
2019-10-29,TRENT.NS,Trent Ltd,Growth / Compounder,548.9000244140625,554.7999877929688,530.0,536.9000244140625,533.6082763671875,98901
2019-10-30,TRENT.NS,Trent Ltd,Growth / Compounder,535.0,553.0,534.0999755859375,537.75,534.4530029296875,116461
2019-10-31,TRENT.NS,Trent Ltd,Growth / Compounder,540.0,553.9000244140625,540.0,541.6500244140625,538.3291015625,154082
2019-11-01,TRENT.NS,Trent Ltd,Growth / Compounder,542.0999755859375,559.0,541.0,547.4500122070312,544.0935668945312,177483
2019-11-04,TRENT.NS,Trent Ltd,Growth / Compounder,551.7999877929688,552.1500244140625,531.5999755859375,533.7000122070312,530.4279174804688,84217
2019-11-05,TRENT.NS,Trent Ltd,Growth / Compounder,537.6500244140625,567.9000244140625,520.0,548.9000244140625,545.53466796875,195548
2019-11-06,TRENT.NS,Trent Ltd,Growth / Compounder,555.0,557.1500244140625,535.0,537.7000122070312,534.4033203125,173245
2019-11-07,TRENT.NS,Trent Ltd,Growth / Compounder,537.7000122070312,550.0,537.7000122070312,540.9000244140625,537.583740234375,126492
2019-11-08,TRENT.NS,Trent Ltd,Growth / Compounder,535.0,548.9000244140625,513.25,516.3499755859375,513.1842041015625,260854
2019-11-11,TRENT.NS,Trent Ltd,Growth / Compounder,515.0,519.7999877929688,501.04998779296875,510.8999938964844,507.76763916015625,142753
2019-11-13,TRENT.NS,Trent Ltd,Growth / Compounder,512.7000122070312,517.0,500.0,502.3999938964844,499.31976318359375,120026
2019-11-14,TRENT.NS,Trent Ltd,Growth / Compounder,503.3999938964844,509.54998779296875,495.75,498.6000061035156,495.5430603027344,93999
2019-11-15,TRENT.NS,Trent Ltd,Growth / Compounder,505.0,505.45001220703125,493.0,499.54998779296875,496.4872131347656,91939
2019-11-18,TRENT.NS,Trent Ltd,Growth / Compounder,500.0,515.0,482.6000061035156,510.1000061035156,506.9725646972656,304042
2019-11-19,TRENT.NS,Trent Ltd,Growth / Compounder,513.0,519.7000122070312,502.04998779296875,506.1499938964844,503.0467529296875,82304
2019-11-20,TRENT.NS,Trent Ltd,Growth / Compounder,508.79998779296875,508.79998779296875,491.1000061035156,496.8500061035156,493.80377197265625,206455
2019-11-21,TRENT.NS,Trent Ltd,Growth / Compounder,496.8999938964844,498.70001220703125,491.0,492.95001220703125,489.9277648925781,93824
2019-11-22,TRENT.NS,Trent Ltd,Growth / Compounder,493.04998779296875,507.0,490.5,503.20001220703125,500.1148681640625,268733
2019-11-25,TRENT.NS,Trent Ltd,Growth / Compounder,506.70001220703125,510.0,501.0,506.1499938964844,503.0467529296875,133306
2019-11-26,TRENT.NS,Trent Ltd,Growth / Compounder,508.3999938964844,513.0,503.20001220703125,506.0,502.8976745605469,102419
2019-11-27,TRENT.NS,Trent Ltd,Growth / Compounder,508.0,508.0,501.3500061035156,505.1499938964844,502.0528564453125,73094
2019-11-28,TRENT.NS,Trent Ltd,Growth / Compounder,505.0,517.8499755859375,503.1499938964844,515.2000122070312,512.041259765625,70188
2019-11-29,TRENT.NS,Trent Ltd,Growth / Compounder,515.0,528.0999755859375,514.9500122070312,520.5999755859375,517.4081420898438,181290
2019-12-02,TRENT.NS,Trent Ltd,Growth / Compounder,521.0,529.0,514.0999755859375,526.4000244140625,523.172607421875,152547
2019-12-03,TRENT.NS,Trent Ltd,Growth / Compounder,528.0,530.0,519.2000122070312,520.0499877929688,516.861572265625,201737
2019-12-04,TRENT.NS,Trent Ltd,Growth / Compounder,527.5,528.0,508.0,512.25,509.109375,119520
2019-12-05,TRENT.NS,Trent Ltd,Growth / Compounder,512.9500122070312,515.0,496.20001220703125,502.20001220703125,499.1209716796875,54481
2019-12-06,TRENT.NS,Trent Ltd,Growth / Compounder,500.0,509.04998779296875,496.0,503.25,500.1645202636719,147064
2019-12-09,TRENT.NS,Trent Ltd,Growth / Compounder,504.8999938964844,510.0,498.0,500.20001220703125,497.1332702636719,66489
2019-12-10,TRENT.NS,Trent Ltd,Growth / Compounder,500.20001220703125,505.0,495.0,498.45001220703125,495.3939514160156,37965
2019-12-11,TRENT.NS,Trent Ltd,Growth / Compounder,502.95001220703125,502.95001220703125,490.95001220703125,496.8500061035156,493.80377197265625,77663
2019-12-12,TRENT.NS,Trent Ltd,Growth / Compounder,497.0,514.9500122070312,496.45001220703125,505.45001220703125,502.3511047363281,99177
2019-12-13,TRENT.NS,Trent Ltd,Growth / Compounder,502.70001220703125,514.9000244140625,500.79998779296875,505.3500061035156,502.251708984375,336658
2019-12-16,TRENT.NS,Trent Ltd,Growth / Compounder,508.0,512.9000244140625,507.04998779296875,511.45001220703125,508.3143310546875,107043
2019-12-17,TRENT.NS,Trent Ltd,Growth / Compounder,514.0,526.5,501.95001220703125,516.2999877929688,513.134521484375,390685
2019-12-18,TRENT.NS,Trent Ltd,Growth / Compounder,516.2999877929688,519.6500244140625,507.6000061035156,513.0999755859375,509.9541320800781,73609
2019-12-19,TRENT.NS,Trent Ltd,Growth / Compounder,514.0,518.9000244140625,507.25,515.3499755859375,512.1902465820312,55026
2019-12-20,TRENT.NS,Trent Ltd,Growth / Compounder,516.0,534.5,513.0,527.1500244140625,523.9180297851562,198512
2019-12-23,TRENT.NS,Trent Ltd,Growth / Compounder,527.0,538.4000244140625,515.0499877929688,519.7000122070312,516.5137329101562,186297
2019-12-24,TRENT.NS,Trent Ltd,Growth / Compounder,522.2000122070312,529.7000122070312,518.9500122070312,521.2000122070312,518.0045776367188,97210
2019-12-26,TRENT.NS,Trent Ltd,Growth / Compounder,523.2999877929688,526.9000244140625,515.1500244140625,524.7999877929688,521.5824584960938,77993
2019-12-27,TRENT.NS,Trent Ltd,Growth / Compounder,527.7999877929688,547.4500122070312,522.0,545.4500122070312,542.1057739257812,413584
2019-12-30,TRENT.NS,Trent Ltd,Growth / Compounder,549.75,567.5,542.0,544.4000244140625,541.0623779296875,555919
2019-12-31,TRENT.NS,Trent Ltd,Growth / Compounder,545.7999877929688,551.8499755859375,522.2999877929688,527.1500244140625,523.9180297851562,384577
2020-01-01,TRENT.NS,Trent Ltd,Growth / Compounder,527.0,534.75,524.0,529.6500244140625,526.4026489257812,107849
2020-01-02,TRENT.NS,Trent Ltd,Growth / Compounder,529.5,545.9000244140625,528.7000122070312,541.3499755859375,538.0308837890625,158640
2020-01-03,TRENT.NS,Trent Ltd,Growth / Compounder,542.4000244140625,542.7999877929688,534.0,535.9000244140625,532.6144409179688,63423
2020-01-06,TRENT.NS,Trent Ltd,Growth / Compounder,533.0,534.9000244140625,521.4000244140625,529.9500122070312,526.7008056640625,105970
2020-01-07,TRENT.NS,Trent Ltd,Growth / Compounder,532.0,540.8499755859375,528.4000244140625,532.9500122070312,529.6824951171875,153960
2020-01-08,TRENT.NS,Trent Ltd,Growth / Compounder,526.5999755859375,534.5499877929688,521.4000244140625,531.9500122070312,528.6886596679688,163181
2020-01-09,TRENT.NS,Trent Ltd,Growth / Compounder,535.0,557.8499755859375,532.0,547.4500122070312,544.0935668945312,200543
2020-01-10,TRENT.NS,Trent Ltd,Growth / Compounder,548.75,559.0,543.0,550.5499877929688,547.1746215820312,156788
2020-01-13,TRENT.NS,Trent Ltd,Growth / Compounder,551.0,557.9000244140625,541.0,545.4500122070312,542.1057739257812,79458
2020-01-14,TRENT.NS,Trent Ltd,Growth / Compounder,547.0999755859375,565.0,542.2000122070312,561.1500244140625,557.7095336914062,152033
2020-01-15,TRENT.NS,Trent Ltd,Growth / Compounder,561.1500244140625,586.5,555.0,583.9500122070312,580.3698120117188,568486
2020-01-16,TRENT.NS,Trent Ltd,Growth / Compounder,584.9000244140625,600.0,584.0,591.5,587.8734130859375,323010
2020-01-17,TRENT.NS,Trent Ltd,Growth / Compounder,595.7999877929688,599.9500122070312,565.6500244140625,591.4000244140625,587.7741088867188,179399
2020-01-20,TRENT.NS,Trent Ltd,Growth / Compounder,595.0,611.9500122070312,594.4500122070312,600.2999877929688,596.6195068359375,460984
2020-01-21,TRENT.NS,Trent Ltd,Growth / Compounder,599.25,603.4000244140625,588.3499755859375,594.2999877929688,590.6563720703125,217977
2020-01-22,TRENT.NS,Trent Ltd,Growth / Compounder,603.9500122070312,605.0,582.2000122070312,586.2000122070312,582.6060180664062,71955
2020-01-23,TRENT.NS,Trent Ltd,Growth / Compounder,590.0499877929688,594.25,582.2999877929688,589.5,585.8857421875,82621
2020-01-24,TRENT.NS,Trent Ltd,Growth / Compounder,591.7999877929688,596.0,576.0999755859375,583.2999877929688,579.7236938476562,128325
2020-01-27,TRENT.NS,Trent Ltd,Growth / Compounder,577.0,584.25,570.0,572.75,569.2384643554688,71115
2020-01-28,TRENT.NS,Trent Ltd,Growth / Compounder,573.0499877929688,597.7999877929688,568.0,587.9500122070312,584.3453369140625,283284
2020-01-29,TRENT.NS,Trent Ltd,Growth / Compounder,591.4000244140625,600.0,578.0,582.25,578.6801147460938,134349
2020-01-30,TRENT.NS,Trent Ltd,Growth / Compounder,586.2000122070312,594.9500122070312,578.8499755859375,582.0,578.4317016601562,88967
2020-01-31,TRENT.NS,Trent Ltd,Growth / Compounder,586.0,595.0,580.0,590.7999877929688,587.177734375,108209
2020-02-03,TRENT.NS,Trent Ltd,Growth / Compounder,580.0999755859375,596.75,579.8499755859375,594.0499877929688,590.4078369140625,336150
2020-02-04,TRENT.NS,Trent Ltd,Growth / Compounder,596.1500244140625,607.0,595.0,600.75,597.0668334960938,223685
2020-02-05,TRENT.NS,Trent Ltd,Growth / Compounder,601.75,602.7999877929688,585.0,592.5999755859375,588.966796875,181054
2020-02-06,TRENT.NS,Trent Ltd,Growth / Compounder,596.0,599.0,590.0999755859375,593.0999755859375,589.4636840820312,160852
2020-02-07,TRENT.NS,Trent Ltd,Growth / Compounder,620.0,678.4000244140625,620.0,662.5499877929688,658.48779296875,2595009
2020-02-10,TRENT.NS,Trent Ltd,Growth / Compounder,665.0,701.6500244140625,642.1500244140625,695.75,691.4843139648438,1105421
2020-02-11,TRENT.NS,Trent Ltd,Growth / Compounder,700.5,714.5999755859375,669.9000244140625,676.9500122070312,672.799560546875,967825
2020-02-12,TRENT.NS,Trent Ltd,Growth / Compounder,675.8499755859375,725.0,673.5,705.2999877929688,700.9757080078125,1234720
2020-02-13,TRENT.NS,Trent Ltd,Growth / Compounder,708.0,742.0,702.0,734.4000244140625,729.8973388671875,875161
2020-02-14,TRENT.NS,Trent Ltd,Growth / Compounder,736.5999755859375,764.0,712.5999755859375,758.2999877929688,753.6508178710938,1068329
2020-02-17,TRENT.NS,Trent Ltd,Growth / Compounder,753.0,782.75,736.0499877929688,749.7999877929688,745.202880859375,848055
2020-02-18,TRENT.NS,Trent Ltd,Growth / Compounder,751.0,764.5999755859375,715.7999877929688,727.4000244140625,722.9403076171875,538830
2020-02-19,TRENT.NS,Trent Ltd,Growth / Compounder,731.8499755859375,779.0,731.8499755859375,775.1500244140625,770.3975830078125,656923
2020-02-20,TRENT.NS,Trent Ltd,Growth / Compounder,775.9000244140625,794.0,765.0,776.0499877929688,771.2919311523438,1076588
2020-02-24,TRENT.NS,Trent Ltd,Growth / Compounder,775.9000244140625,802.9500122070312,767.0999755859375,795.9500122070312,791.0700073242188,543365
2020-02-25,TRENT.NS,Trent Ltd,Growth / Compounder,792.0,804.7000122070312,760.0,764.0999755859375,759.4152221679688,464607
2020-02-26,TRENT.NS,Trent Ltd,Growth / Compounder,755.0,762.0,735.0,738.0,733.4752807617188,580129
2020-02-27,TRENT.NS,Trent Ltd,Growth / Compounder,733.0999755859375,748.7000122070312,728.0,734.0999755859375,729.5992431640625,283297
2020-02-28,TRENT.NS,Trent Ltd,Growth / Compounder,714.9000244140625,760.0,680.0,737.2000122070312,732.68017578125,741077
2020-03-02,TRENT.NS,Trent Ltd,Growth / Compounder,750.5,778.0,723.1500244140625,731.7999877929688,727.3132934570312,370025
2020-03-03,TRENT.NS,Trent Ltd,Growth / Compounder,734.9500122070312,754.0,720.0,725.9500122070312,721.499267578125,338626
2020-03-04,TRENT.NS,Trent Ltd,Growth / Compounder,735.0,736.7000122070312,673.9000244140625,683.6500244140625,679.45849609375,752869
2020-03-05,TRENT.NS,Trent Ltd,Growth / Compounder,694.9500122070312,706.7000122070312,680.0,684.8499755859375,680.6510620117188,323635
2020-03-06,TRENT.NS,Trent Ltd,Growth / Compounder,660.0,699.7999877929688,649.0,693.7999877929688,689.5462646484375,416766
2020-03-09,TRENT.NS,Trent Ltd,Growth / Compounder,675.0,680.0,621.25,660.3499755859375,656.3013916015625,588633
2020-03-11,TRENT.NS,Trent Ltd,Growth / Compounder,664.4500122070312,698.0,645.1500244140625,659.4500122070312,655.4068603515625,349780
2020-03-12,TRENT.NS,Trent Ltd,Growth / Compounder,620.0,635.0,567.0,597.1500244140625,593.4888305664062,936391
2020-03-13,TRENT.NS,Trent Ltd,Growth / Compounder,530.5,650.0,530.5,600.4500122070312,596.7686767578125,876985
2020-03-16,TRENT.NS,Trent Ltd,Growth / Compounder,570.0,588.0,530.0,572.0,568.4930419921875,669046
2020-03-17,TRENT.NS,Trent Ltd,Growth / Compounder,566.0,580.0,525.0,536.8499755859375,533.5585327148438,560362
2020-03-18,TRENT.NS,Trent Ltd,Growth / Compounder,540.0,552.0499877929688,457.0,489.0,486.001953125,863336
2020-03-19,TRENT.NS,Trent Ltd,Growth / Compounder,451.0,483.3999938964844,422.1000061035156,470.8999938964844,468.01287841796875,1001487
2020-03-20,TRENT.NS,Trent Ltd,Growth / Compounder,470.8999938964844,524.4000244140625,448.25,505.25,502.1522521972656,565163
2020-03-23,TRENT.NS,Trent Ltd,Growth / Compounder,442.0,479.79998779296875,404.20001220703125,404.20001220703125,401.7218017578125,585178
2020-03-24,TRENT.NS,Trent Ltd,Growth / Compounder,381.3500061035156,425.0,365.0,404.3999938964844,401.9206237792969,550672
2020-03-25,TRENT.NS,Trent Ltd,Growth / Compounder,400.0,480.0,380.29998779296875,446.6000061035156,443.86181640625,389470
2020-03-26,TRENT.NS,Trent Ltd,Growth / Compounder,449.3999938964844,507.0,416.25,495.75,492.71051025390625,624724
2020-03-27,TRENT.NS,Trent Ltd,Growth / Compounder,513.9500122070312,530.0,471.6499938964844,483.29998779296875,480.3368225097656,557689
2020-03-30,TRENT.NS,Trent Ltd,Growth / Compounder,480.0,480.0,448.3999938964844,453.3500061035156,450.57049560546875,333640
2020-03-31,TRENT.NS,Trent Ltd,Growth / Compounder,474.8999938964844,495.0,457.0,484.3500061035156,481.38043212890625,774403
2020-04-01,TRENT.NS,Trent Ltd,Growth / Compounder,475.5,489.25,456.0,465.70001220703125,462.8448181152344,377302
2020-04-03,TRENT.NS,Trent Ltd,Growth / Compounder,469.95001220703125,475.79998779296875,431.5,450.25,447.489501953125,511693
2020-04-07,TRENT.NS,Trent Ltd,Growth / Compounder,472.0,475.1499938964844,451.1499938964844,456.8500061035156,454.0490417480469,508313
2020-04-08,TRENT.NS,Trent Ltd,Growth / Compounder,458.0,482.0,452.5,462.6000061035156,459.7637939453125,245875
2020-04-09,TRENT.NS,Trent Ltd,Growth / Compounder,471.8999938964844,496.5,458.1499938964844,464.6000061035156,461.7514953613281,1338755
2020-04-13,TRENT.NS,Trent Ltd,Growth / Compounder,467.04998779296875,467.8999938964844,433.04998779296875,453.8500061035156,451.0673828125,683063
2020-04-15,TRENT.NS,Trent Ltd,Growth / Compounder,455.54998779296875,464.0,448.0,454.3999938964844,451.6140441894531,1876608
2020-04-16,TRENT.NS,Trent Ltd,Growth / Compounder,454.3999938964844,462.45001220703125,451.0,460.3500061035156,457.527587890625,289907
2020-04-17,TRENT.NS,Trent Ltd,Growth / Compounder,470.0,502.0,465.54998779296875,488.6499938964844,485.6540222167969,1153738
2020-04-20,TRENT.NS,Trent Ltd,Growth / Compounder,490.3999938964844,507.3999938964844,473.54998779296875,478.3500061035156,475.4172058105469,398374
2020-04-21,TRENT.NS,Trent Ltd,Growth / Compounder,470.0,479.8999938964844,457.54998779296875,473.45001220703125,470.5472412109375,273636
2020-04-22,TRENT.NS,Trent Ltd,Growth / Compounder,468.70001220703125,478.0,460.0,473.54998779296875,470.6466369628906,340691
2020-04-23,TRENT.NS,Trent Ltd,Growth / Compounder,475.0,504.6000061035156,475.0,498.8999938964844,495.8411865234375,1142421
2020-04-24,TRENT.NS,Trent Ltd,Growth / Compounder,495.0,495.0,478.20001220703125,485.75,482.7718200683594,199181
2020-04-27,TRENT.NS,Trent Ltd,Growth / Compounder,483.0,505.29998779296875,478.8500061035156,494.0,490.9712219238281,709739
2020-04-28,TRENT.NS,Trent Ltd,Growth / Compounder,496.0,501.0,471.3999938964844,491.75,488.735107421875,1299395
2020-04-29,TRENT.NS,Trent Ltd,Growth / Compounder,489.0,497.45001220703125,483.0,487.04998779296875,484.0638732910156,209084
2020-04-30,TRENT.NS,Trent Ltd,Growth / Compounder,494.0,509.8999938964844,492.1499938964844,505.0,501.90380859375,935890
2020-05-04,TRENT.NS,Trent Ltd,Growth / Compounder,490.04998779296875,494.95001220703125,471.0,477.54998779296875,474.62213134765625,269260
2020-05-05,TRENT.NS,Trent Ltd,Growth / Compounder,482.0,487.29998779296875,474.54998779296875,475.79998779296875,472.8828430175781,327042
2020-05-06,TRENT.NS,Trent Ltd,Growth / Compounder,479.70001220703125,486.95001220703125,451.54998779296875,470.5,467.6153259277344,751468
2020-05-07,TRENT.NS,Trent Ltd,Growth / Compounder,470.3999938964844,475.25,463.95001220703125,465.3999938964844,462.5466003417969,214394
2020-05-08,TRENT.NS,Trent Ltd,Growth / Compounder,474.0,474.0,456.1000061035156,459.79998779296875,456.98095703125,243041
2020-05-11,TRENT.NS,Trent Ltd,Growth / Compounder,462.70001220703125,466.54998779296875,449.0,450.54998779296875,447.78759765625,209138
2020-05-12,TRENT.NS,Trent Ltd,Growth / Compounder,454.3999938964844,458.0,443.70001220703125,448.70001220703125,445.94903564453125,127876
2020-05-13,TRENT.NS,Trent Ltd,Growth / Compounder,458.70001220703125,462.54998779296875,447.0,450.79998779296875,448.0361022949219,1007475
2020-05-14,TRENT.NS,Trent Ltd,Growth / Compounder,450.79998779296875,456.95001220703125,445.1499938964844,450.1499938964844,447.39007568359375,305826
2020-05-15,TRENT.NS,Trent Ltd,Growth / Compounder,450.04998779296875,452.3999938964844,440.0,441.3999938964844,438.6937255859375,346808
2020-05-18,TRENT.NS,Trent Ltd,Growth / Compounder,439.0,439.8500061035156,405.8500061035156,414.5,411.9587097167969,381082
2020-05-19,TRENT.NS,Trent Ltd,Growth / Compounder,421.5,424.79998779296875,401.04998779296875,403.3999938964844,400.9267272949219,179668
2020-05-20,TRENT.NS,Trent Ltd,Growth / Compounder,404.0,426.8999938964844,403.3999938964844,423.45001220703125,420.8538513183594,489102
2020-05-21,TRENT.NS,Trent Ltd,Growth / Compounder,427.0,459.5,420.29998779296875,451.79998779296875,449.0299377441406,482949
2020-05-22,TRENT.NS,Trent Ltd,Growth / Compounder,453.29998779296875,464.79998779296875,435.6499938964844,442.45001220703125,439.73736572265625,272172
2020-05-26,TRENT.NS,Trent Ltd,Growth / Compounder,452.0,463.0,437.04998779296875,459.54998779296875,456.73248291015625,632168
2020-05-27,TRENT.NS,Trent Ltd,Growth / Compounder,459.8999938964844,469.8999938964844,459.6000061035156,467.54998779296875,464.6833801269531,261854
2020-05-28,TRENT.NS,Trent Ltd,Growth / Compounder,469.95001220703125,474.8500061035156,457.6000061035156,462.75,459.9128723144531,131363
2020-05-29,TRENT.NS,Trent Ltd,Growth / Compounder,460.0,471.0,456.1000061035156,468.8500061035156,465.9754333496094,115731
2020-06-01,TRENT.NS,Trent Ltd,Growth / Compounder,481.0,514.0,480.0,507.95001220703125,504.83575439453125,947807
2020-06-02,TRENT.NS,Trent Ltd,Growth / Compounder,512.8499755859375,545.0,512.0,537.5,534.20458984375,763829
2020-06-03,TRENT.NS,Trent Ltd,Growth / Compounder,554.0,586.6500244140625,548.0999755859375,575.9000244140625,572.369140625,1426590
2020-06-04,TRENT.NS,Trent Ltd,Growth / Compounder,573.7999877929688,584.9000244140625,548.4500122070312,556.0999755859375,552.6904296875,953605
2020-06-05,TRENT.NS,Trent Ltd,Growth / Compounder,560.4500122070312,583.5999755859375,551.0999755859375,579.2999877929688,575.7481689453125,343631
2020-06-08,TRENT.NS,Trent Ltd,Growth / Compounder,585.0,590.0,560.7000122070312,564.3499755859375,560.889892578125,471321
2020-06-09,TRENT.NS,Trent Ltd,Growth / Compounder,564.3499755859375,573.5499877929688,551.3499755859375,555.9500122070312,552.54150390625,213121
2020-06-10,TRENT.NS,Trent Ltd,Growth / Compounder,550.0,561.9500122070312,540.0999755859375,542.0,538.677001953125,209117
2020-06-11,TRENT.NS,Trent Ltd,Growth / Compounder,542.0,544.7999877929688,523.25,528.0,524.7628784179688,224162
2020-06-12,TRENT.NS,Trent Ltd,Growth / Compounder,500.6000061035156,524.0,491.1000061035156,516.3499755859375,513.1842041015625,692342
2020-06-15,TRENT.NS,Trent Ltd,Growth / Compounder,519.0,537.9000244140625,506.0,511.20001220703125,508.0657958984375,230407
2020-06-16,TRENT.NS,Trent Ltd,Growth / Compounder,526.9000244140625,530.0,511.25,521.4500122070312,518.2529907226562,359495
2020-06-17,TRENT.NS,Trent Ltd,Growth / Compounder,512.5999755859375,531.8499755859375,510.0,524.4000244140625,521.1848754882812,156771
2020-06-18,TRENT.NS,Trent Ltd,Growth / Compounder,521.0,537.0,521.0,527.3499755859375,524.1167602539062,152299
2020-06-19,TRENT.NS,Trent Ltd,Growth / Compounder,532.5499877929688,575.0,528.7000122070312,569.9000244140625,566.4059448242188,682705
2020-06-22,TRENT.NS,Trent Ltd,Growth / Compounder,573.0,597.2999877929688,558.0,586.3499755859375,582.7550659179688,490506
2020-06-23,TRENT.NS,Trent Ltd,Growth / Compounder,594.7999877929688,687.7000122070312,578.0999755859375,657.3499755859375,653.3197631835938,2031589
2020-06-24,TRENT.NS,Trent Ltd,Growth / Compounder,668.0,678.0,630.0,665.25,661.17138671875,1708609
2020-06-25,TRENT.NS,Trent Ltd,Growth / Compounder,657.5499877929688,697.5,633.0999755859375,686.0999755859375,681.8934936523438,1476229
2020-06-26,TRENT.NS,Trent Ltd,Growth / Compounder,680.0,707.0,680.0,687.4000244140625,683.1856079101562,1419224
2020-06-29,TRENT.NS,Trent Ltd,Growth / Compounder,680.0,694.1500244140625,641.3499755859375,651.5999755859375,647.6050415039062,640433
2020-06-30,TRENT.NS,Trent Ltd,Growth / Compounder,652.0,662.0,606.5999755859375,615.2999877929688,611.527587890625,470205
2020-07-01,TRENT.NS,Trent Ltd,Growth / Compounder,615.0,635.5,610.0,614.3499755859375,610.5833740234375,365909
2020-07-02,TRENT.NS,Trent Ltd,Growth / Compounder,616.0499877929688,630.0,606.8499755859375,610.4500122070312,606.707275390625,163804
2020-07-03,TRENT.NS,Trent Ltd,Growth / Compounder,614.0,624.7000122070312,613.5999755859375,619.5,615.7017822265625,165455
2020-07-06,TRENT.NS,Trent Ltd,Growth / Compounder,624.0,634.0,621.1500244140625,630.0,626.1375122070312,498167
2020-07-07,TRENT.NS,Trent Ltd,Growth / Compounder,634.0499877929688,634.0499877929688,622.0,629.9500122070312,626.0877685546875,331418
2020-07-08,TRENT.NS,Trent Ltd,Growth / Compounder,629.9500122070312,644.0499877929688,622.5999755859375,627.75,623.9012451171875,306679
2020-07-09,TRENT.NS,Trent Ltd,Growth / Compounder,626.5999755859375,633.0,618.5,621.7000122070312,617.8883666992188,184662
2020-07-10,TRENT.NS,Trent Ltd,Growth / Compounder,628.0,635.0,618.0,628.9000244140625,625.0442504882812,324407
2020-07-13,TRENT.NS,Trent Ltd,Growth / Compounder,625.0499877929688,627.4500122070312,608.5499877929688,613.4500122070312,609.6889038085938,693431
2020-07-14,TRENT.NS,Trent Ltd,Growth / Compounder,614.9500122070312,632.0,607.0,629.75,625.888916015625,1047616
2020-07-15,TRENT.NS,Trent Ltd,Growth / Compounder,632.2999877929688,634.4000244140625,613.0,620.9000244140625,617.0932006835938,416285
2020-07-16,TRENT.NS,Trent Ltd,Growth / Compounder,612.6500244140625,619.7000122070312,602.2000122070312,610.5499877929688,606.806640625,305408
2020-07-17,TRENT.NS,Trent Ltd,Growth / Compounder,612.9000244140625,629.9000244140625,611.0,622.4500122070312,618.6336669921875,220410
2020-07-20,TRENT.NS,Trent Ltd,Growth / Compounder,622.4500122070312,626.75,611.0,613.7000122070312,609.9373779296875,264058
2020-07-21,TRENT.NS,Trent Ltd,Growth / Compounder,620.0,621.9500122070312,604.5499877929688,610.25,606.508544921875,131917
2020-07-22,TRENT.NS,Trent Ltd,Growth / Compounder,610.25,612.0,596.5,603.3499755859375,599.6507568359375,168754
2020-07-23,TRENT.NS,Trent Ltd,Growth / Compounder,602.6500244140625,612.0,584.0,589.5999755859375,585.9850463867188,250171
2020-07-24,TRENT.NS,Trent Ltd,Growth / Compounder,588.7000122070312,591.75,575.0,577.4500122070312,574.5592651367188,114137
2020-07-27,TRENT.NS,Trent Ltd,Growth / Compounder,579.9000244140625,582.7999877929688,540.5999755859375,550.2000122070312,547.4456176757812,478235
2020-07-28,TRENT.NS,Trent Ltd,Growth / Compounder,551.25,555.0999755859375,545.0499877929688,549.5,546.7492065429688,207540
2020-07-29,TRENT.NS,Trent Ltd,Growth / Compounder,550.0,568.9000244140625,542.0,554.4500122070312,551.6744384765625,223641
2020-07-30,TRENT.NS,Trent Ltd,Growth / Compounder,556.9000244140625,574.4000244140625,546.75,550.4500122070312,547.6943969726562,242203
2020-07-31,TRENT.NS,Trent Ltd,Growth / Compounder,554.25,577.6500244140625,550.1500244140625,558.0999755859375,555.3060913085938,597377
2020-08-03,TRENT.NS,Trent Ltd,Growth / Compounder,561.5,564.7000122070312,550.5499877929688,553.5,550.7291259765625,118226
2020-08-04,TRENT.NS,Trent Ltd,Growth / Compounder,556.0,564.7999877929688,550.0499877929688,560.5,557.6941528320312,179406
2020-08-05,TRENT.NS,Trent Ltd,Growth / Compounder,564.9000244140625,568.2999877929688,544.1500244140625,548.5999755859375,545.8536987304688,181575
2020-08-06,TRENT.NS,Trent Ltd,Growth / Compounder,548.7000122070312,561.0,548.7000122070312,558.0999755859375,555.3060913085938,160486
2020-08-07,TRENT.NS,Trent Ltd,Growth / Compounder,558.0999755859375,597.7999877929688,558.0999755859375,578.6500244140625,575.7532348632812,648775
2020-08-10,TRENT.NS,Trent Ltd,Growth / Compounder,583.4500122070312,596.5,577.0,582.3499755859375,579.4347534179688,239496
2020-08-11,TRENT.NS,Trent Ltd,Growth / Compounder,582.5,583.2000122070312,554.0,555.5499877929688,552.768798828125,415198
2020-08-12,TRENT.NS,Trent Ltd,Growth / Compounder,555.5499877929688,569.6500244140625,552.0,554.5999755859375,551.8235473632812,412643
2020-08-13,TRENT.NS,Trent Ltd,Growth / Compounder,555.0999755859375,589.5,555.0999755859375,575.0999755859375,572.2210693359375,696163
2020-08-14,TRENT.NS,Trent Ltd,Growth / Compounder,570.0,588.0,555.2999877929688,566.0499877929688,563.2163696289062,349724
2020-08-17,TRENT.NS,Trent Ltd,Growth / Compounder,566.0,570.0,557.6500244140625,560.0999755859375,557.296142578125,145048
2020-08-18,TRENT.NS,Trent Ltd,Growth / Compounder,561.0,594.9000244140625,561.0,589.4500122070312,586.4992065429688,742841
2020-08-19,TRENT.NS,Trent Ltd,Growth / Compounder,595.1500244140625,628.5,582.2000122070312,616.4500122070312,613.364013671875,895461
2020-08-20,TRENT.NS,Trent Ltd,Growth / Compounder,605.0,624.5999755859375,602.6500244140625,613.25,610.1801147460938,623528
2020-08-21,TRENT.NS,Trent Ltd,Growth / Compounder,618.0,619.7999877929688,604.0,606.0499877929688,603.0160522460938,269591
2020-08-24,TRENT.NS,Trent Ltd,Growth / Compounder,611.4000244140625,666.0,606.0,622.75,619.6325073242188,1638842
2020-08-25,TRENT.NS,Trent Ltd,Growth / Compounder,626.3499755859375,665.5,624.4000244140625,646.7000122070312,643.462646484375,1326031
2020-08-26,TRENT.NS,Trent Ltd,Growth / Compounder,651.5499877929688,684.0,646.7999877929688,649.9000244140625,646.6466674804688,1608981
2020-08-27,TRENT.NS,Trent Ltd,Growth / Compounder,653.0,672.7999877929688,647.0499877929688,648.7999877929688,645.5521240234375,1026226
2020-08-28,TRENT.NS,Trent Ltd,Growth / Compounder,653.0,661.0,646.0,650.4500122070312,647.1937866210938,599634
2020-08-31,TRENT.NS,Trent Ltd,Growth / Compounder,655.3499755859375,659.2999877929688,610.4500122070312,639.2000122070312,636.0001831054688,636917
2020-09-01,TRENT.NS,Trent Ltd,Growth / Compounder,627.5999755859375,641.6500244140625,625.0,638.5499877929688,635.3534545898438,396263
2020-09-02,TRENT.NS,Trent Ltd,Growth / Compounder,638.2000122070312,658.0,634.25,651.75,648.4873046875,361767
2020-09-03,TRENT.NS,Trent Ltd,Growth / Compounder,658.0,660.8499755859375,645.0,651.7999877929688,648.5371704101562,434219
2020-09-04,TRENT.NS,Trent Ltd,Growth / Compounder,635.0,658.5,635.0,649.9500122070312,646.6962890625,441470
2020-09-07,TRENT.NS,Trent Ltd,Growth / Compounder,650.0,658.7999877929688,642.5499877929688,647.1500244140625,643.910400390625,476964
2020-09-08,TRENT.NS,Trent Ltd,Growth / Compounder,642.7999877929688,657.8499755859375,630.0999755859375,635.2000122070312,632.0202026367188,327992
2020-09-09,TRENT.NS,Trent Ltd,Growth / Compounder,630.0,657.7999877929688,627.0,651.4000244140625,648.1390380859375,901726
2020-09-10,TRENT.NS,Trent Ltd,Growth / Compounder,655.9000244140625,688.5,652.25,679.7999877929688,676.3969116210938,1118620
2020-09-11,TRENT.NS,Trent Ltd,Growth / Compounder,679.9500122070312,705.0,667.3499755859375,695.2999877929688,691.8193359375,1101946
2020-09-14,TRENT.NS,Trent Ltd,Growth / Compounder,698.9000244140625,749.0,690.5499877929688,695.4000244140625,691.9187622070312,1791778
2020-09-15,TRENT.NS,Trent Ltd,Growth / Compounder,700.0999755859375,755.5999755859375,700.0499877929688,747.8499755859375,744.1062622070312,2001624
2020-09-16,TRENT.NS,Trent Ltd,Growth / Compounder,758.6500244140625,769.0,735.2999877929688,755.4000244140625,751.6184692382812,983695
2020-09-17,TRENT.NS,Trent Ltd,Growth / Compounder,742.2000122070312,749.2999877929688,710.0,713.5,709.92822265625,575002
2020-09-18,TRENT.NS,Trent Ltd,Growth / Compounder,718.0,726.75,671.0,682.0,678.5859375,4548300
2020-09-21,TRENT.NS,Trent Ltd,Growth / Compounder,687.2000122070312,694.0,641.5999755859375,649.25,645.9999389648438,1529079
2020-09-22,TRENT.NS,Trent Ltd,Growth / Compounder,642.1500244140625,647.9500122070312,613.9500122070312,634.2999877929688,631.1246337890625,320614
2020-09-23,TRENT.NS,Trent Ltd,Growth / Compounder,640.0,650.0,602.0,626.0999755859375,622.9656372070312,361354
2020-09-24,TRENT.NS,Trent Ltd,Growth / Compounder,610.0999755859375,631.9500122070312,605.5999755859375,625.0999755859375,621.970703125,227266
2020-09-25,TRENT.NS,Trent Ltd,Growth / Compounder,632.0,643.2000122070312,623.25,633.0,629.8311767578125,224220
2020-09-28,TRENT.NS,Trent Ltd,Growth / Compounder,641.0,674.7000122070312,638.0499877929688,665.7000122070312,662.3675537109375,322362
2020-09-29,TRENT.NS,Trent Ltd,Growth / Compounder,680.0,685.0,650.0,662.6500244140625,659.3327026367188,493294
2020-09-30,TRENT.NS,Trent Ltd,Growth / Compounder,683.9500122070312,683.9500122070312,665.0499877929688,671.9000244140625,668.5365600585938,854301
2020-10-01,TRENT.NS,Trent Ltd,Growth / Compounder,680.0,683.0,661.6500244140625,673.3499755859375,669.9791259765625,307303
2020-10-05,TRENT.NS,Trent Ltd,Growth / Compounder,670.0,675.9500122070312,640.0,669.4000244140625,666.0490112304688,277727
2020-10-06,TRENT.NS,Trent Ltd,Growth / Compounder,669.4000244140625,683.9500122070312,669.4000244140625,678.6500244140625,675.2527465820312,680272
2020-10-07,TRENT.NS,Trent Ltd,Growth / Compounder,680.0,682.0499877929688,666.25,675.4000244140625,672.0189819335938,1716812
2020-10-08,TRENT.NS,Trent Ltd,Growth / Compounder,674.0,698.9000244140625,673.0999755859375,690.2999877929688,686.8442993164062,1441647
2020-10-09,TRENT.NS,Trent Ltd,Growth / Compounder,689.7999877929688,689.7999877929688,675.0,679.5,676.098388671875,761422
2020-10-12,TRENT.NS,Trent Ltd,Growth / Compounder,679.5,712.75,676.8499755859375,701.9500122070312,698.4360961914062,832527
2020-10-13,TRENT.NS,Trent Ltd,Growth / Compounder,704.6500244140625,704.6500244140625,683.0,692.9500122070312,689.4811401367188,823729
2020-10-14,TRENT.NS,Trent Ltd,Growth / Compounder,689.9000244140625,690.75,626.7999877929688,670.0999755859375,666.7454833984375,593606
2020-10-15,TRENT.NS,Trent Ltd,Growth / Compounder,644.9500122070312,674.5499877929688,638.0499877929688,653.9000244140625,650.6265869140625,400907
2020-10-16,TRENT.NS,Trent Ltd,Growth / Compounder,655.0999755859375,675.0,655.0999755859375,662.8499755859375,659.53173828125,128640
2020-10-19,TRENT.NS,Trent Ltd,Growth / Compounder,668.5,668.5,642.2999877929688,646.5,643.2635498046875,139154
2020-10-20,TRENT.NS,Trent Ltd,Growth / Compounder,642.5,664.9500122070312,637.1500244140625,640.4000244140625,637.1942138671875,233194
2020-10-21,TRENT.NS,Trent Ltd,Growth / Compounder,645.7999877929688,662.25,631.5,634.7999877929688,631.6220703125,175206
2020-10-22,TRENT.NS,Trent Ltd,Growth / Compounder,637.2000122070312,660.4000244140625,627.0,641.5,638.2886962890625,345227
2020-10-23,TRENT.NS,Trent Ltd,Growth / Compounder,644.0,649.0,632.1500244140625,636.1500244140625,632.9655151367188,221760
2020-10-26,TRENT.NS,Trent Ltd,Growth / Compounder,636.1500244140625,646.75,628.0,635.5499877929688,632.368408203125,130781
2020-10-27,TRENT.NS,Trent Ltd,Growth / Compounder,632.0,710.7000122070312,632.0,682.25,678.8345947265625,2609870
2020-10-28,TRENT.NS,Trent Ltd,Growth / Compounder,701.0,704.0,672.6500244140625,682.5999755859375,679.182861328125,1368760
2020-10-29,TRENT.NS,Trent Ltd,Growth / Compounder,685.9000244140625,685.9000244140625,665.1500244140625,671.6500244140625,668.2877197265625,355207
2020-10-30,TRENT.NS,Trent Ltd,Growth / Compounder,672.0,675.7999877929688,654.5,659.5499877929688,656.248291015625,248939
2020-11-02,TRENT.NS,Trent Ltd,Growth / Compounder,662.8499755859375,682.0,640.9500122070312,674.7000122070312,671.3224487304688,334551
2020-11-03,TRENT.NS,Trent Ltd,Growth / Compounder,676.9000244140625,683.7999877929688,652.0,654.75,651.472412109375,372368
2020-11-04,TRENT.NS,Trent Ltd,Growth / Compounder,658.0499877929688,682.5,658.0499877929688,668.5,665.153564453125,368310
2020-11-05,TRENT.NS,Trent Ltd,Growth / Compounder,677.5499877929688,688.0,663.0999755859375,679.6500244140625,676.2477416992188,362789
2020-11-06,TRENT.NS,Trent Ltd,Growth / Compounder,675.4000244140625,680.0,628.0,674.2000122070312,670.824951171875,1129398
2020-11-09,TRENT.NS,Trent Ltd,Growth / Compounder,676.9500122070312,692.0,672.0499877929688,681.25,677.839599609375,1008651
2020-11-10,TRENT.NS,Trent Ltd,Growth / Compounder,688.0,706.4000244140625,675.2999877929688,698.1500244140625,694.6552124023438,1375356
2020-11-11,TRENT.NS,Trent Ltd,Growth / Compounder,725.0,779.9000244140625,692.0,702.9500122070312,699.4310913085938,5826723
2020-11-12,TRENT.NS,Trent Ltd,Growth / Compounder,692.9500122070312,729.7999877929688,690.0,725.9500122070312,722.31591796875,2162056
2020-11-13,TRENT.NS,Trent Ltd,Growth / Compounder,722.2000122070312,758.4500122070312,720.5,751.4500122070312,747.6882934570312,2193815
2020-11-14,TRENT.NS,Trent Ltd,Growth / Compounder,751.0499877929688,759.0,751.0499877929688,753.7999877929688,750.0265502929688,85004
2020-11-17,TRENT.NS,Trent Ltd,Growth / Compounder,755.0,779.7999877929688,738.0,743.75,740.0266723632812,2020786
2020-11-18,TRENT.NS,Trent Ltd,Growth / Compounder,744.0499877929688,766.0,741.0,763.25,759.4291381835938,1428310
2020-11-19,TRENT.NS,Trent Ltd,Growth / Compounder,762.0,773.9500122070312,741.2000122070312,746.1500244140625,742.4147338867188,1264663
2020-11-20,TRENT.NS,Trent Ltd,Growth / Compounder,749.7999877929688,775.0,726.0499877929688,759.75,755.9467163085938,1572077
2020-11-23,TRENT.NS,Trent Ltd,Growth / Compounder,762.0,808.9500122070312,755.9000244140625,786.7000122070312,782.7617797851562,2661607
2020-11-24,TRENT.NS,Trent Ltd,Growth / Compounder,786.6500244140625,800.0,755.3499755859375,773.6500244140625,769.777099609375,2093324
2020-11-25,TRENT.NS,Trent Ltd,Growth / Compounder,774.0,779.75,725.0,731.3499755859375,727.6888427734375,854113
2020-11-26,TRENT.NS,Trent Ltd,Growth / Compounder,734.75,741.0,701.3499755859375,706.9000244140625,703.3612670898438,1218199
2020-11-27,TRENT.NS,Trent Ltd,Growth / Compounder,712.9500122070312,739.0,695.2999877929688,720.2999877929688,716.6941528320312,22823095
2020-12-01,TRENT.NS,Trent Ltd,Growth / Compounder,732.9000244140625,745.0999755859375,705.3499755859375,715.5,711.9181518554688,1754561
2020-12-02,TRENT.NS,Trent Ltd,Growth / Compounder,714.0,717.5,685.0,691.25,687.78955078125,1483703
2020-12-03,TRENT.NS,Trent Ltd,Growth / Compounder,699.2999877929688,700.0499877929688,675.0,677.7999877929688,674.4069213867188,1172454
2020-12-04,TRENT.NS,Trent Ltd,Growth / Compounder,680.0,691.4000244140625,668.4500122070312,677.0,673.6109008789062,818535
2020-12-07,TRENT.NS,Trent Ltd,Growth / Compounder,680.9000244140625,698.0,672.0,693.3499755859375,689.8790283203125,805601
2020-12-08,TRENT.NS,Trent Ltd,Growth / Compounder,701.0,707.9500122070312,683.3499755859375,688.3499755859375,684.9041748046875,782705
2020-12-09,TRENT.NS,Trent Ltd,Growth / Compounder,684.0,698.0,680.0,683.2000122070312,679.7798461914062,1295116
2020-12-10,TRENT.NS,Trent Ltd,Growth / Compounder,686.8499755859375,693.8499755859375,674.0,676.9500122070312,673.5612182617188,874525
2020-12-11,TRENT.NS,Trent Ltd,Growth / Compounder,676.0,692.9500122070312,676.0,689.3499755859375,685.8990478515625,555016
2020-12-14,TRENT.NS,Trent Ltd,Growth / Compounder,695.0,704.4000244140625,693.0,699.7999877929688,696.2966918945312,683921
2020-12-15,TRENT.NS,Trent Ltd,Growth / Compounder,703.9000244140625,718.0,702.0,709.4500122070312,705.8984375,951521
2020-12-16,TRENT.NS,Trent Ltd,Growth / Compounder,716.5,724.0,706.0,716.2000122070312,712.6146850585938,1410592
2020-12-17,TRENT.NS,Trent Ltd,Growth / Compounder,721.0,721.0,698.2000122070312,701.2000122070312,697.6897583007812,1015681
2020-12-18,TRENT.NS,Trent Ltd,Growth / Compounder,702.0,709.2999877929688,695.5,698.4500122070312,694.9535522460938,641194
2020-12-21,TRENT.NS,Trent Ltd,Growth / Compounder,698.0,700.0499877929688,634.2999877929688,685.3499755859375,681.9191284179688,1041283
2020-12-22,TRENT.NS,Trent Ltd,Growth / Compounder,670.0,694.7999877929688,662.0,692.2000122070312,688.7348022460938,457974
2020-12-23,TRENT.NS,Trent Ltd,Growth / Compounder,692.2000122070312,694.0,678.0,680.7000122070312,677.2923583984375,512649
2020-12-24,TRENT.NS,Trent Ltd,Growth / Compounder,683.0,691.6500244140625,675.0,684.75,681.3222045898438,1132681
2020-12-28,TRENT.NS,Trent Ltd,Growth / Compounder,684.0,695.0,682.0,684.5999755859375,681.1727905273438,818791
2020-12-29,TRENT.NS,Trent Ltd,Growth / Compounder,687.9500122070312,690.0,669.0,672.0499877929688,668.6856689453125,577636
2020-12-30,TRENT.NS,Trent Ltd,Growth / Compounder,674.5999755859375,690.25,650.0,677.5499877929688,674.158203125,662060
2020-12-31,TRENT.NS,Trent Ltd,Growth / Compounder,681.0999755859375,690.0,675.0999755859375,687.5999755859375,684.1578979492188,790143
2021-01-01,TRENT.NS,Trent Ltd,Growth / Compounder,690.9000244140625,691.9500122070312,672.0,674.6500244140625,671.272705078125,328829
2021-01-04,TRENT.NS,Trent Ltd,Growth / Compounder,679.0,683.2999877929688,674.0,678.5,675.1034545898438,565557
2021-01-05,TRENT.NS,Trent Ltd,Growth / Compounder,679.9000244140625,679.9000244140625,672.0,675.0,671.6209716796875,450769
2021-01-06,TRENT.NS,Trent Ltd,Growth / Compounder,678.9000244140625,684.2999877929688,672.0,676.6500244140625,673.2627563476562,227409
2021-01-07,TRENT.NS,Trent Ltd,Growth / Compounder,675.8499755859375,684.8499755859375,672.5,675.4500122070312,672.0686645507812,302941
2021-01-08,TRENT.NS,Trent Ltd,Growth / Compounder,678.0,701.0,674.9000244140625,695.4000244140625,691.9187622070312,897082
2021-01-11,TRENT.NS,Trent Ltd,Growth / Compounder,702.9000244140625,705.1500244140625,688.25,693.75,690.277099609375,487073
2021-01-12,TRENT.NS,Trent Ltd,Growth / Compounder,695.0,697.0,683.0,684.5999755859375,681.1727905273438,333187
2021-01-13,TRENT.NS,Trent Ltd,Growth / Compounder,687.9000244140625,693.0,667.0,673.25,669.8796997070312,692189
2021-01-14,TRENT.NS,Trent Ltd,Growth / Compounder,676.8499755859375,677.0,649.0,654.5999755859375,651.3230590820312,543503
2021-01-15,TRENT.NS,Trent Ltd,Growth / Compounder,653.9000244140625,659.0,639.5,643.5,640.2786254882812,705409
2021-01-18,TRENT.NS,Trent Ltd,Growth / Compounder,645.9000244140625,700.0,630.0,660.0499877929688,656.7457885742188,488034
2021-01-19,TRENT.NS,Trent Ltd,Growth / Compounder,669.0,690.25,656.0499877929688,677.75,674.357177734375,437784
2021-01-20,TRENT.NS,Trent Ltd,Growth / Compounder,677.0,695.0,657.0,679.9500122070312,676.546142578125,628236
2021-01-21,TRENT.NS,Trent Ltd,Growth / Compounder,685.0,685.0,660.5499877929688,666.5999755859375,663.262939453125,874465
2021-01-22,TRENT.NS,Trent Ltd,Growth / Compounder,663.0,680.0,640.0499877929688,660.5,657.1935424804688,1258060
2021-01-25,TRENT.NS,Trent Ltd,Growth / Compounder,666.0,677.0,652.7999877929688,670.75,667.3922729492188,410716
2021-01-27,TRENT.NS,Trent Ltd,Growth / Compounder,663.0,672.75,653.4000244140625,659.2000122070312,655.9000854492188,390506
2021-01-28,TRENT.NS,Trent Ltd,Growth / Compounder,650.0,677.1500244140625,647.0,659.25,655.9498901367188,472720
2021-01-29,TRENT.NS,Trent Ltd,Growth / Compounder,657.0999755859375,662.5499877929688,585.0,621.5499877929688,618.4385375976562,946190
2021-02-01,TRENT.NS,Trent Ltd,Growth / Compounder,629.0,650.0,625.0999755859375,641.1500244140625,637.9403686523438,580728
2021-02-02,TRENT.NS,Trent Ltd,Growth / Compounder,641.9000244140625,682.0,641.1500244140625,665.75,662.417236328125,732091
2021-02-03,TRENT.NS,Trent Ltd,Growth / Compounder,673.4500122070312,690.0,664.0499877929688,680.5499877929688,677.1431274414062,642063
2021-02-04,TRENT.NS,Trent Ltd,Growth / Compounder,679.9500122070312,679.9500122070312,662.0,669.6500244140625,666.2977905273438,426826
2021-02-05,TRENT.NS,Trent Ltd,Growth / Compounder,679.2000122070312,692.0999755859375,668.0,688.4500122070312,685.0036010742188,1424089
2021-02-08,TRENT.NS,Trent Ltd,Growth / Compounder,695.9000244140625,695.9000244140625,682.0,691.9000244140625,688.436279296875,521522
2021-02-09,TRENT.NS,Trent Ltd,Growth / Compounder,694.5,694.7000122070312,671.0499877929688,678.2999877929688,674.9043579101562,452702
2021-02-10,TRENT.NS,Trent Ltd,Growth / Compounder,676.9500122070312,699.0,670.0,690.8499755859375,687.3916015625,336479
2021-02-11,TRENT.NS,Trent Ltd,Growth / Compounder,689.0,699.0,677.2000122070312,693.5499877929688,690.0780639648438,438577
2021-02-12,TRENT.NS,Trent Ltd,Growth / Compounder,689.0,694.9500122070312,681.5,685.6500244140625,682.2176513671875,168139
2021-02-15,TRENT.NS,Trent Ltd,Growth / Compounder,685.9000244140625,712.9500122070312,680.9500122070312,701.7000122070312,698.1873168945312,718300
2021-02-16,TRENT.NS,Trent Ltd,Growth / Compounder,710.7000122070312,758.0,710.0,750.25,746.4942016601562,2095315
2021-02-17,TRENT.NS,Trent Ltd,Growth / Compounder,749.2000122070312,778.0,730.25,768.4000244140625,764.553466796875,1348015
2021-02-18,TRENT.NS,Trent Ltd,Growth / Compounder,770.0,786.8499755859375,765.3499755859375,779.0,775.1002807617188,460573
2021-02-19,TRENT.NS,Trent Ltd,Growth / Compounder,772.0,805.0,765.5499877929688,794.0,790.0252075195312,630929
2021-02-22,TRENT.NS,Trent Ltd,Growth / Compounder,799.75,844.9000244140625,792.0,816.3499755859375,812.2633056640625,1665511
2021-02-23,TRENT.NS,Trent Ltd,Growth / Compounder,824.9000244140625,832.9500122070312,780.5,785.4500122070312,781.5180053710938,417058
2021-02-24,TRENT.NS,Trent Ltd,Growth / Compounder,784.0999755859375,799.5499877929688,763.0,784.9500122070312,781.0205078125,301313
2021-02-25,TRENT.NS,Trent Ltd,Growth / Compounder,794.7999877929688,825.0,788.75,819.25,815.1488037109375,729553
2021-02-26,TRENT.NS,Trent Ltd,Growth / Compounder,800.0999755859375,823.0,786.0,808.6500244140625,804.6019287109375,1056061
2021-03-01,TRENT.NS,Trent Ltd,Growth / Compounder,820.0,839.9000244140625,806.6500244140625,830.4000244140625,826.2430419921875,442822
2021-03-02,TRENT.NS,Trent Ltd,Growth / Compounder,838.0,921.5499877929688,830.4500122070312,905.9000244140625,901.364990234375,3800314
2021-03-03,TRENT.NS,Trent Ltd,Growth / Compounder,923.0,923.0,891.0,910.9000244140625,906.340087890625,1535060
2021-03-04,TRENT.NS,Trent Ltd,Growth / Compounder,900.0,944.7000122070312,895.0499877929688,927.0499877929688,922.4092407226562,1173560
2021-03-05,TRENT.NS,Trent Ltd,Growth / Compounder,925.0,935.7999877929688,877.0499877929688,881.4000244140625,876.98779296875,751162
2021-03-08,TRENT.NS,Trent Ltd,Growth / Compounder,886.0,909.4500122070312,880.0999755859375,884.5999755859375,880.1717529296875,462683
2021-03-09,TRENT.NS,Trent Ltd,Growth / Compounder,890.0,944.5,888.0999755859375,905.75,901.2158813476562,1947228
2021-03-10,TRENT.NS,Trent Ltd,Growth / Compounder,915.0,934.0,895.5,912.2000122070312,907.6334838867188,606764
2021-03-12,TRENT.NS,Trent Ltd,Growth / Compounder,916.0999755859375,924.9000244140625,872.75,876.5499877929688,872.1619873046875,664299
2021-03-15,TRENT.NS,Trent Ltd,Growth / Compounder,880.0,888.0999755859375,841.0999755859375,845.8499755859375,841.6156005859375,1045124
2021-03-16,TRENT.NS,Trent Ltd,Growth / Compounder,838.8499755859375,865.8499755859375,838.2000122070312,849.25,844.9986572265625,779547
2021-03-17,TRENT.NS,Trent Ltd,Growth / Compounder,853.5499877929688,860.0,820.0,822.5499877929688,818.4322509765625,477076
2021-03-18,TRENT.NS,Trent Ltd,Growth / Compounder,834.9000244140625,846.7000122070312,818.5,823.1500244140625,819.0293579101562,400106
2021-03-19,TRENT.NS,Trent Ltd,Growth / Compounder,819.0,827.2999877929688,776.0,799.2000122070312,795.1992797851562,1242150
2021-03-22,TRENT.NS,Trent Ltd,Growth / Compounder,800.1500244140625,816.8499755859375,790.5,800.0,795.9951171875,655786
2021-03-23,TRENT.NS,Trent Ltd,Growth / Compounder,807.0,836.9000244140625,801.0499877929688,813.7999877929688,809.72607421875,798486
2021-03-24,TRENT.NS,Trent Ltd,Growth / Compounder,816.9000244140625,846.0,778.4500122070312,785.0499877929688,781.1200561523438,1406039
2021-03-25,TRENT.NS,Trent Ltd,Growth / Compounder,789.0999755859375,805.0999755859375,745.7999877929688,757.9500122070312,754.1556396484375,1361204
2021-03-26,TRENT.NS,Trent Ltd,Growth / Compounder,772.0,779.1500244140625,755.25,760.0499877929688,756.2451782226562,703225
2021-03-30,TRENT.NS,Trent Ltd,Growth / Compounder,769.9500122070312,777.1500244140625,750.0499877929688,760.6500244140625,756.8421630859375,628410
2021-03-31,TRENT.NS,Trent Ltd,Growth / Compounder,765.9000244140625,772.8499755859375,747.0499877929688,751.0499877929688,747.2903442382812,624642
2021-04-01,TRENT.NS,Trent Ltd,Growth / Compounder,760.0,764.2000122070312,739.0499877929688,750.8499755859375,747.0911865234375,810538
2021-04-05,TRENT.NS,Trent Ltd,Growth / Compounder,747.0,748.75,721.4000244140625,729.4500122070312,725.7984008789062,738836
2021-04-06,TRENT.NS,Trent Ltd,Growth / Compounder,731.5,736.0499877929688,700.0,703.6500244140625,700.1275634765625,1267810
2021-04-07,TRENT.NS,Trent Ltd,Growth / Compounder,700.0499877929688,733.0,694.5,722.0499877929688,718.4353637695312,1618249
2021-04-08,TRENT.NS,Trent Ltd,Growth / Compounder,725.9000244140625,736.2999877929688,720.5499877929688,729.75,726.096923828125,613211
2021-04-09,TRENT.NS,Trent Ltd,Growth / Compounder,735.0,736.0,723.25,729.2000122070312,725.5496215820312,344873
2021-04-12,TRENT.NS,Trent Ltd,Growth / Compounder,709.0499877929688,719.7999877929688,689.0,710.75,707.1919555664062,921660
2021-04-13,TRENT.NS,Trent Ltd,Growth / Compounder,711.7000122070312,732.7999877929688,711.7000122070312,729.25,725.5994262695312,437329
2021-04-15,TRENT.NS,Trent Ltd,Growth / Compounder,727.0,746.0,714.7999877929688,740.0999755859375,736.39501953125,871200
2021-04-16,TRENT.NS,Trent Ltd,Growth / Compounder,740.0999755859375,755.7999877929688,731.0,743.6500244140625,739.92724609375,692021
2021-04-19,TRENT.NS,Trent Ltd,Growth / Compounder,720.0,739.5499877929688,692.2000122070312,728.6500244140625,725.0023803710938,715142
2021-04-20,TRENT.NS,Trent Ltd,Growth / Compounder,728.6500244140625,747.5999755859375,727.7999877929688,736.5,732.8131103515625,475888
2021-04-22,TRENT.NS,Trent Ltd,Growth / Compounder,731.7999877929688,750.0,725.0,747.4000244140625,743.6585693359375,422465
2021-04-23,TRENT.NS,Trent Ltd,Growth / Compounder,747.0,787.9500122070312,742.0,770.2999877929688,766.4439086914062,3507205
2021-04-26,TRENT.NS,Trent Ltd,Growth / Compounder,780.9000244140625,787.0,761.8499755859375,780.5,776.5927734375,824311
2021-04-27,TRENT.NS,Trent Ltd,Growth / Compounder,786.0,794.5,776.4500122070312,784.2000122070312,780.2742919921875,853518
2021-04-28,TRENT.NS,Trent Ltd,Growth / Compounder,790.0,792.0,762.75,771.9500122070312,768.0856323242188,593276
2021-04-29,TRENT.NS,Trent Ltd,Growth / Compounder,779.0,789.0,768.5999755859375,775.8499755859375,771.966064453125,589571
2021-04-30,TRENT.NS,Trent Ltd,Growth / Compounder,776.5999755859375,790.7000122070312,760.9500122070312,776.7000122070312,772.8118286132812,1841225
2021-05-03,TRENT.NS,Trent Ltd,Growth / Compounder,758.0,787.0,736.0999755859375,783.0499877929688,779.1300048828125,841965
2021-05-04,TRENT.NS,Trent Ltd,Growth / Compounder,798.0,798.0,773.0,776.7999877929688,772.9112548828125,651087
2021-05-05,TRENT.NS,Trent Ltd,Growth / Compounder,787.6500244140625,810.0,775.5999755859375,796.0499877929688,792.06494140625,1229552
2021-05-06,TRENT.NS,Trent Ltd,Growth / Compounder,797.0,800.0,763.7999877929688,778.1500244140625,774.2546997070312,665468
2021-05-07,TRENT.NS,Trent Ltd,Growth / Compounder,785.8499755859375,785.8499755859375,743.4000244140625,752.75,748.981689453125,513294
2021-05-10,TRENT.NS,Trent Ltd,Growth / Compounder,754.7999877929688,766.0,746.0,747.75,744.0067749023438,434021
2021-05-11,TRENT.NS,Trent Ltd,Growth / Compounder,742.0,775.0,742.0,763.2000122070312,759.3794555664062,823028
2021-05-12,TRENT.NS,Trent Ltd,Growth / Compounder,758.5999755859375,776.0,755.0499877929688,770.0999755859375,766.244873046875,414426
2021-05-14,TRENT.NS,Trent Ltd,Growth / Compounder,770.0,783.0,758.2999877929688,772.5999755859375,768.7322387695312,541416
2021-05-17,TRENT.NS,Trent Ltd,Growth / Compounder,772.6500244140625,813.9500122070312,760.5999755859375,795.1500244140625,791.1694946289062,1956412
2021-05-18,TRENT.NS,Trent Ltd,Growth / Compounder,800.0,832.9000244140625,799.25,828.2999877929688,824.1534423828125,2275063
2021-05-19,TRENT.NS,Trent Ltd,Growth / Compounder,835.0,855.0,812.0499877929688,819.4500122070312,815.3478393554688,1855576
2021-05-20,TRENT.NS,Trent Ltd,Growth / Compounder,826.4000244140625,829.4500122070312,803.4000244140625,811.5999755859375,807.537109375,556669
2021-05-21,TRENT.NS,Trent Ltd,Growth / Compounder,811.0,832.2999877929688,803.0,826.8499755859375,822.7107543945312,806206
2021-05-24,TRENT.NS,Trent Ltd,Growth / Compounder,831.5,839.0,806.0,809.75,805.6964111328125,684641
2021-05-25,TRENT.NS,Trent Ltd,Growth / Compounder,819.4000244140625,830.9000244140625,810.7999877929688,824.6500244140625,820.5218505859375,720336
2021-05-26,TRENT.NS,Trent Ltd,Growth / Compounder,834.7000122070312,836.8499755859375,824.0,826.0,821.8651123046875,499153
2021-05-27,TRENT.NS,Trent Ltd,Growth / Compounder,821.0,834.25,818.5,828.0999755859375,823.9544677734375,940317
2021-05-28,TRENT.NS,Trent Ltd,Growth / Compounder,828.4000244140625,847.3499755859375,822.6500244140625,826.5999755859375,822.4619750976562,905813
2021-05-31,TRENT.NS,Trent Ltd,Growth / Compounder,832.0,856.7999877929688,824.5999755859375,851.6500244140625,847.38671875,1296401
2021-06-01,TRENT.NS,Trent Ltd,Growth / Compounder,857.0,862.7999877929688,833.3499755859375,840.2000122070312,835.993896484375,697195
2021-06-02,TRENT.NS,Trent Ltd,Growth / Compounder,836.5,855.0,833.0,853.1500244140625,848.8790893554688,826415
2021-06-03,TRENT.NS,Trent Ltd,Growth / Compounder,853.1500244140625,863.9000244140625,847.2000122070312,854.75,850.4710083007812,404997
2021-06-04,TRENT.NS,Trent Ltd,Growth / Compounder,852.75,863.25,847.5,852.0999755859375,847.8343505859375,781342
2021-06-07,TRENT.NS,Trent Ltd,Growth / Compounder,851.0999755859375,874.0,845.0,857.5,853.207275390625,463126
2021-06-08,TRENT.NS,Trent Ltd,Growth / Compounder,857.5,869.3499755859375,848.0,865.8499755859375,861.5155639648438,370448
2021-06-09,TRENT.NS,Trent Ltd,Growth / Compounder,868.9500122070312,872.9500122070312,841.0,844.8499755859375,840.6205444335938,465156
2021-06-10,TRENT.NS,Trent Ltd,Growth / Compounder,854.0,884.8499755859375,838.4000244140625,876.9000244140625,872.51025390625,1034717
2021-06-11,TRENT.NS,Trent Ltd,Growth / Compounder,885.0,892.4500122070312,867.8499755859375,873.6500244140625,869.2765502929688,590610
2021-06-14,TRENT.NS,Trent Ltd,Growth / Compounder,871.0,877.5499877929688,850.5,867.5499877929688,863.2070922851562,226622
2021-06-15,TRENT.NS,Trent Ltd,Growth / Compounder,864.0,871.9000244140625,853.4500122070312,856.6500244140625,852.361572265625,306451
2021-06-16,TRENT.NS,Trent Ltd,Growth / Compounder,857.0,869.7999877929688,848.1500244140625,851.2000122070312,846.9389038085938,246452
2021-06-17,TRENT.NS,Trent Ltd,Growth / Compounder,842.0,895.0,828.9500122070312,855.5999755859375,851.3168334960938,1820950
2021-06-18,TRENT.NS,Trent Ltd,Growth / Compounder,863.9000244140625,864.9000244140625,840.2000122070312,849.2000122070312,844.9488525390625,1005831
2021-06-21,TRENT.NS,Trent Ltd,Growth / Compounder,843.0,862.6500244140625,831.0499877929688,853.25,848.9786987304688,649897
2021-06-22,TRENT.NS,Trent Ltd,Growth / Compounder,861.0,864.4000244140625,849.0,853.0,848.7297973632812,427455
2021-06-23,TRENT.NS,Trent Ltd,Growth / Compounder,860.0,867.75,849.0,857.5,853.207275390625,437812
2021-06-24,TRENT.NS,Trent Ltd,Growth / Compounder,860.0,864.4000244140625,850.0,857.0,852.7097778320312,337562
2021-06-25,TRENT.NS,Trent Ltd,Growth / Compounder,860.0,867.75,853.25,863.5,859.1773681640625,302991
2021-06-28,TRENT.NS,Trent Ltd,Growth / Compounder,863.0,885.9000244140625,855.25,881.3499755859375,876.9379272460938,414235
2021-06-29,TRENT.NS,Trent Ltd,Growth / Compounder,879.0,881.0,856.0999755859375,862.6500244140625,858.3316040039062,324166
2021-06-30,TRENT.NS,Trent Ltd,Growth / Compounder,855.0999755859375,865.75,846.25,849.8499755859375,845.595703125,351060
2021-07-01,TRENT.NS,Trent Ltd,Growth / Compounder,851.4000244140625,862.0,848.0,857.9000244140625,853.60546875,138698
2021-07-02,TRENT.NS,Trent Ltd,Growth / Compounder,866.6500244140625,909.7999877929688,857.5,899.7999877929688,895.2955322265625,1945993
2021-07-05,TRENT.NS,Trent Ltd,Growth / Compounder,909.5,921.0,896.0,901.9500122070312,897.4348754882812,1316486
2021-07-06,TRENT.NS,Trent Ltd,Growth / Compounder,905.0,917.5999755859375,891.4000244140625,901.8499755859375,897.3353271484375,730080
2021-07-07,TRENT.NS,Trent Ltd,Growth / Compounder,907.5499877929688,912.2000122070312,893.3499755859375,908.9000244140625,904.3501586914062,283658
2021-07-08,TRENT.NS,Trent Ltd,Growth / Compounder,914.7000122070312,947.9500122070312,906.0,921.2999877929688,916.6879272460938,2179864
2021-07-09,TRENT.NS,Trent Ltd,Growth / Compounder,921.2999877929688,924.5,900.0,905.2999877929688,901.1593017578125,507064
2021-07-12,TRENT.NS,Trent Ltd,Growth / Compounder,910.0,924.9000244140625,895.0,899.25,895.136962890625,576161
2021-07-13,TRENT.NS,Trent Ltd,Growth / Compounder,907.9000244140625,936.7000122070312,900.9000244140625,926.7999877929688,922.5609130859375,842102
2021-07-14,TRENT.NS,Trent Ltd,Growth / Compounder,931.0,936.0499877929688,914.2999877929688,917.9500122070312,913.75146484375,684507
2021-07-15,TRENT.NS,Trent Ltd,Growth / Compounder,921.2999877929688,927.9500122070312,899.0,902.7999877929688,898.6707763671875,439404
2021-07-16,TRENT.NS,Trent Ltd,Growth / Compounder,911.0,911.0,878.0,879.9000244140625,875.8755493164062,569938
2021-07-19,TRENT.NS,Trent Ltd,Growth / Compounder,877.9000244140625,879.0,860.0,870.0,866.020751953125,759172
2021-07-20,TRENT.NS,Trent Ltd,Growth / Compounder,869.9000244140625,869.9000244140625,838.0,861.4000244140625,857.4601440429688,754030
2021-07-22,TRENT.NS,Trent Ltd,Growth / Compounder,867.0,925.0,865.0499877929688,920.5,916.289794921875,1813383
2021-07-23,TRENT.NS,Trent Ltd,Growth / Compounder,922.9500122070312,922.9500122070312,887.8499755859375,891.1500244140625,887.0740356445312,614666
2021-07-26,TRENT.NS,Trent Ltd,Growth / Compounder,896.5,897.0,870.5999755859375,891.0499877929688,886.9744873046875,613423
2021-07-27,TRENT.NS,Trent Ltd,Growth / Compounder,892.0,925.9500122070312,885.0499877929688,917.0,912.8057861328125,947007
2021-07-28,TRENT.NS,Trent Ltd,Growth / Compounder,917.0,931.7000122070312,898.4500122070312,926.2999877929688,922.063232421875,740399
2021-07-29,TRENT.NS,Trent Ltd,Growth / Compounder,926.5,933.1500244140625,910.5,914.9000244140625,910.7153930664062,358868
2021-07-30,TRENT.NS,Trent Ltd,Growth / Compounder,919.7000122070312,942.9500122070312,912.0,922.9000244140625,918.6788940429688,720404
2021-08-02,TRENT.NS,Trent Ltd,Growth / Compounder,923.2999877929688,969.0,922.9000244140625,956.5999755859375,952.2246704101562,1342173
2021-08-03,TRENT.NS,Trent Ltd,Growth / Compounder,965.9000244140625,965.9000244140625,934.0499877929688,938.75,934.4561767578125,572016
2021-08-04,TRENT.NS,Trent Ltd,Growth / Compounder,946.9500122070312,952.7000122070312,920.75,928.9000244140625,924.6513671875,335436
2021-08-05,TRENT.NS,Trent Ltd,Growth / Compounder,930.5999755859375,939.9000244140625,898.0,915.5,911.3126831054688,1041009
2021-08-06,TRENT.NS,Trent Ltd,Growth / Compounder,921.2000122070312,936.9500122070312,912.25,919.3499755859375,915.14501953125,636462
2021-08-09,TRENT.NS,Trent Ltd,Growth / Compounder,926.3499755859375,938.4500122070312,916.6500244140625,928.9000244140625,924.6513671875,670460
2021-08-10,TRENT.NS,Trent Ltd,Growth / Compounder,932.3499755859375,964.0999755859375,920.7000122070312,945.7999877929688,941.47412109375,2198799
2021-08-11,TRENT.NS,Trent Ltd,Growth / Compounder,921.0,930.0,852.0,900.5,896.3812255859375,2959134
2021-08-12,TRENT.NS,Trent Ltd,Growth / Compounder,905.5,913.4000244140625,880.0999755859375,896.7000122070312,892.5986328125,592714
2021-08-13,TRENT.NS,Trent Ltd,Growth / Compounder,900.5,904.0,876.6500244140625,882.8499755859375,878.8118896484375,738531
2021-08-16,TRENT.NS,Trent Ltd,Growth / Compounder,884.9500122070312,889.1500244140625,865.9500122070312,874.7000122070312,870.6992797851562,436930
2021-08-17,TRENT.NS,Trent Ltd,Growth / Compounder,870.0,908.9000244140625,867.0,887.4000244140625,883.3412475585938,973907
2021-08-18,TRENT.NS,Trent Ltd,Growth / Compounder,894.6500244140625,903.9000244140625,878.6500244140625,900.75,896.6300659179688,477749
2021-08-20,TRENT.NS,Trent Ltd,Growth / Compounder,881.75,915.0,871.75,897.2000122070312,893.0963134765625,879721
2021-08-23,TRENT.NS,Trent Ltd,Growth / Compounder,899.5,901.75,866.1500244140625,884.2000122070312,880.1558837890625,710233
2021-08-24,TRENT.NS,Trent Ltd,Growth / Compounder,888.7000122070312,903.0,876.2000122070312,900.75,896.6300659179688,512709
2021-08-25,TRENT.NS,Trent Ltd,Growth / Compounder,902.7000122070312,922.5499877929688,890.3499755859375,916.75,912.5569458007812,761172
2021-08-26,TRENT.NS,Trent Ltd,Growth / Compounder,920.0,964.1500244140625,919.9500122070312,941.3499755859375,937.0443725585938,3121784
2021-08-27,TRENT.NS,Trent Ltd,Growth / Compounder,945.7000122070312,958.0,940.0,948.5,944.1616821289062,638508
2021-08-30,TRENT.NS,Trent Ltd,Growth / Compounder,955.0,1007.0,951.0,991.2999877929688,986.7659301757812,1981330
2021-08-31,TRENT.NS,Trent Ltd,Growth / Compounder,995.0,1014.9500122070312,976.0,1006.9000244140625,1002.2946166992188,968660
2021-09-01,TRENT.NS,Trent Ltd,Growth / Compounder,1004.4500122070312,1036.699951171875,988.2000122070312,994.4000244140625,989.851806640625,861143
2021-09-02,TRENT.NS,Trent Ltd,Growth / Compounder,999.4000244140625,1013.6500244140625,985.5499877929688,1000.5,995.9239501953125,600794
2021-09-03,TRENT.NS,Trent Ltd,Growth / Compounder,1008.9000244140625,1017.6500244140625,984.1500244140625,995.7000122070312,991.145751953125,454344
2021-09-06,TRENT.NS,Trent Ltd,Growth / Compounder,1000.0999755859375,1023.9000244140625,995.7000122070312,1009.9000244140625,1005.2808837890625,646921
2021-09-07,TRENT.NS,Trent Ltd,Growth / Compounder,1009.7999877929688,1021.9500122070312,993.25,999.0,994.4307250976562,597743
2021-09-08,TRENT.NS,Trent Ltd,Growth / Compounder,1001.0,1050.0,995.0,1033.8499755859375,1029.1212158203125,2226426
2021-09-09,TRENT.NS,Trent Ltd,Growth / Compounder,1038.550048828125,1045.3499755859375,1010.2999877929688,1022.5499877929688,1017.873046875,1228907
2021-09-13,TRENT.NS,Trent Ltd,Growth / Compounder,1014.0,1027.699951171875,998.25,1006.0999755859375,1001.4981689453125,448685
2021-09-14,TRENT.NS,Trent Ltd,Growth / Compounder,1009.9500122070312,1023.75,1000.0499877929688,1004.0,999.4078979492188,529047
2021-09-15,TRENT.NS,Trent Ltd,Growth / Compounder,1005.75,1010.0,987.0,1001.75,997.1681518554688,635701
2021-09-16,TRENT.NS,Trent Ltd,Growth / Compounder,1009.5,1010.4500122070312,990.1500244140625,995.75,991.1956176757812,286275
2021-09-17,TRENT.NS,Trent Ltd,Growth / Compounder,1000.0,1000.0,964.0,982.4500122070312,977.9564819335938,562721
2021-09-20,TRENT.NS,Trent Ltd,Growth / Compounder,971.0,1002.4500122070312,953.0,979.1500244140625,974.671630859375,569477
2021-09-21,TRENT.NS,Trent Ltd,Growth / Compounder,981.5,991.1500244140625,956.25,987.1500244140625,982.6349487304688,432370
2021-09-22,TRENT.NS,Trent Ltd,Growth / Compounder,985.0,995.0,975.9500122070312,983.7000122070312,979.2007446289062,252879
2021-09-23,TRENT.NS,Trent Ltd,Growth / Compounder,989.0,1031.800048828125,986.0999755859375,1006.5499877929688,1001.9462280273438,1207650
2021-09-24,TRENT.NS,Trent Ltd,Growth / Compounder,1017.2999877929688,1025.3499755859375,978.0,987.5499877929688,983.0331420898438,834581
2021-09-27,TRENT.NS,Trent Ltd,Growth / Compounder,995.0,1008.0,982.7000122070312,1003.2999877929688,998.7110595703125,314717
2021-09-28,TRENT.NS,Trent Ltd,Growth / Compounder,1009.0,1020.0,993.9500122070312,1013.9500122070312,1009.3123779296875,612126
2021-09-29,TRENT.NS,Trent Ltd,Growth / Compounder,1013.9500122070312,1013.9500122070312,970.0,1009.5999755859375,1004.9822387695312,415354
2021-09-30,TRENT.NS,Trent Ltd,Growth / Compounder,1013.0,1041.5999755859375,1001.25,1025.8499755859375,1021.1580200195312,941677
2021-10-01,TRENT.NS,Trent Ltd,Growth / Compounder,1025.8499755859375,1090.0,1020.0,1044.3499755859375,1039.5731201171875,3294173
2021-10-04,TRENT.NS,Trent Ltd,Growth / Compounder,1053.5,1057.4000244140625,1020.75,1046.1500244140625,1041.3651123046875,1043541
2021-10-05,TRENT.NS,Trent Ltd,Growth / Compounder,1050.0,1068.0,1040.25,1049.8499755859375,1045.0482177734375,675246
2021-10-06,TRENT.NS,Trent Ltd,Growth / Compounder,1059.949951171875,1097.800048828125,1036.050048828125,1044.550048828125,1039.7725830078125,1324497
2021-10-07,TRENT.NS,Trent Ltd,Growth / Compounder,1059.0,1126.949951171875,1055.050048828125,1108.8499755859375,1103.7781982421875,1988186
2021-10-08,TRENT.NS,Trent Ltd,Growth / Compounder,1119.949951171875,1119.949951171875,1088.0999755859375,1103.3499755859375,1098.3033447265625,439597
2021-10-11,TRENT.NS,Trent Ltd,Growth / Compounder,1114.800048828125,1140.0,1095.6500244140625,1103.1500244140625,1098.1043701171875,681017
2021-10-12,TRENT.NS,Trent Ltd,Growth / Compounder,1109.0,1143.0,1095.0,1133.5999755859375,1128.4150390625,1064340
2021-10-13,TRENT.NS,Trent Ltd,Growth / Compounder,1125.1500244140625,1209.949951171875,1103.5999755859375,1174.199951171875,1168.8292236328125,1433510
2021-10-14,TRENT.NS,Trent Ltd,Growth / Compounder,1175.050048828125,1184.0,1145.0,1154.449951171875,1149.169677734375,563063
2021-10-18,TRENT.NS,Trent Ltd,Growth / Compounder,1165.949951171875,1179.949951171875,1145.699951171875,1154.300048828125,1149.0203857421875,571535
2021-10-19,TRENT.NS,Trent Ltd,Growth / Compounder,1160.0,1174.550048828125,1094.199951171875,1116.6500244140625,1111.5426025390625,832711
2021-10-20,TRENT.NS,Trent Ltd,Growth / Compounder,1116.6500244140625,1138.199951171875,1085.0,1111.4000244140625,1106.3167724609375,574423
2021-10-21,TRENT.NS,Trent Ltd,Growth / Compounder,1122.5,1123.6500244140625,1067.050048828125,1080.3499755859375,1075.408447265625,470149
2021-10-22,TRENT.NS,Trent Ltd,Growth / Compounder,1080.949951171875,1112.699951171875,1043.4000244140625,1050.8499755859375,1046.043701171875,814132
2021-10-25,TRENT.NS,Trent Ltd,Growth / Compounder,1061.0,1085.0,1009.1500244140625,1020.6500244140625,1015.9817504882812,772852
2021-10-26,TRENT.NS,Trent Ltd,Growth / Compounder,1024.0,1054.25,1016.5,1041.449951171875,1036.6864013671875,999447
2021-10-27,TRENT.NS,Trent Ltd,Growth / Compounder,1052.25,1072.25,1026.25,1033.8499755859375,1029.1212158203125,476913
2021-10-28,TRENT.NS,Trent Ltd,Growth / Compounder,1037.5,1044.1500244140625,1000.0,1005.7000122070312,1001.10009765625,495393
2021-10-29,TRENT.NS,Trent Ltd,Growth / Compounder,1005.5,1038.0999755859375,989.5,1003.1500244140625,998.561767578125,446580
2021-11-01,TRENT.NS,Trent Ltd,Growth / Compounder,1014.0,1028.1500244140625,996.6500244140625,1024.699951171875,1020.0132446289062,539353
2021-11-02,TRENT.NS,Trent Ltd,Growth / Compounder,1039.0,1068.0,1030.0,1037.449951171875,1032.7049560546875,1518927
2021-11-03,TRENT.NS,Trent Ltd,Growth / Compounder,1097.0,1132.300048828125,1075.1500244140625,1092.1500244140625,1087.15478515625,5869336
2021-11-04,TRENT.NS,Trent Ltd,Growth / Compounder,1100.0,1103.4000244140625,1090.25,1094.300048828125,1089.294921875,141116
2021-11-08,TRENT.NS,Trent Ltd,Growth / Compounder,1099.800048828125,1115.9000244140625,1085.0,1100.550048828125,1095.51611328125,1102344
2021-11-09,TRENT.NS,Trent Ltd,Growth / Compounder,1100.0,1133.0,1094.0999755859375,1127.4000244140625,1122.243408203125,1034509
2021-11-10,TRENT.NS,Trent Ltd,Growth / Compounder,1127.0,1133.9000244140625,1109.0,1124.3499755859375,1119.2073974609375,503041
2021-11-11,TRENT.NS,Trent Ltd,Growth / Compounder,1123.699951171875,1155.6500244140625,1121.1500244140625,1147.199951171875,1141.9530029296875,979707
2021-11-12,TRENT.NS,Trent Ltd,Growth / Compounder,1150.199951171875,1160.0,1128.5999755859375,1149.1500244140625,1143.8939208984375,502799
2021-11-15,TRENT.NS,Trent Ltd,Growth / Compounder,1156.949951171875,1173.0,1140.0,1157.199951171875,1151.9071044921875,724923
2021-11-16,TRENT.NS,Trent Ltd,Growth / Compounder,1146.699951171875,1202.699951171875,1141.25,1190.3499755859375,1184.905517578125,1245041
2021-11-17,TRENT.NS,Trent Ltd,Growth / Compounder,1189.8499755859375,1200.0,1145.0,1153.199951171875,1147.9254150390625,792324
2021-11-18,TRENT.NS,Trent Ltd,Growth / Compounder,1154.949951171875,1158.0,1095.5,1137.6500244140625,1132.4466552734375,1003276
2021-11-22,TRENT.NS,Trent Ltd,Growth / Compounder,1112.4000244140625,1139.550048828125,1101.5999755859375,1112.800048828125,1107.71044921875,724443
2021-11-23,TRENT.NS,Trent Ltd,Growth / Compounder,1109.0,1126.6500244140625,1093.550048828125,1111.9000244140625,1106.8143310546875,1337545
2021-11-24,TRENT.NS,Trent Ltd,Growth / Compounder,1111.1500244140625,1118.0,1090.0,1095.75,1090.7381591796875,1045914
2021-11-25,TRENT.NS,Trent Ltd,Growth / Compounder,1090.0,1098.949951171875,1077.5,1092.5999755859375,1087.6025390625,602587
2021-11-26,TRENT.NS,Trent Ltd,Growth / Compounder,1083.0,1091.8499755859375,1025.0,1041.6500244140625,1036.8856201171875,904556
2021-11-29,TRENT.NS,Trent Ltd,Growth / Compounder,1035.0,1056.9000244140625,992.4000244140625,1026.699951171875,1022.0040283203125,850287
2021-11-30,TRENT.NS,Trent Ltd,Growth / Compounder,1025.0,1067.800048828125,1002.7999877929688,1014.4000244140625,1009.7603149414062,1075312
2021-12-01,TRENT.NS,Trent Ltd,Growth / Compounder,1032.1500244140625,1038.550048828125,1006.0,1024.199951171875,1019.5155029296875,839843
2021-12-02,TRENT.NS,Trent Ltd,Growth / Compounder,1033.0,1044.8499755859375,1020.2000122070312,1031.3499755859375,1026.6326904296875,904904
2021-12-03,TRENT.NS,Trent Ltd,Growth / Compounder,1036.5,1036.9000244140625,1013.7999877929688,1020.9500122070312,1016.2803344726562,661928
2021-12-06,TRENT.NS,Trent Ltd,Growth / Compounder,1029.0999755859375,1029.0999755859375,989.0999755859375,998.0,993.4353637695312,373519
2021-12-07,TRENT.NS,Trent Ltd,Growth / Compounder,1005.0,1036.0,995.1500244140625,1017.9500122070312,1013.2940673828125,644619
2021-12-08,TRENT.NS,Trent Ltd,Growth / Compounder,1036.0,1052.0,1018.0,1041.0,1036.2386474609375,550648
2021-12-09,TRENT.NS,Trent Ltd,Growth / Compounder,1050.5999755859375,1050.5999755859375,1027.5999755859375,1037.449951171875,1032.7049560546875,214644
2021-12-10,TRENT.NS,Trent Ltd,Growth / Compounder,1040.0,1040.0,1025.0,1035.949951171875,1031.2117919921875,232075
2021-12-13,TRENT.NS,Trent Ltd,Growth / Compounder,1040.0,1052.699951171875,1028.0,1031.25,1026.5330810546875,337088
2021-12-14,TRENT.NS,Trent Ltd,Growth / Compounder,1025.0,1042.550048828125,1000.7999877929688,1030.449951171875,1025.73681640625,616598
2021-12-15,TRENT.NS,Trent Ltd,Growth / Compounder,1035.0,1086.949951171875,1030.449951171875,1036.0999755859375,1031.36083984375,1671114
2021-12-16,TRENT.NS,Trent Ltd,Growth / Compounder,1047.0,1053.550048828125,1005.0,1031.199951171875,1026.483642578125,1121604
2021-12-17,TRENT.NS,Trent Ltd,Growth / Compounder,1031.199951171875,1063.9000244140625,1013.1500244140625,1035.0999755859375,1030.365478515625,805803
2021-12-20,TRENT.NS,Trent Ltd,Growth / Compounder,1030.0,1030.0,970.5999755859375,1007.9000244140625,1003.2900390625,852808
2021-12-21,TRENT.NS,Trent Ltd,Growth / Compounder,1024.0,1034.6500244140625,1008.0999755859375,1018.3499755859375,1013.6921997070312,377839
2021-12-22,TRENT.NS,Trent Ltd,Growth / Compounder,1030.0,1064.449951171875,1015.5499877929688,1044.8499755859375,1040.0709228515625,843395
2021-12-23,TRENT.NS,Trent Ltd,Growth / Compounder,1044.0,1056.8499755859375,1032.0,1042.1500244140625,1037.3834228515625,577082
2021-12-24,TRENT.NS,Trent Ltd,Growth / Compounder,1043.3499755859375,1052.75,1020.25,1041.0,1036.2386474609375,288355
2021-12-27,TRENT.NS,Trent Ltd,Growth / Compounder,1020.0,1068.0,1020.0,1051.050048828125,1046.2427978515625,834703
2021-12-28,TRENT.NS,Trent Ltd,Growth / Compounder,1054.5,1059.0999755859375,1032.0,1034.800048828125,1030.067138671875,335064
2021-12-29,TRENT.NS,Trent Ltd,Growth / Compounder,1040.6500244140625,1050.9000244140625,1027.0,1038.449951171875,1033.7003173828125,252419
2021-12-30,TRENT.NS,Trent Ltd,Growth / Compounder,1045.5999755859375,1045.5999755859375,1025.9000244140625,1032.8499755859375,1028.125732421875,607040
2021-12-31,TRENT.NS,Trent Ltd,Growth / Compounder,1042.5,1069.9000244140625,1029.550048828125,1065.0,1060.1287841796875,452416
2022-01-03,TRENT.NS,Trent Ltd,Growth / Compounder,1065.0,1065.0,1041.0,1054.5999755859375,1049.7764892578125,363953
2022-01-04,TRENT.NS,Trent Ltd,Growth / Compounder,1050.0,1067.0,1046.0,1055.949951171875,1051.1202392578125,258035
2022-01-05,TRENT.NS,Trent Ltd,Growth / Compounder,1055.0,1081.1500244140625,1049.800048828125,1070.8499755859375,1065.9520263671875,741560
2022-01-06,TRENT.NS,Trent Ltd,Growth / Compounder,1067.0,1088.949951171875,1054.699951171875,1080.3499755859375,1075.408447265625,408431
2022-01-07,TRENT.NS,Trent Ltd,Growth / Compounder,1072.0,1095.0,1068.9000244140625,1085.199951171875,1080.2364501953125,482099
2022-01-10,TRENT.NS,Trent Ltd,Growth / Compounder,1090.0,1094.75,1062.0,1072.0,1067.0970458984375,604941
2022-01-11,TRENT.NS,Trent Ltd,Growth / Compounder,1075.0,1124.0,1072.1500244140625,1119.1500244140625,1114.0311279296875,861357
2022-01-12,TRENT.NS,Trent Ltd,Growth / Compounder,1129.0,1150.5,1110.0,1145.25,1140.01171875,741670
2022-01-13,TRENT.NS,Trent Ltd,Growth / Compounder,1145.25,1187.699951171875,1130.0,1182.9000244140625,1177.4896240234375,682225
2022-01-14,TRENT.NS,Trent Ltd,Growth / Compounder,1165.0999755859375,1199.949951171875,1159.4000244140625,1164.8499755859375,1159.5220947265625,744286
2022-01-17,TRENT.NS,Trent Ltd,Growth / Compounder,1167.0,1187.9000244140625,1154.949951171875,1158.25,1152.9525146484375,501455
2022-01-18,TRENT.NS,Trent Ltd,Growth / Compounder,1177.0,1177.0,1135.800048828125,1144.300048828125,1139.066162109375,543636
2022-01-19,TRENT.NS,Trent Ltd,Growth / Compounder,1145.0,1212.0,1136.4000244140625,1167.550048828125,1162.2098388671875,1671916
2022-01-20,TRENT.NS,Trent Ltd,Growth / Compounder,1165.0,1194.199951171875,1160.0,1170.0,1164.6488037109375,968296
2022-01-21,TRENT.NS,Trent Ltd,Growth / Compounder,1169.0,1206.550048828125,1142.0,1181.8499755859375,1176.4443359375,961910
2022-01-24,TRENT.NS,Trent Ltd,Growth / Compounder,1179.0,1200.0,1091.300048828125,1121.949951171875,1116.8184814453125,979818
2022-01-25,TRENT.NS,Trent Ltd,Growth / Compounder,1092.0,1113.25,1050.4000244140625,1079.3499755859375,1074.4130859375,866941
2022-01-27,TRENT.NS,Trent Ltd,Growth / Compounder,1060.0,1087.800048828125,1001.3499755859375,1022.9500122070312,1018.271240234375,1611802
2022-01-28,TRENT.NS,Trent Ltd,Growth / Compounder,1025.0999755859375,1042.0,1008.3499755859375,1018.2999877929688,1013.6424560546875,1230291
2022-01-31,TRENT.NS,Trent Ltd,Growth / Compounder,1018.0,1037.8499755859375,1018.0,1031.550048828125,1026.83203125,408254
2022-02-01,TRENT.NS,Trent Ltd,Growth / Compounder,1032.0,1064.8499755859375,1031.550048828125,1060.4000244140625,1055.5499267578125,521498
2022-02-02,TRENT.NS,Trent Ltd,Growth / Compounder,1060.4000244140625,1107.0,1049.9000244140625,1097.550048828125,1092.530029296875,878597
2022-02-03,TRENT.NS,Trent Ltd,Growth / Compounder,1098.0,1100.0,1077.3499755859375,1083.300048828125,1078.34521484375,416753
2022-02-04,TRENT.NS,Trent Ltd,Growth / Compounder,1086.199951171875,1090.0,1052.0,1057.4000244140625,1052.5635986328125,305527
2022-02-07,TRENT.NS,Trent Ltd,Growth / Compounder,1060.199951171875,1068.800048828125,1025.0,1050.449951171875,1045.6453857421875,648493
2022-02-08,TRENT.NS,Trent Ltd,Growth / Compounder,1054.800048828125,1067.050048828125,1035.3499755859375,1053.949951171875,1049.12939453125,377585
2022-02-09,TRENT.NS,Trent Ltd,Growth / Compounder,1064.0,1075.0,1053.0,1070.5999755859375,1065.7032470703125,304759
2022-02-10,TRENT.NS,Trent Ltd,Growth / Compounder,1076.5,1085.0,1055.0,1075.5999755859375,1070.6802978515625,411046
2022-02-11,TRENT.NS,Trent Ltd,Growth / Compounder,1085.0,1099.550048828125,1055.4000244140625,1071.3499755859375,1066.4498291015625,1656107
2022-02-14,TRENT.NS,Trent Ltd,Growth / Compounder,1040.0,1055.0,1017.0,1036.300048828125,1031.56005859375,536059
2022-02-15,TRENT.NS,Trent Ltd,Growth / Compounder,1037.0,1086.5,1026.0,1081.5999755859375,1076.6529541015625,619460
2022-02-16,TRENT.NS,Trent Ltd,Growth / Compounder,1089.9000244140625,1092.4000244140625,1055.6500244140625,1061.5,1056.644775390625,343162
2022-02-17,TRENT.NS,Trent Ltd,Growth / Compounder,1073.1500244140625,1073.1500244140625,1052.199951171875,1062.800048828125,1057.93896484375,287521
2022-02-18,TRENT.NS,Trent Ltd,Growth / Compounder,1045.0,1065.0,1040.0,1045.1500244140625,1040.3697509765625,205306
2022-02-21,TRENT.NS,Trent Ltd,Growth / Compounder,1045.0,1054.800048828125,1011.0,1035.3499755859375,1030.614501953125,576902
2022-02-22,TRENT.NS,Trent Ltd,Growth / Compounder,1002.0,1058.4000244140625,1002.0,1049.550048828125,1045.1534423828125,714429
2022-02-23,TRENT.NS,Trent Ltd,Growth / Compounder,1050.0,1084.0,1050.0,1054.300048828125,1049.883544921875,393547
2022-02-24,TRENT.NS,Trent Ltd,Growth / Compounder,1016.0999755859375,1037.199951171875,980.0,1020.6500244140625,1016.3743896484375,633017
2022-02-25,TRENT.NS,Trent Ltd,Growth / Compounder,1059.949951171875,1074.75,1029.6500244140625,1070.0999755859375,1065.6171875,543759
2022-02-28,TRENT.NS,Trent Ltd,Growth / Compounder,1030.0999755859375,1119.0,1030.0999755859375,1108.0999755859375,1103.4580078125,1102621
2022-03-02,TRENT.NS,Trent Ltd,Growth / Compounder,1099.0,1117.699951171875,1080.050048828125,1105.0999755859375,1100.470703125,661272
2022-03-03,TRENT.NS,Trent Ltd,Growth / Compounder,1110.0,1135.6500244140625,1105.5999755859375,1131.1500244140625,1126.4114990234375,645290
2022-03-04,TRENT.NS,Trent Ltd,Growth / Compounder,1126.0,1126.0,1082.4000244140625,1095.449951171875,1090.861083984375,653153
2022-03-07,TRENT.NS,Trent Ltd,Growth / Compounder,1080.0,1080.0,1040.0,1064.199951171875,1059.741943359375,372706
2022-03-08,TRENT.NS,Trent Ltd,Growth / Compounder,1065.1500244140625,1091.5999755859375,1048.050048828125,1078.0999755859375,1073.583740234375,461151
2022-03-09,TRENT.NS,Trent Ltd,Growth / Compounder,1078.0,1155.0,1070.050048828125,1143.800048828125,1139.008544921875,757000
2022-03-10,TRENT.NS,Trent Ltd,Growth / Compounder,1155.199951171875,1164.3499755859375,1138.550048828125,1149.75,1144.9337158203125,557825
2022-03-11,TRENT.NS,Trent Ltd,Growth / Compounder,1141.1500244140625,1181.75,1131.0,1168.800048828125,1163.9039306640625,476838
2022-03-14,TRENT.NS,Trent Ltd,Growth / Compounder,1179.9000244140625,1207.5,1150.449951171875,1167.0999755859375,1162.2109375,614586
2022-03-15,TRENT.NS,Trent Ltd,Growth / Compounder,1165.300048828125,1181.0,1145.5,1158.25,1153.39794921875,400312
2022-03-16,TRENT.NS,Trent Ltd,Growth / Compounder,1174.0,1191.449951171875,1153.0,1171.25,1166.343505859375,486972
2022-03-17,TRENT.NS,Trent Ltd,Growth / Compounder,1190.0,1284.0,1187.0,1262.050048828125,1256.76318359375,4537229
2022-03-21,TRENT.NS,Trent Ltd,Growth / Compounder,1282.0,1302.5,1251.0,1279.5999755859375,1274.239501953125,1520151
2022-03-22,TRENT.NS,Trent Ltd,Growth / Compounder,1275.0,1298.449951171875,1256.0,1286.3499755859375,1280.961181640625,713407
2022-03-23,TRENT.NS,Trent Ltd,Growth / Compounder,1292.0,1314.5999755859375,1277.75,1300.25,1294.8031005859375,713104
2022-03-24,TRENT.NS,Trent Ltd,Growth / Compounder,1305.0,1309.949951171875,1271.0,1276.8499755859375,1271.5010986328125,453482
2022-03-25,TRENT.NS,Trent Ltd,Growth / Compounder,1288.0,1288.0,1240.75,1261.300048828125,1256.0162353515625,662176
2022-03-28,TRENT.NS,Trent Ltd,Growth / Compounder,1263.0,1290.0,1255.0,1279.550048828125,1274.1898193359375,939603
2022-03-29,TRENT.NS,Trent Ltd,Growth / Compounder,1282.9000244140625,1283.25,1260.25,1276.199951171875,1270.853759765625,539919
2022-03-30,TRENT.NS,Trent Ltd,Growth / Compounder,1285.0,1285.0,1252.050048828125,1257.0999755859375,1251.8338623046875,366894
2022-03-31,TRENT.NS,Trent Ltd,Growth / Compounder,1255.0,1284.9000244140625,1248.8499755859375,1275.5,1270.15673828125,755068
2022-04-01,TRENT.NS,Trent Ltd,Growth / Compounder,1281.0,1295.0,1260.050048828125,1268.449951171875,1263.13623046875,491523
2022-04-04,TRENT.NS,Trent Ltd,Growth / Compounder,1256.3499755859375,1309.0,1256.3499755859375,1294.6500244140625,1289.2265625,762394
2022-04-05,TRENT.NS,Trent Ltd,Growth / Compounder,1310.0,1335.0,1290.8499755859375,1319.199951171875,1313.6737060546875,1337792
2022-04-06,TRENT.NS,Trent Ltd,Growth / Compounder,1323.550048828125,1336.800048828125,1301.25,1328.300048828125,1322.7357177734375,907711
2022-04-07,TRENT.NS,Trent Ltd,Growth / Compounder,1336.0,1346.8499755859375,1300.0,1307.75,1302.271728515625,1038577
2022-04-08,TRENT.NS,Trent Ltd,Growth / Compounder,1308.199951171875,1319.5999755859375,1265.550048828125,1269.6500244140625,1264.3314208984375,874307
2022-04-11,TRENT.NS,Trent Ltd,Growth / Compounder,1279.25,1291.5,1266.3499755859375,1280.9000244140625,1275.5343017578125,509264
2022-04-12,TRENT.NS,Trent Ltd,Growth / Compounder,1275.0,1287.8499755859375,1235.949951171875,1250.5,1245.2615966796875,845636
2022-04-13,TRENT.NS,Trent Ltd,Growth / Compounder,1260.0,1262.800048828125,1221.5,1232.800048828125,1227.6357421875,742352
2022-04-18,TRENT.NS,Trent Ltd,Growth / Compounder,1230.0,1248.0,1216.0,1223.5,1218.37451171875,395195
2022-04-19,TRENT.NS,Trent Ltd,Growth / Compounder,1244.699951171875,1278.0,1230.699951171875,1248.449951171875,1243.2200927734375,1575212
2022-04-20,TRENT.NS,Trent Ltd,Growth / Compounder,1251.0,1285.6500244140625,1251.0,1265.9000244140625,1260.59716796875,743805
2022-04-21,TRENT.NS,Trent Ltd,Growth / Compounder,1279.8499755859375,1295.0,1260.0,1285.800048828125,1280.4136962890625,516906
2022-04-22,TRENT.NS,Trent Ltd,Growth / Compounder,1283.0,1294.0,1265.5,1286.5999755859375,1281.210205078125,481960
2022-04-25,TRENT.NS,Trent Ltd,Growth / Compounder,1255.300048828125,1281.75,1230.0999755859375,1237.449951171875,1232.2659912109375,403163
2022-04-26,TRENT.NS,Trent Ltd,Growth / Compounder,1248.800048828125,1287.199951171875,1245.0,1279.8499755859375,1274.488525390625,640781
2022-04-27,TRENT.NS,Trent Ltd,Growth / Compounder,1240.0,1264.4000244140625,1215.050048828125,1225.0,1219.868408203125,705547
2022-04-28,TRENT.NS,Trent Ltd,Growth / Compounder,1196.0,1238.9000244140625,1181.0,1225.75,1220.6151123046875,1076903
2022-04-29,TRENT.NS,Trent Ltd,Growth / Compounder,1240.0,1249.199951171875,1222.300048828125,1228.4000244140625,1223.254150390625,439063
2022-05-02,TRENT.NS,Trent Ltd,Growth / Compounder,1220.0,1231.8499755859375,1205.5999755859375,1220.199951171875,1215.0885009765625,488409
2022-05-04,TRENT.NS,Trent Ltd,Growth / Compounder,1223.5999755859375,1234.9000244140625,1205.0999755859375,1213.25,1208.1676025390625,489438
2022-05-05,TRENT.NS,Trent Ltd,Growth / Compounder,1234.0,1242.8499755859375,1206.0999755859375,1212.3499755859375,1207.2713623046875,464980
2022-05-06,TRENT.NS,Trent Ltd,Growth / Compounder,1192.0,1199.75,1138.1500244140625,1146.75,1141.9462890625,840078
2022-05-09,TRENT.NS,Trent Ltd,Growth / Compounder,1135.800048828125,1151.449951171875,1092.8499755859375,1103.8499755859375,1099.225830078125,873730
2022-05-10,TRENT.NS,Trent Ltd,Growth / Compounder,1100.0,1112.0999755859375,1055.0,1060.1500244140625,1055.708984375,663951
2022-05-11,TRENT.NS,Trent Ltd,Growth / Compounder,1073.0,1075.5999755859375,1009.5499877929688,1045.9000244140625,1041.5185546875,805254
2022-05-12,TRENT.NS,Trent Ltd,Growth / Compounder,1045.0,1045.0,982.8499755859375,1010.8499755859375,1006.6154174804688,1433291
2022-05-13,TRENT.NS,Trent Ltd,Growth / Compounder,1034.699951171875,1054.5,1018.5499877929688,1032.0,1027.677001953125,467140
2022-05-16,TRENT.NS,Trent Ltd,Growth / Compounder,1024.0,1045.050048828125,1005.0999755859375,1039.1500244140625,1034.796875,536424
2022-05-17,TRENT.NS,Trent Ltd,Growth / Compounder,1036.300048828125,1079.8499755859375,1036.0,1075.5999755859375,1071.093994140625,438660
2022-05-18,TRENT.NS,Trent Ltd,Growth / Compounder,1085.0,1100.0,1065.800048828125,1085.050048828125,1080.504638671875,623123
2022-05-19,TRENT.NS,Trent Ltd,Growth / Compounder,1062.1500244140625,1074.8499755859375,1011.7999877929688,1036.6500244140625,1032.307373046875,1247443
2022-05-20,TRENT.NS,Trent Ltd,Growth / Compounder,1044.5999755859375,1092.0,1044.5999755859375,1086.949951171875,1083.162841796875,629720
2022-05-23,TRENT.NS,Trent Ltd,Growth / Compounder,1092.0,1099.0,1060.3499755859375,1065.300048828125,1061.5885009765625,302084
2022-05-24,TRENT.NS,Trent Ltd,Growth / Compounder,1070.9000244140625,1080.449951171875,1047.25,1075.9000244140625,1072.1513671875,337854
2022-05-25,TRENT.NS,Trent Ltd,Growth / Compounder,1079.949951171875,1085.8499755859375,1026.449951171875,1037.949951171875,1034.3336181640625,407027
2022-05-26,TRENT.NS,Trent Ltd,Growth / Compounder,1043.4000244140625,1054.300048828125,1004.4000244140625,1048.949951171875,1045.2952880859375,444559
2022-05-27,TRENT.NS,Trent Ltd,Growth / Compounder,1053.0,1074.9000244140625,1045.5,1068.449951171875,1064.7274169921875,293538
2022-05-30,TRENT.NS,Trent Ltd,Growth / Compounder,1087.0,1123.199951171875,1077.0,1118.9000244140625,1115.00146484375,547836
2022-05-31,TRENT.NS,Trent Ltd,Growth / Compounder,1115.0,1135.0,1109.300048828125,1124.050048828125,1120.1336669921875,1673884
2022-06-01,TRENT.NS,Trent Ltd,Growth / Compounder,1132.0,1145.0,1106.25,1109.449951171875,1105.58447265625,521752
2022-06-02,TRENT.NS,Trent Ltd,Growth / Compounder,1111.800048828125,1124.0,1098.0,1112.8499755859375,1108.9725341796875,433531
2022-06-03,TRENT.NS,Trent Ltd,Growth / Compounder,1111.0999755859375,1145.0,1111.0999755859375,1129.300048828125,1125.3653564453125,843397
2022-06-06,TRENT.NS,Trent Ltd,Growth / Compounder,1129.0,1138.5,1092.0,1104.75,1100.9007568359375,620866
2022-06-07,TRENT.NS,Trent Ltd,Growth / Compounder,1106.0,1106.0,1073.0,1084.8499755859375,1081.0701904296875,284321
2022-06-08,TRENT.NS,Trent Ltd,Growth / Compounder,1080.0,1097.949951171875,1077.949951171875,1087.0,1083.2127685546875,469020
2022-06-09,TRENT.NS,Trent Ltd,Growth / Compounder,1078.0,1091.75,1063.0999755859375,1084.25,1080.4722900390625,557580
2022-06-10,TRENT.NS,Trent Ltd,Growth / Compounder,1081.0,1120.0999755859375,1071.800048828125,1113.300048828125,1109.421142578125,859171
2022-06-13,TRENT.NS,Trent Ltd,Growth / Compounder,1109.949951171875,1111.550048828125,1083.449951171875,1086.6500244140625,1082.864013671875,514725
2022-06-14,TRENT.NS,Trent Ltd,Growth / Compounder,1086.4000244140625,1092.300048828125,1064.199951171875,1069.449951171875,1065.7237548828125,495087
2022-06-15,TRENT.NS,Trent Ltd,Growth / Compounder,1070.25,1108.0,1065.75,1094.9000244140625,1091.085205078125,882202
2022-06-16,TRENT.NS,Trent Ltd,Growth / Compounder,1105.25,1117.5999755859375,1069.5,1078.050048828125,1074.2939453125,387582
2022-06-17,TRENT.NS,Trent Ltd,Growth / Compounder,1078.050048828125,1084.699951171875,1036.300048828125,1043.800048828125,1040.1632080078125,753097
2022-06-20,TRENT.NS,Trent Ltd,Growth / Compounder,1043.9000244140625,1057.949951171875,1014.5,1048.800048828125,1045.14599609375,518858
2022-06-21,TRENT.NS,Trent Ltd,Growth / Compounder,1056.0999755859375,1069.0,1038.0999755859375,1050.25,1046.5906982421875,1352719
2022-06-22,TRENT.NS,Trent Ltd,Growth / Compounder,1050.25,1051.0,1009.2999877929688,1020.7999877929688,1017.2433471679688,673346
2022-06-23,TRENT.NS,Trent Ltd,Growth / Compounder,1023.5,1037.949951171875,1012.0,1029.75,1026.1622314453125,486409
2022-06-24,TRENT.NS,Trent Ltd,Growth / Compounder,1040.0,1062.5,1034.199951171875,1058.699951171875,1055.0113525390625,462900
2022-06-27,TRENT.NS,Trent Ltd,Growth / Compounder,1080.9000244140625,1080.9000244140625,1041.300048828125,1049.0999755859375,1045.4447021484375,344510
2022-06-28,TRENT.NS,Trent Ltd,Growth / Compounder,1050.0,1076.0,1030.0,1068.25,1064.528076171875,442089
2022-06-29,TRENT.NS,Trent Ltd,Growth / Compounder,1059.5999755859375,1115.0,1042.6500244140625,1109.25,1105.3851318359375,1397225
2022-06-30,TRENT.NS,Trent Ltd,Growth / Compounder,1101.0,1113.300048828125,1069.25,1074.1500244140625,1070.4075927734375,529542
2022-07-01,TRENT.NS,Trent Ltd,Growth / Compounder,1074.1500244140625,1088.0999755859375,1059.0999755859375,1073.550048828125,1069.8096923828125,555368
2022-07-04,TRENT.NS,Trent Ltd,Growth / Compounder,1073.550048828125,1122.0,1073.550048828125,1118.199951171875,1114.3040771484375,736578
2022-07-05,TRENT.NS,Trent Ltd,Growth / Compounder,1118.199951171875,1134.4000244140625,1110.0999755859375,1120.3499755859375,1116.4464111328125,635508
2022-07-06,TRENT.NS,Trent Ltd,Growth / Compounder,1124.699951171875,1175.0,1113.0,1172.0,1167.9163818359375,835710
2022-07-07,TRENT.NS,Trent Ltd,Growth / Compounder,1175.199951171875,1186.949951171875,1158.3499755859375,1170.550048828125,1166.4716796875,291188
2022-07-08,TRENT.NS,Trent Ltd,Growth / Compounder,1171.8499755859375,1210.800048828125,1162.449951171875,1204.25,1200.05419921875,954902
2022-07-11,TRENT.NS,Trent Ltd,Growth / Compounder,1202.800048828125,1222.800048828125,1197.0,1207.4000244140625,1203.1932373046875,877368
2022-07-12,TRENT.NS,Trent Ltd,Growth / Compounder,1206.0,1212.0,1184.050048828125,1195.949951171875,1191.7830810546875,583382
2022-07-13,TRENT.NS,Trent Ltd,Growth / Compounder,1202.199951171875,1211.949951171875,1158.75,1205.550048828125,1201.3497314453125,325971
2022-07-14,TRENT.NS,Trent Ltd,Growth / Compounder,1206.0,1216.9000244140625,1170.0999755859375,1179.300048828125,1175.191162109375,453534
2022-07-15,TRENT.NS,Trent Ltd,Growth / Compounder,1185.5,1214.8499755859375,1182.050048828125,1210.699951171875,1206.481689453125,315845
2022-07-18,TRENT.NS,Trent Ltd,Growth / Compounder,1222.0,1237.699951171875,1202.699951171875,1208.550048828125,1204.3392333984375,980588
2022-07-19,TRENT.NS,Trent Ltd,Growth / Compounder,1207.800048828125,1218.25,1195.050048828125,1202.25,1198.0611572265625,491128
2022-07-20,TRENT.NS,Trent Ltd,Growth / Compounder,1210.0,1233.0,1203.0,1209.5,1205.2857666015625,604230
2022-07-21,TRENT.NS,Trent Ltd,Growth / Compounder,1211.75,1229.199951171875,1201.0,1220.550048828125,1216.29736328125,476539
2022-07-22,TRENT.NS,Trent Ltd,Growth / Compounder,1222.0,1266.8499755859375,1220.550048828125,1243.75,1239.4166259765625,942665
2022-07-25,TRENT.NS,Trent Ltd,Growth / Compounder,1237.5,1245.0,1221.300048828125,1232.550048828125,1228.255615234375,381778
2022-07-26,TRENT.NS,Trent Ltd,Growth / Compounder,1238.699951171875,1247.800048828125,1223.199951171875,1231.5,1227.209228515625,331124
2022-07-27,TRENT.NS,Trent Ltd,Growth / Compounder,1232.0,1258.550048828125,1225.199951171875,1254.4000244140625,1250.0294189453125,532946
2022-07-28,TRENT.NS,Trent Ltd,Growth / Compounder,1256.0,1270.949951171875,1248.050048828125,1258.800048828125,1254.4140625,504060
2022-07-29,TRENT.NS,Trent Ltd,Growth / Compounder,1267.949951171875,1276.8499755859375,1250.050048828125,1268.5999755859375,1264.1800537109375,656479
2022-08-01,TRENT.NS,Trent Ltd,Growth / Compounder,1268.0,1305.5,1268.0,1301.0,1296.4671630859375,793553
2022-08-02,TRENT.NS,Trent Ltd,Growth / Compounder,1299.9000244140625,1312.5,1276.800048828125,1308.6500244140625,1304.0904541015625,502117
2022-08-03,TRENT.NS,Trent Ltd,Growth / Compounder,1311.0,1326.75,1292.0,1308.75,1304.1900634765625,393606
2022-08-04,TRENT.NS,Trent Ltd,Growth / Compounder,1325.0,1325.0,1288.0999755859375,1316.75,1312.1622314453125,393725
2022-08-05,TRENT.NS,Trent Ltd,Growth / Compounder,1320.0,1323.699951171875,1302.199951171875,1315.9000244140625,1311.315185546875,242951
2022-08-08,TRENT.NS,Trent Ltd,Growth / Compounder,1315.9000244140625,1333.0,1307.449951171875,1318.6500244140625,1314.0555419921875,438066
2022-08-10,TRENT.NS,Trent Ltd,Growth / Compounder,1319.449951171875,1331.8499755859375,1301.0,1311.25,1306.681396484375,313632
2022-08-11,TRENT.NS,Trent Ltd,Growth / Compounder,1329.0,1359.699951171875,1320.449951171875,1340.1500244140625,1335.4808349609375,1702218
2022-08-12,TRENT.NS,Trent Ltd,Growth / Compounder,1347.0,1390.5999755859375,1332.6500244140625,1382.75,1377.9322509765625,1159339
2022-08-16,TRENT.NS,Trent Ltd,Growth / Compounder,1390.5999755859375,1454.3499755859375,1389.699951171875,1409.949951171875,1405.037353515625,1476050
2022-08-17,TRENT.NS,Trent Ltd,Growth / Compounder,1410.300048828125,1482.0,1410.300048828125,1474.699951171875,1469.561767578125,1594684
2022-08-18,TRENT.NS,Trent Ltd,Growth / Compounder,1481.0,1522.5,1448.25,1455.5,1450.4288330078125,1748382
2022-08-19,TRENT.NS,Trent Ltd,Growth / Compounder,1464.9000244140625,1487.4000244140625,1388.699951171875,1398.1500244140625,1393.278564453125,1284783
2022-08-22,TRENT.NS,Trent Ltd,Growth / Compounder,1398.1500244140625,1416.75,1299.1500244140625,1314.0999755859375,1309.5213623046875,3129067
2022-08-23,TRENT.NS,Trent Ltd,Growth / Compounder,1309.4000244140625,1355.0,1283.0,1346.800048828125,1342.107666015625,2092763
2022-08-24,TRENT.NS,Trent Ltd,Growth / Compounder,1350.0,1353.9000244140625,1322.050048828125,1344.9000244140625,1340.214111328125,633681
2022-08-25,TRENT.NS,Trent Ltd,Growth / Compounder,1357.25,1373.4000244140625,1338.0,1359.4000244140625,1354.6636962890625,1144010
2022-08-26,TRENT.NS,Trent Ltd,Growth / Compounder,1366.0,1400.8499755859375,1363.050048828125,1390.5999755859375,1385.7550048828125,1047852
2022-08-29,TRENT.NS,Trent Ltd,Growth / Compounder,1352.0,1368.0,1330.4000244140625,1360.6500244140625,1355.9093017578125,575626
2022-08-30,TRENT.NS,Trent Ltd,Growth / Compounder,1362.550048828125,1416.8499755859375,1362.550048828125,1407.25,1402.346923828125,1311053
2022-09-01,TRENT.NS,Trent Ltd,Growth / Compounder,1394.5,1416.0,1391.550048828125,1414.0,1409.0733642578125,738051
2022-09-02,TRENT.NS,Trent Ltd,Growth / Compounder,1419.0,1421.550048828125,1388.0999755859375,1391.0999755859375,1386.253173828125,462018
2022-09-05,TRENT.NS,Trent Ltd,Growth / Compounder,1390.0,1408.949951171875,1384.6500244140625,1398.25,1393.378173828125,633249
2022-09-06,TRENT.NS,Trent Ltd,Growth / Compounder,1405.0,1413.5999755859375,1386.5,1389.949951171875,1385.1070556640625,342940
2022-09-07,TRENT.NS,Trent Ltd,Growth / Compounder,1389.8499755859375,1424.050048828125,1386.0999755859375,1413.199951171875,1408.276123046875,887074
2022-09-08,TRENT.NS,Trent Ltd,Growth / Compounder,1427.9000244140625,1427.9000244140625,1404.0999755859375,1407.050048828125,1402.1475830078125,604853
2022-09-09,TRENT.NS,Trent Ltd,Growth / Compounder,1414.5,1422.0,1371.8499755859375,1379.3499755859375,1374.5440673828125,594999
2022-09-12,TRENT.NS,Trent Ltd,Growth / Compounder,1385.0,1417.800048828125,1385.0,1400.300048828125,1395.421142578125,733357
2022-09-13,TRENT.NS,Trent Ltd,Growth / Compounder,1407.699951171875,1470.0,1405.0,1460.3499755859375,1455.2618408203125,934852
2022-09-14,TRENT.NS,Trent Ltd,Growth / Compounder,1443.949951171875,1474.3499755859375,1427.949951171875,1430.5999755859375,1425.6156005859375,786238
2022-09-15,TRENT.NS,Trent Ltd,Growth / Compounder,1444.25,1451.449951171875,1426.050048828125,1435.199951171875,1430.199462890625,552868
2022-09-16,TRENT.NS,Trent Ltd,Growth / Compounder,1439.0,1463.4000244140625,1409.6500244140625,1432.699951171875,1427.7081298828125,936253
2022-09-19,TRENT.NS,Trent Ltd,Growth / Compounder,1433.4000244140625,1440.0,1385.5,1421.800048828125,1416.8463134765625,625902
2022-09-20,TRENT.NS,Trent Ltd,Growth / Compounder,1427.0,1459.0,1427.0,1445.550048828125,1440.5135498046875,551632
2022-09-21,TRENT.NS,Trent Ltd,Growth / Compounder,1451.0,1498.5999755859375,1446.0,1461.949951171875,1456.856201171875,1496404
2022-09-22,TRENT.NS,Trent Ltd,Growth / Compounder,1461.949951171875,1493.0,1441.0,1486.75,1481.5699462890625,878084
2022-09-23,TRENT.NS,Trent Ltd,Growth / Compounder,1490.0,1491.8499755859375,1417.699951171875,1433.6500244140625,1428.655029296875,743035
2022-09-26,TRENT.NS,Trent Ltd,Growth / Compounder,1420.0,1428.800048828125,1353.0,1408.949951171875,1404.0408935546875,877826
2022-09-27,TRENT.NS,Trent Ltd,Growth / Compounder,1419.4000244140625,1443.4000244140625,1390.0,1396.050048828125,1391.1859130859375,599701
2022-09-28,TRENT.NS,Trent Ltd,Growth / Compounder,1387.0,1409.449951171875,1370.300048828125,1388.1500244140625,1383.3134765625,341570
2022-09-29,TRENT.NS,Trent Ltd,Growth / Compounder,1403.0,1409.1500244140625,1370.0999755859375,1397.6500244140625,1392.7803955078125,513074
2022-09-30,TRENT.NS,Trent Ltd,Growth / Compounder,1397.699951171875,1430.0,1372.4000244140625,1420.0,1415.0526123046875,721128
2022-10-03,TRENT.NS,Trent Ltd,Growth / Compounder,1419.0,1425.0,1383.0,1389.800048828125,1384.9576416015625,487553
2022-10-04,TRENT.NS,Trent Ltd,Growth / Compounder,1410.0,1436.9000244140625,1401.699951171875,1431.449951171875,1426.4625244140625,669791
2022-10-06,TRENT.NS,Trent Ltd,Growth / Compounder,1438.9000244140625,1454.800048828125,1428.0,1447.4000244140625,1442.3570556640625,572255
2022-10-07,TRENT.NS,Trent Ltd,Growth / Compounder,1455.0,1480.0,1440.050048828125,1450.75,1445.6951904296875,633829
2022-10-10,TRENT.NS,Trent Ltd,Growth / Compounder,1430.0,1451.800048828125,1418.0,1431.8499755859375,1426.8612060546875,532783
2022-10-11,TRENT.NS,Trent Ltd,Growth / Compounder,1446.25,1459.6500244140625,1406.25,1423.050048828125,1418.0919189453125,670168
2022-10-12,TRENT.NS,Trent Ltd,Growth / Compounder,1420.0,1439.8499755859375,1398.0,1422.300048828125,1417.3446044921875,402168
2022-10-13,TRENT.NS,Trent Ltd,Growth / Compounder,1422.949951171875,1438.5999755859375,1396.0,1401.6500244140625,1396.766357421875,286921
2022-10-14,TRENT.NS,Trent Ltd,Growth / Compounder,1432.0,1432.0,1373.8499755859375,1379.5999755859375,1374.793212890625,441023
2022-10-17,TRENT.NS,Trent Ltd,Growth / Compounder,1377.949951171875,1387.4000244140625,1354.050048828125,1378.25,1373.447998046875,418522
2022-10-18,TRENT.NS,Trent Ltd,Growth / Compounder,1387.0,1436.0,1373.300048828125,1428.9000244140625,1423.9215087890625,651226
2022-10-19,TRENT.NS,Trent Ltd,Growth / Compounder,1430.0,1447.699951171875,1417.0999755859375,1424.1500244140625,1419.1881103515625,451427
2022-10-20,TRENT.NS,Trent Ltd,Growth / Compounder,1415.0,1431.5999755859375,1405.0,1425.5,1420.5333251953125,439690
2022-10-21,TRENT.NS,Trent Ltd,Growth / Compounder,1425.5,1443.0,1406.199951171875,1431.0,1426.01416015625,458912
2022-10-24,TRENT.NS,Trent Ltd,Growth / Compounder,1446.3499755859375,1446.3499755859375,1422.0,1429.25,1424.270263671875,70262
2022-10-25,TRENT.NS,Trent Ltd,Growth / Compounder,1430.0,1442.0,1419.699951171875,1433.949951171875,1428.9537353515625,244221
2022-10-27,TRENT.NS,Trent Ltd,Growth / Compounder,1433.949951171875,1470.550048828125,1433.0,1463.0999755859375,1458.002197265625,441597
2022-10-28,TRENT.NS,Trent Ltd,Growth / Compounder,1470.5,1478.0,1445.0,1458.949951171875,1453.86669921875,325536
2022-10-31,TRENT.NS,Trent Ltd,Growth / Compounder,1460.0,1543.0,1460.0,1527.9000244140625,1522.57666015625,2085522
2022-11-01,TRENT.NS,Trent Ltd,Growth / Compounder,1544.949951171875,1566.0,1522.75,1557.550048828125,1552.1234130859375,999663
2022-11-02,TRENT.NS,Trent Ltd,Growth / Compounder,1565.0,1565.0,1517.1500244140625,1530.25,1524.9183349609375,535001
2022-11-03,TRENT.NS,Trent Ltd,Growth / Compounder,1511.0,1551.699951171875,1503.8499755859375,1545.5,1540.115234375,504000
2022-11-04,TRENT.NS,Trent Ltd,Growth / Compounder,1549.800048828125,1550.199951171875,1495.550048828125,1506.0,1500.7528076171875,591976
2022-11-07,TRENT.NS,Trent Ltd,Growth / Compounder,1517.699951171875,1523.5,1486.5,1507.9000244140625,1502.6461181640625,501244
2022-11-09,TRENT.NS,Trent Ltd,Growth / Compounder,1506.949951171875,1508.9000244140625,1495.1500244140625,1501.75,1496.5177001953125,328444
2022-11-10,TRENT.NS,Trent Ltd,Growth / Compounder,1495.0,1499.300048828125,1459.550048828125,1470.9000244140625,1465.775146484375,584753
2022-11-11,TRENT.NS,Trent Ltd,Growth / Compounder,1472.0999755859375,1549.699951171875,1395.0,1419.050048828125,1414.105712890625,2812289
2022-11-14,TRENT.NS,Trent Ltd,Growth / Compounder,1433.550048828125,1441.5999755859375,1401.050048828125,1427.050048828125,1422.0780029296875,1122597
2022-11-15,TRENT.NS,Trent Ltd,Growth / Compounder,1424.0999755859375,1425.0,1406.050048828125,1416.1500244140625,1411.2159423828125,710092
2022-11-16,TRENT.NS,Trent Ltd,Growth / Compounder,1416.1500244140625,1425.0,1387.0999755859375,1394.8499755859375,1389.989990234375,467953
2022-11-17,TRENT.NS,Trent Ltd,Growth / Compounder,1396.0,1410.8499755859375,1379.0,1396.699951171875,1391.8336181640625,944775
2022-11-18,TRENT.NS,Trent Ltd,Growth / Compounder,1403.699951171875,1403.699951171875,1371.9000244140625,1383.050048828125,1378.231201171875,591196
2022-11-21,TRENT.NS,Trent Ltd,Growth / Compounder,1378.949951171875,1382.800048828125,1358.699951171875,1378.6500244140625,1373.8465576171875,457376
2022-11-22,TRENT.NS,Trent Ltd,Growth / Compounder,1380.0,1412.9000244140625,1380.0,1408.1500244140625,1403.243896484375,770340
2022-11-23,TRENT.NS,Trent Ltd,Growth / Compounder,1408.1500244140625,1421.949951171875,1400.0,1410.300048828125,1405.38623046875,1390277
2022-11-24,TRENT.NS,Trent Ltd,Growth / Compounder,1414.0,1434.0,1409.0,1429.449951171875,1424.469482421875,602103
2022-11-25,TRENT.NS,Trent Ltd,Growth / Compounder,1430.0,1448.0,1424.199951171875,1432.4000244140625,1427.4093017578125,541513
2022-11-28,TRENT.NS,Trent Ltd,Growth / Compounder,1421.0,1444.9000244140625,1420.1500244140625,1439.1500244140625,1434.1357421875,290527
2022-11-29,TRENT.NS,Trent Ltd,Growth / Compounder,1439.0,1462.5,1434.050048828125,1456.949951171875,1451.87353515625,476040
2022-11-30,TRENT.NS,Trent Ltd,Growth / Compounder,1456.949951171875,1479.800048828125,1435.3499755859375,1471.6500244140625,1466.5225830078125,960009
2022-12-01,TRENT.NS,Trent Ltd,Growth / Compounder,1473.550048828125,1479.0,1455.5999755859375,1464.0999755859375,1458.9986572265625,392526
2022-12-02,TRENT.NS,Trent Ltd,Growth / Compounder,1464.0,1477.4000244140625,1460.4000244140625,1468.699951171875,1463.582763671875,286105
2022-12-05,TRENT.NS,Trent Ltd,Growth / Compounder,1462.6500244140625,1481.0,1448.699951171875,1475.550048828125,1470.4090576171875,462047
2022-12-06,TRENT.NS,Trent Ltd,Growth / Compounder,1470.0,1488.0,1460.550048828125,1475.75,1470.608154296875,501781
2022-12-07,TRENT.NS,Trent Ltd,Growth / Compounder,1476.050048828125,1483.0999755859375,1455.0,1463.4000244140625,1458.3013916015625,233857
2022-12-08,TRENT.NS,Trent Ltd,Growth / Compounder,1466.0,1466.449951171875,1444.800048828125,1458.0999755859375,1453.019775390625,325774
2022-12-09,TRENT.NS,Trent Ltd,Growth / Compounder,1468.0,1468.0,1432.9000244140625,1458.0,1452.9200439453125,381953
2022-12-12,TRENT.NS,Trent Ltd,Growth / Compounder,1455.0,1456.5,1440.0999755859375,1449.550048828125,1444.4996337890625,266399
2022-12-13,TRENT.NS,Trent Ltd,Growth / Compounder,1449.0,1459.9000244140625,1440.0999755859375,1443.5,1438.470703125,392861
2022-12-14,TRENT.NS,Trent Ltd,Growth / Compounder,1444.199951171875,1460.550048828125,1441.5999755859375,1451.3499755859375,1446.293212890625,247467
2022-12-15,TRENT.NS,Trent Ltd,Growth / Compounder,1449.25,1459.949951171875,1428.0999755859375,1436.0,1430.9967041015625,383487
2022-12-16,TRENT.NS,Trent Ltd,Growth / Compounder,1427.25,1432.449951171875,1401.0,1407.300048828125,1402.396728515625,505066
2022-12-19,TRENT.NS,Trent Ltd,Growth / Compounder,1395.0,1424.25,1388.0,1418.050048828125,1413.1092529296875,467614
2022-12-20,TRENT.NS,Trent Ltd,Growth / Compounder,1418.050048828125,1421.300048828125,1395.8499755859375,1412.4000244140625,1407.47900390625,270778
2022-12-21,TRENT.NS,Trent Ltd,Growth / Compounder,1411.0,1420.1500244140625,1355.9000244140625,1366.4000244140625,1361.6392822265625,585477
2022-12-22,TRENT.NS,Trent Ltd,Growth / Compounder,1368.0,1380.0,1318.199951171875,1332.449951171875,1327.807373046875,879064
2022-12-23,TRENT.NS,Trent Ltd,Growth / Compounder,1315.0,1335.0,1277.949951171875,1284.4000244140625,1279.9248046875,1182635
2022-12-26,TRENT.NS,Trent Ltd,Growth / Compounder,1289.949951171875,1365.0,1281.5,1357.5,1352.770263671875,835478
2022-12-27,TRENT.NS,Trent Ltd,Growth / Compounder,1358.699951171875,1363.25,1327.949951171875,1346.8499755859375,1342.1573486328125,868094
2022-12-28,TRENT.NS,Trent Ltd,Growth / Compounder,1345.0,1356.5,1334.5999755859375,1346.4000244140625,1341.7088623046875,565769
2022-12-29,TRENT.NS,Trent Ltd,Growth / Compounder,1341.050048828125,1350.0,1308.300048828125,1348.5999755859375,1343.9012451171875,572355
2022-12-30,TRENT.NS,Trent Ltd,Growth / Compounder,1355.3499755859375,1361.1500244140625,1340.0999755859375,1351.3499755859375,1346.6417236328125,310890
2023-01-02,TRENT.NS,Trent Ltd,Growth / Compounder,1358.0,1358.4000244140625,1332.0,1342.1500244140625,1337.4737548828125,195562
2023-01-03,TRENT.NS,Trent Ltd,Growth / Compounder,1342.0,1350.0,1330.050048828125,1347.4000244140625,1342.7054443359375,233893
2023-01-04,TRENT.NS,Trent Ltd,Growth / Compounder,1346.050048828125,1353.550048828125,1300.050048828125,1307.4000244140625,1302.8447265625,589604
2023-01-05,TRENT.NS,Trent Ltd,Growth / Compounder,1312.0,1312.0,1272.300048828125,1279.9000244140625,1275.4405517578125,617568
2023-01-06,TRENT.NS,Trent Ltd,Growth / Compounder,1281.0,1289.550048828125,1236.0,1248.1500244140625,1243.80126953125,1046858
2023-01-09,TRENT.NS,Trent Ltd,Growth / Compounder,1253.800048828125,1255.0,1213.3499755859375,1219.75,1215.5001220703125,852556
2023-01-10,TRENT.NS,Trent Ltd,Growth / Compounder,1225.0,1235.1500244140625,1201.949951171875,1223.6500244140625,1219.3865966796875,588497
2023-01-11,TRENT.NS,Trent Ltd,Growth / Compounder,1230.0999755859375,1235.0,1205.0,1210.699951171875,1206.481689453125,680945
2023-01-12,TRENT.NS,Trent Ltd,Growth / Compounder,1215.0,1242.5,1204.5,1209.5,1205.2857666015625,566434
2023-01-13,TRENT.NS,Trent Ltd,Growth / Compounder,1214.0,1218.3499755859375,1186.0999755859375,1205.4000244140625,1201.2001953125,819106
2023-01-16,TRENT.NS,Trent Ltd,Growth / Compounder,1206.949951171875,1216.449951171875,1192.0,1197.4000244140625,1193.22802734375,372068
2023-01-17,TRENT.NS,Trent Ltd,Growth / Compounder,1199.949951171875,1199.949951171875,1180.8499755859375,1193.0999755859375,1188.9429931640625,528204
2023-01-18,TRENT.NS,Trent Ltd,Growth / Compounder,1198.0,1232.25,1190.9000244140625,1222.800048828125,1218.53955078125,802598
2023-01-19,TRENT.NS,Trent Ltd,Growth / Compounder,1222.949951171875,1222.949951171875,1192.0,1198.300048828125,1194.125,334432
2023-01-20,TRENT.NS,Trent Ltd,Growth / Compounder,1204.5999755859375,1207.5,1177.0,1182.300048828125,1178.1807861328125,373948
2023-01-23,TRENT.NS,Trent Ltd,Growth / Compounder,1188.25,1189.300048828125,1161.0999755859375,1177.25,1173.1483154296875,485408
2023-01-24,TRENT.NS,Trent Ltd,Growth / Compounder,1177.0,1208.550048828125,1176.949951171875,1202.75,1198.559326171875,1173927
2023-01-25,TRENT.NS,Trent Ltd,Growth / Compounder,1205.8499755859375,1219.449951171875,1185.0999755859375,1212.0999755859375,1207.8768310546875,765489
2023-01-27,TRENT.NS,Trent Ltd,Growth / Compounder,1212.0,1212.0,1155.0,1176.300048828125,1172.2015380859375,1368360
2023-01-30,TRENT.NS,Trent Ltd,Growth / Compounder,1179.9000244140625,1190.0,1161.300048828125,1180.3499755859375,1176.2374267578125,932999
2023-01-31,TRENT.NS,Trent Ltd,Growth / Compounder,1180.3499755859375,1204.4000244140625,1169.199951171875,1196.5999755859375,1192.4307861328125,965496
2023-02-01,TRENT.NS,Trent Ltd,Growth / Compounder,1204.0,1265.0,1192.1500244140625,1216.0,1211.7633056640625,1724393
2023-02-02,TRENT.NS,Trent Ltd,Growth / Compounder,1215.0999755859375,1224.6500244140625,1196.699951171875,1210.5999755859375,1206.382080078125,590000
2023-02-03,TRENT.NS,Trent Ltd,Growth / Compounder,1217.0,1238.4000244140625,1209.050048828125,1235.6500244140625,1231.3448486328125,304320
2023-02-06,TRENT.NS,Trent Ltd,Growth / Compounder,1241.0,1248.5999755859375,1213.9000244140625,1230.0999755859375,1225.814208984375,365009
2023-02-07,TRENT.NS,Trent Ltd,Growth / Compounder,1232.0999755859375,1248.75,1206.050048828125,1213.1500244140625,1208.923095703125,499648
2023-02-08,TRENT.NS,Trent Ltd,Growth / Compounder,1212.0999755859375,1240.0,1210.0,1236.050048828125,1231.743408203125,336510
2023-02-09,TRENT.NS,Trent Ltd,Growth / Compounder,1290.0,1346.75,1264.050048828125,1341.9000244140625,1337.2247314453125,4103779
2023-02-10,TRENT.NS,Trent Ltd,Growth / Compounder,1341.9000244140625,1352.5999755859375,1320.5999755859375,1328.800048828125,1324.1702880859375,820161
2023-02-13,TRENT.NS,Trent Ltd,Growth / Compounder,1335.0,1335.0,1302.050048828125,1306.449951171875,1301.8980712890625,338292
2023-02-14,TRENT.NS,Trent Ltd,Growth / Compounder,1307.3499755859375,1325.0,1296.9000244140625,1320.5999755859375,1315.998779296875,316603
2023-02-15,TRENT.NS,Trent Ltd,Growth / Compounder,1318.550048828125,1352.0,1311.25,1347.449951171875,1342.755126953125,821781
2023-02-16,TRENT.NS,Trent Ltd,Growth / Compounder,1350.0,1371.0,1338.3499755859375,1363.0999755859375,1358.350830078125,584385
2023-02-17,TRENT.NS,Trent Ltd,Growth / Compounder,1360.0,1378.9000244140625,1350.1500244140625,1360.6500244140625,1355.9093017578125,535675
2023-02-20,TRENT.NS,Trent Ltd,Growth / Compounder,1360.050048828125,1363.9000244140625,1333.300048828125,1343.8499755859375,1339.167724609375,390430
2023-02-21,TRENT.NS,Trent Ltd,Growth / Compounder,1343.0,1357.449951171875,1329.6500244140625,1338.0999755859375,1333.4378662109375,575418
2023-02-22,TRENT.NS,Trent Ltd,Growth / Compounder,1328.949951171875,1352.449951171875,1323.5,1343.8499755859375,1339.167724609375,556036
2023-02-23,TRENT.NS,Trent Ltd,Growth / Compounder,1345.0,1345.0,1314.8499755859375,1328.199951171875,1323.5721435546875,347591
2023-02-24,TRENT.NS,Trent Ltd,Growth / Compounder,1332.0,1341.949951171875,1299.300048828125,1305.550048828125,1301.001220703125,409365
2023-02-27,TRENT.NS,Trent Ltd,Growth / Compounder,1306.25,1307.300048828125,1272.0,1288.8499755859375,1284.359375,419611
2023-02-28,TRENT.NS,Trent Ltd,Growth / Compounder,1288.8499755859375,1307.6500244140625,1273.0,1278.1500244140625,1273.6966552734375,907835
2023-03-01,TRENT.NS,Trent Ltd,Growth / Compounder,1286.5,1309.9000244140625,1280.25,1291.5,1287.000244140625,467538
2023-03-02,TRENT.NS,Trent Ltd,Growth / Compounder,1291.5,1306.800048828125,1276.800048828125,1284.949951171875,1280.472900390625,299267
2023-03-03,TRENT.NS,Trent Ltd,Growth / Compounder,1290.0,1312.8499755859375,1276.4000244140625,1304.9000244140625,1300.3533935546875,568928
2023-03-06,TRENT.NS,Trent Ltd,Growth / Compounder,1306.5999755859375,1333.5999755859375,1306.5999755859375,1325.4000244140625,1320.7822265625,566960
2023-03-08,TRENT.NS,Trent Ltd,Growth / Compounder,1319.050048828125,1348.0,1313.050048828125,1342.550048828125,1337.8724365234375,521534
2023-03-09,TRENT.NS,Trent Ltd,Growth / Compounder,1346.4000244140625,1366.9000244140625,1328.199951171875,1335.0,1330.3486328125,625276
2023-03-10,TRENT.NS,Trent Ltd,Growth / Compounder,1324.550048828125,1345.449951171875,1318.0,1341.0,1336.3277587890625,391986
2023-03-13,TRENT.NS,Trent Ltd,Growth / Compounder,1341.0,1357.0999755859375,1311.050048828125,1324.0999755859375,1319.4866943359375,698497
2023-03-14,TRENT.NS,Trent Ltd,Growth / Compounder,1331.0999755859375,1351.0,1296.949951171875,1337.800048828125,1333.1387939453125,626503
2023-03-15,TRENT.NS,Trent Ltd,Growth / Compounder,1345.0,1360.0,1313.050048828125,1321.25,1316.646484375,343676
2023-03-16,TRENT.NS,Trent Ltd,Growth / Compounder,1320.0,1345.050048828125,1308.0,1336.3499755859375,1331.6939697265625,475242
2023-03-17,TRENT.NS,Trent Ltd,Growth / Compounder,1349.0,1359.8499755859375,1336.0,1356.199951171875,1351.4747314453125,440067
2023-03-20,TRENT.NS,Trent Ltd,Growth / Compounder,1366.0,1366.0,1305.0,1344.449951171875,1339.7657470703125,605595
2023-03-21,TRENT.NS,Trent Ltd,Growth / Compounder,1346.3499755859375,1353.75,1318.050048828125,1321.550048828125,1316.9454345703125,318911
2023-03-22,TRENT.NS,Trent Ltd,Growth / Compounder,1323.0999755859375,1349.5,1322.0999755859375,1329.5,1324.8677978515625,344287
2023-03-23,TRENT.NS,Trent Ltd,Growth / Compounder,1332.5,1352.4000244140625,1316.199951171875,1345.1500244140625,1340.4632568359375,388796
2023-03-24,TRENT.NS,Trent Ltd,Growth / Compounder,1345.0,1345.0,1305.0,1310.050048828125,1305.4854736328125,316370
2023-03-27,TRENT.NS,Trent Ltd,Growth / Compounder,1316.6500244140625,1342.8499755859375,1310.050048828125,1328.449951171875,1323.8212890625,456288
2023-03-28,TRENT.NS,Trent Ltd,Growth / Compounder,1336.0,1338.5,1288.0,1291.1500244140625,1286.6512451171875,474383
2023-03-29,TRENT.NS,Trent Ltd,Growth / Compounder,1288.0,1341.0,1288.0,1335.8499755859375,1331.1956787109375,508829
2023-03-31,TRENT.NS,Trent Ltd,Growth / Compounder,1336.0,1389.0,1336.0,1374.949951171875,1370.159423828125,675734
2023-04-03,TRENT.NS,Trent Ltd,Growth / Compounder,1393.0,1393.0,1351.800048828125,1357.4000244140625,1352.670654296875,401477
2023-04-05,TRENT.NS,Trent Ltd,Growth / Compounder,1360.0,1373.0,1350.0,1364.800048828125,1360.044677734375,212990
2023-04-06,TRENT.NS,Trent Ltd,Growth / Compounder,1367.0,1378.0,1347.0,1367.25,1362.486328125,343855
2023-04-10,TRENT.NS,Trent Ltd,Growth / Compounder,1367.25,1373.199951171875,1348.9000244140625,1358.699951171875,1353.9659423828125,357266
2023-04-11,TRENT.NS,Trent Ltd,Growth / Compounder,1356.0999755859375,1370.9000244140625,1337.0,1354.1500244140625,1349.4320068359375,235880
2023-04-12,TRENT.NS,Trent Ltd,Growth / Compounder,1354.1500244140625,1367.0,1345.550048828125,1363.25,1358.500244140625,177221
2023-04-13,TRENT.NS,Trent Ltd,Growth / Compounder,1367.9000244140625,1384.0,1357.199951171875,1361.800048828125,1357.0552978515625,378453
2023-04-17,TRENT.NS,Trent Ltd,Growth / Compounder,1356.0,1368.0,1340.550048828125,1363.300048828125,1358.550048828125,375958
2023-04-18,TRENT.NS,Trent Ltd,Growth / Compounder,1363.300048828125,1373.4000244140625,1353.0,1361.0999755859375,1356.357666015625,502824
2023-04-19,TRENT.NS,Trent Ltd,Growth / Compounder,1361.0,1370.949951171875,1349.1500244140625,1359.4000244140625,1354.6636962890625,212326
2023-04-20,TRENT.NS,Trent Ltd,Growth / Compounder,1363.6500244140625,1398.5,1354.550048828125,1393.699951171875,1388.843994140625,611747
2023-04-21,TRENT.NS,Trent Ltd,Growth / Compounder,1401.0,1405.800048828125,1372.0,1383.3499755859375,1378.5301513671875,600063
2023-04-24,TRENT.NS,Trent Ltd,Growth / Compounder,1393.75,1396.050048828125,1377.4000244140625,1384.0,1379.1778564453125,327783
2023-04-25,TRENT.NS,Trent Ltd,Growth / Compounder,1388.0,1388.0,1373.449951171875,1381.300048828125,1376.4874267578125,153489
2023-04-26,TRENT.NS,Trent Ltd,Growth / Compounder,1378.8499755859375,1388.699951171875,1365.3499755859375,1373.5,1368.7144775390625,509852
2023-04-27,TRENT.NS,Trent Ltd,Growth / Compounder,1378.0,1387.0,1373.0999755859375,1382.300048828125,1377.48388671875,422730
2023-04-28,TRENT.NS,Trent Ltd,Growth / Compounder,1375.0,1375.0,1306.199951171875,1367.75,1362.984619140625,1816275
2023-05-02,TRENT.NS,Trent Ltd,Growth / Compounder,1370.0,1439.0,1369.050048828125,1406.5,1401.5994873046875,1312984
2023-05-03,TRENT.NS,Trent Ltd,Growth / Compounder,1409.449951171875,1414.0,1378.6500244140625,1390.1500244140625,1385.3065185546875,515474
2023-05-04,TRENT.NS,Trent Ltd,Growth / Compounder,1394.949951171875,1407.6500244140625,1383.1500244140625,1404.949951171875,1400.0548095703125,244571
2023-05-05,TRENT.NS,Trent Ltd,Growth / Compounder,1404.699951171875,1427.449951171875,1396.0,1416.800048828125,1411.8636474609375,317728
2023-05-08,TRENT.NS,Trent Ltd,Growth / Compounder,1417.0,1429.9000244140625,1413.050048828125,1421.5,1416.54736328125,319478
2023-05-09,TRENT.NS,Trent Ltd,Growth / Compounder,1422.050048828125,1448.0,1422.050048828125,1432.949951171875,1427.9571533203125,824650
2023-05-10,TRENT.NS,Trent Ltd,Growth / Compounder,1440.0,1454.4000244140625,1428.1500244140625,1440.6500244140625,1435.6304931640625,469015
2023-05-11,TRENT.NS,Trent Ltd,Growth / Compounder,1445.5999755859375,1475.0,1445.5999755859375,1471.4000244140625,1466.2734375,456556
2023-05-12,TRENT.NS,Trent Ltd,Growth / Compounder,1471.3499755859375,1490.0,1462.300048828125,1486.1500244140625,1480.9720458984375,326598
2023-05-15,TRENT.NS,Trent Ltd,Growth / Compounder,1486.0,1518.3499755859375,1473.0,1511.300048828125,1506.034423828125,496686
2023-05-16,TRENT.NS,Trent Ltd,Growth / Compounder,1518.0,1529.0,1496.550048828125,1500.199951171875,1494.972900390625,481416
2023-05-17,TRENT.NS,Trent Ltd,Growth / Compounder,1502.949951171875,1513.1500244140625,1486.0,1505.550048828125,1500.304443359375,469701
2023-05-18,TRENT.NS,Trent Ltd,Growth / Compounder,1508.0999755859375,1517.75,1486.050048828125,1490.699951171875,1485.506103515625,245900
2023-05-19,TRENT.NS,Trent Ltd,Growth / Compounder,1490.6500244140625,1498.5999755859375,1471.550048828125,1493.0999755859375,1487.897705078125,468553
2023-05-22,TRENT.NS,Trent Ltd,Growth / Compounder,1493.9000244140625,1507.199951171875,1478.0999755859375,1496.25,1491.0367431640625,276941
2023-05-23,TRENT.NS,Trent Ltd,Growth / Compounder,1499.9000244140625,1511.949951171875,1493.1500244140625,1503.6500244140625,1498.4110107421875,368971
2023-05-24,TRENT.NS,Trent Ltd,Growth / Compounder,1504.949951171875,1505.050048828125,1485.949951171875,1498.5,1493.279052734375,362122
2023-05-25,TRENT.NS,Trent Ltd,Growth / Compounder,1500.300048828125,1519.9000244140625,1493.6500244140625,1515.25,1511.449951171875,475551
2023-05-26,TRENT.NS,Trent Ltd,Growth / Compounder,1514.199951171875,1533.6500244140625,1493.050048828125,1530.199951171875,1526.3624267578125,415204
2023-05-29,TRENT.NS,Trent Ltd,Growth / Compounder,1531.4000244140625,1544.5,1523.0999755859375,1537.9000244140625,1534.043212890625,347260
2023-05-30,TRENT.NS,Trent Ltd,Growth / Compounder,1537.9000244140625,1561.9000244140625,1528.6500244140625,1558.3499755859375,1554.44189453125,341563
2023-05-31,TRENT.NS,Trent Ltd,Growth / Compounder,1561.4000244140625,1595.0,1550.0,1560.449951171875,1556.53662109375,1279601
2023-06-01,TRENT.NS,Trent Ltd,Growth / Compounder,1564.9000244140625,1573.050048828125,1550.0,1562.4000244140625,1558.481689453125,452507
2023-06-02,TRENT.NS,Trent Ltd,Growth / Compounder,1566.550048828125,1603.199951171875,1559.949951171875,1597.300048828125,1593.2943115234375,514635
2023-06-05,TRENT.NS,Trent Ltd,Growth / Compounder,1595.0,1610.0,1587.5999755859375,1599.050048828125,1595.0399169921875,231024
2023-06-06,TRENT.NS,Trent Ltd,Growth / Compounder,1604.949951171875,1607.5,1584.0,1602.6500244140625,1598.630859375,208474
2023-06-07,TRENT.NS,Trent Ltd,Growth / Compounder,1605.0,1612.0,1586.800048828125,1602.8499755859375,1598.830322265625,632805
2023-06-08,TRENT.NS,Trent Ltd,Growth / Compounder,1609.0,1616.699951171875,1583.3499755859375,1588.5999755859375,1584.615966796875,286923
2023-06-09,TRENT.NS,Trent Ltd,Growth / Compounder,1594.0,1620.0999755859375,1589.9000244140625,1598.4000244140625,1594.3914794921875,437123
2023-06-12,TRENT.NS,Trent Ltd,Growth / Compounder,1598.4000244140625,1609.0,1584.550048828125,1595.3499755859375,1591.3489990234375,223661
2023-06-13,TRENT.NS,Trent Ltd,Growth / Compounder,1602.4000244140625,1694.75,1598.300048828125,1685.6500244140625,1681.422607421875,1634306
2023-06-14,TRENT.NS,Trent Ltd,Growth / Compounder,1695.5,1730.0,1681.0,1711.199951171875,1706.908447265625,1207550
2023-06-15,TRENT.NS,Trent Ltd,Growth / Compounder,1716.25,1716.25,1680.550048828125,1685.050048828125,1680.8240966796875,465902
2023-06-16,TRENT.NS,Trent Ltd,Growth / Compounder,1685.8499755859375,1719.5,1680.0,1714.25,1709.950927734375,484881
2023-06-19,TRENT.NS,Trent Ltd,Growth / Compounder,1714.449951171875,1723.550048828125,1699.1500244140625,1708.449951171875,1704.1654052734375,199840
2023-06-20,TRENT.NS,Trent Ltd,Growth / Compounder,1710.0,1725.0,1695.0999755859375,1719.449951171875,1715.1378173828125,273300
2023-06-21,TRENT.NS,Trent Ltd,Growth / Compounder,1723.949951171875,1723.949951171875,1691.9000244140625,1700.800048828125,1696.53466796875,369391
2023-06-22,TRENT.NS,Trent Ltd,Growth / Compounder,1700.0,1719.5,1696.25,1710.699951171875,1706.40966796875,213389
2023-06-23,TRENT.NS,Trent Ltd,Growth / Compounder,1710.0,1743.9000244140625,1694.699951171875,1724.949951171875,1720.6240234375,732596
2023-06-26,TRENT.NS,Trent Ltd,Growth / Compounder,1726.8499755859375,1761.800048828125,1711.25,1753.6500244140625,1749.2520751953125,445964
2023-06-27,TRENT.NS,Trent Ltd,Growth / Compounder,1766.0,1766.0,1737.550048828125,1742.8499755859375,1738.4791259765625,320512
2023-06-28,TRENT.NS,Trent Ltd,Growth / Compounder,1759.949951171875,1773.199951171875,1749.449951171875,1769.300048828125,1764.8629150390625,322724
2023-06-30,TRENT.NS,Trent Ltd,Growth / Compounder,1774.949951171875,1783.949951171875,1759.5,1764.1500244140625,1759.725830078125,336262
2023-07-03,TRENT.NS,Trent Ltd,Growth / Compounder,1774.9000244140625,1780.0,1745.9000244140625,1751.550048828125,1747.1573486328125,238418
2023-07-04,TRENT.NS,Trent Ltd,Growth / Compounder,1751.550048828125,1791.949951171875,1730.949951171875,1736.3499755859375,1731.9954833984375,399795
2023-07-05,TRENT.NS,Trent Ltd,Growth / Compounder,1745.0,1746.0,1702.0,1731.699951171875,1727.3570556640625,502769
2023-07-06,TRENT.NS,Trent Ltd,Growth / Compounder,1731.699951171875,1760.0,1723.4000244140625,1754.300048828125,1749.9005126953125,240874
2023-07-07,TRENT.NS,Trent Ltd,Growth / Compounder,1749.300048828125,1753.949951171875,1696.0,1702.8499755859375,1698.579345703125,248389
2023-07-10,TRENT.NS,Trent Ltd,Growth / Compounder,1714.949951171875,1717.949951171875,1669.0,1676.6500244140625,1672.4453125,299305
2023-07-11,TRENT.NS,Trent Ltd,Growth / Compounder,1676.6500244140625,1708.0,1673.0,1693.050048828125,1688.80419921875,457955
2023-07-12,TRENT.NS,Trent Ltd,Growth / Compounder,1697.0,1700.0,1667.949951171875,1687.949951171875,1683.716796875,502653
2023-07-13,TRENT.NS,Trent Ltd,Growth / Compounder,1690.949951171875,1708.0,1658.800048828125,1666.0,1661.82177734375,270100
2023-07-14,TRENT.NS,Trent Ltd,Growth / Compounder,1672.199951171875,1693.75,1657.449951171875,1687.6500244140625,1683.4176025390625,268107
2023-07-17,TRENT.NS,Trent Ltd,Growth / Compounder,1696.449951171875,1722.949951171875,1675.0,1694.300048828125,1690.0509033203125,473571
2023-07-18,TRENT.NS,Trent Ltd,Growth / Compounder,1704.6500244140625,1710.949951171875,1673.0,1690.300048828125,1686.06103515625,173675
2023-07-19,TRENT.NS,Trent Ltd,Growth / Compounder,1699.75,1720.0,1688.0,1716.449951171875,1712.1453857421875,383674
2023-07-20,TRENT.NS,Trent Ltd,Growth / Compounder,1720.0999755859375,1725.0,1702.199951171875,1714.75,1710.44970703125,235107
2023-07-21,TRENT.NS,Trent Ltd,Growth / Compounder,1706.0,1730.050048828125,1701.199951171875,1713.9000244140625,1709.601806640625,331260
2023-07-24,TRENT.NS,Trent Ltd,Growth / Compounder,1725.0,1734.199951171875,1702.050048828125,1709.199951171875,1704.91357421875,392933
2023-07-25,TRENT.NS,Trent Ltd,Growth / Compounder,1709.0,1718.449951171875,1691.949951171875,1709.449951171875,1705.1629638671875,221128
2023-07-26,TRENT.NS,Trent Ltd,Growth / Compounder,1720.0,1726.449951171875,1704.0999755859375,1706.5999755859375,1702.320068359375,273042
2023-07-27,TRENT.NS,Trent Ltd,Growth / Compounder,1706.5999755859375,1722.699951171875,1697.699951171875,1709.050048828125,1704.763916015625,215362
2023-07-28,TRENT.NS,Trent Ltd,Growth / Compounder,1713.5999755859375,1738.949951171875,1690.5999755859375,1730.6500244140625,1726.309814453125,344569
2023-07-31,TRENT.NS,Trent Ltd,Growth / Compounder,1739.0,1764.0,1731.050048828125,1757.0999755859375,1752.693359375,346064
2023-08-01,TRENT.NS,Trent Ltd,Growth / Compounder,1760.0,1762.050048828125,1701.9000244140625,1707.5999755859375,1703.317626953125,260609
2023-08-02,TRENT.NS,Trent Ltd,Growth / Compounder,1707.5999755859375,1716.6500244140625,1678.1500244140625,1690.9000244140625,1686.6595458984375,752736
2023-08-03,TRENT.NS,Trent Ltd,Growth / Compounder,1689.5,1697.5,1670.4000244140625,1687.449951171875,1683.218017578125,269065
2023-08-04,TRENT.NS,Trent Ltd,Growth / Compounder,1699.0,1718.050048828125,1690.0,1700.949951171875,1696.6842041015625,396908
2023-08-07,TRENT.NS,Trent Ltd,Growth / Compounder,1710.0,1718.0,1677.0,1689.800048828125,1685.562255859375,395041
2023-08-08,TRENT.NS,Trent Ltd,Growth / Compounder,1680.0,1719.699951171875,1674.4000244140625,1713.699951171875,1709.4022216796875,322580
2023-08-09,TRENT.NS,Trent Ltd,Growth / Compounder,1721.8499755859375,1806.4000244140625,1703.050048828125,1787.9000244140625,1783.4161376953125,2491542
2023-08-10,TRENT.NS,Trent Ltd,Growth / Compounder,1810.0,1915.0,1790.0,1895.449951171875,1890.6964111328125,4043720
2023-08-11,TRENT.NS,Trent Ltd,Growth / Compounder,1893.800048828125,1909.8499755859375,1876.4000244140625,1885.800048828125,1881.0706787109375,697959
2023-08-14,TRENT.NS,Trent Ltd,Growth / Compounder,1885.0,1935.0,1860.1500244140625,1929.5999755859375,1924.7607421875,1480009
2023-08-16,TRENT.NS,Trent Ltd,Growth / Compounder,1929.0,1967.0,1906.4000244140625,1956.550048828125,1951.643310546875,1232266
2023-08-17,TRENT.NS,Trent Ltd,Growth / Compounder,1965.0,1984.550048828125,1960.0,1974.800048828125,1969.847412109375,969098
2023-08-18,TRENT.NS,Trent Ltd,Growth / Compounder,1979.199951171875,2027.699951171875,1956.0,1974.0,1969.0494384765625,1571201
2023-08-21,TRENT.NS,Trent Ltd,Growth / Compounder,1973.949951171875,2018.0,1950.050048828125,1999.949951171875,1994.934326171875,1066063
2023-08-22,TRENT.NS,Trent Ltd,Growth / Compounder,1999.949951171875,2034.0,1999.0,2027.8499755859375,2022.764404296875,647887
2023-08-23,TRENT.NS,Trent Ltd,Growth / Compounder,2035.800048828125,2068.949951171875,2027.8499755859375,2050.949951171875,2045.8065185546875,707284
2023-08-24,TRENT.NS,Trent Ltd,Growth / Compounder,2067.800048828125,2079.64990234375,2036.550048828125,2069.050048828125,2063.861083984375,462418
2023-08-25,TRENT.NS,Trent Ltd,Growth / Compounder,2062.050048828125,2062.050048828125,2000.0,2014.0,2008.9490966796875,766297
2023-08-28,TRENT.NS,Trent Ltd,Growth / Compounder,2027.050048828125,2027.050048828125,1990.449951171875,2005.75,2000.7198486328125,696730
2023-08-29,TRENT.NS,Trent Ltd,Growth / Compounder,2010.0,2052.699951171875,2001.0,2049.300048828125,2044.16064453125,352814
2023-08-30,TRENT.NS,Trent Ltd,Growth / Compounder,2068.60009765625,2077.35009765625,2047.3499755859375,2062.550048828125,2057.377197265625,844098
2023-08-31,TRENT.NS,Trent Ltd,Growth / Compounder,2064.0,2073.10009765625,2043.449951171875,2048.60009765625,2043.4625244140625,682000
2023-09-01,TRENT.NS,Trent Ltd,Growth / Compounder,2059.699951171875,2112.949951171875,2040.0,2063.10009765625,2057.926025390625,785674
2023-09-04,TRENT.NS,Trent Ltd,Growth / Compounder,2074.0,2074.5,2020.0,2031.4000244140625,2026.3055419921875,744599
2023-09-05,TRENT.NS,Trent Ltd,Growth / Compounder,2034.949951171875,2080.0,2028.0,2063.699951171875,2058.524658203125,536090
2023-09-06,TRENT.NS,Trent Ltd,Growth / Compounder,2072.199951171875,2087.14990234375,2051.64990234375,2067.5,2062.315185546875,331114
2023-09-07,TRENT.NS,Trent Ltd,Growth / Compounder,2073.0,2093.0,2055.699951171875,2087.75,2082.51416015625,303430
2023-09-08,TRENT.NS,Trent Ltd,Growth / Compounder,2100.0,2131.550048828125,2067.300048828125,2086.550048828125,2081.3173828125,548262
2023-09-11,TRENT.NS,Trent Ltd,Growth / Compounder,2093.949951171875,2106.35009765625,2077.75,2085.75,2080.519287109375,623499
2023-09-12,TRENT.NS,Trent Ltd,Growth / Compounder,2093.949951171875,2111.949951171875,2033.1500244140625,2057.39990234375,2052.240478515625,722560
2023-09-13,TRENT.NS,Trent Ltd,Growth / Compounder,2061.5,2073.0,2012.3499755859375,2065.39990234375,2060.22021484375,355761
2023-09-14,TRENT.NS,Trent Ltd,Growth / Compounder,2051.0,2088.949951171875,2048.0,2058.5,2053.337646484375,287994
2023-09-15,TRENT.NS,Trent Ltd,Growth / Compounder,2073.0,2085.5,2051.050048828125,2070.25,2065.05810546875,359579
2023-09-18,TRENT.NS,Trent Ltd,Growth / Compounder,2073.0,2073.0,2047.6500244140625,2055.35009765625,2050.195556640625,323336
2023-09-20,TRENT.NS,Trent Ltd,Growth / Compounder,2052.0,2088.199951171875,2022.449951171875,2061.60009765625,2056.429931640625,451829
2023-09-21,TRENT.NS,Trent Ltd,Growth / Compounder,2063.0,2112.0,2035.0999755859375,2058.199951171875,2053.038330078125,298279
2023-09-22,TRENT.NS,Trent Ltd,Growth / Compounder,2069.449951171875,2079.550048828125,2049.699951171875,2065.89990234375,2060.71875,394776
2023-09-25,TRENT.NS,Trent Ltd,Growth / Compounder,2080.0,2173.5,2041.0999755859375,2157.050048828125,2151.640380859375,1841241
2023-09-26,TRENT.NS,Trent Ltd,Growth / Compounder,2157.0,2185.0,2141.449951171875,2150.949951171875,2145.5556640625,1021206
2023-09-27,TRENT.NS,Trent Ltd,Growth / Compounder,2143.0,2150.199951171875,2090.85009765625,2113.85009765625,2108.548828125,582180
2023-09-28,TRENT.NS,Trent Ltd,Growth / Compounder,2122.10009765625,2132.0,2045.800048828125,2064.550048828125,2059.37255859375,3956535
2023-09-29,TRENT.NS,Trent Ltd,Growth / Compounder,2056.64990234375,2091.10009765625,2031.1500244140625,2080.14990234375,2074.93310546875,767501
2023-10-03,TRENT.NS,Trent Ltd,Growth / Compounder,2074.300048828125,2086.300048828125,2052.0,2059.10009765625,2053.93603515625,543387
2023-10-04,TRENT.NS,Trent Ltd,Growth / Compounder,2054.0,2055.949951171875,2007.5999755859375,2022.300048828125,2017.2283935546875,551771
2023-10-05,TRENT.NS,Trent Ltd,Growth / Compounder,2022.949951171875,2058.14990234375,2022.300048828125,2047.5999755859375,2042.4647216796875,461744
2023-10-06,TRENT.NS,Trent Ltd,Growth / Compounder,2055.85009765625,2091.89990234375,2050.10009765625,2072.10009765625,2066.903564453125,444220
2023-10-09,TRENT.NS,Trent Ltd,Growth / Compounder,2035.0,2089.449951171875,2032.4000244140625,2079.050048828125,2073.8359375,487722
2023-10-10,TRENT.NS,Trent Ltd,Growth / Compounder,2089.75,2089.75,2047.0999755859375,2050.800048828125,2045.6568603515625,351329
2023-10-11,TRENT.NS,Trent Ltd,Growth / Compounder,2058.449951171875,2114.800048828125,2055.0,2101.300048828125,2096.0302734375,729470
2023-10-12,TRENT.NS,Trent Ltd,Growth / Compounder,2105.0,2107.800048828125,2070.0,2077.199951171875,2071.99072265625,285544
2023-10-13,TRENT.NS,Trent Ltd,Growth / Compounder,2075.0,2109.699951171875,2071.449951171875,2084.800048828125,2079.57177734375,321887
2023-10-16,TRENT.NS,Trent Ltd,Growth / Compounder,2093.0,2117.0,2080.5,2107.64990234375,2102.3642578125,446019
2023-10-17,TRENT.NS,Trent Ltd,Growth / Compounder,2116.949951171875,2117.60009765625,2073.10009765625,2079.0,2073.785888671875,373789
2023-10-18,TRENT.NS,Trent Ltd,Growth / Compounder,2089.10009765625,2090.39990234375,2031.199951171875,2048.949951171875,2043.8115234375,432748
2023-10-19,TRENT.NS,Trent Ltd,Growth / Compounder,2045.949951171875,2074.0,2020.0,2060.60009765625,2055.432373046875,350097
2023-10-20,TRENT.NS,Trent Ltd,Growth / Compounder,2060.60009765625,2060.60009765625,2024.4000244140625,2036.1500244140625,2031.0435791015625,353937
2023-10-23,TRENT.NS,Trent Ltd,Growth / Compounder,2035.0,2041.1500244140625,1980.0,1991.949951171875,1986.954345703125,488451
2023-10-25,TRENT.NS,Trent Ltd,Growth / Compounder,2007.9000244140625,2007.9000244140625,1973.800048828125,1993.25,1988.251220703125,512770
2023-10-26,TRENT.NS,Trent Ltd,Growth / Compounder,1980.0,2040.949951171875,1945.0,2031.0999755859375,2026.0062255859375,966275
2023-10-27,TRENT.NS,Trent Ltd,Growth / Compounder,2031.1500244140625,2142.949951171875,2031.1500244140625,2122.10009765625,2116.7783203125,999445
2023-10-30,TRENT.NS,Trent Ltd,Growth / Compounder,2143.199951171875,2143.199951171875,2072.0,2119.75,2114.433837890625,483782
2023-10-31,TRENT.NS,Trent Ltd,Growth / Compounder,2140.89990234375,2165.0,2119.10009765625,2154.699951171875,2149.29638671875,749792
2023-11-01,TRENT.NS,Trent Ltd,Growth / Compounder,2163.699951171875,2209.300048828125,2148.949951171875,2197.64990234375,2192.138427734375,1081257
2023-11-02,TRENT.NS,Trent Ltd,Growth / Compounder,2210.0,2210.0,2175.0,2189.85009765625,2184.3583984375,474395
2023-11-03,TRENT.NS,Trent Ltd,Growth / Compounder,2195.0,2198.949951171875,2180.0,2196.5,2190.991455078125,230437
2023-11-06,TRENT.NS,Trent Ltd,Growth / Compounder,2196.550048828125,2245.5,2188.64990234375,2233.199951171875,2227.599365234375,537580
2023-11-07,TRENT.NS,Trent Ltd,Growth / Compounder,2234.449951171875,2450.0,2181.699951171875,2424.0,2417.9208984375,3419427
2023-11-08,TRENT.NS,Trent Ltd,Growth / Compounder,2450.0,2503.85009765625,2391.050048828125,2452.85009765625,2446.698486328125,2652822
2023-11-09,TRENT.NS,Trent Ltd,Growth / Compounder,2453.0,2487.25,2438.199951171875,2478.050048828125,2471.83544921875,684007
2023-11-10,TRENT.NS,Trent Ltd,Growth / Compounder,2476.949951171875,2504.14990234375,2454.050048828125,2489.35009765625,2483.107177734375,644072
2023-11-13,TRENT.NS,Trent Ltd,Growth / Compounder,2495.0,2564.0,2485.35009765625,2559.050048828125,2552.63232421875,1131761
2023-11-15,TRENT.NS,Trent Ltd,Growth / Compounder,2579.800048828125,2579.800048828125,2534.85009765625,2553.14990234375,2546.746826171875,599328
2023-11-16,TRENT.NS,Trent Ltd,Growth / Compounder,2556.5,2558.14990234375,2491.39990234375,2544.699951171875,2538.318115234375,766675
2023-11-17,TRENT.NS,Trent Ltd,Growth / Compounder,2547.550048828125,2613.699951171875,2544.75,2576.39990234375,2569.9384765625,717236
2023-11-20,TRENT.NS,Trent Ltd,Growth / Compounder,2595.0,2637.300048828125,2585.300048828125,2622.75,2616.17236328125,568578
2023-11-21,TRENT.NS,Trent Ltd,Growth / Compounder,2634.89990234375,2652.0,2605.949951171875,2613.75,2607.195068359375,519349
2023-11-22,TRENT.NS,Trent Ltd,Growth / Compounder,2625.0,2647.050048828125,2607.5,2627.14990234375,2620.5615234375,395438
2023-11-23,TRENT.NS,Trent Ltd,Growth / Compounder,2644.800048828125,2664.5,2631.5,2655.050048828125,2648.3916015625,398832
2023-11-24,TRENT.NS,Trent Ltd,Growth / Compounder,2659.949951171875,2668.0,2640.0,2649.699951171875,2643.054931640625,325606
2023-11-28,TRENT.NS,Trent Ltd,Growth / Compounder,2668.5,2683.5,2645.050048828125,2671.75,2665.049560546875,535972
2023-11-29,TRENT.NS,Trent Ltd,Growth / Compounder,2694.0,2720.0,2668.0,2676.39990234375,2669.687744140625,460234
2023-11-30,TRENT.NS,Trent Ltd,Growth / Compounder,2676.39990234375,2809.75,2675.0,2787.0,2780.0107421875,2343154
2023-12-01,TRENT.NS,Trent Ltd,Growth / Compounder,2787.0,2837.39990234375,2752.39990234375,2807.699951171875,2800.65869140625,1049846
2023-12-04,TRENT.NS,Trent Ltd,Growth / Compounder,2847.0,2867.0,2772.25,2816.85009765625,2809.78564453125,685830
2023-12-05,TRENT.NS,Trent Ltd,Growth / Compounder,2820.0,2898.5,2817.5,2874.75,2867.540771484375,676125
2023-12-06,TRENT.NS,Trent Ltd,Growth / Compounder,2890.199951171875,2912.449951171875,2854.60009765625,2867.85009765625,2860.65771484375,487235
2023-12-07,TRENT.NS,Trent Ltd,Growth / Compounder,2881.949951171875,2918.0,2836.550048828125,2845.199951171875,2838.064453125,961559
2023-12-08,TRENT.NS,Trent Ltd,Growth / Compounder,2857.300048828125,2887.300048828125,2800.199951171875,2841.300048828125,2834.174560546875,688323
2023-12-11,TRENT.NS,Trent Ltd,Growth / Compounder,2858.949951171875,2907.35009765625,2841.10009765625,2881.39990234375,2874.173828125,577553
2023-12-12,TRENT.NS,Trent Ltd,Growth / Compounder,2896.89990234375,2909.89990234375,2849.699951171875,2883.550048828125,2876.318603515625,462633
2023-12-13,TRENT.NS,Trent Ltd,Growth / Compounder,2895.0,2973.949951171875,2887.050048828125,2963.449951171875,2956.017822265625,887243
2023-12-14,TRENT.NS,Trent Ltd,Growth / Compounder,2990.199951171875,2995.0,2944.5,2984.75,2977.264892578125,425400
2023-12-15,TRENT.NS,Trent Ltd,Growth / Compounder,3000.0,3024.550048828125,2980.050048828125,2989.75,2982.252197265625,682553
2023-12-18,TRENT.NS,Trent Ltd,Growth / Compounder,2998.550048828125,3001.5,2961.199951171875,2971.449951171875,2963.998046875,646708
2023-12-19,TRENT.NS,Trent Ltd,Growth / Compounder,2988.0,3013.60009765625,2957.0,3000.800048828125,2993.274658203125,533290
2023-12-20,TRENT.NS,Trent Ltd,Growth / Compounder,3022.0,3025.0,2927.699951171875,2948.949951171875,2941.554443359375,713170
2023-12-21,TRENT.NS,Trent Ltd,Growth / Compounder,2909.949951171875,2969.89990234375,2879.5,2955.199951171875,2947.788818359375,631420
2023-12-22,TRENT.NS,Trent Ltd,Growth / Compounder,2978.800048828125,2981.949951171875,2928.35009765625,2965.5,2958.06298828125,518707
2023-12-26,TRENT.NS,Trent Ltd,Growth / Compounder,2986.10009765625,2991.949951171875,2961.64990234375,2970.0,2962.5517578125,315645
2023-12-27,TRENT.NS,Trent Ltd,Growth / Compounder,2975.64990234375,3059.699951171875,2975.550048828125,3010.75,3003.199462890625,584065
2023-12-28,TRENT.NS,Trent Ltd,Growth / Compounder,3025.0,3045.0,3003.0,3026.0,3018.4111328125,503705
2023-12-29,TRENT.NS,Trent Ltd,Growth / Compounder,3030.300048828125,3060.35009765625,3001.39990234375,3054.949951171875,3047.28857421875,430702
2024-01-01,TRENT.NS,Trent Ltd,Growth / Compounder,3061.800048828125,3067.0,2995.5,3002.10009765625,2994.5712890625,421730
2024-01-02,TRENT.NS,Trent Ltd,Growth / Compounder,3015.449951171875,3017.89990234375,2940.75,2995.199951171875,2987.6884765625,408928
2024-01-03,TRENT.NS,Trent Ltd,Growth / Compounder,3009.0,3107.89990234375,2988.35009765625,3058.35009765625,3050.68017578125,714968
2024-01-04,TRENT.NS,Trent Ltd,Growth / Compounder,3074.0,3108.449951171875,3060.85009765625,3067.85009765625,3060.15625,299498
2024-01-05,TRENT.NS,Trent Ltd,Growth / Compounder,3085.449951171875,3096.550048828125,3045.0,3065.550048828125,3057.862060546875,258565
2024-01-08,TRENT.NS,Trent Ltd,Growth / Compounder,3080.949951171875,3083.199951171875,3037.800048828125,3044.550048828125,3036.914794921875,303947
2024-01-09,TRENT.NS,Trent Ltd,Growth / Compounder,3069.0,3143.0,3058.800048828125,3115.449951171875,3107.636962890625,723237
2024-01-10,TRENT.NS,Trent Ltd,Growth / Compounder,3126.5,3189.949951171875,3112.14990234375,3173.60009765625,3165.641357421875,951897
2024-01-11,TRENT.NS,Trent Ltd,Growth / Compounder,3190.0,3213.199951171875,3168.5,3175.800048828125,3167.83544921875,485141
2024-01-12,TRENT.NS,Trent Ltd,Growth / Compounder,3203.0,3240.949951171875,3162.10009765625,3212.14990234375,3204.09423828125,597455
2024-01-15,TRENT.NS,Trent Ltd,Growth / Compounder,3238.0,3238.0,3180.5,3193.300048828125,3185.291748046875,381958
2024-01-16,TRENT.NS,Trent Ltd,Growth / Compounder,3203.550048828125,3224.89990234375,3143.14990234375,3166.10009765625,3158.159912109375,370700
2024-01-17,TRENT.NS,Trent Ltd,Growth / Compounder,3153.0,3183.949951171875,3117.14990234375,3147.85009765625,3139.95556640625,420338
2024-01-18,TRENT.NS,Trent Ltd,Growth / Compounder,3138.0,3185.0,3090.0,3151.75,3143.845703125,439730
2024-01-19,TRENT.NS,Trent Ltd,Growth / Compounder,3169.949951171875,3218.75,3147.550048828125,3210.050048828125,3201.99951171875,406436
2024-01-23,TRENT.NS,Trent Ltd,Growth / Compounder,3207.0,3225.75,3150.0,3164.14990234375,3156.21484375,344687
2024-01-24,TRENT.NS,Trent Ltd,Growth / Compounder,3164.10009765625,3241.300048828125,3130.0,3222.75,3214.667724609375,339968
2024-01-25,TRENT.NS,Trent Ltd,Growth / Compounder,3223.050048828125,3252.5,3180.0,3231.800048828125,3223.695068359375,489321
2024-01-29,TRENT.NS,Trent Ltd,Growth / Compounder,3248.0,3295.0,3225.60009765625,3246.39990234375,3238.258544921875,604096
2024-01-30,TRENT.NS,Trent Ltd,Growth / Compounder,3263.0,3275.0,3029.050048828125,3054.949951171875,3047.28857421875,1206541
2024-01-31,TRENT.NS,Trent Ltd,Growth / Compounder,3054.0,3104.5,2992.300048828125,3086.949951171875,3079.208251953125,986931
2024-02-01,TRENT.NS,Trent Ltd,Growth / Compounder,3089.0,3133.800048828125,3061.550048828125,3102.800048828125,3095.018798828125,742113
2024-02-02,TRENT.NS,Trent Ltd,Growth / Compounder,3130.0,3213.14990234375,3108.0,3126.050048828125,3118.21044921875,892545
2024-02-05,TRENT.NS,Trent Ltd,Growth / Compounder,3175.0,3180.0,3006.699951171875,3027.14990234375,3019.558349609375,808544
2024-02-06,TRENT.NS,Trent Ltd,Growth / Compounder,3025.0,3121.39990234375,3021.64990234375,3035.0,3027.388671875,718388
2024-02-07,TRENT.NS,Trent Ltd,Growth / Compounder,3080.0,3634.699951171875,2955.0,3607.5,3598.452880859375,5846891
2024-02-08,TRENT.NS,Trent Ltd,Growth / Compounder,3735.35009765625,3937.39990234375,3619.64990234375,3841.949951171875,3832.31494140625,7374486
2024-02-09,TRENT.NS,Trent Ltd,Growth / Compounder,3800.0,3858.0,3667.10009765625,3759.550048828125,3750.12158203125,2001715
2024-02-12,TRENT.NS,Trent Ltd,Growth / Compounder,3767.800048828125,3834.64990234375,3700.10009765625,3802.050048828125,3792.514892578125,1087518
2024-02-13,TRENT.NS,Trent Ltd,Growth / Compounder,3785.0,3880.0,3767.0,3851.25,3841.591552734375,1288707
2024-02-14,TRENT.NS,Trent Ltd,Growth / Compounder,3802.14990234375,3950.5,3792.10009765625,3921.0,3911.166748046875,725269
2024-02-15,TRENT.NS,Trent Ltd,Growth / Compounder,3931.10009765625,4006.85009765625,3875.75,3952.64990234375,3942.737060546875,964837
2024-02-16,TRENT.NS,Trent Ltd,Growth / Compounder,3970.0,4036.300048828125,3930.300048828125,4024.60009765625,4014.507080078125,736660
2024-02-19,TRENT.NS,Trent Ltd,Growth / Compounder,4048.0,4099.7998046875,4013.699951171875,4047.14990234375,4037.000244140625,374829
2024-02-20,TRENT.NS,Trent Ltd,Growth / Compounder,4057.949951171875,4074.199951171875,4010.550048828125,4025.89990234375,4015.803466796875,468003
2024-02-21,TRENT.NS,Trent Ltd,Growth / Compounder,4045.10009765625,4047.050048828125,3873.85009765625,3894.75,3884.982666015625,614056
2024-02-22,TRENT.NS,Trent Ltd,Growth / Compounder,3922.0,3966.0,3829.699951171875,3954.0,3944.083984375,1012228
2024-02-23,TRENT.NS,Trent Ltd,Growth / Compounder,3950.0,3950.0,3868.449951171875,3885.800048828125,3876.05517578125,555204
2024-02-26,TRENT.NS,Trent Ltd,Growth / Compounder,3875.0,3913.949951171875,3824.0,3844.60009765625,3834.958251953125,671311
2024-02-27,TRENT.NS,Trent Ltd,Growth / Compounder,3864.800048828125,3995.0,3841.800048828125,3937.5,3927.62548828125,861671
2024-02-28,TRENT.NS,Trent Ltd,Growth / Compounder,3939.949951171875,3954.949951171875,3885.0,3924.800048828125,3914.957275390625,411252
2024-02-29,TRENT.NS,Trent Ltd,Growth / Compounder,3931.449951171875,3969.949951171875,3782.0,3881.800048828125,3872.06494140625,1235124
2024-03-01,TRENT.NS,Trent Ltd,Growth / Compounder,3924.0,3928.949951171875,3858.35009765625,3901.25,3891.46630859375,645099
2024-03-04,TRENT.NS,Trent Ltd,Growth / Compounder,3909.60009765625,3936.75,3842.5,3919.800048828125,3909.9697265625,291319
2024-03-05,TRENT.NS,Trent Ltd,Growth / Compounder,3929.5,3935.85009765625,3845.050048828125,3852.300048828125,3842.638916015625,549270
2024-03-06,TRENT.NS,Trent Ltd,Growth / Compounder,3876.449951171875,3893.85009765625,3750.25,3872.0,3862.28955078125,1009678
2024-03-07,TRENT.NS,Trent Ltd,Growth / Compounder,3890.0,3978.0,3840.300048828125,3952.199951171875,3942.288330078125,680535
2024-03-11,TRENT.NS,Trent Ltd,Growth / Compounder,3982.0,4243.9501953125,3900.10009765625,4004.699951171875,3994.65673828125,3757634
2024-03-12,TRENT.NS,Trent Ltd,Growth / Compounder,4025.800048828125,4078.60009765625,3957.550048828125,4008.60009765625,3998.547119140625,899570
2024-03-13,TRENT.NS,Trent Ltd,Growth / Compounder,4022.949951171875,4037.949951171875,3877.5,3944.050048828125,3934.15869140625,968084
2024-03-14,TRENT.NS,Trent Ltd,Growth / Compounder,3900.0,4105.0,3870.60009765625,4081.10009765625,4070.865478515625,723158
2024-03-15,TRENT.NS,Trent Ltd,Growth / Compounder,4051.050048828125,4145.0,3981.25,4063.89990234375,4053.7080078125,1197832
2024-03-18,TRENT.NS,Trent Ltd,Growth / Compounder,4063.89990234375,4084.0,4005.89990234375,4071.050048828125,4060.84033203125,328538
2024-03-19,TRENT.NS,Trent Ltd,Growth / Compounder,4080.0,4088.0,3943.699951171875,3955.64990234375,3945.729736328125,489357
2024-03-20,TRENT.NS,Trent Ltd,Growth / Compounder,3971.449951171875,4004.949951171875,3843.25,3965.050048828125,3955.106201171875,607192
2024-03-21,TRENT.NS,Trent Ltd,Growth / Compounder,3965.0,4015.699951171875,3957.699951171875,4001.85009765625,3991.81396484375,622994
2024-03-22,TRENT.NS,Trent Ltd,Growth / Compounder,4010.0,4025.0,3921.949951171875,3948.60009765625,3938.69775390625,678055
2024-03-26,TRENT.NS,Trent Ltd,Growth / Compounder,3885.0,3948.60009765625,3866.050048828125,3881.75,3872.01513671875,844731
2024-03-27,TRENT.NS,Trent Ltd,Growth / Compounder,3882.5,3922.5,3867.0,3875.199951171875,3865.4814453125,524636
2024-03-28,TRENT.NS,Trent Ltd,Growth / Compounder,3875.199951171875,3975.0,3875.199951171875,3948.0,3938.098876953125,837624
2024-04-01,TRENT.NS,Trent Ltd,Growth / Compounder,3974.949951171875,3983.39990234375,3869.050048828125,3886.800048828125,3877.052734375,523250
2024-04-02,TRENT.NS,Trent Ltd,Growth / Compounder,3900.0,3909.800048828125,3873.25,3891.89990234375,3882.1396484375,604885
2024-04-03,TRENT.NS,Trent Ltd,Growth / Compounder,3885.0,3947.949951171875,3843.0,3922.85009765625,3913.011962890625,727717
2024-04-04,TRENT.NS,Trent Ltd,Growth / Compounder,3950.0,4028.949951171875,3915.050048828125,4003.199951171875,3993.16064453125,910922
2024-04-05,TRENT.NS,Trent Ltd,Growth / Compounder,4009.0,4052.89990234375,3912.199951171875,3932.60009765625,3922.737548828125,679916
2024-04-08,TRENT.NS,Trent Ltd,Growth / Compounder,3932.60009765625,3980.0,3923.60009765625,3931.85009765625,3921.989501953125,471027
2024-04-09,TRENT.NS,Trent Ltd,Growth / Compounder,3958.949951171875,3958.949951171875,3894.89990234375,3902.35009765625,3892.563720703125,483412
2024-04-10,TRENT.NS,Trent Ltd,Growth / Compounder,3929.0,4113.35009765625,3904.14990234375,4021.14990234375,4011.065185546875,1107300
2024-04-12,TRENT.NS,Trent Ltd,Growth / Compounder,4047.0,4113.9501953125,4025.0,4053.85009765625,4043.68359375,776121
2024-04-15,TRENT.NS,Trent Ltd,Growth / Compounder,3950.050048828125,4066.75,3934.25,3969.199951171875,3959.24560546875,597371
2024-04-16,TRENT.NS,Trent Ltd,Growth / Compounder,3968.0,4033.60009765625,3912.39990234375,3988.199951171875,3978.197998046875,577349
2024-04-18,TRENT.NS,Trent Ltd,Growth / Compounder,3988.0,4177.89990234375,3976.60009765625,4087.10009765625,4076.85009765625,1484951
2024-04-19,TRENT.NS,Trent Ltd,Growth / Compounder,4087.949951171875,4174.75,3964.050048828125,4158.9501953125,4148.52001953125,1180675
2024-04-22,TRENT.NS,Trent Ltd,Growth / Compounder,4215.2998046875,4304.7998046875,4115.0,4168.60009765625,4158.14599609375,1179181
2024-04-23,TRENT.NS,Trent Ltd,Growth / Compounder,4215.0,4225.0,4140.0,4158.2998046875,4147.87109375,626656
2024-04-24,TRENT.NS,Trent Ltd,Growth / Compounder,4158.2998046875,4245.0,4158.2998046875,4221.75,4211.16259765625,641190
2024-04-25,TRENT.NS,Trent Ltd,Growth / Compounder,4250.0,4347.0,4195.7001953125,4323.14990234375,4312.30810546875,761557
2024-04-26,TRENT.NS,Trent Ltd,Growth / Compounder,4340.0,4373.0,4293.4501953125,4304.85009765625,4294.05419921875,622336
2024-04-29,TRENT.NS,Trent Ltd,Growth / Compounder,4359.0,4515.0,4052.39990234375,4314.10009765625,4303.28076171875,2349939
2024-04-30,TRENT.NS,Trent Ltd,Growth / Compounder,4450.0,4670.0,4380.0498046875,4409.89990234375,4398.8408203125,4924865
2024-05-02,TRENT.NS,Trent Ltd,Growth / Compounder,4409.89990234375,4676.7001953125,4395.10009765625,4646.7001953125,4635.046875,1998618
2024-05-03,TRENT.NS,Trent Ltd,Growth / Compounder,4680.2001953125,4680.5498046875,4482.0,4523.64990234375,4512.30517578125,1313008
2024-05-06,TRENT.NS,Trent Ltd,Growth / Compounder,4555.0,4580.0,4480.25,4509.0498046875,4497.74169921875,735051
2024-05-07,TRENT.NS,Trent Ltd,Growth / Compounder,4532.0,4558.0,4416.89990234375,4503.9501953125,4492.6552734375,982212
2024-05-08,TRENT.NS,Trent Ltd,Growth / Compounder,4498.9501953125,4542.0,4470.39990234375,4498.60009765625,4487.318359375,596788
2024-05-09,TRENT.NS,Trent Ltd,Growth / Compounder,4512.7998046875,4548.5,4381.2998046875,4407.9501953125,4396.8955078125,688477
2024-05-10,TRENT.NS,Trent Ltd,Growth / Compounder,4433.0,4484.25,4401.0,4471.39990234375,4460.18603515625,549717
2024-05-13,TRENT.NS,Trent Ltd,Growth / Compounder,4475.7001953125,4521.64990234375,4358.0,4465.7001953125,4454.50048828125,637292
2024-05-14,TRENT.NS,Trent Ltd,Growth / Compounder,4471.0,4549.0,4448.2998046875,4540.35009765625,4528.9638671875,559577
2024-05-15,TRENT.NS,Trent Ltd,Growth / Compounder,4550.0,4579.5,4509.2001953125,4527.0,4515.64697265625,413777
2024-05-16,TRENT.NS,Trent Ltd,Growth / Compounder,4530.10009765625,4634.2001953125,4530.10009765625,4596.64990234375,4585.1220703125,500593
2024-05-17,TRENT.NS,Trent Ltd,Growth / Compounder,4600.0,4673.0,4555.0,4634.5498046875,4622.92724609375,752254
2024-05-21,TRENT.NS,Trent Ltd,Growth / Compounder,4690.0,4727.9501953125,4623.64990234375,4667.2998046875,4655.59521484375,668195
2024-05-22,TRENT.NS,Trent Ltd,Growth / Compounder,4680.2998046875,4713.85009765625,4545.0,4646.9501953125,4637.416015625,742788
2024-05-23,TRENT.NS,Trent Ltd,Growth / Compounder,4653.0,4712.0,4608.0498046875,4698.5498046875,4688.90966796875,459499
2024-05-24,TRENT.NS,Trent Ltd,Growth / Compounder,4708.0,4777.89990234375,4654.10009765625,4715.39990234375,4705.7255859375,549566
2024-05-27,TRENT.NS,Trent Ltd,Growth / Compounder,4759.0,4760.85009765625,4650.0,4682.0,4672.39404296875,611635
2024-05-28,TRENT.NS,Trent Ltd,Growth / Compounder,4697.85009765625,4723.75,4600.0,4615.89990234375,4606.42919921875,445558
2024-05-29,TRENT.NS,Trent Ltd,Growth / Compounder,4650.0,4719.5,4600.10009765625,4672.0498046875,4662.46435546875,744694
2024-05-30,TRENT.NS,Trent Ltd,Growth / Compounder,4669.10009765625,4698.0,4602.2001953125,4651.35009765625,4641.806640625,523206
2024-05-31,TRENT.NS,Trent Ltd,Growth / Compounder,4665.0,4710.0,4498.89990234375,4559.14990234375,4549.7958984375,3005008
2024-06-03,TRENT.NS,Trent Ltd,Growth / Compounder,4745.7998046875,4745.7998046875,4604.5,4662.2001953125,4652.634765625,450140
2024-06-04,TRENT.NS,Trent Ltd,Growth / Compounder,4685.0,4685.0,4196.0,4538.14990234375,4528.8388671875,1175204
2024-06-05,TRENT.NS,Trent Ltd,Growth / Compounder,4684.0,4932.0498046875,4524.25,4903.7998046875,4893.73876953125,1231971
2024-06-06,TRENT.NS,Trent Ltd,Growth / Compounder,4910.0498046875,4928.60009765625,4821.0498046875,4878.4501953125,4868.44140625,512601
2024-06-07,TRENT.NS,Trent Ltd,Growth / Compounder,4878.4501953125,5010.39990234375,4841.0,4964.60009765625,4954.4140625,488611
2024-06-10,TRENT.NS,Trent Ltd,Growth / Compounder,5025.0,5047.35009765625,4920.0,4969.4501953125,4959.25439453125,417996
2024-06-11,TRENT.NS,Trent Ltd,Growth / Compounder,5009.0,5010.0,4884.7001953125,4906.60009765625,4896.53369140625,512441
2024-06-12,TRENT.NS,Trent Ltd,Growth / Compounder,4945.0,5089.35009765625,4909.0498046875,5028.0498046875,5017.73388671875,954491
2024-06-13,TRENT.NS,Trent Ltd,Growth / Compounder,5188.0,5188.0,4972.0498046875,5023.85009765625,5013.54248046875,932377
2024-06-14,TRENT.NS,Trent Ltd,Growth / Compounder,5050.0498046875,5294.0,5040.0,5245.5498046875,5234.78759765625,1424125
2024-06-18,TRENT.NS,Trent Ltd,Growth / Compounder,5299.0,5452.0,5205.0,5357.60009765625,5346.60791015625,1247457
2024-06-19,TRENT.NS,Trent Ltd,Growth / Compounder,5374.9501953125,5402.0,5288.39990234375,5356.7998046875,5345.8095703125,707909
2024-06-20,TRENT.NS,Trent Ltd,Growth / Compounder,5374.89990234375,5422.0,5305.0498046875,5337.14990234375,5326.19970703125,516737
2024-06-21,TRENT.NS,Trent Ltd,Growth / Compounder,5337.14990234375,5353.85009765625,5200.0,5266.35009765625,5255.544921875,638917
2024-06-24,TRENT.NS,Trent Ltd,Growth / Compounder,5266.35009765625,5440.0,5200.0,5395.75,5384.6796875,543826
2024-06-25,TRENT.NS,Trent Ltd,Growth / Compounder,5440.5,5459.0,5304.0498046875,5338.7998046875,5327.84619140625,559045
2024-06-26,TRENT.NS,Trent Ltd,Growth / Compounder,5345.0,5395.0,5260.0,5363.7998046875,5352.794921875,578724
2024-06-27,TRENT.NS,Trent Ltd,Growth / Compounder,5360.0,5387.0,5303.75,5329.0,5318.06640625,900729
2024-06-28,TRENT.NS,Trent Ltd,Growth / Compounder,5360.0,5509.0,5358.5498046875,5479.85009765625,5468.60693359375,970080
2024-07-01,TRENT.NS,Trent Ltd,Growth / Compounder,5500.0,5555.0,5380.0,5515.64990234375,5504.33349609375,544030
2024-07-02,TRENT.NS,Trent Ltd,Growth / Compounder,5515.0,5568.5498046875,5460.0,5535.89990234375,5524.5419921875,428098
2024-07-03,TRENT.NS,Trent Ltd,Growth / Compounder,5560.0,5577.75,5460.0498046875,5494.10009765625,5482.82763671875,355297
2024-07-04,TRENT.NS,Trent Ltd,Growth / Compounder,5548.0,5620.0,5493.75,5597.4501953125,5585.9658203125,440575
2024-07-05,TRENT.NS,Trent Ltd,Growth / Compounder,5560.0,5644.4501953125,5535.0,5619.89990234375,5608.36962890625,362427
2024-07-08,TRENT.NS,Trent Ltd,Growth / Compounder,5661.2001953125,5665.0,5572.0,5594.25,5582.7724609375,273130
2024-07-09,TRENT.NS,Trent Ltd,Growth / Compounder,5607.2001953125,5634.60009765625,5550.0,5592.85009765625,5581.37548828125,313079
2024-07-10,TRENT.NS,Trent Ltd,Growth / Compounder,5610.0,5626.4501953125,5470.0498046875,5568.0,5556.576171875,425869
2024-07-11,TRENT.NS,Trent Ltd,Growth / Compounder,5545.0,5663.0,5545.0,5635.25,5623.68798828125,578262
2024-07-12,TRENT.NS,Trent Ltd,Growth / Compounder,5664.89990234375,5696.0,5611.10009765625,5651.25,5639.65576171875,476682
2024-07-15,TRENT.NS,Trent Ltd,Growth / Compounder,5690.0,5754.9501953125,5645.75,5675.5498046875,5663.9052734375,498397
2024-07-16,TRENT.NS,Trent Ltd,Growth / Compounder,5699.9501953125,5725.4501953125,5627.35009765625,5647.2998046875,5635.71337890625,641858
2024-07-18,TRENT.NS,Trent Ltd,Growth / Compounder,5649.89990234375,5660.25,5282.9501953125,5308.5,5297.60888671875,1342486
2024-07-19,TRENT.NS,Trent Ltd,Growth / Compounder,5308.5,5308.5,5106.0498046875,5166.35009765625,5155.75048828125,879290
2024-07-22,TRENT.NS,Trent Ltd,Growth / Compounder,5110.0,5238.9501953125,5083.5498046875,5210.2001953125,5199.5107421875,631260
2024-07-23,TRENT.NS,Trent Ltd,Growth / Compounder,5210.2001953125,5310.25,4955.64990234375,5263.7998046875,5253.0,763626
2024-07-24,TRENT.NS,Trent Ltd,Growth / Compounder,5285.0,5380.0,5263.10009765625,5286.85009765625,5276.0029296875,711861
2024-07-25,TRENT.NS,Trent Ltd,Growth / Compounder,5274.89990234375,5335.4501953125,5226.0,5309.9501953125,5299.0556640625,302964
2024-07-26,TRENT.NS,Trent Ltd,Growth / Compounder,5360.0,5411.5498046875,5325.0,5393.35009765625,5382.28466796875,336310
2024-07-29,TRENT.NS,Trent Ltd,Growth / Compounder,5414.9501953125,5549.9501953125,5365.0,5517.39990234375,5506.080078125,533654
2024-07-30,TRENT.NS,Trent Ltd,Growth / Compounder,5550.0,5660.0,5520.0,5620.5,5608.96826171875,789712
2024-07-31,TRENT.NS,Trent Ltd,Growth / Compounder,5625.0498046875,5919.2998046875,5625.0498046875,5839.0,5827.0205078125,1671711
2024-08-01,TRENT.NS,Trent Ltd,Growth / Compounder,5894.0,5894.0,5722.9501953125,5770.7998046875,5758.9599609375,767562
2024-08-02,TRENT.NS,Trent Ltd,Growth / Compounder,5725.0,5805.85009765625,5524.0,5538.25,5526.88720703125,560989
2024-08-05,TRENT.NS,Trent Ltd,Growth / Compounder,5360.0,5424.35009765625,5226.0498046875,5346.89990234375,5335.9296875,1074769
2024-08-06,TRENT.NS,Trent Ltd,Growth / Compounder,5355.10009765625,5467.7001953125,5194.5498046875,5220.7001953125,5209.98876953125,642644
2024-08-07,TRENT.NS,Trent Ltd,Growth / Compounder,5289.0,5499.7998046875,5274.60009765625,5472.4501953125,5461.22265625,717292
2024-08-08,TRENT.NS,Trent Ltd,Growth / Compounder,5515.0,5727.39990234375,5490.0,5644.10009765625,5632.52001953125,1183241
2024-08-09,TRENT.NS,Trent Ltd,Growth / Compounder,5738.85009765625,6373.85009765625,5626.60009765625,6275.35009765625,6262.47509765625,6877196
2024-08-12,TRENT.NS,Trent Ltd,Growth / Compounder,6302.9501953125,6434.0,6277.0,6382.35009765625,6369.255859375,1889796
2024-08-13,TRENT.NS,Trent Ltd,Growth / Compounder,6375.0,6443.0,6330.0,6381.7001953125,6368.60693359375,651594
2024-08-14,TRENT.NS,Trent Ltd,Growth / Compounder,6400.0,6452.0,6291.10009765625,6438.35009765625,6425.14013671875,885572
2024-08-16,TRENT.NS,Trent Ltd,Growth / Compounder,6440.0,6548.0,6440.0,6502.39990234375,6489.05908203125,1153478
2024-08-19,TRENT.NS,Trent Ltd,Growth / Compounder,6575.0,6750.0,6522.2998046875,6689.89990234375,6676.17431640625,1827850
2024-08-20,TRENT.NS,Trent Ltd,Growth / Compounder,6710.0,6819.7001953125,6605.0498046875,6793.89990234375,6779.9609375,1143592
2024-08-21,TRENT.NS,Trent Ltd,Growth / Compounder,6800.0,6825.0,6740.0,6783.2001953125,6769.283203125,651691
2024-08-22,TRENT.NS,Trent Ltd,Growth / Compounder,6825.0,7010.0498046875,6790.0,6989.7998046875,6975.458984375,771279
2024-08-23,TRENT.NS,Trent Ltd,Growth / Compounder,7020.0,7030.0,6911.75,6948.75,6934.4931640625,625160
2024-08-26,TRENT.NS,Trent Ltd,Growth / Compounder,7000.0,7097.9501953125,6907.89990234375,6925.60009765625,6911.39111328125,754901
2024-08-27,TRENT.NS,Trent Ltd,Growth / Compounder,6969.9501953125,6973.0,6779.25,6869.89990234375,6855.8046875,578002
2024-08-28,TRENT.NS,Trent Ltd,Growth / Compounder,6990.0,7325.0,6950.25,7242.10009765625,7227.24169921875,2358476
2024-08-29,TRENT.NS,Trent Ltd,Growth / Compounder,7269.9501953125,7291.9501953125,7092.9501953125,7170.64990234375,7155.93798828125,836313
2024-08-30,TRENT.NS,Trent Ltd,Growth / Compounder,7210.0,7274.75,7130.0498046875,7158.75,7144.0625,1169809
2024-09-02,TRENT.NS,Trent Ltd,Growth / Compounder,7179.25,7267.75,7111.35009765625,7148.2001953125,7133.53466796875,625283
2024-09-03,TRENT.NS,Trent Ltd,Growth / Compounder,7179.0,7180.0,6995.0,7042.7998046875,7028.35009765625,857908
2024-09-04,TRENT.NS,Trent Ltd,Growth / Compounder,7043.0,7168.9501953125,6950.0498046875,7139.89990234375,7125.2509765625,576206
2024-09-05,TRENT.NS,Trent Ltd,Growth / Compounder,7169.89990234375,7209.0,7090.25,7167.64990234375,7152.9443359375,667571
2024-09-06,TRENT.NS,Trent Ltd,Growth / Compounder,7184.89990234375,7189.9501953125,7060.0,7103.5498046875,7088.9755859375,384793
2024-09-09,TRENT.NS,Trent Ltd,Growth / Compounder,7104.0,7155.7001953125,7048.0498046875,7136.64990234375,7122.0078125,349967
2024-09-10,TRENT.NS,Trent Ltd,Growth / Compounder,7156.0,7200.0,7095.5,7137.9501953125,7123.3056640625,376043
2024-09-11,TRENT.NS,Trent Ltd,Growth / Compounder,7160.9501953125,7219.64990234375,7107.7001953125,7148.85009765625,7134.18310546875,428437
2024-09-12,TRENT.NS,Trent Ltd,Growth / Compounder,7198.0,7309.0,7142.85009765625,7210.5,7195.70654296875,572357
2024-09-13,TRENT.NS,Trent Ltd,Growth / Compounder,7248.5,7281.10009765625,7200.0498046875,7233.14990234375,7218.3095703125,468707
2024-09-16,TRENT.NS,Trent Ltd,Growth / Compounder,7270.0,7384.9501953125,7211.0,7318.7998046875,7303.78369140625,502100
2024-09-17,TRENT.NS,Trent Ltd,Growth / Compounder,7415.0,7508.7998046875,7325.0,7403.4501953125,7388.2607421875,753643
2024-09-18,TRENT.NS,Trent Ltd,Growth / Compounder,7435.0,7453.0,7245.85009765625,7336.0,7320.94873046875,388287
2024-09-19,TRENT.NS,Trent Ltd,Growth / Compounder,7456.0,7456.0,7183.5498046875,7326.14990234375,7311.11865234375,395523
2024-09-20,TRENT.NS,Trent Ltd,Growth / Compounder,7350.0,7508.0,7281.85009765625,7465.14990234375,7449.83349609375,798170
2024-09-23,TRENT.NS,Trent Ltd,Growth / Compounder,7520.9501953125,7645.0,7464.14990234375,7623.4501953125,7607.80908203125,510496
2024-09-24,TRENT.NS,Trent Ltd,Growth / Compounder,7639.9501953125,7682.0,7580.60009765625,7621.35009765625,7605.71337890625,613798
2024-09-25,TRENT.NS,Trent Ltd,Growth / Compounder,7618.25,7742.0,7569.5498046875,7614.89990234375,7599.2763671875,576171
2024-09-26,TRENT.NS,Trent Ltd,Growth / Compounder,7724.89990234375,7939.89990234375,7710.5498046875,7845.39990234375,7829.3037109375,1712253
2024-09-27,TRENT.NS,Trent Ltd,Growth / Compounder,7899.9501953125,7937.9501953125,7736.39990234375,7833.7001953125,7817.62744140625,11179751
2024-09-30,TRENT.NS,Trent Ltd,Growth / Compounder,7814.75,7833.9501953125,7483.75,7574.64990234375,7559.109375,1117618
2024-10-01,TRENT.NS,Trent Ltd,Growth / Compounder,7600.0,7647.4501953125,7522.25,7612.7001953125,7597.08154296875,559721
2024-10-03,TRENT.NS,Trent Ltd,Growth / Compounder,7569.5,7654.5,7451.0,7487.89990234375,7472.537109375,741293
2024-10-04,TRENT.NS,Trent Ltd,Growth / Compounder,7441.0,7455.9501953125,7272.0,7353.2998046875,7338.212890625,938897
2024-10-07,TRENT.NS,Trent Ltd,Growth / Compounder,7307.2001953125,7503.89990234375,7284.0,7449.5,7434.2158203125,854385
2024-10-08,TRENT.NS,Trent Ltd,Growth / Compounder,7520.0,8073.39990234375,7451.0,8041.9501953125,8025.4501953125,2278240
2024-10-09,TRENT.NS,Trent Ltd,Growth / Compounder,8089.0,8322.2001953125,8035.0,8220.849609375,8203.982421875,1260784
2024-10-10,TRENT.NS,Trent Ltd,Growth / Compounder,8200.0,8270.9501953125,8012.0,8028.85009765625,8012.37744140625,606292
2024-10-11,TRENT.NS,Trent Ltd,Growth / Compounder,8069.0,8308.7998046875,7950.0,8234.9501953125,8218.0546875,800644
2024-10-14,TRENT.NS,Trent Ltd,Growth / Compounder,8280.0498046875,8345.0,8163.7001953125,8191.85009765625,8175.04296875,417498
2024-10-15,TRENT.NS,Trent Ltd,Growth / Compounder,8224.0,8260.0,8090.0,8124.25,8107.58154296875,460534
2024-10-16,TRENT.NS,Trent Ltd,Growth / Compounder,8110.0,8133.10009765625,7766.5,7805.7998046875,7789.78466796875,900545
2024-10-17,TRENT.NS,Trent Ltd,Growth / Compounder,7780.2998046875,7880.0498046875,7620.2001953125,7719.64990234375,7703.8115234375,997450
2024-10-18,TRENT.NS,Trent Ltd,Growth / Compounder,7720.0,7800.0,7630.10009765625,7768.0498046875,7752.1123046875,571161
2024-10-21,TRENT.NS,Trent Ltd,Growth / Compounder,7820.0,7850.0,7552.5,7606.5498046875,7590.943359375,662166
2024-10-22,TRENT.NS,Trent Ltd,Growth / Compounder,7634.9501953125,7666.5,7469.39990234375,7497.35009765625,7481.9677734375,610564
2024-10-23,TRENT.NS,Trent Ltd,Growth / Compounder,7468.0,7585.0,7450.0,7511.2998046875,7495.888671875,505590
2024-10-24,TRENT.NS,Trent Ltd,Growth / Compounder,7569.2001953125,7640.39990234375,7386.75,7488.0,7472.63671875,448738
2024-10-25,TRENT.NS,Trent Ltd,Growth / Compounder,7450.0,7511.2001953125,7064.0498046875,7361.4501953125,7346.34716796875,590268
2024-10-28,TRENT.NS,Trent Ltd,Growth / Compounder,7362.25,7429.0,7222.14990234375,7307.85009765625,7292.85693359375,419026
2024-10-29,TRENT.NS,Trent Ltd,Growth / Compounder,7313.2998046875,7446.10009765625,7164.4501953125,7410.2998046875,7395.09619140625,359440
2024-10-30,TRENT.NS,Trent Ltd,Growth / Compounder,7420.0,7428.7998046875,7215.0,7252.4501953125,7237.5703125,481764
2024-10-31,TRENT.NS,Trent Ltd,Growth / Compounder,7259.0,7273.85009765625,7071.0,7128.35009765625,7113.72509765625,742508
2024-11-01,TRENT.NS,Trent Ltd,Growth / Compounder,7153.9501953125,7214.89990234375,7125.0,7149.0,7134.33251953125,76497
2024-11-04,TRENT.NS,Trent Ltd,Growth / Compounder,7109.0,7150.2998046875,6950.0,7063.75,7049.25732421875,681708
2024-11-05,TRENT.NS,Trent Ltd,Growth / Compounder,7006.0,7078.5,6794.0498046875,6968.35009765625,6954.05322265625,1026360
2024-11-06,TRENT.NS,Trent Ltd,Growth / Compounder,7024.0,7236.0,6801.10009765625,6955.4501953125,6941.1796875,1142746
2024-11-07,TRENT.NS,Trent Ltd,Growth / Compounder,6999.0,7015.25,6306.85009765625,6505.5,6492.15283203125,4427899
2024-11-08,TRENT.NS,Trent Ltd,Growth / Compounder,6550.0,6563.14990234375,6270.0,6298.9501953125,6286.0263671875,2523322
2024-11-11,TRENT.NS,Trent Ltd,Growth / Compounder,6230.35009765625,6620.0,6212.0498046875,6480.7001953125,6467.40380859375,2339199
2024-11-12,TRENT.NS,Trent Ltd,Growth / Compounder,6520.0,6717.89990234375,6500.0,6528.5498046875,6515.1552734375,1258152
2024-11-13,TRENT.NS,Trent Ltd,Growth / Compounder,6499.0,6619.7001953125,6412.4501953125,6498.25,6484.91796875,758642
2024-11-14,TRENT.NS,Trent Ltd,Growth / Compounder,6496.0,6550.2998046875,6367.0498046875,6463.0,6449.73974609375,620489
2024-11-18,TRENT.NS,Trent Ltd,Growth / Compounder,6411.60009765625,6453.0,6275.0,6301.64990234375,6288.720703125,828906
2024-11-19,TRENT.NS,Trent Ltd,Growth / Compounder,6359.85009765625,6579.89990234375,6359.7998046875,6423.85009765625,6410.67041015625,674042
2024-11-21,TRENT.NS,Trent Ltd,Growth / Compounder,6400.0,6519.0,6346.2001953125,6460.4501953125,6447.1953125,1511541
2024-11-22,TRENT.NS,Trent Ltd,Growth / Compounder,6459.89990234375,6678.0,6430.0,6652.7998046875,6639.150390625,833104
2024-11-25,TRENT.NS,Trent Ltd,Growth / Compounder,6799.0,6838.5498046875,6690.0498046875,6774.9501953125,6761.05029296875,1490945
2024-11-26,TRENT.NS,Trent Ltd,Growth / Compounder,6775.0,6810.2998046875,6646.14990234375,6669.35009765625,6655.66650390625,476650
2024-11-27,TRENT.NS,Trent Ltd,Growth / Compounder,6692.0,6909.0,6631.35009765625,6845.10009765625,6831.05615234375,784373
2024-11-28,TRENT.NS,Trent Ltd,Growth / Compounder,6850.0,6886.4501953125,6716.0498046875,6743.2001953125,6729.365234375,813013
2024-11-29,TRENT.NS,Trent Ltd,Growth / Compounder,6750.0,6820.0,6728.10009765625,6795.39990234375,6781.45751953125,720647
2024-12-02,TRENT.NS,Trent Ltd,Growth / Compounder,6777.0498046875,6898.0,6753.60009765625,6805.2998046875,6791.33740234375,446537
2024-12-03,TRENT.NS,Trent Ltd,Growth / Compounder,6805.2998046875,6864.5498046875,6681.7998046875,6841.35009765625,6827.3134765625,842566
2024-12-04,TRENT.NS,Trent Ltd,Growth / Compounder,6890.0,6920.0,6731.2001953125,6823.7998046875,6809.79931640625,899250
2024-12-05,TRENT.NS,Trent Ltd,Growth / Compounder,6869.9501953125,7074.9501953125,6722.0,6970.10009765625,6955.7998046875,1140361
2024-12-06,TRENT.NS,Trent Ltd,Growth / Compounder,7050.0,7140.0,6930.0498046875,6999.9501953125,6985.58837890625,1088961
2024-12-09,TRENT.NS,Trent Ltd,Growth / Compounder,6985.0,7025.0,6867.2998046875,6949.7001953125,6935.44140625,825347
2024-12-10,TRENT.NS,Trent Ltd,Growth / Compounder,6950.0,6959.9501953125,6810.0,6878.0498046875,6863.9384765625,579733
2024-12-11,TRENT.NS,Trent Ltd,Growth / Compounder,6893.89990234375,7100.0,6834.7998046875,7063.2998046875,7048.80810546875,1037764
2024-12-12,TRENT.NS,Trent Ltd,Growth / Compounder,7046.2001953125,7106.7998046875,6980.0,7012.5,6998.11279296875,776145
2024-12-13,TRENT.NS,Trent Ltd,Growth / Compounder,7000.0,7027.89990234375,6870.0,7000.25,6985.88720703125,526964
2024-12-16,TRENT.NS,Trent Ltd,Growth / Compounder,7000.0,7035.0,6942.75,7000.35009765625,6985.9873046875,497823
2024-12-17,TRENT.NS,Trent Ltd,Growth / Compounder,7000.0,7030.0,6891.0,6941.64990234375,6927.40771484375,545205
2024-12-18,TRENT.NS,Trent Ltd,Growth / Compounder,6935.75,7177.0,6848.7998046875,7113.75,7099.15478515625,1201264
2024-12-19,TRENT.NS,Trent Ltd,Growth / Compounder,6995.0,7184.39990234375,6991.60009765625,7092.0,7077.44921875,660251
2024-12-20,TRENT.NS,Trent Ltd,Growth / Compounder,7125.0,7188.0,6789.39990234375,6831.5498046875,6817.53369140625,768861
2024-12-23,TRENT.NS,Trent Ltd,Growth / Compounder,6870.0,7070.0,6860.0498046875,6946.0,6931.74853515625,783189
2024-12-24,TRENT.NS,Trent Ltd,Growth / Compounder,6976.0,7079.0,6902.0,7007.14990234375,6992.7734375,486797
2024-12-26,TRENT.NS,Trent Ltd,Growth / Compounder,7047.9501953125,7075.0,6948.0498046875,7063.7001953125,7049.20751953125,440974
2024-12-27,TRENT.NS,Trent Ltd,Growth / Compounder,7101.0,7234.0,7075.0,7118.2998046875,7103.6953125,530288
2024-12-30,TRENT.NS,Trent Ltd,Growth / Compounder,7139.2998046875,7145.0498046875,6915.25,6954.35009765625,6940.08203125,960856
2024-12-31,TRENT.NS,Trent Ltd,Growth / Compounder,6954.0,7146.0,6817.7998046875,7123.35009765625,7108.7353515625,915919
2025-01-01,TRENT.NS,Trent Ltd,Growth / Compounder,7121.0,7179.7998046875,7050.0,7068.0498046875,7053.54833984375,412650
2025-01-02,TRENT.NS,Trent Ltd,Growth / Compounder,7100.0,7336.0,7055.9501953125,7321.0,7305.9794921875,706114
2025-01-03,TRENT.NS,Trent Ltd,Growth / Compounder,7350.0,7493.0498046875,7280.10009765625,7307.7001953125,7292.70703125,940233
2025-01-06,TRENT.NS,Trent Ltd,Growth / Compounder,7307.7001953125,7338.60009765625,6935.25,6998.35009765625,6983.99169921875,942724
2025-01-07,TRENT.NS,Trent Ltd,Growth / Compounder,7010.2001953125,7085.0,6838.35009765625,6874.2998046875,6860.19580078125,601356
2025-01-08,TRENT.NS,Trent Ltd,Growth / Compounder,6869.5498046875,6873.5,6590.35009765625,6699.10009765625,6685.35546875,1257939
2025-01-09,TRENT.NS,Trent Ltd,Growth / Compounder,6719.0,6719.0,6572.2001953125,6621.7001953125,6608.11474609375,592991
2025-01-10,TRENT.NS,Trent Ltd,Growth / Compounder,6601.0,6626.0,6480.0,6584.10009765625,6570.59130859375,768200
2025-01-13,TRENT.NS,Trent Ltd,Growth / Compounder,6462.64990234375,6523.85009765625,6155.0,6224.39990234375,6211.62939453125,1068954
2025-01-14,TRENT.NS,Trent Ltd,Growth / Compounder,6237.39990234375,6317.0,6138.0,6161.14990234375,6148.50927734375,1130732
2025-01-15,TRENT.NS,Trent Ltd,Growth / Compounder,6200.0,6519.0,6164.7001953125,6390.25,6377.13916015625,1463322
2025-01-16,TRENT.NS,Trent Ltd,Growth / Compounder,6498.0,6498.0,6150.5,6211.5498046875,6198.80517578125,1477566
2025-01-17,TRENT.NS,Trent Ltd,Growth / Compounder,6216.9501953125,6310.0,6080.0,6216.5498046875,6203.79541015625,770051
2025-01-20,TRENT.NS,Trent Ltd,Growth / Compounder,6210.0,6225.0,6074.0498046875,6090.0,6077.50537109375,909757
2025-01-21,TRENT.NS,Trent Ltd,Growth / Compounder,6090.60009765625,6109.0,5723.2998046875,5736.9501953125,5725.1796875,1553225
2025-01-22,TRENT.NS,Trent Ltd,Growth / Compounder,5736.0,5748.0,5568.0,5626.35009765625,5614.806640625,1377528
2025-01-23,TRENT.NS,Trent Ltd,Growth / Compounder,5620.0,5792.4501953125,5605.0498046875,5733.60009765625,5721.83642578125,2106761
2025-01-24,TRENT.NS,Trent Ltd,Growth / Compounder,5720.0,5755.0498046875,5466.4501953125,5490.4501953125,5479.185546875,1119070
2025-01-27,TRENT.NS,Trent Ltd,Growth / Compounder,5477.0,5545.4501953125,5350.0,5412.60009765625,5401.4951171875,1186126
2025-01-28,TRENT.NS,Trent Ltd,Growth / Compounder,5484.0,5538.89990234375,5317.2001953125,5455.10009765625,5443.90771484375,1136463
2025-01-29,TRENT.NS,Trent Ltd,Growth / Compounder,5495.0,5651.89990234375,5415.7001953125,5597.14990234375,5585.666015625,701998
2025-01-30,TRENT.NS,Trent Ltd,Growth / Compounder,5600.0,5634.0,5456.7998046875,5511.2001953125,5499.89306640625,575077
2025-01-31,TRENT.NS,Trent Ltd,Growth / Compounder,5569.0,5817.64990234375,5527.75,5753.2001953125,5741.396484375,1029356
2025-02-01,TRENT.NS,Trent Ltd,Growth / Compounder,5780.0,6270.39990234375,5677.0498046875,6189.5,6176.80078125,2120509
2025-02-03,TRENT.NS,Trent Ltd,Growth / Compounder,6210.0,6232.5,6035.9501953125,6135.10009765625,6122.5126953125,1498258
2025-02-04,TRENT.NS,Trent Ltd,Growth / Compounder,6169.9501953125,6190.0,5653.4501953125,5750.2998046875,5738.501953125,2602288
2025-02-05,TRENT.NS,Trent Ltd,Growth / Compounder,5765.7001953125,5906.2001953125,5725.39990234375,5749.9501953125,5738.1533203125,1428644
2025-02-06,TRENT.NS,Trent Ltd,Growth / Compounder,5845.0,5845.0,5245.0,5277.10009765625,5266.2734375,6021478
2025-02-07,TRENT.NS,Trent Ltd,Growth / Compounder,5321.39990234375,5517.75,5255.0,5454.39990234375,5443.208984375,2846965
2025-02-10,TRENT.NS,Trent Ltd,Growth / Compounder,5460.0,5490.0,5170.0,5196.75,5186.087890625,1529876
2025-02-11,TRENT.NS,Trent Ltd,Growth / Compounder,5211.5498046875,5250.0,5135.0,5228.35009765625,5217.623046875,1596380
2025-02-12,TRENT.NS,Trent Ltd,Growth / Compounder,5228.35009765625,5290.0,5113.2998046875,5237.2998046875,5226.5546875,1313946
2025-02-13,TRENT.NS,Trent Ltd,Growth / Compounder,5246.64990234375,5378.0,5204.2998046875,5256.7998046875,5246.0146484375,986050
2025-02-14,TRENT.NS,Trent Ltd,Growth / Compounder,5268.0,5325.0,5033.2001953125,5117.35009765625,5106.85107421875,888168
2025-02-17,TRENT.NS,Trent Ltd,Growth / Compounder,5110.0,5159.2998046875,4998.14990234375,5096.4501953125,5085.99365234375,1078162
2025-02-18,TRENT.NS,Trent Ltd,Growth / Compounder,5100.0,5119.4501953125,4928.25,4997.75,4987.49609375,721122
2025-02-19,TRENT.NS,Trent Ltd,Growth / Compounder,4960.0,5103.2998046875,4940.0,4991.4501953125,4981.208984375,764148
2025-02-20,TRENT.NS,Trent Ltd,Growth / Compounder,4960.0,5137.2998046875,4951.4501953125,5099.5,5089.03759765625,812700
2025-02-21,TRENT.NS,Trent Ltd,Growth / Compounder,5088.0,5167.9501953125,5023.0,5048.2001953125,5037.8427734375,912164
2025-02-24,TRENT.NS,Trent Ltd,Growth / Compounder,4998.60009765625,5080.0,4928.25,5066.0,5055.60595703125,823625
2025-02-25,TRENT.NS,Trent Ltd,Growth / Compounder,5090.0,5129.25,4936.2998046875,4959.89990234375,4949.72412109375,976304
2025-02-27,TRENT.NS,Trent Ltd,Growth / Compounder,4951.0,4959.0,4770.10009765625,4805.2998046875,4795.4404296875,997906
2025-02-28,TRENT.NS,Trent Ltd,Growth / Compounder,4760.0,4876.39990234375,4715.0,4851.5498046875,4841.59619140625,2178604
2025-03-03,TRENT.NS,Trent Ltd,Growth / Compounder,4900.0498046875,5022.9501953125,4775.0,4946.89990234375,4936.75048828125,1415550
2025-03-04,TRENT.NS,Trent Ltd,Growth / Compounder,4898.89990234375,5069.89990234375,4865.7001953125,4999.7998046875,4989.54150390625,898723
2025-03-05,TRENT.NS,Trent Ltd,Growth / Compounder,4987.0,5320.0,4987.0,5106.10009765625,5095.6240234375,2128488
2025-03-06,TRENT.NS,Trent Ltd,Growth / Compounder,5174.5,5174.5,4970.9501953125,5069.5,5059.09912109375,1499675
2025-03-07,TRENT.NS,Trent Ltd,Growth / Compounder,5075.0,5099.9501953125,4985.0,4999.85009765625,4989.591796875,690809
2025-03-10,TRENT.NS,Trent Ltd,Growth / Compounder,4990.0,4997.85009765625,4787.75,4799.7001953125,4789.8525390625,1217553
2025-03-11,TRENT.NS,Trent Ltd,Growth / Compounder,4739.7001953125,5045.0,4722.9501953125,4995.4501953125,4985.201171875,1437957
2025-03-12,TRENT.NS,Trent Ltd,Growth / Compounder,5010.60009765625,5105.0,4960.0,5015.35009765625,5005.06005859375,1026027
2025-03-13,TRENT.NS,Trent Ltd,Growth / Compounder,5030.0,5107.89990234375,4970.10009765625,5022.39990234375,5012.095703125,860279
2025-03-17,TRENT.NS,Trent Ltd,Growth / Compounder,5022.39990234375,5179.89990234375,5014.0,5159.5498046875,5148.96435546875,856529
2025-03-18,TRENT.NS,Trent Ltd,Growth / Compounder,5159.5498046875,5159.5498046875,5159.5498046875,5159.5498046875,5148.96435546875,0
2025-03-19,TRENT.NS,Trent Ltd,Growth / Compounder,5276.0498046875,5299.89990234375,5194.60009765625,5230.85009765625,5220.11767578125,957079
2025-03-20,TRENT.NS,Trent Ltd,Growth / Compounder,5247.0,5275.5498046875,5158.7998046875,5221.5498046875,5210.83642578125,759448
2025-03-21,TRENT.NS,Trent Ltd,Growth / Compounder,5224.5,5293.4501953125,5125.5,5150.0498046875,5139.4833984375,1197537
2025-03-24,TRENT.NS,Trent Ltd,Growth / Compounder,5150.4501953125,5168.14990234375,5044.7998046875,5054.7001953125,5044.32958984375,908085
2025-03-25,TRENT.NS,Trent Ltd,Growth / Compounder,5121.4501953125,5248.7998046875,5066.0,5185.0498046875,5174.412109375,1461587
2025-03-26,TRENT.NS,Trent Ltd,Growth / Compounder,5205.0,5410.0,5118.5,5321.9501953125,5311.03125,1625697
2025-03-27,TRENT.NS,Trent Ltd,Growth / Compounder,5359.0,5444.9501953125,5335.7998046875,5422.2998046875,5411.1748046875,1670468
2025-03-28,TRENT.NS,Trent Ltd,Growth / Compounder,5422.9501953125,5525.9501953125,5290.0,5325.14990234375,5314.22412109375,1535964
2025-04-01,TRENT.NS,Trent Ltd,Growth / Compounder,5350.85009765625,5614.9501953125,5334.2001953125,5576.75,5565.30859375,2260895
2025-04-02,TRENT.NS,Trent Ltd,Growth / Compounder,5630.5498046875,5702.0,5515.7998046875,5682.5,5670.84130859375,1491897
2025-04-03,TRENT.NS,Trent Ltd,Growth / Compounder,5630.0,5751.0,5610.0,5675.2998046875,5663.65576171875,960710
2025-04-04,TRENT.NS,Trent Ltd,Growth / Compounder,5688.0,5688.0,5544.39990234375,5562.85009765625,5551.43701171875,680922
2025-04-07,TRENT.NS,Trent Ltd,Growth / Compounder,5006.60009765625,5006.60009765625,4488.0,4740.9501953125,4731.22314453125,7644740
2025-04-08,TRENT.NS,Trent Ltd,Growth / Compounder,4903.0,4964.0498046875,4684.2001953125,4767.2001953125,4757.41943359375,3035242
2025-04-09,TRENT.NS,Trent Ltd,Growth / Compounder,4767.0,4767.2001953125,4605.0,4620.2001953125,4610.72119140625,1598513
2025-04-11,TRENT.NS,Trent Ltd,Growth / Compounder,4782.5,4830.0,4660.75,4780.5498046875,4770.74169921875,1894062
2025-04-15,TRENT.NS,Trent Ltd,Growth / Compounder,4879.0,4985.0,4830.5,4877.0,4866.994140625,1587931
2025-04-16,TRENT.NS,Trent Ltd,Growth / Compounder,4922.0,5049.5,4852.0,5035.5,5025.16845703125,1589998
2025-04-17,TRENT.NS,Trent Ltd,Growth / Compounder,5052.0,5144.0,4954.0,5130.5,5119.9736328125,1464066
2025-04-21,TRENT.NS,Trent Ltd,Growth / Compounder,5180.0,5374.5,5126.0,5360.0,5349.0029296875,1309441
2025-04-22,TRENT.NS,Trent Ltd,Growth / Compounder,5379.0,5418.5,5300.0,5323.0,5312.07861328125,1166872
2025-04-23,TRENT.NS,Trent Ltd,Growth / Compounder,5350.5,5382.0,5210.5,5329.0,5318.06640625,970478
2025-04-24,TRENT.NS,Trent Ltd,Growth / Compounder,5311.0,5399.0,5256.0,5323.5,5312.57763671875,1039905
2025-04-25,TRENT.NS,Trent Ltd,Growth / Compounder,5334.0,5356.0,5105.0,5145.0,5134.4443359375,1030377
2025-04-28,TRENT.NS,Trent Ltd,Growth / Compounder,5124.5,5252.0,5115.0,5209.5,5198.81201171875,982085
2025-04-29,TRENT.NS,Trent Ltd,Growth / Compounder,5221.0,5510.0,5175.0,5391.5,5380.4384765625,1420743
2025-04-30,TRENT.NS,Trent Ltd,Growth / Compounder,5435.0,5435.0,5120.0,5172.5,5161.88720703125,2709549
2025-05-02,TRENT.NS,Trent Ltd,Growth / Compounder,5172.5,5268.5,5129.5,5154.0,5143.42529296875,756554
2025-05-05,TRENT.NS,Trent Ltd,Growth / Compounder,5175.0,5382.0,5155.0,5370.5,5359.4814453125,1310015
2025-05-06,TRENT.NS,Trent Ltd,Growth / Compounder,5381.0,5423.5,5210.0,5224.0,5213.28173828125,709414
2025-05-07,TRENT.NS,Trent Ltd,Growth / Compounder,5145.0,5271.0,5142.5,5233.0,5222.263671875,711009
2025-05-08,TRENT.NS,Trent Ltd,Growth / Compounder,5233.0,5319.0,5179.5,5226.5,5215.77685546875,926044
2025-05-09,TRENT.NS,Trent Ltd,Growth / Compounder,5063.5,5207.5,5063.5,5113.0,5102.509765625,778167
2025-05-12,TRENT.NS,Trent Ltd,Growth / Compounder,5330.0,5478.0,5225.0,5441.0,5429.8369140625,1203631
2025-05-13,TRENT.NS,Trent Ltd,Growth / Compounder,5444.0,5456.5,5320.0,5326.5,5315.5712890625,728870
2025-05-14,TRENT.NS,Trent Ltd,Growth / Compounder,5340.0,5412.0,5291.5,5362.0,5350.99853515625,557468
2025-05-15,TRENT.NS,Trent Ltd,Growth / Compounder,5362.0,5630.0,5311.5,5577.5,5566.056640625,1521892
2025-05-16,TRENT.NS,Trent Ltd,Growth / Compounder,5594.0,5610.5,5545.0,5583.0,5571.54541015625,808195
2025-05-19,TRENT.NS,Trent Ltd,Growth / Compounder,5610.0,5639.0,5530.0,5551.0,5539.61083984375,604580
2025-05-20,TRENT.NS,Trent Ltd,Growth / Compounder,5604.0,5604.0,5433.0,5449.5,5438.3193359375,748551
2025-05-21,TRENT.NS,Trent Ltd,Growth / Compounder,5450.5,5537.5,5370.0,5443.5,5432.33154296875,607763
2025-05-22,TRENT.NS,Trent Ltd,Growth / Compounder,5441.0,5449.0,5285.0,5342.0,5331.0400390625,962354
2025-05-23,TRENT.NS,Trent Ltd,Growth / Compounder,5405.0,5499.5,5403.5,5435.5,5424.34814453125,1127412
2025-05-26,TRENT.NS,Trent Ltd,Growth / Compounder,5455.0,5536.5,5416.5,5526.0,5514.66259765625,640440
2025-05-27,TRENT.NS,Trent Ltd,Growth / Compounder,5525.0,5633.0,5485.0,5573.0,5561.56591796875,1019222
2025-05-28,TRENT.NS,Trent Ltd,Growth / Compounder,5587.0,5600.5,5535.0,5559.0,5547.5947265625,452258
2025-05-29,TRENT.NS,Trent Ltd,Growth / Compounder,5570.0,5689.5,5568.0,5657.0,5645.3935546875,1192069
2025-05-30,TRENT.NS,Trent Ltd,Growth / Compounder,5656.0,5728.0,5625.0,5643.5,5631.92138671875,1440608
2025-06-02,TRENT.NS,Trent Ltd,Growth / Compounder,5681.0,5681.0,5570.0,5621.5,5609.96630859375,504095
2025-06-03,TRENT.NS,Trent Ltd,Growth / Compounder,5646.5,5660.0,5568.0,5590.0,5578.53125,510323
2025-06-04,TRENT.NS,Trent Ltd,Growth / Compounder,5590.0,5607.0,5481.5,5506.5,5495.20263671875,748937
2025-06-05,TRENT.NS,Trent Ltd,Growth / Compounder,5539.0,5709.0,5516.0,5673.0,5661.36083984375,1212876
2025-06-06,TRENT.NS,Trent Ltd,Growth / Compounder,5700.0,5806.5,5614.5,5777.0,5765.1474609375,1034577
2025-06-09,TRENT.NS,Trent Ltd,Growth / Compounder,5818.0,5924.5,5764.5,5913.5,5901.36767578125,1377600
2025-06-10,TRENT.NS,Trent Ltd,Growth / Compounder,5929.0,5955.0,5805.0,5814.0,5802.0712890625,683305
2025-06-11,TRENT.NS,Trent Ltd,Growth / Compounder,5817.0,5838.0,5759.5,5776.5,5764.6484375,545428
2025-06-12,TRENT.NS,Trent Ltd,Growth / Compounder,5776.5,5838.0,5611.0,5627.5,5619.19677734375,974013
2025-06-13,TRENT.NS,Trent Ltd,Growth / Compounder,5505.5,5617.5,5481.0,5590.0,5581.751953125,711911
2025-06-16,TRENT.NS,Trent Ltd,Growth / Compounder,5589.0,5695.0,5561.5,5679.5,5671.11962890625,605268
2025-06-17,TRENT.NS,Trent Ltd,Growth / Compounder,5687.0,5702.0,5602.0,5626.5,5618.1982421875,529572
2025-06-18,TRENT.NS,Trent Ltd,Growth / Compounder,5654.0,5759.0,5627.0,5735.0,5726.5380859375,864129
2025-06-19,TRENT.NS,Trent Ltd,Growth / Compounder,5800.0,5800.0,5665.0,5723.5,5715.0546875,886990
2025-06-20,TRENT.NS,Trent Ltd,Growth / Compounder,5756.0,6030.0,5720.0,5897.5,5888.79833984375,10424185
2025-06-23,TRENT.NS,Trent Ltd,Growth / Compounder,5850.0,6210.0,5830.0,6120.0,6110.9697265625,2271641
2025-06-24,TRENT.NS,Trent Ltd,Growth / Compounder,6174.0,6205.0,6033.0,6057.5,6048.56201171875,1459591
2025-06-25,TRENT.NS,Trent Ltd,Growth / Compounder,6090.0,6156.0,6080.0,6124.5,6115.46337890625,815696
2025-06-26,TRENT.NS,Trent Ltd,Growth / Compounder,6123.0,6135.0,6013.0,6107.0,6097.9892578125,851467
2025-06-27,TRENT.NS,Trent Ltd,Growth / Compounder,6119.0,6159.0,5982.0,6019.5,6010.6181640625,1935325
2025-06-30,TRENT.NS,Trent Ltd,Growth / Compounder,6050.0,6261.0,5968.0,6217.5,6208.326171875,2136461
2025-07-01,TRENT.NS,Trent Ltd,Growth / Compounder,6226.5,6226.5,6130.0,6144.0,6134.9345703125,558024
2025-07-02,TRENT.NS,Trent Ltd,Growth / Compounder,6130.5,6252.0,6063.0,6222.5,6213.31884765625,1159148
2025-07-03,TRENT.NS,Trent Ltd,Growth / Compounder,6234.0,6258.0,6142.5,6191.0,6181.865234375,750787
2025-07-04,TRENT.NS,Trent Ltd,Growth / Compounder,5675.0,5785.0,5350.0,5456.0,5447.94970703125,7516962
2025-07-07,TRENT.NS,Trent Ltd,Growth / Compounder,5500.0,5522.5,5440.5,5499.0,5490.88623046875,1445372
2025-07-08,TRENT.NS,Trent Ltd,Growth / Compounder,5512.5,5517.5,5370.0,5440.0,5431.97314453125,1699343
2025-07-09,TRENT.NS,Trent Ltd,Growth / Compounder,5440.0,5504.5,5400.0,5408.0,5400.0205078125,969206
2025-07-10,TRENT.NS,Trent Ltd,Growth / Compounder,5430.0,5445.0,5387.0,5431.0,5422.986328125,947485
2025-07-11,TRENT.NS,Trent Ltd,Growth / Compounder,5419.0,5419.0,5339.5,5364.0,5356.08544921875,942210
2025-07-14,TRENT.NS,Trent Ltd,Growth / Compounder,5368.0,5393.0,5287.5,5314.5,5306.658203125,829406
2025-07-15,TRENT.NS,Trent Ltd,Growth / Compounder,5329.5,5405.0,5309.0,5390.0,5382.046875,577430
2025-07-16,TRENT.NS,Trent Ltd,Growth / Compounder,5415.0,5470.0,5375.0,5382.0,5374.05859375,716193
2025-07-17,TRENT.NS,Trent Ltd,Growth / Compounder,5400.0,5455.0,5375.0,5417.5,5409.50634765625,490075
2025-07-18,TRENT.NS,Trent Ltd,Growth / Compounder,5425.0,5443.5,5356.5,5375.0,5367.0693359375,418316
2025-07-21,TRENT.NS,Trent Ltd,Growth / Compounder,5375.5,5398.5,5349.0,5376.0,5368.06787109375,404842
2025-07-22,TRENT.NS,Trent Ltd,Growth / Compounder,5409.5,5454.0,5351.0,5360.5,5352.59033203125,451766
2025-07-23,TRENT.NS,Trent Ltd,Growth / Compounder,5383.0,5390.5,5320.0,5359.0,5351.0927734375,521291
2025-07-24,TRENT.NS,Trent Ltd,Growth / Compounder,5315.0,5328.5,5141.0,5154.0,5146.39501953125,1326255
2025-07-25,TRENT.NS,Trent Ltd,Growth / Compounder,5154.0,5171.5,5033.0,5043.0,5035.55908203125,1136699
2025-07-28,TRENT.NS,Trent Ltd,Growth / Compounder,5043.0,5109.5,4980.5,4994.0,4986.63134765625,1450708
2025-07-29,TRENT.NS,Trent Ltd,Growth / Compounder,4994.0,5052.0,4957.5,5001.5,4994.1201171875,1285403
2025-07-30,TRENT.NS,Trent Ltd,Growth / Compounder,5011.5,5073.5,4987.5,5043.5,5036.05810546875,640920
2025-07-31,TRENT.NS,Trent Ltd,Growth / Compounder,4975.0,5077.0,4964.5,5018.0,5010.595703125,752111
2025-08-01,TRENT.NS,Trent Ltd,Growth / Compounder,5034.0,5275.5,5005.0,5180.0,5172.35693359375,2034517
2025-08-04,TRENT.NS,Trent Ltd,Growth / Compounder,5275.0,5289.0,5162.5,5249.0,5241.2548828125,790968
2025-08-05,TRENT.NS,Trent Ltd,Growth / Compounder,5245.0,5356.0,5200.0,5317.5,5309.65380859375,976873
2025-08-06,TRENT.NS,Trent Ltd,Growth / Compounder,5350.0,5430.0,5318.0,5356.5,5348.59619140625,2486662
2025-08-07,TRENT.NS,Trent Ltd,Growth / Compounder,5285.0,5440.0,5210.5,5303.5,5295.6748046875,2293342
2025-08-08,TRENT.NS,Trent Ltd,Growth / Compounder,5330.0,5374.0,5238.5,5317.0,5309.15478515625,1192637
2025-08-11,TRENT.NS,Trent Ltd,Growth / Compounder,5330.0,5487.0,5306.5,5443.5,5435.46826171875,1110381
2025-08-12,TRENT.NS,Trent Ltd,Growth / Compounder,5443.5,5460.0,5357.5,5365.5,5357.5830078125,441837
2025-08-13,TRENT.NS,Trent Ltd,Growth / Compounder,5365.5,5445.0,5360.0,5398.5,5390.53466796875,615620
2025-08-14,TRENT.NS,Trent Ltd,Growth / Compounder,5424.0,5440.0,5360.0,5370.5,5362.57568359375,697401
2025-08-18,TRENT.NS,Trent Ltd,Growth / Compounder,5530.0,5623.0,5501.0,5519.0,5510.8564453125,1714061
2025-08-19,TRENT.NS,Trent Ltd,Growth / Compounder,5550.0,5561.5,5465.0,5496.0,5487.890625,548359
2025-08-20,TRENT.NS,Trent Ltd,Growth / Compounder,5496.0,5498.0,5432.0,5453.0,5444.9541015625,636301
2025-08-21,TRENT.NS,Trent Ltd,Growth / Compounder,5457.0,5547.0,5439.0,5452.5,5444.45458984375,607314
2025-08-22,TRENT.NS,Trent Ltd,Growth / Compounder,5452.5,5484.5,5404.0,5418.0,5410.005859375,443698
2025-08-25,TRENT.NS,Trent Ltd,Growth / Compounder,5460.0,5485.5,5404.0,5423.0,5414.99853515625,656081
2025-08-26,TRENT.NS,Trent Ltd,Growth / Compounder,5420.0,5447.0,5272.0,5295.0,5287.18701171875,949915
2025-08-28,TRENT.NS,Trent Ltd,Growth / Compounder,5295.0,5298.0,5215.0,5235.5,5227.77490234375,784214
2025-08-29,TRENT.NS,Trent Ltd,Growth / Compounder,5239.0,5411.0,5230.0,5298.0,5290.1826171875,1333724
2025-09-01,TRENT.NS,Trent Ltd,Growth / Compounder,5321.0,5462.0,5304.0,5450.0,5441.95849609375,688959
2025-09-02,TRENT.NS,Trent Ltd,Growth / Compounder,5450.0,5472.0,5386.0,5412.0,5404.0146484375,541160
2025-09-03,TRENT.NS,Trent Ltd,Growth / Compounder,5416.0,5500.0,5350.0,5479.0,5470.91552734375,832845
2025-09-04,TRENT.NS,Trent Ltd,Growth / Compounder,5525.0,5674.0,5503.0,5529.0,5520.841796875,1412461
2025-09-05,TRENT.NS,Trent Ltd,Growth / Compounder,5557.0,5617.0,5494.0,5528.5,5520.3427734375,622758
2025-09-08,TRENT.NS,Trent Ltd,Growth / Compounder,5540.0,5555.5,5300.0,5315.5,5307.65673828125,876255
2025-09-09,TRENT.NS,Trent Ltd,Growth / Compounder,5330.0,5347.0,5206.0,5218.5,5210.7998046875,1014203
2025-09-10,TRENT.NS,Trent Ltd,Growth / Compounder,5250.0,5260.5,5171.0,5193.0,5185.337890625,898752
2025-09-11,TRENT.NS,Trent Ltd,Growth / Compounder,5214.5,5214.5,5150.0,5171.0,5163.3701171875,585140
2025-09-12,TRENT.NS,Trent Ltd,Growth / Compounder,5179.0,5202.0,5125.0,5130.0,5122.4306640625,625409
2025-09-15,TRENT.NS,Trent Ltd,Growth / Compounder,5131.0,5175.0,5109.0,5133.0,5125.42626953125,955394
2025-09-16,TRENT.NS,Trent Ltd,Growth / Compounder,5154.0,5156.5,5115.0,5147.5,5139.90478515625,703169
2025-09-17,TRENT.NS,Trent Ltd,Growth / Compounder,5180.0,5248.0,5163.5,5197.5,5189.8310546875,828577
2025-09-18,TRENT.NS,Trent Ltd,Growth / Compounder,5215.0,5225.0,5134.0,5144.0,5136.41015625,810331
2025-09-19,TRENT.NS,Trent Ltd,Growth / Compounder,5149.0,5158.0,5074.0,5080.0,5072.50439453125,1105187
2025-09-22,TRENT.NS,Trent Ltd,Growth / Compounder,5089.5,5138.0,4990.0,5010.5,5003.10693359375,799543
2025-09-23,TRENT.NS,Trent Ltd,Growth / Compounder,5010.5,5019.5,4846.0,4891.0,4883.783203125,2734495
2025-09-24,TRENT.NS,Trent Ltd,Growth / Compounder,4938.0,4963.5,4879.5,4897.0,4889.7744140625,941080
2025-09-25,TRENT.NS,Trent Ltd,Growth / Compounder,4914.5,4928.5,4710.0,4742.5,4735.50244140625,1518468
2025-09-26,TRENT.NS,Trent Ltd,Growth / Compounder,4739.0,4775.0,4660.0,4679.0,4672.09619140625,1038283
2025-09-29,TRENT.NS,Trent Ltd,Growth / Compounder,4700.0,4747.0,4686.0,4730.5,4723.52001953125,815624
2025-09-30,TRENT.NS,Trent Ltd,Growth / Compounder,4744.5,4746.0,4666.0,4677.5,4670.59814453125,751802
2025-10-01,TRENT.NS,Trent Ltd,Growth / Compounder,4711.0,4849.89990234375,4701.10009765625,4832.0,4824.8701171875,1270493
2025-10-03,TRENT.NS,Trent Ltd,Growth / Compounder,4804.0,4836.5,4738.0,4815.7001953125,4808.5947265625,1070640
2025-10-06,TRENT.NS,Trent Ltd,Growth / Compounder,4817.0,4908.0,4689.60009765625,4777.2998046875,4770.2509765625,1075080
2025-10-07,TRENT.NS,Trent Ltd,Growth / Compounder,4695.0,4721.89990234375,4590.0,4686.0,4679.0859375,2789651
2025-10-08,TRENT.NS,Trent Ltd,Growth / Compounder,4709.0,4746.0,4606.39990234375,4616.60009765625,4609.7880859375,1114855
2025-10-09,TRENT.NS,Trent Ltd,Growth / Compounder,4630.0,4676.89990234375,4601.2001953125,4660.89990234375,4654.0224609375,749429
2025-10-10,TRENT.NS,Trent Ltd,Growth / Compounder,4670.0,4729.89990234375,4652.10009765625,4691.10009765625,4684.17822265625,735165
2025-10-13,TRENT.NS,Trent Ltd,Growth / Compounder,4677.10009765625,4695.0,4626.0,4681.60009765625,4674.6923828125,602116
2025-10-14,TRENT.NS,Trent Ltd,Growth / Compounder,4690.0,4700.0,4598.60009765625,4617.2001953125,4610.3876953125,913650
2025-10-15,TRENT.NS,Trent Ltd,Growth / Compounder,4617.2001953125,4752.10009765625,4610.10009765625,4724.2001953125,4717.2294921875,1298534
2025-10-16,TRENT.NS,Trent Ltd,Growth / Compounder,4743.0,4808.5,4727.60009765625,4793.39990234375,4786.3271484375,1140794
2025-10-17,TRENT.NS,Trent Ltd,Growth / Compounder,4793.39990234375,4850.0,4747.0,4814.39990234375,4807.29638671875,1243932
2025-10-20,TRENT.NS,Trent Ltd,Growth / Compounder,4821.89990234375,4835.2998046875,4772.0,4802.2998046875,4795.2138671875,610816
2025-10-21,TRENT.NS,Trent Ltd,Growth / Compounder,4827.0,4839.0,4772.0,4791.10009765625,4784.03076171875,82502
2025-10-23,TRENT.NS,Trent Ltd,Growth / Compounder,4800.0,4866.5,4766.89990234375,4783.2998046875,4776.2421875,769642
2025-10-24,TRENT.NS,Trent Ltd,Growth / Compounder,4796.0,4806.89990234375,4760.0,4789.60009765625,4782.533203125,519615
2025-10-27,TRENT.NS,Trent Ltd,Growth / Compounder,4810.0,4831.7001953125,4786.39990234375,4798.7001953125,4791.61962890625,414172
2025-10-28,TRENT.NS,Trent Ltd,Growth / Compounder,4800.60009765625,4828.39990234375,4692.5,4725.39990234375,4718.427734375,616890
2025-10-29,TRENT.NS,Trent Ltd,Growth / Compounder,4735.0,4788.0,4735.0,4780.60009765625,4773.54638671875,305268
2025-10-30,TRENT.NS,Trent Ltd,Growth / Compounder,4781.10009765625,4784.7998046875,4724.0,4744.5,4737.49951171875,346569
2025-10-31,TRENT.NS,Trent Ltd,Growth / Compounder,4745.0,4748.89990234375,4685.2001953125,4694.2998046875,4687.37353515625,498496
2025-11-03,TRENT.NS,Trent Ltd,Growth / Compounder,4694.2998046875,4720.0,4655.2001953125,4713.39990234375,4706.4453125,292566
2025-11-04,TRENT.NS,Trent Ltd,Growth / Compounder,4720.0,4724.89990234375,4646.0,4660.60009765625,4653.72314453125,475909
2025-11-06,TRENT.NS,Trent Ltd,Growth / Compounder,4660.60009765625,4704.10009765625,4635.0,4679.2001953125,4672.2958984375,476465
2025-11-07,TRENT.NS,Trent Ltd,Growth / Compounder,4679.5,4708.10009765625,4611.2001953125,4627.2998046875,4620.47216796875,543059
2025-11-10,TRENT.NS,Trent Ltd,Growth / Compounder,4568.0,4579.89990234375,4262.60009765625,4283.7001953125,4277.37939453125,6807962
2025-11-11,TRENT.NS,Trent Ltd,Growth / Compounder,4295.0,4365.0,4263.10009765625,4315.7998046875,4309.431640625,1802510
2025-11-12,TRENT.NS,Trent Ltd,Growth / Compounder,4330.0,4396.7001953125,4295.0,4375.7998046875,4369.34326171875,937925
2025-11-13,TRENT.NS,Trent Ltd,Growth / Compounder,4378.0,4402.89990234375,4312.89990234375,4326.39990234375,4320.01611328125,926858
2025-11-14,TRENT.NS,Trent Ltd,Growth / Compounder,4335.0,4399.89990234375,4327.0,4391.2001953125,4384.720703125,808967
2025-11-17,TRENT.NS,Trent Ltd,Growth / Compounder,4391.89990234375,4414.10009765625,4375.0,4404.60009765625,4398.10107421875,551524
2025-11-18,TRENT.NS,Trent Ltd,Growth / Compounder,4404.60009765625,4409.89990234375,4359.89990234375,4374.0,4367.5458984375,316742
2025-11-19,TRENT.NS,Trent Ltd,Growth / Compounder,4380.0,4388.89990234375,4330.89990234375,4358.89990234375,4352.46826171875,593957
2025-11-20,TRENT.NS,Trent Ltd,Growth / Compounder,4352.2001953125,4417.7998046875,4352.10009765625,4388.89990234375,4382.423828125,513726
2025-11-21,TRENT.NS,Trent Ltd,Growth / Compounder,4397.0,4397.0,4355.0,4359.10009765625,4352.66796875,411274
2025-11-24,TRENT.NS,Trent Ltd,Growth / Compounder,4370.0,4370.0,4299.0,4310.89990234375,4304.5390625,1144110
2025-11-25,TRENT.NS,Trent Ltd,Growth / Compounder,4310.89990234375,4319.5,4235.7998046875,4243.89990234375,4237.63818359375,1019740
2025-11-26,TRENT.NS,Trent Ltd,Growth / Compounder,4246.5,4352.60009765625,4246.5,4292.39990234375,4286.06640625,804098
2025-11-27,TRENT.NS,Trent Ltd,Growth / Compounder,4305.5,4320.10009765625,4244.0,4266.10009765625,4259.80517578125,669342
2025-11-28,TRENT.NS,Trent Ltd,Growth / Compounder,4276.10009765625,4283.2001953125,4236.7998046875,4250.39990234375,4244.12841796875,549814
2025-12-01,TRENT.NS,Trent Ltd,Growth / Compounder,4270.0,4285.0,4199.89990234375,4215.89990234375,4209.67919921875,542859
2025-12-02,TRENT.NS,Trent Ltd,Growth / Compounder,4218.10009765625,4239.60009765625,4203.0,4226.5,4220.263671875,491997
2025-12-03,TRENT.NS,Trent Ltd,Growth / Compounder,4226.0,4226.2998046875,4158.0,4188.2001953125,4182.0205078125,709367
2025-12-04,TRENT.NS,Trent Ltd,Growth / Compounder,4188.10009765625,4234.7998046875,4161.10009765625,4215.7998046875,4209.5791015625,427254
2025-12-05,TRENT.NS,Trent Ltd,Growth / Compounder,4215.0,4225.0,4165.0,4183.10009765625,4176.927734375,679735
2025-12-08,TRENT.NS,Trent Ltd,Growth / Compounder,4183.10009765625,4202.0,4075.10009765625,4090.5,4084.46435546875,1028704
2025-12-09,TRENT.NS,Trent Ltd,Growth / Compounder,4049.60009765625,4118.10009765625,3988.0,4085.39990234375,4079.371826171875,1671211
2025-12-10,TRENT.NS,Trent Ltd,Growth / Compounder,4080.0,4138.0,4010.10009765625,4018.300048828125,4012.37109375,737740
2025-12-11,TRENT.NS,Trent Ltd,Growth / Compounder,4022.0,4060.60009765625,3930.10009765625,4047.5,4041.52783203125,1815905
2025-12-12,TRENT.NS,Trent Ltd,Growth / Compounder,4077.89990234375,4092.800048828125,4049.89990234375,4075.39990234375,4069.38671875,534723
2025-12-15,TRENT.NS,Trent Ltd,Growth / Compounder,4067.0,4129.2001953125,4012.5,4109.0,4102.93701171875,459769
2025-12-16,TRENT.NS,Trent Ltd,Growth / Compounder,4115.0,4143.7001953125,4085.5,4108.7001953125,4102.6376953125,562479
2025-12-17,TRENT.NS,Trent Ltd,Growth / Compounder,4100.10009765625,4119.89990234375,4036.0,4045.199951171875,4039.231201171875,460320
2025-12-18,TRENT.NS,Trent Ltd,Growth / Compounder,4050.0,4056.800048828125,3993.699951171875,4030.0,4024.0537109375,614346
2025-12-19,TRENT.NS,Trent Ltd,Growth / Compounder,4034.0,4072.0,4025.0,4062.199951171875,4056.2060546875,501005
2025-12-22,TRENT.NS,Trent Ltd,Growth / Compounder,4080.0,4225.0,4063.89990234375,4206.7998046875,4200.5927734375,1316448
2025-12-23,TRENT.NS,Trent Ltd,Growth / Compounder,4234.0,4236.10009765625,4176.60009765625,4189.39990234375,4183.21826171875,662345
2025-12-24,TRENT.NS,Trent Ltd,Growth / Compounder,4209.0,4313.2998046875,4183.10009765625,4289.60009765625,4283.2705078125,960632
2025-12-26,TRENT.NS,Trent Ltd,Growth / Compounder,4290.0,4338.39990234375,4263.0,4285.2998046875,4278.9765625,1029780
2025-12-29,TRENT.NS,Trent Ltd,Growth / Compounder,4303.2001953125,4319.89990234375,4211.10009765625,4226.0,4219.7646484375,423139
2025-12-30,TRENT.NS,Trent Ltd,Growth / Compounder,4226.0,4257.7001953125,4187.7998046875,4207.7001953125,4201.49169921875,670540
2025-12-31,TRENT.NS,Trent Ltd,Growth / Compounder,4225.0,4288.10009765625,4212.0,4279.0,4272.6865234375,426359
2026-01-01,TRENT.NS,Trent Ltd,Growth / Compounder,2852.666748046875,2872.0,2837.199951171875,2864.933349609375,2860.7060546875,561898
2026-01-02,TRENT.NS,Trent Ltd,Growth / Compounder,2866.666748046875,2958.60009765625,2859.7333984375,2939.7333984375,2935.395751953125,1343563
2026-01-05,TRENT.NS,Trent Ltd,Growth / Compounder,2939.7333984375,2971.333251953125,2904.666748046875,2953.199951171875,2948.842529296875,764686
2026-01-06,TRENT.NS,Trent Ltd,Growth / Compounder,2805.533447265625,2805.533447265625,2662.666748046875,2698.39990234375,2694.41845703125,9216280
2026-01-07,TRENT.NS,Trent Ltd,Growth / Compounder,2700.0,2714.333251953125,2658.800048828125,2707.0,2703.005859375,2216505
2026-01-08,TRENT.NS,Trent Ltd,Growth / Compounder,2719.199951171875,2729.666748046875,2653.333251953125,2660.2666015625,2656.34130859375,1294783
2026-01-09,TRENT.NS,Trent Ltd,Growth / Compounder,2653.333251953125,2672.666748046875,2634.0,2648.60009765625,2644.692138671875,1153431
2026-01-12,TRENT.NS,Trent Ltd,Growth / Compounder,2660.0,2710.666748046875,2639.2666015625,2704.2666015625,2700.2763671875,1362049
2026-01-13,TRENT.NS,Trent Ltd,Growth / Compounder,2705.333251953125,2706.666748046875,2551.86669921875,2614.60009765625,2610.7421875,2478213
2026-01-14,TRENT.NS,Trent Ltd,Growth / Compounder,2604.0,2633.333251953125,2590.800048828125,2621.466552734375,2617.5986328125,1082931
2026-01-15,TRENT.NS,Trent Ltd,Growth / Compounder,2621.466552734375,2621.466552734375,2621.466552734375,2621.466552734375,2617.5986328125,0
2026-01-16,TRENT.NS,Trent Ltd,Growth / Compounder,2606.666748046875,2651.86669921875,2593.333251953125,2599.800048828125,2595.964111328125,1300899
2026-01-19,TRENT.NS,Trent Ltd,Growth / Compounder,2599.7333984375,2637.2666015625,2587.333251953125,2630.39990234375,2626.518798828125,933921
2026-01-20,TRENT.NS,Trent Ltd,Growth / Compounder,2642.0,2642.60009765625,2546.199951171875,2557.39990234375,2553.62646484375,1369123
2026-01-21,TRENT.NS,Trent Ltd,Growth / Compounder,2557.333251953125,2564.066650390625,2462.066650390625,2509.60009765625,2505.897216796875,2146752
2026-01-22,TRENT.NS,Trent Ltd,Growth / Compounder,2516.39990234375,2565.933349609375,2511.7333984375,2535.86669921875,2532.125,1749508
2026-01-23,TRENT.NS,Trent Ltd,Growth / Compounder,2560.0,2560.0,2496.0,2503.933349609375,2500.23876953125,711565
2026-01-27,TRENT.NS,Trent Ltd,Growth / Compounder,2517.7333984375,2545.333251953125,2478.7333984375,2530.066650390625,2526.33349609375,1495369
2026-01-28,TRENT.NS,Trent Ltd,Growth / Compounder,2538.666748046875,2583.0,2534.066650390625,2576.0,2572.198974609375,969787
2026-01-29,TRENT.NS,Trent Ltd,Growth / Compounder,2566.666748046875,2571.800048828125,2505.333251953125,2549.199951171875,2545.4384765625,1154493
2026-01-30,TRENT.NS,Trent Ltd,Growth / Compounder,2543.333251953125,2561.199951171875,2500.7333984375,2523.666748046875,2519.943115234375,1605357
2026-02-02,TRENT.NS,Trent Ltd,Growth / Compounder,2486.0,2486.60009765625,2430.0,2480.60009765625,2476.93994140625,1570212
2026-02-03,TRENT.NS,Trent Ltd,Growth / Compounder,2600.0,2600.066650390625,2527.39990234375,2548.533447265625,2544.77294921875,1116022
2026-02-04,TRENT.NS,Trent Ltd,Growth / Compounder,2556.0,2713.333251953125,2536.666748046875,2675.066650390625,2671.11962890625,2888310
2026-02-05,TRENT.NS,Trent Ltd,Growth / Compounder,2648.933349609375,2761.60009765625,2575.333251953125,2754.199951171875,2750.135986328125,5756748
2026-02-06,TRENT.NS,Trent Ltd,Growth / Compounder,2762.933349609375,2771.333251953125,2696.2666015625,2742.533447265625,2738.48681640625,1673695
2026-02-09,TRENT.NS,Trent Ltd,Growth / Compounder,2744.666748046875,2825.7333984375,2731.933349609375,2780.800048828125,2776.697021484375,1492629
2026-02-10,TRENT.NS,Trent Ltd,Growth / Compounder,2793.333251953125,2803.2666015625,2771.7333984375,2789.60009765625,2785.48388671875,974880
2026-02-11,TRENT.NS,Trent Ltd,Growth / Compounder,2803.333251953125,2818.666748046875,2755.13330078125,2812.60009765625,2808.449951171875,850761
2026-02-12,TRENT.NS,Trent Ltd,Growth / Compounder,2812.60009765625,2865.60009765625,2788.533447265625,2857.066650390625,2852.85107421875,1421169
2026-02-13,TRENT.NS,Trent Ltd,Growth / Compounder,2831.39990234375,2866.0,2796.7333984375,2834.666748046875,2830.484130859375,997642
2026-02-16,TRENT.NS,Trent Ltd,Growth / Compounder,2822.666748046875,2865.333251953125,2801.666748046875,2819.666748046875,2815.50634765625,1048090
2026-02-17,TRENT.NS,Trent Ltd,Growth / Compounder,2810.0,2816.60009765625,2753.333251953125,2781.2666015625,2777.162841796875,589263
2026-02-18,TRENT.NS,Trent Ltd,Growth / Compounder,2781.2666015625,2800.666748046875,2758.0,2791.466552734375,2787.34765625,559431
2026-02-19,TRENT.NS,Trent Ltd,Growth / Compounder,2787.333251953125,2787.39990234375,2702.0,2711.933349609375,2707.931884765625,880942
2026-02-20,TRENT.NS,Trent Ltd,Growth / Compounder,2709.86669921875,2750.0,2694.466552734375,2727.333251953125,2723.30908203125,507846
2026-02-23,TRENT.NS,Trent Ltd,Growth / Compounder,2723.333251953125,2746.60009765625,2693.333251953125,2703.2666015625,2699.27783203125,1011306
2026-02-24,TRENT.NS,Trent Ltd,Growth / Compounder,2706.666748046875,2706.7333984375,2600.0,2620.86669921875,2616.99951171875,1064977
2026-02-25,TRENT.NS,Trent Ltd,Growth / Compounder,2626.533447265625,2643.0,2600.0,2614.666748046875,2610.808837890625,593319
2026-02-26,TRENT.NS,Trent Ltd,Growth / Compounder,2614.666748046875,2631.13330078125,2561.933349609375,2570.666748046875,2566.873779296875,1642408
2026-02-27,TRENT.NS,Trent Ltd,Growth / Compounder,2570.666748046875,2620.0,2560.0,2599.666748046875,2595.830810546875,1464748
2026-03-02,TRENT.NS,Trent Ltd,Growth / Compounder,2503.666748046875,2591.7333984375,2503.333251953125,2565.666748046875,2561.881103515625,1202169
2026-03-04,TRENT.NS,Trent Ltd,Growth / Compounder,2526.86669921875,2532.0,2480.666748046875,2504.533447265625,2500.837890625,1216759
2026-03-05,TRENT.NS,Trent Ltd,Growth / Compounder,2510.0,2536.533447265625,2475.666748046875,2527.2666015625,2523.53759765625,1072954
2026-03-06,TRENT.NS,Trent Ltd,Growth / Compounder,2523.333251953125,2552.666748046875,2477.199951171875,2481.86669921875,2478.20458984375,547650
2026-03-09,TRENT.NS,Trent Ltd,Growth / Compounder,2405.933349609375,2467.666748046875,2386.666748046875,2459.60009765625,2455.970947265625,1435404
2026-03-10,TRENT.NS,Trent Ltd,Growth / Compounder,2499.933349609375,2499.933349609375,2460.0,2476.86669921875,2473.212158203125,1089144
2026-03-11,TRENT.NS,Trent Ltd,Growth / Compounder,2476.666748046875,2484.7333984375,2405.800048828125,2418.2666015625,2414.698486328125,1027122
2026-03-12,TRENT.NS,Trent Ltd,Growth / Compounder,2402.0,2402.066650390625,2335.0,2355.7333984375,2352.257568359375,1483744
2026-03-13,TRENT.NS,Trent Ltd,Growth / Compounder,2339.933349609375,2389.066650390625,2313.466552734375,2325.199951171875,2321.76904296875,1823805
2026-03-16,TRENT.NS,Trent Ltd,Growth / Compounder,2325.199951171875,2408.2666015625,2285.2666015625,2397.39990234375,2393.862548828125,1955878
2026-03-17,TRENT.NS,Trent Ltd,Growth / Compounder,2395.333251953125,2435.333251953125,2366.666748046875,2423.0,2419.4248046875,1113102
2026-03-18,TRENT.NS,Trent Ltd,Growth / Compounder,2424.0,2480.0,2414.0,2427.2666015625,2423.68505859375,968137
2026-03-19,TRENT.NS,Trent Ltd,Growth / Compounder,2400.0,2400.0,2315.066650390625,2321.2666015625,2317.841552734375,1047360
2026-03-20,TRENT.NS,Trent Ltd,Growth / Compounder,2339.333251953125,2398.666748046875,2337.60009765625,2373.066650390625,2369.565185546875,1255825
2026-03-23,TRENT.NS,Trent Ltd,Growth / Compounder,2334.800048828125,2334.800048828125,2226.86669921875,2237.800048828125,2234.498046875,1439566
2026-03-24,TRENT.NS,Trent Ltd,Growth / Compounder,2300.066650390625,2300.666748046875,2227.39990234375,2243.7333984375,2240.4228515625,1347820
2026-03-25,TRENT.NS,Trent Ltd,Growth / Compounder,2277.066650390625,2354.86669921875,2260.0,2319.2666015625,2315.844482421875,1629700
2026-03-27,TRENT.NS,Trent Ltd,Growth / Compounder,2300.666748046875,2337.2666015625,2249.066650390625,2266.39990234375,2263.055908203125,1932445
2026-03-30,TRENT.NS,Trent Ltd,Growth / Compounder,2200.0,2255.7333984375,2183.666748046875,2197.199951171875,2193.9580078125,2753815
2026-04-01,TRENT.NS,Trent Ltd,Growth / Compounder,2298.0,2359.933349609375,2265.333251953125,2351.0,2347.531005859375,2443438
2026-04-02,TRENT.NS,Trent Ltd,Growth / Compounder,2290.0,2378.2666015625,2266.800048828125,2367.066650390625,2363.573974609375,1696813
2026-04-06,TRENT.NS,Trent Ltd,Growth / Compounder,2423.2666015625,2579.666748046875,2423.2666015625,2555.7333984375,2551.96240234375,7316710
2026-04-07,TRENT.NS,Trent Ltd,Growth / Compounder,2545.466552734375,2599.199951171875,2517.533447265625,2548.666748046875,2544.90625,2988603
2026-04-08,TRENT.NS,Trent Ltd,Growth / Compounder,2640.0,2666.0,2594.533447265625,2603.333251953125,2599.491943359375,2138406
2026-04-09,TRENT.NS,Trent Ltd,Growth / Compounder,2605.333251953125,2625.666748046875,2560.800048828125,2567.13330078125,2563.345458984375,1124460
2026-04-10,TRENT.NS,Trent Ltd,Growth / Compounder,2586.666748046875,2646.0,2580.86669921875,2611.0,2607.1474609375,1779396
2026-04-13,TRENT.NS,Trent Ltd,Growth / Compounder,2559.0,2599.86669921875,2542.0,2583.60009765625,2579.787841796875,639277
2026-04-15,TRENT.NS,Trent Ltd,Growth / Compounder,2609.333251953125,2666.0,2606.666748046875,2652.13330078125,2648.219970703125,1129743
2026-04-16,TRENT.NS,Trent Ltd,Growth / Compounder,2679.800048828125,2730.199951171875,2630.066650390625,2722.199951171875,2718.183349609375,2089150
2026-04-17,TRENT.NS,Trent Ltd,Growth / Compounder,2733.86669921875,2778.39990234375,2726.666748046875,2738.466552734375,2734.426025390625,1872909
2026-04-20,TRENT.NS,Trent Ltd,Growth / Compounder,2766.666748046875,2851.333251953125,2751.800048828125,2828.533447265625,2824.35986328125,3342232
2026-04-21,TRENT.NS,Trent Ltd,Growth / Compounder,2842.666748046875,2963.0,2828.533447265625,2927.0,2922.68115234375,3657111
2026-04-22,TRENT.NS,Trent Ltd,Growth / Compounder,2957.333251953125,2998.666748046875,2891.066650390625,2956.333251953125,2951.97119140625,3895303
2026-04-23,TRENT.NS,Trent Ltd,Growth / Compounder,2960.0,2986.2666015625,2816.666748046875,2834.2666015625,2830.084716796875,7204105
2026-04-24,TRENT.NS,Trent Ltd,Growth / Compounder,2840.0,2896.0,2800.0,2864.86669921875,2860.6396484375,2433141
2026-04-27,TRENT.NS,Trent Ltd,Growth / Compounder,2890.666748046875,2899.0,2830.933349609375,2840.533447265625,2836.34228515625,1586730
2026-04-28,TRENT.NS,Trent Ltd,Growth / Compounder,2840.533447265625,2846.60009765625,2801.333251953125,2835.933349609375,2831.748779296875,1343208
2026-04-29,TRENT.NS,Trent Ltd,Growth / Compounder,2848.666748046875,2869.800048828125,2812.466552734375,2818.86669921875,2814.70751953125,965358
2026-04-30,TRENT.NS,Trent Ltd,Growth / Compounder,2810.066650390625,2812.2666015625,2749.333251953125,2763.066650390625,2758.98974609375,850288
2026-05-01,TRENT.NS,Trent Ltd,Growth / Compounder,2763.066650390625,2763.066650390625,2763.066650390625,2763.066650390625,2758.98974609375,0
2026-05-04,TRENT.NS,Trent Ltd,Growth / Compounder,2756.666748046875,2795.933349609375,2711.466552734375,2772.333251953125,2768.24267578125,1021008
2026-05-05,TRENT.NS,Trent Ltd,Growth / Compounder,2766.7333984375,2772.333251953125,2717.066650390625,2756.933349609375,2752.865478515625,697752
2026-05-06,TRENT.NS,Trent Ltd,Growth / Compounder,2771.933349609375,2883.0,2771.0,2859.86669921875,2855.64697265625,2076619
2026-05-07,TRENT.NS,Trent Ltd,Growth / Compounder,2893.86669921875,2903.333251953125,2858.466552734375,2862.7333984375,2858.50927734375,899052
2026-05-08,TRENT.NS,Trent Ltd,Growth / Compounder,2855.466552734375,2879.2666015625,2814.60009765625,2828.199951171875,2824.02685546875,812644
2026-05-11,TRENT.NS,Trent Ltd,Growth / Compounder,2818.13330078125,2826.0,2768.86669921875,2787.39990234375,2783.287109375,671347
2026-05-12,TRENT.NS,Trent Ltd,Growth / Compounder,2770.666748046875,2789.0,2691.7333984375,2700.39990234375,2696.41552734375,1257577
2026-05-13,TRENT.NS,Trent Ltd,Growth / Compounder,2692.333251953125,2751.333251953125,2680.666748046875,2723.0,2718.982177734375,682320
2026-05-14,TRENT.NS,Trent Ltd,Growth / Compounder,2732.800048828125,2777.666748046875,2732.800048828125,2754.933349609375,2750.868408203125,1006207
2026-05-15,TRENT.NS,Trent Ltd,Growth / Compounder,2754.933349609375,2762.933349609375,2688.0,2734.199951171875,2730.16552734375,1025671
2026-05-18,TRENT.NS,Trent Ltd,Growth / Compounder,2700.666748046875,2712.466552734375,2653.7333984375,2688.199951171875,2684.2333984375,1621033
2026-05-19,TRENT.NS,Trent Ltd,Growth / Compounder,2694.0,2739.800048828125,2684.066650390625,2713.066650390625,2709.0634765625,778135
2026-05-20,TRENT.NS,Trent Ltd,Growth / Compounder,2688.466552734375,2742.666748046875,2681.333251953125,2733.2666015625,2729.233642578125,751509
2026-05-21,TRENT.NS,Trent Ltd,Growth / Compounder,2756.666748046875,2793.933349609375,2701.333251953125,2780.2666015625,2776.164306640625,1122106
2026-05-22,TRENT.NS,Trent Ltd,Growth / Compounder,2792.666748046875,2876.60009765625,2771.533447265625,2864.333251953125,2860.10693359375,1631965
2026-05-25,TRENT.NS,Trent Ltd,Growth / Compounder,2894.0,2908.0,2860.0,2866.666748046875,2862.43701171875,876774
2026-05-26,TRENT.NS,Trent Ltd,Growth / Compounder,2860.0,2873.533447265625,2820.0,2826.39990234375,2822.2294921875,843390
2026-05-27,TRENT.NS,Trent Ltd,Growth / Compounder,2826.39990234375,2858.199951171875,2813.666748046875,2832.39990234375,2828.220703125,644872
2026-05-28,TRENT.NS,Trent Ltd,Growth / Compounder,2832.39990234375,2832.39990234375,2832.39990234375,2832.39990234375,2828.220703125,0
2026-05-29,TRENT.NS,Trent Ltd,Growth / Compounder,2840.0,2890.466552734375,2793.333251953125,2816.0,2811.844970703125,1777057
2026-06-01,TRENT.NS,Trent Ltd,Growth / Compounder,2822.86669921875,2837.39990234375,2761.933349609375,2771.533447265625,2767.444091796875,978147
2026-06-02,TRENT.NS,Trent Ltd,Growth / Compounder,2703.60009765625,2830.199951171875,2703.60009765625,2806.933349609375,2802.791748046875,1130323
2026-06-03,TRENT.NS,Trent Ltd,Growth / Compounder,2813.333251953125,2856.533447265625,2776.666748046875,2838.39990234375,2834.2119140625,817263
2026-06-04,TRENT.NS,Trent Ltd,Growth / Compounder,2830.0,2849.0,2751.0,2837.60009765625,2833.4130859375,1567328
2026-06-05,TRENT.NS,Trent Ltd,Growth / Compounder,2830.0,2837.5,2753.0,2774.199951171875,2770.106689453125,1346639
2026-06-08,TRENT.NS,Trent Ltd,Growth / Compounder,2740.0,2798.0,2708.5,2724.10009765625,2720.08056640625,954677
2026-06-09,TRENT.NS,Trent Ltd,Growth / Compounder,2731.199951171875,2803.800048828125,2731.199951171875,2771.300048828125,2767.2109375,1496702
2026-06-10,TRENT.NS,Trent Ltd,Growth / Compounder,2785.199951171875,2845.5,2743.300048828125,2754.699951171875,2750.63525390625,1588046
2026-06-11,TRENT.NS,Trent Ltd,Growth / Compounder,2748.0,2750.0,2680.0,2710.89990234375,2706.89990234375,980802
2026-06-12,TRENT.NS,Trent Ltd,Growth / Compounder,2758.0,2783.89990234375,2720.39990234375,2755.300048828125,2755.300048828125,583327
2026-06-15,TRENT.NS,Trent Ltd,Growth / Compounder,2791.300048828125,2944.5,2791.300048828125,2901.10009765625,2901.10009765625,2230325
2026-06-16,TRENT.NS,Trent Ltd,Growth / Compounder,2915.5,2923.199951171875,2875.0,2897.800048828125,2897.800048828125,811498
2026-06-17,TRENT.NS,Trent Ltd,Growth / Compounder,2905.0,3115.0,2905.0,3102.800048828125,3102.800048828125,5645225
2026-06-18,TRENT.NS,Trent Ltd,Growth / Compounder,3125.0,3192.0,3105.0,3179.699951171875,3179.699951171875,3695494
2026-06-19,TRENT.NS,Trent Ltd,Growth / Compounder,3182.0,3218.800048828125,3140.0,3205.800048828125,3205.800048828125,2456189
2026-06-22,TRENT.NS,Trent Ltd,Growth / Compounder,3209.800048828125,3241.800048828125,3171.0,3180.60009765625,3180.60009765625,1265490
2026-06-23,TRENT.NS,Trent Ltd,Growth / Compounder,3172.10009765625,3232.0,3137.0,3142.89990234375,3142.89990234375,1491098
2026-06-24,TRENT.NS,Trent Ltd,Growth / Compounder,3158.10009765625,3309.199951171875,3140.0,3247.0,3247.0,3950989
2026-06-25,TRENT.NS,Trent Ltd,Growth / Compounder,3270.0,3290.89990234375,3206.60009765625,3216.199951171875,3216.199951171875,1414292
2026-06-26,TRENT.NS,Trent Ltd,Growth / Compounder,3216.199951171875,3216.199951171875,3216.199951171875,3216.199951171875,3216.199951171875,0
2026-06-29,TRENT.NS,Trent Ltd,Growth / Compounder,3225.300048828125,3312.0,3225.300048828125,3258.300048828125,3258.300048828125,2676532
2026-06-30,TRENT.NS,Trent Ltd,Growth / Compounder,3275.0,3295.0,3242.39990234375,3282.60009765625,3282.60009765625,1512736
2026-07-01,TRENT.NS,Trent Ltd,Growth / Compounder,3285.0,3296.699951171875,3263.0,3290.300048828125,3290.300048828125,683229
2026-07-02,TRENT.NS,Trent Ltd,Growth / Compounder,3290.5,3344.89990234375,3265.0,3317.800048828125,3317.800048828125,1092281
2026-07-03,TRENT.NS,Trent Ltd,Growth / Compounder,3374.0,3399.699951171875,3320.0,3340.60009765625,3340.60009765625,1504875
2026-07-06,TRENT.NS,Trent Ltd,Growth / Compounder,3341.0,3365.0,3330.10009765625,3343.800048828125,3343.800048828125,800656
2026-07-07,TRENT.NS,Trent Ltd,Growth / Compounder,3080.0,3080.0,2920.0,2927.800048828125,2927.800048828125,9059505
2026-07-08,TRENT.NS,Trent Ltd,Growth / Compounder,2921.0,2984.89990234375,2892.39990234375,2924.0,2924.0,2737768
2026-07-09,TRENT.NS,Trent Ltd,Growth / Compounder,2945.0,2963.199951171875,2895.5,2904.10009765625,2904.10009765625,1547534
2026-07-10,TRENT.NS,Trent Ltd,Growth / Compounder,2934.0,2938.699951171875,2896.800048828125,2902.800048828125,2902.800048828125,1093622
2026-07-13,TRENT.NS,Trent Ltd,Growth / Compounder,2884.0,2914.89990234375,2862.5,2900.10009765625,2900.10009765625,1111293
2026-07-14,TRENT.NS,Trent Ltd,Growth / Compounder,2900.0,2900.0,2855.199951171875,2869.10009765625,2869.10009765625,784332
2026-07-15,TRENT.NS,Trent Ltd,Growth / Compounder,2875.0,2897.39990234375,2857.39990234375,2867.699951171875,2867.699951171875,1034561
2026-07-16,TRENT.NS,Trent Ltd,Growth / Compounder,2876.699951171875,2905.0,2855.0,2860.199951171875,2860.199951171875,905518
2026-07-17,TRENT.NS,Trent Ltd,Growth / Compounder,2860.89990234375,2873.89990234375,2838.199951171875,2842.39990234375,2842.39990234375,791066
2026-07-20,TRENT.NS,Trent Ltd,Growth / Compounder,2840.0,2935.0,2837.0,2925.89990234375,2925.89990234375,1557787
2026-07-21,TRENT.NS,Trent Ltd,Growth / Compounder,2930.0,2934.39990234375,2883.10009765625,2894.699951171875,2894.699951171875,480354
2026-07-22,TRENT.NS,Trent Ltd,Growth / Compounder,2914.800048828125,2914.800048828125,2861.300048828125,2887.300048828125,2887.300048828125,628545
2026-07-23,TRENT.NS,Trent Ltd,Growth / Compounder,2880.0,2930.0,2865.0,2874.800048828125,2874.800048828125,710240
2026-07-24,TRENT.NS,Trent Ltd,Growth / Compounder,2841.300048828125,2913.0,2836.0,2890.5,2890.5,654165
2026-07-27,TRENT.NS,Trent Ltd,Growth / Compounder,2918.89990234375,2953.5,2907.10009765625,2938.300048828125,2938.300048828125,789065
2026-07-28,TRENT.NS,Trent Ltd,Growth / Compounder,2938.300048828125,2945.300048828125,2908.800048828125,2930.699951171875,2930.699951171875,514388
2026-07-29,TRENT.NS,Trent Ltd,Growth / Compounder,2940.0,3010.10009765625,2916.5,3005.199951171875,3005.199951171875,1012733
2026-07-30,TRENT.NS,Trent Ltd,Growth / Compounder,3020.199951171875,3042.60009765625,2982.0,2999.199951171875,2999.199951171875,806910
2026-07-31,TRENT.NS,Trent Ltd,Growth / Compounder,3008.0,3026.699951171875,2990.89990234375,3005.89990234375,3005.89990234375,605222
2026-08-03,TRENT.NS,Trent Ltd,Growth / Compounder,3035.0,3050.0,3002.89990234375,3050.0,3050.0,883208
2026-08-04,TRENT.NS,Trent Ltd,Growth / Compounder,3058.0,3111.0,3038.0,3107.699951171875,3107.699951171875,1525660
2026-08-05,TRENT.NS,Trent Ltd,Growth / Compounder,3107.300048828125,3140.300048828125,3080.10009765625,3129.0,3129.0,785852
2026-08-06,TRENT.NS,Trent Ltd,Growth / Compounder,3120.0,3244.5,3046.199951171875,3107.10009765625,3107.10009765625,4403351
2026-08-07,TRENT.NS,Trent Ltd,Growth / Compounder,3106.5,3106.5,2985.60009765625,2997.0,2997.0,2469173
2026-08-10,TRENT.NS,Trent Ltd,Growth / Compounder,3010.0,3047.0,2981.0,3025.0,3025.0,989590
2026-08-11,TRENT.NS,Trent Ltd,Growth / Compounder,3024.5,3029.800048828125,2990.300048828125,3000.0,3000.0,589607
2026-08-12,TRENT.NS,Trent Ltd,Growth / Compounder,3000.0,3019.0,2972.89990234375,2987.0,2987.0,692694
2026-08-13,TRENT.NS,Trent Ltd,Growth / Compounder,2987.0,3011.89990234375,2957.0,2990.0,2990.0,781980
2026-08-14,TRENT.NS,Trent Ltd,Growth / Compounder,2947.699951171875,3020.60009765625,2945.0,2978.0,2978.0,1648536
2026-08-17,TRENT.NS,Trent Ltd,Growth / Compounder,2989.89990234375,2989.89990234375,2945.0,2946.0,2946.0,689113
2026-08-18,TRENT.NS,Trent Ltd,Growth / Compounder,2946.10009765625,2980.39990234375,2932.10009765625,2942.10009765625,2942.10009765625,718320
2026-08-19,TRENT.NS,Trent Ltd,Growth / Compounder,2942.10009765625,2972.0,2938.0,2953.0,2953.0,484117
2026-08-20,TRENT.NS,Trent Ltd,Growth / Compounder,2960.0,2978.0,2947.10009765625,2970.0,2970.0,325293
2026-08-21,TRENT.NS,Trent Ltd,Growth / Compounder,2970.0,2976.60009765625,2914.0,2924.0,2924.0,522242
2026-08-24,TRENT.NS,Trent Ltd,Growth / Compounder,2924.0,2938.60009765625,2892.199951171875,2905.0,2905.0,514000
2026-08-25,TRENT.NS,Trent Ltd,Growth / Compounder,2910.0,2938.89990234375,2893.800048828125,2930.0,2930.0,620202
2026-08-26,TRENT.NS,Trent Ltd,Growth / Compounder,2950.0,2954.800048828125,2906.199951171875,2908.199951171875,2908.199951171875,467317
2026-08-27,TRENT.NS,Trent Ltd,Growth / Compounder,2908.199951171875,2923.5,2868.199951171875,2878.5,2878.5,591208
2026-08-28,TRENT.NS,Trent Ltd,Growth / Compounder,2890.39990234375,2911.199951171875,2875.800048828125,2898.0,2898.0,469911
2026-08-31,TRENT.NS,Trent Ltd,Growth / Compounder,2895.89990234375,2901.199951171875,2865.10009765625,2879.89990234375,2879.89990234375,976926
2026-09-01,TRENT.NS,Trent Ltd,Growth / Compounder,2880.0,2911.89990234375,2855.0,2855.0,2855.0,652244
2026-09-02,TRENT.NS,Trent Ltd,Growth / Compounder,2845.0,2873.0,2810.0,2852.300048828125,2852.300048828125,873641
2026-09-03,TRENT.NS,Trent Ltd,Growth / Compounder,2860.0,2879.800048828125,2815.60009765625,2815.60009765625,2815.60009765625,520969
2026-09-04,TRENT.NS,Trent Ltd,Growth / Compounder,2849.0,2879.0,2833.199951171875,2853.0,2853.0,577393
2026-09-07,TRENT.NS,Trent Ltd,Growth / Compounder,2850.0,2854.39990234375,2772.5,2814.5,2814.5,1021019
2026-09-08,TRENT.NS,Trent Ltd,Growth / Compounder,2800.5,2812.800048828125,2770.39990234375,2793.60009765625,2793.60009765625,588825
2026-09-09,TRENT.NS,Trent Ltd,Growth / Compounder,2793.60009765625,2841.800048828125,2782.0,2820.0,2820.0,601991
2026-09-10,TRENT.NS,Trent Ltd,Growth / Compounder,2811.0,2835.0,2800.0,2818.699951171875,2818.699951171875,503802
2026-09-11,TRENT.NS,Trent Ltd,Growth / Compounder,2789.0,2816.0,2757.5,2802.39990234375,2802.39990234375,677898
